{"id": "0xyFO2NgS-I", "uploader": "Emma Chen \u5c0f i", "uploader_id": "UCZiVgBFR8RObqlLd7e9Bm4w", "uploader_url": "http://www.youtube.com/channel/UCZiVgBFR8RObqlLd7e9Bm4w", "channel_id": "UCZiVgBFR8RObqlLd7e9Bm4w", "channel_url": "http://www.youtube.com/channel/UCZiVgBFR8RObqlLd7e9Bm4w", "upload_date": "20181210", "license": null, "creator": null, "title": "\u8b93\u6211 - piano cover / \u92fc\u7434\u6f14\u594f", "alt_title": null, "thumbnails": [{"url": "https://i.ytimg.com/vi/0xyFO2NgS-I/hqdefault.jpg?sqp=-oaymwEbCKgBEF5IVfKriqkDDggBFQAAiEIYAXABwAEG&rs=AOn4CLB6de2IzqKKRtE6vwna0l_eUTA7pQ", "width": 168, "height": 94, "resolution": "168x94", "id": "0"}, {"url": "https://i.ytimg.com/vi/0xyFO2NgS-I/hqdefault.jpg?sqp=-oaymwEbCMQBEG5IVfKriqkDDggBFQAAiEIYAXABwAEG&rs=AOn4CLB3MTnGrg6ULkr1A1blQJWx7hXRcg", "width": 196, "height": 110, "resolution": "196x110", "id": "1"}, {"url": "https://i.ytimg.com/vi/0xyFO2NgS-I/hqdefault.jpg?sqp=-oaymwEcCPYBEIoBSFXyq4qpAw4IARUAAIhCGAFwAcABBg==&rs=AOn4CLB0BCWNoWtVvbvMfYYLr_0P_hRVoA", "width": 246, "height": 138, "resolution": "246x138", "id": "2"}, {"url": "https://i.ytimg.com/vi/0xyFO2NgS-I/hqdefault.jpg?sqp=-oaymwEcCNACELwBSFXyq4qpAw4IARUAAIhCGAFwAcABBg==&rs=AOn4CLASazfQpuKtqOazauqFAulqt9uSDQ", "width": 336, "height": 188, "resolution": "336x188", "id": "3"}, {"url": "https://i.ytimg.com/vi_webp/0xyFO2NgS-I/maxresdefault.webp", "width": 1920, "height": 1080, "resolution": "1920x1080", "id": "4"}], "description": "\u6b61\u8fce\u4eab\u7528\u3002 (FB: kiki10017@hotmail.com)", "categories": ["Music"], "tags": ["\u8b93\u6211", "\u78d0\u77f3\u97f3\u6a02", "\u8a69\u6b4c\u92fc\u7434", "gospel music", "soaking music", "cafe piano"], "subtitles": {}, "automatic_captions": {}, "duration": 202, "age_limit": 0, "annotations": null, "chapters": null, "webpage_url": "https://www.youtube.com/watch?v=0xyFO2NgS-I", "view_count": 1157, "like_count": 11, "dislike_count": 2, "average_rating": 4.6666665, "formats": [{"ext": "m4a", "format_note": "DASH audio", "acodec": "mp4a.40.5", "abr": 48, "container": "m4a_dash", "format_id": "139", "manifest_url": "https://manifest.googlevideo.com/api/manifest/dash/expire/1613497699/ei/A7ErYJKZK5CMgAOzsJTYAw/ip/140.109.135.76/id/d31c853b63604be2/source/youtube/requiressl/yes/playback_host/r7---sn-5njj-u2xl.googlevideo.com/mh/yZ/mm/31%2C29/mn/sn-5njj-u2xl%2Csn-un57en7s/ms/au%2Crdu/mv/m/mvi/7/pl/16/hfr/all/as/fmp4_audio_clear%2Cwebm_audio_clear%2Cwebm2_audio_clear%2Cfmp4_sd_hd_clear%2Cwebm2_sd_hd_clear/initcwndbps/632500/vprv/1/mt/1613475902/fvip/4/keepalive/yes/itag/0/sparams/expire%2Cei%2Cip%2Cid%2Csource%2Crequiressl%2Chfr%2Cas%2Cvprv%2Citag/sig/AOq0QJ8wRgIhANh6oWqFwuWk5_xJ2SwVawTZeU0n6U6PvOXFdraVBBw3AiEAvfOd8VILmcL3ZgjhRp9XMey_aYmqo_opvGYMvMOSTTI%3D/lsparams/playback_host%2Cmh%2Cmm%2Cmn%2Cms%2Cmv%2Cmvi%2Cpl%2Cinitcwndbps/lsig/AG3C_xAwRQIgcFv7jgujIcl3T1S-7AgVPTkWMOaWVQoWvree4EEpF4sCIQDU2vOfPNDGpdCGiAdUoCpfk5TxOKHR5vNKegvvLCfvww%3D%3D", "width": null, "height": null, "tbr": 49.982, "asr": 22050, "fps": null, "language": null, "filesize": null, "vcodec": "none", "url": "https://manifest.googlevideo.com/api/manifest/dash/expire/1613497699/ei/A7ErYJKZK5CMgAOzsJTYAw/ip/140.109.135.76/id/d31c853b63604be2/source/youtube/requiressl/yes/playback_host/r7---sn-5njj-u2xl.googlevideo.com/mh/yZ/mm/31%2C29/mn/sn-5njj-u2xl%2Csn-un57en7s/ms/au%2Crdu/mv/m/mvi/7/pl/16/hfr/all/as/fmp4_audio_clear%2Cwebm_audio_clear%2Cwebm2_audio_clear%2Cfmp4_sd_hd_clear%2Cwebm2_sd_hd_clear/initcwndbps/632500/vprv/1/mt/1613475902/fvip/4/keepalive/yes/itag/0/sparams/expire%2Cei%2Cip%2Cid%2Csource%2Crequiressl%2Chfr%2Cas%2Cvprv%2Citag/sig/AOq0QJ8wRgIhANh6oWqFwuWk5_xJ2SwVawTZeU0n6U6PvOXFdraVBBw3AiEAvfOd8VILmcL3ZgjhRp9XMey_aYmqo_opvGYMvMOSTTI%3D/lsparams/playback_host%2Cmh%2Cmm%2Cmn%2Cms%2Cmv%2Cmvi%2Cpl%2Cinitcwndbps/lsig/AG3C_xAwRQIgcFv7jgujIcl3T1S-7AgVPTkWMOaWVQoWvree4EEpF4sCIQDU2vOfPNDGpdCGiAdUoCpfk5TxOKHR5vNKegvvLCfvww%3D%3D", "fragment_base_url": "https://r7---sn-5njj-u2xl.googlevideo.com/videoplayback/expire/1613497699/ei/A7ErYJKZK5CMgAOzsJTYAw/ip/140.109.135.76/id/d31c853b63604be2/itag/139/source/youtube/requiressl/yes/mh/yZ/mm/31,29/mn/sn-5njj-u2xl,sn-un57en7s/ms/au,rdu/mv/m/mvi/7/pl/16/initcwndbps/632500/vprv/1/ratebypass/yes/mime/audio%2Fmp4/otfp/1/gir/yes/clen/1233179/lmt/1544513768625408/dur/202.106/mt/1613475902/fvip/4/keepalive/yes/sparams/expire,ei,ip,id,itag,source,requiressl,vprv,ratebypass,mime,otfp,gir,clen,lmt,dur/sig/AOq0QJ8wRgIhALzc5_DZgt1GJ4ezU4Q252iuvYgxUm4cRnqQ892gW2CqAiEAntB2w7J2_ZkMu38VXYyEUuIXbKYql4mf-qHyly68Z4Q%3D/lsparams/mh,mm,mn,ms,mv,mvi,pl,initcwndbps/lsig/AG3C_xAwRQIgGr7PHT9mDAQqsp852qafH6m5YpLvpJetOEBi82TWcC4CIQCXyE4kAUF1p6lVNnwapcTHha172isrwnxevGRWvgrWLQ%3D%3D/", "fragments": [{"path": "range/0-664"}, {"path": "range/949-62384", "duration": 9.985}, {"path": "range/62385-123239", "duration": 9.984}, {"path": "range/123240-184108", "duration": 9.985}, {"path": "range/184109-245069", "duration": 9.984}, {"path": "range/245070-305873", "duration": 9.985}, {"path": "range/305874-366748", "duration": 9.984}, {"path": "range/366749-427639", "duration": 9.985}, {"path": "range/427640-488437", "duration": 9.985}, {"path": "range/488438-549445", "duration": 9.984}, {"path": "range/549446-610307", "duration": 9.985}, {"path": "range/610308-671173", "duration": 9.984}, {"path": "range/671174-732053", "duration": 9.985}, {"path": "range/732054-792942", "duration": 9.985}, {"path": "range/792943-853681", "duration": 9.984}, {"path": "range/853682-914552", "duration": 9.985}, {"path": "range/914553-975460", "duration": 9.984}, {"path": "range/975461-1036275", "duration": 9.985}, {"path": "range/1036276-1097204", "duration": 9.984}, {"path": "range/1097205-1158133", "duration": 9.985}, {"path": "range/1158134-1218994", "duration": 9.985}, {"path": "range/1218995-1233178", "duration": 2.415}], "protocol": "http_dash_segments", "format": "139 - audio only (DASH audio)", "http_headers": {"User-Agent": "Mozilla/5.0 (Windows NT 10.0; Win64; x64) AppleWebKit/537.36 (KHTML, like Gecko) Chrome/74.0.3729.24 Safari/537.36", "Accept-Charset": "ISO-8859-1,utf-8;q=0.7,*;q=0.7", "Accept": "text/html,application/xhtml+xml,application/xml;q=0.9,*/*;q=0.8", "Accept-Encoding": "gzip, deflate", "Accept-Language": "en-us,en;q=0.5"}}, {"ext": "m4a", "format_note": "DASH audio", "acodec": "mp4a.40.2", "abr": 128, "container": "m4a_dash", "format_id": "140", "manifest_url": "https://manifest.googlevideo.com/api/manifest/dash/expire/1613497699/ei/A7ErYJKZK5CMgAOzsJTYAw/ip/140.109.135.76/id/d31c853b63604be2/source/youtube/requiressl/yes/playback_host/r7---sn-5njj-u2xl.googlevideo.com/mh/yZ/mm/31%2C29/mn/sn-5njj-u2xl%2Csn-un57en7s/ms/au%2Crdu/mv/m/mvi/7/pl/16/hfr/all/as/fmp4_audio_clear%2Cwebm_audio_clear%2Cwebm2_audio_clear%2Cfmp4_sd_hd_clear%2Cwebm2_sd_hd_clear/initcwndbps/632500/vprv/1/mt/1613475902/fvip/4/keepalive/yes/itag/0/sparams/expire%2Cei%2Cip%2Cid%2Csource%2Crequiressl%2Chfr%2Cas%2Cvprv%2Citag/sig/AOq0QJ8wRgIhANh6oWqFwuWk5_xJ2SwVawTZeU0n6U6PvOXFdraVBBw3AiEAvfOd8VILmcL3ZgjhRp9XMey_aYmqo_opvGYMvMOSTTI%3D/lsparams/playback_host%2Cmh%2Cmm%2Cmn%2Cms%2Cmv%2Cmvi%2Cpl%2Cinitcwndbps/lsig/AG3C_xAwRQIgcFv7jgujIcl3T1S-7AgVPTkWMOaWVQoWvree4EEpF4sCIQDU2vOfPNDGpdCGiAdUoCpfk5TxOKHR5vNKegvvLCfvww%3D%3D", "width": null, "height": null, "tbr": 130.458, "asr": 44100, "fps": null, "language": null, "filesize": null, "vcodec": "none", "url": "https://manifest.googlevideo.com/api/manifest/dash/expire/1613497699/ei/A7ErYJKZK5CMgAOzsJTYAw/ip/140.109.135.76/id/d31c853b63604be2/source/youtube/requiressl/yes/playback_host/r7---sn-5njj-u2xl.googlevideo.com/mh/yZ/mm/31%2C29/mn/sn-5njj-u2xl%2Csn-un57en7s/ms/au%2Crdu/mv/m/mvi/7/pl/16/hfr/all/as/fmp4_audio_clear%2Cwebm_audio_clear%2Cwebm2_audio_clear%2Cfmp4_sd_hd_clear%2Cwebm2_sd_hd_clear/initcwndbps/632500/vprv/1/mt/1613475902/fvip/4/keepalive/yes/itag/0/sparams/expire%2Cei%2Cip%2Cid%2Csource%2Crequiressl%2Chfr%2Cas%2Cvprv%2Citag/sig/AOq0QJ8wRgIhANh6oWqFwuWk5_xJ2SwVawTZeU0n6U6PvOXFdraVBBw3AiEAvfOd8VILmcL3ZgjhRp9XMey_aYmqo_opvGYMvMOSTTI%3D/lsparams/playback_host%2Cmh%2Cmm%2Cmn%2Cms%2Cmv%2Cmvi%2Cpl%2Cinitcwndbps/lsig/AG3C_xAwRQIgcFv7jgujIcl3T1S-7AgVPTkWMOaWVQoWvree4EEpF4sCIQDU2vOfPNDGpdCGiAdUoCpfk5TxOKHR5vNKegvvLCfvww%3D%3D", "fragment_base_url": "https://r7---sn-5njj-u2xl.googlevideo.com/videoplayback/expire/1613497699/ei/A7ErYJKZK5CMgAOzsJTYAw/ip/140.109.135.76/id/d31c853b63604be2/itag/140/source/youtube/requiressl/yes/mh/yZ/mm/31,29/mn/sn-5njj-u2xl,sn-un57en7s/ms/au,rdu/mv/m/mvi/7/pl/16/initcwndbps/632500/vprv/1/ratebypass/yes/mime/audio%2Fmp4/otfp/1/gir/yes/clen/3270517/lmt/1544513768624635/dur/202.036/mt/1613475902/fvip/4/keepalive/yes/sparams/expire,ei,ip,id,itag,source,requiressl,vprv,ratebypass,mime,otfp,gir,clen,lmt,dur/sig/AOq0QJ8wRAIgV6ZjkAkJIC-pd5OsrmU9VYYLYglU1JXmK0efEtO2iW0CIGhgWy0FBRLu0Ler48K5BOT50sLVUyINsU5KoIE2JJ_u/lsparams/mh,mm,mn,ms,mv,mvi,pl,initcwndbps/lsig/AG3C_xAwRQIgDKS6_F0HFlfKSvJJtMprGUsEwqhihpdL-3FYAt5PEgACIQDPiA2gS6pPTBi87b9OguzjNADLktmDgViNf-F6Vp6BfQ%3D%3D/", "fragments": [{"path": "range/0-655"}, {"path": "range/940-162828", "duration": 9.985}, {"path": "range/162829-324417", "duration": 9.984}, {"path": "range/324418-485976", "duration": 9.985}, {"path": "range/485977-647678", "duration": 9.984}, {"path": "range/647679-809057", "duration": 9.985}, {"path": "range/809058-970684", "duration": 9.984}, {"path": "range/970685-1132355", "duration": 9.985}, {"path": "range/1132356-1293797", "duration": 9.985}, {"path": "range/1293798-1455420", "duration": 9.984}, {"path": "range/1455421-1617015", "duration": 9.985}, {"path": "range/1617016-1778651", "duration": 9.984}, {"path": "range/1778652-1940267", "duration": 9.985}, {"path": "range/1940268-2101765", "duration": 9.985}, {"path": "range/2101766-2263256", "duration": 9.984}, {"path": "range/2263257-2424893", "duration": 9.985}, {"path": "range/2424894-2586471", "duration": 9.984}, {"path": "range/2586472-2748089", "duration": 9.985}, {"path": "range/2748090-2909652", "duration": 9.984}, {"path": "range/2909653-3071355", "duration": 9.985}, {"path": "range/3071356-3232912", "duration": 9.985}, {"path": "range/3232913-3270516", "duration": 2.415}], "protocol": "http_dash_segments", "format": "140 - audio only (DASH audio)", "http_headers": {"User-Agent": "Mozilla/5.0 (Windows NT 10.0; Win64; x64) AppleWebKit/537.36 (KHTML, like Gecko) Chrome/74.0.3729.24 Safari/537.36", "Accept-Charset": "ISO-8859-1,utf-8;q=0.7,*;q=0.7", "Accept": "text/html,application/xhtml+xml,application/xml;q=0.9,*/*;q=0.8", "Accept-Encoding": "gzip, deflate", "Accept-Language": "en-us,en;q=0.5"}}, {"ext": "webm", "format_note": "DASH audio", "acodec": "opus", "abr": 160, "format_id": "251", "manifest_url": "https://manifest.googlevideo.com/api/manifest/dash/expire/1613497699/ei/A7ErYJKZK5CMgAOzsJTYAw/ip/140.109.135.76/id/d31c853b63604be2/source/youtube/requiressl/yes/playback_host/r7---sn-5njj-u2xl.googlevideo.com/mh/yZ/mm/31%2C29/mn/sn-5njj-u2xl%2Csn-un57en7s/ms/au%2Crdu/mv/m/mvi/7/pl/16/hfr/all/as/fmp4_audio_clear%2Cwebm_audio_clear%2Cwebm2_audio_clear%2Cfmp4_sd_hd_clear%2Cwebm2_sd_hd_clear/initcwndbps/632500/vprv/1/mt/1613475902/fvip/4/keepalive/yes/itag/0/sparams/expire%2Cei%2Cip%2Cid%2Csource%2Crequiressl%2Chfr%2Cas%2Cvprv%2Citag/sig/AOq0QJ8wRgIhANh6oWqFwuWk5_xJ2SwVawTZeU0n6U6PvOXFdraVBBw3AiEAvfOd8VILmcL3ZgjhRp9XMey_aYmqo_opvGYMvMOSTTI%3D/lsparams/playback_host%2Cmh%2Cmm%2Cmn%2Cms%2Cmv%2Cmvi%2Cpl%2Cinitcwndbps/lsig/AG3C_xAwRQIgcFv7jgujIcl3T1S-7AgVPTkWMOaWVQoWvree4EEpF4sCIQDU2vOfPNDGpdCGiAdUoCpfk5TxOKHR5vNKegvvLCfvww%3D%3D", "width": null, "height": null, "tbr": 170.055, "asr": 48000, "fps": null, "language": null, "filesize": null, "container": "webm_dash", "vcodec": "none", "url": "https://manifest.googlevideo.com/api/manifest/dash/expire/1613497699/ei/A7ErYJKZK5CMgAOzsJTYAw/ip/140.109.135.76/id/d31c853b63604be2/source/youtube/requiressl/yes/playback_host/r7---sn-5njj-u2xl.googlevideo.com/mh/yZ/mm/31%2C29/mn/sn-5njj-u2xl%2Csn-un57en7s/ms/au%2Crdu/mv/m/mvi/7/pl/16/hfr/all/as/fmp4_audio_clear%2Cwebm_audio_clear%2Cwebm2_audio_clear%2Cfmp4_sd_hd_clear%2Cwebm2_sd_hd_clear/initcwndbps/632500/vprv/1/mt/1613475902/fvip/4/keepalive/yes/itag/0/sparams/expire%2Cei%2Cip%2Cid%2Csource%2Crequiressl%2Chfr%2Cas%2Cvprv%2Citag/sig/AOq0QJ8wRgIhANh6oWqFwuWk5_xJ2SwVawTZeU0n6U6PvOXFdraVBBw3AiEAvfOd8VILmcL3ZgjhRp9XMey_aYmqo_opvGYMvMOSTTI%3D/lsparams/playback_host%2Cmh%2Cmm%2Cmn%2Cms%2Cmv%2Cmvi%2Cpl%2Cinitcwndbps/lsig/AG3C_xAwRQIgcFv7jgujIcl3T1S-7AgVPTkWMOaWVQoWvree4EEpF4sCIQDU2vOfPNDGpdCGiAdUoCpfk5TxOKHR5vNKegvvLCfvww%3D%3D", "fragment_base_url": "https://r7---sn-5njj-u2xl.googlevideo.com/videoplayback/expire/1613497699/ei/A7ErYJKZK5CMgAOzsJTYAw/ip/140.109.135.76/id/d31c853b63604be2/itag/251/source/youtube/requiressl/yes/mh/yZ/mm/31,29/mn/sn-5njj-u2xl,sn-un57en7s/ms/au,rdu/mv/m/mvi/7/pl/16/initcwndbps/632500/vprv/1/ratebypass/yes/mime/audio%2Fwebm/otfp/1/gir/yes/clen/3977783/lmt/1564291628470366/dur/202.061/mt/1613475902/fvip/4/keepalive/yes/sparams/expire,ei,ip,id,itag,source,requiressl,vprv,ratebypass,mime,otfp,gir,clen,lmt,dur/sig/AOq0QJ8wRQIgYFb6QYuBhw0UxwLzGy4wj1nf5-l7ozwJxQjpp0t2KLACIQCa9ghc7XS2ocOtMUO7F02GQ8FFhn4tYx67mg71pMP8oA%3D%3D/lsparams/mh,mm,mn,ms,mv,mvi,pl,initcwndbps/lsig/AG3C_xAwRAIgafijZCN2Ems6gUOUhkcYPxvzjnilDPFcTzvQiaQ1qAUCIAeMlsJJ_N8gKiJhlqrRiARPCi7d4JkfiqJ4nPnZYQHj/", "fragments": [{"path": "range/0-258"}, {"path": "range/613-169319", "duration": 10.001}, {"path": "range/169320-358021", "duration": 10.0}, {"path": "range/358022-544791", "duration": 10.0}, {"path": "range/544792-737059", "duration": 10.0}, {"path": "range/737060-935307", "duration": 10.0}, {"path": "range/935308-1136059", "duration": 10.0}, {"path": "range/1136060-1335454", "duration": 10.0}, {"path": "range/1335455-1527091", "duration": 10.0}, {"path": "range/1527092-1726182", "duration": 10.0}, {"path": "range/1726183-1930727", "duration": 10.0}, {"path": "range/1930728-2140526", "duration": 10.0}, {"path": "range/2140527-2351161", "duration": 10.0}, {"path": "range/2351162-2563730", "duration": 10.0}, {"path": "range/2563731-2762017", "duration": 10.0}, {"path": "range/2762018-2957272", "duration": 10.0}, {"path": "range/2957273-3155333", "duration": 10.0}, {"path": "range/3155334-3355526", "duration": 10.0}, {"path": "range/3355527-3550640", "duration": 10.0}, {"path": "range/3550641-3748019", "duration": 10.0}, {"path": "range/3748020-3940631", "duration": 10.0}, {"path": "range/3940632-3977782", "duration": 2.06}], "protocol": "http_dash_segments", "format": "251 - audio only (DASH audio)", "http_headers": {"User-Agent": "Mozilla/5.0 (Windows NT 10.0; Win64; x64) AppleWebKit/537.36 (KHTML, like Gecko) Chrome/74.0.3729.24 Safari/537.36", "Accept-Charset": "ISO-8859-1,utf-8;q=0.7,*;q=0.7", "Accept": "text/html,application/xhtml+xml,application/xml;q=0.9,*/*;q=0.8", "Accept-Encoding": "gzip, deflate", "Accept-Language": "en-us,en;q=0.5"}}, {"ext": "webm", "height": 144, "format_note": "DASH video", "container": "webm_dash", "vcodec": "vp9", "format_id": "278", "manifest_url": "https://manifest.googlevideo.com/api/manifest/dash/expire/1613497699/ei/A7ErYJKZK5CMgAOzsJTYAw/ip/140.109.135.76/id/d31c853b63604be2/source/youtube/requiressl/yes/playback_host/r7---sn-5njj-u2xl.googlevideo.com/mh/yZ/mm/31%2C29/mn/sn-5njj-u2xl%2Csn-un57en7s/ms/au%2Crdu/mv/m/mvi/7/pl/16/hfr/all/as/fmp4_audio_clear%2Cwebm_audio_clear%2Cwebm2_audio_clear%2Cfmp4_sd_hd_clear%2Cwebm2_sd_hd_clear/initcwndbps/632500/vprv/1/mt/1613475902/fvip/4/keepalive/yes/itag/0/sparams/expire%2Cei%2Cip%2Cid%2Csource%2Crequiressl%2Chfr%2Cas%2Cvprv%2Citag/sig/AOq0QJ8wRgIhANh6oWqFwuWk5_xJ2SwVawTZeU0n6U6PvOXFdraVBBw3AiEAvfOd8VILmcL3ZgjhRp9XMey_aYmqo_opvGYMvMOSTTI%3D/lsparams/playback_host%2Cmh%2Cmm%2Cmn%2Cms%2Cmv%2Cmvi%2Cpl%2Cinitcwndbps/lsig/AG3C_xAwRQIgcFv7jgujIcl3T1S-7AgVPTkWMOaWVQoWvree4EEpF4sCIQDU2vOfPNDGpdCGiAdUoCpfk5TxOKHR5vNKegvvLCfvww%3D%3D", "width": 256, "tbr": 95.0, "asr": null, "fps": 30, "language": null, "filesize": null, "acodec": "none", "url": "https://manifest.googlevideo.com/api/manifest/dash/expire/1613497699/ei/A7ErYJKZK5CMgAOzsJTYAw/ip/140.109.135.76/id/d31c853b63604be2/source/youtube/requiressl/yes/playback_host/r7---sn-5njj-u2xl.googlevideo.com/mh/yZ/mm/31%2C29/mn/sn-5njj-u2xl%2Csn-un57en7s/ms/au%2Crdu/mv/m/mvi/7/pl/16/hfr/all/as/fmp4_audio_clear%2Cwebm_audio_clear%2Cwebm2_audio_clear%2Cfmp4_sd_hd_clear%2Cwebm2_sd_hd_clear/initcwndbps/632500/vprv/1/mt/1613475902/fvip/4/keepalive/yes/itag/0/sparams/expire%2Cei%2Cip%2Cid%2Csource%2Crequiressl%2Chfr%2Cas%2Cvprv%2Citag/sig/AOq0QJ8wRgIhANh6oWqFwuWk5_xJ2SwVawTZeU0n6U6PvOXFdraVBBw3AiEAvfOd8VILmcL3ZgjhRp9XMey_aYmqo_opvGYMvMOSTTI%3D/lsparams/playback_host%2Cmh%2Cmm%2Cmn%2Cms%2Cmv%2Cmvi%2Cpl%2Cinitcwndbps/lsig/AG3C_xAwRQIgcFv7jgujIcl3T1S-7AgVPTkWMOaWVQoWvree4EEpF4sCIQDU2vOfPNDGpdCGiAdUoCpfk5TxOKHR5vNKegvvLCfvww%3D%3D", "fragment_base_url": "https://r7---sn-5njj-u2xl.googlevideo.com/videoplayback/expire/1613497699/ei/A7ErYJKZK5CMgAOzsJTYAw/ip/140.109.135.76/id/d31c853b63604be2/itag/278/source/yt_otf/requiressl/yes/mh/yZ/mm/31,29/mn/sn-5njj-u2xl,sn-un57en7s/ms/au,rdu/mv/m/mvi/7/pl/16/initcwndbps/632500/vprv/1/ratebypass/yes/mime/video%2Fwebm/otfp/1/otf/1/lmt/1544513753427573/mt/1613475902/fvip/4/keepalive/yes/sparams/expire,ei,ip,id,itag,source,requiressl,vprv,ratebypass,mime,otfp,otf,lmt/sig/AOq0QJ8wRQIhAN2ymjS83eCoFgGkwhaKb7KSAC0ndwv3aFpKIdvQrMCgAiA6B561vGXaHxUvIJuobog1D_Y97fskNP7yk0UmBwOS_A%3D%3D/lsparams/mh,mm,mn,ms,mv,mvi,pl,initcwndbps/lsig/AG3C_xAwRQIhALiQdabKHL980quVXoaVcYY-KVdntJ5VQRWG7zdaR1ShAiAzOvrX_1fHk5B4VKQ4vz9HeuMYoij3NxLbF-4A0r5d2g%3D%3D/", "fragments": [{"path": "sq/0"}, {"path": "sq/1/dur/5.339", "duration": 5.339}, {"path": "sq/2/dur/5.338", "duration": 5.338}, {"path": "sq/3/dur/5.339", "duration": 5.339}, {"path": "sq/4/dur/5.339", "duration": 5.339}, {"path": "sq/5/dur/5.338", "duration": 5.338}, {"path": "sq/6/dur/5.339", "duration": 5.339}, {"path": "sq/7/dur/5.339", "duration": 5.339}, {"path": "sq/8/dur/5.338", "duration": 5.338}, {"path": "sq/9/dur/5.339", "duration": 5.339}, {"path": "sq/10/dur/5.339", "duration": 5.339}, {"path": "sq/11/dur/5.338", "duration": 5.338}, {"path": "sq/12/dur/5.339", "duration": 5.339}, {"path": "sq/13/dur/5.339", "duration": 5.339}, {"path": "sq/14/dur/5.338", "duration": 5.338}, {"path": "sq/15/dur/5.339", "duration": 5.339}, {"path": "sq/16/dur/5.339", "duration": 5.339}, {"path": "sq/17/dur/5.338", "duration": 5.338}, {"path": "sq/18/dur/5.339", "duration": 5.339}, {"path": "sq/19/dur/5.339", "duration": 5.339}, {"path": "sq/20/dur/5.338", "duration": 5.338}, {"path": "sq/21/dur/5.339", "duration": 5.339}, {"path": "sq/22/dur/5.339", "duration": 5.339}, {"path": "sq/23/dur/5.338", "duration": 5.338}, {"path": "sq/24/dur/5.339", "duration": 5.339}, {"path": "sq/25/dur/5.339", "duration": 5.339}, {"path": "sq/26/dur/5.338", "duration": 5.338}, {"path": "sq/27/dur/5.339", "duration": 5.339}, {"path": "sq/28/dur/5.339", "duration": 5.339}, {"path": "sq/29/dur/5.338", "duration": 5.338}, {"path": "sq/30/dur/5.339", "duration": 5.339}, {"path": "sq/31/dur/5.339", "duration": 5.339}, {"path": "sq/32/dur/5.338", "duration": 5.338}, {"path": "sq/33/dur/5.339", "duration": 5.339}, {"path": "sq/34/dur/5.339", "duration": 5.339}, {"path": "sq/35/dur/5.338", "duration": 5.338}, {"path": "sq/36/dur/5.339", "duration": 5.339}, {"path": "sq/37/dur/5.339", "duration": 5.339}, {"path": "sq/38/dur/4.438", "duration": 4.438}], "protocol": "http_dash_segments", "format": "278 - 256x144 (DASH video)", "http_headers": {"User-Agent": "Mozilla/5.0 (Windows NT 10.0; Win64; x64) AppleWebKit/537.36 (KHTML, like Gecko) Chrome/74.0.3729.24 Safari/537.36", "Accept-Charset": "ISO-8859-1,utf-8;q=0.7,*;q=0.7", "Accept": "text/html,application/xhtml+xml,application/xml;q=0.9,*/*;q=0.8", "Accept-Encoding": "gzip, deflate", "Accept-Language": "en-us,en;q=0.5"}}, {"ext": "mp4", "height": 144, "format_note": "DASH video", "vcodec": "avc1.4d400b", "format_id": "160", "manifest_url": "https://manifest.googlevideo.com/api/manifest/dash/expire/1613497699/ei/A7ErYJKZK5CMgAOzsJTYAw/ip/140.109.135.76/id/d31c853b63604be2/source/youtube/requiressl/yes/playback_host/r7---sn-5njj-u2xl.googlevideo.com/mh/yZ/mm/31%2C29/mn/sn-5njj-u2xl%2Csn-un57en7s/ms/au%2Crdu/mv/m/mvi/7/pl/16/hfr/all/as/fmp4_audio_clear%2Cwebm_audio_clear%2Cwebm2_audio_clear%2Cfmp4_sd_hd_clear%2Cwebm2_sd_hd_clear/initcwndbps/632500/vprv/1/mt/1613475902/fvip/4/keepalive/yes/itag/0/sparams/expire%2Cei%2Cip%2Cid%2Csource%2Crequiressl%2Chfr%2Cas%2Cvprv%2Citag/sig/AOq0QJ8wRgIhANh6oWqFwuWk5_xJ2SwVawTZeU0n6U6PvOXFdraVBBw3AiEAvfOd8VILmcL3ZgjhRp9XMey_aYmqo_opvGYMvMOSTTI%3D/lsparams/playback_host%2Cmh%2Cmm%2Cmn%2Cms%2Cmv%2Cmvi%2Cpl%2Cinitcwndbps/lsig/AG3C_xAwRQIgcFv7jgujIcl3T1S-7AgVPTkWMOaWVQoWvree4EEpF4sCIQDU2vOfPNDGpdCGiAdUoCpfk5TxOKHR5vNKegvvLCfvww%3D%3D", "width": 256, "tbr": 108.0, "asr": null, "fps": 30, "language": null, "filesize": null, "container": "mp4_dash", "acodec": "none", "url": "https://manifest.googlevideo.com/api/manifest/dash/expire/1613497699/ei/A7ErYJKZK5CMgAOzsJTYAw/ip/140.109.135.76/id/d31c853b63604be2/source/youtube/requiressl/yes/playback_host/r7---sn-5njj-u2xl.googlevideo.com/mh/yZ/mm/31%2C29/mn/sn-5njj-u2xl%2Csn-un57en7s/ms/au%2Crdu/mv/m/mvi/7/pl/16/hfr/all/as/fmp4_audio_clear%2Cwebm_audio_clear%2Cwebm2_audio_clear%2Cfmp4_sd_hd_clear%2Cwebm2_sd_hd_clear/initcwndbps/632500/vprv/1/mt/1613475902/fvip/4/keepalive/yes/itag/0/sparams/expire%2Cei%2Cip%2Cid%2Csource%2Crequiressl%2Chfr%2Cas%2Cvprv%2Citag/sig/AOq0QJ8wRgIhANh6oWqFwuWk5_xJ2SwVawTZeU0n6U6PvOXFdraVBBw3AiEAvfOd8VILmcL3ZgjhRp9XMey_aYmqo_opvGYMvMOSTTI%3D/lsparams/playback_host%2Cmh%2Cmm%2Cmn%2Cms%2Cmv%2Cmvi%2Cpl%2Cinitcwndbps/lsig/AG3C_xAwRQIgcFv7jgujIcl3T1S-7AgVPTkWMOaWVQoWvree4EEpF4sCIQDU2vOfPNDGpdCGiAdUoCpfk5TxOKHR5vNKegvvLCfvww%3D%3D", "fragment_base_url": "https://r7---sn-5njj-u2xl.googlevideo.com/videoplayback/expire/1613497699/ei/A7ErYJKZK5CMgAOzsJTYAw/ip/140.109.135.76/id/d31c853b63604be2/itag/160/source/yt_otf/requiressl/yes/mh/yZ/mm/31,29/mn/sn-5njj-u2xl,sn-un57en7s/ms/au,rdu/mv/m/mvi/7/pl/16/initcwndbps/632500/vprv/1/ratebypass/yes/mime/video%2Fmp4/otfp/1/otf/1/lmt/1544513753427573/mt/1613475902/fvip/4/keepalive/yes/sparams/expire,ei,ip,id,itag,source,requiressl,vprv,ratebypass,mime,otfp,otf,lmt/sig/AOq0QJ8wRQIhAOymjDsA_Y9OeaKnmEiaqONQR2VapGdFgw2wMpuJJMbAAiALz926ludj5DRnNd58SSP3MYVOjduQQbBthQf-wcLGmQ%3D%3D/lsparams/mh,mm,mn,ms,mv,mvi,pl,initcwndbps/lsig/AG3C_xAwRQIgIXM2IYjzBKgCR0iQQeec4JA1ky2-TbTIULrxGQ2h8tkCIQCRBoFJWlzbWrzR2_nuaC21v3Mh01PDNkz7YbY9ii6Xyw%3D%3D/", "fragments": [{"path": "sq/0"}, {"path": "sq/1/dur/5.339", "duration": 5.339}, {"path": "sq/2/dur/5.338", "duration": 5.338}, {"path": "sq/3/dur/5.339", "duration": 5.339}, {"path": "sq/4/dur/5.339", "duration": 5.339}, {"path": "sq/5/dur/5.338", "duration": 5.338}, {"path": "sq/6/dur/5.339", "duration": 5.339}, {"path": "sq/7/dur/5.339", "duration": 5.339}, {"path": "sq/8/dur/5.338", "duration": 5.338}, {"path": "sq/9/dur/5.339", "duration": 5.339}, {"path": "sq/10/dur/5.339", "duration": 5.339}, {"path": "sq/11/dur/5.338", "duration": 5.338}, {"path": "sq/12/dur/5.339", "duration": 5.339}, {"path": "sq/13/dur/5.339", "duration": 5.339}, {"path": "sq/14/dur/5.338", "duration": 5.338}, {"path": "sq/15/dur/5.339", "duration": 5.339}, {"path": "sq/16/dur/5.339", "duration": 5.339}, {"path": "sq/17/dur/5.338", "duration": 5.338}, {"path": "sq/18/dur/5.339", "duration": 5.339}, {"path": "sq/19/dur/5.339", "duration": 5.339}, {"path": "sq/20/dur/5.338", "duration": 5.338}, {"path": "sq/21/dur/5.339", "duration": 5.339}, {"path": "sq/22/dur/5.339", "duration": 5.339}, {"path": "sq/23/dur/5.338", "duration": 5.338}, {"path": "sq/24/dur/5.339", "duration": 5.339}, {"path": "sq/25/dur/5.339", "duration": 5.339}, {"path": "sq/26/dur/5.338", "duration": 5.338}, {"path": "sq/27/dur/5.339", "duration": 5.339}, {"path": "sq/28/dur/5.339", "duration": 5.339}, {"path": "sq/29/dur/5.338", "duration": 5.338}, {"path": "sq/30/dur/5.339", "duration": 5.339}, {"path": "sq/31/dur/5.339", "duration": 5.339}, {"path": "sq/32/dur/5.338", "duration": 5.338}, {"path": "sq/33/dur/5.339", "duration": 5.339}, {"path": "sq/34/dur/5.339", "duration": 5.339}, {"path": "sq/35/dur/5.338", "duration": 5.338}, {"path": "sq/36/dur/5.339", "duration": 5.339}, {"path": "sq/37/dur/5.339", "duration": 5.339}, {"path": "sq/38/dur/4.438", "duration": 4.438}], "protocol": "http_dash_segments", "format": "160 - 256x144 (DASH video)", "http_headers": {"User-Agent": "Mozilla/5.0 (Windows NT 10.0; Win64; x64) AppleWebKit/537.36 (KHTML, like Gecko) Chrome/74.0.3729.24 Safari/537.36", "Accept-Charset": "ISO-8859-1,utf-8;q=0.7,*;q=0.7", "Accept": "text/html,application/xhtml+xml,application/xml;q=0.9,*/*;q=0.8", "Accept-Encoding": "gzip, deflate", "Accept-Language": "en-us,en;q=0.5"}}, {"ext": "webm", "height": 240, "format_note": "DASH video", "vcodec": "vp9", "format_id": "242", "manifest_url": "https://manifest.googlevideo.com/api/manifest/dash/expire/1613497699/ei/A7ErYJKZK5CMgAOzsJTYAw/ip/140.109.135.76/id/d31c853b63604be2/source/youtube/requiressl/yes/playback_host/r7---sn-5njj-u2xl.googlevideo.com/mh/yZ/mm/31%2C29/mn/sn-5njj-u2xl%2Csn-un57en7s/ms/au%2Crdu/mv/m/mvi/7/pl/16/hfr/all/as/fmp4_audio_clear%2Cwebm_audio_clear%2Cwebm2_audio_clear%2Cfmp4_sd_hd_clear%2Cwebm2_sd_hd_clear/initcwndbps/632500/vprv/1/mt/1613475902/fvip/4/keepalive/yes/itag/0/sparams/expire%2Cei%2Cip%2Cid%2Csource%2Crequiressl%2Chfr%2Cas%2Cvprv%2Citag/sig/AOq0QJ8wRgIhANh6oWqFwuWk5_xJ2SwVawTZeU0n6U6PvOXFdraVBBw3AiEAvfOd8VILmcL3ZgjhRp9XMey_aYmqo_opvGYMvMOSTTI%3D/lsparams/playback_host%2Cmh%2Cmm%2Cmn%2Cms%2Cmv%2Cmvi%2Cpl%2Cinitcwndbps/lsig/AG3C_xAwRQIgcFv7jgujIcl3T1S-7AgVPTkWMOaWVQoWvree4EEpF4sCIQDU2vOfPNDGpdCGiAdUoCpfk5TxOKHR5vNKegvvLCfvww%3D%3D", "width": 426, "tbr": 220.5, "asr": null, "fps": 30, "language": null, "filesize": null, "container": "webm_dash", "acodec": "none", "url": "https://manifest.googlevideo.com/api/manifest/dash/expire/1613497699/ei/A7ErYJKZK5CMgAOzsJTYAw/ip/140.109.135.76/id/d31c853b63604be2/source/youtube/requiressl/yes/playback_host/r7---sn-5njj-u2xl.googlevideo.com/mh/yZ/mm/31%2C29/mn/sn-5njj-u2xl%2Csn-un57en7s/ms/au%2Crdu/mv/m/mvi/7/pl/16/hfr/all/as/fmp4_audio_clear%2Cwebm_audio_clear%2Cwebm2_audio_clear%2Cfmp4_sd_hd_clear%2Cwebm2_sd_hd_clear/initcwndbps/632500/vprv/1/mt/1613475902/fvip/4/keepalive/yes/itag/0/sparams/expire%2Cei%2Cip%2Cid%2Csource%2Crequiressl%2Chfr%2Cas%2Cvprv%2Citag/sig/AOq0QJ8wRgIhANh6oWqFwuWk5_xJ2SwVawTZeU0n6U6PvOXFdraVBBw3AiEAvfOd8VILmcL3ZgjhRp9XMey_aYmqo_opvGYMvMOSTTI%3D/lsparams/playback_host%2Cmh%2Cmm%2Cmn%2Cms%2Cmv%2Cmvi%2Cpl%2Cinitcwndbps/lsig/AG3C_xAwRQIgcFv7jgujIcl3T1S-7AgVPTkWMOaWVQoWvree4EEpF4sCIQDU2vOfPNDGpdCGiAdUoCpfk5TxOKHR5vNKegvvLCfvww%3D%3D", "fragment_base_url": "https://r7---sn-5njj-u2xl.googlevideo.com/videoplayback/expire/1613497699/ei/A7ErYJKZK5CMgAOzsJTYAw/ip/140.109.135.76/id/d31c853b63604be2/itag/242/source/yt_otf/requiressl/yes/mh/yZ/mm/31,29/mn/sn-5njj-u2xl,sn-un57en7s/ms/au,rdu/mv/m/mvi/7/pl/16/initcwndbps/632500/vprv/1/ratebypass/yes/mime/video%2Fwebm/otfp/1/otf/1/lmt/1544513753427573/mt/1613475902/fvip/4/keepalive/yes/sparams/expire,ei,ip,id,itag,source,requiressl,vprv,ratebypass,mime,otfp,otf,lmt/sig/AOq0QJ8wRgIhAMCbyy81aqZwIDlD3KBQpoK22yVZ82oGT9m6uRi4UQGfAiEAt4rG59ediNhL-GRcTLtokWbm0C2GwzTDHrc1oZ01Okw%3D/lsparams/mh,mm,mn,ms,mv,mvi,pl,initcwndbps/lsig/AG3C_xAwRQIgc5HeE88MgOO_JRVvdE3Aaf5c8fZ0HB_eTqIwg2fqkiQCIQCtkl1iWqSB4ALX7xQCzlugBOpjQWUeftjvyRnpaPn1jQ%3D%3D/", "fragments": [{"path": "sq/0"}, {"path": "sq/1/dur/5.339", "duration": 5.339}, {"path": "sq/2/dur/5.338", "duration": 5.338}, {"path": "sq/3/dur/5.339", "duration": 5.339}, {"path": "sq/4/dur/5.339", "duration": 5.339}, {"path": "sq/5/dur/5.338", "duration": 5.338}, {"path": "sq/6/dur/5.339", "duration": 5.339}, {"path": "sq/7/dur/5.339", "duration": 5.339}, {"path": "sq/8/dur/5.338", "duration": 5.338}, {"path": "sq/9/dur/5.339", "duration": 5.339}, {"path": "sq/10/dur/5.339", "duration": 5.339}, {"path": "sq/11/dur/5.338", "duration": 5.338}, {"path": "sq/12/dur/5.339", "duration": 5.339}, {"path": "sq/13/dur/5.339", "duration": 5.339}, {"path": "sq/14/dur/5.338", "duration": 5.338}, {"path": "sq/15/dur/5.339", "duration": 5.339}, {"path": "sq/16/dur/5.339", "duration": 5.339}, {"path": "sq/17/dur/5.338", "duration": 5.338}, {"path": "sq/18/dur/5.339", "duration": 5.339}, {"path": "sq/19/dur/5.339", "duration": 5.339}, {"path": "sq/20/dur/5.338", "duration": 5.338}, {"path": "sq/21/dur/5.339", "duration": 5.339}, {"path": "sq/22/dur/5.339", "duration": 5.339}, {"path": "sq/23/dur/5.338", "duration": 5.338}, {"path": "sq/24/dur/5.339", "duration": 5.339}, {"path": "sq/25/dur/5.339", "duration": 5.339}, {"path": "sq/26/dur/5.338", "duration": 5.338}, {"path": "sq/27/dur/5.339", "duration": 5.339}, {"path": "sq/28/dur/5.339", "duration": 5.339}, {"path": "sq/29/dur/5.338", "duration": 5.338}, {"path": "sq/30/dur/5.339", "duration": 5.339}, {"path": "sq/31/dur/5.339", "duration": 5.339}, {"path": "sq/32/dur/5.338", "duration": 5.338}, {"path": "sq/33/dur/5.339", "duration": 5.339}, {"path": "sq/34/dur/5.339", "duration": 5.339}, {"path": "sq/35/dur/5.338", "duration": 5.338}, {"path": "sq/36/dur/5.339", "duration": 5.339}, {"path": "sq/37/dur/5.339", "duration": 5.339}, {"path": "sq/38/dur/4.438", "duration": 4.438}], "protocol": "http_dash_segments", "format": "242 - 426x240 (DASH video)", "http_headers": {"User-Agent": "Mozilla/5.0 (Windows NT 10.0; Win64; x64) AppleWebKit/537.36 (KHTML, like Gecko) Chrome/74.0.3729.24 Safari/537.36", "Accept-Charset": "ISO-8859-1,utf-8;q=0.7,*;q=0.7", "Accept": "text/html,application/xhtml+xml,application/xml;q=0.9,*/*;q=0.8", "Accept-Encoding": "gzip, deflate", "Accept-Language": "en-us,en;q=0.5"}}, {"ext": "mp4", "height": 240, "format_note": "DASH video", "vcodec": "avc1.4d400c", "format_id": "133", "manifest_url": "https://manifest.googlevideo.com/api/manifest/dash/expire/1613497699/ei/A7ErYJKZK5CMgAOzsJTYAw/ip/140.109.135.76/id/d31c853b63604be2/source/youtube/requiressl/yes/playback_host/r7---sn-5njj-u2xl.googlevideo.com/mh/yZ/mm/31%2C29/mn/sn-5njj-u2xl%2Csn-un57en7s/ms/au%2Crdu/mv/m/mvi/7/pl/16/hfr/all/as/fmp4_audio_clear%2Cwebm_audio_clear%2Cwebm2_audio_clear%2Cfmp4_sd_hd_clear%2Cwebm2_sd_hd_clear/initcwndbps/632500/vprv/1/mt/1613475902/fvip/4/keepalive/yes/itag/0/sparams/expire%2Cei%2Cip%2Cid%2Csource%2Crequiressl%2Chfr%2Cas%2Cvprv%2Citag/sig/AOq0QJ8wRgIhANh6oWqFwuWk5_xJ2SwVawTZeU0n6U6PvOXFdraVBBw3AiEAvfOd8VILmcL3ZgjhRp9XMey_aYmqo_opvGYMvMOSTTI%3D/lsparams/playback_host%2Cmh%2Cmm%2Cmn%2Cms%2Cmv%2Cmvi%2Cpl%2Cinitcwndbps/lsig/AG3C_xAwRQIgcFv7jgujIcl3T1S-7AgVPTkWMOaWVQoWvree4EEpF4sCIQDU2vOfPNDGpdCGiAdUoCpfk5TxOKHR5vNKegvvLCfvww%3D%3D", "width": 426, "tbr": 242.0, "asr": null, "fps": 30, "language": null, "filesize": null, "container": "mp4_dash", "acodec": "none", "url": "https://manifest.googlevideo.com/api/manifest/dash/expire/1613497699/ei/A7ErYJKZK5CMgAOzsJTYAw/ip/140.109.135.76/id/d31c853b63604be2/source/youtube/requiressl/yes/playback_host/r7---sn-5njj-u2xl.googlevideo.com/mh/yZ/mm/31%2C29/mn/sn-5njj-u2xl%2Csn-un57en7s/ms/au%2Crdu/mv/m/mvi/7/pl/16/hfr/all/as/fmp4_audio_clear%2Cwebm_audio_clear%2Cwebm2_audio_clear%2Cfmp4_sd_hd_clear%2Cwebm2_sd_hd_clear/initcwndbps/632500/vprv/1/mt/1613475902/fvip/4/keepalive/yes/itag/0/sparams/expire%2Cei%2Cip%2Cid%2Csource%2Crequiressl%2Chfr%2Cas%2Cvprv%2Citag/sig/AOq0QJ8wRgIhANh6oWqFwuWk5_xJ2SwVawTZeU0n6U6PvOXFdraVBBw3AiEAvfOd8VILmcL3ZgjhRp9XMey_aYmqo_opvGYMvMOSTTI%3D/lsparams/playback_host%2Cmh%2Cmm%2Cmn%2Cms%2Cmv%2Cmvi%2Cpl%2Cinitcwndbps/lsig/AG3C_xAwRQIgcFv7jgujIcl3T1S-7AgVPTkWMOaWVQoWvree4EEpF4sCIQDU2vOfPNDGpdCGiAdUoCpfk5TxOKHR5vNKegvvLCfvww%3D%3D", "fragment_base_url": "https://r7---sn-5njj-u2xl.googlevideo.com/videoplayback/expire/1613497699/ei/A7ErYJKZK5CMgAOzsJTYAw/ip/140.109.135.76/id/d31c853b63604be2/itag/133/source/yt_otf/requiressl/yes/mh/yZ/mm/31,29/mn/sn-5njj-u2xl,sn-un57en7s/ms/au,rdu/mv/m/mvi/7/pl/16/initcwndbps/632500/vprv/1/ratebypass/yes/mime/video%2Fmp4/otfp/1/otf/1/lmt/1544513753427573/mt/1613475902/fvip/4/keepalive/yes/sparams/expire,ei,ip,id,itag,source,requiressl,vprv,ratebypass,mime,otfp,otf,lmt/sig/AOq0QJ8wRQIhAOkZEFWIHlAi0dMHX0O4NWYqoEE_kuXHGm7JPe0ptvSwAiBjiZItuGion8IzDvHW5oOQeyfac4mjlVus_z6J5Murpw%3D%3D/lsparams/mh,mm,mn,ms,mv,mvi,pl,initcwndbps/lsig/AG3C_xAwRQIhAJVzFLdRp6zy4jTfdof_pSACaT-uC5EhIzM32uq8EcqkAiAETC7OG4U2iRkmjmJo9M3Y4OXExxsUqyUjsnbgK3sw8Q%3D%3D/", "fragments": [{"path": "sq/0"}, {"path": "sq/1/dur/5.339", "duration": 5.339}, {"path": "sq/2/dur/5.338", "duration": 5.338}, {"path": "sq/3/dur/5.339", "duration": 5.339}, {"path": "sq/4/dur/5.339", "duration": 5.339}, {"path": "sq/5/dur/5.338", "duration": 5.338}, {"path": "sq/6/dur/5.339", "duration": 5.339}, {"path": "sq/7/dur/5.339", "duration": 5.339}, {"path": "sq/8/dur/5.338", "duration": 5.338}, {"path": "sq/9/dur/5.339", "duration": 5.339}, {"path": "sq/10/dur/5.339", "duration": 5.339}, {"path": "sq/11/dur/5.338", "duration": 5.338}, {"path": "sq/12/dur/5.339", "duration": 5.339}, {"path": "sq/13/dur/5.339", "duration": 5.339}, {"path": "sq/14/dur/5.338", "duration": 5.338}, {"path": "sq/15/dur/5.339", "duration": 5.339}, {"path": "sq/16/dur/5.339", "duration": 5.339}, {"path": "sq/17/dur/5.338", "duration": 5.338}, {"path": "sq/18/dur/5.339", "duration": 5.339}, {"path": "sq/19/dur/5.339", "duration": 5.339}, {"path": "sq/20/dur/5.338", "duration": 5.338}, {"path": "sq/21/dur/5.339", "duration": 5.339}, {"path": "sq/22/dur/5.339", "duration": 5.339}, {"path": "sq/23/dur/5.338", "duration": 5.338}, {"path": "sq/24/dur/5.339", "duration": 5.339}, {"path": "sq/25/dur/5.339", "duration": 5.339}, {"path": "sq/26/dur/5.338", "duration": 5.338}, {"path": "sq/27/dur/5.339", "duration": 5.339}, {"path": "sq/28/dur/5.339", "duration": 5.339}, {"path": "sq/29/dur/5.338", "duration": 5.338}, {"path": "sq/30/dur/5.339", "duration": 5.339}, {"path": "sq/31/dur/5.339", "duration": 5.339}, {"path": "sq/32/dur/5.338", "duration": 5.338}, {"path": "sq/33/dur/5.339", "duration": 5.339}, {"path": "sq/34/dur/5.339", "duration": 5.339}, {"path": "sq/35/dur/5.338", "duration": 5.338}, {"path": "sq/36/dur/5.339", "duration": 5.339}, {"path": "sq/37/dur/5.339", "duration": 5.339}, {"path": "sq/38/dur/4.438", "duration": 4.438}], "protocol": "http_dash_segments", "format": "133 - 426x240 (DASH video)", "http_headers": {"User-Agent": "Mozilla/5.0 (Windows NT 10.0; Win64; x64) AppleWebKit/537.36 (KHTML, like Gecko) Chrome/74.0.3729.24 Safari/537.36", "Accept-Charset": "ISO-8859-1,utf-8;q=0.7,*;q=0.7", "Accept": "text/html,application/xhtml+xml,application/xml;q=0.9,*/*;q=0.8", "Accept-Encoding": "gzip, deflate", "Accept-Language": "en-us,en;q=0.5"}}, {"ext": "mp4", "height": 360, "format_note": "DASH video", "vcodec": "avc1.4d401e", "format_id": "134", "manifest_url": "https://manifest.googlevideo.com/api/manifest/dash/expire/1613497699/ei/A7ErYJKZK5CMgAOzsJTYAw/ip/140.109.135.76/id/d31c853b63604be2/source/youtube/requiressl/yes/playback_host/r7---sn-5njj-u2xl.googlevideo.com/mh/yZ/mm/31%2C29/mn/sn-5njj-u2xl%2Csn-un57en7s/ms/au%2Crdu/mv/m/mvi/7/pl/16/hfr/all/as/fmp4_audio_clear%2Cwebm_audio_clear%2Cwebm2_audio_clear%2Cfmp4_sd_hd_clear%2Cwebm2_sd_hd_clear/initcwndbps/632500/vprv/1/mt/1613475902/fvip/4/keepalive/yes/itag/0/sparams/expire%2Cei%2Cip%2Cid%2Csource%2Crequiressl%2Chfr%2Cas%2Cvprv%2Citag/sig/AOq0QJ8wRgIhANh6oWqFwuWk5_xJ2SwVawTZeU0n6U6PvOXFdraVBBw3AiEAvfOd8VILmcL3ZgjhRp9XMey_aYmqo_opvGYMvMOSTTI%3D/lsparams/playback_host%2Cmh%2Cmm%2Cmn%2Cms%2Cmv%2Cmvi%2Cpl%2Cinitcwndbps/lsig/AG3C_xAwRQIgcFv7jgujIcl3T1S-7AgVPTkWMOaWVQoWvree4EEpF4sCIQDU2vOfPNDGpdCGiAdUoCpfk5TxOKHR5vNKegvvLCfvww%3D%3D", "width": 640, "tbr": 383.856, "asr": null, "fps": 30, "language": null, "filesize": null, "container": "mp4_dash", "acodec": "none", "url": "https://manifest.googlevideo.com/api/manifest/dash/expire/1613497699/ei/A7ErYJKZK5CMgAOzsJTYAw/ip/140.109.135.76/id/d31c853b63604be2/source/youtube/requiressl/yes/playback_host/r7---sn-5njj-u2xl.googlevideo.com/mh/yZ/mm/31%2C29/mn/sn-5njj-u2xl%2Csn-un57en7s/ms/au%2Crdu/mv/m/mvi/7/pl/16/hfr/all/as/fmp4_audio_clear%2Cwebm_audio_clear%2Cwebm2_audio_clear%2Cfmp4_sd_hd_clear%2Cwebm2_sd_hd_clear/initcwndbps/632500/vprv/1/mt/1613475902/fvip/4/keepalive/yes/itag/0/sparams/expire%2Cei%2Cip%2Cid%2Csource%2Crequiressl%2Chfr%2Cas%2Cvprv%2Citag/sig/AOq0QJ8wRgIhANh6oWqFwuWk5_xJ2SwVawTZeU0n6U6PvOXFdraVBBw3AiEAvfOd8VILmcL3ZgjhRp9XMey_aYmqo_opvGYMvMOSTTI%3D/lsparams/playback_host%2Cmh%2Cmm%2Cmn%2Cms%2Cmv%2Cmvi%2Cpl%2Cinitcwndbps/lsig/AG3C_xAwRQIgcFv7jgujIcl3T1S-7AgVPTkWMOaWVQoWvree4EEpF4sCIQDU2vOfPNDGpdCGiAdUoCpfk5TxOKHR5vNKegvvLCfvww%3D%3D", "fragment_base_url": "https://r7---sn-5njj-u2xl.googlevideo.com/videoplayback/expire/1613497699/ei/A7ErYJKZK5CMgAOzsJTYAw/ip/140.109.135.76/id/d31c853b63604be2/itag/134/source/youtube/requiressl/yes/mh/yZ/mm/31,29/mn/sn-5njj-u2xl,sn-un57en7s/ms/au,rdu/mv/m/mvi/7/pl/16/initcwndbps/632500/vprv/1/ratebypass/yes/mime/video%2Fmp4/otfp/1/gir/yes/clen/7501726/lmt/1544513753262232/dur/201.968/mt/1613475902/fvip/4/keepalive/yes/sparams/expire,ei,ip,id,itag,source,requiressl,vprv,ratebypass,mime,otfp,gir,clen,lmt,dur/sig/AOq0QJ8wRgIhAOUV5UwE4Bm2ijDNYMpTWGXe6sm7ocnWRIlRaiItKhaBAiEA2tdUONEKoJn5thjR4quSjv1wK-5Ns08ax4rmMW9Kg8s%3D/lsparams/mh,mm,mn,ms,mv,mvi,pl,initcwndbps/lsig/AG3C_xAwRQIgOWlweajUJUk5GMFJo3JNz3jdAnw0QycTK70HeiTugcUCIQDeJ6rrOGY--GBJhwJTssFV3PtI4n9ApnSwaFCdfIcRGw%3D%3D/", "fragments": [{"path": "range/0-762"}, {"path": "range/1251-210106", "duration": 5.339}, {"path": "range/210107-466282", "duration": 5.338}, {"path": "range/466283-680553", "duration": 5.339}, {"path": "range/680554-895385", "duration": 5.339}, {"path": "range/895386-1107651", "duration": 5.338}, {"path": "range/1107652-1310603", "duration": 5.339}, {"path": "range/1310604-1506683", "duration": 5.339}, {"path": "range/1506684-1703607", "duration": 5.338}, {"path": "range/1703608-1902362", "duration": 5.339}, {"path": "range/1902363-2099127", "duration": 5.339}, {"path": "range/2099128-2290746", "duration": 5.338}, {"path": "range/2290747-2481838", "duration": 5.339}, {"path": "range/2481839-2677618", "duration": 5.339}, {"path": "range/2677619-2871408", "duration": 5.338}, {"path": "range/2871409-3062983", "duration": 5.339}, {"path": "range/3062984-3256713", "duration": 5.339}, {"path": "range/3256714-3451807", "duration": 5.338}, {"path": "range/3451808-3641056", "duration": 5.339}, {"path": "range/3641057-3833666", "duration": 5.339}, {"path": "range/3833667-4024531", "duration": 5.338}, {"path": "range/4024532-4215594", "duration": 5.339}, {"path": "range/4215595-4407408", "duration": 5.339}, {"path": "range/4407409-4602356", "duration": 5.338}, {"path": "range/4602357-4792466", "duration": 5.339}, {"path": "range/4792467-4983313", "duration": 5.339}, {"path": "range/4983314-5175425", "duration": 5.338}, {"path": "range/5175426-5366770", "duration": 5.339}, {"path": "range/5366771-5558188", "duration": 5.339}, {"path": "range/5558189-5748704", "duration": 5.338}, {"path": "range/5748705-5937526", "duration": 5.339}, {"path": "range/5937527-6127840", "duration": 5.339}, {"path": "range/6127841-6329708", "duration": 5.338}, {"path": "range/6329709-6525605", "duration": 5.339}, {"path": "range/6525606-6726915", "duration": 5.339}, {"path": "range/6726916-6925906", "duration": 5.338}, {"path": "range/6925907-7116832", "duration": 5.339}, {"path": "range/7116833-7332029", "duration": 5.339}, {"path": "range/7332030-7501725", "duration": 4.438}], "protocol": "http_dash_segments", "format": "134 - 640x360 (DASH video)", "http_headers": {"User-Agent": "Mozilla/5.0 (Windows NT 10.0; Win64; x64) AppleWebKit/537.36 (KHTML, like Gecko) Chrome/74.0.3729.24 Safari/537.36", "Accept-Charset": "ISO-8859-1,utf-8;q=0.7,*;q=0.7", "Accept": "text/html,application/xhtml+xml,application/xml;q=0.9,*/*;q=0.8", "Accept-Encoding": "gzip, deflate", "Accept-Language": "en-us,en;q=0.5"}}, {"ext": "webm", "height": 360, "format_note": "DASH video", "vcodec": "vp9", "format_id": "243", "manifest_url": "https://manifest.googlevideo.com/api/manifest/dash/expire/1613497699/ei/A7ErYJKZK5CMgAOzsJTYAw/ip/140.109.135.76/id/d31c853b63604be2/source/youtube/requiressl/yes/playback_host/r7---sn-5njj-u2xl.googlevideo.com/mh/yZ/mm/31%2C29/mn/sn-5njj-u2xl%2Csn-un57en7s/ms/au%2Crdu/mv/m/mvi/7/pl/16/hfr/all/as/fmp4_audio_clear%2Cwebm_audio_clear%2Cwebm2_audio_clear%2Cfmp4_sd_hd_clear%2Cwebm2_sd_hd_clear/initcwndbps/632500/vprv/1/mt/1613475902/fvip/4/keepalive/yes/itag/0/sparams/expire%2Cei%2Cip%2Cid%2Csource%2Crequiressl%2Chfr%2Cas%2Cvprv%2Citag/sig/AOq0QJ8wRgIhANh6oWqFwuWk5_xJ2SwVawTZeU0n6U6PvOXFdraVBBw3AiEAvfOd8VILmcL3ZgjhRp9XMey_aYmqo_opvGYMvMOSTTI%3D/lsparams/playback_host%2Cmh%2Cmm%2Cmn%2Cms%2Cmv%2Cmvi%2Cpl%2Cinitcwndbps/lsig/AG3C_xAwRQIgcFv7jgujIcl3T1S-7AgVPTkWMOaWVQoWvree4EEpF4sCIQDU2vOfPNDGpdCGiAdUoCpfk5TxOKHR5vNKegvvLCfvww%3D%3D", "width": 640, "tbr": 405.72, "asr": null, "fps": 30, "language": null, "filesize": null, "container": "webm_dash", "acodec": "none", "url": "https://manifest.googlevideo.com/api/manifest/dash/expire/1613497699/ei/A7ErYJKZK5CMgAOzsJTYAw/ip/140.109.135.76/id/d31c853b63604be2/source/youtube/requiressl/yes/playback_host/r7---sn-5njj-u2xl.googlevideo.com/mh/yZ/mm/31%2C29/mn/sn-5njj-u2xl%2Csn-un57en7s/ms/au%2Crdu/mv/m/mvi/7/pl/16/hfr/all/as/fmp4_audio_clear%2Cwebm_audio_clear%2Cwebm2_audio_clear%2Cfmp4_sd_hd_clear%2Cwebm2_sd_hd_clear/initcwndbps/632500/vprv/1/mt/1613475902/fvip/4/keepalive/yes/itag/0/sparams/expire%2Cei%2Cip%2Cid%2Csource%2Crequiressl%2Chfr%2Cas%2Cvprv%2Citag/sig/AOq0QJ8wRgIhANh6oWqFwuWk5_xJ2SwVawTZeU0n6U6PvOXFdraVBBw3AiEAvfOd8VILmcL3ZgjhRp9XMey_aYmqo_opvGYMvMOSTTI%3D/lsparams/playback_host%2Cmh%2Cmm%2Cmn%2Cms%2Cmv%2Cmvi%2Cpl%2Cinitcwndbps/lsig/AG3C_xAwRQIgcFv7jgujIcl3T1S-7AgVPTkWMOaWVQoWvree4EEpF4sCIQDU2vOfPNDGpdCGiAdUoCpfk5TxOKHR5vNKegvvLCfvww%3D%3D", "fragment_base_url": "https://r7---sn-5njj-u2xl.googlevideo.com/videoplayback/expire/1613497699/ei/A7ErYJKZK5CMgAOzsJTYAw/ip/140.109.135.76/id/d31c853b63604be2/itag/243/source/yt_otf/requiressl/yes/mh/yZ/mm/31,29/mn/sn-5njj-u2xl,sn-un57en7s/ms/au,rdu/mv/m/mvi/7/pl/16/initcwndbps/632500/vprv/1/ratebypass/yes/mime/video%2Fwebm/otfp/1/otf/1/lmt/1544513753427573/mt/1613475902/fvip/4/keepalive/yes/sparams/expire,ei,ip,id,itag,source,requiressl,vprv,ratebypass,mime,otfp,otf,lmt/sig/AOq0QJ8wRgIhALiVkUvLhLz0lZyyvWkF0YDuoxhOtwl8lPClEoAw0ig6AiEA38mT_FRU47uU9pwbB24GyaXvZqRFAGTqfBjEW15Y8po%3D/lsparams/mh,mm,mn,ms,mv,mvi,pl,initcwndbps/lsig/AG3C_xAwRQIgb6bwctlRtafgNKEHDjVwHYVlpvJCES575HLeWQ4DGh4CIQDMXNGCrcv711jWajwifo-ntFZA2fzDKWPXhd1_rIL5eQ%3D%3D/", "fragments": [{"path": "sq/0"}, {"path": "sq/1/dur/5.339", "duration": 5.339}, {"path": "sq/2/dur/5.338", "duration": 5.338}, {"path": "sq/3/dur/5.339", "duration": 5.339}, {"path": "sq/4/dur/5.339", "duration": 5.339}, {"path": "sq/5/dur/5.338", "duration": 5.338}, {"path": "sq/6/dur/5.339", "duration": 5.339}, {"path": "sq/7/dur/5.339", "duration": 5.339}, {"path": "sq/8/dur/5.338", "duration": 5.338}, {"path": "sq/9/dur/5.339", "duration": 5.339}, {"path": "sq/10/dur/5.339", "duration": 5.339}, {"path": "sq/11/dur/5.338", "duration": 5.338}, {"path": "sq/12/dur/5.339", "duration": 5.339}, {"path": "sq/13/dur/5.339", "duration": 5.339}, {"path": "sq/14/dur/5.338", "duration": 5.338}, {"path": "sq/15/dur/5.339", "duration": 5.339}, {"path": "sq/16/dur/5.339", "duration": 5.339}, {"path": "sq/17/dur/5.338", "duration": 5.338}, {"path": "sq/18/dur/5.339", "duration": 5.339}, {"path": "sq/19/dur/5.339", "duration": 5.339}, {"path": "sq/20/dur/5.338", "duration": 5.338}, {"path": "sq/21/dur/5.339", "duration": 5.339}, {"path": "sq/22/dur/5.339", "duration": 5.339}, {"path": "sq/23/dur/5.338", "duration": 5.338}, {"path": "sq/24/dur/5.339", "duration": 5.339}, {"path": "sq/25/dur/5.339", "duration": 5.339}, {"path": "sq/26/dur/5.338", "duration": 5.338}, {"path": "sq/27/dur/5.339", "duration": 5.339}, {"path": "sq/28/dur/5.339", "duration": 5.339}, {"path": "sq/29/dur/5.338", "duration": 5.338}, {"path": "sq/30/dur/5.339", "duration": 5.339}, {"path": "sq/31/dur/5.339", "duration": 5.339}, {"path": "sq/32/dur/5.338", "duration": 5.338}, {"path": "sq/33/dur/5.339", "duration": 5.339}, {"path": "sq/34/dur/5.339", "duration": 5.339}, {"path": "sq/35/dur/5.338", "duration": 5.338}, {"path": "sq/36/dur/5.339", "duration": 5.339}, {"path": "sq/37/dur/5.339", "duration": 5.339}, {"path": "sq/38/dur/4.438", "duration": 4.438}], "protocol": "http_dash_segments", "format": "243 - 640x360 (DASH video)", "http_headers": {"User-Agent": "Mozilla/5.0 (Windows NT 10.0; Win64; x64) AppleWebKit/537.36 (KHTML, like Gecko) Chrome/74.0.3729.24 Safari/537.36", "Accept-Charset": "ISO-8859-1,utf-8;q=0.7,*;q=0.7", "Accept": "text/html,application/xhtml+xml,application/xml;q=0.9,*/*;q=0.8", "Accept-Encoding": "gzip, deflate", "Accept-Language": "en-us,en;q=0.5"}}, {"ext": "webm", "height": 480, "format_note": "DASH video", "vcodec": "vp9", "format_id": "244", "manifest_url": "https://manifest.googlevideo.com/api/manifest/dash/expire/1613497699/ei/A7ErYJKZK5CMgAOzsJTYAw/ip/140.109.135.76/id/d31c853b63604be2/source/youtube/requiressl/yes/playback_host/r7---sn-5njj-u2xl.googlevideo.com/mh/yZ/mm/31%2C29/mn/sn-5njj-u2xl%2Csn-un57en7s/ms/au%2Crdu/mv/m/mvi/7/pl/16/hfr/all/as/fmp4_audio_clear%2Cwebm_audio_clear%2Cwebm2_audio_clear%2Cfmp4_sd_hd_clear%2Cwebm2_sd_hd_clear/initcwndbps/632500/vprv/1/mt/1613475902/fvip/4/keepalive/yes/itag/0/sparams/expire%2Cei%2Cip%2Cid%2Csource%2Crequiressl%2Chfr%2Cas%2Cvprv%2Citag/sig/AOq0QJ8wRgIhANh6oWqFwuWk5_xJ2SwVawTZeU0n6U6PvOXFdraVBBw3AiEAvfOd8VILmcL3ZgjhRp9XMey_aYmqo_opvGYMvMOSTTI%3D/lsparams/playback_host%2Cmh%2Cmm%2Cmn%2Cms%2Cmv%2Cmvi%2Cpl%2Cinitcwndbps/lsig/AG3C_xAwRQIgcFv7jgujIcl3T1S-7AgVPTkWMOaWVQoWvree4EEpF4sCIQDU2vOfPNDGpdCGiAdUoCpfk5TxOKHR5vNKegvvLCfvww%3D%3D", "width": 854, "tbr": 752.64, "asr": null, "fps": 30, "language": null, "filesize": null, "container": "webm_dash", "acodec": "none", "url": "https://manifest.googlevideo.com/api/manifest/dash/expire/1613497699/ei/A7ErYJKZK5CMgAOzsJTYAw/ip/140.109.135.76/id/d31c853b63604be2/source/youtube/requiressl/yes/playback_host/r7---sn-5njj-u2xl.googlevideo.com/mh/yZ/mm/31%2C29/mn/sn-5njj-u2xl%2Csn-un57en7s/ms/au%2Crdu/mv/m/mvi/7/pl/16/hfr/all/as/fmp4_audio_clear%2Cwebm_audio_clear%2Cwebm2_audio_clear%2Cfmp4_sd_hd_clear%2Cwebm2_sd_hd_clear/initcwndbps/632500/vprv/1/mt/1613475902/fvip/4/keepalive/yes/itag/0/sparams/expire%2Cei%2Cip%2Cid%2Csource%2Crequiressl%2Chfr%2Cas%2Cvprv%2Citag/sig/AOq0QJ8wRgIhANh6oWqFwuWk5_xJ2SwVawTZeU0n6U6PvOXFdraVBBw3AiEAvfOd8VILmcL3ZgjhRp9XMey_aYmqo_opvGYMvMOSTTI%3D/lsparams/playback_host%2Cmh%2Cmm%2Cmn%2Cms%2Cmv%2Cmvi%2Cpl%2Cinitcwndbps/lsig/AG3C_xAwRQIgcFv7jgujIcl3T1S-7AgVPTkWMOaWVQoWvree4EEpF4sCIQDU2vOfPNDGpdCGiAdUoCpfk5TxOKHR5vNKegvvLCfvww%3D%3D", "fragment_base_url": "https://r7---sn-5njj-u2xl.googlevideo.com/videoplayback/expire/1613497699/ei/A7ErYJKZK5CMgAOzsJTYAw/ip/140.109.135.76/id/d31c853b63604be2/itag/244/source/yt_otf/requiressl/yes/mh/yZ/mm/31,29/mn/sn-5njj-u2xl,sn-un57en7s/ms/au,rdu/mv/m/mvi/7/pl/16/initcwndbps/632500/vprv/1/ratebypass/yes/mime/video%2Fwebm/otfp/1/otf/1/lmt/1544513753427573/mt/1613475902/fvip/4/keepalive/yes/sparams/expire,ei,ip,id,itag,source,requiressl,vprv,ratebypass,mime,otfp,otf,lmt/sig/AOq0QJ8wRQIgXoY7qCwlTP0NbYNJX16EbVYeXD-8LJsm7_PodgzAVAQCIQCg31Me6VImwShty8gdc8dRh908SMXjrdDvqIs3Jr_H7g%3D%3D/lsparams/mh,mm,mn,ms,mv,mvi,pl,initcwndbps/lsig/AG3C_xAwRQIgEoVtnZu7h9LmKDInTvH2KwyeXT7Cj8LbIm5pS3cEYvACIQDQiK_jQtVrfMj74_Q0QSE-EgRP7XNQYJ6xYMbWGPIxcg%3D%3D/", "fragments": [{"path": "sq/0"}, {"path": "sq/1/dur/5.339", "duration": 5.339}, {"path": "sq/2/dur/5.338", "duration": 5.338}, {"path": "sq/3/dur/5.339", "duration": 5.339}, {"path": "sq/4/dur/5.339", "duration": 5.339}, {"path": "sq/5/dur/5.338", "duration": 5.338}, {"path": "sq/6/dur/5.339", "duration": 5.339}, {"path": "sq/7/dur/5.339", "duration": 5.339}, {"path": "sq/8/dur/5.338", "duration": 5.338}, {"path": "sq/9/dur/5.339", "duration": 5.339}, {"path": "sq/10/dur/5.339", "duration": 5.339}, {"path": "sq/11/dur/5.338", "duration": 5.338}, {"path": "sq/12/dur/5.339", "duration": 5.339}, {"path": "sq/13/dur/5.339", "duration": 5.339}, {"path": "sq/14/dur/5.338", "duration": 5.338}, {"path": "sq/15/dur/5.339", "duration": 5.339}, {"path": "sq/16/dur/5.339", "duration": 5.339}, {"path": "sq/17/dur/5.338", "duration": 5.338}, {"path": "sq/18/dur/5.339", "duration": 5.339}, {"path": "sq/19/dur/5.339", "duration": 5.339}, {"path": "sq/20/dur/5.338", "duration": 5.338}, {"path": "sq/21/dur/5.339", "duration": 5.339}, {"path": "sq/22/dur/5.339", "duration": 5.339}, {"path": "sq/23/dur/5.338", "duration": 5.338}, {"path": "sq/24/dur/5.339", "duration": 5.339}, {"path": "sq/25/dur/5.339", "duration": 5.339}, {"path": "sq/26/dur/5.338", "duration": 5.338}, {"path": "sq/27/dur/5.339", "duration": 5.339}, {"path": "sq/28/dur/5.339", "duration": 5.339}, {"path": "sq/29/dur/5.338", "duration": 5.338}, {"path": "sq/30/dur/5.339", "duration": 5.339}, {"path": "sq/31/dur/5.339", "duration": 5.339}, {"path": "sq/32/dur/5.338", "duration": 5.338}, {"path": "sq/33/dur/5.339", "duration": 5.339}, {"path": "sq/34/dur/5.339", "duration": 5.339}, {"path": "sq/35/dur/5.338", "duration": 5.338}, {"path": "sq/36/dur/5.339", "duration": 5.339}, {"path": "sq/37/dur/5.339", "duration": 5.339}, {"path": "sq/38/dur/4.438", "duration": 4.438}], "protocol": "http_dash_segments", "format": "244 - 854x480 (DASH video)", "http_headers": {"User-Agent": "Mozilla/5.0 (Windows NT 10.0; Win64; x64) AppleWebKit/537.36 (KHTML, like Gecko) Chrome/74.0.3729.24 Safari/537.36", "Accept-Charset": "ISO-8859-1,utf-8;q=0.7,*;q=0.7", "Accept": "text/html,application/xhtml+xml,application/xml;q=0.9,*/*;q=0.8", "Accept-Encoding": "gzip, deflate", "Accept-Language": "en-us,en;q=0.5"}}, {"ext": "mp4", "height": 480, "format_note": "DASH video", "vcodec": "avc1.4d4014", "format_id": "135", "manifest_url": "https://manifest.googlevideo.com/api/manifest/dash/expire/1613497699/ei/A7ErYJKZK5CMgAOzsJTYAw/ip/140.109.135.76/id/d31c853b63604be2/source/youtube/requiressl/yes/playback_host/r7---sn-5njj-u2xl.googlevideo.com/mh/yZ/mm/31%2C29/mn/sn-5njj-u2xl%2Csn-un57en7s/ms/au%2Crdu/mv/m/mvi/7/pl/16/hfr/all/as/fmp4_audio_clear%2Cwebm_audio_clear%2Cwebm2_audio_clear%2Cfmp4_sd_hd_clear%2Cwebm2_sd_hd_clear/initcwndbps/632500/vprv/1/mt/1613475902/fvip/4/keepalive/yes/itag/0/sparams/expire%2Cei%2Cip%2Cid%2Csource%2Crequiressl%2Chfr%2Cas%2Cvprv%2Citag/sig/AOq0QJ8wRgIhANh6oWqFwuWk5_xJ2SwVawTZeU0n6U6PvOXFdraVBBw3AiEAvfOd8VILmcL3ZgjhRp9XMey_aYmqo_opvGYMvMOSTTI%3D/lsparams/playback_host%2Cmh%2Cmm%2Cmn%2Cms%2Cmv%2Cmvi%2Cpl%2Cinitcwndbps/lsig/AG3C_xAwRQIgcFv7jgujIcl3T1S-7AgVPTkWMOaWVQoWvree4EEpF4sCIQDU2vOfPNDGpdCGiAdUoCpfk5TxOKHR5vNKegvvLCfvww%3D%3D", "width": 854, "tbr": 1155.0, "asr": null, "fps": 30, "language": null, "filesize": null, "container": "mp4_dash", "acodec": "none", "url": "https://manifest.googlevideo.com/api/manifest/dash/expire/1613497699/ei/A7ErYJKZK5CMgAOzsJTYAw/ip/140.109.135.76/id/d31c853b63604be2/source/youtube/requiressl/yes/playback_host/r7---sn-5njj-u2xl.googlevideo.com/mh/yZ/mm/31%2C29/mn/sn-5njj-u2xl%2Csn-un57en7s/ms/au%2Crdu/mv/m/mvi/7/pl/16/hfr/all/as/fmp4_audio_clear%2Cwebm_audio_clear%2Cwebm2_audio_clear%2Cfmp4_sd_hd_clear%2Cwebm2_sd_hd_clear/initcwndbps/632500/vprv/1/mt/1613475902/fvip/4/keepalive/yes/itag/0/sparams/expire%2Cei%2Cip%2Cid%2Csource%2Crequiressl%2Chfr%2Cas%2Cvprv%2Citag/sig/AOq0QJ8wRgIhANh6oWqFwuWk5_xJ2SwVawTZeU0n6U6PvOXFdraVBBw3AiEAvfOd8VILmcL3ZgjhRp9XMey_aYmqo_opvGYMvMOSTTI%3D/lsparams/playback_host%2Cmh%2Cmm%2Cmn%2Cms%2Cmv%2Cmvi%2Cpl%2Cinitcwndbps/lsig/AG3C_xAwRQIgcFv7jgujIcl3T1S-7AgVPTkWMOaWVQoWvree4EEpF4sCIQDU2vOfPNDGpdCGiAdUoCpfk5TxOKHR5vNKegvvLCfvww%3D%3D", "fragment_base_url": "https://r7---sn-5njj-u2xl.googlevideo.com/videoplayback/expire/1613497699/ei/A7ErYJKZK5CMgAOzsJTYAw/ip/140.109.135.76/id/d31c853b63604be2/itag/135/source/yt_otf/requiressl/yes/mh/yZ/mm/31,29/mn/sn-5njj-u2xl,sn-un57en7s/ms/au,rdu/mv/m/mvi/7/pl/16/initcwndbps/632500/vprv/1/ratebypass/yes/mime/video%2Fmp4/otfp/1/otf/1/lmt/1544513753427573/mt/1613475902/fvip/4/keepalive/yes/sparams/expire,ei,ip,id,itag,source,requiressl,vprv,ratebypass,mime,otfp,otf,lmt/sig/AOq0QJ8wRQIhAMKTV7raFKcdSmQwu2Z5RQJP6ACOFRTeRQCBl9oDO_PCAiAJFcso2z1ZN1agnCX0WL2wWIvoktFomfgL0Sl2JCsQHw%3D%3D/lsparams/mh,mm,mn,ms,mv,mvi,pl,initcwndbps/lsig/AG3C_xAwRAIgGYycdcga1gy90XML2ecJwhdZF2DAvfhhcn23yi4HJokCIC41AhVzP70ftIHPtfc37HpewHK2x2cRTJCRFa9ROGqM/", "fragments": [{"path": "sq/0"}, {"path": "sq/1/dur/5.339", "duration": 5.339}, {"path": "sq/2/dur/5.338", "duration": 5.338}, {"path": "sq/3/dur/5.339", "duration": 5.339}, {"path": "sq/4/dur/5.339", "duration": 5.339}, {"path": "sq/5/dur/5.338", "duration": 5.338}, {"path": "sq/6/dur/5.339", "duration": 5.339}, {"path": "sq/7/dur/5.339", "duration": 5.339}, {"path": "sq/8/dur/5.338", "duration": 5.338}, {"path": "sq/9/dur/5.339", "duration": 5.339}, {"path": "sq/10/dur/5.339", "duration": 5.339}, {"path": "sq/11/dur/5.338", "duration": 5.338}, {"path": "sq/12/dur/5.339", "duration": 5.339}, {"path": "sq/13/dur/5.339", "duration": 5.339}, {"path": "sq/14/dur/5.338", "duration": 5.338}, {"path": "sq/15/dur/5.339", "duration": 5.339}, {"path": "sq/16/dur/5.339", "duration": 5.339}, {"path": "sq/17/dur/5.338", "duration": 5.338}, {"path": "sq/18/dur/5.339", "duration": 5.339}, {"path": "sq/19/dur/5.339", "duration": 5.339}, {"path": "sq/20/dur/5.338", "duration": 5.338}, {"path": "sq/21/dur/5.339", "duration": 5.339}, {"path": "sq/22/dur/5.339", "duration": 5.339}, {"path": "sq/23/dur/5.338", "duration": 5.338}, {"path": "sq/24/dur/5.339", "duration": 5.339}, {"path": "sq/25/dur/5.339", "duration": 5.339}, {"path": "sq/26/dur/5.338", "duration": 5.338}, {"path": "sq/27/dur/5.339", "duration": 5.339}, {"path": "sq/28/dur/5.339", "duration": 5.339}, {"path": "sq/29/dur/5.338", "duration": 5.338}, {"path": "sq/30/dur/5.339", "duration": 5.339}, {"path": "sq/31/dur/5.339", "duration": 5.339}, {"path": "sq/32/dur/5.338", "duration": 5.338}, {"path": "sq/33/dur/5.339", "duration": 5.339}, {"path": "sq/34/dur/5.339", "duration": 5.339}, {"path": "sq/35/dur/5.338", "duration": 5.338}, {"path": "sq/36/dur/5.339", "duration": 5.339}, {"path": "sq/37/dur/5.339", "duration": 5.339}, {"path": "sq/38/dur/4.438", "duration": 4.438}], "protocol": "http_dash_segments", "format": "135 - 854x480 (DASH video)", "http_headers": {"User-Agent": "Mozilla/5.0 (Windows NT 10.0; Win64; x64) AppleWebKit/537.36 (KHTML, like Gecko) Chrome/74.0.3729.24 Safari/537.36", "Accept-Charset": "ISO-8859-1,utf-8;q=0.7,*;q=0.7", "Accept": "text/html,application/xhtml+xml,application/xml;q=0.9,*/*;q=0.8", "Accept-Encoding": "gzip, deflate", "Accept-Language": "en-us,en;q=0.5"}}, {"ext": "webm", "height": 720, "format_note": "DASH video", "vcodec": "vp9", "format_id": "247", "manifest_url": "https://manifest.googlevideo.com/api/manifest/dash/expire/1613497699/ei/A7ErYJKZK5CMgAOzsJTYAw/ip/140.109.135.76/id/d31c853b63604be2/source/youtube/requiressl/yes/playback_host/r7---sn-5njj-u2xl.googlevideo.com/mh/yZ/mm/31%2C29/mn/sn-5njj-u2xl%2Csn-un57en7s/ms/au%2Crdu/mv/m/mvi/7/pl/16/hfr/all/as/fmp4_audio_clear%2Cwebm_audio_clear%2Cwebm2_audio_clear%2Cfmp4_sd_hd_clear%2Cwebm2_sd_hd_clear/initcwndbps/632500/vprv/1/mt/1613475902/fvip/4/keepalive/yes/itag/0/sparams/expire%2Cei%2Cip%2Cid%2Csource%2Crequiressl%2Chfr%2Cas%2Cvprv%2Citag/sig/AOq0QJ8wRgIhANh6oWqFwuWk5_xJ2SwVawTZeU0n6U6PvOXFdraVBBw3AiEAvfOd8VILmcL3ZgjhRp9XMey_aYmqo_opvGYMvMOSTTI%3D/lsparams/playback_host%2Cmh%2Cmm%2Cmn%2Cms%2Cmv%2Cmvi%2Cpl%2Cinitcwndbps/lsig/AG3C_xAwRQIgcFv7jgujIcl3T1S-7AgVPTkWMOaWVQoWvree4EEpF4sCIQDU2vOfPNDGpdCGiAdUoCpfk5TxOKHR5vNKegvvLCfvww%3D%3D", "width": 1280, "tbr": 1505.28, "asr": null, "fps": 30, "language": null, "filesize": null, "container": "webm_dash", "acodec": "none", "url": "https://manifest.googlevideo.com/api/manifest/dash/expire/1613497699/ei/A7ErYJKZK5CMgAOzsJTYAw/ip/140.109.135.76/id/d31c853b63604be2/source/youtube/requiressl/yes/playback_host/r7---sn-5njj-u2xl.googlevideo.com/mh/yZ/mm/31%2C29/mn/sn-5njj-u2xl%2Csn-un57en7s/ms/au%2Crdu/mv/m/mvi/7/pl/16/hfr/all/as/fmp4_audio_clear%2Cwebm_audio_clear%2Cwebm2_audio_clear%2Cfmp4_sd_hd_clear%2Cwebm2_sd_hd_clear/initcwndbps/632500/vprv/1/mt/1613475902/fvip/4/keepalive/yes/itag/0/sparams/expire%2Cei%2Cip%2Cid%2Csource%2Crequiressl%2Chfr%2Cas%2Cvprv%2Citag/sig/AOq0QJ8wRgIhANh6oWqFwuWk5_xJ2SwVawTZeU0n6U6PvOXFdraVBBw3AiEAvfOd8VILmcL3ZgjhRp9XMey_aYmqo_opvGYMvMOSTTI%3D/lsparams/playback_host%2Cmh%2Cmm%2Cmn%2Cms%2Cmv%2Cmvi%2Cpl%2Cinitcwndbps/lsig/AG3C_xAwRQIgcFv7jgujIcl3T1S-7AgVPTkWMOaWVQoWvree4EEpF4sCIQDU2vOfPNDGpdCGiAdUoCpfk5TxOKHR5vNKegvvLCfvww%3D%3D", "fragment_base_url": "https://r7---sn-5njj-u2xl.googlevideo.com/videoplayback/expire/1613497699/ei/A7ErYJKZK5CMgAOzsJTYAw/ip/140.109.135.76/id/d31c853b63604be2/itag/247/source/yt_otf/requiressl/yes/mh/yZ/mm/31,29/mn/sn-5njj-u2xl,sn-un57en7s/ms/au,rdu/mv/m/mvi/7/pl/16/initcwndbps/632500/vprv/1/ratebypass/yes/mime/video%2Fwebm/otfp/1/otf/1/lmt/1544513753427573/mt/1613475902/fvip/4/keepalive/yes/sparams/expire,ei,ip,id,itag,source,requiressl,vprv,ratebypass,mime,otfp,otf,lmt/sig/AOq0QJ8wRQIhAMBA21aysE76OPKMCN3Ntn0gRheM2mjK7djk6-D4kKU3AiArOyPzooCIR2gtBmH8Dkjb2k3rlP5SpXXtR3ZlGPwgaA%3D%3D/lsparams/mh,mm,mn,ms,mv,mvi,pl,initcwndbps/lsig/AG3C_xAwRgIhAPTSHDkVTArXnj8OSAYrYq-XEoKsyowH39YOEPjqelokAiEA2-z6aXbSmngAGR7bUrVd5he16I_GOY4DjVpzgqa1-yY%3D/", "fragments": [{"path": "sq/0"}, {"path": "sq/1/dur/5.339", "duration": 5.339}, {"path": "sq/2/dur/5.338", "duration": 5.338}, {"path": "sq/3/dur/5.339", "duration": 5.339}, {"path": "sq/4/dur/5.339", "duration": 5.339}, {"path": "sq/5/dur/5.338", "duration": 5.338}, {"path": "sq/6/dur/5.339", "duration": 5.339}, {"path": "sq/7/dur/5.339", "duration": 5.339}, {"path": "sq/8/dur/5.338", "duration": 5.338}, {"path": "sq/9/dur/5.339", "duration": 5.339}, {"path": "sq/10/dur/5.339", "duration": 5.339}, {"path": "sq/11/dur/5.338", "duration": 5.338}, {"path": "sq/12/dur/5.339", "duration": 5.339}, {"path": "sq/13/dur/5.339", "duration": 5.339}, {"path": "sq/14/dur/5.338", "duration": 5.338}, {"path": "sq/15/dur/5.339", "duration": 5.339}, {"path": "sq/16/dur/5.339", "duration": 5.339}, {"path": "sq/17/dur/5.338", "duration": 5.338}, {"path": "sq/18/dur/5.339", "duration": 5.339}, {"path": "sq/19/dur/5.339", "duration": 5.339}, {"path": "sq/20/dur/5.338", "duration": 5.338}, {"path": "sq/21/dur/5.339", "duration": 5.339}, {"path": "sq/22/dur/5.339", "duration": 5.339}, {"path": "sq/23/dur/5.338", "duration": 5.338}, {"path": "sq/24/dur/5.339", "duration": 5.339}, {"path": "sq/25/dur/5.339", "duration": 5.339}, {"path": "sq/26/dur/5.338", "duration": 5.338}, {"path": "sq/27/dur/5.339", "duration": 5.339}, {"path": "sq/28/dur/5.339", "duration": 5.339}, {"path": "sq/29/dur/5.338", "duration": 5.338}, {"path": "sq/30/dur/5.339", "duration": 5.339}, {"path": "sq/31/dur/5.339", "duration": 5.339}, {"path": "sq/32/dur/5.338", "duration": 5.338}, {"path": "sq/33/dur/5.339", "duration": 5.339}, {"path": "sq/34/dur/5.339", "duration": 5.339}, {"path": "sq/35/dur/5.338", "duration": 5.338}, {"path": "sq/36/dur/5.339", "duration": 5.339}, {"path": "sq/37/dur/5.339", "duration": 5.339}, {"path": "sq/38/dur/4.438", "duration": 4.438}], "protocol": "http_dash_segments", "format": "247 - 1280x720 (DASH video)", "http_headers": {"User-Agent": "Mozilla/5.0 (Windows NT 10.0; Win64; x64) AppleWebKit/537.36 (KHTML, like Gecko) Chrome/74.0.3729.24 Safari/537.36", "Accept-Charset": "ISO-8859-1,utf-8;q=0.7,*;q=0.7", "Accept": "text/html,application/xhtml+xml,application/xml;q=0.9,*/*;q=0.8", "Accept-Encoding": "gzip, deflate", "Accept-Language": "en-us,en;q=0.5"}}, {"ext": "mp4", "height": 720, "format_note": "DASH video", "vcodec": "avc1.4d4016", "format_id": "136", "manifest_url": "https://manifest.googlevideo.com/api/manifest/dash/expire/1613497699/ei/A7ErYJKZK5CMgAOzsJTYAw/ip/140.109.135.76/id/d31c853b63604be2/source/youtube/requiressl/yes/playback_host/r7---sn-5njj-u2xl.googlevideo.com/mh/yZ/mm/31%2C29/mn/sn-5njj-u2xl%2Csn-un57en7s/ms/au%2Crdu/mv/m/mvi/7/pl/16/hfr/all/as/fmp4_audio_clear%2Cwebm_audio_clear%2Cwebm2_audio_clear%2Cfmp4_sd_hd_clear%2Cwebm2_sd_hd_clear/initcwndbps/632500/vprv/1/mt/1613475902/fvip/4/keepalive/yes/itag/0/sparams/expire%2Cei%2Cip%2Cid%2Csource%2Crequiressl%2Chfr%2Cas%2Cvprv%2Citag/sig/AOq0QJ8wRgIhANh6oWqFwuWk5_xJ2SwVawTZeU0n6U6PvOXFdraVBBw3AiEAvfOd8VILmcL3ZgjhRp9XMey_aYmqo_opvGYMvMOSTTI%3D/lsparams/playback_host%2Cmh%2Cmm%2Cmn%2Cms%2Cmv%2Cmvi%2Cpl%2Cinitcwndbps/lsig/AG3C_xAwRQIgcFv7jgujIcl3T1S-7AgVPTkWMOaWVQoWvree4EEpF4sCIQDU2vOfPNDGpdCGiAdUoCpfk5TxOKHR5vNKegvvLCfvww%3D%3D", "width": 1280, "tbr": 2310.0, "asr": null, "fps": 30, "language": null, "filesize": null, "container": "mp4_dash", "acodec": "none", "url": "https://manifest.googlevideo.com/api/manifest/dash/expire/1613497699/ei/A7ErYJKZK5CMgAOzsJTYAw/ip/140.109.135.76/id/d31c853b63604be2/source/youtube/requiressl/yes/playback_host/r7---sn-5njj-u2xl.googlevideo.com/mh/yZ/mm/31%2C29/mn/sn-5njj-u2xl%2Csn-un57en7s/ms/au%2Crdu/mv/m/mvi/7/pl/16/hfr/all/as/fmp4_audio_clear%2Cwebm_audio_clear%2Cwebm2_audio_clear%2Cfmp4_sd_hd_clear%2Cwebm2_sd_hd_clear/initcwndbps/632500/vprv/1/mt/1613475902/fvip/4/keepalive/yes/itag/0/sparams/expire%2Cei%2Cip%2Cid%2Csource%2Crequiressl%2Chfr%2Cas%2Cvprv%2Citag/sig/AOq0QJ8wRgIhANh6oWqFwuWk5_xJ2SwVawTZeU0n6U6PvOXFdraVBBw3AiEAvfOd8VILmcL3ZgjhRp9XMey_aYmqo_opvGYMvMOSTTI%3D/lsparams/playback_host%2Cmh%2Cmm%2Cmn%2Cms%2Cmv%2Cmvi%2Cpl%2Cinitcwndbps/lsig/AG3C_xAwRQIgcFv7jgujIcl3T1S-7AgVPTkWMOaWVQoWvree4EEpF4sCIQDU2vOfPNDGpdCGiAdUoCpfk5TxOKHR5vNKegvvLCfvww%3D%3D", "fragment_base_url": "https://r7---sn-5njj-u2xl.googlevideo.com/videoplayback/expire/1613497699/ei/A7ErYJKZK5CMgAOzsJTYAw/ip/140.109.135.76/id/d31c853b63604be2/itag/136/source/yt_otf/requiressl/yes/mh/yZ/mm/31,29/mn/sn-5njj-u2xl,sn-un57en7s/ms/au,rdu/mv/m/mvi/7/pl/16/initcwndbps/632500/vprv/1/ratebypass/yes/mime/video%2Fmp4/otfp/1/otf/1/lmt/1544513753427573/mt/1613475902/fvip/4/keepalive/yes/sparams/expire,ei,ip,id,itag,source,requiressl,vprv,ratebypass,mime,otfp,otf,lmt/sig/AOq0QJ8wRgIhAJsqxC_LBa8SYxl4tgfL5jtAX6cBKkyjAp6e9qRKYZtXAiEAgBj0IhTz9wYUqzuOQLgGEQn492yYHwEMo8If_Dn9eYI%3D/lsparams/mh,mm,mn,ms,mv,mvi,pl,initcwndbps/lsig/AG3C_xAwRQIhAPTZVo1TjUUBRjwSm-ub2g4RPMJKOQLU4mzxU0AGKtXPAiAesRhrwJu7AUh2XY290_YKlC8wU8-ax4qEdkx1vrznMA%3D%3D/", "fragments": [{"path": "sq/0"}, {"path": "sq/1/dur/5.339", "duration": 5.339}, {"path": "sq/2/dur/5.338", "duration": 5.338}, {"path": "sq/3/dur/5.339", "duration": 5.339}, {"path": "sq/4/dur/5.339", "duration": 5.339}, {"path": "sq/5/dur/5.338", "duration": 5.338}, {"path": "sq/6/dur/5.339", "duration": 5.339}, {"path": "sq/7/dur/5.339", "duration": 5.339}, {"path": "sq/8/dur/5.338", "duration": 5.338}, {"path": "sq/9/dur/5.339", "duration": 5.339}, {"path": "sq/10/dur/5.339", "duration": 5.339}, {"path": "sq/11/dur/5.338", "duration": 5.338}, {"path": "sq/12/dur/5.339", "duration": 5.339}, {"path": "sq/13/dur/5.339", "duration": 5.339}, {"path": "sq/14/dur/5.338", "duration": 5.338}, {"path": "sq/15/dur/5.339", "duration": 5.339}, {"path": "sq/16/dur/5.339", "duration": 5.339}, {"path": "sq/17/dur/5.338", "duration": 5.338}, {"path": "sq/18/dur/5.339", "duration": 5.339}, {"path": "sq/19/dur/5.339", "duration": 5.339}, {"path": "sq/20/dur/5.338", "duration": 5.338}, {"path": "sq/21/dur/5.339", "duration": 5.339}, {"path": "sq/22/dur/5.339", "duration": 5.339}, {"path": "sq/23/dur/5.338", "duration": 5.338}, {"path": "sq/24/dur/5.339", "duration": 5.339}, {"path": "sq/25/dur/5.339", "duration": 5.339}, {"path": "sq/26/dur/5.338", "duration": 5.338}, {"path": "sq/27/dur/5.339", "duration": 5.339}, {"path": "sq/28/dur/5.339", "duration": 5.339}, {"path": "sq/29/dur/5.338", "duration": 5.338}, {"path": "sq/30/dur/5.339", "duration": 5.339}, {"path": "sq/31/dur/5.339", "duration": 5.339}, {"path": "sq/32/dur/5.338", "duration": 5.338}, {"path": "sq/33/dur/5.339", "duration": 5.339}, {"path": "sq/34/dur/5.339", "duration": 5.339}, {"path": "sq/35/dur/5.338", "duration": 5.338}, {"path": "sq/36/dur/5.339", "duration": 5.339}, {"path": "sq/37/dur/5.339", "duration": 5.339}, {"path": "sq/38/dur/4.438", "duration": 4.438}], "protocol": "http_dash_segments", "format": "136 - 1280x720 (DASH video)", "http_headers": {"User-Agent": "Mozilla/5.0 (Windows NT 10.0; Win64; x64) AppleWebKit/537.36 (KHTML, like Gecko) Chrome/74.0.3729.24 Safari/537.36", "Accept-Charset": "ISO-8859-1,utf-8;q=0.7,*;q=0.7", "Accept": "text/html,application/xhtml+xml,application/xml;q=0.9,*/*;q=0.8", "Accept-Encoding": "gzip, deflate", "Accept-Language": "en-us,en;q=0.5"}}, {"ext": "webm", "height": 1080, "format_note": "DASH video", "vcodec": "vp9", "format_id": "248", "manifest_url": "https://manifest.googlevideo.com/api/manifest/dash/expire/1613497699/ei/A7ErYJKZK5CMgAOzsJTYAw/ip/140.109.135.76/id/d31c853b63604be2/source/youtube/requiressl/yes/playback_host/r7---sn-5njj-u2xl.googlevideo.com/mh/yZ/mm/31%2C29/mn/sn-5njj-u2xl%2Csn-un57en7s/ms/au%2Crdu/mv/m/mvi/7/pl/16/hfr/all/as/fmp4_audio_clear%2Cwebm_audio_clear%2Cwebm2_audio_clear%2Cfmp4_sd_hd_clear%2Cwebm2_sd_hd_clear/initcwndbps/632500/vprv/1/mt/1613475902/fvip/4/keepalive/yes/itag/0/sparams/expire%2Cei%2Cip%2Cid%2Csource%2Crequiressl%2Chfr%2Cas%2Cvprv%2Citag/sig/AOq0QJ8wRgIhANh6oWqFwuWk5_xJ2SwVawTZeU0n6U6PvOXFdraVBBw3AiEAvfOd8VILmcL3ZgjhRp9XMey_aYmqo_opvGYMvMOSTTI%3D/lsparams/playback_host%2Cmh%2Cmm%2Cmn%2Cms%2Cmv%2Cmvi%2Cpl%2Cinitcwndbps/lsig/AG3C_xAwRQIgcFv7jgujIcl3T1S-7AgVPTkWMOaWVQoWvree4EEpF4sCIQDU2vOfPNDGpdCGiAdUoCpfk5TxOKHR5vNKegvvLCfvww%3D%3D", "width": 1920, "tbr": 2646.0, "asr": null, "fps": 30, "language": null, "filesize": null, "container": "webm_dash", "acodec": "none", "url": "https://manifest.googlevideo.com/api/manifest/dash/expire/1613497699/ei/A7ErYJKZK5CMgAOzsJTYAw/ip/140.109.135.76/id/d31c853b63604be2/source/youtube/requiressl/yes/playback_host/r7---sn-5njj-u2xl.googlevideo.com/mh/yZ/mm/31%2C29/mn/sn-5njj-u2xl%2Csn-un57en7s/ms/au%2Crdu/mv/m/mvi/7/pl/16/hfr/all/as/fmp4_audio_clear%2Cwebm_audio_clear%2Cwebm2_audio_clear%2Cfmp4_sd_hd_clear%2Cwebm2_sd_hd_clear/initcwndbps/632500/vprv/1/mt/1613475902/fvip/4/keepalive/yes/itag/0/sparams/expire%2Cei%2Cip%2Cid%2Csource%2Crequiressl%2Chfr%2Cas%2Cvprv%2Citag/sig/AOq0QJ8wRgIhANh6oWqFwuWk5_xJ2SwVawTZeU0n6U6PvOXFdraVBBw3AiEAvfOd8VILmcL3ZgjhRp9XMey_aYmqo_opvGYMvMOSTTI%3D/lsparams/playback_host%2Cmh%2Cmm%2Cmn%2Cms%2Cmv%2Cmvi%2Cpl%2Cinitcwndbps/lsig/AG3C_xAwRQIgcFv7jgujIcl3T1S-7AgVPTkWMOaWVQoWvree4EEpF4sCIQDU2vOfPNDGpdCGiAdUoCpfk5TxOKHR5vNKegvvLCfvww%3D%3D", "fragment_base_url": "https://r7---sn-5njj-u2xl.googlevideo.com/videoplayback/expire/1613497699/ei/A7ErYJKZK5CMgAOzsJTYAw/ip/140.109.135.76/id/d31c853b63604be2/itag/248/source/yt_otf/requiressl/yes/mh/yZ/mm/31,29/mn/sn-5njj-u2xl,sn-un57en7s/ms/au,rdu/mv/m/mvi/7/pl/16/initcwndbps/632500/vprv/1/ratebypass/yes/mime/video%2Fwebm/otfp/1/otf/1/lmt/1544513753427573/mt/1613475902/fvip/4/keepalive/yes/sparams/expire,ei,ip,id,itag,source,requiressl,vprv,ratebypass,mime,otfp,otf,lmt/sig/AOq0QJ8wRgIhAPttc4w6cLYiHtkLRAEKxRtiSCDXIkLymNicbTj0AX_DAiEA0tDByQLXVYPNmIRFdvUmjvwx-ObK7jqWFs1v6_gy-CQ%3D/lsparams/mh,mm,mn,ms,mv,mvi,pl,initcwndbps/lsig/AG3C_xAwRQIhAP8X6HPzwTGTjFV7FrBh6JsMb6edn_Dtyc9Snd_2ogCJAiBjZTwfkjWztdQmaZuQqIHFUbRyswc8YAC2QL75sVbJeg%3D%3D/", "fragments": [{"path": "sq/0"}, {"path": "sq/1/dur/5.339", "duration": 5.339}, {"path": "sq/2/dur/5.338", "duration": 5.338}, {"path": "sq/3/dur/5.339", "duration": 5.339}, {"path": "sq/4/dur/5.339", "duration": 5.339}, {"path": "sq/5/dur/5.338", "duration": 5.338}, {"path": "sq/6/dur/5.339", "duration": 5.339}, {"path": "sq/7/dur/5.339", "duration": 5.339}, {"path": "sq/8/dur/5.338", "duration": 5.338}, {"path": "sq/9/dur/5.339", "duration": 5.339}, {"path": "sq/10/dur/5.339", "duration": 5.339}, {"path": "sq/11/dur/5.338", "duration": 5.338}, {"path": "sq/12/dur/5.339", "duration": 5.339}, {"path": "sq/13/dur/5.339", "duration": 5.339}, {"path": "sq/14/dur/5.338", "duration": 5.338}, {"path": "sq/15/dur/5.339", "duration": 5.339}, {"path": "sq/16/dur/5.339", "duration": 5.339}, {"path": "sq/17/dur/5.338", "duration": 5.338}, {"path": "sq/18/dur/5.339", "duration": 5.339}, {"path": "sq/19/dur/5.339", "duration": 5.339}, {"path": "sq/20/dur/5.338", "duration": 5.338}, {"path": "sq/21/dur/5.339", "duration": 5.339}, {"path": "sq/22/dur/5.339", "duration": 5.339}, {"path": "sq/23/dur/5.338", "duration": 5.338}, {"path": "sq/24/dur/5.339", "duration": 5.339}, {"path": "sq/25/dur/5.339", "duration": 5.339}, {"path": "sq/26/dur/5.338", "duration": 5.338}, {"path": "sq/27/dur/5.339", "duration": 5.339}, {"path": "sq/28/dur/5.339", "duration": 5.339}, {"path": "sq/29/dur/5.338", "duration": 5.338}, {"path": "sq/30/dur/5.339", "duration": 5.339}, {"path": "sq/31/dur/5.339", "duration": 5.339}, {"path": "sq/32/dur/5.338", "duration": 5.338}, {"path": "sq/33/dur/5.339", "duration": 5.339}, {"path": "sq/34/dur/5.339", "duration": 5.339}, {"path": "sq/35/dur/5.338", "duration": 5.338}, {"path": "sq/36/dur/5.339", "duration": 5.339}, {"path": "sq/37/dur/5.339", "duration": 5.339}, {"path": "sq/38/dur/4.438", "duration": 4.438}], "protocol": "http_dash_segments", "format": "248 - 1920x1080 (DASH video)", "http_headers": {"User-Agent": "Mozilla/5.0 (Windows NT 10.0; Win64; x64) AppleWebKit/537.36 (KHTML, like Gecko) Chrome/74.0.3729.24 Safari/537.36", "Accept-Charset": "ISO-8859-1,utf-8;q=0.7,*;q=0.7", "Accept": "text/html,application/xhtml+xml,application/xml;q=0.9,*/*;q=0.8", "Accept-Encoding": "gzip, deflate", "Accept-Language": "en-us,en;q=0.5"}}, {"ext": "mp4", "height": 1080, "format_note": "DASH video", "vcodec": "avc1.640028", "format_id": "137", "manifest_url": "https://manifest.googlevideo.com/api/manifest/dash/expire/1613497699/ei/A7ErYJKZK5CMgAOzsJTYAw/ip/140.109.135.76/id/d31c853b63604be2/source/youtube/requiressl/yes/playback_host/r7---sn-5njj-u2xl.googlevideo.com/mh/yZ/mm/31%2C29/mn/sn-5njj-u2xl%2Csn-un57en7s/ms/au%2Crdu/mv/m/mvi/7/pl/16/hfr/all/as/fmp4_audio_clear%2Cwebm_audio_clear%2Cwebm2_audio_clear%2Cfmp4_sd_hd_clear%2Cwebm2_sd_hd_clear/initcwndbps/632500/vprv/1/mt/1613475902/fvip/4/keepalive/yes/itag/0/sparams/expire%2Cei%2Cip%2Cid%2Csource%2Crequiressl%2Chfr%2Cas%2Cvprv%2Citag/sig/AOq0QJ8wRgIhANh6oWqFwuWk5_xJ2SwVawTZeU0n6U6PvOXFdraVBBw3AiEAvfOd8VILmcL3ZgjhRp9XMey_aYmqo_opvGYMvMOSTTI%3D/lsparams/playback_host%2Cmh%2Cmm%2Cmn%2Cms%2Cmv%2Cmvi%2Cpl%2Cinitcwndbps/lsig/AG3C_xAwRQIgcFv7jgujIcl3T1S-7AgVPTkWMOaWVQoWvree4EEpF4sCIQDU2vOfPNDGpdCGiAdUoCpfk5TxOKHR5vNKegvvLCfvww%3D%3D", "width": 1920, "tbr": 3330.953, "asr": null, "fps": 30, "language": null, "filesize": null, "container": "mp4_dash", "acodec": "none", "url": "https://manifest.googlevideo.com/api/manifest/dash/expire/1613497699/ei/A7ErYJKZK5CMgAOzsJTYAw/ip/140.109.135.76/id/d31c853b63604be2/source/youtube/requiressl/yes/playback_host/r7---sn-5njj-u2xl.googlevideo.com/mh/yZ/mm/31%2C29/mn/sn-5njj-u2xl%2Csn-un57en7s/ms/au%2Crdu/mv/m/mvi/7/pl/16/hfr/all/as/fmp4_audio_clear%2Cwebm_audio_clear%2Cwebm2_audio_clear%2Cfmp4_sd_hd_clear%2Cwebm2_sd_hd_clear/initcwndbps/632500/vprv/1/mt/1613475902/fvip/4/keepalive/yes/itag/0/sparams/expire%2Cei%2Cip%2Cid%2Csource%2Crequiressl%2Chfr%2Cas%2Cvprv%2Citag/sig/AOq0QJ8wRgIhANh6oWqFwuWk5_xJ2SwVawTZeU0n6U6PvOXFdraVBBw3AiEAvfOd8VILmcL3ZgjhRp9XMey_aYmqo_opvGYMvMOSTTI%3D/lsparams/playback_host%2Cmh%2Cmm%2Cmn%2Cms%2Cmv%2Cmvi%2Cpl%2Cinitcwndbps/lsig/AG3C_xAwRQIgcFv7jgujIcl3T1S-7AgVPTkWMOaWVQoWvree4EEpF4sCIQDU2vOfPNDGpdCGiAdUoCpfk5TxOKHR5vNKegvvLCfvww%3D%3D", "fragment_base_url": "https://r7---sn-5njj-u2xl.googlevideo.com/videoplayback/expire/1613497699/ei/A7ErYJKZK5CMgAOzsJTYAw/ip/140.109.135.76/id/d31c853b63604be2/itag/137/source/youtube/requiressl/yes/mh/yZ/mm/31,29/mn/sn-5njj-u2xl,sn-un57en7s/ms/au,rdu/mv/m/mvi/7/pl/16/initcwndbps/632500/vprv/1/ratebypass/yes/mime/video%2Fmp4/otfp/1/gir/yes/clen/74248342/lmt/1544513753427573/dur/201.968/mt/1613475902/fvip/4/keepalive/yes/sparams/expire,ei,ip,id,itag,source,requiressl,vprv,ratebypass,mime,otfp,gir,clen,lmt,dur/sig/AOq0QJ8wRQIhALsJXb8yYCiJfKpOKF8ws6-fRuqkq5rihmcQGB_-A4vLAiBdSa96bh_tMH0FrNvenOUswUJ5-DNYODB-0FwDTHqQjw%3D%3D/lsparams/mh,mm,mn,ms,mv,mvi,pl,initcwndbps/lsig/AG3C_xAwRAIgMXhW9mV7NBfB8w-n0quA60Owl0wNUfA0TdBPVSCd_cUCIFl1hYrjmEk7BQxUFwoDH3dAxXqBzk1KrPh_dNVRVStv/", "fragments": [{"path": "range/0-764"}, {"path": "range/1253-1801108", "duration": 5.339}, {"path": "range/1801109-3752607", "duration": 5.338}, {"path": "range/3752608-5493150", "duration": 5.339}, {"path": "range/5493151-7219364", "duration": 5.339}, {"path": "range/7219365-8952326", "duration": 5.338}, {"path": "range/8952327-10843267", "duration": 5.339}, {"path": "range/10843268-12697503", "duration": 5.339}, {"path": "range/12697504-14702366", "duration": 5.338}, {"path": "range/14702367-16737982", "duration": 5.339}, {"path": "range/16737983-18742075", "duration": 5.339}, {"path": "range/18742076-20765183", "duration": 5.338}, {"path": "range/20765184-22901926", "duration": 5.339}, {"path": "range/22901927-24944549", "duration": 5.339}, {"path": "range/24944550-26990644", "duration": 5.338}, {"path": "range/26990645-29094646", "duration": 5.339}, {"path": "range/29094647-31079892", "duration": 5.339}, {"path": "range/31079893-33066917", "duration": 5.338}, {"path": "range/33066918-35201210", "duration": 5.339}, {"path": "range/35201211-37329399", "duration": 5.339}, {"path": "range/37329400-39432368", "duration": 5.338}, {"path": "range/39432369-41462970", "duration": 5.339}, {"path": "range/41462971-43556295", "duration": 5.339}, {"path": "range/43556296-45576095", "duration": 5.338}, {"path": "range/45576096-47717064", "duration": 5.339}, {"path": "range/47717065-49772500", "duration": 5.339}, {"path": "range/49772501-51865499", "duration": 5.338}, {"path": "range/51865500-54088494", "duration": 5.339}, {"path": "range/54088495-56167010", "duration": 5.339}, {"path": "range/56167011-58188656", "duration": 5.338}, {"path": "range/58188657-60174170", "duration": 5.339}, {"path": "range/60174171-61969533", "duration": 5.339}, {"path": "range/61969534-63820837", "duration": 5.338}, {"path": "range/63820838-65524263", "duration": 5.339}, {"path": "range/65524264-67220223", "duration": 5.339}, {"path": "range/67220224-68994825", "duration": 5.338}, {"path": "range/68994826-70745001", "duration": 5.339}, {"path": "range/70745002-72587743", "duration": 5.339}, {"path": "range/72587744-74248341", "duration": 4.438}], "protocol": "http_dash_segments", "format": "137 - 1920x1080 (DASH video)", "http_headers": {"User-Agent": "Mozilla/5.0 (Windows NT 10.0; Win64; x64) AppleWebKit/537.36 (KHTML, like Gecko) Chrome/74.0.3729.24 Safari/537.36", "Accept-Charset": "ISO-8859-1,utf-8;q=0.7,*;q=0.7", "Accept": "text/html,application/xhtml+xml,application/xml;q=0.9,*/*;q=0.8", "Accept-Encoding": "gzip, deflate", "Accept-Language": "en-us,en;q=0.5"}}, {"format_id": "18", "url": "https://r7---sn-5njj-u2xl.googlevideo.com/videoplayback?expire=1613497699&ei=A7ErYJKZK5CMgAOzsJTYAw&ip=140.109.135.76&id=o-ABwPd6j0LCr5lxVQeWbdFyN1fjTuDP5-k-IF89SttEqz&itag=18&source=youtube&requiressl=yes&mh=yZ&mm=31%2C29&mn=sn-5njj-u2xl%2Csn-un57en7s&ms=au%2Crdu&mv=m&mvi=7&pl=16&initcwndbps=632500&vprv=1&mime=video%2Fmp4&ns=twspkJSkkwXOo45drr4KhfEF&gir=yes&clen=17474909&ratebypass=yes&dur=202.036&lmt=1544513732216465&mt=1613475902&fvip=4&c=WEB&txp=2211222&n=avlk3L2xqMLz4e5Xjk&sparams=expire%2Cei%2Cip%2Cid%2Citag%2Csource%2Crequiressl%2Cvprv%2Cmime%2Cns%2Cgir%2Cclen%2Cratebypass%2Cdur%2Clmt&sig=AOq0QJ8wRgIhALx36m_aaTHYylDmZyu4UbRF8GIQKDBpPY5Iuqf1MJRzAiEAxwKhke_X4V6psEub7kMZ9b_12zAZKBsK-fxn29w8Tcw%3D&lsparams=mh%2Cmm%2Cmn%2Cms%2Cmv%2Cmvi%2Cpl%2Cinitcwndbps&lsig=AG3C_xAwRQIgFPCIE16hYW1QdhD1Z6ny6fMlBEJfO2A-PTNvD9W91t4CIQDyHEqRP8LIkYwj7uKvI3_wXve0eqRKwObCO8ShWOoJ1w%3D%3D", "player_url": null, "ext": "mp4", "width": 640, "height": 360, "acodec": "mp4a.40.2", "abr": 96, "vcodec": "avc1.42001E", "asr": 44100, "filesize": 17474909, "format_note": "360p", "fps": 30, "tbr": 692.188, "format": "18 - 640x360 (360p)", "protocol": "https", "http_headers": {"User-Agent": "Mozilla/5.0 (Windows NT 10.0; Win64; x64) AppleWebKit/537.36 (KHTML, like Gecko) Chrome/74.0.3729.24 Safari/537.36", "Accept-Charset": "ISO-8859-1,utf-8;q=0.7,*;q=0.7", "Accept": "text/html,application/xhtml+xml,application/xml;q=0.9,*/*;q=0.8", "Accept-Encoding": "gzip, deflate", "Accept-Language": "en-us,en;q=0.5"}}, {"format_id": "22", "url": "https://r7---sn-5njj-u2xl.googlevideo.com/videoplayback?expire=1613497699&ei=A7ErYJKZK5CMgAOzsJTYAw&ip=140.109.135.76&id=o-ABwPd6j0LCr5lxVQeWbdFyN1fjTuDP5-k-IF89SttEqz&itag=22&source=youtube&requiressl=yes&mh=yZ&mm=31%2C29&mn=sn-5njj-u2xl%2Csn-un57en7s&ms=au%2Crdu&mv=m&mvi=7&pl=16&initcwndbps=632500&vprv=1&mime=video%2Fmp4&ns=twspkJSkkwXOo45drr4KhfEF&ratebypass=yes&dur=202.036&lmt=1544513864820073&mt=1613475902&fvip=4&c=WEB&txp=2211222&n=avlk3L2xqMLz4e5Xjk&sparams=expire%2Cei%2Cip%2Cid%2Citag%2Csource%2Crequiressl%2Cvprv%2Cmime%2Cns%2Cratebypass%2Cdur%2Clmt&sig=AOq0QJ8wRgIhAM6d2G4nT3WxvGiXjmObj9SmzgDowu7aNbo_2zKbnlhjAiEAwzTGFa9sSultpn682GiwAQvzpsH82ntn4e6aQcL5Eyc%3D&lsparams=mh%2Cmm%2Cmn%2Cms%2Cmv%2Cmvi%2Cpl%2Cinitcwndbps&lsig=AG3C_xAwRQIgFPCIE16hYW1QdhD1Z6ny6fMlBEJfO2A-PTNvD9W91t4CIQDyHEqRP8LIkYwj7uKvI3_wXve0eqRKwObCO8ShWOoJ1w%3D%3D", "player_url": null, "ext": "mp4", "width": 1280, "height": 720, "acodec": "mp4a.40.2", "abr": 192, "vcodec": "avc1.64001F", "asr": 44100, "filesize": null, "format_note": "720p", "fps": 30, "tbr": 2795.463, "format": "22 - 1280x720 (720p)", "protocol": "https", "http_headers": {"User-Agent": "Mozilla/5.0 (Windows NT 10.0; Win64; x64) AppleWebKit/537.36 (KHTML, like Gecko) Chrome/74.0.3729.24 Safari/537.36", "Accept-Charset": "ISO-8859-1,utf-8;q=0.7,*;q=0.7", "Accept": "text/html,application/xhtml+xml,application/xml;q=0.9,*/*;q=0.8", "Accept-Encoding": "gzip, deflate", "Accept-Language": "en-us,en;q=0.5"}}], "is_live": null, "start_time": null, "end_time": null, "series": null, "season_number": null, "episode_number": null, "track": null, "artist": null, "album": null, "release_date": null, "release_year": null, "extractor": "youtube", "webpage_url_basename": "watch", "extractor_key": "Youtube", "playlist": null, "playlist_index": null, "thumbnail": "https://i.ytimg.com/vi_webp/0xyFO2NgS-I/maxresdefault.webp", "display_id": "0xyFO2NgS-I", "requested_subtitles": null, "ext": "webm", "format_note": "DASH audio", "acodec": "opus", "abr": 160, "format_id": "251", "manifest_url": "https://manifest.googlevideo.com/api/manifest/dash/expire/1613497699/ei/A7ErYJKZK5CMgAOzsJTYAw/ip/140.109.135.76/id/d31c853b63604be2/source/youtube/requiressl/yes/playback_host/r7---sn-5njj-u2xl.googlevideo.com/mh/yZ/mm/31%2C29/mn/sn-5njj-u2xl%2Csn-un57en7s/ms/au%2Crdu/mv/m/mvi/7/pl/16/hfr/all/as/fmp4_audio_clear%2Cwebm_audio_clear%2Cwebm2_audio_clear%2Cfmp4_sd_hd_clear%2Cwebm2_sd_hd_clear/initcwndbps/632500/vprv/1/mt/1613475902/fvip/4/keepalive/yes/itag/0/sparams/expire%2Cei%2Cip%2Cid%2Csource%2Crequiressl%2Chfr%2Cas%2Cvprv%2Citag/sig/AOq0QJ8wRgIhANh6oWqFwuWk5_xJ2SwVawTZeU0n6U6PvOXFdraVBBw3AiEAvfOd8VILmcL3ZgjhRp9XMey_aYmqo_opvGYMvMOSTTI%3D/lsparams/playback_host%2Cmh%2Cmm%2Cmn%2Cms%2Cmv%2Cmvi%2Cpl%2Cinitcwndbps/lsig/AG3C_xAwRQIgcFv7jgujIcl3T1S-7AgVPTkWMOaWVQoWvree4EEpF4sCIQDU2vOfPNDGpdCGiAdUoCpfk5TxOKHR5vNKegvvLCfvww%3D%3D", "width": null, "height": null, "tbr": 170.055, "asr": 48000, "fps": null, "language": null, "filesize": null, "container": "webm_dash", "vcodec": "none", "url": "https://manifest.googlevideo.com/api/manifest/dash/expire/1613497699/ei/A7ErYJKZK5CMgAOzsJTYAw/ip/140.109.135.76/id/d31c853b63604be2/source/youtube/requiressl/yes/playback_host/r7---sn-5njj-u2xl.googlevideo.com/mh/yZ/mm/31%2C29/mn/sn-5njj-u2xl%2Csn-un57en7s/ms/au%2Crdu/mv/m/mvi/7/pl/16/hfr/all/as/fmp4_audio_clear%2Cwebm_audio_clear%2Cwebm2_audio_clear%2Cfmp4_sd_hd_clear%2Cwebm2_sd_hd_clear/initcwndbps/632500/vprv/1/mt/1613475902/fvip/4/keepalive/yes/itag/0/sparams/expire%2Cei%2Cip%2Cid%2Csource%2Crequiressl%2Chfr%2Cas%2Cvprv%2Citag/sig/AOq0QJ8wRgIhANh6oWqFwuWk5_xJ2SwVawTZeU0n6U6PvOXFdraVBBw3AiEAvfOd8VILmcL3ZgjhRp9XMey_aYmqo_opvGYMvMOSTTI%3D/lsparams/playback_host%2Cmh%2Cmm%2Cmn%2Cms%2Cmv%2Cmvi%2Cpl%2Cinitcwndbps/lsig/AG3C_xAwRQIgcFv7jgujIcl3T1S-7AgVPTkWMOaWVQoWvree4EEpF4sCIQDU2vOfPNDGpdCGiAdUoCpfk5TxOKHR5vNKegvvLCfvww%3D%3D", "fragment_base_url": "https://r7---sn-5njj-u2xl.googlevideo.com/videoplayback/expire/1613497699/ei/A7ErYJKZK5CMgAOzsJTYAw/ip/140.109.135.76/id/d31c853b63604be2/itag/251/source/youtube/requiressl/yes/mh/yZ/mm/31,29/mn/sn-5njj-u2xl,sn-un57en7s/ms/au,rdu/mv/m/mvi/7/pl/16/initcwndbps/632500/vprv/1/ratebypass/yes/mime/audio%2Fwebm/otfp/1/gir/yes/clen/3977783/lmt/1564291628470366/dur/202.061/mt/1613475902/fvip/4/keepalive/yes/sparams/expire,ei,ip,id,itag,source,requiressl,vprv,ratebypass,mime,otfp,gir,clen,lmt,dur/sig/AOq0QJ8wRQIgYFb6QYuBhw0UxwLzGy4wj1nf5-l7ozwJxQjpp0t2KLACIQCa9ghc7XS2ocOtMUO7F02GQ8FFhn4tYx67mg71pMP8oA%3D%3D/lsparams/mh,mm,mn,ms,mv,mvi,pl,initcwndbps/lsig/AG3C_xAwRAIgafijZCN2Ems6gUOUhkcYPxvzjnilDPFcTzvQiaQ1qAUCIAeMlsJJ_N8gKiJhlqrRiARPCi7d4JkfiqJ4nPnZYQHj/", "fragments": [{"path": "range/0-258"}, {"path": "range/613-169319", "duration": 10.001}, {"path": "range/169320-358021", "duration": 10.0}, {"path": "range/358022-544791", "duration": 10.0}, {"path": "range/544792-737059", "duration": 10.0}, {"path": "range/737060-935307", "duration": 10.0}, {"path": "range/935308-1136059", "duration": 10.0}, {"path": "range/1136060-1335454", "duration": 10.0}, {"path": "range/1335455-1527091", "duration": 10.0}, {"path": "range/1527092-1726182", "duration": 10.0}, {"path": "range/1726183-1930727", "duration": 10.0}, {"path": "range/1930728-2140526", "duration": 10.0}, {"path": "range/2140527-2351161", "duration": 10.0}, {"path": "range/2351162-2563730", "duration": 10.0}, {"path": "range/2563731-2762017", "duration": 10.0}, {"path": "range/2762018-2957272", "duration": 10.0}, {"path": "range/2957273-3155333", "duration": 10.0}, {"path": "range/3155334-3355526", "duration": 10.0}, {"path": "range/3355527-3550640", "duration": 10.0}, {"path": "range/3550641-3748019", "duration": 10.0}, {"path": "range/3748020-3940631", "duration": 10.0}, {"path": "range/3940632-3977782", "duration": 2.06}], "protocol": "http_dash_segments", "format": "251 - audio only (DASH audio)", "http_headers": {"User-Agent": "Mozilla/5.0 (Windows NT 10.0; Win64; x64) AppleWebKit/537.36 (KHTML, like Gecko) Chrome/74.0.3729.24 Safari/537.36", "Accept-Charset": "ISO-8859-1,utf-8;q=0.7,*;q=0.7", "Accept": "text/html,application/xhtml+xml,application/xml;q=0.9,*/*;q=0.8", "Accept-Encoding": "gzip, deflate", "Accept-Language": "en-us,en;q=0.5"}}