{"id": "3N2G21U7guk", "uploader": "Max Emanuel", "uploader_id": "TUTORIALESJAR", "uploader_url": "http://www.youtube.com/user/TUTORIALESJAR", "channel_id": "UCA-H1AeZaDvytIseGPzsRzg", "channel_url": "http://www.youtube.com/channel/UCA-H1AeZaDvytIseGPzsRzg", "upload_date": "20190731", "license": null, "creator": null, "title": "\"King of Kings\" - Hillsong (Piano Cover)", "alt_title": null, "thumbnails": [{"url": "https://i.ytimg.com/vi/3N2G21U7guk/hqdefault.jpg?sqp=-oaymwEYCKgBEF5IVfKriqkDCwgBFQAAiEIYAXAB&rs=AOn4CLCEOx1-TIu3_BIo9_gJkbQJTFnCIA", "width": 168, "height": 94, "resolution": "168x94", "id": "0"}, {"url": "https://i.ytimg.com/vi/3N2G21U7guk/hqdefault.jpg?sqp=-oaymwEYCMQBEG5IVfKriqkDCwgBFQAAiEIYAXAB&rs=AOn4CLB0zK3DJsIJ6fSaGMxdrNfGZrc12g", "width": 196, "height": 110, "resolution": "196x110", "id": "1"}, {"url": "https://i.ytimg.com/vi/3N2G21U7guk/hqdefault.jpg?sqp=-oaymwEZCPYBEIoBSFXyq4qpAwsIARUAAIhCGAFwAQ==&rs=AOn4CLDQf_TVSrnEv-v_691_EVXsLxFU_Q", "width": 246, "height": 138, "resolution": "246x138", "id": "2"}, {"url": "https://i.ytimg.com/vi/3N2G21U7guk/hqdefault.jpg?sqp=-oaymwEZCNACELwBSFXyq4qpAwsIARUAAIhCGAFwAQ==&rs=AOn4CLBZyrIXWwalgjWaTJCO0G_3tXw9yg", "width": 336, "height": 188, "resolution": "336x188", "id": "3"}, {"url": "https://i.ytimg.com/vi_webp/3N2G21U7guk/maxresdefault.webp", "width": 1920, "height": 1080, "resolution": "1920x1080", "id": "4"}], "description": "\"King of Kings\"\nOriginally by Hillsong\nCover by Max Emanuel\n\nThanks for watching and don't forget to like and subscribe for more videos!\n\n#KingOfKings #Hillsong #PianoCover #CoverCristianos\n\nFACEBOOK:\nhttps://m.facebook.com/max.emsoundz/\n\nINSTAGRAM:\nhttps://www.instagram.com/maxemanuelmusic/\n\nDonations (Thank you!) :\nhttps://www.paypal.me/maxemanuelmusic", "categories": ["Music"], "tags": ["instrumental", "track", "karaoke", "arrangement", "pista", "worship", "praise", "adoracion", "alabanza", "bethel", "christian", "religious", "musica", "cristiana", "jesus", "jesucristo", "christ", "god", "dios", "keyboard", "teclado", "emanuelc5", "logic pro x", "roland a-88", "the giant", "native instruments", "learn quick", "aprender rapido", "easy", "facil", "clases", "tutorial", "church", "patch", "arreglo"], "subtitles": {}, "automatic_captions": {}, "duration": 390, "age_limit": 0, "annotations": null, "chapters": null, "webpage_url": "https://www.youtube.com/watch?v=3N2G21U7guk", "view_count": 22310, "like_count": 539, "dislike_count": 7, "average_rating": 4.9487181, "formats": [{"format_id": "249", "url": "https://r8---sn-5njj-u2xl.googlevideo.com/videoplayback?expire=1609068869&ei=5RzoX7OAB9KNgQP5-LGgCQ&ip=140.109.135.76&id=o-ABZTO42Qek0XWzp447Lw2NgoSgesf5ZoF6pWXb5FXAsw&itag=249&source=youtube&requiressl=yes&mh=cV&mm=31%2C29&mn=sn-5njj-u2xl%2Csn-un57sn76&ms=au%2Crdu&mv=m&mvi=8&pl=16&initcwndbps=640000&vprv=1&mime=audio%2Fwebm&ns=2QsB1z4OvAN3GGRg1liBUU8F&gir=yes&clen=2793183&dur=389.621&lmt=1564604690543647&mt=1609046913&fvip=2&keepalive=yes&c=WEB&txp=2301222&n=Rl-FbLLaS732xDeD&sparams=expire%2Cei%2Cip%2Cid%2Citag%2Csource%2Crequiressl%2Cvprv%2Cmime%2Cns%2Cgir%2Cclen%2Cdur%2Clmt&lsparams=mh%2Cmm%2Cmn%2Cms%2Cmv%2Cmvi%2Cpl%2Cinitcwndbps&lsig=AG3C_xAwRQIhAOs_msEKNFxYKxmIeTp5gnVMahbQAYv-ew06vWajcmTvAiAWMuEsxB2gFaSo05qhxtPIb6EBC6e-NNbkTbnBgO4Lrw%3D%3D&sig=AOq0QJ8wRAIgQ5OI8Dd_-5jgdpjJg02JedJ_kOiz-m1ZP9uqkrmV1voCIHNhkySuvK5GTxaYUQcTL8LQS4jttsOTbuOgs6p8-_CI&ratebypass=yes", "player_url": "/s/player/5dd3f3b2/player_ias.vflset/en_US/base.js", "ext": "webm", "format_note": "tiny", "acodec": "opus", "abr": 50, "asr": 48000, "filesize": 2793183, "fps": null, "height": null, "tbr": 71.784, "width": null, "vcodec": "none", "downloader_options": {"http_chunk_size": 10485760}, "format": "249 - audio only (tiny)", "protocol": "https", "http_headers": {"User-Agent": "Mozilla/5.0 (Windows NT 10.0; Win64; x64) AppleWebKit/537.36 (KHTML, like Gecko) Chrome/74.0.3729.16 Safari/537.36", "Accept-Charset": "ISO-8859-1,utf-8;q=0.7,*;q=0.7", "Accept": "text/html,application/xhtml+xml,application/xml;q=0.9,*/*;q=0.8", "Accept-Encoding": "gzip, deflate", "Accept-Language": "en-us,en;q=0.5"}}, {"format_id": "250", "url": "https://r8---sn-5njj-u2xl.googlevideo.com/videoplayback?expire=1609068869&ei=5RzoX7OAB9KNgQP5-LGgCQ&ip=140.109.135.76&id=o-ABZTO42Qek0XWzp447Lw2NgoSgesf5ZoF6pWXb5FXAsw&itag=250&source=youtube&requiressl=yes&mh=cV&mm=31%2C29&mn=sn-5njj-u2xl%2Csn-un57sn76&ms=au%2Crdu&mv=m&mvi=8&pl=16&initcwndbps=640000&vprv=1&mime=audio%2Fwebm&ns=2QsB1z4OvAN3GGRg1liBUU8F&gir=yes&clen=3764655&dur=389.621&lmt=1564604690967635&mt=1609046913&fvip=2&keepalive=yes&c=WEB&txp=2301222&n=Rl-FbLLaS732xDeD&sparams=expire%2Cei%2Cip%2Cid%2Citag%2Csource%2Crequiressl%2Cvprv%2Cmime%2Cns%2Cgir%2Cclen%2Cdur%2Clmt&lsparams=mh%2Cmm%2Cmn%2Cms%2Cmv%2Cmvi%2Cpl%2Cinitcwndbps&lsig=AG3C_xAwRQIhAOPuVs8K98WS_BOInYs0E5odOvUXelSLjUsRYZKjkfABAiBWkM_EGKqi5Fmdw7KMea5a_rkVEFKlYt1TjA8lA7j-GA%3D%3D&sig=AOq0QJ8wRgIhAMFdrfyJkQJ39a0MSIWo3QwznStN1okEQeORCYa0k3WYAiEAkEoUJw1IUZBz9HnSLWoVRQVOaFNeD5f-3CV_eUoncbM=&ratebypass=yes", "player_url": "/s/player/5dd3f3b2/player_ias.vflset/en_US/base.js", "ext": "webm", "format_note": "tiny", "acodec": "opus", "abr": 70, "asr": 48000, "filesize": 3764655, "fps": null, "height": null, "tbr": 94.319, "width": null, "vcodec": "none", "downloader_options": {"http_chunk_size": 10485760}, "format": "250 - audio only (tiny)", "protocol": "https", "http_headers": {"User-Agent": "Mozilla/5.0 (Windows NT 10.0; Win64; x64) AppleWebKit/537.36 (KHTML, like Gecko) Chrome/74.0.3729.16 Safari/537.36", "Accept-Charset": "ISO-8859-1,utf-8;q=0.7,*;q=0.7", "Accept": "text/html,application/xhtml+xml,application/xml;q=0.9,*/*;q=0.8", "Accept-Encoding": "gzip, deflate", "Accept-Language": "en-us,en;q=0.5"}}, {"format_id": "140", "url": "https://r8---sn-5njj-u2xl.googlevideo.com/videoplayback?expire=1609068869&ei=5RzoX7OAB9KNgQP5-LGgCQ&ip=140.109.135.76&id=o-ABZTO42Qek0XWzp447Lw2NgoSgesf5ZoF6pWXb5FXAsw&itag=140&source=youtube&requiressl=yes&mh=cV&mm=31%2C29&mn=sn-5njj-u2xl%2Csn-un57sn76&ms=au%2Crdu&mv=m&mvi=8&pl=16&initcwndbps=640000&vprv=1&mime=audio%2Fmp4&ns=2QsB1z4OvAN3GGRg1liBUU8F&gir=yes&clen=6306892&dur=389.654&lmt=1564599875246334&mt=1609046913&fvip=2&keepalive=yes&c=WEB&txp=2311222&n=Rl-FbLLaS732xDeD&sparams=expire%2Cei%2Cip%2Cid%2Citag%2Csource%2Crequiressl%2Cvprv%2Cmime%2Cns%2Cgir%2Cclen%2Cdur%2Clmt&lsparams=mh%2Cmm%2Cmn%2Cms%2Cmv%2Cmvi%2Cpl%2Cinitcwndbps&lsig=AG3C_xAwRgIhAN6G8yQIFNuxA4YReka2PnKWyGOW9G_bd434glI2_VD7AiEAh1bTAczWydQeeCJihXl5yX73KmE4KocbQLl_zsu0jwo%3D&sig=AOq0QJ8wRgIhAIaSWJcbAj1gqPY-SJNnWtTknDTWkF5pfCQWii2q_j5XAiEAirspIunG4aHn7SU5L6nQRBBAiBbGDPVjHnqbRQpf3TI=&ratebypass=yes", "player_url": "/s/player/5dd3f3b2/player_ias.vflset/en_US/base.js", "ext": "m4a", "format_note": "tiny", "acodec": "mp4a.40.2", "abr": 128, "container": "m4a_dash", "asr": 44100, "filesize": 6306892, "fps": null, "height": null, "tbr": 132.831, "width": null, "vcodec": "none", "downloader_options": {"http_chunk_size": 10485760}, "format": "140 - audio only (tiny)", "protocol": "https", "http_headers": {"User-Agent": "Mozilla/5.0 (Windows NT 10.0; Win64; x64) AppleWebKit/537.36 (KHTML, like Gecko) Chrome/74.0.3729.16 Safari/537.36", "Accept-Charset": "ISO-8859-1,utf-8;q=0.7,*;q=0.7", "Accept": "text/html,application/xhtml+xml,application/xml;q=0.9,*/*;q=0.8", "Accept-Encoding": "gzip, deflate", "Accept-Language": "en-us,en;q=0.5"}}, {"format_id": "251", "url": "https://r8---sn-5njj-u2xl.googlevideo.com/videoplayback?expire=1609068869&ei=5RzoX7OAB9KNgQP5-LGgCQ&ip=140.109.135.76&id=o-ABZTO42Qek0XWzp447Lw2NgoSgesf5ZoF6pWXb5FXAsw&itag=251&source=youtube&requiressl=yes&mh=cV&mm=31%2C29&mn=sn-5njj-u2xl%2Csn-un57sn76&ms=au%2Crdu&mv=m&mvi=8&pl=16&initcwndbps=640000&vprv=1&mime=audio%2Fwebm&ns=2QsB1z4OvAN3GGRg1liBUU8F&gir=yes&clen=7208511&dur=389.621&lmt=1564604693943449&mt=1609046913&fvip=2&keepalive=yes&c=WEB&txp=2301222&n=Rl-FbLLaS732xDeD&sparams=expire%2Cei%2Cip%2Cid%2Citag%2Csource%2Crequiressl%2Cvprv%2Cmime%2Cns%2Cgir%2Cclen%2Cdur%2Clmt&lsparams=mh%2Cmm%2Cmn%2Cms%2Cmv%2Cmvi%2Cpl%2Cinitcwndbps&lsig=AG3C_xAwRAIgV27VGXps6fxYKGKpaJCzlyuv15GME8Dce50DdnOHliUCID6IFQp_oghBSTsz5ACxVIOy-_s-YtKAL-vCgkTazRS8&sig=AOq0QJ8wRQIhAKOU0ZSvNy5o03Vitaqi9CHqM2GemrLeK42WlqYjPYtEAiBHSh7NmEOt3MKMf48N64B4mHd5iuqUnDc9M63DAX7IXQ==&ratebypass=yes", "player_url": "/s/player/5dd3f3b2/player_ias.vflset/en_US/base.js", "ext": "webm", "format_note": "tiny", "acodec": "opus", "abr": 160, "asr": 48000, "filesize": 7208511, "fps": null, "height": null, "tbr": 164.597, "width": null, "vcodec": "none", "downloader_options": {"http_chunk_size": 10485760}, "format": "251 - audio only (tiny)", "protocol": "https", "http_headers": {"User-Agent": "Mozilla/5.0 (Windows NT 10.0; Win64; x64) AppleWebKit/537.36 (KHTML, like Gecko) Chrome/74.0.3729.16 Safari/537.36", "Accept-Charset": "ISO-8859-1,utf-8;q=0.7,*;q=0.7", "Accept": "text/html,application/xhtml+xml,application/xml;q=0.9,*/*;q=0.8", "Accept-Encoding": "gzip, deflate", "Accept-Language": "en-us,en;q=0.5"}}, {"format_id": "160", "url": "https://r8---sn-5njj-u2xl.googlevideo.com/videoplayback?expire=1609068869&ei=5RzoX7OAB9KNgQP5-LGgCQ&ip=140.109.135.76&id=o-ABZTO42Qek0XWzp447Lw2NgoSgesf5ZoF6pWXb5FXAsw&itag=160&aitags=133%2C134%2C135%2C136%2C137%2C160%2C242%2C243%2C244%2C247%2C248%2C278&source=youtube&requiressl=yes&mh=cV&mm=31%2C29&mn=sn-5njj-u2xl%2Csn-un57sn76&ms=au%2Crdu&mv=m&mvi=8&pl=16&initcwndbps=640000&vprv=1&mime=video%2Fmp4&ns=2QsB1z4OvAN3GGRg1liBUU8F&gir=yes&clen=2239678&dur=389.597&lmt=1564599909294634&mt=1609046913&fvip=2&keepalive=yes&c=WEB&txp=2316222&n=Rl-FbLLaS732xDeD&sparams=expire%2Cei%2Cip%2Cid%2Caitags%2Csource%2Crequiressl%2Cvprv%2Cmime%2Cns%2Cgir%2Cclen%2Cdur%2Clmt&lsparams=mh%2Cmm%2Cmn%2Cms%2Cmv%2Cmvi%2Cpl%2Cinitcwndbps&lsig=AG3C_xAwRQIhAK_UAeNyCrp-H3fEXHLEqW2zzUA4FV_IfyAVhPNjgokoAiADZKByfyzu51xg5LdqSVZ4fcqp3k_Z8AR3o7aCniSWkA%3D%3D&sig=AOq0QJ8wRQIhALM40qdXI9TvW0L9Q0pCEhNJBP74wgSV4v_QrXZPnvaDAiAdm6AoyqYezUEpXZIZFwv0RAr94J2nYBPi-ODyWsxu3A==&ratebypass=yes", "player_url": "/s/player/5dd3f3b2/player_ias.vflset/en_US/base.js", "ext": "mp4", "height": 144, "format_note": "144p", "vcodec": "avc1.4d400c", "asr": null, "filesize": 2239678, "fps": 24, "tbr": 63.216, "width": 256, "acodec": "none", "downloader_options": {"http_chunk_size": 10485760}, "format": "160 - 256x144 (144p)", "protocol": "https", "http_headers": {"User-Agent": "Mozilla/5.0 (Windows NT 10.0; Win64; x64) AppleWebKit/537.36 (KHTML, like Gecko) Chrome/74.0.3729.16 Safari/537.36", "Accept-Charset": "ISO-8859-1,utf-8;q=0.7,*;q=0.7", "Accept": "text/html,application/xhtml+xml,application/xml;q=0.9,*/*;q=0.8", "Accept-Encoding": "gzip, deflate", "Accept-Language": "en-us,en;q=0.5"}}, {"format_id": "278", "url": "https://r8---sn-5njj-u2xl.googlevideo.com/videoplayback?expire=1609068869&ei=5RzoX7OAB9KNgQP5-LGgCQ&ip=140.109.135.76&id=o-ABZTO42Qek0XWzp447Lw2NgoSgesf5ZoF6pWXb5FXAsw&itag=278&aitags=133%2C134%2C135%2C136%2C137%2C160%2C242%2C243%2C244%2C247%2C248%2C278&source=youtube&requiressl=yes&mh=cV&mm=31%2C29&mn=sn-5njj-u2xl%2Csn-un57sn76&ms=au%2Crdu&mv=m&mvi=8&pl=16&initcwndbps=640000&vprv=1&mime=video%2Fwebm&ns=2QsB1z4OvAN3GGRg1liBUU8F&gir=yes&clen=2789881&dur=389.597&lmt=1564599891585056&mt=1609046913&fvip=2&keepalive=yes&c=WEB&txp=2316222&n=Rl-FbLLaS732xDeD&sparams=expire%2Cei%2Cip%2Cid%2Caitags%2Csource%2Crequiressl%2Cvprv%2Cmime%2Cns%2Cgir%2Cclen%2Cdur%2Clmt&lsparams=mh%2Cmm%2Cmn%2Cms%2Cmv%2Cmvi%2Cpl%2Cinitcwndbps&lsig=AG3C_xAwRgIhAMPzugv3xc18WmLS3rLO1kHrljqoQhQftUMP0ekYavwlAiEA_2_OvdR0uLfuKrxbfGxX24icT4Az66HMsuoErGNIrFA%3D&sig=AOq0QJ8wRQIhAPjcSpL4QybLxuqVUQNy-4sRe_g1kj0KdVpBRFNXGBX1AiA3TM6on2KP1wB8DixYOXDC-BGQ2NAdN9fTtzDE6PyGYA==&ratebypass=yes", "player_url": "/s/player/5dd3f3b2/player_ias.vflset/en_US/base.js", "ext": "webm", "height": 144, "format_note": "144p", "container": "webm", "vcodec": "vp9", "asr": null, "filesize": 2789881, "fps": 24, "tbr": 68.643, "width": 256, "acodec": "none", "downloader_options": {"http_chunk_size": 10485760}, "format": "278 - 256x144 (144p)", "protocol": "https", "http_headers": {"User-Agent": "Mozilla/5.0 (Windows NT 10.0; Win64; x64) AppleWebKit/537.36 (KHTML, like Gecko) Chrome/74.0.3729.16 Safari/537.36", "Accept-Charset": "ISO-8859-1,utf-8;q=0.7,*;q=0.7", "Accept": "text/html,application/xhtml+xml,application/xml;q=0.9,*/*;q=0.8", "Accept-Encoding": "gzip, deflate", "Accept-Language": "en-us,en;q=0.5"}}, {"format_id": "242", "url": "https://r8---sn-5njj-u2xl.googlevideo.com/videoplayback?expire=1609068869&ei=5RzoX7OAB9KNgQP5-LGgCQ&ip=140.109.135.76&id=o-ABZTO42Qek0XWzp447Lw2NgoSgesf5ZoF6pWXb5FXAsw&itag=242&aitags=133%2C134%2C135%2C136%2C137%2C160%2C242%2C243%2C244%2C247%2C248%2C278&source=youtube&requiressl=yes&mh=cV&mm=31%2C29&mn=sn-5njj-u2xl%2Csn-un57sn76&ms=au%2Crdu&mv=m&mvi=8&pl=16&initcwndbps=640000&vprv=1&mime=video%2Fwebm&ns=2QsB1z4OvAN3GGRg1liBUU8F&gir=yes&clen=2995435&dur=389.597&lmt=1564599891603826&mt=1609046913&fvip=2&keepalive=yes&c=WEB&txp=2316222&n=Rl-FbLLaS732xDeD&sparams=expire%2Cei%2Cip%2Cid%2Caitags%2Csource%2Crequiressl%2Cvprv%2Cmime%2Cns%2Cgir%2Cclen%2Cdur%2Clmt&lsparams=mh%2Cmm%2Cmn%2Cms%2Cmv%2Cmvi%2Cpl%2Cinitcwndbps&lsig=AG3C_xAwRAIgedDau2_hJRRUI-m2TasCLjReAC-eXx0-J2YCOO0LIWMCIDsbgCcrDn3zD7-BDZtD_Jnmanbq_16GdSVubzYCY6Us&sig=AOq0QJ8wRQIhAJTWlBFjtDhhVj2OfR9Jwbjvgv20MJ4YQtt29SDj77RIAiA0OIYf2SGs6gSvWbikXopz6gbXOTOhMqkPL2KQfbha3A==&ratebypass=yes", "player_url": "/s/player/5dd3f3b2/player_ias.vflset/en_US/base.js", "ext": "webm", "height": 240, "format_note": "240p", "vcodec": "vp9", "asr": null, "filesize": 2995435, "fps": 24, "tbr": 74.105, "width": 426, "acodec": "none", "downloader_options": {"http_chunk_size": 10485760}, "format": "242 - 426x240 (240p)", "protocol": "https", "http_headers": {"User-Agent": "Mozilla/5.0 (Windows NT 10.0; Win64; x64) AppleWebKit/537.36 (KHTML, like Gecko) Chrome/74.0.3729.16 Safari/537.36", "Accept-Charset": "ISO-8859-1,utf-8;q=0.7,*;q=0.7", "Accept": "text/html,application/xhtml+xml,application/xml;q=0.9,*/*;q=0.8", "Accept-Encoding": "gzip, deflate", "Accept-Language": "en-us,en;q=0.5"}}, {"format_id": "243", "url": "https://r8---sn-5njj-u2xl.googlevideo.com/videoplayback?expire=1609068869&ei=5RzoX7OAB9KNgQP5-LGgCQ&ip=140.109.135.76&id=o-ABZTO42Qek0XWzp447Lw2NgoSgesf5ZoF6pWXb5FXAsw&itag=243&aitags=133%2C134%2C135%2C136%2C137%2C160%2C242%2C243%2C244%2C247%2C248%2C278&source=youtube&requiressl=yes&mh=cV&mm=31%2C29&mn=sn-5njj-u2xl%2Csn-un57sn76&ms=au%2Crdu&mv=m&mvi=8&pl=16&initcwndbps=640000&vprv=1&mime=video%2Fwebm&ns=2QsB1z4OvAN3GGRg1liBUU8F&gir=yes&clen=4952386&dur=389.597&lmt=1564599891569556&mt=1609046913&fvip=2&keepalive=yes&c=WEB&txp=2316222&n=Rl-FbLLaS732xDeD&sparams=expire%2Cei%2Cip%2Cid%2Caitags%2Csource%2Crequiressl%2Cvprv%2Cmime%2Cns%2Cgir%2Cclen%2Cdur%2Clmt&lsparams=mh%2Cmm%2Cmn%2Cms%2Cmv%2Cmvi%2Cpl%2Cinitcwndbps&lsig=AG3C_xAwRAIgZ29g6dORTMBx96uA_kBxj2ad2gX1xwDv6UxUAL3sD6ICIBgD3dCl2kvUTyRrqssBJSKZB0dX5R7TJeeOYtcG7-Cp&sig=AOq0QJ8wRQIgCe7k8SkvgmXqS0I3ptnI1xpDKnIRrDZ5TzPV4An1-hcCIQCN0kfCtmuANoAie8-VUG0ov96iObIk27bG74Hsyb-uyw==&ratebypass=yes", "player_url": "/s/player/5dd3f3b2/player_ias.vflset/en_US/base.js", "ext": "webm", "height": 360, "format_note": "360p", "vcodec": "vp9", "asr": null, "filesize": 4952386, "fps": 24, "tbr": 125.209, "width": 640, "acodec": "none", "downloader_options": {"http_chunk_size": 10485760}, "format": "243 - 640x360 (360p)", "protocol": "https", "http_headers": {"User-Agent": "Mozilla/5.0 (Windows NT 10.0; Win64; x64) AppleWebKit/537.36 (KHTML, like Gecko) Chrome/74.0.3729.16 Safari/537.36", "Accept-Charset": "ISO-8859-1,utf-8;q=0.7,*;q=0.7", "Accept": "text/html,application/xhtml+xml,application/xml;q=0.9,*/*;q=0.8", "Accept-Encoding": "gzip, deflate", "Accept-Language": "en-us,en;q=0.5"}}, {"format_id": "133", "url": "https://r8---sn-5njj-u2xl.googlevideo.com/videoplayback?expire=1609068869&ei=5RzoX7OAB9KNgQP5-LGgCQ&ip=140.109.135.76&id=o-ABZTO42Qek0XWzp447Lw2NgoSgesf5ZoF6pWXb5FXAsw&itag=133&aitags=133%2C134%2C135%2C136%2C137%2C160%2C242%2C243%2C244%2C247%2C248%2C278&source=youtube&requiressl=yes&mh=cV&mm=31%2C29&mn=sn-5njj-u2xl%2Csn-un57sn76&ms=au%2Crdu&mv=m&mvi=8&pl=16&initcwndbps=640000&vprv=1&mime=video%2Fmp4&ns=2QsB1z4OvAN3GGRg1liBUU8F&gir=yes&clen=4739321&dur=389.597&lmt=1564599909335399&mt=1609046913&fvip=2&keepalive=yes&c=WEB&txp=2316222&n=Rl-FbLLaS732xDeD&sparams=expire%2Cei%2Cip%2Cid%2Caitags%2Csource%2Crequiressl%2Cvprv%2Cmime%2Cns%2Cgir%2Cclen%2Cdur%2Clmt&lsparams=mh%2Cmm%2Cmn%2Cms%2Cmv%2Cmvi%2Cpl%2Cinitcwndbps&lsig=AG3C_xAwRQIgcBvaJYHAtlaODeXhwD9-T8lZZqQ9CjYD8WIZ7hSGvFcCIQD2_N64lWrIPcjDHJC4pEXU2olDKxhwrcf8qEfSBSctZA%3D%3D&sig=AOq0QJ8wRgIhAK3renjHmEFy9Eamyi37o8gpeHo4XTImTfTIxiapTTxjAiEAzV4r74dZHmWag5leCDDzNFDdaInQMVQ4pjpT-359gEU=&ratebypass=yes", "player_url": "/s/player/5dd3f3b2/player_ias.vflset/en_US/base.js", "ext": "mp4", "height": 240, "format_note": "240p", "vcodec": "avc1.4d4015", "asr": null, "filesize": 4739321, "fps": 24, "tbr": 148.386, "width": 426, "acodec": "none", "downloader_options": {"http_chunk_size": 10485760}, "format": "133 - 426x240 (240p)", "protocol": "https", "http_headers": {"User-Agent": "Mozilla/5.0 (Windows NT 10.0; Win64; x64) AppleWebKit/537.36 (KHTML, like Gecko) Chrome/74.0.3729.16 Safari/537.36", "Accept-Charset": "ISO-8859-1,utf-8;q=0.7,*;q=0.7", "Accept": "text/html,application/xhtml+xml,application/xml;q=0.9,*/*;q=0.8", "Accept-Encoding": "gzip, deflate", "Accept-Language": "en-us,en;q=0.5"}}, {"format_id": "244", "url": "https://r8---sn-5njj-u2xl.googlevideo.com/videoplayback?expire=1609068869&ei=5RzoX7OAB9KNgQP5-LGgCQ&ip=140.109.135.76&id=o-ABZTO42Qek0XWzp447Lw2NgoSgesf5ZoF6pWXb5FXAsw&itag=244&aitags=133%2C134%2C135%2C136%2C137%2C160%2C242%2C243%2C244%2C247%2C248%2C278&source=youtube&requiressl=yes&mh=cV&mm=31%2C29&mn=sn-5njj-u2xl%2Csn-un57sn76&ms=au%2Crdu&mv=m&mvi=8&pl=16&initcwndbps=640000&vprv=1&mime=video%2Fwebm&ns=2QsB1z4OvAN3GGRg1liBUU8F&gir=yes&clen=7207814&dur=389.597&lmt=1564599891583573&mt=1609046913&fvip=2&keepalive=yes&c=WEB&txp=2316222&n=Rl-FbLLaS732xDeD&sparams=expire%2Cei%2Cip%2Cid%2Caitags%2Csource%2Crequiressl%2Cvprv%2Cmime%2Cns%2Cgir%2Cclen%2Cdur%2Clmt&lsparams=mh%2Cmm%2Cmn%2Cms%2Cmv%2Cmvi%2Cpl%2Cinitcwndbps&lsig=AG3C_xAwRQIgOX4zsQVgchrqG11MQeBpLS7ynWnjAYHmfn1pBvpTZ1ACIQC4kBrC9Cc-bf45nDZ30C8hm36s5LctcszaSi4q2F-BYg%3D%3D&sig=AOq0QJ8wRQIhAKIWvpbgBm9AYq0oBdWdVZ65_3OYQqUdt0xOCPrRC42bAiBL1lFTPjk2-e437JtDEVfUcT0BaNSRpzbbGd_Ip3Z4Dw==&ratebypass=yes", "player_url": "/s/player/5dd3f3b2/player_ias.vflset/en_US/base.js", "ext": "webm", "height": 480, "format_note": "480p", "vcodec": "vp9", "asr": null, "filesize": 7207814, "fps": 24, "tbr": 183.95, "width": 854, "acodec": "none", "downloader_options": {"http_chunk_size": 10485760}, "format": "244 - 854x480 (480p)", "protocol": "https", "http_headers": {"User-Agent": "Mozilla/5.0 (Windows NT 10.0; Win64; x64) AppleWebKit/537.36 (KHTML, like Gecko) Chrome/74.0.3729.16 Safari/537.36", "Accept-Charset": "ISO-8859-1,utf-8;q=0.7,*;q=0.7", "Accept": "text/html,application/xhtml+xml,application/xml;q=0.9,*/*;q=0.8", "Accept-Encoding": "gzip, deflate", "Accept-Language": "en-us,en;q=0.5"}}, {"format_id": "134", "url": "https://r8---sn-5njj-u2xl.googlevideo.com/videoplayback?expire=1609068869&ei=5RzoX7OAB9KNgQP5-LGgCQ&ip=140.109.135.76&id=o-ABZTO42Qek0XWzp447Lw2NgoSgesf5ZoF6pWXb5FXAsw&itag=134&aitags=133%2C134%2C135%2C136%2C137%2C160%2C242%2C243%2C244%2C247%2C248%2C278&source=youtube&requiressl=yes&mh=cV&mm=31%2C29&mn=sn-5njj-u2xl%2Csn-un57sn76&ms=au%2Crdu&mv=m&mvi=8&pl=16&initcwndbps=640000&vprv=1&mime=video%2Fmp4&ns=2QsB1z4OvAN3GGRg1liBUU8F&gir=yes&clen=8093485&dur=389.597&lmt=1564599909313236&mt=1609046913&fvip=2&keepalive=yes&c=WEB&txp=2316222&n=Rl-FbLLaS732xDeD&sparams=expire%2Cei%2Cip%2Cid%2Caitags%2Csource%2Crequiressl%2Cvprv%2Cmime%2Cns%2Cgir%2Cclen%2Cdur%2Clmt&lsparams=mh%2Cmm%2Cmn%2Cms%2Cmv%2Cmvi%2Cpl%2Cinitcwndbps&lsig=AG3C_xAwRAIgP5H1DiVFQ-joMk01KIFrnq3aVe99SCPcjVGtk4TsDpsCIBNZqT09gDPb3aYRlF02Zbijud8TpZFdL6-MYciTXnyB&sig=AOq0QJ8wRAIgJQnySKMrIcAimJV8LgmiRXX0Sfo7zou1czrfImJ5M8ICIFB773hrR7tVpEv1FO0U6dwp-kADtKdflfzvDESTMIIA&ratebypass=yes", "player_url": "/s/player/5dd3f3b2/player_ias.vflset/en_US/base.js", "ext": "mp4", "height": 360, "format_note": "360p", "vcodec": "avc1.4d401e", "asr": null, "filesize": 8093485, "fps": 24, "tbr": 251.829, "width": 640, "acodec": "none", "downloader_options": {"http_chunk_size": 10485760}, "format": "134 - 640x360 (360p)", "protocol": "https", "http_headers": {"User-Agent": "Mozilla/5.0 (Windows NT 10.0; Win64; x64) AppleWebKit/537.36 (KHTML, like Gecko) Chrome/74.0.3729.16 Safari/537.36", "Accept-Charset": "ISO-8859-1,utf-8;q=0.7,*;q=0.7", "Accept": "text/html,application/xhtml+xml,application/xml;q=0.9,*/*;q=0.8", "Accept-Encoding": "gzip, deflate", "Accept-Language": "en-us,en;q=0.5"}}, {"format_id": "247", "url": "https://r8---sn-5njj-u2xl.googlevideo.com/videoplayback?expire=1609068869&ei=5RzoX7OAB9KNgQP5-LGgCQ&ip=140.109.135.76&id=o-ABZTO42Qek0XWzp447Lw2NgoSgesf5ZoF6pWXb5FXAsw&itag=247&aitags=133%2C134%2C135%2C136%2C137%2C160%2C242%2C243%2C244%2C247%2C248%2C278&source=youtube&requiressl=yes&mh=cV&mm=31%2C29&mn=sn-5njj-u2xl%2Csn-un57sn76&ms=au%2Crdu&mv=m&mvi=8&pl=16&initcwndbps=640000&vprv=1&mime=video%2Fwebm&ns=2QsB1z4OvAN3GGRg1liBUU8F&gir=yes&clen=14305468&dur=389.597&lmt=1564599891584980&mt=1609046913&fvip=2&keepalive=yes&c=WEB&txp=2316222&n=Rl-FbLLaS732xDeD&sparams=expire%2Cei%2Cip%2Cid%2Caitags%2Csource%2Crequiressl%2Cvprv%2Cmime%2Cns%2Cgir%2Cclen%2Cdur%2Clmt&lsparams=mh%2Cmm%2Cmn%2Cms%2Cmv%2Cmvi%2Cpl%2Cinitcwndbps&lsig=AG3C_xAwRQIhAKuhAaiZcyRfqkMMoZU-bDvgc6-iV-NM8-Y8u2WXyPpAAiBViQ1sH4AAl5CXQAK5-Eb8EIuioVyju5xwNVDPnypbfg%3D%3D&sig=AOq0QJ8wRAIgQufzHy3THKHhsJKCNG99Svl6s4bdAk5AVNxJ9Wcl3hACIEp4jEwu7_lrglpcaKV7uC8fF75FtxHXouvtim5PUjKo&ratebypass=yes", "player_url": "/s/player/5dd3f3b2/player_ias.vflset/en_US/base.js", "ext": "webm", "height": 720, "format_note": "720p", "vcodec": "vp9", "asr": null, "filesize": 14305468, "fps": 24, "tbr": 352.246, "width": 1280, "acodec": "none", "downloader_options": {"http_chunk_size": 10485760}, "format": "247 - 1280x720 (720p)", "protocol": "https", "http_headers": {"User-Agent": "Mozilla/5.0 (Windows NT 10.0; Win64; x64) AppleWebKit/537.36 (KHTML, like Gecko) Chrome/74.0.3729.16 Safari/537.36", "Accept-Charset": "ISO-8859-1,utf-8;q=0.7,*;q=0.7", "Accept": "text/html,application/xhtml+xml,application/xml;q=0.9,*/*;q=0.8", "Accept-Encoding": "gzip, deflate", "Accept-Language": "en-us,en;q=0.5"}}, {"format_id": "135", "url": "https://r8---sn-5njj-u2xl.googlevideo.com/videoplayback?expire=1609068869&ei=5RzoX7OAB9KNgQP5-LGgCQ&ip=140.109.135.76&id=o-ABZTO42Qek0XWzp447Lw2NgoSgesf5ZoF6pWXb5FXAsw&itag=135&aitags=133%2C134%2C135%2C136%2C137%2C160%2C242%2C243%2C244%2C247%2C248%2C278&source=youtube&requiressl=yes&mh=cV&mm=31%2C29&mn=sn-5njj-u2xl%2Csn-un57sn76&ms=au%2Crdu&mv=m&mvi=8&pl=16&initcwndbps=640000&vprv=1&mime=video%2Fmp4&ns=2QsB1z4OvAN3GGRg1liBUU8F&gir=yes&clen=13489626&dur=389.597&lmt=1564599909309907&mt=1609046913&fvip=2&keepalive=yes&c=WEB&txp=2316222&n=Rl-FbLLaS732xDeD&sparams=expire%2Cei%2Cip%2Cid%2Caitags%2Csource%2Crequiressl%2Cvprv%2Cmime%2Cns%2Cgir%2Cclen%2Cdur%2Clmt&lsparams=mh%2Cmm%2Cmn%2Cms%2Cmv%2Cmvi%2Cpl%2Cinitcwndbps&lsig=AG3C_xAwRQIhAP0WB_d9BLDV-CqrhZu3DFjnXp739Fb7ZqPycZP9dmGHAiAWzeY-47JDXMPypL2Ns2BUcS8NbMePY1Ls9QV2xp9tSA%3D%3D&sig=AOq0QJ8wRAIgNeowQTuAoJJz_zam8vHjQGDxfKT45AIknQ1N5XPSGBMCIAzOv7PTbe3wqRBQFcsIwh8rePsyyTmf0mXYUSz7efd9&ratebypass=yes", "player_url": "/s/player/5dd3f3b2/player_ias.vflset/en_US/base.js", "ext": "mp4", "height": 480, "format_note": "480p", "vcodec": "avc1.4d401e", "asr": null, "filesize": 13489626, "fps": 24, "tbr": 368.613, "width": 854, "acodec": "none", "downloader_options": {"http_chunk_size": 10485760}, "format": "135 - 854x480 (480p)", "protocol": "https", "http_headers": {"User-Agent": "Mozilla/5.0 (Windows NT 10.0; Win64; x64) AppleWebKit/537.36 (KHTML, like Gecko) Chrome/74.0.3729.16 Safari/537.36", "Accept-Charset": "ISO-8859-1,utf-8;q=0.7,*;q=0.7", "Accept": "text/html,application/xhtml+xml,application/xml;q=0.9,*/*;q=0.8", "Accept-Encoding": "gzip, deflate", "Accept-Language": "en-us,en;q=0.5"}}, {"format_id": "248", "url": "https://r8---sn-5njj-u2xl.googlevideo.com/videoplayback?expire=1609068869&ei=5RzoX7OAB9KNgQP5-LGgCQ&ip=140.109.135.76&id=o-ABZTO42Qek0XWzp447Lw2NgoSgesf5ZoF6pWXb5FXAsw&itag=248&aitags=133%2C134%2C135%2C136%2C137%2C160%2C242%2C243%2C244%2C247%2C248%2C278&source=youtube&requiressl=yes&mh=cV&mm=31%2C29&mn=sn-5njj-u2xl%2Csn-un57sn76&ms=au%2Crdu&mv=m&mvi=8&pl=16&initcwndbps=640000&vprv=1&mime=video%2Fwebm&ns=2QsB1z4OvAN3GGRg1liBUU8F&gir=yes&clen=19401725&dur=389.597&lmt=1564599891585387&mt=1609046913&fvip=2&keepalive=yes&c=WEB&txp=2316222&n=Rl-FbLLaS732xDeD&sparams=expire%2Cei%2Cip%2Cid%2Caitags%2Csource%2Crequiressl%2Cvprv%2Cmime%2Cns%2Cgir%2Cclen%2Cdur%2Clmt&lsparams=mh%2Cmm%2Cmn%2Cms%2Cmv%2Cmvi%2Cpl%2Cinitcwndbps&lsig=AG3C_xAwRQIgW10lqrOwrBtA3RMpQJSMMgBO4f_9KeGqgljIeBdRYN4CIQDNKTLUjV3LGQVXp0coMvP8ivm-C8Z-vw-sJPONThTQGg%3D%3D&sig=AOq0QJ8wRQIgRVJyE0AKDK9uFntkAvj6maA-dWInOHgROpvTmXh7zRYCIQC9DuqbGR0ZABXm16nA2GSs6yNTMenTGHjlj8j6kU6l8Q==&ratebypass=yes", "player_url": "/s/player/5dd3f3b2/player_ias.vflset/en_US/base.js", "ext": "webm", "height": 1080, "format_note": "1080p", "vcodec": "vp9", "asr": null, "filesize": 19401725, "fps": 24, "tbr": 524.632, "width": 1920, "acodec": "none", "downloader_options": {"http_chunk_size": 10485760}, "format": "248 - 1920x1080 (1080p)", "protocol": "https", "http_headers": {"User-Agent": "Mozilla/5.0 (Windows NT 10.0; Win64; x64) AppleWebKit/537.36 (KHTML, like Gecko) Chrome/74.0.3729.16 Safari/537.36", "Accept-Charset": "ISO-8859-1,utf-8;q=0.7,*;q=0.7", "Accept": "text/html,application/xhtml+xml,application/xml;q=0.9,*/*;q=0.8", "Accept-Encoding": "gzip, deflate", "Accept-Language": "en-us,en;q=0.5"}}, {"format_id": "136", "url": "https://r8---sn-5njj-u2xl.googlevideo.com/videoplayback?expire=1609068869&ei=5RzoX7OAB9KNgQP5-LGgCQ&ip=140.109.135.76&id=o-ABZTO42Qek0XWzp447Lw2NgoSgesf5ZoF6pWXb5FXAsw&itag=136&aitags=133%2C134%2C135%2C136%2C137%2C160%2C242%2C243%2C244%2C247%2C248%2C278&source=youtube&requiressl=yes&mh=cV&mm=31%2C29&mn=sn-5njj-u2xl%2Csn-un57sn76&ms=au%2Crdu&mv=m&mvi=8&pl=16&initcwndbps=640000&vprv=1&mime=video%2Fmp4&ns=2QsB1z4OvAN3GGRg1liBUU8F&gir=yes&clen=22814632&dur=389.597&lmt=1564599909290621&mt=1609046913&fvip=2&keepalive=yes&c=WEB&txp=2316222&n=Rl-FbLLaS732xDeD&sparams=expire%2Cei%2Cip%2Cid%2Caitags%2Csource%2Crequiressl%2Cvprv%2Cmime%2Cns%2Cgir%2Cclen%2Cdur%2Clmt&lsparams=mh%2Cmm%2Cmn%2Cms%2Cmv%2Cmvi%2Cpl%2Cinitcwndbps&lsig=AG3C_xAwRAIgXvszGXBRQpPEf4ASvPXFL3wTTH4zMK4Q26LQUp6jIxcCIAuSwZ4GP6_fzXg2LuqZImu-Z4Tp4WwwKckvx-l4Zc1J&sig=AOq0QJ8wRQIgbZcxMgJdS11EI57SI_uZHss-hFOlOva4KZVleu0XNMkCIQCD5LbcW6NQGIA-NBDEC-40yr8GWQjMIIwIUmbNxOE6ZQ==&ratebypass=yes", "player_url": "/s/player/5dd3f3b2/player_ias.vflset/en_US/base.js", "ext": "mp4", "height": 720, "format_note": "720p", "vcodec": "avc1.4d401f", "asr": null, "filesize": 22814632, "fps": 24, "tbr": 601.842, "width": 1280, "acodec": "none", "downloader_options": {"http_chunk_size": 10485760}, "format": "136 - 1280x720 (720p)", "protocol": "https", "http_headers": {"User-Agent": "Mozilla/5.0 (Windows NT 10.0; Win64; x64) AppleWebKit/537.36 (KHTML, like Gecko) Chrome/74.0.3729.16 Safari/537.36", "Accept-Charset": "ISO-8859-1,utf-8;q=0.7,*;q=0.7", "Accept": "text/html,application/xhtml+xml,application/xml;q=0.9,*/*;q=0.8", "Accept-Encoding": "gzip, deflate", "Accept-Language": "en-us,en;q=0.5"}}, {"format_id": "137", "url": "https://r8---sn-5njj-u2xl.googlevideo.com/videoplayback?expire=1609068869&ei=5RzoX7OAB9KNgQP5-LGgCQ&ip=140.109.135.76&id=o-ABZTO42Qek0XWzp447Lw2NgoSgesf5ZoF6pWXb5FXAsw&itag=137&aitags=133%2C134%2C135%2C136%2C137%2C160%2C242%2C243%2C244%2C247%2C248%2C278&source=youtube&requiressl=yes&mh=cV&mm=31%2C29&mn=sn-5njj-u2xl%2Csn-un57sn76&ms=au%2Crdu&mv=m&mvi=8&pl=16&initcwndbps=640000&vprv=1&mime=video%2Fmp4&ns=2QsB1z4OvAN3GGRg1liBUU8F&gir=yes&clen=56336150&dur=389.597&lmt=1564599909292627&mt=1609046913&fvip=2&keepalive=yes&c=WEB&txp=2316222&n=Rl-FbLLaS732xDeD&sparams=expire%2Cei%2Cip%2Cid%2Caitags%2Csource%2Crequiressl%2Cvprv%2Cmime%2Cns%2Cgir%2Cclen%2Cdur%2Clmt&lsparams=mh%2Cmm%2Cmn%2Cms%2Cmv%2Cmvi%2Cpl%2Cinitcwndbps&lsig=AG3C_xAwRQIgJQRCvVmTu8vmT-f0giwDbjP8AhMrdZmhxCkKpWaHE5ICIQDFfLEH1BHQNQEVmU52hEfUWnpGlyW3j4ZUXa-UvKkykQ%3D%3D&sig=AOq0QJ8wRQIhAKY6nI7GrXLfts61sm1FlBcXi95nxwUIHObyBWFhXVjRAiA9EED_3cjlvOXzjU-EEv5MW8eTZkUPmZ7vHNlufa25VA==&ratebypass=yes", "player_url": "/s/player/5dd3f3b2/player_ias.vflset/en_US/base.js", "ext": "mp4", "height": 1080, "format_note": "1080p", "vcodec": "avc1.640028", "asr": null, "filesize": 56336150, "fps": 24, "tbr": 1325.023, "width": 1920, "acodec": "none", "downloader_options": {"http_chunk_size": 10485760}, "format": "137 - 1920x1080 (1080p)", "protocol": "https", "http_headers": {"User-Agent": "Mozilla/5.0 (Windows NT 10.0; Win64; x64) AppleWebKit/537.36 (KHTML, like Gecko) Chrome/74.0.3729.16 Safari/537.36", "Accept-Charset": "ISO-8859-1,utf-8;q=0.7,*;q=0.7", "Accept": "text/html,application/xhtml+xml,application/xml;q=0.9,*/*;q=0.8", "Accept-Encoding": "gzip, deflate", "Accept-Language": "en-us,en;q=0.5"}}, {"format_id": "18", "url": "https://r8---sn-5njj-u2xl.googlevideo.com/videoplayback?expire=1609068869&ei=5RzoX7OAB9KNgQP5-LGgCQ&ip=140.109.135.76&id=o-ABZTO42Qek0XWzp447Lw2NgoSgesf5ZoF6pWXb5FXAsw&itag=18&source=youtube&requiressl=yes&mh=cV&mm=31%2C29&mn=sn-5njj-u2xl%2Csn-un57sn76&ms=au%2Crdu&mv=m&mvi=8&pl=16&initcwndbps=640000&vprv=1&mime=video%2Fmp4&ns=7XsItkRtQHFjVgs1KVDRdjUF&gir=yes&clen=17619052&ratebypass=yes&dur=389.654&lmt=1564599939206259&mt=1609046913&fvip=2&c=WEB&txp=2311222&n=dDERaxzYn7UXnBO_&sparams=expire%2Cei%2Cip%2Cid%2Citag%2Csource%2Crequiressl%2Cvprv%2Cmime%2Cns%2Cgir%2Cclen%2Cratebypass%2Cdur%2Clmt&lsparams=mh%2Cmm%2Cmn%2Cms%2Cmv%2Cmvi%2Cpl%2Cinitcwndbps&lsig=AG3C_xAwRQIgCRSV-GpKpWBRPa-GnsgJDubQtyTW51xyFhmmwO2Q0oYCIQCShd1tsRTBoubK0iqPJi9gQKm8etksofoGqQAxjl7RPA%3D%3D&sig=AOq0QJ8wRQIgG1p6tonn9PywbxhN5bvkt-NvY1ZWRuL--TOFVLVjDeACIQC_dSK3v8bU3fraZegPbNGlKy61DputVgRG687fHs49bw==", "player_url": "/s/player/5dd3f3b2/player_ias.vflset/en_US/base.js", "ext": "mp4", "width": 640, "height": 360, "acodec": "mp4a.40.2", "abr": 96, "vcodec": "avc1.42001E", "asr": 44100, "filesize": 17619052, "format_note": "360p", "fps": 24, "tbr": 361.79, "format": "18 - 640x360 (360p)", "protocol": "https", "http_headers": {"User-Agent": "Mozilla/5.0 (Windows NT 10.0; Win64; x64) AppleWebKit/537.36 (KHTML, like Gecko) Chrome/74.0.3729.16 Safari/537.36", "Accept-Charset": "ISO-8859-1,utf-8;q=0.7,*;q=0.7", "Accept": "text/html,application/xhtml+xml,application/xml;q=0.9,*/*;q=0.8", "Accept-Encoding": "gzip, deflate", "Accept-Language": "en-us,en;q=0.5"}}], "is_live": null, "start_time": null, "end_time": null, "series": null, "season_number": null, "episode_number": null, "track": null, "artist": null, "album": null, "release_date": null, "release_year": null, "extractor": "youtube", "webpage_url_basename": "watch", "extractor_key": "Youtube", "playlist": null, "playlist_index": null, "thumbnail": "https://i.ytimg.com/vi_webp/3N2G21U7guk/maxresdefault.webp", "display_id": "3N2G21U7guk", "requested_subtitles": null, "format_id": "251", "url": "https://r8---sn-5njj-u2xl.googlevideo.com/videoplayback?expire=1609068869&ei=5RzoX7OAB9KNgQP5-LGgCQ&ip=140.109.135.76&id=o-ABZTO42Qek0XWzp447Lw2NgoSgesf5ZoF6pWXb5FXAsw&itag=251&source=youtube&requiressl=yes&mh=cV&mm=31%2C29&mn=sn-5njj-u2xl%2Csn-un57sn76&ms=au%2Crdu&mv=m&mvi=8&pl=16&initcwndbps=640000&vprv=1&mime=audio%2Fwebm&ns=2QsB1z4OvAN3GGRg1liBUU8F&gir=yes&clen=7208511&dur=389.621&lmt=1564604693943449&mt=1609046913&fvip=2&keepalive=yes&c=WEB&txp=2301222&n=Rl-FbLLaS732xDeD&sparams=expire%2Cei%2Cip%2Cid%2Citag%2Csource%2Crequiressl%2Cvprv%2Cmime%2Cns%2Cgir%2Cclen%2Cdur%2Clmt&lsparams=mh%2Cmm%2Cmn%2Cms%2Cmv%2Cmvi%2Cpl%2Cinitcwndbps&lsig=AG3C_xAwRAIgV27VGXps6fxYKGKpaJCzlyuv15GME8Dce50DdnOHliUCID6IFQp_oghBSTsz5ACxVIOy-_s-YtKAL-vCgkTazRS8&sig=AOq0QJ8wRQIhAKOU0ZSvNy5o03Vitaqi9CHqM2GemrLeK42WlqYjPYtEAiBHSh7NmEOt3MKMf48N64B4mHd5iuqUnDc9M63DAX7IXQ==&ratebypass=yes", "player_url": "/s/player/5dd3f3b2/player_ias.vflset/en_US/base.js", "ext": "webm", "format_note": "tiny", "acodec": "opus", "abr": 160, "asr": 48000, "filesize": 7208511, "fps": null, "height": null, "tbr": 164.597, "width": null, "vcodec": "none", "downloader_options": {"http_chunk_size": 10485760}, "format": "251 - audio only (tiny)", "protocol": "https", "http_headers": {"User-Agent": "Mozilla/5.0 (Windows NT 10.0; Win64; x64) AppleWebKit/537.36 (KHTML, like Gecko) Chrome/74.0.3729.16 Safari/537.36", "Accept-Charset": "ISO-8859-1,utf-8;q=0.7,*;q=0.7", "Accept": "text/html,application/xhtml+xml,application/xml;q=0.9,*/*;q=0.8", "Accept-Encoding": "gzip, deflate", "Accept-Language": "en-us,en;q=0.5"}}