{"id": "6EJx4NmI1Lw", "uploader": "AShamaluevMusic - Topic", "uploader_id": "UCo20e9zr5fQeZ92UdWmfM9A", "uploader_url": "http://www.youtube.com/channel/UCo20e9zr5fQeZ92UdWmfM9A", "channel_id": "UCo20e9zr5fQeZ92UdWmfM9A", "channel_url": "http://www.youtube.com/channel/UCo20e9zr5fQeZ92UdWmfM9A", "upload_date": "20191220", "license": null, "creator": "AShamaluevMusic", "title": "Uplifting Piano", "alt_title": "Uplifting Piano", "thumbnails": [{"url": "https://i.ytimg.com/vi/6EJx4NmI1Lw/hqdefault.jpg?sqp=-oaymwEbCKgBEF5IVfKriqkDDggBFQAAiEIYAXABwAEG&rs=AOn4CLAqmc8IhbmAB1WDRpR_E63J9vCS2g", "width": 168, "height": 94, "resolution": "168x94", "id": "0"}, {"url": "https://i.ytimg.com/vi/6EJx4NmI1Lw/hqdefault.jpg?sqp=-oaymwEbCMQBEG5IVfKriqkDDggBFQAAiEIYAXABwAEG&rs=AOn4CLAmqnQNxslv1gH8N3QbR1lwo9iEPQ", "width": 196, "height": 110, "resolution": "196x110", "id": "1"}, {"url": "https://i.ytimg.com/vi/6EJx4NmI1Lw/hqdefault.jpg?sqp=-oaymwEcCPYBEIoBSFXyq4qpAw4IARUAAIhCGAFwAcABBg==&rs=AOn4CLDD47_o6QEeJTR-kl-E6uiK7ohsTA", "width": 246, "height": 138, "resolution": "246x138", "id": "2"}, {"url": "https://i.ytimg.com/vi/6EJx4NmI1Lw/hqdefault.jpg?sqp=-oaymwEcCNACELwBSFXyq4qpAw4IARUAAIhCGAFwAcABBg==&rs=AOn4CLDOh0pTrydml3tE12axaYgOf1BS3w", "width": 336, "height": 188, "resolution": "336x188", "id": "3"}, {"url": "https://i.ytimg.com/vi_webp/6EJx4NmI1Lw/maxresdefault.webp", "width": 1920, "height": 1080, "resolution": "1920x1080", "id": "4"}], "description": "Provided to YouTube by CDBaby\n\nUplifting Piano \u00b7 AShamaluevMusic\n\nUplifting Piano\n\n\u2117 2019 AShamaluevMusic\n\nReleased on: 2019-12-17\n\nAuto-generated by YouTube.", "categories": ["Music"], "tags": ["AShamaluevMusic", "Uplifting Piano"], "subtitles": {}, "automatic_captions": {}, "duration": 215, "age_limit": 0, "annotations": null, "chapters": null, "webpage_url": "https://www.youtube.com/watch?v=6EJx4NmI1Lw", "view_count": 4993, "like_count": 74, "dislike_count": 2, "average_rating": 4.9466667, "formats": [{"format_id": "249", "url": "https://r5---sn-ipoxu-u2xd.googlevideo.com/videoplayback?expire=1613157114&ei=mn4mYM-sJsmcqQHnz5q4DA&ip=61.230.12.35&id=o-AD-tN8uFEE1gmdXe5ryguumRfJrtwpCT5kCCNHhXsNcd&itag=249&source=youtube&requiressl=yes&mh=H4&mm=31%2C29&mn=sn-ipoxu-u2xd%2Csn-un57en7e&ms=au%2Crdu&mv=m&mvi=5&pcm2cms=yes&pl=21&gcr=tw&initcwndbps=1000000&vprv=1&mime=audio%2Fwebm&ns=MXAg1Kg_d7ehkuWROotb7bsF&gir=yes&clen=1523524&dur=215.261&lmt=1611338969554966&mt=1613135326&fvip=5&keepalive=yes&c=WEB&txp=2311222&n=Vl-yE831nyDlVuj-wD&sparams=expire%2Cei%2Cip%2Cid%2Citag%2Csource%2Crequiressl%2Cgcr%2Cvprv%2Cmime%2Cns%2Cgir%2Cclen%2Cdur%2Clmt&lsparams=mh%2Cmm%2Cmn%2Cms%2Cmv%2Cmvi%2Cpcm2cms%2Cpl%2Cinitcwndbps&lsig=AG3C_xAwRAIgCt56-gXcbcKPgAZA_v25sLCOOW7L8m_Jiss05NARZdgCIAdCgmwRoqVcG15Z2MJUm9WFfAQb_YkP4mabhqBf1bdi&sig=AOq0QJ8wRQIgD7D9hFZ_cfzw-YxTutNQpQA1U_4b4O-wq3Z0Hvn-PZ8CIQCoicPpRnpUKzIOFPJSQEwUT-USEQUBWVyc9ZZ5e9JXHg==&ratebypass=yes", "player_url": "/s/player/490079fb/player_ias.vflset/en_US/base.js", "ext": "webm", "format_note": "tiny", "acodec": "opus", "abr": 50, "asr": 48000, "filesize": 1523524, "fps": null, "height": null, "tbr": 68.382, "width": null, "vcodec": "none", "downloader_options": {"http_chunk_size": 10485760}, "format": "249 - audio only (tiny)", "protocol": "https", "http_headers": {"User-Agent": "Mozilla/5.0 (Windows NT 10.0; Win64; x64) AppleWebKit/537.36 (KHTML, like Gecko) Chrome/74.0.3729.96 Safari/537.36", "Accept-Charset": "ISO-8859-1,utf-8;q=0.7,*;q=0.7", "Accept": "text/html,application/xhtml+xml,application/xml;q=0.9,*/*;q=0.8", "Accept-Encoding": "gzip, deflate", "Accept-Language": "en-us,en;q=0.5"}}, {"format_id": "250", "url": "https://r5---sn-ipoxu-u2xd.googlevideo.com/videoplayback?expire=1613157114&ei=mn4mYM-sJsmcqQHnz5q4DA&ip=61.230.12.35&id=o-AD-tN8uFEE1gmdXe5ryguumRfJrtwpCT5kCCNHhXsNcd&itag=250&source=youtube&requiressl=yes&mh=H4&mm=31%2C29&mn=sn-ipoxu-u2xd%2Csn-un57en7e&ms=au%2Crdu&mv=m&mvi=5&pcm2cms=yes&pl=21&gcr=tw&initcwndbps=1000000&vprv=1&mime=audio%2Fwebm&ns=MXAg1Kg_d7ehkuWROotb7bsF&gir=yes&clen=2008516&dur=215.261&lmt=1611338995076504&mt=1613135326&fvip=5&keepalive=yes&c=WEB&txp=2311222&n=Vl-yE831nyDlVuj-wD&sparams=expire%2Cei%2Cip%2Cid%2Citag%2Csource%2Crequiressl%2Cgcr%2Cvprv%2Cmime%2Cns%2Cgir%2Cclen%2Cdur%2Clmt&lsparams=mh%2Cmm%2Cmn%2Cms%2Cmv%2Cmvi%2Cpcm2cms%2Cpl%2Cinitcwndbps&lsig=AG3C_xAwRAIgAeRw4lqIh3jXwLUnqd5NvrtLvSW546pnLvYu_Y3jf3UCIB97DqeUaQEqtW54trWxIyO7AglS_y7dCNzsDPP7ZHqI&sig=AOq0QJ8wRgIhAOisspLi0RFL886YkDaeB4DoRqsG3bFFYrGlyaNQ0pbLAiEA6HLEbshlN7p7N0zu8mSdCQQ5b4A4vcZ2mu6_u5QMEes=&ratebypass=yes", "player_url": "/s/player/490079fb/player_ias.vflset/en_US/base.js", "ext": "webm", "format_note": "tiny", "acodec": "opus", "abr": 70, "asr": 48000, "filesize": 2008516, "fps": null, "height": null, "tbr": 86.464, "width": null, "vcodec": "none", "downloader_options": {"http_chunk_size": 10485760}, "format": "250 - audio only (tiny)", "protocol": "https", "http_headers": {"User-Agent": "Mozilla/5.0 (Windows NT 10.0; Win64; x64) AppleWebKit/537.36 (KHTML, like Gecko) Chrome/74.0.3729.96 Safari/537.36", "Accept-Charset": "ISO-8859-1,utf-8;q=0.7,*;q=0.7", "Accept": "text/html,application/xhtml+xml,application/xml;q=0.9,*/*;q=0.8", "Accept-Encoding": "gzip, deflate", "Accept-Language": "en-us,en;q=0.5"}}, {"format_id": "140", "url": "https://r5---sn-ipoxu-u2xd.googlevideo.com/videoplayback?expire=1613157114&ei=mn4mYM-sJsmcqQHnz5q4DA&ip=61.230.12.35&id=o-AD-tN8uFEE1gmdXe5ryguumRfJrtwpCT5kCCNHhXsNcd&itag=140&source=youtube&requiressl=yes&mh=H4&mm=31%2C29&mn=sn-ipoxu-u2xd%2Csn-un57en7e&ms=au%2Crdu&mv=m&mvi=5&pcm2cms=yes&pl=21&gcr=tw&initcwndbps=1000000&vprv=1&mime=audio%2Fmp4&ns=MXAg1Kg_d7ehkuWROotb7bsF&gir=yes&clen=3486030&dur=215.249&lmt=1585717864405665&mt=1613135326&fvip=5&keepalive=yes&c=WEB&txp=2311222&n=Vl-yE831nyDlVuj-wD&sparams=expire%2Cei%2Cip%2Cid%2Citag%2Csource%2Crequiressl%2Cgcr%2Cvprv%2Cmime%2Cns%2Cgir%2Cclen%2Cdur%2Clmt&lsparams=mh%2Cmm%2Cmn%2Cms%2Cmv%2Cmvi%2Cpcm2cms%2Cpl%2Cinitcwndbps&lsig=AG3C_xAwRgIhALKUzK6h791Bgo-Y_n8hHKb27jqYJommqj2GhCWwBHjIAiEA4ZmDBqc0xMaePyBVcSa8Oj7gyBKmBXtpw99dsk03BbE%3D&sig=AOq0QJ8wRQIhANA-KEcWHd7WBGTSd0eUK0gDiMMZo7zxmozcKunW1r-QAiBLKA7crDo50AIFiBOaOVmaQUglt6PKg4ElPljC7o8AuQ==&ratebypass=yes", "player_url": "/s/player/490079fb/player_ias.vflset/en_US/base.js", "ext": "m4a", "format_note": "tiny", "acodec": "mp4a.40.2", "abr": 128, "container": "m4a_dash", "asr": 44100, "filesize": 3486030, "fps": null, "height": null, "tbr": 130.986, "width": null, "vcodec": "none", "downloader_options": {"http_chunk_size": 10485760}, "format": "140 - audio only (tiny)", "protocol": "https", "http_headers": {"User-Agent": "Mozilla/5.0 (Windows NT 10.0; Win64; x64) AppleWebKit/537.36 (KHTML, like Gecko) Chrome/74.0.3729.96 Safari/537.36", "Accept-Charset": "ISO-8859-1,utf-8;q=0.7,*;q=0.7", "Accept": "text/html,application/xhtml+xml,application/xml;q=0.9,*/*;q=0.8", "Accept-Encoding": "gzip, deflate", "Accept-Language": "en-us,en;q=0.5"}}, {"format_id": "251", "url": "https://r5---sn-ipoxu-u2xd.googlevideo.com/videoplayback?expire=1613157114&ei=mn4mYM-sJsmcqQHnz5q4DA&ip=61.230.12.35&id=o-AD-tN8uFEE1gmdXe5ryguumRfJrtwpCT5kCCNHhXsNcd&itag=251&source=youtube&requiressl=yes&mh=H4&mm=31%2C29&mn=sn-ipoxu-u2xd%2Csn-un57en7e&ms=au%2Crdu&mv=m&mvi=5&pcm2cms=yes&pl=21&gcr=tw&initcwndbps=1000000&vprv=1&mime=audio%2Fwebm&ns=MXAg1Kg_d7ehkuWROotb7bsF&gir=yes&clen=3848970&dur=215.261&lmt=1611338970755889&mt=1613135326&fvip=5&keepalive=yes&c=WEB&txp=2311222&n=Vl-yE831nyDlVuj-wD&sparams=expire%2Cei%2Cip%2Cid%2Citag%2Csource%2Crequiressl%2Cgcr%2Cvprv%2Cmime%2Cns%2Cgir%2Cclen%2Cdur%2Clmt&lsparams=mh%2Cmm%2Cmn%2Cms%2Cmv%2Cmvi%2Cpcm2cms%2Cpl%2Cinitcwndbps&lsig=AG3C_xAwRQIhALxz3zaA0fcPs1Alj3m7JVODxbqzLNKF2aF05_XBVu9JAiBYrBxqz4GArrCnDbX6ycdta-dd_tnZX3HE7k8nO8Vh3Q%3D%3D&sig=AOq0QJ8wRgIhAPTb-xpLglFH7U35TTRHNBsedcBE9kK_C98OkZsG_3zqAiEA0ecP8t23MuDGhFfYoEkMxl_gxTV18YqDK9VmjJCEtjk=&ratebypass=yes", "player_url": "/s/player/490079fb/player_ias.vflset/en_US/base.js", "ext": "webm", "format_note": "tiny", "acodec": "opus", "abr": 160, "asr": 48000, "filesize": 3848970, "fps": null, "height": null, "tbr": 156.372, "width": null, "vcodec": "none", "downloader_options": {"http_chunk_size": 10485760}, "format": "251 - audio only (tiny)", "protocol": "https", "http_headers": {"User-Agent": "Mozilla/5.0 (Windows NT 10.0; Win64; x64) AppleWebKit/537.36 (KHTML, like Gecko) Chrome/74.0.3729.96 Safari/537.36", "Accept-Charset": "ISO-8859-1,utf-8;q=0.7,*;q=0.7", "Accept": "text/html,application/xhtml+xml,application/xml;q=0.9,*/*;q=0.8", "Accept-Encoding": "gzip, deflate", "Accept-Language": "en-us,en;q=0.5"}}, {"format_id": "160", "url": "https://r5---sn-ipoxu-u2xd.googlevideo.com/videoplayback?expire=1613157114&ei=mn4mYM-sJsmcqQHnz5q4DA&ip=61.230.12.35&id=o-AD-tN8uFEE1gmdXe5ryguumRfJrtwpCT5kCCNHhXsNcd&itag=160&aitags=133%2C134%2C135%2C136%2C137%2C160%2C242%2C243%2C244%2C247%2C248%2C278&source=youtube&requiressl=yes&mh=H4&mm=31%2C29&mn=sn-ipoxu-u2xd%2Csn-un57en7e&ms=au%2Crdu&mv=m&mvi=5&pcm2cms=yes&pl=21&gcr=tw&initcwndbps=1000000&vprv=1&mime=video%2Fmp4&ns=MXAg1Kg_d7ehkuWROotb7bsF&gir=yes&clen=434218&dur=215.240&lmt=1585717866466292&mt=1613135326&fvip=5&keepalive=yes&c=WEB&txp=2316222&n=Vl-yE831nyDlVuj-wD&sparams=expire%2Cei%2Cip%2Cid%2Caitags%2Csource%2Crequiressl%2Cgcr%2Cvprv%2Cmime%2Cns%2Cgir%2Cclen%2Cdur%2Clmt&lsparams=mh%2Cmm%2Cmn%2Cms%2Cmv%2Cmvi%2Cpcm2cms%2Cpl%2Cinitcwndbps&lsig=AG3C_xAwRAIgHAx5XQ3znnwrHLPoA7IIZdQcMqzYFy22TpUTej6WDNMCIHG5K6rPzeguYIqpsnVIheSmSlCxKvUME__X7CorD_UB&sig=AOq0QJ8wRAIgXWc28wgYrqqUDafU0Yb9OlMNp4ItVtFk5rLXPSK3OaICIDsTZmwZgmtf1w3joF2qJbRfzqIM--YsxSzmRh4ppgkO&ratebypass=yes", "player_url": "/s/player/490079fb/player_ias.vflset/en_US/base.js", "ext": "mp4", "height": 144, "format_note": "144p", "vcodec": "avc1.4d400b", "asr": null, "filesize": 434218, "fps": 25, "tbr": 18.087, "width": 144, "acodec": "none", "downloader_options": {"http_chunk_size": 10485760}, "format": "160 - 144x144 (144p)", "protocol": "https", "http_headers": {"User-Agent": "Mozilla/5.0 (Windows NT 10.0; Win64; x64) AppleWebKit/537.36 (KHTML, like Gecko) Chrome/74.0.3729.96 Safari/537.36", "Accept-Charset": "ISO-8859-1,utf-8;q=0.7,*;q=0.7", "Accept": "text/html,application/xhtml+xml,application/xml;q=0.9,*/*;q=0.8", "Accept-Encoding": "gzip, deflate", "Accept-Language": "en-us,en;q=0.5"}}, {"format_id": "278", "url": "https://r5---sn-ipoxu-u2xd.googlevideo.com/videoplayback?expire=1613157114&ei=mn4mYM-sJsmcqQHnz5q4DA&ip=61.230.12.35&id=o-AD-tN8uFEE1gmdXe5ryguumRfJrtwpCT5kCCNHhXsNcd&itag=278&aitags=133%2C134%2C135%2C136%2C137%2C160%2C242%2C243%2C244%2C247%2C248%2C278&source=youtube&requiressl=yes&mh=H4&mm=31%2C29&mn=sn-ipoxu-u2xd%2Csn-un57en7e&ms=au%2Crdu&mv=m&mvi=5&pcm2cms=yes&pl=21&gcr=tw&initcwndbps=1000000&vprv=1&mime=video%2Fwebm&ns=MXAg1Kg_d7ehkuWROotb7bsF&gir=yes&clen=514389&dur=215.240&lmt=1585717866780684&mt=1613135326&fvip=5&keepalive=yes&c=WEB&txp=2316222&n=Vl-yE831nyDlVuj-wD&sparams=expire%2Cei%2Cip%2Cid%2Caitags%2Csource%2Crequiressl%2Cgcr%2Cvprv%2Cmime%2Cns%2Cgir%2Cclen%2Cdur%2Clmt&lsparams=mh%2Cmm%2Cmn%2Cms%2Cmv%2Cmvi%2Cpcm2cms%2Cpl%2Cinitcwndbps&lsig=AG3C_xAwRAIgb-hnYe6XNKRFnr3SzY1SFSIvYvS7g9Mv-6z8m9Q2j7wCIETxHJT5y3Bm-iqLghI10xiJ_O0yVSamLYlW0sFxEML1&sig=AOq0QJ8wRQIhAPsXaqxw0VYIbnGhkDSPFO3IftLnNgz_gsg4BlK_j6onAiAzcbhrLPsHOqf_M75nlz4Cb_t6Wl8JB48v1hrfCJ0npQ==&ratebypass=yes", "player_url": "/s/player/490079fb/player_ias.vflset/en_US/base.js", "ext": "webm", "height": 144, "format_note": "144p", "container": "webm", "vcodec": "vp9", "asr": null, "filesize": 514389, "fps": 25, "tbr": 20.745, "width": 144, "acodec": "none", "downloader_options": {"http_chunk_size": 10485760}, "format": "278 - 144x144 (144p)", "protocol": "https", "http_headers": {"User-Agent": "Mozilla/5.0 (Windows NT 10.0; Win64; x64) AppleWebKit/537.36 (KHTML, like Gecko) Chrome/74.0.3729.96 Safari/537.36", "Accept-Charset": "ISO-8859-1,utf-8;q=0.7,*;q=0.7", "Accept": "text/html,application/xhtml+xml,application/xml;q=0.9,*/*;q=0.8", "Accept-Encoding": "gzip, deflate", "Accept-Language": "en-us,en;q=0.5"}}, {"format_id": "242", "url": "https://r5---sn-ipoxu-u2xd.googlevideo.com/videoplayback?expire=1613157114&ei=mn4mYM-sJsmcqQHnz5q4DA&ip=61.230.12.35&id=o-AD-tN8uFEE1gmdXe5ryguumRfJrtwpCT5kCCNHhXsNcd&itag=242&aitags=133%2C134%2C135%2C136%2C137%2C160%2C242%2C243%2C244%2C247%2C248%2C278&source=youtube&requiressl=yes&mh=H4&mm=31%2C29&mn=sn-ipoxu-u2xd%2Csn-un57en7e&ms=au%2Crdu&mv=m&mvi=5&pcm2cms=yes&pl=21&gcr=tw&initcwndbps=1000000&vprv=1&mime=video%2Fwebm&ns=MXAg1Kg_d7ehkuWROotb7bsF&gir=yes&clen=778012&dur=215.240&lmt=1585717867095179&mt=1613135326&fvip=5&keepalive=yes&c=WEB&txp=2316222&n=Vl-yE831nyDlVuj-wD&sparams=expire%2Cei%2Cip%2Cid%2Caitags%2Csource%2Crequiressl%2Cgcr%2Cvprv%2Cmime%2Cns%2Cgir%2Cclen%2Cdur%2Clmt&lsparams=mh%2Cmm%2Cmn%2Cms%2Cmv%2Cmvi%2Cpcm2cms%2Cpl%2Cinitcwndbps&lsig=AG3C_xAwRgIhAOgph6KCUd396BHpGL_wEAn2-u-FcwwczHCTGcIr-5YSAiEAp--ouhMoq3T8impz_erTQB4Vdi94QolzeVcLxDdb9X0%3D&sig=AOq0QJ8wRQIgCPztGUk7Hi43mcYq4UdEgjVHJpTwlb2vMBJPXQ8SuwECIQDp0KGeOGhjAOFGVBLgnf9k-6pBzDBIltyu-ViplUapHQ==&ratebypass=yes", "player_url": "/s/player/490079fb/player_ias.vflset/en_US/base.js", "ext": "webm", "height": 240, "format_note": "240p", "vcodec": "vp9", "asr": null, "filesize": 778012, "fps": 25, "tbr": 30.281, "width": 240, "acodec": "none", "downloader_options": {"http_chunk_size": 10485760}, "format": "242 - 240x240 (240p)", "protocol": "https", "http_headers": {"User-Agent": "Mozilla/5.0 (Windows NT 10.0; Win64; x64) AppleWebKit/537.36 (KHTML, like Gecko) Chrome/74.0.3729.96 Safari/537.36", "Accept-Charset": "ISO-8859-1,utf-8;q=0.7,*;q=0.7", "Accept": "text/html,application/xhtml+xml,application/xml;q=0.9,*/*;q=0.8", "Accept-Encoding": "gzip, deflate", "Accept-Language": "en-us,en;q=0.5"}}, {"format_id": "133", "url": "https://r5---sn-ipoxu-u2xd.googlevideo.com/videoplayback?expire=1613157114&ei=mn4mYM-sJsmcqQHnz5q4DA&ip=61.230.12.35&id=o-AD-tN8uFEE1gmdXe5ryguumRfJrtwpCT5kCCNHhXsNcd&itag=133&aitags=133%2C134%2C135%2C136%2C137%2C160%2C242%2C243%2C244%2C247%2C248%2C278&source=youtube&requiressl=yes&mh=H4&mm=31%2C29&mn=sn-ipoxu-u2xd%2Csn-un57en7e&ms=au%2Crdu&mv=m&mvi=5&pcm2cms=yes&pl=21&gcr=tw&initcwndbps=1000000&vprv=1&mime=video%2Fmp4&ns=MXAg1Kg_d7ehkuWROotb7bsF&gir=yes&clen=815226&dur=215.240&lmt=1585717866682142&mt=1613135326&fvip=5&keepalive=yes&c=WEB&txp=2316222&n=Vl-yE831nyDlVuj-wD&sparams=expire%2Cei%2Cip%2Cid%2Caitags%2Csource%2Crequiressl%2Cgcr%2Cvprv%2Cmime%2Cns%2Cgir%2Cclen%2Cdur%2Clmt&lsparams=mh%2Cmm%2Cmn%2Cms%2Cmv%2Cmvi%2Cpcm2cms%2Cpl%2Cinitcwndbps&lsig=AG3C_xAwRQIhAOi-1LUXcbLUnfMU_767u8u0ZK-qoptQbb0qXx9gkPnqAiAIiB4NF3xZZ5o80T3lOWcId1Lt8WD77KZiK-54JVUWVg%3D%3D&sig=AOq0QJ8wRAIgaihi4OrKpU-9Ex9wcjbg7bal4FQ0ReYudkKZpAgrnZwCIBHVh1laFZZ9bw2uAXvgHg7ibaOVqMfdm0Rnf46onqyK&ratebypass=yes", "player_url": "/s/player/490079fb/player_ias.vflset/en_US/base.js", "ext": "mp4", "height": 240, "format_note": "240p", "vcodec": "avc1.4d400c", "asr": null, "filesize": 815226, "fps": 25, "tbr": 32.242, "width": 240, "acodec": "none", "downloader_options": {"http_chunk_size": 10485760}, "format": "133 - 240x240 (240p)", "protocol": "https", "http_headers": {"User-Agent": "Mozilla/5.0 (Windows NT 10.0; Win64; x64) AppleWebKit/537.36 (KHTML, like Gecko) Chrome/74.0.3729.96 Safari/537.36", "Accept-Charset": "ISO-8859-1,utf-8;q=0.7,*;q=0.7", "Accept": "text/html,application/xhtml+xml,application/xml;q=0.9,*/*;q=0.8", "Accept-Encoding": "gzip, deflate", "Accept-Language": "en-us,en;q=0.5"}}, {"format_id": "243", "url": "https://r5---sn-ipoxu-u2xd.googlevideo.com/videoplayback?expire=1613157114&ei=mn4mYM-sJsmcqQHnz5q4DA&ip=61.230.12.35&id=o-AD-tN8uFEE1gmdXe5ryguumRfJrtwpCT5kCCNHhXsNcd&itag=243&aitags=133%2C134%2C135%2C136%2C137%2C160%2C242%2C243%2C244%2C247%2C248%2C278&source=youtube&requiressl=yes&mh=H4&mm=31%2C29&mn=sn-ipoxu-u2xd%2Csn-un57en7e&ms=au%2Crdu&mv=m&mvi=5&pcm2cms=yes&pl=21&gcr=tw&initcwndbps=1000000&vprv=1&mime=video%2Fwebm&ns=MXAg1Kg_d7ehkuWROotb7bsF&gir=yes&clen=1133037&dur=215.240&lmt=1585717867408164&mt=1613135326&fvip=5&keepalive=yes&c=WEB&txp=2316222&n=Vl-yE831nyDlVuj-wD&sparams=expire%2Cei%2Cip%2Cid%2Caitags%2Csource%2Crequiressl%2Cgcr%2Cvprv%2Cmime%2Cns%2Cgir%2Cclen%2Cdur%2Clmt&lsparams=mh%2Cmm%2Cmn%2Cms%2Cmv%2Cmvi%2Cpcm2cms%2Cpl%2Cinitcwndbps&lsig=AG3C_xAwRgIhAO3DFAB4CZDbZA_iA9-2a99PhZ16oRrzpuTjC8Ji-azzAiEAz2in106cRe_8zmkhPulRuyqWPYif9pr7i7OWXKG4ilU%3D&sig=AOq0QJ8wRQIhALGcRljYilSDltxHrELCCAV2ArQcYjnrNCUTHSid28XmAiB8vOaUBriKIbMmTpguPMBQzGRzXbs_Hh3qgfl95_LyOQ==&ratebypass=yes", "player_url": "/s/player/490079fb/player_ias.vflset/en_US/base.js", "ext": "webm", "height": 360, "format_note": "360p", "vcodec": "vp9", "asr": null, "filesize": 1133037, "fps": 25, "tbr": 43.481, "width": 360, "acodec": "none", "downloader_options": {"http_chunk_size": 10485760}, "format": "243 - 360x360 (360p)", "protocol": "https", "http_headers": {"User-Agent": "Mozilla/5.0 (Windows NT 10.0; Win64; x64) AppleWebKit/537.36 (KHTML, like Gecko) Chrome/74.0.3729.96 Safari/537.36", "Accept-Charset": "ISO-8859-1,utf-8;q=0.7,*;q=0.7", "Accept": "text/html,application/xhtml+xml,application/xml;q=0.9,*/*;q=0.8", "Accept-Encoding": "gzip, deflate", "Accept-Language": "en-us,en;q=0.5"}}, {"format_id": "134", "url": "https://r5---sn-ipoxu-u2xd.googlevideo.com/videoplayback?expire=1613157114&ei=mn4mYM-sJsmcqQHnz5q4DA&ip=61.230.12.35&id=o-AD-tN8uFEE1gmdXe5ryguumRfJrtwpCT5kCCNHhXsNcd&itag=134&aitags=133%2C134%2C135%2C136%2C137%2C160%2C242%2C243%2C244%2C247%2C248%2C278&source=youtube&requiressl=yes&mh=H4&mm=31%2C29&mn=sn-ipoxu-u2xd%2Csn-un57en7e&ms=au%2Crdu&mv=m&mvi=5&pcm2cms=yes&pl=21&gcr=tw&initcwndbps=1000000&vprv=1&mime=video%2Fmp4&ns=MXAg1Kg_d7ehkuWROotb7bsF&gir=yes&clen=1375637&dur=215.240&lmt=1585717866820265&mt=1613135326&fvip=5&keepalive=yes&c=WEB&txp=2316222&n=Vl-yE831nyDlVuj-wD&sparams=expire%2Cei%2Cip%2Cid%2Caitags%2Csource%2Crequiressl%2Cgcr%2Cvprv%2Cmime%2Cns%2Cgir%2Cclen%2Cdur%2Clmt&lsparams=mh%2Cmm%2Cmn%2Cms%2Cmv%2Cmvi%2Cpcm2cms%2Cpl%2Cinitcwndbps&lsig=AG3C_xAwRQIgEUJmuXAbcMAiFx0CpJaIxEytLxYoDsD9G1yiGV0FkEQCIQDgxUjZ9rb7O8lTCUzExwfRceG-PpvywnoMn3SzTpXmlg%3D%3D&sig=AOq0QJ8wRAIgMV6_70XdaCLUwnbTmf5d7S4SwC51bUNKqbzgUX2KMjcCIBcZweZazc1Kx36-efzfq5WabSmZXTHnxizpUXbWasPN&ratebypass=yes", "player_url": "/s/player/490079fb/player_ias.vflset/en_US/base.js", "ext": "mp4", "height": 360, "format_note": "360p", "vcodec": "avc1.4d4015", "asr": null, "filesize": 1375637, "fps": 25, "tbr": 53.114, "width": 360, "acodec": "none", "downloader_options": {"http_chunk_size": 10485760}, "format": "134 - 360x360 (360p)", "protocol": "https", "http_headers": {"User-Agent": "Mozilla/5.0 (Windows NT 10.0; Win64; x64) AppleWebKit/537.36 (KHTML, like Gecko) Chrome/74.0.3729.96 Safari/537.36", "Accept-Charset": "ISO-8859-1,utf-8;q=0.7,*;q=0.7", "Accept": "text/html,application/xhtml+xml,application/xml;q=0.9,*/*;q=0.8", "Accept-Encoding": "gzip, deflate", "Accept-Language": "en-us,en;q=0.5"}}, {"format_id": "244", "url": "https://r5---sn-ipoxu-u2xd.googlevideo.com/videoplayback?expire=1613157114&ei=mn4mYM-sJsmcqQHnz5q4DA&ip=61.230.12.35&id=o-AD-tN8uFEE1gmdXe5ryguumRfJrtwpCT5kCCNHhXsNcd&itag=244&aitags=133%2C134%2C135%2C136%2C137%2C160%2C242%2C243%2C244%2C247%2C248%2C278&source=youtube&requiressl=yes&mh=H4&mm=31%2C29&mn=sn-ipoxu-u2xd%2Csn-un57en7e&ms=au%2Crdu&mv=m&mvi=5&pcm2cms=yes&pl=21&gcr=tw&initcwndbps=1000000&vprv=1&mime=video%2Fwebm&ns=MXAg1Kg_d7ehkuWROotb7bsF&gir=yes&clen=1592259&dur=215.240&lmt=1585717866471397&mt=1613135326&fvip=5&keepalive=yes&c=WEB&txp=2316222&n=Vl-yE831nyDlVuj-wD&sparams=expire%2Cei%2Cip%2Cid%2Caitags%2Csource%2Crequiressl%2Cgcr%2Cvprv%2Cmime%2Cns%2Cgir%2Cclen%2Cdur%2Clmt&lsparams=mh%2Cmm%2Cmn%2Cms%2Cmv%2Cmvi%2Cpcm2cms%2Cpl%2Cinitcwndbps&lsig=AG3C_xAwRQIhAMcjUilxGHv2IBQVlT-UYN33X1MjJ2or-wK8H845iI_TAiAQax3fXXAYIVtU70-JER3TyTcDDPMXuaYxLm7MMLZ7Rw%3D%3D&sig=AOq0QJ8wRQIhAMMC9YQ-kYSMYUOJ2NYKMV76iyP2H2LEKAAnkxxsXRWTAiAokR4yOyuJ10A0-MO4_-O1AQIi5Yplk9vr8ci7Sh0aIA==&ratebypass=yes", "player_url": "/s/player/490079fb/player_ias.vflset/en_US/base.js", "ext": "webm", "height": 480, "format_note": "480p", "vcodec": "vp9", "asr": null, "filesize": 1592259, "fps": 25, "tbr": 60.601, "width": 480, "acodec": "none", "downloader_options": {"http_chunk_size": 10485760}, "format": "244 - 480x480 (480p)", "protocol": "https", "http_headers": {"User-Agent": "Mozilla/5.0 (Windows NT 10.0; Win64; x64) AppleWebKit/537.36 (KHTML, like Gecko) Chrome/74.0.3729.96 Safari/537.36", "Accept-Charset": "ISO-8859-1,utf-8;q=0.7,*;q=0.7", "Accept": "text/html,application/xhtml+xml,application/xml;q=0.9,*/*;q=0.8", "Accept-Encoding": "gzip, deflate", "Accept-Language": "en-us,en;q=0.5"}}, {"format_id": "135", "url": "https://r5---sn-ipoxu-u2xd.googlevideo.com/videoplayback?expire=1613157114&ei=mn4mYM-sJsmcqQHnz5q4DA&ip=61.230.12.35&id=o-AD-tN8uFEE1gmdXe5ryguumRfJrtwpCT5kCCNHhXsNcd&itag=135&aitags=133%2C134%2C135%2C136%2C137%2C160%2C242%2C243%2C244%2C247%2C248%2C278&source=youtube&requiressl=yes&mh=H4&mm=31%2C29&mn=sn-ipoxu-u2xd%2Csn-un57en7e&ms=au%2Crdu&mv=m&mvi=5&pcm2cms=yes&pl=21&gcr=tw&initcwndbps=1000000&vprv=1&mime=video%2Fmp4&ns=MXAg1Kg_d7ehkuWROotb7bsF&gir=yes&clen=2441796&dur=215.240&lmt=1585717866989679&mt=1613135326&fvip=5&keepalive=yes&c=WEB&txp=2316222&n=Vl-yE831nyDlVuj-wD&sparams=expire%2Cei%2Cip%2Cid%2Caitags%2Csource%2Crequiressl%2Cgcr%2Cvprv%2Cmime%2Cns%2Cgir%2Cclen%2Cdur%2Clmt&lsparams=mh%2Cmm%2Cmn%2Cms%2Cmv%2Cmvi%2Cpcm2cms%2Cpl%2Cinitcwndbps&lsig=AG3C_xAwRQIhANzOuSYSLEmcNSFEiORPKjWMuMNcrwcqqwV2ZuUdFT1DAiBVaEYDV913O6CMg2Ei--JTDPVtz_dk_0D3y5KtmIsQHQ%3D%3D&sig=AOq0QJ8wRQIgeLx7wbtrN8g8eoXPyasvMMfDcice6hCmRlFE5MJBz10CIQDqBhkvsbReHpTppchmB_Y5IGNZk0LgLbCfG08rs3WXJQ==&ratebypass=yes", "player_url": "/s/player/490079fb/player_ias.vflset/en_US/base.js", "ext": "mp4", "height": 480, "format_note": "480p", "vcodec": "avc1.4d401e", "asr": null, "filesize": 2441796, "fps": 25, "tbr": 92.756, "width": 480, "acodec": "none", "downloader_options": {"http_chunk_size": 10485760}, "format": "135 - 480x480 (480p)", "protocol": "https", "http_headers": {"User-Agent": "Mozilla/5.0 (Windows NT 10.0; Win64; x64) AppleWebKit/537.36 (KHTML, like Gecko) Chrome/74.0.3729.96 Safari/537.36", "Accept-Charset": "ISO-8859-1,utf-8;q=0.7,*;q=0.7", "Accept": "text/html,application/xhtml+xml,application/xml;q=0.9,*/*;q=0.8", "Accept-Encoding": "gzip, deflate", "Accept-Language": "en-us,en;q=0.5"}}, {"format_id": "247", "url": "https://r5---sn-ipoxu-u2xd.googlevideo.com/videoplayback?expire=1613157114&ei=mn4mYM-sJsmcqQHnz5q4DA&ip=61.230.12.35&id=o-AD-tN8uFEE1gmdXe5ryguumRfJrtwpCT5kCCNHhXsNcd&itag=247&aitags=133%2C134%2C135%2C136%2C137%2C160%2C242%2C243%2C244%2C247%2C248%2C278&source=youtube&requiressl=yes&mh=H4&mm=31%2C29&mn=sn-ipoxu-u2xd%2Csn-un57en7e&ms=au%2Crdu&mv=m&mvi=5&pcm2cms=yes&pl=21&gcr=tw&initcwndbps=1000000&vprv=1&mime=video%2Fwebm&ns=MXAg1Kg_d7ehkuWROotb7bsF&gir=yes&clen=2745276&dur=215.240&lmt=1585717867168231&mt=1613135326&fvip=5&keepalive=yes&c=WEB&txp=2316222&n=Vl-yE831nyDlVuj-wD&sparams=expire%2Cei%2Cip%2Cid%2Caitags%2Csource%2Crequiressl%2Cgcr%2Cvprv%2Cmime%2Cns%2Cgir%2Cclen%2Cdur%2Clmt&lsparams=mh%2Cmm%2Cmn%2Cms%2Cmv%2Cmvi%2Cpcm2cms%2Cpl%2Cinitcwndbps&lsig=AG3C_xAwRgIhAP9WO3T8WUWfq-JbboLA1n2SfY4XZvKC1eQSSax8WQYoAiEAlvD0qVEslw1_PO299nip-rfXQLMc4pNCWTqOxdXh18U%3D&sig=AOq0QJ8wRAIgdEH3RjBWHUc9H1dA_JCXUsKALKM658qAEGxIN8cQDXICIAKpsn4hUOBLk20DJmRZAwiuBLqgYDqwGwE8B0ojzSkG&ratebypass=yes", "player_url": "/s/player/490079fb/player_ias.vflset/en_US/base.js", "ext": "webm", "height": 720, "format_note": "720p", "vcodec": "vp9", "asr": null, "filesize": 2745276, "fps": 25, "tbr": 103.512, "width": 720, "acodec": "none", "downloader_options": {"http_chunk_size": 10485760}, "format": "247 - 720x720 (720p)", "protocol": "https", "http_headers": {"User-Agent": "Mozilla/5.0 (Windows NT 10.0; Win64; x64) AppleWebKit/537.36 (KHTML, like Gecko) Chrome/74.0.3729.96 Safari/537.36", "Accept-Charset": "ISO-8859-1,utf-8;q=0.7,*;q=0.7", "Accept": "text/html,application/xhtml+xml,application/xml;q=0.9,*/*;q=0.8", "Accept-Encoding": "gzip, deflate", "Accept-Language": "en-us,en;q=0.5"}}, {"format_id": "136", "url": "https://r5---sn-ipoxu-u2xd.googlevideo.com/videoplayback?expire=1613157114&ei=mn4mYM-sJsmcqQHnz5q4DA&ip=61.230.12.35&id=o-AD-tN8uFEE1gmdXe5ryguumRfJrtwpCT5kCCNHhXsNcd&itag=136&aitags=133%2C134%2C135%2C136%2C137%2C160%2C242%2C243%2C244%2C247%2C248%2C278&source=youtube&requiressl=yes&mh=H4&mm=31%2C29&mn=sn-ipoxu-u2xd%2Csn-un57en7e&ms=au%2Crdu&mv=m&mvi=5&pcm2cms=yes&pl=21&gcr=tw&initcwndbps=1000000&vprv=1&mime=video%2Fmp4&ns=MXAg1Kg_d7ehkuWROotb7bsF&gir=yes&clen=5219082&dur=215.240&lmt=1585717866792608&mt=1613135326&fvip=5&keepalive=yes&c=WEB&txp=2316222&n=Vl-yE831nyDlVuj-wD&sparams=expire%2Cei%2Cip%2Cid%2Caitags%2Csource%2Crequiressl%2Cgcr%2Cvprv%2Cmime%2Cns%2Cgir%2Cclen%2Cdur%2Clmt&lsparams=mh%2Cmm%2Cmn%2Cms%2Cmv%2Cmvi%2Cpcm2cms%2Cpl%2Cinitcwndbps&lsig=AG3C_xAwRQIgN9NzSQcSjVto8Tu8NqzGzkKyi62xfb7oVCdhps8RTisCIQDe_tWZ7McksVn0119TAUToLFX-VncBC73DOwfpdC6rqg%3D%3D&sig=AOq0QJ8wRQIgLSsaxvQqo1rPnXtjdpXqOnNLveuW74OHwSgU-Zc1I2ACIQCKIOchB_xWpxewmM4y5dW_YdLIV4f6KuwVHTsscIZP6Q==&ratebypass=yes", "player_url": "/s/player/490079fb/player_ias.vflset/en_US/base.js", "ext": "mp4", "height": 720, "format_note": "720p", "vcodec": "avc1.4d401f", "asr": null, "filesize": 5219082, "fps": 25, "tbr": 196.032, "width": 720, "acodec": "none", "downloader_options": {"http_chunk_size": 10485760}, "format": "136 - 720x720 (720p)", "protocol": "https", "http_headers": {"User-Agent": "Mozilla/5.0 (Windows NT 10.0; Win64; x64) AppleWebKit/537.36 (KHTML, like Gecko) Chrome/74.0.3729.96 Safari/537.36", "Accept-Charset": "ISO-8859-1,utf-8;q=0.7,*;q=0.7", "Accept": "text/html,application/xhtml+xml,application/xml;q=0.9,*/*;q=0.8", "Accept-Encoding": "gzip, deflate", "Accept-Language": "en-us,en;q=0.5"}}, {"format_id": "248", "url": "https://r5---sn-ipoxu-u2xd.googlevideo.com/videoplayback?expire=1613157114&ei=mn4mYM-sJsmcqQHnz5q4DA&ip=61.230.12.35&id=o-AD-tN8uFEE1gmdXe5ryguumRfJrtwpCT5kCCNHhXsNcd&itag=248&aitags=133%2C134%2C135%2C136%2C137%2C160%2C242%2C243%2C244%2C247%2C248%2C278&source=youtube&requiressl=yes&mh=H4&mm=31%2C29&mn=sn-ipoxu-u2xd%2Csn-un57en7e&ms=au%2Crdu&mv=m&mvi=5&pcm2cms=yes&pl=21&gcr=tw&initcwndbps=1000000&vprv=1&mime=video%2Fwebm&ns=MXAg1Kg_d7ehkuWROotb7bsF&gir=yes&clen=7878564&dur=215.240&lmt=1585717868381549&mt=1613135326&fvip=5&keepalive=yes&c=WEB&txp=2316222&n=Vl-yE831nyDlVuj-wD&sparams=expire%2Cei%2Cip%2Cid%2Caitags%2Csource%2Crequiressl%2Cgcr%2Cvprv%2Cmime%2Cns%2Cgir%2Cclen%2Cdur%2Clmt&lsparams=mh%2Cmm%2Cmn%2Cms%2Cmv%2Cmvi%2Cpcm2cms%2Cpl%2Cinitcwndbps&lsig=AG3C_xAwRgIhAIExpJyJuhXEBxDJLLdWiqFc7-gs0PnM-cCoYUuQ6vYlAiEAnUzSwTjMMMXgZ6kJutP9vGl5xUCIlA_ELcxK2W6YAlM%3D&sig=AOq0QJ8wRQIgJPbRHEZ5K36KvDR425o6d1Tlt1ss7jEHFfI7Tt8_xS0CIQCLSbCVshB7_FlTy9Q9QePssW_ioiUvQooIAM0S50mYKw==&ratebypass=yes", "player_url": "/s/player/490079fb/player_ias.vflset/en_US/base.js", "ext": "webm", "height": 1080, "format_note": "1080p", "vcodec": "vp9", "asr": null, "filesize": 7878564, "fps": 25, "tbr": 294.47, "width": 1080, "acodec": "none", "downloader_options": {"http_chunk_size": 10485760}, "format": "248 - 1080x1080 (1080p)", "protocol": "https", "http_headers": {"User-Agent": "Mozilla/5.0 (Windows NT 10.0; Win64; x64) AppleWebKit/537.36 (KHTML, like Gecko) Chrome/74.0.3729.96 Safari/537.36", "Accept-Charset": "ISO-8859-1,utf-8;q=0.7,*;q=0.7", "Accept": "text/html,application/xhtml+xml,application/xml;q=0.9,*/*;q=0.8", "Accept-Encoding": "gzip, deflate", "Accept-Language": "en-us,en;q=0.5"}}, {"format_id": "137", "url": "https://r5---sn-ipoxu-u2xd.googlevideo.com/videoplayback?expire=1613157114&ei=mn4mYM-sJsmcqQHnz5q4DA&ip=61.230.12.35&id=o-AD-tN8uFEE1gmdXe5ryguumRfJrtwpCT5kCCNHhXsNcd&itag=137&aitags=133%2C134%2C135%2C136%2C137%2C160%2C242%2C243%2C244%2C247%2C248%2C278&source=youtube&requiressl=yes&mh=H4&mm=31%2C29&mn=sn-ipoxu-u2xd%2Csn-un57en7e&ms=au%2Crdu&mv=m&mvi=5&pcm2cms=yes&pl=21&gcr=tw&initcwndbps=1000000&vprv=1&mime=video%2Fmp4&ns=MXAg1Kg_d7ehkuWROotb7bsF&gir=yes&clen=12797397&dur=215.240&lmt=1585717867809535&mt=1613135326&fvip=5&keepalive=yes&c=WEB&txp=2316222&n=Vl-yE831nyDlVuj-wD&sparams=expire%2Cei%2Cip%2Cid%2Caitags%2Csource%2Crequiressl%2Cgcr%2Cvprv%2Cmime%2Cns%2Cgir%2Cclen%2Cdur%2Clmt&lsparams=mh%2Cmm%2Cmn%2Cms%2Cmv%2Cmvi%2Cpcm2cms%2Cpl%2Cinitcwndbps&lsig=AG3C_xAwRAIgGUOkiRqy3QzeqYj70WVQaapI_4KldRZncNKvj5Mk8nICIBBuGWimW0yYs2cFTe-tO8v9lah9lYkCE48SAkaXS-1L&sig=AOq0QJ8wRAIgFsblue0A_THOo9Toqsb_3hva1-pJcMn5F5W2tGMy_yACIFp3WSjnsQMqtJb8Q5U7Axg7BO9LIDTeI7ynLtzertYG&ratebypass=yes", "player_url": "/s/player/490079fb/player_ias.vflset/en_US/base.js", "ext": "mp4", "height": 1080, "format_note": "1080p", "vcodec": "avc1.640020", "asr": null, "filesize": 12797397, "fps": 25, "tbr": 478.028, "width": 1080, "acodec": "none", "downloader_options": {"http_chunk_size": 10485760}, "format": "137 - 1080x1080 (1080p)", "protocol": "https", "http_headers": {"User-Agent": "Mozilla/5.0 (Windows NT 10.0; Win64; x64) AppleWebKit/537.36 (KHTML, like Gecko) Chrome/74.0.3729.96 Safari/537.36", "Accept-Charset": "ISO-8859-1,utf-8;q=0.7,*;q=0.7", "Accept": "text/html,application/xhtml+xml,application/xml;q=0.9,*/*;q=0.8", "Accept-Encoding": "gzip, deflate", "Accept-Language": "en-us,en;q=0.5"}}, {"format_id": "18", "url": "https://r5---sn-ipoxu-u2xd.googlevideo.com/videoplayback?expire=1613157114&ei=mn4mYM-sJsmcqQHnz5q4DA&ip=61.230.12.35&id=o-AD-tN8uFEE1gmdXe5ryguumRfJrtwpCT5kCCNHhXsNcd&itag=18&source=youtube&requiressl=yes&mh=H4&mm=31%2C29&mn=sn-ipoxu-u2xd%2Csn-un57en7e&ms=au%2Crdu&mv=m&mvi=5&pcm2cms=yes&pl=21&gcr=tw&initcwndbps=1000000&vprv=1&mime=video%2Fmp4&ns=0f0Hv0X0r9tGpo6zB0TyBjUF&gir=yes&clen=4219536&ratebypass=yes&dur=215.295&lmt=1585717846583462&mt=1613135326&fvip=5&c=WEB&txp=2316222&n=kHbr1t2EnlvPK2Tw4O&sparams=expire%2Cei%2Cip%2Cid%2Citag%2Csource%2Crequiressl%2Cgcr%2Cvprv%2Cmime%2Cns%2Cgir%2Cclen%2Cratebypass%2Cdur%2Clmt&lsparams=mh%2Cmm%2Cmn%2Cms%2Cmv%2Cmvi%2Cpcm2cms%2Cpl%2Cinitcwndbps&lsig=AG3C_xAwRAIgBSym3WYctdPk_HvSmrGSL-0U5KnwyzxK2vJwNiMZ2FwCIAuZnj8IGbVqAYZg2JiFeGYuWQheTxovQYUs9n9P0i-R&sig=AOq0QJ8wRgIhAIhNqRVLwfMLp8Cq1J_v6DUfIjgxpFPnLZJ4s5nCc1dtAiEA5vIMX5GLIHIoIZ_ujgBGMuIgEM77gz0sXrdzFTC5CDc=", "player_url": "/s/player/490079fb/player_ias.vflset/en_US/base.js", "ext": "mp4", "width": 360, "height": 360, "acodec": "mp4a.40.2", "abr": 96, "vcodec": "avc1.42001E", "asr": 44100, "filesize": 4219536, "format_note": "360p", "fps": 25, "tbr": 156.83, "format": "18 - 360x360 (360p)", "protocol": "https", "http_headers": {"User-Agent": "Mozilla/5.0 (Windows NT 10.0; Win64; x64) AppleWebKit/537.36 (KHTML, like Gecko) Chrome/74.0.3729.96 Safari/537.36", "Accept-Charset": "ISO-8859-1,utf-8;q=0.7,*;q=0.7", "Accept": "text/html,application/xhtml+xml,application/xml;q=0.9,*/*;q=0.8", "Accept-Encoding": "gzip, deflate", "Accept-Language": "en-us,en;q=0.5"}}], "is_live": null, "start_time": null, "end_time": null, "series": null, "season_number": null, "episode_number": null, "track": "Uplifting Piano", "artist": "AShamaluevMusic", "album": "Uplifting Piano", "release_date": "20191217", "release_year": 2019, "extractor": "youtube", "webpage_url_basename": "watch", "extractor_key": "Youtube", "playlist": null, "playlist_index": null, "thumbnail": "https://i.ytimg.com/vi_webp/6EJx4NmI1Lw/maxresdefault.webp", "display_id": "6EJx4NmI1Lw", "requested_subtitles": null, "format_id": "251", "url": "https://r5---sn-ipoxu-u2xd.googlevideo.com/videoplayback?expire=1613157114&ei=mn4mYM-sJsmcqQHnz5q4DA&ip=61.230.12.35&id=o-AD-tN8uFEE1gmdXe5ryguumRfJrtwpCT5kCCNHhXsNcd&itag=251&source=youtube&requiressl=yes&mh=H4&mm=31%2C29&mn=sn-ipoxu-u2xd%2Csn-un57en7e&ms=au%2Crdu&mv=m&mvi=5&pcm2cms=yes&pl=21&gcr=tw&initcwndbps=1000000&vprv=1&mime=audio%2Fwebm&ns=MXAg1Kg_d7ehkuWROotb7bsF&gir=yes&clen=3848970&dur=215.261&lmt=1611338970755889&mt=1613135326&fvip=5&keepalive=yes&c=WEB&txp=2311222&n=Vl-yE831nyDlVuj-wD&sparams=expire%2Cei%2Cip%2Cid%2Citag%2Csource%2Crequiressl%2Cgcr%2Cvprv%2Cmime%2Cns%2Cgir%2Cclen%2Cdur%2Clmt&lsparams=mh%2Cmm%2Cmn%2Cms%2Cmv%2Cmvi%2Cpcm2cms%2Cpl%2Cinitcwndbps&lsig=AG3C_xAwRQIhALxz3zaA0fcPs1Alj3m7JVODxbqzLNKF2aF05_XBVu9JAiBYrBxqz4GArrCnDbX6ycdta-dd_tnZX3HE7k8nO8Vh3Q%3D%3D&sig=AOq0QJ8wRgIhAPTb-xpLglFH7U35TTRHNBsedcBE9kK_C98OkZsG_3zqAiEA0ecP8t23MuDGhFfYoEkMxl_gxTV18YqDK9VmjJCEtjk=&ratebypass=yes", "player_url": "/s/player/490079fb/player_ias.vflset/en_US/base.js", "ext": "webm", "format_note": "tiny", "acodec": "opus", "abr": 160, "asr": 48000, "filesize": 3848970, "fps": null, "height": null, "tbr": 156.372, "width": null, "vcodec": "none", "downloader_options": {"http_chunk_size": 10485760}, "format": "251 - audio only (tiny)", "protocol": "https", "http_headers": {"User-Agent": "Mozilla/5.0 (Windows NT 10.0; Win64; x64) AppleWebKit/537.36 (KHTML, like Gecko) Chrome/74.0.3729.96 Safari/537.36", "Accept-Charset": "ISO-8859-1,utf-8;q=0.7,*;q=0.7", "Accept": "text/html,application/xhtml+xml,application/xml;q=0.9,*/*;q=0.8", "Accept-Encoding": "gzip, deflate", "Accept-Language": "en-us,en;q=0.5"}}