{"id": "6wFJhmhNeeg", "uploader": "Costantino Carrara Music", "uploader_id": "kosta97piano", "uploader_url": "http://www.youtube.com/user/kosta97piano", "channel_id": "UCIvxmYZSfLNbtA4OPMHqKBw", "channel_url": "http://www.youtube.com/channel/UCIvxmYZSfLNbtA4OPMHqKBw", "upload_date": "20170608", "license": null, "creator": null, "title": "\"Something Just Like This\" - The Chainsmokers & Coldplay (Piano Cover) - Costantino Carrara", "alt_title": null, "thumbnails": [{"url": "https://i.ytimg.com/vi/6wFJhmhNeeg/hqdefault.jpg?sqp=-oaymwEYCKgBEF5IVfKriqkDCwgBFQAAiEIYAXAB&rs=AOn4CLALXEHWGTZk7zwcbcPSHXZOZt92JQ", "width": 168, "height": 94, "resolution": "168x94", "id": "0"}, {"url": "https://i.ytimg.com/vi/6wFJhmhNeeg/hqdefault.jpg?sqp=-oaymwEYCMQBEG5IVfKriqkDCwgBFQAAiEIYAXAB&rs=AOn4CLB_bgXZYvtTx1EOw4NQ6RXy_0ItPw", "width": 196, "height": 110, "resolution": "196x110", "id": "1"}, {"url": "https://i.ytimg.com/vi/6wFJhmhNeeg/hqdefault.jpg?sqp=-oaymwEZCPYBEIoBSFXyq4qpAwsIARUAAIhCGAFwAQ==&rs=AOn4CLDjPtqLDdWGC7qF-AgKYMgD18-Ckw", "width": 246, "height": 138, "resolution": "246x138", "id": "2"}, {"url": "https://i.ytimg.com/vi/6wFJhmhNeeg/hqdefault.jpg?sqp=-oaymwEZCNACELwBSFXyq4qpAwsIARUAAIhCGAFwAQ==&rs=AOn4CLCQ3ukNOG8ZuetI1j113Q8osd1jfA", "width": 336, "height": 188, "resolution": "336x188", "id": "3"}, {"url": "https://i.ytimg.com/vi_webp/6wFJhmhNeeg/maxresdefault.webp", "width": 1920, "height": 1080, "resolution": "1920x1080", "id": "4"}], "description": "I hope you'll like my piano cover of \"Something Just Like It\" by Coldplay!\n\u2718 Grab the Sheet Music: http://mnot.es/2sIl8Rs\n\u266b Support me on Patreon: http://bit.ly/CostaPatreon\n\u2718 Listen on Spotify: http://spoti.fi/1O1btaj\n\n\u266b Facebook - http://www.facebook.com/costantinopiano\n\u266b Instagram - http://instagram.com/costantinocarrara\n\u266b Twitter - https://twitter.com/kosta97piano\n\nCAN WE GET THIS VIDEO TO 5,000 LIKES?\n\n\u2718 Subscribe for more: http://bit.ly/SubscribeCostantino\n\u2718 Watch more cover videos here: http://bit.ly/MoreCostantinoCovers\n\u2718 The easiest way to learn my piano covers: http://tinyurl.com/10costa-flowkey\n\n\u2704 WATCH MODEL Komono Winston Royale - http://bit.ly/KomonoCC\n\u2704 RING MODEL Lourd Matte Black - http://bit.ly/VitalyCC\n\n\u266b Sheet Music: http://www.costantinocarrara.com\n\u266b Listen to my music and follow me on Spotify http://spoti.fi/1O1btaj\n\n\u2718 Video credits: Roberto Amato", "categories": ["Music"], "tags": ["costantino carrara", "piano cover", "something just like this", "coldplay", "the chainsmokers", "memoris do not open", "a head full of dreams", "paris", "closer", "sheet music", "piano tutorial", "pianoforte"], "subtitles": {}, "automatic_captions": {}, "duration": 240, "age_limit": 0, "annotations": null, "chapters": null, "webpage_url": "https://www.youtube.com/watch?v=6wFJhmhNeeg", "view_count": 4683398, "like_count": 60416, "dislike_count": 636, "average_rating": 4.9583306, "formats": [{"format_id": "249", "url": "https://r8---sn-5njj-u2xl.googlevideo.com/videoplayback?expire=1609160425&ei=iYLpX73ELYrfqAGs0ZSAAw&ip=140.109.135.76&id=o-AFRhCvieimQ1D36Wu2-bbXaO0oA6QX8OcAiIVN23tmvA&itag=249&source=youtube&requiressl=yes&mh=dQ&mm=31%2C29&mn=sn-5njj-u2xl%2Csn-un57sn76&ms=au%2Crdu&mv=m&mvi=8&pl=16&initcwndbps=841250&vprv=1&mime=audio%2Fwebm&ns=GpuRnGt9uKwWbre2eAzYPvMF&gir=yes&clen=1742263&dur=240.261&lmt=1575872863932535&mt=1609138367&fvip=4&keepalive=yes&c=WEB&txp=5531432&n=eKCslltJs9sa3-fz&sparams=expire%2Cei%2Cip%2Cid%2Citag%2Csource%2Crequiressl%2Cvprv%2Cmime%2Cns%2Cgir%2Cclen%2Cdur%2Clmt&lsparams=mh%2Cmm%2Cmn%2Cms%2Cmv%2Cmvi%2Cpl%2Cinitcwndbps&lsig=AG3C_xAwRgIhAIYRgWItJOqiAzW_mlhA5Ojb0faE6dzZZJMYLY1Z3PegAiEAuo9fvlvWChkwZRh8kRT9ne138V2ecN8PHHM0jRoHBN4%3D&sig=AOq0QJ8wRAIgC2BT8Pd0XgNqGQo4DTm8vEykpfTp1ob5qtk2MPkpZxsCIHIsTnCwiHdyjK-rp5d_-SsEgjHrIy06Q-evgll_tyJd&ratebypass=yes", "player_url": "/s/player/5dd3f3b2/player_ias.vflset/en_US/base.js", "ext": "webm", "format_note": "tiny", "acodec": "opus", "abr": 50, "asr": 48000, "filesize": 1742263, "fps": null, "height": null, "tbr": 67.072, "width": null, "vcodec": "none", "downloader_options": {"http_chunk_size": 10485760}, "format": "249 - audio only (tiny)", "protocol": "https", "http_headers": {"User-Agent": "Mozilla/5.0 (Windows NT 10.0; Win64; x64) AppleWebKit/537.36 (KHTML, like Gecko) Chrome/72.0.3623.3 Safari/537.36", "Accept-Charset": "ISO-8859-1,utf-8;q=0.7,*;q=0.7", "Accept": "text/html,application/xhtml+xml,application/xml;q=0.9,*/*;q=0.8", "Accept-Encoding": "gzip, deflate", "Accept-Language": "en-us,en;q=0.5"}}, {"format_id": "250", "url": "https://r8---sn-5njj-u2xl.googlevideo.com/videoplayback?expire=1609160425&ei=iYLpX73ELYrfqAGs0ZSAAw&ip=140.109.135.76&id=o-AFRhCvieimQ1D36Wu2-bbXaO0oA6QX8OcAiIVN23tmvA&itag=250&source=youtube&requiressl=yes&mh=dQ&mm=31%2C29&mn=sn-5njj-u2xl%2Csn-un57sn76&ms=au%2Crdu&mv=m&mvi=8&pl=16&initcwndbps=841250&vprv=1&mime=audio%2Fwebm&ns=GpuRnGt9uKwWbre2eAzYPvMF&gir=yes&clen=2330769&dur=240.261&lmt=1575872868130066&mt=1609138367&fvip=4&keepalive=yes&c=WEB&txp=5531432&n=eKCslltJs9sa3-fz&sparams=expire%2Cei%2Cip%2Cid%2Citag%2Csource%2Crequiressl%2Cvprv%2Cmime%2Cns%2Cgir%2Cclen%2Cdur%2Clmt&lsparams=mh%2Cmm%2Cmn%2Cms%2Cmv%2Cmvi%2Cpl%2Cinitcwndbps&lsig=AG3C_xAwRAIgZgdXqW3_bhxDAFVJQgAzDKjlwv-OaVVKXYslBHS9cK8CIFAoyOG7PrwFz-J2uRJ6RqdJ4NCG47zz4dp1rMkEYuil&sig=AOq0QJ8wRAIgPZ7XEQ75M3UD3ApE0tvn8V__N38EQ9PCdfmwdrqbi8oCIAluBbkfIfXdGEqi_ekdULWXikl78Y46prJ0LmO_toVV&ratebypass=yes", "player_url": "/s/player/5dd3f3b2/player_ias.vflset/en_US/base.js", "ext": "webm", "format_note": "tiny", "acodec": "opus", "abr": 70, "asr": 48000, "filesize": 2330769, "fps": null, "height": null, "tbr": 88.675, "width": null, "vcodec": "none", "downloader_options": {"http_chunk_size": 10485760}, "format": "250 - audio only (tiny)", "protocol": "https", "http_headers": {"User-Agent": "Mozilla/5.0 (Windows NT 10.0; Win64; x64) AppleWebKit/537.36 (KHTML, like Gecko) Chrome/72.0.3623.3 Safari/537.36", "Accept-Charset": "ISO-8859-1,utf-8;q=0.7,*;q=0.7", "Accept": "text/html,application/xhtml+xml,application/xml;q=0.9,*/*;q=0.8", "Accept-Encoding": "gzip, deflate", "Accept-Language": "en-us,en;q=0.5"}}, {"format_id": "140", "url": "https://r8---sn-5njj-u2xl.googlevideo.com/videoplayback?expire=1609160425&ei=iYLpX73ELYrfqAGs0ZSAAw&ip=140.109.135.76&id=o-AFRhCvieimQ1D36Wu2-bbXaO0oA6QX8OcAiIVN23tmvA&itag=140&source=youtube&requiressl=yes&mh=dQ&mm=31%2C29&mn=sn-5njj-u2xl%2Csn-un57sn76&ms=au%2Crdu&mv=m&mvi=8&pl=16&initcwndbps=841250&vprv=1&mime=audio%2Fmp4&ns=GpuRnGt9uKwWbre2eAzYPvMF&gir=yes&clen=3889812&dur=240.303&lmt=1575872865235404&mt=1609138367&fvip=4&keepalive=yes&c=WEB&txp=5531432&n=eKCslltJs9sa3-fz&sparams=expire%2Cei%2Cip%2Cid%2Citag%2Csource%2Crequiressl%2Cvprv%2Cmime%2Cns%2Cgir%2Cclen%2Cdur%2Clmt&lsparams=mh%2Cmm%2Cmn%2Cms%2Cmv%2Cmvi%2Cpl%2Cinitcwndbps&lsig=AG3C_xAwRQIgcWT2OnaWs6lbLm0jM0jIkT0e1v1bylWzJeJ7JOH20VgCIQCQGjL4YWz6HNxBVMUXMn8HlXLJ7D4AGI7u_vg2M5j63w%3D%3D&sig=AOq0QJ8wRgIhAJmVCJYYI7aJ77BdBNKBI6Aeo6KN1T28Os2LIaFnPifvAiEA612Py2BVsOO381ib5g1UIm1PZ8Qoc83t_PIlSTXCrW0=&ratebypass=yes", "player_url": "/s/player/5dd3f3b2/player_ias.vflset/en_US/base.js", "ext": "m4a", "format_note": "tiny", "acodec": "mp4a.40.2", "abr": 128, "container": "m4a_dash", "asr": 44100, "filesize": 3889812, "fps": null, "height": null, "tbr": 130.443, "width": null, "vcodec": "none", "downloader_options": {"http_chunk_size": 10485760}, "format": "140 - audio only (tiny)", "protocol": "https", "http_headers": {"User-Agent": "Mozilla/5.0 (Windows NT 10.0; Win64; x64) AppleWebKit/537.36 (KHTML, like Gecko) Chrome/72.0.3623.3 Safari/537.36", "Accept-Charset": "ISO-8859-1,utf-8;q=0.7,*;q=0.7", "Accept": "text/html,application/xhtml+xml,application/xml;q=0.9,*/*;q=0.8", "Accept-Encoding": "gzip, deflate", "Accept-Language": "en-us,en;q=0.5"}}, {"format_id": "251", "url": "https://r8---sn-5njj-u2xl.googlevideo.com/videoplayback?expire=1609160425&ei=iYLpX73ELYrfqAGs0ZSAAw&ip=140.109.135.76&id=o-AFRhCvieimQ1D36Wu2-bbXaO0oA6QX8OcAiIVN23tmvA&itag=251&source=youtube&requiressl=yes&mh=dQ&mm=31%2C29&mn=sn-5njj-u2xl%2Csn-un57sn76&ms=au%2Crdu&mv=m&mvi=8&pl=16&initcwndbps=841250&vprv=1&mime=audio%2Fwebm&ns=GpuRnGt9uKwWbre2eAzYPvMF&gir=yes&clen=4501667&dur=240.261&lmt=1575872865938175&mt=1609138367&fvip=4&keepalive=yes&c=WEB&txp=5531432&n=eKCslltJs9sa3-fz&sparams=expire%2Cei%2Cip%2Cid%2Citag%2Csource%2Crequiressl%2Cvprv%2Cmime%2Cns%2Cgir%2Cclen%2Cdur%2Clmt&lsparams=mh%2Cmm%2Cmn%2Cms%2Cmv%2Cmvi%2Cpl%2Cinitcwndbps&lsig=AG3C_xAwRAIgVNni9oEZqwXBonEU3unI2SEbHZKDJYVsXwRK28jMXTUCIFM0g5gOa4IBmGsgjsKUZeGW09K5WZItKagLIm4XrQkx&sig=AOq0QJ8wRQIgRkcqYLFHhvOhTDeEwA9oRrXuw86peHk7ag_OanmAW5sCIQDpS8_mR1_wAwlj9AVYT0TiWk9oIuse6Z6eMV4TUQu_wQ==&ratebypass=yes", "player_url": "/s/player/5dd3f3b2/player_ias.vflset/en_US/base.js", "ext": "webm", "format_note": "tiny", "acodec": "opus", "abr": 160, "asr": 48000, "filesize": 4501667, "fps": null, "height": null, "tbr": 166.071, "width": null, "vcodec": "none", "downloader_options": {"http_chunk_size": 10485760}, "format": "251 - audio only (tiny)", "protocol": "https", "http_headers": {"User-Agent": "Mozilla/5.0 (Windows NT 10.0; Win64; x64) AppleWebKit/537.36 (KHTML, like Gecko) Chrome/72.0.3623.3 Safari/537.36", "Accept-Charset": "ISO-8859-1,utf-8;q=0.7,*;q=0.7", "Accept": "text/html,application/xhtml+xml,application/xml;q=0.9,*/*;q=0.8", "Accept-Encoding": "gzip, deflate", "Accept-Language": "en-us,en;q=0.5"}}, {"format_id": "394", "url": "https://r8---sn-5njj-u2xl.googlevideo.com/videoplayback?expire=1609160425&ei=iYLpX73ELYrfqAGs0ZSAAw&ip=140.109.135.76&id=o-AFRhCvieimQ1D36Wu2-bbXaO0oA6QX8OcAiIVN23tmvA&itag=394&aitags=133%2C134%2C135%2C136%2C137%2C160%2C242%2C243%2C244%2C247%2C248%2C278%2C394%2C395%2C396%2C397%2C398%2C399&source=youtube&requiressl=yes&mh=dQ&mm=31%2C29&mn=sn-5njj-u2xl%2Csn-un57sn76&ms=au%2Crdu&mv=m&mvi=8&pl=16&initcwndbps=841250&vprv=1&mime=video%2Fmp4&ns=GpuRnGt9uKwWbre2eAzYPvMF&gir=yes&clen=2163643&dur=240.240&lmt=1600736469623310&mt=1609138367&fvip=4&keepalive=yes&c=WEB&txp=5531432&n=eKCslltJs9sa3-fz&sparams=expire%2Cei%2Cip%2Cid%2Caitags%2Csource%2Crequiressl%2Cvprv%2Cmime%2Cns%2Cgir%2Cclen%2Cdur%2Clmt&lsparams=mh%2Cmm%2Cmn%2Cms%2Cmv%2Cmvi%2Cpl%2Cinitcwndbps&lsig=AG3C_xAwRgIhANZWcJnXhZN-WSIZVHGrJsM_Q0mEv2iq72KAQQvKc63rAiEAwghv8AgUoe7vQbOH_r0R5sVWOSQOrE30tEFnw0tPLno%3D&sig=AOq0QJ8wRQIhAMugngjLG2PGr-k4yfckqs6enri0EW_f5ZGBOEe-m9cbAiA8dqUxFuzADck3o2wheGfdHJuOABgDOga3kK8MMQWk0w==&ratebypass=yes", "player_url": "/s/player/5dd3f3b2/player_ias.vflset/en_US/base.js", "acodec": "none", "vcodec": "av01.0.00M.08", "asr": null, "filesize": 2163643, "format_note": "144p", "fps": 25, "height": 144, "tbr": 82.366, "width": 256, "ext": "mp4", "downloader_options": {"http_chunk_size": 10485760}, "format": "394 - 256x144 (144p)", "protocol": "https", "http_headers": {"User-Agent": "Mozilla/5.0 (Windows NT 10.0; Win64; x64) AppleWebKit/537.36 (KHTML, like Gecko) Chrome/72.0.3623.3 Safari/537.36", "Accept-Charset": "ISO-8859-1,utf-8;q=0.7,*;q=0.7", "Accept": "text/html,application/xhtml+xml,application/xml;q=0.9,*/*;q=0.8", "Accept-Encoding": "gzip, deflate", "Accept-Language": "en-us,en;q=0.5"}}, {"format_id": "278", "url": "https://r8---sn-5njj-u2xl.googlevideo.com/videoplayback?expire=1609160425&ei=iYLpX73ELYrfqAGs0ZSAAw&ip=140.109.135.76&id=o-AFRhCvieimQ1D36Wu2-bbXaO0oA6QX8OcAiIVN23tmvA&itag=278&aitags=133%2C134%2C135%2C136%2C137%2C160%2C242%2C243%2C244%2C247%2C248%2C278%2C394%2C395%2C396%2C397%2C398%2C399&source=youtube&requiressl=yes&mh=dQ&mm=31%2C29&mn=sn-5njj-u2xl%2Csn-un57sn76&ms=au%2Crdu&mv=m&mvi=8&pl=16&initcwndbps=841250&vprv=1&mime=video%2Fwebm&ns=GpuRnGt9uKwWbre2eAzYPvMF&gir=yes&clen=2724718&dur=240.240&lmt=1575877943743327&mt=1609138367&fvip=4&keepalive=yes&c=WEB&txp=5535432&n=eKCslltJs9sa3-fz&sparams=expire%2Cei%2Cip%2Cid%2Caitags%2Csource%2Crequiressl%2Cvprv%2Cmime%2Cns%2Cgir%2Cclen%2Cdur%2Clmt&lsparams=mh%2Cmm%2Cmn%2Cms%2Cmv%2Cmvi%2Cpl%2Cinitcwndbps&lsig=AG3C_xAwRQIgE6V1I1DLLk6XXS-AAIZ8_ogmidEPdO1V5GYN3faXlbcCIQDETj3A7hnwV0VCpXz4Osx33k1JbH9y7himsQfz-7xnGw%3D%3D&sig=AOq0QJ8wRAIgEWBqN2Cea5lzVpRrnaoohniWCRWIohF7SPCNVLZbZ70CIEzZtdmPL2QkrdraqbRl1I46vVmo7JQEKixd3grsBU3g&ratebypass=yes", "player_url": "/s/player/5dd3f3b2/player_ias.vflset/en_US/base.js", "ext": "webm", "height": 144, "format_note": "144p", "container": "webm", "vcodec": "vp9", "asr": null, "filesize": 2724718, "fps": 25, "tbr": 97.007, "width": 256, "acodec": "none", "downloader_options": {"http_chunk_size": 10485760}, "format": "278 - 256x144 (144p)", "protocol": "https", "http_headers": {"User-Agent": "Mozilla/5.0 (Windows NT 10.0; Win64; x64) AppleWebKit/537.36 (KHTML, like Gecko) Chrome/72.0.3623.3 Safari/537.36", "Accept-Charset": "ISO-8859-1,utf-8;q=0.7,*;q=0.7", "Accept": "text/html,application/xhtml+xml,application/xml;q=0.9,*/*;q=0.8", "Accept-Encoding": "gzip, deflate", "Accept-Language": "en-us,en;q=0.5"}}, {"format_id": "160", "url": "https://r8---sn-5njj-u2xl.googlevideo.com/videoplayback?expire=1609160425&ei=iYLpX73ELYrfqAGs0ZSAAw&ip=140.109.135.76&id=o-AFRhCvieimQ1D36Wu2-bbXaO0oA6QX8OcAiIVN23tmvA&itag=160&aitags=133%2C134%2C135%2C136%2C137%2C160%2C242%2C243%2C244%2C247%2C248%2C278%2C394%2C395%2C396%2C397%2C398%2C399&source=youtube&requiressl=yes&mh=dQ&mm=31%2C29&mn=sn-5njj-u2xl%2Csn-un57sn76&ms=au%2Crdu&mv=m&mvi=8&pl=16&initcwndbps=841250&vprv=1&mime=video%2Fmp4&ns=GpuRnGt9uKwWbre2eAzYPvMF&gir=yes&clen=2476712&dur=240.240&lmt=1575873703475930&mt=1609138367&fvip=4&keepalive=yes&c=WEB&txp=5535432&n=eKCslltJs9sa3-fz&sparams=expire%2Cei%2Cip%2Cid%2Caitags%2Csource%2Crequiressl%2Cvprv%2Cmime%2Cns%2Cgir%2Cclen%2Cdur%2Clmt&lsparams=mh%2Cmm%2Cmn%2Cms%2Cmv%2Cmvi%2Cpl%2Cinitcwndbps&lsig=AG3C_xAwRAIgZUXWtkxqpW-anwOLqEctfRA5SDWuHEStluam3eQjCNcCIADFqRIRlGVwlhCunBXPg0gfcf-xLBgwEhcpN1qoSXat&sig=AOq0QJ8wRQIgf8is1Hjht_niQaNAnGP_YC-8q3UkOWOmqJDjOf_e9FsCIQDFlu4HMPTo-0wJGaWHFeC1WeLY273SFqAzpGHYGfV1tQ==&ratebypass=yes", "player_url": "/s/player/5dd3f3b2/player_ias.vflset/en_US/base.js", "ext": "mp4", "height": 144, "format_note": "144p", "vcodec": "avc1.4d400c", "asr": null, "filesize": 2476712, "fps": 25, "tbr": 110.871, "width": 256, "acodec": "none", "downloader_options": {"http_chunk_size": 10485760}, "format": "160 - 256x144 (144p)", "protocol": "https", "http_headers": {"User-Agent": "Mozilla/5.0 (Windows NT 10.0; Win64; x64) AppleWebKit/537.36 (KHTML, like Gecko) Chrome/72.0.3623.3 Safari/537.36", "Accept-Charset": "ISO-8859-1,utf-8;q=0.7,*;q=0.7", "Accept": "text/html,application/xhtml+xml,application/xml;q=0.9,*/*;q=0.8", "Accept-Encoding": "gzip, deflate", "Accept-Language": "en-us,en;q=0.5"}}, {"format_id": "395", "url": "https://r8---sn-5njj-u2xl.googlevideo.com/videoplayback?expire=1609160425&ei=iYLpX73ELYrfqAGs0ZSAAw&ip=140.109.135.76&id=o-AFRhCvieimQ1D36Wu2-bbXaO0oA6QX8OcAiIVN23tmvA&itag=395&aitags=133%2C134%2C135%2C136%2C137%2C160%2C242%2C243%2C244%2C247%2C248%2C278%2C394%2C395%2C396%2C397%2C398%2C399&source=youtube&requiressl=yes&mh=dQ&mm=31%2C29&mn=sn-5njj-u2xl%2Csn-un57sn76&ms=au%2Crdu&mv=m&mvi=8&pl=16&initcwndbps=841250&vprv=1&mime=video%2Fmp4&ns=GpuRnGt9uKwWbre2eAzYPvMF&gir=yes&clen=4634728&dur=240.240&lmt=1600736992063493&mt=1609138367&fvip=4&keepalive=yes&c=WEB&txp=5531432&n=eKCslltJs9sa3-fz&sparams=expire%2Cei%2Cip%2Cid%2Caitags%2Csource%2Crequiressl%2Cvprv%2Cmime%2Cns%2Cgir%2Cclen%2Cdur%2Clmt&lsparams=mh%2Cmm%2Cmn%2Cms%2Cmv%2Cmvi%2Cpl%2Cinitcwndbps&lsig=AG3C_xAwRgIhAKPabbwbkKI0bu2vFI_9wlp9APRxm70FLENyl3F_FIe0AiEA_7ohW-yxmVz16oS84WFH-6FOYafa5g_9ICUwB78eXA8%3D&sig=AOq0QJ8wRgIhAL_QvxTG3kp-EXBB46ASsBX_6PHGjgh022sWEtKQk1bjAiEAroDMtoB-0nRHOeZMvXooOdhUO6Xq1_FMzqCHh_BVfJQ=&ratebypass=yes", "player_url": "/s/player/5dd3f3b2/player_ias.vflset/en_US/base.js", "acodec": "none", "vcodec": "av01.0.00M.08", "asr": null, "filesize": 4634728, "format_note": "240p", "fps": 25, "height": 240, "tbr": 179.808, "width": 426, "ext": "mp4", "downloader_options": {"http_chunk_size": 10485760}, "format": "395 - 426x240 (240p)", "protocol": "https", "http_headers": {"User-Agent": "Mozilla/5.0 (Windows NT 10.0; Win64; x64) AppleWebKit/537.36 (KHTML, like Gecko) Chrome/72.0.3623.3 Safari/537.36", "Accept-Charset": "ISO-8859-1,utf-8;q=0.7,*;q=0.7", "Accept": "text/html,application/xhtml+xml,application/xml;q=0.9,*/*;q=0.8", "Accept-Encoding": "gzip, deflate", "Accept-Language": "en-us,en;q=0.5"}}, {"format_id": "133", "url": "https://r8---sn-5njj-u2xl.googlevideo.com/videoplayback?expire=1609160425&ei=iYLpX73ELYrfqAGs0ZSAAw&ip=140.109.135.76&id=o-AFRhCvieimQ1D36Wu2-bbXaO0oA6QX8OcAiIVN23tmvA&itag=133&aitags=133%2C134%2C135%2C136%2C137%2C160%2C242%2C243%2C244%2C247%2C248%2C278%2C394%2C395%2C396%2C397%2C398%2C399&source=youtube&requiressl=yes&mh=dQ&mm=31%2C29&mn=sn-5njj-u2xl%2Csn-un57sn76&ms=au%2Crdu&mv=m&mvi=8&pl=16&initcwndbps=841250&vprv=1&mime=video%2Fmp4&ns=GpuRnGt9uKwWbre2eAzYPvMF&gir=yes&clen=4553801&dur=240.240&lmt=1575873703482136&mt=1609138367&fvip=4&keepalive=yes&c=WEB&txp=5535432&n=eKCslltJs9sa3-fz&sparams=expire%2Cei%2Cip%2Cid%2Caitags%2Csource%2Crequiressl%2Cvprv%2Cmime%2Cns%2Cgir%2Cclen%2Cdur%2Clmt&lsparams=mh%2Cmm%2Cmn%2Cms%2Cmv%2Cmvi%2Cpl%2Cinitcwndbps&lsig=AG3C_xAwRQIgUvDleTf4egwgiP17UtM9K8wD-aUEq9bPbibnSKQB47cCIQDN-se_GHo7aOXnvBai8LQzQL65lhEAWLxajjB2KCCltQ%3D%3D&sig=AOq0QJ8wRQIhAJep7zSb7zfJtUAnncfQlGF7FIdIqh5gHCJsRTajXgXxAiAr7ahCRyj6jeZM9luYqngrEsL2heQO90zYL9ZllzdRJg==&ratebypass=yes", "player_url": "/s/player/5dd3f3b2/player_ias.vflset/en_US/base.js", "ext": "mp4", "height": 240, "format_note": "240p", "vcodec": "avc1.4d4015", "asr": null, "filesize": 4553801, "fps": 25, "tbr": 218.182, "width": 426, "acodec": "none", "downloader_options": {"http_chunk_size": 10485760}, "format": "133 - 426x240 (240p)", "protocol": "https", "http_headers": {"User-Agent": "Mozilla/5.0 (Windows NT 10.0; Win64; x64) AppleWebKit/537.36 (KHTML, like Gecko) Chrome/72.0.3623.3 Safari/537.36", "Accept-Charset": "ISO-8859-1,utf-8;q=0.7,*;q=0.7", "Accept": "text/html,application/xhtml+xml,application/xml;q=0.9,*/*;q=0.8", "Accept-Encoding": "gzip, deflate", "Accept-Language": "en-us,en;q=0.5"}}, {"format_id": "242", "url": "https://r8---sn-5njj-u2xl.googlevideo.com/videoplayback?expire=1609160425&ei=iYLpX73ELYrfqAGs0ZSAAw&ip=140.109.135.76&id=o-AFRhCvieimQ1D36Wu2-bbXaO0oA6QX8OcAiIVN23tmvA&itag=242&aitags=133%2C134%2C135%2C136%2C137%2C160%2C242%2C243%2C244%2C247%2C248%2C278%2C394%2C395%2C396%2C397%2C398%2C399&source=youtube&requiressl=yes&mh=dQ&mm=31%2C29&mn=sn-5njj-u2xl%2Csn-un57sn76&ms=au%2Crdu&mv=m&mvi=8&pl=16&initcwndbps=841250&vprv=1&mime=video%2Fwebm&ns=GpuRnGt9uKwWbre2eAzYPvMF&gir=yes&clen=5433452&dur=240.240&lmt=1575877943754578&mt=1609138367&fvip=4&keepalive=yes&c=WEB&txp=5535432&n=eKCslltJs9sa3-fz&sparams=expire%2Cei%2Cip%2Cid%2Caitags%2Csource%2Crequiressl%2Cvprv%2Cmime%2Cns%2Cgir%2Cclen%2Cdur%2Clmt&lsparams=mh%2Cmm%2Cmn%2Cms%2Cmv%2Cmvi%2Cpl%2Cinitcwndbps&lsig=AG3C_xAwRgIhAJJDaACGs77WA1su6ni5OTi25F_GnFJ_rpI4tIIFm2whAiEA_794UbixzRrhF9iU90-WT8t1iNnBtNpVS2jzs6BF71Q%3D&sig=AOq0QJ8wRAIgOlMpcuU_8fSJfFub4thTaHQqmIZVXRWRPyIRWTw9KuECIEp81tydznXIRwm35I_XVGzJfTFxReYz3Rabq-PtJ3BY&ratebypass=yes", "player_url": "/s/player/5dd3f3b2/player_ias.vflset/en_US/base.js", "ext": "webm", "height": 240, "format_note": "240p", "vcodec": "vp9", "asr": null, "filesize": 5433452, "fps": 25, "tbr": 222.575, "width": 426, "acodec": "none", "downloader_options": {"http_chunk_size": 10485760}, "format": "242 - 426x240 (240p)", "protocol": "https", "http_headers": {"User-Agent": "Mozilla/5.0 (Windows NT 10.0; Win64; x64) AppleWebKit/537.36 (KHTML, like Gecko) Chrome/72.0.3623.3 Safari/537.36", "Accept-Charset": "ISO-8859-1,utf-8;q=0.7,*;q=0.7", "Accept": "text/html,application/xhtml+xml,application/xml;q=0.9,*/*;q=0.8", "Accept-Encoding": "gzip, deflate", "Accept-Language": "en-us,en;q=0.5"}}, {"format_id": "396", "url": "https://r8---sn-5njj-u2xl.googlevideo.com/videoplayback?expire=1609160425&ei=iYLpX73ELYrfqAGs0ZSAAw&ip=140.109.135.76&id=o-AFRhCvieimQ1D36Wu2-bbXaO0oA6QX8OcAiIVN23tmvA&itag=396&aitags=133%2C134%2C135%2C136%2C137%2C160%2C242%2C243%2C244%2C247%2C248%2C278%2C394%2C395%2C396%2C397%2C398%2C399&source=youtube&requiressl=yes&mh=dQ&mm=31%2C29&mn=sn-5njj-u2xl%2Csn-un57sn76&ms=au%2Crdu&mv=m&mvi=8&pl=16&initcwndbps=841250&vprv=1&mime=video%2Fmp4&ns=GpuRnGt9uKwWbre2eAzYPvMF&gir=yes&clen=9266578&dur=240.240&lmt=1600737330496266&mt=1609138367&fvip=4&keepalive=yes&c=WEB&txp=5531432&n=eKCslltJs9sa3-fz&sparams=expire%2Cei%2Cip%2Cid%2Caitags%2Csource%2Crequiressl%2Cvprv%2Cmime%2Cns%2Cgir%2Cclen%2Cdur%2Clmt&lsparams=mh%2Cmm%2Cmn%2Cms%2Cmv%2Cmvi%2Cpl%2Cinitcwndbps&lsig=AG3C_xAwRgIhAM4YhtHRx5jSmLEVgkr3ktXaLBcbN9R7PCz2qYLcxVttAiEAtaQ5zvYvYEKd5iTFBGcml223aaOyvaTGYBeEyid2K9Q%3D&sig=AOq0QJ8wRQIhAIhQfCcrYkYSln2D3GeruSOAL8bRaz5EUsqUFNd-qwxoAiAJyHWdGK4LVn0EKo3Ys772DjK95xBQGDMrU_YPQhZI2g==&ratebypass=yes", "player_url": "/s/player/5dd3f3b2/player_ias.vflset/en_US/base.js", "acodec": "none", "vcodec": "av01.0.01M.08", "asr": null, "filesize": 9266578, "format_note": "360p", "fps": 25, "height": 360, "tbr": 389.566, "width": 640, "ext": "mp4", "downloader_options": {"http_chunk_size": 10485760}, "format": "396 - 640x360 (360p)", "protocol": "https", "http_headers": {"User-Agent": "Mozilla/5.0 (Windows NT 10.0; Win64; x64) AppleWebKit/537.36 (KHTML, like Gecko) Chrome/72.0.3623.3 Safari/537.36", "Accept-Charset": "ISO-8859-1,utf-8;q=0.7,*;q=0.7", "Accept": "text/html,application/xhtml+xml,application/xml;q=0.9,*/*;q=0.8", "Accept-Encoding": "gzip, deflate", "Accept-Language": "en-us,en;q=0.5"}}, {"format_id": "243", "url": "https://r8---sn-5njj-u2xl.googlevideo.com/videoplayback?expire=1609160425&ei=iYLpX73ELYrfqAGs0ZSAAw&ip=140.109.135.76&id=o-AFRhCvieimQ1D36Wu2-bbXaO0oA6QX8OcAiIVN23tmvA&itag=243&aitags=133%2C134%2C135%2C136%2C137%2C160%2C242%2C243%2C244%2C247%2C248%2C278%2C394%2C395%2C396%2C397%2C398%2C399&source=youtube&requiressl=yes&mh=dQ&mm=31%2C29&mn=sn-5njj-u2xl%2Csn-un57sn76&ms=au%2Crdu&mv=m&mvi=8&pl=16&initcwndbps=841250&vprv=1&mime=video%2Fwebm&ns=GpuRnGt9uKwWbre2eAzYPvMF&gir=yes&clen=9549387&dur=240.240&lmt=1575877943741707&mt=1609138367&fvip=4&keepalive=yes&c=WEB&txp=5535432&n=eKCslltJs9sa3-fz&sparams=expire%2Cei%2Cip%2Cid%2Caitags%2Csource%2Crequiressl%2Cvprv%2Cmime%2Cns%2Cgir%2Cclen%2Cdur%2Clmt&lsparams=mh%2Cmm%2Cmn%2Cms%2Cmv%2Cmvi%2Cpl%2Cinitcwndbps&lsig=AG3C_xAwRQIgEmWHD5sGDK4UDXeQQf1l3ntLBxg_n0FDIyXkEMMmjLECIQCMkqshe3DbkMSGtZDLv-JVvA1SivCT1STLPyKqbsGztQ%3D%3D&sig=AOq0QJ8wRgIhAKa7st50_zz11mAKe7I4RwCwtZ0hejsG9z5A1gJLXNZ9AiEApAfdU3Up6hvhu_ZwTCFoJj6jswbOEJHRdXcEBCQycR8=&ratebypass=yes", "player_url": "/s/player/5dd3f3b2/player_ias.vflset/en_US/base.js", "ext": "webm", "height": 360, "format_note": "360p", "vcodec": "vp9", "asr": null, "filesize": 9549387, "fps": 25, "tbr": 402.35, "width": 640, "acodec": "none", "downloader_options": {"http_chunk_size": 10485760}, "format": "243 - 640x360 (360p)", "protocol": "https", "http_headers": {"User-Agent": "Mozilla/5.0 (Windows NT 10.0; Win64; x64) AppleWebKit/537.36 (KHTML, like Gecko) Chrome/72.0.3623.3 Safari/537.36", "Accept-Charset": "ISO-8859-1,utf-8;q=0.7,*;q=0.7", "Accept": "text/html,application/xhtml+xml,application/xml;q=0.9,*/*;q=0.8", "Accept-Encoding": "gzip, deflate", "Accept-Language": "en-us,en;q=0.5"}}, {"format_id": "134", "url": "https://r8---sn-5njj-u2xl.googlevideo.com/videoplayback?expire=1609160425&ei=iYLpX73ELYrfqAGs0ZSAAw&ip=140.109.135.76&id=o-AFRhCvieimQ1D36Wu2-bbXaO0oA6QX8OcAiIVN23tmvA&itag=134&aitags=133%2C134%2C135%2C136%2C137%2C160%2C242%2C243%2C244%2C247%2C248%2C278%2C394%2C395%2C396%2C397%2C398%2C399&source=youtube&requiressl=yes&mh=dQ&mm=31%2C29&mn=sn-5njj-u2xl%2Csn-un57sn76&ms=au%2Crdu&mv=m&mvi=8&pl=16&initcwndbps=841250&vprv=1&mime=video%2Fmp4&ns=GpuRnGt9uKwWbre2eAzYPvMF&gir=yes&clen=8669467&dur=240.240&lmt=1575873703476295&mt=1609138367&fvip=4&keepalive=yes&c=WEB&txp=5535432&n=eKCslltJs9sa3-fz&sparams=expire%2Cei%2Cip%2Cid%2Caitags%2Csource%2Crequiressl%2Cvprv%2Cmime%2Cns%2Cgir%2Cclen%2Cdur%2Clmt&lsparams=mh%2Cmm%2Cmn%2Cms%2Cmv%2Cmvi%2Cpl%2Cinitcwndbps&lsig=AG3C_xAwRAIgW4ehkr5JCzT2wEF0XRMoEvcy_dfDsVMR27x4WemNN9kCIBgK8oVzjZEF0xCMqVK1BQfwBOgUwDblKQqErTcBDfSK&sig=AOq0QJ8wRAIgJ_Ko4Q0-vmV6agHk1WT50ilEcim-W8BHKk0UonYQCFkCIHMqLjVIT3YhJYG_PvIplwNYivmaECMI4Yyih0XMvqfl&ratebypass=yes", "player_url": "/s/player/5dd3f3b2/player_ias.vflset/en_US/base.js", "ext": "mp4", "height": 360, "format_note": "360p", "vcodec": "avc1.4d401e", "asr": null, "filesize": 8669467, "fps": 25, "tbr": 410.262, "width": 640, "acodec": "none", "downloader_options": {"http_chunk_size": 10485760}, "format": "134 - 640x360 (360p)", "protocol": "https", "http_headers": {"User-Agent": "Mozilla/5.0 (Windows NT 10.0; Win64; x64) AppleWebKit/537.36 (KHTML, like Gecko) Chrome/72.0.3623.3 Safari/537.36", "Accept-Charset": "ISO-8859-1,utf-8;q=0.7,*;q=0.7", "Accept": "text/html,application/xhtml+xml,application/xml;q=0.9,*/*;q=0.8", "Accept-Encoding": "gzip, deflate", "Accept-Language": "en-us,en;q=0.5"}}, {"format_id": "135", "url": "https://r8---sn-5njj-u2xl.googlevideo.com/videoplayback?expire=1609160425&ei=iYLpX73ELYrfqAGs0ZSAAw&ip=140.109.135.76&id=o-AFRhCvieimQ1D36Wu2-bbXaO0oA6QX8OcAiIVN23tmvA&itag=135&aitags=133%2C134%2C135%2C136%2C137%2C160%2C242%2C243%2C244%2C247%2C248%2C278%2C394%2C395%2C396%2C397%2C398%2C399&source=youtube&requiressl=yes&mh=dQ&mm=31%2C29&mn=sn-5njj-u2xl%2Csn-un57sn76&ms=au%2Crdu&mv=m&mvi=8&pl=16&initcwndbps=841250&vprv=1&mime=video%2Fmp4&ns=GpuRnGt9uKwWbre2eAzYPvMF&gir=yes&clen=13144699&dur=240.240&lmt=1575873703478296&mt=1609138367&fvip=4&keepalive=yes&c=WEB&txp=5535432&n=eKCslltJs9sa3-fz&sparams=expire%2Cei%2Cip%2Cid%2Caitags%2Csource%2Crequiressl%2Cvprv%2Cmime%2Cns%2Cgir%2Cclen%2Cdur%2Clmt&lsparams=mh%2Cmm%2Cmn%2Cms%2Cmv%2Cmvi%2Cpl%2Cinitcwndbps&lsig=AG3C_xAwRQIhAL6kYgkKdBVWkOdHN6Nlx4p7wBI2zuiXCl39nUr0fe28AiAIah9U5LNxuXcnyVS3Dq_LO0NQkeT5dyW_KoGJ7Mfyqg%3D%3D&sig=AOq0QJ8wRQIgUX_VNO4sioFd7KoHTQq_bBcgDk1xffeyucFyhuMEBHcCIQCHTRK-AEG5unDuL8mEEC6hEJC-4oy-Cb7P4R0icEpxtw==&ratebypass=yes", "player_url": "/s/player/5dd3f3b2/player_ias.vflset/en_US/base.js", "ext": "mp4", "height": 480, "format_note": "480p", "vcodec": "avc1.4d401e", "asr": null, "filesize": 13144699, "fps": 25, "tbr": 626.143, "width": 854, "acodec": "none", "downloader_options": {"http_chunk_size": 10485760}, "format": "135 - 854x480 (480p)", "protocol": "https", "http_headers": {"User-Agent": "Mozilla/5.0 (Windows NT 10.0; Win64; x64) AppleWebKit/537.36 (KHTML, like Gecko) Chrome/72.0.3623.3 Safari/537.36", "Accept-Charset": "ISO-8859-1,utf-8;q=0.7,*;q=0.7", "Accept": "text/html,application/xhtml+xml,application/xml;q=0.9,*/*;q=0.8", "Accept-Encoding": "gzip, deflate", "Accept-Language": "en-us,en;q=0.5"}}, {"format_id": "244", "url": "https://r8---sn-5njj-u2xl.googlevideo.com/videoplayback?expire=1609160425&ei=iYLpX73ELYrfqAGs0ZSAAw&ip=140.109.135.76&id=o-AFRhCvieimQ1D36Wu2-bbXaO0oA6QX8OcAiIVN23tmvA&itag=244&aitags=133%2C134%2C135%2C136%2C137%2C160%2C242%2C243%2C244%2C247%2C248%2C278%2C394%2C395%2C396%2C397%2C398%2C399&source=youtube&requiressl=yes&mh=dQ&mm=31%2C29&mn=sn-5njj-u2xl%2Csn-un57sn76&ms=au%2Crdu&mv=m&mvi=8&pl=16&initcwndbps=841250&vprv=1&mime=video%2Fwebm&ns=GpuRnGt9uKwWbre2eAzYPvMF&gir=yes&clen=13863313&dur=240.240&lmt=1575877943747608&mt=1609138367&fvip=4&keepalive=yes&c=WEB&txp=5535432&n=eKCslltJs9sa3-fz&sparams=expire%2Cei%2Cip%2Cid%2Caitags%2Csource%2Crequiressl%2Cvprv%2Cmime%2Cns%2Cgir%2Cclen%2Cdur%2Clmt&lsparams=mh%2Cmm%2Cmn%2Cms%2Cmv%2Cmvi%2Cpl%2Cinitcwndbps&lsig=AG3C_xAwRAIgBXxwd3uwI0M5vssKp_KXgciKB1OJDchwhXsVkRtR_RsCIGQUbsnQQgtcJx9fvdx7xVVVAMDqzgcH9gRmEdy_iTQ_&sig=AOq0QJ8wRAIgK_e8GqNITkClMDv3sBWGUEKhGsWiVq3nnmyMDsWhA1YCIDKBEwD2PP83SSzybKhqgcbNadRZ72saacUyeiPuNGjl&ratebypass=yes", "player_url": "/s/player/5dd3f3b2/player_ias.vflset/en_US/base.js", "ext": "webm", "height": 480, "format_note": "480p", "vcodec": "vp9", "asr": null, "filesize": 13863313, "fps": 25, "tbr": 635.021, "width": 854, "acodec": "none", "downloader_options": {"http_chunk_size": 10485760}, "format": "244 - 854x480 (480p)", "protocol": "https", "http_headers": {"User-Agent": "Mozilla/5.0 (Windows NT 10.0; Win64; x64) AppleWebKit/537.36 (KHTML, like Gecko) Chrome/72.0.3623.3 Safari/537.36", "Accept-Charset": "ISO-8859-1,utf-8;q=0.7,*;q=0.7", "Accept": "text/html,application/xhtml+xml,application/xml;q=0.9,*/*;q=0.8", "Accept-Encoding": "gzip, deflate", "Accept-Language": "en-us,en;q=0.5"}}, {"format_id": "397", "url": "https://r8---sn-5njj-u2xl.googlevideo.com/videoplayback?expire=1609160425&ei=iYLpX73ELYrfqAGs0ZSAAw&ip=140.109.135.76&id=o-AFRhCvieimQ1D36Wu2-bbXaO0oA6QX8OcAiIVN23tmvA&itag=397&aitags=133%2C134%2C135%2C136%2C137%2C160%2C242%2C243%2C244%2C247%2C248%2C278%2C394%2C395%2C396%2C397%2C398%2C399&source=youtube&requiressl=yes&mh=dQ&mm=31%2C29&mn=sn-5njj-u2xl%2Csn-un57sn76&ms=au%2Crdu&mv=m&mvi=8&pl=16&initcwndbps=841250&vprv=1&mime=video%2Fmp4&ns=GpuRnGt9uKwWbre2eAzYPvMF&gir=yes&clen=16387591&dur=240.240&lmt=1600737482356808&mt=1609138367&fvip=4&keepalive=yes&c=WEB&txp=5531432&n=eKCslltJs9sa3-fz&sparams=expire%2Cei%2Cip%2Cid%2Caitags%2Csource%2Crequiressl%2Cvprv%2Cmime%2Cns%2Cgir%2Cclen%2Cdur%2Clmt&lsparams=mh%2Cmm%2Cmn%2Cms%2Cmv%2Cmvi%2Cpl%2Cinitcwndbps&lsig=AG3C_xAwRAIgHrkIGdmHbD_VRwyX33rHLkajjMkvv1fxRIF3EaSemDcCIEliRMeTdESBYGNvyDAVFs4ES3_eKKXmE7llJaTvFl1d&sig=AOq0QJ8wRQIhAIpKHKReGpNambqRaJRX48rRrCEFQJaSzkcFr6zy0YimAiAhjwVe-OzeTRnn6z8myHrsMXo0_65kS0iN48Q7UBqCtQ==&ratebypass=yes", "player_url": "/s/player/5dd3f3b2/player_ias.vflset/en_US/base.js", "acodec": "none", "vcodec": "av01.0.04M.08", "asr": null, "filesize": 16387591, "format_note": "480p", "fps": 25, "height": 480, "tbr": 733.144, "width": 854, "ext": "mp4", "downloader_options": {"http_chunk_size": 10485760}, "format": "397 - 854x480 (480p)", "protocol": "https", "http_headers": {"User-Agent": "Mozilla/5.0 (Windows NT 10.0; Win64; x64) AppleWebKit/537.36 (KHTML, like Gecko) Chrome/72.0.3623.3 Safari/537.36", "Accept-Charset": "ISO-8859-1,utf-8;q=0.7,*;q=0.7", "Accept": "text/html,application/xhtml+xml,application/xml;q=0.9,*/*;q=0.8", "Accept-Encoding": "gzip, deflate", "Accept-Language": "en-us,en;q=0.5"}}, {"format_id": "136", "url": "https://r8---sn-5njj-u2xl.googlevideo.com/videoplayback?expire=1609160425&ei=iYLpX73ELYrfqAGs0ZSAAw&ip=140.109.135.76&id=o-AFRhCvieimQ1D36Wu2-bbXaO0oA6QX8OcAiIVN23tmvA&itag=136&aitags=133%2C134%2C135%2C136%2C137%2C160%2C242%2C243%2C244%2C247%2C248%2C278%2C394%2C395%2C396%2C397%2C398%2C399&source=youtube&requiressl=yes&mh=dQ&mm=31%2C29&mn=sn-5njj-u2xl%2Csn-un57sn76&ms=au%2Crdu&mv=m&mvi=8&pl=16&initcwndbps=841250&vprv=1&mime=video%2Fmp4&ns=GpuRnGt9uKwWbre2eAzYPvMF&gir=yes&clen=18290035&dur=240.240&lmt=1575873703477111&mt=1609138367&fvip=4&keepalive=yes&c=WEB&txp=5535432&n=eKCslltJs9sa3-fz&sparams=expire%2Cei%2Cip%2Cid%2Caitags%2Csource%2Crequiressl%2Cvprv%2Cmime%2Cns%2Cgir%2Cclen%2Cdur%2Clmt&lsparams=mh%2Cmm%2Cmn%2Cms%2Cmv%2Cmvi%2Cpl%2Cinitcwndbps&lsig=AG3C_xAwRgIhAN6yXLWu6y5KCGDcg2GwI7MHUUI_tmsqjh1hrKy-7L8NAiEAwyELFHOpl38nxVO7ozMd-4VGvZfLLwVrdlo9HxZwrhU%3D&sig=AOq0QJ8wRAIgB4hfmgxv93eAb87OQsrZy1hEaRSpww5zrAhm8O6oltwCIFLKzvzt2wnk65wm1zzSg1HUkj7bMd6lLbCGalpmExD6&ratebypass=yes", "player_url": "/s/player/5dd3f3b2/player_ias.vflset/en_US/base.js", "ext": "mp4", "height": 720, "format_note": "720p", "vcodec": "avc1.4d401f", "asr": null, "filesize": 18290035, "fps": 25, "tbr": 822.19, "width": 1280, "acodec": "none", "downloader_options": {"http_chunk_size": 10485760}, "format": "136 - 1280x720 (720p)", "protocol": "https", "http_headers": {"User-Agent": "Mozilla/5.0 (Windows NT 10.0; Win64; x64) AppleWebKit/537.36 (KHTML, like Gecko) Chrome/72.0.3623.3 Safari/537.36", "Accept-Charset": "ISO-8859-1,utf-8;q=0.7,*;q=0.7", "Accept": "text/html,application/xhtml+xml,application/xml;q=0.9,*/*;q=0.8", "Accept-Encoding": "gzip, deflate", "Accept-Language": "en-us,en;q=0.5"}}, {"format_id": "247", "url": "https://r8---sn-5njj-u2xl.googlevideo.com/videoplayback?expire=1609160425&ei=iYLpX73ELYrfqAGs0ZSAAw&ip=140.109.135.76&id=o-AFRhCvieimQ1D36Wu2-bbXaO0oA6QX8OcAiIVN23tmvA&itag=247&aitags=133%2C134%2C135%2C136%2C137%2C160%2C242%2C243%2C244%2C247%2C248%2C278%2C394%2C395%2C396%2C397%2C398%2C399&source=youtube&requiressl=yes&mh=dQ&mm=31%2C29&mn=sn-5njj-u2xl%2Csn-un57sn76&ms=au%2Crdu&mv=m&mvi=8&pl=16&initcwndbps=841250&vprv=1&mime=video%2Fwebm&ns=GpuRnGt9uKwWbre2eAzYPvMF&gir=yes&clen=23986512&dur=240.240&lmt=1575877943752683&mt=1609138367&fvip=4&keepalive=yes&c=WEB&txp=5535432&n=eKCslltJs9sa3-fz&sparams=expire%2Cei%2Cip%2Cid%2Caitags%2Csource%2Crequiressl%2Cvprv%2Cmime%2Cns%2Cgir%2Cclen%2Cdur%2Clmt&lsparams=mh%2Cmm%2Cmn%2Cms%2Cmv%2Cmvi%2Cpl%2Cinitcwndbps&lsig=AG3C_xAwRAIgHb9cvlrU0CIqW3mMTH1HY7s2kEINA0snUXPX5nJcBHwCIHv-eVjZgq0in-feFJcxeSxJhTcUtIaGEUqF2zJKSMSc&sig=AOq0QJ8wRAIgFbdsUOcuSRfJCFSjwjRDUHJCsnZ3hsKxdBnyX5Dw2_0CIGuigLmYPYrTh3CtDn2_kr1hagWs2ndUv-FmLwVKGDPn&ratebypass=yes", "player_url": "/s/player/5dd3f3b2/player_ias.vflset/en_US/base.js", "ext": "webm", "height": 720, "format_note": "720p", "vcodec": "vp9", "asr": null, "filesize": 23986512, "fps": 25, "tbr": 1091.482, "width": 1280, "acodec": "none", "downloader_options": {"http_chunk_size": 10485760}, "format": "247 - 1280x720 (720p)", "protocol": "https", "http_headers": {"User-Agent": "Mozilla/5.0 (Windows NT 10.0; Win64; x64) AppleWebKit/537.36 (KHTML, like Gecko) Chrome/72.0.3623.3 Safari/537.36", "Accept-Charset": "ISO-8859-1,utf-8;q=0.7,*;q=0.7", "Accept": "text/html,application/xhtml+xml,application/xml;q=0.9,*/*;q=0.8", "Accept-Encoding": "gzip, deflate", "Accept-Language": "en-us,en;q=0.5"}}, {"format_id": "398", "url": "https://r8---sn-5njj-u2xl.googlevideo.com/videoplayback?expire=1609160425&ei=iYLpX73ELYrfqAGs0ZSAAw&ip=140.109.135.76&id=o-AFRhCvieimQ1D36Wu2-bbXaO0oA6QX8OcAiIVN23tmvA&itag=398&aitags=133%2C134%2C135%2C136%2C137%2C160%2C242%2C243%2C244%2C247%2C248%2C278%2C394%2C395%2C396%2C397%2C398%2C399&source=youtube&requiressl=yes&mh=dQ&mm=31%2C29&mn=sn-5njj-u2xl%2Csn-un57sn76&ms=au%2Crdu&mv=m&mvi=8&pl=16&initcwndbps=841250&vprv=1&mime=video%2Fmp4&ns=GpuRnGt9uKwWbre2eAzYPvMF&gir=yes&clen=29738694&dur=240.240&lmt=1600737101927807&mt=1609138367&fvip=4&keepalive=yes&c=WEB&txp=5531432&n=eKCslltJs9sa3-fz&sparams=expire%2Cei%2Cip%2Cid%2Caitags%2Csource%2Crequiressl%2Cvprv%2Cmime%2Cns%2Cgir%2Cclen%2Cdur%2Clmt&lsparams=mh%2Cmm%2Cmn%2Cms%2Cmv%2Cmvi%2Cpl%2Cinitcwndbps&lsig=AG3C_xAwRAIgMcpY49eS0VlWfIDLP1U0EDTTdNxlDhgTsyv3uqZHr6gCIEJo5CdduQ1jq64gyTiaqkEJVSHZpeXv-4Jru38CLMsk&sig=AOq0QJ8wRQIhAIlIQtQnuvdhyMYItkf8mAwUQ_RMvlO4bsfa8rJOtWKRAiB2vQzaAvYs-vgdla0AySoEJrOJwR0qQdtmjX4koExixQ==&ratebypass=yes", "player_url": "/s/player/5dd3f3b2/player_ias.vflset/en_US/base.js", "asr": null, "filesize": 29738694, "format_note": "720p", "fps": 25, "height": 720, "tbr": 1541.622, "width": 1280, "ext": "mp4", "vcodec": "av01.0.05M.08", "acodec": "none", "downloader_options": {"http_chunk_size": 10485760}, "format": "398 - 1280x720 (720p)", "protocol": "https", "http_headers": {"User-Agent": "Mozilla/5.0 (Windows NT 10.0; Win64; x64) AppleWebKit/537.36 (KHTML, like Gecko) Chrome/72.0.3623.3 Safari/537.36", "Accept-Charset": "ISO-8859-1,utf-8;q=0.7,*;q=0.7", "Accept": "text/html,application/xhtml+xml,application/xml;q=0.9,*/*;q=0.8", "Accept-Encoding": "gzip, deflate", "Accept-Language": "en-us,en;q=0.5"}}, {"format_id": "248", "url": "https://r8---sn-5njj-u2xl.googlevideo.com/videoplayback?expire=1609160425&ei=iYLpX73ELYrfqAGs0ZSAAw&ip=140.109.135.76&id=o-AFRhCvieimQ1D36Wu2-bbXaO0oA6QX8OcAiIVN23tmvA&itag=248&aitags=133%2C134%2C135%2C136%2C137%2C160%2C242%2C243%2C244%2C247%2C248%2C278%2C394%2C395%2C396%2C397%2C398%2C399&source=youtube&requiressl=yes&mh=dQ&mm=31%2C29&mn=sn-5njj-u2xl%2Csn-un57sn76&ms=au%2Crdu&mv=m&mvi=8&pl=16&initcwndbps=841250&vprv=1&mime=video%2Fwebm&ns=GpuRnGt9uKwWbre2eAzYPvMF&gir=yes&clen=68282077&dur=240.240&lmt=1575875305806600&mt=1609138367&fvip=4&keepalive=yes&c=WEB&txp=5535432&n=eKCslltJs9sa3-fz&sparams=expire%2Cei%2Cip%2Cid%2Caitags%2Csource%2Crequiressl%2Cvprv%2Cmime%2Cns%2Cgir%2Cclen%2Cdur%2Clmt&lsparams=mh%2Cmm%2Cmn%2Cms%2Cmv%2Cmvi%2Cpl%2Cinitcwndbps&lsig=AG3C_xAwRAIgKZy23jSFovguWB67zSzplFYcpZxOGH0hEYoP3h3fHYQCIDkhEarCjBFTE-pSN3fHEQoVfLWdz3fWYu3AcYyI1lfW&sig=AOq0QJ8wRAIgEVrjxPrZn6fcaUJ4IkJYrN37QU3k3X9531jgrU7L8ZUCIGTCkepFpK6sv2o9B_ZCzSbS61_0E2-Mf2gYfGsshHti&ratebypass=yes", "player_url": "/s/player/5dd3f3b2/player_ias.vflset/en_US/base.js", "ext": "webm", "height": 1080, "format_note": "1080p", "vcodec": "vp9", "asr": null, "filesize": 68282077, "fps": 25, "tbr": 2659.821, "width": 1920, "acodec": "none", "downloader_options": {"http_chunk_size": 10485760}, "format": "248 - 1920x1080 (1080p)", "protocol": "https", "http_headers": {"User-Agent": "Mozilla/5.0 (Windows NT 10.0; Win64; x64) AppleWebKit/537.36 (KHTML, like Gecko) Chrome/72.0.3623.3 Safari/537.36", "Accept-Charset": "ISO-8859-1,utf-8;q=0.7,*;q=0.7", "Accept": "text/html,application/xhtml+xml,application/xml;q=0.9,*/*;q=0.8", "Accept-Encoding": "gzip, deflate", "Accept-Language": "en-us,en;q=0.5"}}, {"format_id": "137", "url": "https://r8---sn-5njj-u2xl.googlevideo.com/videoplayback?expire=1609160425&ei=iYLpX73ELYrfqAGs0ZSAAw&ip=140.109.135.76&id=o-AFRhCvieimQ1D36Wu2-bbXaO0oA6QX8OcAiIVN23tmvA&itag=137&aitags=133%2C134%2C135%2C136%2C137%2C160%2C242%2C243%2C244%2C247%2C248%2C278%2C394%2C395%2C396%2C397%2C398%2C399&source=youtube&requiressl=yes&mh=dQ&mm=31%2C29&mn=sn-5njj-u2xl%2Csn-un57sn76&ms=au%2Crdu&mv=m&mvi=8&pl=16&initcwndbps=841250&vprv=1&mime=video%2Fmp4&ns=GpuRnGt9uKwWbre2eAzYPvMF&gir=yes&clen=62746045&dur=240.240&lmt=1575873361474904&mt=1609138367&fvip=4&keepalive=yes&c=WEB&txp=5535432&n=eKCslltJs9sa3-fz&sparams=expire%2Cei%2Cip%2Cid%2Caitags%2Csource%2Crequiressl%2Cvprv%2Cmime%2Cns%2Cgir%2Cclen%2Cdur%2Clmt&lsparams=mh%2Cmm%2Cmn%2Cms%2Cmv%2Cmvi%2Cpl%2Cinitcwndbps&lsig=AG3C_xAwRgIhANPqg-xbsa3lGcFeMLHJ5QmXbsBiaybwAQLLqjz-ZrPeAiEA6boTOg0ILaXgpucbMVJPIWsDxpvrDyhcVghytbaOrE4%3D&sig=AOq0QJ8wRgIhAJVktMqSlIITo56zp5nI-lXDLbFEy18AkShPWB2K5NimAiEA-yy5IiZDkC82LRj31mMbxqevSjrFbi-B3eO6puFMGp0=&ratebypass=yes", "player_url": "/s/player/5dd3f3b2/player_ias.vflset/en_US/base.js", "ext": "mp4", "height": 1080, "format_note": "1080p", "vcodec": "avc1.640028", "asr": null, "filesize": 62746045, "fps": 25, "tbr": 2779.529, "width": 1920, "acodec": "none", "downloader_options": {"http_chunk_size": 10485760}, "format": "137 - 1920x1080 (1080p)", "protocol": "https", "http_headers": {"User-Agent": "Mozilla/5.0 (Windows NT 10.0; Win64; x64) AppleWebKit/537.36 (KHTML, like Gecko) Chrome/72.0.3623.3 Safari/537.36", "Accept-Charset": "ISO-8859-1,utf-8;q=0.7,*;q=0.7", "Accept": "text/html,application/xhtml+xml,application/xml;q=0.9,*/*;q=0.8", "Accept-Encoding": "gzip, deflate", "Accept-Language": "en-us,en;q=0.5"}}, {"format_id": "399", "url": "https://r8---sn-5njj-u2xl.googlevideo.com/videoplayback?expire=1609160425&ei=iYLpX73ELYrfqAGs0ZSAAw&ip=140.109.135.76&id=o-AFRhCvieimQ1D36Wu2-bbXaO0oA6QX8OcAiIVN23tmvA&itag=399&aitags=133%2C134%2C135%2C136%2C137%2C160%2C242%2C243%2C244%2C247%2C248%2C278%2C394%2C395%2C396%2C397%2C398%2C399&source=youtube&requiressl=yes&mh=dQ&mm=31%2C29&mn=sn-5njj-u2xl%2Csn-un57sn76&ms=au%2Crdu&mv=m&mvi=8&pl=16&initcwndbps=841250&vprv=1&mime=video%2Fmp4&ns=GpuRnGt9uKwWbre2eAzYPvMF&gir=yes&clen=51221953&dur=240.240&lmt=1600737940527884&mt=1609138367&fvip=4&keepalive=yes&c=WEB&txp=5531432&n=eKCslltJs9sa3-fz&sparams=expire%2Cei%2Cip%2Cid%2Caitags%2Csource%2Crequiressl%2Cvprv%2Cmime%2Cns%2Cgir%2Cclen%2Cdur%2Clmt&lsparams=mh%2Cmm%2Cmn%2Cms%2Cmv%2Cmvi%2Cpl%2Cinitcwndbps&lsig=AG3C_xAwRAIgYYrMSjVg01LbpzXMsrsN9egSviPz8oFSMBYurxtMWQQCIAaKM1-BL3b158TQKNPVlezwLF5LLl3N9uCoCB9haw7C&sig=AOq0QJ8wRQIhAMXbUPMWEkhAGPD_mFdZ8hJge2UTj9800e4JGjwwThZ_AiBQ4jOt84h-rC2ZfYnvR26QpiJq595HlQNkIHuOIoZWAw==&ratebypass=yes", "player_url": "/s/player/5dd3f3b2/player_ias.vflset/en_US/base.js", "asr": null, "filesize": 51221953, "format_note": "1080p", "fps": 25, "height": 1080, "tbr": 2842.988, "width": 1920, "ext": "mp4", "vcodec": "av01.0.08M.08", "acodec": "none", "downloader_options": {"http_chunk_size": 10485760}, "format": "399 - 1920x1080 (1080p)", "protocol": "https", "http_headers": {"User-Agent": "Mozilla/5.0 (Windows NT 10.0; Win64; x64) AppleWebKit/537.36 (KHTML, like Gecko) Chrome/72.0.3623.3 Safari/537.36", "Accept-Charset": "ISO-8859-1,utf-8;q=0.7,*;q=0.7", "Accept": "text/html,application/xhtml+xml,application/xml;q=0.9,*/*;q=0.8", "Accept-Encoding": "gzip, deflate", "Accept-Language": "en-us,en;q=0.5"}}, {"format_id": "18", "url": "https://r8---sn-5njj-u2xl.googlevideo.com/videoplayback?expire=1609160425&ei=iYLpX73ELYrfqAGs0ZSAAw&ip=140.109.135.76&id=o-AFRhCvieimQ1D36Wu2-bbXaO0oA6QX8OcAiIVN23tmvA&itag=18&source=youtube&requiressl=yes&mh=dQ&mm=31%2C29&mn=sn-5njj-u2xl%2Csn-un57sn76&ms=au%2Crdu&mv=m&mvi=8&pl=16&initcwndbps=841250&vprv=1&mime=video%2Fmp4&ns=x6Y3qNFgXoxra4Z5affTLCQF&gir=yes&clen=18216391&ratebypass=yes&dur=240.303&lmt=1575871101823260&mt=1609138367&fvip=4&c=WEB&txp=5531432&n=fuRzaF1XSxHjSz8h&sparams=expire%2Cei%2Cip%2Cid%2Citag%2Csource%2Crequiressl%2Cvprv%2Cmime%2Cns%2Cgir%2Cclen%2Cratebypass%2Cdur%2Clmt&lsparams=mh%2Cmm%2Cmn%2Cms%2Cmv%2Cmvi%2Cpl%2Cinitcwndbps&lsig=AG3C_xAwRQIgX4QQPcTb1ULIyDONmp1BXuODVz6_uL4J10QvGM-OBToCIQDM5kt-eIVyQwNHT3KwN7v2j4Ny9cledv6ErhbHBOfOTA%3D%3D&sig=AOq0QJ8wRQIgRGvi91_Hd4S27e8YsXrNev2WYCGpGOFrvbpeeR0h2lgCIQCGZWPdBJOHkWay0xLW5kpfa6ZxonWAKNUtDEgG6spfaA==", "player_url": "/s/player/5dd3f3b2/player_ias.vflset/en_US/base.js", "ext": "mp4", "width": 640, "height": 360, "acodec": "mp4a.40.2", "abr": 96, "vcodec": "avc1.42001E", "asr": 44100, "filesize": 18216391, "format_note": "360p", "fps": 25, "tbr": 606.606, "format": "18 - 640x360 (360p)", "protocol": "https", "http_headers": {"User-Agent": "Mozilla/5.0 (Windows NT 10.0; Win64; x64) AppleWebKit/537.36 (KHTML, like Gecko) Chrome/72.0.3623.3 Safari/537.36", "Accept-Charset": "ISO-8859-1,utf-8;q=0.7,*;q=0.7", "Accept": "text/html,application/xhtml+xml,application/xml;q=0.9,*/*;q=0.8", "Accept-Encoding": "gzip, deflate", "Accept-Language": "en-us,en;q=0.5"}}], "is_live": null, "start_time": null, "end_time": null, "series": null, "season_number": null, "episode_number": null, "track": null, "artist": null, "album": null, "release_date": null, "release_year": null, "extractor": "youtube", "webpage_url_basename": "watch", "extractor_key": "Youtube", "playlist": null, "playlist_index": null, "thumbnail": "https://i.ytimg.com/vi_webp/6wFJhmhNeeg/maxresdefault.webp", "display_id": "6wFJhmhNeeg", "requested_subtitles": null, "format_id": "251", "url": "https://r8---sn-5njj-u2xl.googlevideo.com/videoplayback?expire=1609160425&ei=iYLpX73ELYrfqAGs0ZSAAw&ip=140.109.135.76&id=o-AFRhCvieimQ1D36Wu2-bbXaO0oA6QX8OcAiIVN23tmvA&itag=251&source=youtube&requiressl=yes&mh=dQ&mm=31%2C29&mn=sn-5njj-u2xl%2Csn-un57sn76&ms=au%2Crdu&mv=m&mvi=8&pl=16&initcwndbps=841250&vprv=1&mime=audio%2Fwebm&ns=GpuRnGt9uKwWbre2eAzYPvMF&gir=yes&clen=4501667&dur=240.261&lmt=1575872865938175&mt=1609138367&fvip=4&keepalive=yes&c=WEB&txp=5531432&n=eKCslltJs9sa3-fz&sparams=expire%2Cei%2Cip%2Cid%2Citag%2Csource%2Crequiressl%2Cvprv%2Cmime%2Cns%2Cgir%2Cclen%2Cdur%2Clmt&lsparams=mh%2Cmm%2Cmn%2Cms%2Cmv%2Cmvi%2Cpl%2Cinitcwndbps&lsig=AG3C_xAwRAIgVNni9oEZqwXBonEU3unI2SEbHZKDJYVsXwRK28jMXTUCIFM0g5gOa4IBmGsgjsKUZeGW09K5WZItKagLIm4XrQkx&sig=AOq0QJ8wRQIgRkcqYLFHhvOhTDeEwA9oRrXuw86peHk7ag_OanmAW5sCIQDpS8_mR1_wAwlj9AVYT0TiWk9oIuse6Z6eMV4TUQu_wQ==&ratebypass=yes", "player_url": "/s/player/5dd3f3b2/player_ias.vflset/en_US/base.js", "ext": "webm", "format_note": "tiny", "acodec": "opus", "abr": 160, "asr": 48000, "filesize": 4501667, "fps": null, "height": null, "tbr": 166.071, "width": null, "vcodec": "none", "downloader_options": {"http_chunk_size": 10485760}, "format": "251 - audio only (tiny)", "protocol": "https", "http_headers": {"User-Agent": "Mozilla/5.0 (Windows NT 10.0; Win64; x64) AppleWebKit/537.36 (KHTML, like Gecko) Chrome/72.0.3623.3 Safari/537.36", "Accept-Charset": "ISO-8859-1,utf-8;q=0.7,*;q=0.7", "Accept": "text/html,application/xhtml+xml,application/xml;q=0.9,*/*;q=0.8", "Accept-Encoding": "gzip, deflate", "Accept-Language": "en-us,en;q=0.5"}}