{"id": "6kRPHamGDSo", "uploader": "Francesco Parrino", "uploader_id": "FrancescoParrino", "uploader_url": "http://www.youtube.com/user/FrancescoParrino", "channel_id": "UCQ8THdZnqPVoLN9zuT-pjBg", "channel_url": "http://www.youtube.com/channel/UCQ8THdZnqPVoLN9zuT-pjBg", "upload_date": "20171209", "license": null, "creator": null, "title": "Camila Cabello - Havana | Piano Cover + Sheet Music", "alt_title": null, "thumbnails": [{"url": "https://i.ytimg.com/vi/6kRPHamGDSo/hqdefault.jpg?sqp=-oaymwEbCKgBEF5IVfKriqkDDggBFQAAiEIYAXABwAEG&rs=AOn4CLBiGCMw-kkzypalV4HqjUzNZLAwtQ", "width": 168, "height": 94, "resolution": "168x94", "id": "0"}, {"url": "https://i.ytimg.com/vi/6kRPHamGDSo/hqdefault.jpg?sqp=-oaymwEbCMQBEG5IVfKriqkDDggBFQAAiEIYAXABwAEG&rs=AOn4CLDFpxmn6ZBn7oR9H2BiA2cd_ULKFg", "width": 196, "height": 110, "resolution": "196x110", "id": "1"}, {"url": "https://i.ytimg.com/vi/6kRPHamGDSo/hqdefault.jpg?sqp=-oaymwEcCPYBEIoBSFXyq4qpAw4IARUAAIhCGAFwAcABBg==&rs=AOn4CLBnvur3PKmXq-_6w8Ma02L1ZsULPA", "width": 246, "height": 138, "resolution": "246x138", "id": "2"}, {"url": "https://i.ytimg.com/vi/6kRPHamGDSo/hqdefault.jpg?sqp=-oaymwEcCNACELwBSFXyq4qpAw4IARUAAIhCGAFwAcABBg==&rs=AOn4CLAX9FxfT4Bt1_4xEezyRM5pKmtKEg", "width": 336, "height": 188, "resolution": "336x188", "id": "3"}, {"url": "https://i.ytimg.com/vi_webp/6kRPHamGDSo/maxresdefault.webp", "width": 1920, "height": 1080, "resolution": "1920x1080", "id": "4"}], "description": "\u266b SHEET MUSIC is Available Here: http://bit.ly/FPM_Havana\n\ud83d\udc4d Thumbs up, SUBSCRIBE and click the \ud83d\udd14 for more contents: https://bit.ly/FPSubscribe\n\ud83c\udfb9 Want to learn the piano? This is the app for you! https://bit.ly/FPM_Skoove\n\nMy new cover is Havana by Camila Cabello!! (Tell me your ideas for new covers!!)\n\nSunglasses courtesy of 4u4: http://www.4u4.it\n\n\u25cf Check my TUTORIAL of this arrangement here: https://youtu.be/i4T1FaGnRO8\n\nThis song is available on:\n\ud83c\udfa7 Spotify: https://bit.ly/FPM_TC3_S \n\ud83c\udfa7 iTunes: https://bit.ly/FPM_TC3_iT \n\ud83c\udfa7 Amazon Music: https://bit.ly/FPM_TC3_AM\n\ud83c\udfa7 Deezer: https://bit.ly/FPM_TC3_DZ\n\ud83c\udfa7 Youtube Music: https://bit.ly/FPM_TC3_YM\n\n\u25cf TUTORIALS, Extras, Bloopers, Live: http://bit.ly/FPM_TutorialsExtras\n\u25cf All my SCORES: http://bit.ly/FPM_SheetMusic\n\u25cf Full Discography: http://bit.ly/FPM_Discography\n\u25cf Website: http://bit.ly/FrancescoParrinoMusic\n\u25cf MIDI files: http://bit.ly/FPM_Media\n\u25cf Check my new Classical Channel: https://bit.ly/FPM_ClassicalSub\n\n\u25cf Let's connect on Facebook: http://bit.ly/FPM-Facebook\n\u25cf Or Instagram: http://bit.ly/FPM-Instagram\n\n#CamilaCabello #Havana #SheetMusic", "categories": ["Music"], "tags": ["Camila Cabello", "Havana", "Piano", "Cover", "Francesco Parrino", "Young Thug", "Sheet Music", "Score", "MIDI", "Instrumental", "Arrangement"], "subtitles": {}, "automatic_captions": {}, "duration": 193, "age_limit": 0, "annotations": null, "chapters": null, "webpage_url": "https://www.youtube.com/watch?v=6kRPHamGDSo", "view_count": 3074891, "like_count": 64353, "dislike_count": 641, "average_rating": 4.9605503, "formats": [{"format_id": "249", "url": "https://r8---sn-5njj-u2xl.googlevideo.com/videoplayback?expire=1612167643&ei=e2UXYNwtmeyoAfD-obAG&ip=140.109.135.76&id=o-AORFaBAuE-7SM4m5DVzoxKc4LtVlzo2s1QmcFlWpoiEE&itag=249&source=youtube&requiressl=yes&mh=Kw&mm=31%2C29&mn=sn-5njj-u2xl%2Csn-un57en7s&ms=au%2Crdu&mv=m&mvi=8&pcm2cms=yes&pl=16&initcwndbps=422500&vprv=1&mime=audio%2Fwebm&ns=Y6l31_AlFf0mTAXNPEk8L1oF&gir=yes&clen=1409618&dur=193.101&lmt=1512969632301390&mt=1612145803&fvip=2&keepalive=yes&c=WEB&n=oDaaFJGD1NSa1FEjE&sparams=expire%2Cei%2Cip%2Cid%2Citag%2Csource%2Crequiressl%2Cvprv%2Cmime%2Cns%2Cgir%2Cclen%2Cdur%2Clmt&lsparams=mh%2Cmm%2Cmn%2Cms%2Cmv%2Cmvi%2Cpcm2cms%2Cpl%2Cinitcwndbps&lsig=AG3C_xAwRAIgF0GrkmE_uRyuyY3W16CYBRu9kg_rXwUNUVXlUEomw-ICIEFP6fVB4riNPaeN_Q1IjBCW19FXIrtooICUDh4Fx7hd&sig=AOq0QJ8wRQIgARuIx9NWSPUeHSzqWxaUijuclK_C0hBErEv1IMg5segCIQD-hN1R0PvTyP5d_sKanuROOe17QDlbzH5K907_VKCC0g==&ratebypass=yes", "player_url": "/s/player/7bc032d0/player_ias.vflset/en_US/base.js", "ext": "webm", "format_note": "tiny", "acodec": "opus", "abr": 50, "asr": 48000, "filesize": 1409618, "fps": null, "height": null, "tbr": 69.615, "width": null, "vcodec": "none", "downloader_options": {"http_chunk_size": 10485760}, "format": "249 - audio only (tiny)", "protocol": "https", "http_headers": {"User-Agent": "Mozilla/5.0 (Windows NT 10.0; Win64; x64) AppleWebKit/537.36 (KHTML, like Gecko) Chrome/70.0.3538.79 Safari/537.36", "Accept-Charset": "ISO-8859-1,utf-8;q=0.7,*;q=0.7", "Accept": "text/html,application/xhtml+xml,application/xml;q=0.9,*/*;q=0.8", "Accept-Encoding": "gzip, deflate", "Accept-Language": "en-us,en;q=0.5"}}, {"format_id": "250", "url": "https://r8---sn-5njj-u2xl.googlevideo.com/videoplayback?expire=1612167643&ei=e2UXYNwtmeyoAfD-obAG&ip=140.109.135.76&id=o-AORFaBAuE-7SM4m5DVzoxKc4LtVlzo2s1QmcFlWpoiEE&itag=250&source=youtube&requiressl=yes&mh=Kw&mm=31%2C29&mn=sn-5njj-u2xl%2Csn-un57en7s&ms=au%2Crdu&mv=m&mvi=8&pcm2cms=yes&pl=16&initcwndbps=422500&vprv=1&mime=audio%2Fwebm&ns=Y6l31_AlFf0mTAXNPEk8L1oF&gir=yes&clen=1888178&dur=193.101&lmt=1512969640845901&mt=1612145803&fvip=2&keepalive=yes&c=WEB&n=oDaaFJGD1NSa1FEjE&sparams=expire%2Cei%2Cip%2Cid%2Citag%2Csource%2Crequiressl%2Cvprv%2Cmime%2Cns%2Cgir%2Cclen%2Cdur%2Clmt&lsparams=mh%2Cmm%2Cmn%2Cms%2Cmv%2Cmvi%2Cpcm2cms%2Cpl%2Cinitcwndbps&lsig=AG3C_xAwRgIhAOyiPDjDyYZS_DNznCNOGNGs47iRr2jDluq3eWe8VMvmAiEAk4zNrayNpMU8k1gaca7x1oPQM40mukaXJdd5tQc-LC4%3D&sig=AOq0QJ8wRQIgfpOsc5Bd_PkCFg2kp7LJNtllefkubdbOdcryr_4jEdMCIQC_H16uCyMZ0MyTCzcTM9YGe06fjI7ogm42Tebi7RYpoQ==&ratebypass=yes", "player_url": "/s/player/7bc032d0/player_ias.vflset/en_US/base.js", "ext": "webm", "format_note": "tiny", "acodec": "opus", "abr": 70, "asr": 48000, "filesize": 1888178, "fps": null, "height": null, "tbr": 91.773, "width": null, "vcodec": "none", "downloader_options": {"http_chunk_size": 10485760}, "format": "250 - audio only (tiny)", "protocol": "https", "http_headers": {"User-Agent": "Mozilla/5.0 (Windows NT 10.0; Win64; x64) AppleWebKit/537.36 (KHTML, like Gecko) Chrome/70.0.3538.79 Safari/537.36", "Accept-Charset": "ISO-8859-1,utf-8;q=0.7,*;q=0.7", "Accept": "text/html,application/xhtml+xml,application/xml;q=0.9,*/*;q=0.8", "Accept-Encoding": "gzip, deflate", "Accept-Language": "en-us,en;q=0.5"}}, {"format_id": "140", "url": "https://r8---sn-5njj-u2xl.googlevideo.com/videoplayback?expire=1612167643&ei=e2UXYNwtmeyoAfD-obAG&ip=140.109.135.76&id=o-AORFaBAuE-7SM4m5DVzoxKc4LtVlzo2s1QmcFlWpoiEE&itag=140&source=youtube&requiressl=yes&mh=Kw&mm=31%2C29&mn=sn-5njj-u2xl%2Csn-un57en7s&ms=au%2Crdu&mv=m&mvi=8&pcm2cms=yes&pl=16&initcwndbps=422500&vprv=1&mime=audio%2Fmp4&ns=Y6l31_AlFf0mTAXNPEk8L1oF&gir=yes&clen=3068287&dur=193.143&lmt=1512967221313707&mt=1612145803&fvip=2&keepalive=yes&c=WEB&n=oDaaFJGD1NSa1FEjE&sparams=expire%2Cei%2Cip%2Cid%2Citag%2Csource%2Crequiressl%2Cvprv%2Cmime%2Cns%2Cgir%2Cclen%2Cdur%2Clmt&lsparams=mh%2Cmm%2Cmn%2Cms%2Cmv%2Cmvi%2Cpcm2cms%2Cpl%2Cinitcwndbps&lsig=AG3C_xAwRgIhANsedYy4LNaApjIk9n47NrUX-xb9HxLr7OqXv4HQRUC7AiEAojXqHqZiJ5udqfHrFZzutjhkojrveMM0eFOpeRl5lPA%3D&sig=AOq0QJ8wRAIgciUYZyVX9g0ZjwSLYrM5ga6a4E0eLayFfcjv6sk9V6MCIBGE69hPDKK_ZUeXNfHI3a2yKH890jyr0RvlXQGwi7PD&ratebypass=yes", "player_url": "/s/player/7bc032d0/player_ias.vflset/en_US/base.js", "ext": "m4a", "format_note": "tiny", "acodec": "mp4a.40.2", "abr": 128, "container": "m4a_dash", "asr": 44100, "filesize": 3068287, "fps": null, "height": null, "tbr": 127.911, "width": null, "vcodec": "none", "downloader_options": {"http_chunk_size": 10485760}, "format": "140 - audio only (tiny)", "protocol": "https", "http_headers": {"User-Agent": "Mozilla/5.0 (Windows NT 10.0; Win64; x64) AppleWebKit/537.36 (KHTML, like Gecko) Chrome/70.0.3538.79 Safari/537.36", "Accept-Charset": "ISO-8859-1,utf-8;q=0.7,*;q=0.7", "Accept": "text/html,application/xhtml+xml,application/xml;q=0.9,*/*;q=0.8", "Accept-Encoding": "gzip, deflate", "Accept-Language": "en-us,en;q=0.5"}}, {"format_id": "251", "url": "https://r8---sn-5njj-u2xl.googlevideo.com/videoplayback?expire=1612167643&ei=e2UXYNwtmeyoAfD-obAG&ip=140.109.135.76&id=o-AORFaBAuE-7SM4m5DVzoxKc4LtVlzo2s1QmcFlWpoiEE&itag=251&source=youtube&requiressl=yes&mh=Kw&mm=31%2C29&mn=sn-5njj-u2xl%2Csn-un57en7s&ms=au%2Crdu&mv=m&mvi=8&pcm2cms=yes&pl=16&initcwndbps=422500&vprv=1&mime=audio%2Fwebm&ns=Y6l31_AlFf0mTAXNPEk8L1oF&gir=yes&clen=3633828&dur=193.101&lmt=1512969641667164&mt=1612145803&fvip=2&keepalive=yes&c=WEB&n=oDaaFJGD1NSa1FEjE&sparams=expire%2Cei%2Cip%2Cid%2Citag%2Csource%2Crequiressl%2Cvprv%2Cmime%2Cns%2Cgir%2Cclen%2Cdur%2Clmt&lsparams=mh%2Cmm%2Cmn%2Cms%2Cmv%2Cmvi%2Cpcm2cms%2Cpl%2Cinitcwndbps&lsig=AG3C_xAwRgIhAPF-PY_TbT9hDQ4hkS-GsynEOvLgoMVCMBFS_lMajOC3AiEArKNJHGt9zS5GkqolyrWXCU1UI7YdH5U2rCJNnWDwfuQ%3D&sig=AOq0QJ8wRQIhAK9CgnbTgjRc2EoByxB6l7wPXkNU5pic_SJd3kpIzn6NAiBOQqe7fM5gQCOyzbcZi_3xH2gfjv6K0W1OgOumeVO3xw==&ratebypass=yes", "player_url": "/s/player/7bc032d0/player_ias.vflset/en_US/base.js", "ext": "webm", "format_note": "tiny", "acodec": "opus", "abr": 160, "asr": 48000, "filesize": 3633828, "fps": null, "height": null, "tbr": 170.596, "width": null, "vcodec": "none", "downloader_options": {"http_chunk_size": 10485760}, "format": "251 - audio only (tiny)", "protocol": "https", "http_headers": {"User-Agent": "Mozilla/5.0 (Windows NT 10.0; Win64; x64) AppleWebKit/537.36 (KHTML, like Gecko) Chrome/70.0.3538.79 Safari/537.36", "Accept-Charset": "ISO-8859-1,utf-8;q=0.7,*;q=0.7", "Accept": "text/html,application/xhtml+xml,application/xml;q=0.9,*/*;q=0.8", "Accept-Encoding": "gzip, deflate", "Accept-Language": "en-us,en;q=0.5"}}, {"format_id": "160", "url": "https://r8---sn-5njj-u2xl.googlevideo.com/videoplayback?expire=1612167643&ei=e2UXYNwtmeyoAfD-obAG&ip=140.109.135.76&id=o-AORFaBAuE-7SM4m5DVzoxKc4LtVlzo2s1QmcFlWpoiEE&itag=160&aitags=133%2C134%2C135%2C136%2C137%2C160%2C242%2C243%2C244%2C247%2C248%2C278&source=youtube&requiressl=yes&mh=Kw&mm=31%2C29&mn=sn-5njj-u2xl%2Csn-un57en7s&ms=au%2Crdu&mv=m&mvi=8&pcm2cms=yes&pl=16&initcwndbps=422500&vprv=1&mime=video%2Fmp4&ns=Y6l31_AlFf0mTAXNPEk8L1oF&gir=yes&clen=1663075&dur=193.080&lmt=1512967847765353&mt=1612145803&fvip=2&keepalive=yes&c=WEB&n=oDaaFJGD1NSa1FEjE&sparams=expire%2Cei%2Cip%2Cid%2Caitags%2Csource%2Crequiressl%2Cvprv%2Cmime%2Cns%2Cgir%2Cclen%2Cdur%2Clmt&lsparams=mh%2Cmm%2Cmn%2Cms%2Cmv%2Cmvi%2Cpcm2cms%2Cpl%2Cinitcwndbps&lsig=AG3C_xAwRAIgZEzjQXT41l1_buTmziP_pTCT1gWW5iosGvN5jtYFE8kCIF-JZE19Qdrada_26bFMC_QGbkjSKb9huBVHl8fxo0G1&sig=AOq0QJ8wRQIgQ5zyaRdGE9LbjPppL0fjA1qLDPixg0KCrCKALPyYEnoCIQCij55HJh8vX0GNRUeu1QHqtYU_qLdkrMrHwJGVNICuTw==&ratebypass=yes", "player_url": "/s/player/7bc032d0/player_ias.vflset/en_US/base.js", "ext": "mp4", "height": 144, "format_note": "144p", "vcodec": "avc1.4d400c", "asr": null, "filesize": 1663075, "fps": 25, "tbr": 87.304, "width": 256, "acodec": "none", "downloader_options": {"http_chunk_size": 10485760}, "format": "160 - 256x144 (144p)", "protocol": "https", "http_headers": {"User-Agent": "Mozilla/5.0 (Windows NT 10.0; Win64; x64) AppleWebKit/537.36 (KHTML, like Gecko) Chrome/70.0.3538.79 Safari/537.36", "Accept-Charset": "ISO-8859-1,utf-8;q=0.7,*;q=0.7", "Accept": "text/html,application/xhtml+xml,application/xml;q=0.9,*/*;q=0.8", "Accept-Encoding": "gzip, deflate", "Accept-Language": "en-us,en;q=0.5"}}, {"format_id": "278", "url": "https://r8---sn-5njj-u2xl.googlevideo.com/videoplayback?expire=1612167643&ei=e2UXYNwtmeyoAfD-obAG&ip=140.109.135.76&id=o-AORFaBAuE-7SM4m5DVzoxKc4LtVlzo2s1QmcFlWpoiEE&itag=278&aitags=133%2C134%2C135%2C136%2C137%2C160%2C242%2C243%2C244%2C247%2C248%2C278&source=youtube&requiressl=yes&mh=Kw&mm=31%2C29&mn=sn-5njj-u2xl%2Csn-un57en7s&ms=au%2Crdu&mv=m&mvi=8&pcm2cms=yes&pl=16&initcwndbps=422500&vprv=1&mime=video%2Fwebm&ns=Y6l31_AlFf0mTAXNPEk8L1oF&gir=yes&clen=2271907&dur=193.080&lmt=1512970727848010&mt=1612145803&fvip=2&keepalive=yes&c=WEB&n=oDaaFJGD1NSa1FEjE&sparams=expire%2Cei%2Cip%2Cid%2Caitags%2Csource%2Crequiressl%2Cvprv%2Cmime%2Cns%2Cgir%2Cclen%2Cdur%2Clmt&lsparams=mh%2Cmm%2Cmn%2Cms%2Cmv%2Cmvi%2Cpcm2cms%2Cpl%2Cinitcwndbps&lsig=AG3C_xAwRAIgRzCSBRIuBMqFos-tj02dcVespKB81LBFKCXK2nSw43sCIFBovaj9f2_cXGoCKxentML93KRPFxh8y4IYL_t6exvz&sig=AOq0QJ8wRgIhAOtKYLW-9C99GJhhkZ4d2JeIxkQLYRsDS4XjDFWlflcqAiEAnBteCWgtmJeYkyf7gp7akvMbrP_fhvMD7DY3Tcwg-as=&ratebypass=yes", "player_url": "/s/player/7bc032d0/player_ias.vflset/en_US/base.js", "ext": "webm", "height": 144, "format_note": "144p", "container": "webm", "vcodec": "vp9", "asr": null, "filesize": 2271907, "fps": 25, "tbr": 105.368, "width": 256, "acodec": "none", "downloader_options": {"http_chunk_size": 10485760}, "format": "278 - 256x144 (144p)", "protocol": "https", "http_headers": {"User-Agent": "Mozilla/5.0 (Windows NT 10.0; Win64; x64) AppleWebKit/537.36 (KHTML, like Gecko) Chrome/70.0.3538.79 Safari/537.36", "Accept-Charset": "ISO-8859-1,utf-8;q=0.7,*;q=0.7", "Accept": "text/html,application/xhtml+xml,application/xml;q=0.9,*/*;q=0.8", "Accept-Encoding": "gzip, deflate", "Accept-Language": "en-us,en;q=0.5"}}, {"format_id": "133", "url": "https://r8---sn-5njj-u2xl.googlevideo.com/videoplayback?expire=1612167643&ei=e2UXYNwtmeyoAfD-obAG&ip=140.109.135.76&id=o-AORFaBAuE-7SM4m5DVzoxKc4LtVlzo2s1QmcFlWpoiEE&itag=133&aitags=133%2C134%2C135%2C136%2C137%2C160%2C242%2C243%2C244%2C247%2C248%2C278&source=youtube&requiressl=yes&mh=Kw&mm=31%2C29&mn=sn-5njj-u2xl%2Csn-un57en7s&ms=au%2Crdu&mv=m&mvi=8&pcm2cms=yes&pl=16&initcwndbps=422500&vprv=1&mime=video%2Fmp4&ns=Y6l31_AlFf0mTAXNPEk8L1oF&gir=yes&clen=3070253&dur=193.080&lmt=1512967848466438&mt=1612145803&fvip=2&keepalive=yes&c=WEB&n=oDaaFJGD1NSa1FEjE&sparams=expire%2Cei%2Cip%2Cid%2Caitags%2Csource%2Crequiressl%2Cvprv%2Cmime%2Cns%2Cgir%2Cclen%2Cdur%2Clmt&lsparams=mh%2Cmm%2Cmn%2Cms%2Cmv%2Cmvi%2Cpcm2cms%2Cpl%2Cinitcwndbps&lsig=AG3C_xAwRAIgYqOHYXOh9bTWUjQO9fcuPQdJH2YIvvruK7BXK913bZwCIFVmFFLdMZy59_eoSdJF-6MTya-sAW0GGGtCHZSR_V12&sig=AOq0QJ8wRgIhALfOKtgb4x9RJsIwJPCpfG2301eRZbVzJ4Hyqf0jis1bAiEA5-F0vvyKbYscwp-dU6PgQKP1IeEQnKR3Drm2DI4JhJs=&ratebypass=yes", "player_url": "/s/player/7bc032d0/player_ias.vflset/en_US/base.js", "ext": "mp4", "height": 240, "format_note": "240p", "vcodec": "avc1.4d4015", "asr": null, "filesize": 3070253, "fps": 25, "tbr": 166.109, "width": 426, "acodec": "none", "downloader_options": {"http_chunk_size": 10485760}, "format": "133 - 426x240 (240p)", "protocol": "https", "http_headers": {"User-Agent": "Mozilla/5.0 (Windows NT 10.0; Win64; x64) AppleWebKit/537.36 (KHTML, like Gecko) Chrome/70.0.3538.79 Safari/537.36", "Accept-Charset": "ISO-8859-1,utf-8;q=0.7,*;q=0.7", "Accept": "text/html,application/xhtml+xml,application/xml;q=0.9,*/*;q=0.8", "Accept-Encoding": "gzip, deflate", "Accept-Language": "en-us,en;q=0.5"}}, {"format_id": "242", "url": "https://r8---sn-5njj-u2xl.googlevideo.com/videoplayback?expire=1612167643&ei=e2UXYNwtmeyoAfD-obAG&ip=140.109.135.76&id=o-AORFaBAuE-7SM4m5DVzoxKc4LtVlzo2s1QmcFlWpoiEE&itag=242&aitags=133%2C134%2C135%2C136%2C137%2C160%2C242%2C243%2C244%2C247%2C248%2C278&source=youtube&requiressl=yes&mh=Kw&mm=31%2C29&mn=sn-5njj-u2xl%2Csn-un57en7s&ms=au%2Crdu&mv=m&mvi=8&pcm2cms=yes&pl=16&initcwndbps=422500&vprv=1&mime=video%2Fwebm&ns=Y6l31_AlFf0mTAXNPEk8L1oF&gir=yes&clen=4515194&dur=193.080&lmt=1512970802779031&mt=1612145803&fvip=2&keepalive=yes&c=WEB&n=oDaaFJGD1NSa1FEjE&sparams=expire%2Cei%2Cip%2Cid%2Caitags%2Csource%2Crequiressl%2Cvprv%2Cmime%2Cns%2Cgir%2Cclen%2Cdur%2Clmt&lsparams=mh%2Cmm%2Cmn%2Cms%2Cmv%2Cmvi%2Cpcm2cms%2Cpl%2Cinitcwndbps&lsig=AG3C_xAwRQIgf6OdWhsKPpXCFdiUCak-3UpmKKPxqUQI19eUxr7hE9QCIQD2xYNYVF6k6gWLLDvdNURscxizAh7qbWdOZ1qR6AZGcQ%3D%3D&sig=AOq0QJ8wRQIhANc8i_pNzs9nuvIW4G9seqT3hbzyCekTgETjgkBL4r04AiAF1HWzb2pvzy5ue4PAIQ52_2btWa7s31UoQNM3_Zd3Ww==&ratebypass=yes", "player_url": "/s/player/7bc032d0/player_ias.vflset/en_US/base.js", "ext": "webm", "height": 240, "format_note": "240p", "vcodec": "vp9", "asr": null, "filesize": 4515194, "fps": 25, "tbr": 222.856, "width": 426, "acodec": "none", "downloader_options": {"http_chunk_size": 10485760}, "format": "242 - 426x240 (240p)", "protocol": "https", "http_headers": {"User-Agent": "Mozilla/5.0 (Windows NT 10.0; Win64; x64) AppleWebKit/537.36 (KHTML, like Gecko) Chrome/70.0.3538.79 Safari/537.36", "Accept-Charset": "ISO-8859-1,utf-8;q=0.7,*;q=0.7", "Accept": "text/html,application/xhtml+xml,application/xml;q=0.9,*/*;q=0.8", "Accept-Encoding": "gzip, deflate", "Accept-Language": "en-us,en;q=0.5"}}, {"format_id": "134", "url": "https://r8---sn-5njj-u2xl.googlevideo.com/videoplayback?expire=1612167643&ei=e2UXYNwtmeyoAfD-obAG&ip=140.109.135.76&id=o-AORFaBAuE-7SM4m5DVzoxKc4LtVlzo2s1QmcFlWpoiEE&itag=134&aitags=133%2C134%2C135%2C136%2C137%2C160%2C242%2C243%2C244%2C247%2C248%2C278&source=youtube&requiressl=yes&mh=Kw&mm=31%2C29&mn=sn-5njj-u2xl%2Csn-un57en7s&ms=au%2Crdu&mv=m&mvi=8&pcm2cms=yes&pl=16&initcwndbps=422500&vprv=1&mime=video%2Fmp4&ns=Y6l31_AlFf0mTAXNPEk8L1oF&gir=yes&clen=5887692&dur=193.080&lmt=1512967852265794&mt=1612145803&fvip=2&keepalive=yes&c=WEB&n=oDaaFJGD1NSa1FEjE&sparams=expire%2Cei%2Cip%2Cid%2Caitags%2Csource%2Crequiressl%2Cvprv%2Cmime%2Cns%2Cgir%2Cclen%2Cdur%2Clmt&lsparams=mh%2Cmm%2Cmn%2Cms%2Cmv%2Cmvi%2Cpcm2cms%2Cpl%2Cinitcwndbps&lsig=AG3C_xAwRQIhAOoZYYrXedkY31Mnx_OtNMsBBc5Gpg4voOTuE2V4ZD9-AiBYdkBkle5nsjp42UfkLbdi9IxL9FL643mdym5I_ltu2A%3D%3D&sig=AOq0QJ8wRAIgPA87YfyRCbRWYhx3RMKrE1SYFoS4KG_yUOndLsxIvb8CIFvxPcTE94pmVYP0QPgAgQMfvT375HmkmaCOIdAEYIt3&ratebypass=yes", "player_url": "/s/player/7bc032d0/player_ias.vflset/en_US/base.js", "ext": "mp4", "height": 360, "format_note": "360p", "vcodec": "avc1.4d401e", "asr": null, "filesize": 5887692, "fps": 25, "tbr": 319.143, "width": 640, "acodec": "none", "downloader_options": {"http_chunk_size": 10485760}, "format": "134 - 640x360 (360p)", "protocol": "https", "http_headers": {"User-Agent": "Mozilla/5.0 (Windows NT 10.0; Win64; x64) AppleWebKit/537.36 (KHTML, like Gecko) Chrome/70.0.3538.79 Safari/537.36", "Accept-Charset": "ISO-8859-1,utf-8;q=0.7,*;q=0.7", "Accept": "text/html,application/xhtml+xml,application/xml;q=0.9,*/*;q=0.8", "Accept-Encoding": "gzip, deflate", "Accept-Language": "en-us,en;q=0.5"}}, {"format_id": "243", "url": "https://r8---sn-5njj-u2xl.googlevideo.com/videoplayback?expire=1612167643&ei=e2UXYNwtmeyoAfD-obAG&ip=140.109.135.76&id=o-AORFaBAuE-7SM4m5DVzoxKc4LtVlzo2s1QmcFlWpoiEE&itag=243&aitags=133%2C134%2C135%2C136%2C137%2C160%2C242%2C243%2C244%2C247%2C248%2C278&source=youtube&requiressl=yes&mh=Kw&mm=31%2C29&mn=sn-5njj-u2xl%2Csn-un57en7s&ms=au%2Crdu&mv=m&mvi=8&pcm2cms=yes&pl=16&initcwndbps=422500&vprv=1&mime=video%2Fwebm&ns=Y6l31_AlFf0mTAXNPEk8L1oF&gir=yes&clen=8342338&dur=193.080&lmt=1512970720087467&mt=1612145803&fvip=2&keepalive=yes&c=WEB&n=oDaaFJGD1NSa1FEjE&sparams=expire%2Cei%2Cip%2Cid%2Caitags%2Csource%2Crequiressl%2Cvprv%2Cmime%2Cns%2Cgir%2Cclen%2Cdur%2Clmt&lsparams=mh%2Cmm%2Cmn%2Cms%2Cmv%2Cmvi%2Cpcm2cms%2Cpl%2Cinitcwndbps&lsig=AG3C_xAwRQIhAJK-KMKElrlGmMA_DGq8frBHJ_9CSL7l-3Bj96YOhXWWAiBQPz1kW4v8fI2HRWfFgRZQ2HI0wO3zdRdCPmUN_KvitQ%3D%3D&sig=AOq0QJ8wRgIhAIKWwepzEhXBINbaAezUSL32nipkEKTJrK1IA0ZwJwSoAiEA1KsojkIu6IsqTZrkrVLfwzoady2BFSmh2gtZNDj2XF0=&ratebypass=yes", "player_url": "/s/player/7bc032d0/player_ias.vflset/en_US/base.js", "ext": "webm", "height": 360, "format_note": "360p", "vcodec": "vp9", "asr": null, "filesize": 8342338, "fps": 25, "tbr": 407.475, "width": 640, "acodec": "none", "downloader_options": {"http_chunk_size": 10485760}, "format": "243 - 640x360 (360p)", "protocol": "https", "http_headers": {"User-Agent": "Mozilla/5.0 (Windows NT 10.0; Win64; x64) AppleWebKit/537.36 (KHTML, like Gecko) Chrome/70.0.3538.79 Safari/537.36", "Accept-Charset": "ISO-8859-1,utf-8;q=0.7,*;q=0.7", "Accept": "text/html,application/xhtml+xml,application/xml;q=0.9,*/*;q=0.8", "Accept-Encoding": "gzip, deflate", "Accept-Language": "en-us,en;q=0.5"}}, {"format_id": "135", "url": "https://r8---sn-5njj-u2xl.googlevideo.com/videoplayback?expire=1612167643&ei=e2UXYNwtmeyoAfD-obAG&ip=140.109.135.76&id=o-AORFaBAuE-7SM4m5DVzoxKc4LtVlzo2s1QmcFlWpoiEE&itag=135&aitags=133%2C134%2C135%2C136%2C137%2C160%2C242%2C243%2C244%2C247%2C248%2C278&source=youtube&requiressl=yes&mh=Kw&mm=31%2C29&mn=sn-5njj-u2xl%2Csn-un57en7s&ms=au%2Crdu&mv=m&mvi=8&pcm2cms=yes&pl=16&initcwndbps=422500&vprv=1&mime=video%2Fmp4&ns=Y6l31_AlFf0mTAXNPEk8L1oF&gir=yes&clen=11330518&dur=193.080&lmt=1512967857977832&mt=1612145803&fvip=2&keepalive=yes&c=WEB&n=oDaaFJGD1NSa1FEjE&sparams=expire%2Cei%2Cip%2Cid%2Caitags%2Csource%2Crequiressl%2Cvprv%2Cmime%2Cns%2Cgir%2Cclen%2Cdur%2Clmt&lsparams=mh%2Cmm%2Cmn%2Cms%2Cmv%2Cmvi%2Cpcm2cms%2Cpl%2Cinitcwndbps&lsig=AG3C_xAwRQIgBbo8ByL8-QKbdckcf5mmWGhA25wYmYSJWr20P-Yvq8ECIQChnb2n1FHvinEv_JuTESSodEHqiegAnreVwt6fW6Amxw%3D%3D&sig=AOq0QJ8wRQIgVFspJt4LXhuXJvpG2ojLLd-zjk2sMtqho3Ih04VE9W4CIQCnwt5QV3buKrte85Ik1zkv2h-ZUYYDdcV3XIr42_jrEg==&ratebypass=yes", "player_url": "/s/player/7bc032d0/player_ias.vflset/en_US/base.js", "ext": "mp4", "height": 480, "format_note": "480p", "vcodec": "avc1.4d401e", "asr": null, "filesize": 11330518, "fps": 25, "tbr": 613.073, "width": 854, "acodec": "none", "downloader_options": {"http_chunk_size": 10485760}, "format": "135 - 854x480 (480p)", "protocol": "https", "http_headers": {"User-Agent": "Mozilla/5.0 (Windows NT 10.0; Win64; x64) AppleWebKit/537.36 (KHTML, like Gecko) Chrome/70.0.3538.79 Safari/537.36", "Accept-Charset": "ISO-8859-1,utf-8;q=0.7,*;q=0.7", "Accept": "text/html,application/xhtml+xml,application/xml;q=0.9,*/*;q=0.8", "Accept-Encoding": "gzip, deflate", "Accept-Language": "en-us,en;q=0.5"}}, {"format_id": "244", "url": "https://r8---sn-5njj-u2xl.googlevideo.com/videoplayback?expire=1612167643&ei=e2UXYNwtmeyoAfD-obAG&ip=140.109.135.76&id=o-AORFaBAuE-7SM4m5DVzoxKc4LtVlzo2s1QmcFlWpoiEE&itag=244&aitags=133%2C134%2C135%2C136%2C137%2C160%2C242%2C243%2C244%2C247%2C248%2C278&source=youtube&requiressl=yes&mh=Kw&mm=31%2C29&mn=sn-5njj-u2xl%2Csn-un57en7s&ms=au%2Crdu&mv=m&mvi=8&pcm2cms=yes&pl=16&initcwndbps=422500&vprv=1&mime=video%2Fwebm&ns=Y6l31_AlFf0mTAXNPEk8L1oF&gir=yes&clen=14239304&dur=193.080&lmt=1512970748297169&mt=1612145803&fvip=2&keepalive=yes&c=WEB&n=oDaaFJGD1NSa1FEjE&sparams=expire%2Cei%2Cip%2Cid%2Caitags%2Csource%2Crequiressl%2Cvprv%2Cmime%2Cns%2Cgir%2Cclen%2Cdur%2Clmt&lsparams=mh%2Cmm%2Cmn%2Cms%2Cmv%2Cmvi%2Cpcm2cms%2Cpl%2Cinitcwndbps&lsig=AG3C_xAwRQIhANQxx9vuI-B3B_DL46ka4i7GMNhSRdPW6D4fUTZpdpa-AiBNYBdoTgsf9GyhFrPJvZFuIRS2R-JqhYfYQrVyp7DbaQ%3D%3D&sig=AOq0QJ8wRAIgXTdsNByL61qGflv_37a7gLnqnek7tOkLWj-EnOYZ_ukCIEEyvIyGghx36jY_9YJC-GDTzVx0eB1YUscbqlQrLbo2&ratebypass=yes", "player_url": "/s/player/7bc032d0/player_ias.vflset/en_US/base.js", "ext": "webm", "height": 480, "format_note": "480p", "vcodec": "vp9", "asr": null, "filesize": 14239304, "fps": 25, "tbr": 743.395, "width": 854, "acodec": "none", "downloader_options": {"http_chunk_size": 10485760}, "format": "244 - 854x480 (480p)", "protocol": "https", "http_headers": {"User-Agent": "Mozilla/5.0 (Windows NT 10.0; Win64; x64) AppleWebKit/537.36 (KHTML, like Gecko) Chrome/70.0.3538.79 Safari/537.36", "Accept-Charset": "ISO-8859-1,utf-8;q=0.7,*;q=0.7", "Accept": "text/html,application/xhtml+xml,application/xml;q=0.9,*/*;q=0.8", "Accept-Encoding": "gzip, deflate", "Accept-Language": "en-us,en;q=0.5"}}, {"format_id": "136", "url": "https://r8---sn-5njj-u2xl.googlevideo.com/videoplayback?expire=1612167643&ei=e2UXYNwtmeyoAfD-obAG&ip=140.109.135.76&id=o-AORFaBAuE-7SM4m5DVzoxKc4LtVlzo2s1QmcFlWpoiEE&itag=136&aitags=133%2C134%2C135%2C136%2C137%2C160%2C242%2C243%2C244%2C247%2C248%2C278&source=youtube&requiressl=yes&mh=Kw&mm=31%2C29&mn=sn-5njj-u2xl%2Csn-un57en7s&ms=au%2Crdu&mv=m&mvi=8&pcm2cms=yes&pl=16&initcwndbps=422500&vprv=1&mime=video%2Fmp4&ns=Y6l31_AlFf0mTAXNPEk8L1oF&gir=yes&clen=19643389&dur=193.080&lmt=1512967972212519&mt=1612145803&fvip=2&keepalive=yes&c=WEB&n=oDaaFJGD1NSa1FEjE&sparams=expire%2Cei%2Cip%2Cid%2Caitags%2Csource%2Crequiressl%2Cvprv%2Cmime%2Cns%2Cgir%2Cclen%2Cdur%2Clmt&lsparams=mh%2Cmm%2Cmn%2Cms%2Cmv%2Cmvi%2Cpcm2cms%2Cpl%2Cinitcwndbps&lsig=AG3C_xAwRAIgbXWe3Rzydqoh6tNT0GDYoTeBPc25e8RiW-4uEv2AJIsCIBd6CklV7PQHYEq5i8GbUTxb41mt1XxeTYqZFDfi-Yon&sig=AOq0QJ8wRQIhAOpORjwfACyOlKP_pMrzBp1ZMxdNurQdI1vw5Al5WQCfAiA6mnokqkhl5fnblhvfNsHr16rRxEloxskLCdAnMtN_TQ==&ratebypass=yes", "player_url": "/s/player/7bc032d0/player_ias.vflset/en_US/base.js", "ext": "mp4", "height": 720, "format_note": "720p", "vcodec": "avc1.4d401f", "asr": null, "filesize": 19643389, "fps": 25, "tbr": 1084.248, "width": 1280, "acodec": "none", "downloader_options": {"http_chunk_size": 10485760}, "format": "136 - 1280x720 (720p)", "protocol": "https", "http_headers": {"User-Agent": "Mozilla/5.0 (Windows NT 10.0; Win64; x64) AppleWebKit/537.36 (KHTML, like Gecko) Chrome/70.0.3538.79 Safari/537.36", "Accept-Charset": "ISO-8859-1,utf-8;q=0.7,*;q=0.7", "Accept": "text/html,application/xhtml+xml,application/xml;q=0.9,*/*;q=0.8", "Accept-Encoding": "gzip, deflate", "Accept-Language": "en-us,en;q=0.5"}}, {"format_id": "247", "url": "https://r8---sn-5njj-u2xl.googlevideo.com/videoplayback?expire=1612167643&ei=e2UXYNwtmeyoAfD-obAG&ip=140.109.135.76&id=o-AORFaBAuE-7SM4m5DVzoxKc4LtVlzo2s1QmcFlWpoiEE&itag=247&aitags=133%2C134%2C135%2C136%2C137%2C160%2C242%2C243%2C244%2C247%2C248%2C278&source=youtube&requiressl=yes&mh=Kw&mm=31%2C29&mn=sn-5njj-u2xl%2Csn-un57en7s&ms=au%2Crdu&mv=m&mvi=8&pcm2cms=yes&pl=16&initcwndbps=422500&vprv=1&mime=video%2Fwebm&ns=Y6l31_AlFf0mTAXNPEk8L1oF&gir=yes&clen=22945749&dur=193.080&lmt=1512970985891112&mt=1612145803&fvip=2&keepalive=yes&c=WEB&n=oDaaFJGD1NSa1FEjE&sparams=expire%2Cei%2Cip%2Cid%2Caitags%2Csource%2Crequiressl%2Cvprv%2Cmime%2Cns%2Cgir%2Cclen%2Cdur%2Clmt&lsparams=mh%2Cmm%2Cmn%2Cms%2Cmv%2Cmvi%2Cpcm2cms%2Cpl%2Cinitcwndbps&lsig=AG3C_xAwRQIhAJRSSDDl5wR_-6Qd2besf4BiamFErUPNH7JKZu0Ed-_uAiAq-zgLd0zGXb4olk44zfPD1ufEgjD2JrQkxQs4kaDRUA%3D%3D&sig=AOq0QJ8wRQIgQjhtq4qFc0DFbDejI7v7xAbhij8qs_wJ1m442oqpBp8CIQD7HCM2HltaKlJ27vPq9nUq0b4VMp15P1VXTSt4mQhUWg==&ratebypass=yes", "player_url": "/s/player/7bc032d0/player_ias.vflset/en_US/base.js", "ext": "webm", "height": 720, "format_note": "720p", "vcodec": "vp9", "asr": null, "filesize": 22945749, "fps": 25, "tbr": 1498.593, "width": 1280, "acodec": "none", "downloader_options": {"http_chunk_size": 10485760}, "format": "247 - 1280x720 (720p)", "protocol": "https", "http_headers": {"User-Agent": "Mozilla/5.0 (Windows NT 10.0; Win64; x64) AppleWebKit/537.36 (KHTML, like Gecko) Chrome/70.0.3538.79 Safari/537.36", "Accept-Charset": "ISO-8859-1,utf-8;q=0.7,*;q=0.7", "Accept": "text/html,application/xhtml+xml,application/xml;q=0.9,*/*;q=0.8", "Accept-Encoding": "gzip, deflate", "Accept-Language": "en-us,en;q=0.5"}}, {"format_id": "137", "url": "https://r8---sn-5njj-u2xl.googlevideo.com/videoplayback?expire=1612167643&ei=e2UXYNwtmeyoAfD-obAG&ip=140.109.135.76&id=o-AORFaBAuE-7SM4m5DVzoxKc4LtVlzo2s1QmcFlWpoiEE&itag=137&aitags=133%2C134%2C135%2C136%2C137%2C160%2C242%2C243%2C244%2C247%2C248%2C278&source=youtube&requiressl=yes&mh=Kw&mm=31%2C29&mn=sn-5njj-u2xl%2Csn-un57en7s&ms=au%2Crdu&mv=m&mvi=8&pcm2cms=yes&pl=16&initcwndbps=422500&vprv=1&mime=video%2Fmp4&ns=Y6l31_AlFf0mTAXNPEk8L1oF&gir=yes&clen=30227802&dur=193.080&lmt=1512967883321914&mt=1612145803&fvip=2&keepalive=yes&c=WEB&n=oDaaFJGD1NSa1FEjE&sparams=expire%2Cei%2Cip%2Cid%2Caitags%2Csource%2Crequiressl%2Cvprv%2Cmime%2Cns%2Cgir%2Cclen%2Cdur%2Clmt&lsparams=mh%2Cmm%2Cmn%2Cms%2Cmv%2Cmvi%2Cpcm2cms%2Cpl%2Cinitcwndbps&lsig=AG3C_xAwRgIhAJW0z24WtEZzJKpsb_NKyBtpUpK8NqbXD4eSrlktw7h4AiEAgXiJVkn5273bxm0I5ilgiHohFqU6NHmjvu2n5E8c6Lc%3D&sig=AOq0QJ8wRgIhAIyotqa93zS4B-kPvReTs28vM813FbLRvGGcB8YtzIc0AiEAsouAksI0WM8HLH4D0wQAbsr4sY7SNU8LnlglIMOpAoM=&ratebypass=yes", "player_url": "/s/player/7bc032d0/player_ias.vflset/en_US/base.js", "ext": "mp4", "height": 1080, "format_note": "1080p", "vcodec": "avc1.640028", "asr": null, "filesize": 30227802, "fps": 25, "tbr": 1596.712, "width": 1920, "acodec": "none", "downloader_options": {"http_chunk_size": 10485760}, "format": "137 - 1920x1080 (1080p)", "protocol": "https", "http_headers": {"User-Agent": "Mozilla/5.0 (Windows NT 10.0; Win64; x64) AppleWebKit/537.36 (KHTML, like Gecko) Chrome/70.0.3538.79 Safari/537.36", "Accept-Charset": "ISO-8859-1,utf-8;q=0.7,*;q=0.7", "Accept": "text/html,application/xhtml+xml,application/xml;q=0.9,*/*;q=0.8", "Accept-Encoding": "gzip, deflate", "Accept-Language": "en-us,en;q=0.5"}}, {"format_id": "248", "url": "https://r8---sn-5njj-u2xl.googlevideo.com/videoplayback?expire=1612167643&ei=e2UXYNwtmeyoAfD-obAG&ip=140.109.135.76&id=o-AORFaBAuE-7SM4m5DVzoxKc4LtVlzo2s1QmcFlWpoiEE&itag=248&aitags=133%2C134%2C135%2C136%2C137%2C160%2C242%2C243%2C244%2C247%2C248%2C278&source=youtube&requiressl=yes&mh=Kw&mm=31%2C29&mn=sn-5njj-u2xl%2Csn-un57en7s&ms=au%2Crdu&mv=m&mvi=8&pcm2cms=yes&pl=16&initcwndbps=422500&vprv=1&mime=video%2Fwebm&ns=Y6l31_AlFf0mTAXNPEk8L1oF&gir=yes&clen=48242948&dur=193.080&lmt=1512970884178768&mt=1612145803&fvip=2&keepalive=yes&c=WEB&n=oDaaFJGD1NSa1FEjE&sparams=expire%2Cei%2Cip%2Cid%2Caitags%2Csource%2Crequiressl%2Cvprv%2Cmime%2Cns%2Cgir%2Cclen%2Cdur%2Clmt&lsparams=mh%2Cmm%2Cmn%2Cms%2Cmv%2Cmvi%2Cpcm2cms%2Cpl%2Cinitcwndbps&lsig=AG3C_xAwRQIhAIadkMBE64xDax8-eWiMD-I01ENv4oRYjofhZz5j5SUNAiB61aNoc_IJXdqBTHrrn0eIrwZzjo2qFPUffey8kxylpw%3D%3D&sig=AOq0QJ8wRAIgbewwGhy0EXtMium_p9irY5ks3JfNvUMkL9TLKGlaAGQCIEKSBIDCw2YAd7rdu06myJAV6lc8NHeXcLzYFyWFkYyN&ratebypass=yes", "player_url": "/s/player/7bc032d0/player_ias.vflset/en_US/base.js", "ext": "webm", "height": 1080, "format_note": "1080p", "vcodec": "vp9", "asr": null, "filesize": 48242948, "fps": 25, "tbr": 2693.929, "width": 1920, "acodec": "none", "downloader_options": {"http_chunk_size": 10485760}, "format": "248 - 1920x1080 (1080p)", "protocol": "https", "http_headers": {"User-Agent": "Mozilla/5.0 (Windows NT 10.0; Win64; x64) AppleWebKit/537.36 (KHTML, like Gecko) Chrome/70.0.3538.79 Safari/537.36", "Accept-Charset": "ISO-8859-1,utf-8;q=0.7,*;q=0.7", "Accept": "text/html,application/xhtml+xml,application/xml;q=0.9,*/*;q=0.8", "Accept-Encoding": "gzip, deflate", "Accept-Language": "en-us,en;q=0.5"}}, {"format_id": "18", "url": "https://r8---sn-5njj-u2xl.googlevideo.com/videoplayback?expire=1612167643&ei=e2UXYNwtmeyoAfD-obAG&ip=140.109.135.76&id=o-AORFaBAuE-7SM4m5DVzoxKc4LtVlzo2s1QmcFlWpoiEE&itag=18&source=youtube&requiressl=yes&mh=Kw&mm=31%2C29&mn=sn-5njj-u2xl%2Csn-un57en7s&ms=au%2Crdu&mv=m&mvi=8&pcm2cms=yes&pl=16&initcwndbps=422500&vprv=1&mime=video%2Fmp4&ns=CZeSE4vK9P2eocKa2lWixAAF&gir=yes&clen=14460561&ratebypass=yes&dur=193.143&lmt=1575868503710945&mt=1612145803&fvip=2&c=WEB&txp=5531432&n=4W9Tt04chofJZrj8Y&sparams=expire%2Cei%2Cip%2Cid%2Citag%2Csource%2Crequiressl%2Cvprv%2Cmime%2Cns%2Cgir%2Cclen%2Cratebypass%2Cdur%2Clmt&lsparams=mh%2Cmm%2Cmn%2Cms%2Cmv%2Cmvi%2Cpcm2cms%2Cpl%2Cinitcwndbps&lsig=AG3C_xAwRQIgW8PAiUyvpPrEwGpH8d0a3_LgKvPCe7VyshLfcj7-2DcCIQDB5Yz0bcfM_xUmHZ25YhS4YrwWbjpBj-5Ef1xHIJtUGQ%3D%3D&sig=AOq0QJ8wRAIgERukgKkDCZ5sTJ816R07Cq2hGl5H4lgM-fpBICItNtUCIAo67BeN4xj4HIu-LrYgtfzn1ei5dvOdMfLZpOYaZeai", "player_url": "/s/player/7bc032d0/player_ias.vflset/en_US/base.js", "ext": "mp4", "width": 640, "height": 360, "acodec": "mp4a.40.2", "abr": 96, "vcodec": "avc1.42001E", "asr": 44100, "filesize": 14460561, "format_note": "360p", "fps": 25, "tbr": 599.153, "format": "18 - 640x360 (360p)", "protocol": "https", "http_headers": {"User-Agent": "Mozilla/5.0 (Windows NT 10.0; Win64; x64) AppleWebKit/537.36 (KHTML, like Gecko) Chrome/70.0.3538.79 Safari/537.36", "Accept-Charset": "ISO-8859-1,utf-8;q=0.7,*;q=0.7", "Accept": "text/html,application/xhtml+xml,application/xml;q=0.9,*/*;q=0.8", "Accept-Encoding": "gzip, deflate", "Accept-Language": "en-us,en;q=0.5"}}], "is_live": null, "start_time": null, "end_time": null, "series": null, "season_number": null, "episode_number": null, "track": null, "artist": null, "album": null, "release_date": null, "release_year": null, "extractor": "youtube", "webpage_url_basename": "watch", "extractor_key": "Youtube", "playlist": null, "playlist_index": null, "thumbnail": "https://i.ytimg.com/vi_webp/6kRPHamGDSo/maxresdefault.webp", "display_id": "6kRPHamGDSo", "requested_subtitles": null, "format_id": "251", "url": "https://r8---sn-5njj-u2xl.googlevideo.com/videoplayback?expire=1612167643&ei=e2UXYNwtmeyoAfD-obAG&ip=140.109.135.76&id=o-AORFaBAuE-7SM4m5DVzoxKc4LtVlzo2s1QmcFlWpoiEE&itag=251&source=youtube&requiressl=yes&mh=Kw&mm=31%2C29&mn=sn-5njj-u2xl%2Csn-un57en7s&ms=au%2Crdu&mv=m&mvi=8&pcm2cms=yes&pl=16&initcwndbps=422500&vprv=1&mime=audio%2Fwebm&ns=Y6l31_AlFf0mTAXNPEk8L1oF&gir=yes&clen=3633828&dur=193.101&lmt=1512969641667164&mt=1612145803&fvip=2&keepalive=yes&c=WEB&n=oDaaFJGD1NSa1FEjE&sparams=expire%2Cei%2Cip%2Cid%2Citag%2Csource%2Crequiressl%2Cvprv%2Cmime%2Cns%2Cgir%2Cclen%2Cdur%2Clmt&lsparams=mh%2Cmm%2Cmn%2Cms%2Cmv%2Cmvi%2Cpcm2cms%2Cpl%2Cinitcwndbps&lsig=AG3C_xAwRgIhAPF-PY_TbT9hDQ4hkS-GsynEOvLgoMVCMBFS_lMajOC3AiEArKNJHGt9zS5GkqolyrWXCU1UI7YdH5U2rCJNnWDwfuQ%3D&sig=AOq0QJ8wRQIhAK9CgnbTgjRc2EoByxB6l7wPXkNU5pic_SJd3kpIzn6NAiBOQqe7fM5gQCOyzbcZi_3xH2gfjv6K0W1OgOumeVO3xw==&ratebypass=yes", "player_url": "/s/player/7bc032d0/player_ias.vflset/en_US/base.js", "ext": "webm", "format_note": "tiny", "acodec": "opus", "abr": 160, "asr": 48000, "filesize": 3633828, "fps": null, "height": null, "tbr": 170.596, "width": null, "vcodec": "none", "downloader_options": {"http_chunk_size": 10485760}, "format": "251 - audio only (tiny)", "protocol": "https", "http_headers": {"User-Agent": "Mozilla/5.0 (Windows NT 10.0; Win64; x64) AppleWebKit/537.36 (KHTML, like Gecko) Chrome/70.0.3538.79 Safari/537.36", "Accept-Charset": "ISO-8859-1,utf-8;q=0.7,*;q=0.7", "Accept": "text/html,application/xhtml+xml,application/xml;q=0.9,*/*;q=0.8", "Accept-Encoding": "gzip, deflate", "Accept-Language": "en-us,en;q=0.5"}}