{"id": "_kJtgm1OUNA", "uploader": "Francesco Parrino", "uploader_id": "FrancescoParrino", "uploader_url": "http://www.youtube.com/user/FrancescoParrino", "channel_id": "UCQ8THdZnqPVoLN9zuT-pjBg", "channel_url": "http://www.youtube.com/channel/UCQ8THdZnqPVoLN9zuT-pjBg", "upload_date": "20170331", "license": null, "creator": null, "title": "Imagine Dragons - Believer | Piano Cover + Sheet Music", "alt_title": null, "thumbnails": [{"url": "https://i.ytimg.com/vi/_kJtgm1OUNA/hqdefault.jpg?sqp=-oaymwEYCKgBEF5IVfKriqkDCwgBFQAAiEIYAXAB&rs=AOn4CLBd1iL-Hkr4H7ED6MTtPYVp63iFwA", "width": 168, "height": 94, "resolution": "168x94", "id": "0"}, {"url": "https://i.ytimg.com/vi/_kJtgm1OUNA/hqdefault.jpg?sqp=-oaymwEYCMQBEG5IVfKriqkDCwgBFQAAiEIYAXAB&rs=AOn4CLBJ8apYG7jVGW0_yFMuDGbtVHPrpg", "width": 196, "height": 110, "resolution": "196x110", "id": "1"}, {"url": "https://i.ytimg.com/vi/_kJtgm1OUNA/hqdefault.jpg?sqp=-oaymwEZCPYBEIoBSFXyq4qpAwsIARUAAIhCGAFwAQ==&rs=AOn4CLCUXSNJe7enyhZ9l4BAVDkecK4glw", "width": 246, "height": 138, "resolution": "246x138", "id": "2"}, {"url": "https://i.ytimg.com/vi/_kJtgm1OUNA/hqdefault.jpg?sqp=-oaymwEZCNACELwBSFXyq4qpAwsIARUAAIhCGAFwAQ==&rs=AOn4CLDRRFhOt2dCWzW7Gd_bwPKMA1HJiQ", "width": 336, "height": 188, "resolution": "336x188", "id": "3"}, {"url": "https://i.ytimg.com/vi_webp/_kJtgm1OUNA/maxresdefault.webp", "width": 1920, "height": 1080, "resolution": "1920x1080", "id": "4"}], "description": "\u266b SHEET MUSIC is Available Here: http://bit.ly/FPM_Believer\n\ud83d\udc4d Thumbs up, SUBSCRIBE and click the \ud83d\udd14 for more contents: https://bit.ly/FPSubscribe\n\ud83c\udfb9 Want to learn the piano? This is the app for you! https://bit.ly/FPM_Skoove\n\nMany of you requested new material by Imagine Dragons. Here is Believer!\n\n\u25cf Check my TUTORIAL of this arrangement here: https://youtu.be/I7VUsxwxbe4\n\u25cf Check my live version at Steinway Spirio Studios here: https://youtu.be/wvI0WZUe_Og\n\nThis song is available on:\n\ud83c\udfa7 Spotify: https://bit.ly/FPM_TC_S \n\ud83c\udfa7 iTunes: https://bit.ly/FPM_TC_iT \n\ud83c\udfa7 Amazon Music: https://bit.ly/FPM_TC_AM\n\ud83c\udfa7 Deezer: https://bit.ly/FPM_TC_DR\n\ud83c\udfa7 Youtube Music: https://bit.ly/FPM_TC_YM\n\n\u25cf TUTORIALS, Extras, Bloopers, Live: http://bit.ly/FPM_TutorialsExtras\n\u25cf All my SCORES: http://bit.ly/FPM_SheetMusic\n\u25cf Full Discography: http://bit.ly/FPM_Discography\n\u25cf Website: http://bit.ly/FrancescoParrinoMusic\n\u25cf MIDI files: http://bit.ly/FPM_Media\n\u25cf Check my new Classical Channel: https://bit.ly/FPM_ClassicalSub\n\n\u25cf Let's connect on Facebook: http://bit.ly/FPM-Facebook\n\u25cf Or Instagram: http://bit.ly/FPM-Instagram\n\n#ImagineDragons #Believer #SheetMusic", "categories": ["Music"], "tags": ["Imagine Dragons", "Believer", "Piano", "Cover", "Evolve", "Francesco Parrino", "Sheet Music", "Score", "MIDI", "Instrumental", "Arrangement"], "subtitles": {}, "automatic_captions": {}, "duration": 204, "age_limit": 0, "annotations": null, "chapters": null, "webpage_url": "https://www.youtube.com/watch?v=_kJtgm1OUNA", "view_count": 1799964, "like_count": 45624, "dislike_count": 716, "average_rating": 4.9381957, "formats": [{"format_id": "249", "url": "https://r5---sn-5njj-u2xe.googlevideo.com/videoplayback?expire=1612167654&ei=hmUXYLiwBfaes8IP_qqVgAI&ip=140.109.135.76&id=o-AJ2fGYARHutpZ6XY_ChiBFkw68zW_-6iaVKUF8UJCMrA&itag=249&source=youtube&requiressl=yes&mh=hB&mm=31%2C29&mn=sn-5njj-u2xe%2Csn-un57en7l&ms=au%2Crdu&mv=m&mvi=5&pl=16&initcwndbps=378750&vprv=1&mime=audio%2Fwebm&ns=pP__NangQ_Rt17dJkw2KABQF&gir=yes&clen=1530481&dur=203.821&lmt=1541895910252805&mt=1612145563&fvip=5&keepalive=yes&c=WEB&txp=5411222&n=sYHbzdC_Kd2vUT4Zz&sparams=expire%2Cei%2Cip%2Cid%2Citag%2Csource%2Crequiressl%2Cvprv%2Cmime%2Cns%2Cgir%2Cclen%2Cdur%2Clmt&lsparams=mh%2Cmm%2Cmn%2Cms%2Cmv%2Cmvi%2Cpl%2Cinitcwndbps&lsig=AG3C_xAwRQIhAKRWHXH2arM1SI-sz8G_2cHyHPrX6Cnss1-ZPxgHIRA9AiAA1HzLSJ5w6bGP13DxlLyMma0qYYeA_sx4zjitzWV0fg%3D%3D&sig=AOq0QJ8wRQIgd4R7AvOq95AXXkx2NqvPum4Vsi5ClHzN-1bsAI4-ggACIQDCnjRn_KbuzZ7sEmOVEEI4okXOqvTgPMsRUxB8wZezwA==&ratebypass=yes", "player_url": "/s/player/7bc032d0/player_ias.vflset/en_US/base.js", "ext": "webm", "format_note": "tiny", "acodec": "opus", "abr": 50, "asr": 48000, "filesize": 1530481, "fps": null, "height": null, "tbr": 66.155, "width": null, "vcodec": "none", "downloader_options": {"http_chunk_size": 10485760}, "format": "249 - audio only (tiny)", "protocol": "https", "http_headers": {"User-Agent": "Mozilla/5.0 (Windows NT 10.0; Win64; x64) AppleWebKit/537.36 (KHTML, like Gecko) Chrome/70.0.3538.79 Safari/537.36", "Accept-Charset": "ISO-8859-1,utf-8;q=0.7,*;q=0.7", "Accept": "text/html,application/xhtml+xml,application/xml;q=0.9,*/*;q=0.8", "Accept-Encoding": "gzip, deflate", "Accept-Language": "en-us,en;q=0.5"}}, {"format_id": "250", "url": "https://r5---sn-5njj-u2xe.googlevideo.com/videoplayback?expire=1612167654&ei=hmUXYLiwBfaes8IP_qqVgAI&ip=140.109.135.76&id=o-AJ2fGYARHutpZ6XY_ChiBFkw68zW_-6iaVKUF8UJCMrA&itag=250&source=youtube&requiressl=yes&mh=hB&mm=31%2C29&mn=sn-5njj-u2xe%2Csn-un57en7l&ms=au%2Crdu&mv=m&mvi=5&pl=16&initcwndbps=378750&vprv=1&mime=audio%2Fwebm&ns=pP__NangQ_Rt17dJkw2KABQF&gir=yes&clen=2045808&dur=203.821&lmt=1541895916493412&mt=1612145563&fvip=5&keepalive=yes&c=WEB&txp=5411222&n=sYHbzdC_Kd2vUT4Zz&sparams=expire%2Cei%2Cip%2Cid%2Citag%2Csource%2Crequiressl%2Cvprv%2Cmime%2Cns%2Cgir%2Cclen%2Cdur%2Clmt&lsparams=mh%2Cmm%2Cmn%2Cms%2Cmv%2Cmvi%2Cpl%2Cinitcwndbps&lsig=AG3C_xAwRgIhAPlQfH9ahwcNV9XnB1P3atusFUXi15MsdvY41Ff72jshAiEArqJImLU97ZIfOiSREAikSuoXyrrkxEurpz0vCV7Zehc%3D&sig=AOq0QJ8wRAIgIuvhXnxHvKFcoxc3OoPlm0BKU_vkqTzaocObicgpgucCIB-zqfuItR5W8_VDM7z4Yc8n_EKqBv4haDUX9guQwqH-&ratebypass=yes", "player_url": "/s/player/7bc032d0/player_ias.vflset/en_US/base.js", "ext": "webm", "format_note": "tiny", "acodec": "opus", "abr": 70, "asr": 48000, "filesize": 2045808, "fps": null, "height": null, "tbr": 87.928, "width": null, "vcodec": "none", "downloader_options": {"http_chunk_size": 10485760}, "format": "250 - audio only (tiny)", "protocol": "https", "http_headers": {"User-Agent": "Mozilla/5.0 (Windows NT 10.0; Win64; x64) AppleWebKit/537.36 (KHTML, like Gecko) Chrome/70.0.3538.79 Safari/537.36", "Accept-Charset": "ISO-8859-1,utf-8;q=0.7,*;q=0.7", "Accept": "text/html,application/xhtml+xml,application/xml;q=0.9,*/*;q=0.8", "Accept-Encoding": "gzip, deflate", "Accept-Language": "en-us,en;q=0.5"}}, {"format_id": "140", "url": "https://r5---sn-5njj-u2xe.googlevideo.com/videoplayback?expire=1612167654&ei=hmUXYLiwBfaes8IP_qqVgAI&ip=140.109.135.76&id=o-AJ2fGYARHutpZ6XY_ChiBFkw68zW_-6iaVKUF8UJCMrA&itag=140&source=youtube&requiressl=yes&mh=hB&mm=31%2C29&mn=sn-5njj-u2xe%2Csn-un57en7l&ms=au%2Crdu&mv=m&mvi=5&pl=16&initcwndbps=378750&vprv=1&mime=audio%2Fmp4&ns=pP__NangQ_Rt17dJkw2KABQF&gir=yes&clen=3300159&dur=203.871&lmt=1610229049160266&mt=1612145563&fvip=5&keepalive=yes&c=WEB&txp=5431432&n=sYHbzdC_Kd2vUT4Zz&sparams=expire%2Cei%2Cip%2Cid%2Citag%2Csource%2Crequiressl%2Cvprv%2Cmime%2Cns%2Cgir%2Cclen%2Cdur%2Clmt&lsparams=mh%2Cmm%2Cmn%2Cms%2Cmv%2Cmvi%2Cpl%2Cinitcwndbps&lsig=AG3C_xAwRQIhAOTZqN_ZVWvBFzMeK4nHuCtrD5qo812RySbcwBnUaqOoAiBvUKdoR7iuYDXEhavom9Klt2T5NBpGw_bUPQONyJlINw%3D%3D&sig=AOq0QJ8wRgIhAJ0TLLXOLy0QfBcnp3__uiIzrs0CV9ZfzIphIuEsO_lOAiEAs6lbRVgqE2N2Vv9QyHAKO269r6gdCBRKZHt_Qx9S_Ow=&ratebypass=yes", "player_url": "/s/player/7bc032d0/player_ias.vflset/en_US/base.js", "ext": "m4a", "format_note": "tiny", "acodec": "mp4a.40.2", "abr": 128, "container": "m4a_dash", "asr": 44100, "filesize": 3300159, "fps": null, "height": null, "tbr": 130.524, "width": null, "vcodec": "none", "downloader_options": {"http_chunk_size": 10485760}, "format": "140 - audio only (tiny)", "protocol": "https", "http_headers": {"User-Agent": "Mozilla/5.0 (Windows NT 10.0; Win64; x64) AppleWebKit/537.36 (KHTML, like Gecko) Chrome/70.0.3538.79 Safari/537.36", "Accept-Charset": "ISO-8859-1,utf-8;q=0.7,*;q=0.7", "Accept": "text/html,application/xhtml+xml,application/xml;q=0.9,*/*;q=0.8", "Accept-Encoding": "gzip, deflate", "Accept-Language": "en-us,en;q=0.5"}}, {"format_id": "251", "url": "https://r5---sn-5njj-u2xe.googlevideo.com/videoplayback?expire=1612167654&ei=hmUXYLiwBfaes8IP_qqVgAI&ip=140.109.135.76&id=o-AJ2fGYARHutpZ6XY_ChiBFkw68zW_-6iaVKUF8UJCMrA&itag=251&source=youtube&requiressl=yes&mh=hB&mm=31%2C29&mn=sn-5njj-u2xe%2Csn-un57en7l&ms=au%2Crdu&mv=m&mvi=5&pl=16&initcwndbps=378750&vprv=1&mime=audio%2Fwebm&ns=pP__NangQ_Rt17dJkw2KABQF&gir=yes&clen=3900447&dur=203.821&lmt=1541895913780861&mt=1612145563&fvip=5&keepalive=yes&c=WEB&txp=5411222&n=sYHbzdC_Kd2vUT4Zz&sparams=expire%2Cei%2Cip%2Cid%2Citag%2Csource%2Crequiressl%2Cvprv%2Cmime%2Cns%2Cgir%2Cclen%2Cdur%2Clmt&lsparams=mh%2Cmm%2Cmn%2Cms%2Cmv%2Cmvi%2Cpl%2Cinitcwndbps&lsig=AG3C_xAwRQIgHEzvMQFLBQReSDuAABxfVPFxqlvyYya4PuuL1dUQEFACIQDXxGRb7Lw74-QXRCz1gTm-AbtHrkM8rWh8AoSLoWrJ1Q%3D%3D&sig=AOq0QJ8wRQIgZqEAmi6adJDL12aMl9BshS9UXDjoJpHaKFNs-j0FHWgCIQDxTsZbyAllCgEXbi6IRbqGamo2cnEdhSQx7c9sAWbtAQ==&ratebypass=yes", "player_url": "/s/player/7bc032d0/player_ias.vflset/en_US/base.js", "ext": "webm", "format_note": "tiny", "acodec": "opus", "abr": 160, "asr": 48000, "filesize": 3900447, "fps": null, "height": null, "tbr": 165.598, "width": null, "vcodec": "none", "downloader_options": {"http_chunk_size": 10485760}, "format": "251 - audio only (tiny)", "protocol": "https", "http_headers": {"User-Agent": "Mozilla/5.0 (Windows NT 10.0; Win64; x64) AppleWebKit/537.36 (KHTML, like Gecko) Chrome/70.0.3538.79 Safari/537.36", "Accept-Charset": "ISO-8859-1,utf-8;q=0.7,*;q=0.7", "Accept": "text/html,application/xhtml+xml,application/xml;q=0.9,*/*;q=0.8", "Accept-Encoding": "gzip, deflate", "Accept-Language": "en-us,en;q=0.5"}}, {"format_id": "160", "url": "https://r5---sn-5njj-u2xe.googlevideo.com/videoplayback?expire=1612167654&ei=hmUXYLiwBfaes8IP_qqVgAI&ip=140.109.135.76&id=o-AJ2fGYARHutpZ6XY_ChiBFkw68zW_-6iaVKUF8UJCMrA&itag=160&aitags=133%2C134%2C135%2C136%2C137%2C160%2C242%2C243%2C244%2C247%2C248%2C278&source=youtube&requiressl=yes&mh=hB&mm=31%2C29&mn=sn-5njj-u2xe%2Csn-un57en7l&ms=au%2Crdu&mv=m&mvi=5&pl=16&initcwndbps=378750&vprv=1&mime=video%2Fmp4&ns=pP__NangQ_Rt17dJkw2KABQF&gir=yes&clen=1114334&dur=203.800&lmt=1610229358160722&mt=1612145563&fvip=5&keepalive=yes&c=WEB&txp=5432432&n=sYHbzdC_Kd2vUT4Zz&sparams=expire%2Cei%2Cip%2Cid%2Caitags%2Csource%2Crequiressl%2Cvprv%2Cmime%2Cns%2Cgir%2Cclen%2Cdur%2Clmt&lsparams=mh%2Cmm%2Cmn%2Cms%2Cmv%2Cmvi%2Cpl%2Cinitcwndbps&lsig=AG3C_xAwRAIgIrxEYlzcyGq8sA9PsCbonrwalAOy5KY1msOfXrAh4n8CIBQT03SV67qfCw_fq2Nd4d6sTeNz4gzNUYtlMbqtlQNK&sig=AOq0QJ8wRQIhAMchfL8W2HxzAhSu4jbiaYcaI2vI2hwr-6ybPWZJtjJdAiApImx9j6TvpGbbRPaUj8RVLqw-vRPGdOec70r3nVyb7Q==&ratebypass=yes", "player_url": "/s/player/7bc032d0/player_ias.vflset/en_US/base.js", "ext": "mp4", "height": 144, "format_note": "144p", "vcodec": "avc1.4d400c", "asr": null, "filesize": 1114334, "fps": 25, "tbr": 58.104, "width": 256, "acodec": "none", "downloader_options": {"http_chunk_size": 10485760}, "format": "160 - 256x144 (144p)", "protocol": "https", "http_headers": {"User-Agent": "Mozilla/5.0 (Windows NT 10.0; Win64; x64) AppleWebKit/537.36 (KHTML, like Gecko) Chrome/70.0.3538.79 Safari/537.36", "Accept-Charset": "ISO-8859-1,utf-8;q=0.7,*;q=0.7", "Accept": "text/html,application/xhtml+xml,application/xml;q=0.9,*/*;q=0.8", "Accept-Encoding": "gzip, deflate", "Accept-Language": "en-us,en;q=0.5"}}, {"format_id": "278", "url": "https://r5---sn-5njj-u2xe.googlevideo.com/videoplayback?expire=1612167654&ei=hmUXYLiwBfaes8IP_qqVgAI&ip=140.109.135.76&id=o-AJ2fGYARHutpZ6XY_ChiBFkw68zW_-6iaVKUF8UJCMrA&itag=278&aitags=133%2C134%2C135%2C136%2C137%2C160%2C242%2C243%2C244%2C247%2C248%2C278&source=youtube&requiressl=yes&mh=hB&mm=31%2C29&mn=sn-5njj-u2xe%2Csn-un57en7l&ms=au%2Crdu&mv=m&mvi=5&pl=16&initcwndbps=378750&vprv=1&mime=video%2Fwebm&ns=pP__NangQ_Rt17dJkw2KABQF&gir=yes&clen=2363957&dur=203.800&lmt=1541895206032371&mt=1612145563&fvip=5&keepalive=yes&c=WEB&txp=5432432&n=sYHbzdC_Kd2vUT4Zz&sparams=expire%2Cei%2Cip%2Cid%2Caitags%2Csource%2Crequiressl%2Cvprv%2Cmime%2Cns%2Cgir%2Cclen%2Cdur%2Clmt&lsparams=mh%2Cmm%2Cmn%2Cms%2Cmv%2Cmvi%2Cpl%2Cinitcwndbps&lsig=AG3C_xAwRQIhAPSQN6oCe0GJynVLfIiF0yWxCyPzwv7wBKjwPygTajfDAiA4O62ELAHemgdJEAJ_g4S5r7GDtW9m1Y_OBY6YBkSsrA%3D%3D&sig=AOq0QJ8wRAIgKWzIR6EEtIFlqdONEknqaYLROPXtW1Ydhdoc2iPwuW0CIEpLcg4U5Mc3Fz5b-vn7kCpMiCZMJKnwcLMyGRb0f9NU&ratebypass=yes", "player_url": "/s/player/7bc032d0/player_ias.vflset/en_US/base.js", "ext": "webm", "height": 144, "format_note": "144p", "container": "webm", "vcodec": "vp9", "asr": null, "filesize": 2363957, "fps": 25, "tbr": 96.084, "width": 256, "acodec": "none", "downloader_options": {"http_chunk_size": 10485760}, "format": "278 - 256x144 (144p)", "protocol": "https", "http_headers": {"User-Agent": "Mozilla/5.0 (Windows NT 10.0; Win64; x64) AppleWebKit/537.36 (KHTML, like Gecko) Chrome/70.0.3538.79 Safari/537.36", "Accept-Charset": "ISO-8859-1,utf-8;q=0.7,*;q=0.7", "Accept": "text/html,application/xhtml+xml,application/xml;q=0.9,*/*;q=0.8", "Accept-Encoding": "gzip, deflate", "Accept-Language": "en-us,en;q=0.5"}}, {"format_id": "133", "url": "https://r5---sn-5njj-u2xe.googlevideo.com/videoplayback?expire=1612167654&ei=hmUXYLiwBfaes8IP_qqVgAI&ip=140.109.135.76&id=o-AJ2fGYARHutpZ6XY_ChiBFkw68zW_-6iaVKUF8UJCMrA&itag=133&aitags=133%2C134%2C135%2C136%2C137%2C160%2C242%2C243%2C244%2C247%2C248%2C278&source=youtube&requiressl=yes&mh=hB&mm=31%2C29&mn=sn-5njj-u2xe%2Csn-un57en7l&ms=au%2Crdu&mv=m&mvi=5&pl=16&initcwndbps=378750&vprv=1&mime=video%2Fmp4&ns=pP__NangQ_Rt17dJkw2KABQF&gir=yes&clen=2326416&dur=203.800&lmt=1610229358176713&mt=1612145563&fvip=5&keepalive=yes&c=WEB&txp=5432432&n=sYHbzdC_Kd2vUT4Zz&sparams=expire%2Cei%2Cip%2Cid%2Caitags%2Csource%2Crequiressl%2Cvprv%2Cmime%2Cns%2Cgir%2Cclen%2Cdur%2Clmt&lsparams=mh%2Cmm%2Cmn%2Cms%2Cmv%2Cmvi%2Cpl%2Cinitcwndbps&lsig=AG3C_xAwRQIgYcm3ooqrMglsL09s188LnhREtUUcQMo_vKXVc4dnVs8CIQCBHsl5mJnGWQeDl5gOly_HgOBIQwep4TCOMXczb49s-A%3D%3D&sig=AOq0QJ8wRAIgNWHBkExqjHfVzzjxJQZecj1BgtN4dKT_3vSNKioulykCICntfa2qanYEJHrixmYKFdB8X742gfAesXLwfx0WWylm&ratebypass=yes", "player_url": "/s/player/7bc032d0/player_ias.vflset/en_US/base.js", "ext": "mp4", "height": 240, "format_note": "240p", "vcodec": "avc1.4d4015", "asr": null, "filesize": 2326416, "fps": 25, "tbr": 117.547, "width": 426, "acodec": "none", "downloader_options": {"http_chunk_size": 10485760}, "format": "133 - 426x240 (240p)", "protocol": "https", "http_headers": {"User-Agent": "Mozilla/5.0 (Windows NT 10.0; Win64; x64) AppleWebKit/537.36 (KHTML, like Gecko) Chrome/70.0.3538.79 Safari/537.36", "Accept-Charset": "ISO-8859-1,utf-8;q=0.7,*;q=0.7", "Accept": "text/html,application/xhtml+xml,application/xml;q=0.9,*/*;q=0.8", "Accept-Encoding": "gzip, deflate", "Accept-Language": "en-us,en;q=0.5"}}, {"format_id": "242", "url": "https://r5---sn-5njj-u2xe.googlevideo.com/videoplayback?expire=1612167654&ei=hmUXYLiwBfaes8IP_qqVgAI&ip=140.109.135.76&id=o-AJ2fGYARHutpZ6XY_ChiBFkw68zW_-6iaVKUF8UJCMrA&itag=242&aitags=133%2C134%2C135%2C136%2C137%2C160%2C242%2C243%2C244%2C247%2C248%2C278&source=youtube&requiressl=yes&mh=hB&mm=31%2C29&mn=sn-5njj-u2xe%2Csn-un57en7l&ms=au%2Crdu&mv=m&mvi=5&pl=16&initcwndbps=378750&vprv=1&mime=video%2Fwebm&ns=pP__NangQ_Rt17dJkw2KABQF&gir=yes&clen=4114615&dur=203.800&lmt=1541895206009944&mt=1612145563&fvip=5&keepalive=yes&c=WEB&txp=5432432&n=sYHbzdC_Kd2vUT4Zz&sparams=expire%2Cei%2Cip%2Cid%2Caitags%2Csource%2Crequiressl%2Cvprv%2Cmime%2Cns%2Cgir%2Cclen%2Cdur%2Clmt&lsparams=mh%2Cmm%2Cmn%2Cms%2Cmv%2Cmvi%2Cpl%2Cinitcwndbps&lsig=AG3C_xAwRQIgceptr7-v_-qgGYCNg5szgnqMv_R_jxL5QmTZQaO3AaUCIQDUj8RaqEYs82GEY6zemkTUhVZcoU0XZgRTMoRkShOL1g%3D%3D&sig=AOq0QJ8wRQIgRw08VDJe4GkdIIsQ_H1pdICFBA3AjnYz6NDlt4DhwBgCIQClWe2hB4tOZAyOL0LO2Gvz6kO6KV94pM7boENR9kC7GQ==&ratebypass=yes", "player_url": "/s/player/7bc032d0/player_ias.vflset/en_US/base.js", "ext": "webm", "height": 240, "format_note": "240p", "vcodec": "vp9", "asr": null, "filesize": 4114615, "fps": 25, "tbr": 192.321, "width": 426, "acodec": "none", "downloader_options": {"http_chunk_size": 10485760}, "format": "242 - 426x240 (240p)", "protocol": "https", "http_headers": {"User-Agent": "Mozilla/5.0 (Windows NT 10.0; Win64; x64) AppleWebKit/537.36 (KHTML, like Gecko) Chrome/70.0.3538.79 Safari/537.36", "Accept-Charset": "ISO-8859-1,utf-8;q=0.7,*;q=0.7", "Accept": "text/html,application/xhtml+xml,application/xml;q=0.9,*/*;q=0.8", "Accept-Encoding": "gzip, deflate", "Accept-Language": "en-us,en;q=0.5"}}, {"format_id": "134", "url": "https://r5---sn-5njj-u2xe.googlevideo.com/videoplayback?expire=1612167654&ei=hmUXYLiwBfaes8IP_qqVgAI&ip=140.109.135.76&id=o-AJ2fGYARHutpZ6XY_ChiBFkw68zW_-6iaVKUF8UJCMrA&itag=134&aitags=133%2C134%2C135%2C136%2C137%2C160%2C242%2C243%2C244%2C247%2C248%2C278&source=youtube&requiressl=yes&mh=hB&mm=31%2C29&mn=sn-5njj-u2xe%2Csn-un57en7l&ms=au%2Crdu&mv=m&mvi=5&pl=16&initcwndbps=378750&vprv=1&mime=video%2Fmp4&ns=pP__NangQ_Rt17dJkw2KABQF&gir=yes&clen=4431441&dur=203.800&lmt=1610229358117996&mt=1612145563&fvip=5&keepalive=yes&c=WEB&txp=5432432&n=sYHbzdC_Kd2vUT4Zz&sparams=expire%2Cei%2Cip%2Cid%2Caitags%2Csource%2Crequiressl%2Cvprv%2Cmime%2Cns%2Cgir%2Cclen%2Cdur%2Clmt&lsparams=mh%2Cmm%2Cmn%2Cms%2Cmv%2Cmvi%2Cpl%2Cinitcwndbps&lsig=AG3C_xAwRQIhAPLS1S5O3XvbJ2W6zssTbO90zxlUyEnoryJKQcD7DXeUAiAXy0Y9DGCDDDErR816iNHf3HjmA18Jrod6ohDU9DWZ0w%3D%3D&sig=AOq0QJ8wRAIhAKr4n0KBRMkyZtotT9riFlfuZ2u_v8-3cjRm5d2CRhAeAh85o2qsKXkhiDHWY0pI6cr_BtzcaQaXbtLGGsOXqFvi&ratebypass=yes", "player_url": "/s/player/7bc032d0/player_ias.vflset/en_US/base.js", "ext": "mp4", "height": 360, "format_note": "360p", "vcodec": "avc1.4d401e", "asr": null, "filesize": 4431441, "fps": 25, "tbr": 238.145, "width": 640, "acodec": "none", "downloader_options": {"http_chunk_size": 10485760}, "format": "134 - 640x360 (360p)", "protocol": "https", "http_headers": {"User-Agent": "Mozilla/5.0 (Windows NT 10.0; Win64; x64) AppleWebKit/537.36 (KHTML, like Gecko) Chrome/70.0.3538.79 Safari/537.36", "Accept-Charset": "ISO-8859-1,utf-8;q=0.7,*;q=0.7", "Accept": "text/html,application/xhtml+xml,application/xml;q=0.9,*/*;q=0.8", "Accept-Encoding": "gzip, deflate", "Accept-Language": "en-us,en;q=0.5"}}, {"format_id": "243", "url": "https://r5---sn-5njj-u2xe.googlevideo.com/videoplayback?expire=1612167654&ei=hmUXYLiwBfaes8IP_qqVgAI&ip=140.109.135.76&id=o-AJ2fGYARHutpZ6XY_ChiBFkw68zW_-6iaVKUF8UJCMrA&itag=243&aitags=133%2C134%2C135%2C136%2C137%2C160%2C242%2C243%2C244%2C247%2C248%2C278&source=youtube&requiressl=yes&mh=hB&mm=31%2C29&mn=sn-5njj-u2xe%2Csn-un57en7l&ms=au%2Crdu&mv=m&mvi=5&pl=16&initcwndbps=378750&vprv=1&mime=video%2Fwebm&ns=pP__NangQ_Rt17dJkw2KABQF&gir=yes&clen=7626482&dur=203.800&lmt=1541895206028827&mt=1612145563&fvip=5&keepalive=yes&c=WEB&txp=5432432&n=sYHbzdC_Kd2vUT4Zz&sparams=expire%2Cei%2Cip%2Cid%2Caitags%2Csource%2Crequiressl%2Cvprv%2Cmime%2Cns%2Cgir%2Cclen%2Cdur%2Clmt&lsparams=mh%2Cmm%2Cmn%2Cms%2Cmv%2Cmvi%2Cpl%2Cinitcwndbps&lsig=AG3C_xAwRQIgStpXlRyC4DESSeeXegwBud8Ambs-cSBsdYtuCaY6KJwCIQCBwkd5-aN5J6J6t44PjSeTDpUhnS656rLlOE9lz9MZig%3D%3D&sig=AOq0QJ8wRQIgMupb4Xy2XoMSNc2H7jGd4cOiF_eMXJSM2mIP4qi7G8kCIQCmgpV6oIoeIf6TtnNJWEQM9wAzCp3pTbbAoRKHMTj5Gg==&ratebypass=yes", "player_url": "/s/player/7bc032d0/player_ias.vflset/en_US/base.js", "ext": "webm", "height": 360, "format_note": "360p", "vcodec": "vp9", "asr": null, "filesize": 7626482, "fps": 25, "tbr": 349.164, "width": 640, "acodec": "none", "downloader_options": {"http_chunk_size": 10485760}, "format": "243 - 640x360 (360p)", "protocol": "https", "http_headers": {"User-Agent": "Mozilla/5.0 (Windows NT 10.0; Win64; x64) AppleWebKit/537.36 (KHTML, like Gecko) Chrome/70.0.3538.79 Safari/537.36", "Accept-Charset": "ISO-8859-1,utf-8;q=0.7,*;q=0.7", "Accept": "text/html,application/xhtml+xml,application/xml;q=0.9,*/*;q=0.8", "Accept-Encoding": "gzip, deflate", "Accept-Language": "en-us,en;q=0.5"}}, {"format_id": "135", "url": "https://r5---sn-5njj-u2xe.googlevideo.com/videoplayback?expire=1612167654&ei=hmUXYLiwBfaes8IP_qqVgAI&ip=140.109.135.76&id=o-AJ2fGYARHutpZ6XY_ChiBFkw68zW_-6iaVKUF8UJCMrA&itag=135&aitags=133%2C134%2C135%2C136%2C137%2C160%2C242%2C243%2C244%2C247%2C248%2C278&source=youtube&requiressl=yes&mh=hB&mm=31%2C29&mn=sn-5njj-u2xe%2Csn-un57en7l&ms=au%2Crdu&mv=m&mvi=5&pl=16&initcwndbps=378750&vprv=1&mime=video%2Fmp4&ns=pP__NangQ_Rt17dJkw2KABQF&gir=yes&clen=7292878&dur=203.800&lmt=1610229358130520&mt=1612145563&fvip=5&keepalive=yes&c=WEB&txp=5432432&n=sYHbzdC_Kd2vUT4Zz&sparams=expire%2Cei%2Cip%2Cid%2Caitags%2Csource%2Crequiressl%2Cvprv%2Cmime%2Cns%2Cgir%2Cclen%2Cdur%2Clmt&lsparams=mh%2Cmm%2Cmn%2Cms%2Cmv%2Cmvi%2Cpl%2Cinitcwndbps&lsig=AG3C_xAwRQIhAPPdigCW5z-bbquuMXHha7_TNG7LL6Ys17oUdzEqqbxYAiAwP5pbanof6sdw_8LM_-M17SLP-DqgAYOGRZI-VAGnOA%3D%3D&sig=AOq0QJ8wRQIgOHn9Zzs1TBmV8G8I68U4BeKIW4nblSzrqdIv1PrUx6oCIQDT6rwjYCidIen8vC6mucfZLA8SFXMijalCY2kVmRz0ug==&ratebypass=yes", "player_url": "/s/player/7bc032d0/player_ias.vflset/en_US/base.js", "ext": "mp4", "height": 480, "format_note": "480p", "vcodec": "avc1.4d401e", "asr": null, "filesize": 7292878, "fps": 25, "tbr": 513.352, "width": 854, "acodec": "none", "downloader_options": {"http_chunk_size": 10485760}, "format": "135 - 854x480 (480p)", "protocol": "https", "http_headers": {"User-Agent": "Mozilla/5.0 (Windows NT 10.0; Win64; x64) AppleWebKit/537.36 (KHTML, like Gecko) Chrome/70.0.3538.79 Safari/537.36", "Accept-Charset": "ISO-8859-1,utf-8;q=0.7,*;q=0.7", "Accept": "text/html,application/xhtml+xml,application/xml;q=0.9,*/*;q=0.8", "Accept-Encoding": "gzip, deflate", "Accept-Language": "en-us,en;q=0.5"}}, {"format_id": "244", "url": "https://r5---sn-5njj-u2xe.googlevideo.com/videoplayback?expire=1612167654&ei=hmUXYLiwBfaes8IP_qqVgAI&ip=140.109.135.76&id=o-AJ2fGYARHutpZ6XY_ChiBFkw68zW_-6iaVKUF8UJCMrA&itag=244&aitags=133%2C134%2C135%2C136%2C137%2C160%2C242%2C243%2C244%2C247%2C248%2C278&source=youtube&requiressl=yes&mh=hB&mm=31%2C29&mn=sn-5njj-u2xe%2Csn-un57en7l&ms=au%2Crdu&mv=m&mvi=5&pl=16&initcwndbps=378750&vprv=1&mime=video%2Fwebm&ns=pP__NangQ_Rt17dJkw2KABQF&gir=yes&clen=12659300&dur=203.800&lmt=1541895206018516&mt=1612145563&fvip=5&keepalive=yes&c=WEB&txp=5432432&n=sYHbzdC_Kd2vUT4Zz&sparams=expire%2Cei%2Cip%2Cid%2Caitags%2Csource%2Crequiressl%2Cvprv%2Cmime%2Cns%2Cgir%2Cclen%2Cdur%2Clmt&lsparams=mh%2Cmm%2Cmn%2Cms%2Cmv%2Cmvi%2Cpl%2Cinitcwndbps&lsig=AG3C_xAwRgIhAOzDRxGIhUx1H9oeGjP31CF-RKV_4MrWUjrwzKZHC0UhAiEArJmPSQLbpA-2byRFIkB1a08HjgS1kZQwPvKbXZ4C3Vg%3D&sig=AOq0QJ8wRgIhAMV4A5RxHxgOEu0-hv4OzXY4vzlp424Wj3s_FjhttNtBAiEAsT85F8eNBLvcFYo9Fo0UNEeULylWUKWyn0omHZKtAjg=&ratebypass=yes", "player_url": "/s/player/7bc032d0/player_ias.vflset/en_US/base.js", "ext": "webm", "height": 480, "format_note": "480p", "vcodec": "vp9", "asr": null, "filesize": 12659300, "fps": 25, "tbr": 588.425, "width": 854, "acodec": "none", "downloader_options": {"http_chunk_size": 10485760}, "format": "244 - 854x480 (480p)", "protocol": "https", "http_headers": {"User-Agent": "Mozilla/5.0 (Windows NT 10.0; Win64; x64) AppleWebKit/537.36 (KHTML, like Gecko) Chrome/70.0.3538.79 Safari/537.36", "Accept-Charset": "ISO-8859-1,utf-8;q=0.7,*;q=0.7", "Accept": "text/html,application/xhtml+xml,application/xml;q=0.9,*/*;q=0.8", "Accept-Encoding": "gzip, deflate", "Accept-Language": "en-us,en;q=0.5"}}, {"format_id": "136", "url": "https://r5---sn-5njj-u2xe.googlevideo.com/videoplayback?expire=1612167654&ei=hmUXYLiwBfaes8IP_qqVgAI&ip=140.109.135.76&id=o-AJ2fGYARHutpZ6XY_ChiBFkw68zW_-6iaVKUF8UJCMrA&itag=136&aitags=133%2C134%2C135%2C136%2C137%2C160%2C242%2C243%2C244%2C247%2C248%2C278&source=youtube&requiressl=yes&mh=hB&mm=31%2C29&mn=sn-5njj-u2xe%2Csn-un57en7l&ms=au%2Crdu&mv=m&mvi=5&pl=16&initcwndbps=378750&vprv=1&mime=video%2Fmp4&ns=pP__NangQ_Rt17dJkw2KABQF&gir=yes&clen=11522584&dur=203.800&lmt=1610229358130656&mt=1612145563&fvip=5&keepalive=yes&c=WEB&txp=5432432&n=sYHbzdC_Kd2vUT4Zz&sparams=expire%2Cei%2Cip%2Cid%2Caitags%2Csource%2Crequiressl%2Cvprv%2Cmime%2Cns%2Cgir%2Cclen%2Cdur%2Clmt&lsparams=mh%2Cmm%2Cmn%2Cms%2Cmv%2Cmvi%2Cpl%2Cinitcwndbps&lsig=AG3C_xAwRAIgDrRsbjaSy3mUYVm7JvtuVzxPy-hdvNwuiOI7nUHsZ3oCIAlEJg7TK3MA8rIqn9tOIB4lALNatfIc_CRCWSpt5D4P&sig=AOq0QJ8wRQIhAIfa89TEUi6Wt1Qz87zX9cTd86kWXW2AVlcqnnt-D5VtAiA3n01LzM4rOVVYXoDLjIByZ1EjFiEktootJiwBL2SKWw==&ratebypass=yes", "player_url": "/s/player/7bc032d0/player_ias.vflset/en_US/base.js", "ext": "mp4", "height": 720, "format_note": "720p", "vcodec": "avc1.4d401f", "asr": null, "filesize": 11522584, "fps": 25, "tbr": 1014.262, "width": 1280, "acodec": "none", "downloader_options": {"http_chunk_size": 10485760}, "format": "136 - 1280x720 (720p)", "protocol": "https", "http_headers": {"User-Agent": "Mozilla/5.0 (Windows NT 10.0; Win64; x64) AppleWebKit/537.36 (KHTML, like Gecko) Chrome/70.0.3538.79 Safari/537.36", "Accept-Charset": "ISO-8859-1,utf-8;q=0.7,*;q=0.7", "Accept": "text/html,application/xhtml+xml,application/xml;q=0.9,*/*;q=0.8", "Accept-Encoding": "gzip, deflate", "Accept-Language": "en-us,en;q=0.5"}}, {"format_id": "247", "url": "https://r5---sn-5njj-u2xe.googlevideo.com/videoplayback?expire=1612167654&ei=hmUXYLiwBfaes8IP_qqVgAI&ip=140.109.135.76&id=o-AJ2fGYARHutpZ6XY_ChiBFkw68zW_-6iaVKUF8UJCMrA&itag=247&aitags=133%2C134%2C135%2C136%2C137%2C160%2C242%2C243%2C244%2C247%2C248%2C278&source=youtube&requiressl=yes&mh=hB&mm=31%2C29&mn=sn-5njj-u2xe%2Csn-un57en7l&ms=au%2Crdu&mv=m&mvi=5&pl=16&initcwndbps=378750&vprv=1&mime=video%2Fwebm&ns=pP__NangQ_Rt17dJkw2KABQF&gir=yes&clen=25553315&dur=203.800&lmt=1541895206025058&mt=1612145563&fvip=5&keepalive=yes&c=WEB&txp=5432432&n=sYHbzdC_Kd2vUT4Zz&sparams=expire%2Cei%2Cip%2Cid%2Caitags%2Csource%2Crequiressl%2Cvprv%2Cmime%2Cns%2Cgir%2Cclen%2Cdur%2Clmt&lsparams=mh%2Cmm%2Cmn%2Cms%2Cmv%2Cmvi%2Cpl%2Cinitcwndbps&lsig=AG3C_xAwRAIgPmQSNIHPAR84lkyqt_WMZDsGEpVECwdrMKeXmiK69K4CIDpzIA--vn7Z9fiPpOuz1JMn5NcEVOK6AyxvXSHzekaq&sig=AOq0QJ8wRQIgCP3vDWPWyTPlhLy0glShY0CElxVX3n8KUtMlH3cLY8cCIQCo_FAx7M0kABn6q8ET_SPKmQxnxZTTAgW1PFIAEGBJ7A==&ratebypass=yes", "player_url": "/s/player/7bc032d0/player_ias.vflset/en_US/base.js", "ext": "webm", "height": 720, "format_note": "720p", "vcodec": "vp9", "asr": null, "filesize": 25553315, "fps": 25, "tbr": 1177.367, "width": 1280, "acodec": "none", "downloader_options": {"http_chunk_size": 10485760}, "format": "247 - 1280x720 (720p)", "protocol": "https", "http_headers": {"User-Agent": "Mozilla/5.0 (Windows NT 10.0; Win64; x64) AppleWebKit/537.36 (KHTML, like Gecko) Chrome/70.0.3538.79 Safari/537.36", "Accept-Charset": "ISO-8859-1,utf-8;q=0.7,*;q=0.7", "Accept": "text/html,application/xhtml+xml,application/xml;q=0.9,*/*;q=0.8", "Accept-Encoding": "gzip, deflate", "Accept-Language": "en-us,en;q=0.5"}}, {"format_id": "137", "url": "https://r5---sn-5njj-u2xe.googlevideo.com/videoplayback?expire=1612167654&ei=hmUXYLiwBfaes8IP_qqVgAI&ip=140.109.135.76&id=o-AJ2fGYARHutpZ6XY_ChiBFkw68zW_-6iaVKUF8UJCMrA&itag=137&aitags=133%2C134%2C135%2C136%2C137%2C160%2C242%2C243%2C244%2C247%2C248%2C278&source=youtube&requiressl=yes&mh=hB&mm=31%2C29&mn=sn-5njj-u2xe%2Csn-un57en7l&ms=au%2Crdu&mv=m&mvi=5&pl=16&initcwndbps=378750&vprv=1&mime=video%2Fmp4&ns=pP__NangQ_Rt17dJkw2KABQF&gir=yes&clen=38251214&dur=203.800&lmt=1610229249605425&mt=1612145563&fvip=5&keepalive=yes&c=WEB&txp=5432432&n=sYHbzdC_Kd2vUT4Zz&sparams=expire%2Cei%2Cip%2Cid%2Caitags%2Csource%2Crequiressl%2Cvprv%2Cmime%2Cns%2Cgir%2Cclen%2Cdur%2Clmt&lsparams=mh%2Cmm%2Cmn%2Cms%2Cmv%2Cmvi%2Cpl%2Cinitcwndbps&lsig=AG3C_xAwRAIgdQHWDD9_KYrYXmy8LEBjxVYG7cxP7ZOXqOkQ5qOBMdYCIFCwYwtd_gqQxXpkvQSEf3wpf5rVpjX7lw6IEmUYMdzA&sig=AOq0QJ8wRQIgaZvLmReK0OlaSxHz7acA5iHZrfnPBbLY4uKKxD05AmACIQDfZunIWydXz7WvP1zvDGp5xuJicQesgBLA5NRUSXYRAA==&ratebypass=yes", "player_url": "/s/player/7bc032d0/player_ias.vflset/en_US/base.js", "ext": "mp4", "height": 1080, "format_note": "1080p", "vcodec": "avc1.640028", "asr": null, "filesize": 38251214, "fps": 25, "tbr": 2154.322, "width": 1920, "acodec": "none", "downloader_options": {"http_chunk_size": 10485760}, "format": "137 - 1920x1080 (1080p)", "protocol": "https", "http_headers": {"User-Agent": "Mozilla/5.0 (Windows NT 10.0; Win64; x64) AppleWebKit/537.36 (KHTML, like Gecko) Chrome/70.0.3538.79 Safari/537.36", "Accept-Charset": "ISO-8859-1,utf-8;q=0.7,*;q=0.7", "Accept": "text/html,application/xhtml+xml,application/xml;q=0.9,*/*;q=0.8", "Accept-Encoding": "gzip, deflate", "Accept-Language": "en-us,en;q=0.5"}}, {"format_id": "248", "url": "https://r5---sn-5njj-u2xe.googlevideo.com/videoplayback?expire=1612167654&ei=hmUXYLiwBfaes8IP_qqVgAI&ip=140.109.135.76&id=o-AJ2fGYARHutpZ6XY_ChiBFkw68zW_-6iaVKUF8UJCMrA&itag=248&aitags=133%2C134%2C135%2C136%2C137%2C160%2C242%2C243%2C244%2C247%2C248%2C278&source=youtube&requiressl=yes&mh=hB&mm=31%2C29&mn=sn-5njj-u2xe%2Csn-un57en7l&ms=au%2Crdu&mv=m&mvi=5&pl=16&initcwndbps=378750&vprv=1&mime=video%2Fwebm&ns=pP__NangQ_Rt17dJkw2KABQF&gir=yes&clen=48076013&dur=203.800&lmt=1541894947580362&mt=1612145563&fvip=5&keepalive=yes&c=WEB&txp=5432432&n=sYHbzdC_Kd2vUT4Zz&sparams=expire%2Cei%2Cip%2Cid%2Caitags%2Csource%2Crequiressl%2Cvprv%2Cmime%2Cns%2Cgir%2Cclen%2Cdur%2Clmt&lsparams=mh%2Cmm%2Cmn%2Cms%2Cmv%2Cmvi%2Cpl%2Cinitcwndbps&lsig=AG3C_xAwRQIhAKid5vK0fsxEliwpjfBeiGa6OALpmX9CVn4gFDy7-E_7AiBGcUlN4783v7TrKqfIGibz2PdAtDicZOOHpK0pWveWdQ%3D%3D&sig=AOq0QJ8wRgIhAIsUIWeOkyqfSvvJFaLND0eRIjBGMaUifGXtGGTsrA2GAiEA1aRlmFQUnOugoNo7jJNoci2ezb2XaK-LgHCP1HdeuMQ=&ratebypass=yes", "player_url": "/s/player/7bc032d0/player_ias.vflset/en_US/base.js", "ext": "webm", "height": 1080, "format_note": "1080p", "vcodec": "vp9", "asr": null, "filesize": 48076013, "fps": 25, "tbr": 2202.475, "width": 1920, "acodec": "none", "downloader_options": {"http_chunk_size": 10485760}, "format": "248 - 1920x1080 (1080p)", "protocol": "https", "http_headers": {"User-Agent": "Mozilla/5.0 (Windows NT 10.0; Win64; x64) AppleWebKit/537.36 (KHTML, like Gecko) Chrome/70.0.3538.79 Safari/537.36", "Accept-Charset": "ISO-8859-1,utf-8;q=0.7,*;q=0.7", "Accept": "text/html,application/xhtml+xml,application/xml;q=0.9,*/*;q=0.8", "Accept-Encoding": "gzip, deflate", "Accept-Language": "en-us,en;q=0.5"}}, {"format_id": "18", "url": "https://r5---sn-5njj-u2xe.googlevideo.com/videoplayback?expire=1612167654&ei=hmUXYLiwBfaes8IP_qqVgAI&ip=140.109.135.76&id=o-AJ2fGYARHutpZ6XY_ChiBFkw68zW_-6iaVKUF8UJCMrA&itag=18&source=youtube&requiressl=yes&mh=hB&mm=31%2C29&mn=sn-5njj-u2xe%2Csn-un57en7l&ms=au%2Crdu&mv=m&mvi=5&pl=16&initcwndbps=378750&vprv=1&mime=video%2Fmp4&ns=0oHBKQFWNspToyTn_71oqq4F&gir=yes&clen=13309227&ratebypass=yes&dur=203.871&lmt=1541894816219929&mt=1612145563&fvip=5&c=WEB&txp=5431432&n=NJclf-EXNgokvJ74m&sparams=expire%2Cei%2Cip%2Cid%2Citag%2Csource%2Crequiressl%2Cvprv%2Cmime%2Cns%2Cgir%2Cclen%2Cratebypass%2Cdur%2Clmt&lsparams=mh%2Cmm%2Cmn%2Cms%2Cmv%2Cmvi%2Cpl%2Cinitcwndbps&lsig=AG3C_xAwRgIhANFfYwz0wcNCnbH-qaqEUEkBP2b9MY8NqBQ5u42j4jm5AiEAutoJdO4p_42psEZFF-gMkNDMbgFsZIKU6v5tIoLcWxs%3D&sig=AOq0QJ8wRgIhAI79QbntoaSzgi2jAm4QPhhULZNqPvMBeJPoqnfvelgSAiEA2edAvQPrbhvJvW-vD0iUWgxjMHxhsZvv5nxnhHoa61o=", "player_url": "/s/player/7bc032d0/player_ias.vflset/en_US/base.js", "ext": "mp4", "width": 640, "height": 360, "acodec": "mp4a.40.2", "abr": 96, "vcodec": "avc1.42001E", "asr": 44100, "filesize": 13309227, "format_note": "360p", "fps": 25, "tbr": 522.442, "format": "18 - 640x360 (360p)", "protocol": "https", "http_headers": {"User-Agent": "Mozilla/5.0 (Windows NT 10.0; Win64; x64) AppleWebKit/537.36 (KHTML, like Gecko) Chrome/70.0.3538.79 Safari/537.36", "Accept-Charset": "ISO-8859-1,utf-8;q=0.7,*;q=0.7", "Accept": "text/html,application/xhtml+xml,application/xml;q=0.9,*/*;q=0.8", "Accept-Encoding": "gzip, deflate", "Accept-Language": "en-us,en;q=0.5"}}], "is_live": null, "start_time": null, "end_time": null, "series": null, "season_number": null, "episode_number": null, "track": null, "artist": null, "album": null, "release_date": null, "release_year": null, "extractor": "youtube", "webpage_url_basename": "watch", "extractor_key": "Youtube", "playlist": null, "playlist_index": null, "thumbnail": "https://i.ytimg.com/vi_webp/_kJtgm1OUNA/maxresdefault.webp", "display_id": "_kJtgm1OUNA", "requested_subtitles": null, "format_id": "251", "url": "https://r5---sn-5njj-u2xe.googlevideo.com/videoplayback?expire=1612167654&ei=hmUXYLiwBfaes8IP_qqVgAI&ip=140.109.135.76&id=o-AJ2fGYARHutpZ6XY_ChiBFkw68zW_-6iaVKUF8UJCMrA&itag=251&source=youtube&requiressl=yes&mh=hB&mm=31%2C29&mn=sn-5njj-u2xe%2Csn-un57en7l&ms=au%2Crdu&mv=m&mvi=5&pl=16&initcwndbps=378750&vprv=1&mime=audio%2Fwebm&ns=pP__NangQ_Rt17dJkw2KABQF&gir=yes&clen=3900447&dur=203.821&lmt=1541895913780861&mt=1612145563&fvip=5&keepalive=yes&c=WEB&txp=5411222&n=sYHbzdC_Kd2vUT4Zz&sparams=expire%2Cei%2Cip%2Cid%2Citag%2Csource%2Crequiressl%2Cvprv%2Cmime%2Cns%2Cgir%2Cclen%2Cdur%2Clmt&lsparams=mh%2Cmm%2Cmn%2Cms%2Cmv%2Cmvi%2Cpl%2Cinitcwndbps&lsig=AG3C_xAwRQIgHEzvMQFLBQReSDuAABxfVPFxqlvyYya4PuuL1dUQEFACIQDXxGRb7Lw74-QXRCz1gTm-AbtHrkM8rWh8AoSLoWrJ1Q%3D%3D&sig=AOq0QJ8wRQIgZqEAmi6adJDL12aMl9BshS9UXDjoJpHaKFNs-j0FHWgCIQDxTsZbyAllCgEXbi6IRbqGamo2cnEdhSQx7c9sAWbtAQ==&ratebypass=yes", "player_url": "/s/player/7bc032d0/player_ias.vflset/en_US/base.js", "ext": "webm", "format_note": "tiny", "acodec": "opus", "abr": 160, "asr": 48000, "filesize": 3900447, "fps": null, "height": null, "tbr": 165.598, "width": null, "vcodec": "none", "downloader_options": {"http_chunk_size": 10485760}, "format": "251 - audio only (tiny)", "protocol": "https", "http_headers": {"User-Agent": "Mozilla/5.0 (Windows NT 10.0; Win64; x64) AppleWebKit/537.36 (KHTML, like Gecko) Chrome/70.0.3538.79 Safari/537.36", "Accept-Charset": "ISO-8859-1,utf-8;q=0.7,*;q=0.7", "Accept": "text/html,application/xhtml+xml,application/xml;q=0.9,*/*;q=0.8", "Accept-Encoding": "gzip, deflate", "Accept-Language": "en-us,en;q=0.5"}}