{"id": "Dd-b824_fvo", "uploader": "Piano in U", "uploader_id": "UC65OhXlLUNeuWJ_j5jUU2tQ", "uploader_url": "http://www.youtube.com/channel/UC65OhXlLUNeuWJ_j5jUU2tQ", "channel_id": "UC65OhXlLUNeuWJ_j5jUU2tQ", "channel_url": "http://www.youtube.com/channel/UC65OhXlLUNeuWJ_j5jUU2tQ", "upload_date": "20200414", "license": null, "creator": null, "title": "\ubaa8\uc5ec\ubd10\uc694 \ub3d9\ubb3c\uc758 \uc232 - \ub098\ube44\ubcf4\ubcb3\ub530\uc6b0 (K.K.\ud558\uc6b0\uc2a4) / Piano Cover / Sheet", "alt_title": null, "thumbnails": [{"url": "https://i.ytimg.com/vi/Dd-b824_fvo/hqdefault.jpg?sqp=-oaymwEYCKgBEF5IVfKriqkDCwgBFQAAiEIYAXAB&rs=AOn4CLD_meCnaiMQvbQNQrnAnqCyGKb7yQ", "width": 168, "height": 94, "resolution": "168x94", "id": "0"}, {"url": "https://i.ytimg.com/vi/Dd-b824_fvo/hqdefault.jpg?sqp=-oaymwEYCMQBEG5IVfKriqkDCwgBFQAAiEIYAXAB&rs=AOn4CLAeLYzmvNAhObXAGvoc6NYcoGEfsw", "width": 196, "height": 110, "resolution": "196x110", "id": "1"}, {"url": "https://i.ytimg.com/vi/Dd-b824_fvo/hqdefault.jpg?sqp=-oaymwEZCPYBEIoBSFXyq4qpAwsIARUAAIhCGAFwAQ==&rs=AOn4CLCN7z97l0Uru6XJ3pnKKf2qpv--dQ", "width": 246, "height": 138, "resolution": "246x138", "id": "2"}, {"url": "https://i.ytimg.com/vi/Dd-b824_fvo/hqdefault.jpg?sqp=-oaymwEZCNACELwBSFXyq4qpAwsIARUAAIhCGAFwAQ==&rs=AOn4CLD73kDEhtrJaBBmcRgCAEMucH-xeQ", "width": 336, "height": 188, "resolution": "336x188", "id": "3"}, {"url": "https://i.ytimg.com/vi_webp/Dd-b824_fvo/maxresdefault.webp", "width": 1920, "height": 1080, "resolution": "1920x1080", "id": "4"}], "description": "\u266c Piano Sheet   \nhttps://www.mymusicsheet.com/pianoinu/10463\n\u266c \ud53c\uc544\ub178 \uc545\ubcf4\nhttps://www.mapianist.com/piano/sheet/30027\n\n \"\ud53c\uc544\ub178\uc778\uc720 \ubca0\uc2a4\ud2b8 OST \ud53c\uc544\ub178\ucee4\ubc84\" \uc545\ubcf4\uc9d1 \ud310\ub9e4\uc911\uc785\ub2c8\ub2e4.\nhttps://smartstore.naver.com/pianoin_u/products/4823648447\n\nThanks for Watching. \nPlease like and Subscribe\u2661", "categories": ["Music"], "tags": ["\ud53c\uc544\ub178\uc778\uc720", "piano in u", "PIANOiNU", "pianoinu", "kpop piano", "sheet music", "\ucf00\uc774\ud31d\ud53c\uc544\ub178", "ost piano", "ost", "piano", "\ud53c\uc544\ub178", "\uc545\ubcf4", "pop", "\ud31d", "\uc7a0\uc798\ub54c", "\uacf5\ubd80\ud560\ub54c", "sleep", "study", "cover", "\ucee4\ubc84", "sheet", "\uc7a0 \uc798 \ub54c", "\uacf5\ubd80\ud560 \ub54c", "\uc794\uc794\ud55c", "\uc74c\uc545", "\ubba4\uc9c1", "music", "\ub3d9\ubb3c\uc758\uc232", "\ubaa8\uc5ec\ubd10\uc694\ub3d9\ubb3c\uc758\uc232", "\ub098\ube44\ubcf4\ubcb3\ub530\uc6b0", "KK\ud558\uc6b0\uc2a4", "\ub2cc\ud150\ub3c4", "\uac8c\uc784"], "subtitles": {}, "automatic_captions": {}, "duration": 130, "age_limit": 0, "annotations": null, "chapters": null, "webpage_url": "https://www.youtube.com/watch?v=Dd-b824_fvo", "view_count": 64983, "like_count": 1330, "dislike_count": 7, "average_rating": 4.9790578, "formats": [{"format_id": "249", "url": "https://r1---sn-5njj-u2xl.googlevideo.com/videoplayback?expire=1611763502&ei=zjoRYPX5GZuus8IPrKuD4AI&ip=140.109.135.76&id=o-AMkT2yiAXJz-BZ1EuAvOx4HUlEJG8zgvOK9O_cxb_vvW&itag=249&source=youtube&requiressl=yes&mh=56&mm=31%2C29&mn=sn-5njj-u2xl%2Csn-un57en7s&ms=au%2Crdu&mv=m&mvi=1&pl=16&initcwndbps=797500&vprv=1&mime=audio%2Fwebm&ns=AV0OklwXoreT6sn5oQiGKY4F&gir=yes&clen=985164&dur=130.241&lmt=1586769189329536&mt=1611741649&fvip=1&keepalive=yes&c=WEB&txp=6311222&n=ixKeswu40jLvMoZza0GE&sparams=expire%2Cei%2Cip%2Cid%2Citag%2Csource%2Crequiressl%2Cvprv%2Cmime%2Cns%2Cgir%2Cclen%2Cdur%2Clmt&sig=AOq0QJ8wRgIhAKvfpSD4PIkjXdpi3SSwrv45mRdr7reqcFeu4dDuU2UTAiEA42FpA7ShUWpf3tJ8v-exjEYHboH-xLHkmYheZYSpbHM%3D&lsparams=mh%2Cmm%2Cmn%2Cms%2Cmv%2Cmvi%2Cpl%2Cinitcwndbps&lsig=AG3C_xAwRQIgMCegJ3cM-ll4uR2nY1Pdy7djlzR4O97PWOfUyMPRKzMCIQCUz1jbeAIvawtkAQF3BrCIkaeMMej7iPjsfk0L0rxmUA%3D%3D&ratebypass=yes", "player_url": null, "ext": "webm", "format_note": "tiny", "acodec": "opus", "abr": 50, "asr": 48000, "filesize": 985164, "fps": null, "height": null, "tbr": 67.641, "width": null, "vcodec": "none", "downloader_options": {"http_chunk_size": 10485760}, "format": "249 - audio only (tiny)", "protocol": "https", "http_headers": {"User-Agent": "Mozilla/5.0 (Windows NT 10.0; Win64; x64) AppleWebKit/537.36 (KHTML, like Gecko) Chrome/72.0.3626.85 Safari/537.36", "Accept-Charset": "ISO-8859-1,utf-8;q=0.7,*;q=0.7", "Accept": "text/html,application/xhtml+xml,application/xml;q=0.9,*/*;q=0.8", "Accept-Encoding": "gzip, deflate", "Accept-Language": "en-us,en;q=0.5"}}, {"format_id": "250", "url": "https://r1---sn-5njj-u2xl.googlevideo.com/videoplayback?expire=1611763502&ei=zjoRYPX5GZuus8IPrKuD4AI&ip=140.109.135.76&id=o-AMkT2yiAXJz-BZ1EuAvOx4HUlEJG8zgvOK9O_cxb_vvW&itag=250&source=youtube&requiressl=yes&mh=56&mm=31%2C29&mn=sn-5njj-u2xl%2Csn-un57en7s&ms=au%2Crdu&mv=m&mvi=1&pl=16&initcwndbps=797500&vprv=1&mime=audio%2Fwebm&ns=AV0OklwXoreT6sn5oQiGKY4F&gir=yes&clen=1311490&dur=130.241&lmt=1586769188422749&mt=1611741649&fvip=1&keepalive=yes&c=WEB&txp=6311222&n=ixKeswu40jLvMoZza0GE&sparams=expire%2Cei%2Cip%2Cid%2Citag%2Csource%2Crequiressl%2Cvprv%2Cmime%2Cns%2Cgir%2Cclen%2Cdur%2Clmt&sig=AOq0QJ8wRQIhAOJCv7ReQRji6jaRqh47fys8DoWLW9QSA0GU4Z6bW1QiAiB8gXh2qMV5_hh1zwi8QpTjO1jI1NmYT0gd8xXlEPCzdQ%3D%3D&lsparams=mh%2Cmm%2Cmn%2Cms%2Cmv%2Cmvi%2Cpl%2Cinitcwndbps&lsig=AG3C_xAwRQIgMCegJ3cM-ll4uR2nY1Pdy7djlzR4O97PWOfUyMPRKzMCIQCUz1jbeAIvawtkAQF3BrCIkaeMMej7iPjsfk0L0rxmUA%3D%3D&ratebypass=yes", "player_url": null, "ext": "webm", "format_note": "tiny", "acodec": "opus", "abr": 70, "asr": 48000, "filesize": 1311490, "fps": null, "height": null, "tbr": 89.049, "width": null, "vcodec": "none", "downloader_options": {"http_chunk_size": 10485760}, "format": "250 - audio only (tiny)", "protocol": "https", "http_headers": {"User-Agent": "Mozilla/5.0 (Windows NT 10.0; Win64; x64) AppleWebKit/537.36 (KHTML, like Gecko) Chrome/72.0.3626.85 Safari/537.36", "Accept-Charset": "ISO-8859-1,utf-8;q=0.7,*;q=0.7", "Accept": "text/html,application/xhtml+xml,application/xml;q=0.9,*/*;q=0.8", "Accept-Encoding": "gzip, deflate", "Accept-Language": "en-us,en;q=0.5"}}, {"format_id": "140", "url": "https://r1---sn-5njj-u2xl.googlevideo.com/videoplayback?expire=1611763502&ei=zjoRYPX5GZuus8IPrKuD4AI&ip=140.109.135.76&id=o-AMkT2yiAXJz-BZ1EuAvOx4HUlEJG8zgvOK9O_cxb_vvW&itag=140&source=youtube&requiressl=yes&mh=56&mm=31%2C29&mn=sn-5njj-u2xl%2Csn-un57en7s&ms=au%2Crdu&mv=m&mvi=1&pl=16&initcwndbps=797500&vprv=1&mime=audio%2Fmp4&ns=AV0OklwXoreT6sn5oQiGKY4F&gir=yes&clen=2109229&dur=130.263&lmt=1586769198039470&mt=1611741649&fvip=1&keepalive=yes&c=WEB&txp=6311222&n=ixKeswu40jLvMoZza0GE&sparams=expire%2Cei%2Cip%2Cid%2Citag%2Csource%2Crequiressl%2Cvprv%2Cmime%2Cns%2Cgir%2Cclen%2Cdur%2Clmt&sig=AOq0QJ8wRQIgC_j5WSYi3XcmqO3yiZCQS0Rip1IT7vAzUeCgBBcOacUCIQD9VYevjCgJvgLBeZis9LlSXEPviyzZ2_o02U4qlrB1Lg%3D%3D&lsparams=mh%2Cmm%2Cmn%2Cms%2Cmv%2Cmvi%2Cpl%2Cinitcwndbps&lsig=AG3C_xAwRQIgMCegJ3cM-ll4uR2nY1Pdy7djlzR4O97PWOfUyMPRKzMCIQCUz1jbeAIvawtkAQF3BrCIkaeMMej7iPjsfk0L0rxmUA%3D%3D&ratebypass=yes", "player_url": null, "ext": "m4a", "format_note": "tiny", "acodec": "mp4a.40.2", "abr": 128, "container": "m4a_dash", "asr": 44100, "filesize": 2109229, "fps": null, "height": null, "tbr": 131.5, "width": null, "vcodec": "none", "downloader_options": {"http_chunk_size": 10485760}, "format": "140 - audio only (tiny)", "protocol": "https", "http_headers": {"User-Agent": "Mozilla/5.0 (Windows NT 10.0; Win64; x64) AppleWebKit/537.36 (KHTML, like Gecko) Chrome/72.0.3626.85 Safari/537.36", "Accept-Charset": "ISO-8859-1,utf-8;q=0.7,*;q=0.7", "Accept": "text/html,application/xhtml+xml,application/xml;q=0.9,*/*;q=0.8", "Accept-Encoding": "gzip, deflate", "Accept-Language": "en-us,en;q=0.5"}}, {"format_id": "251", "url": "https://r1---sn-5njj-u2xl.googlevideo.com/videoplayback?expire=1611763502&ei=zjoRYPX5GZuus8IPrKuD4AI&ip=140.109.135.76&id=o-AMkT2yiAXJz-BZ1EuAvOx4HUlEJG8zgvOK9O_cxb_vvW&itag=251&source=youtube&requiressl=yes&mh=56&mm=31%2C29&mn=sn-5njj-u2xl%2Csn-un57en7s&ms=au%2Crdu&mv=m&mvi=1&pl=16&initcwndbps=797500&vprv=1&mime=audio%2Fwebm&ns=AV0OklwXoreT6sn5oQiGKY4F&gir=yes&clen=2511027&dur=130.241&lmt=1586769190429839&mt=1611741649&fvip=1&keepalive=yes&c=WEB&txp=6311222&n=ixKeswu40jLvMoZza0GE&sparams=expire%2Cei%2Cip%2Cid%2Citag%2Csource%2Crequiressl%2Cvprv%2Cmime%2Cns%2Cgir%2Cclen%2Cdur%2Clmt&sig=AOq0QJ8wRgIhAOYiCvWG1xSsuL0dVUC8_2dwVenpAn3VH5MbiOvnUttzAiEAqTExQ02rZAoU9Hxfi8M8SonwoITE8jYhaVm-IYQAGI0%3D&lsparams=mh%2Cmm%2Cmn%2Cms%2Cmv%2Cmvi%2Cpl%2Cinitcwndbps&lsig=AG3C_xAwRQIgMCegJ3cM-ll4uR2nY1Pdy7djlzR4O97PWOfUyMPRKzMCIQCUz1jbeAIvawtkAQF3BrCIkaeMMej7iPjsfk0L0rxmUA%3D%3D&ratebypass=yes", "player_url": null, "ext": "webm", "format_note": "tiny", "acodec": "opus", "abr": 160, "asr": 48000, "filesize": 2511027, "fps": null, "height": null, "tbr": 166.516, "width": null, "vcodec": "none", "downloader_options": {"http_chunk_size": 10485760}, "format": "251 - audio only (tiny)", "protocol": "https", "http_headers": {"User-Agent": "Mozilla/5.0 (Windows NT 10.0; Win64; x64) AppleWebKit/537.36 (KHTML, like Gecko) Chrome/72.0.3626.85 Safari/537.36", "Accept-Charset": "ISO-8859-1,utf-8;q=0.7,*;q=0.7", "Accept": "text/html,application/xhtml+xml,application/xml;q=0.9,*/*;q=0.8", "Accept-Encoding": "gzip, deflate", "Accept-Language": "en-us,en;q=0.5"}}, {"format_id": "278", "url": "https://r1---sn-5njj-u2xl.googlevideo.com/videoplayback?expire=1611763502&ei=zjoRYPX5GZuus8IPrKuD4AI&ip=140.109.135.76&id=o-AMkT2yiAXJz-BZ1EuAvOx4HUlEJG8zgvOK9O_cxb_vvW&itag=278&aitags=133%2C134%2C135%2C136%2C160%2C242%2C243%2C244%2C247%2C278%2C298%2C299%2C302%2C303&source=youtube&requiressl=yes&mh=56&mm=31%2C29&mn=sn-5njj-u2xl%2Csn-un57en7s&ms=au%2Crdu&mv=m&mvi=1&pl=16&initcwndbps=797500&vprv=1&mime=video%2Fwebm&ns=AV0OklwXoreT6sn5oQiGKY4F&gir=yes&clen=1183937&dur=130.240&lmt=1586769214887869&mt=1611741649&fvip=1&keepalive=yes&c=WEB&txp=6316222&n=ixKeswu40jLvMoZza0GE&sparams=expire%2Cei%2Cip%2Cid%2Caitags%2Csource%2Crequiressl%2Cvprv%2Cmime%2Cns%2Cgir%2Cclen%2Cdur%2Clmt&sig=AOq0QJ8wRQIhAJr2iYmT6-eydnDqcHUEsXAK4E0Qm8u0lRDF7GdV1Td6AiBoVccGdqfKqit5ANbQ8WJpldTaiIdm4_mW7v1QC4GMJw%3D%3D&lsparams=mh%2Cmm%2Cmn%2Cms%2Cmv%2Cmvi%2Cpl%2Cinitcwndbps&lsig=AG3C_xAwRQIgMCegJ3cM-ll4uR2nY1Pdy7djlzR4O97PWOfUyMPRKzMCIQCUz1jbeAIvawtkAQF3BrCIkaeMMej7iPjsfk0L0rxmUA%3D%3D&ratebypass=yes", "player_url": null, "ext": "webm", "height": 144, "format_note": "144p", "container": "webm", "vcodec": "vp9", "asr": null, "filesize": 1183937, "fps": 25, "tbr": 78.095, "width": 256, "acodec": "none", "downloader_options": {"http_chunk_size": 10485760}, "format": "278 - 256x144 (144p)", "protocol": "https", "http_headers": {"User-Agent": "Mozilla/5.0 (Windows NT 10.0; Win64; x64) AppleWebKit/537.36 (KHTML, like Gecko) Chrome/72.0.3626.85 Safari/537.36", "Accept-Charset": "ISO-8859-1,utf-8;q=0.7,*;q=0.7", "Accept": "text/html,application/xhtml+xml,application/xml;q=0.9,*/*;q=0.8", "Accept-Encoding": "gzip, deflate", "Accept-Language": "en-us,en;q=0.5"}}, {"format_id": "160", "url": "https://r1---sn-5njj-u2xl.googlevideo.com/videoplayback?expire=1611763502&ei=zjoRYPX5GZuus8IPrKuD4AI&ip=140.109.135.76&id=o-AMkT2yiAXJz-BZ1EuAvOx4HUlEJG8zgvOK9O_cxb_vvW&itag=160&aitags=133%2C134%2C135%2C136%2C160%2C242%2C243%2C244%2C247%2C278%2C298%2C299%2C302%2C303&source=youtube&requiressl=yes&mh=56&mm=31%2C29&mn=sn-5njj-u2xl%2Csn-un57en7s&ms=au%2Crdu&mv=m&mvi=1&pl=16&initcwndbps=797500&vprv=1&mime=video%2Fmp4&ns=AV0OklwXoreT6sn5oQiGKY4F&gir=yes&clen=1052520&dur=130.240&lmt=1586769211562921&mt=1611741649&fvip=1&keepalive=yes&c=WEB&txp=6316222&n=ixKeswu40jLvMoZza0GE&sparams=expire%2Cei%2Cip%2Cid%2Caitags%2Csource%2Crequiressl%2Cvprv%2Cmime%2Cns%2Cgir%2Cclen%2Cdur%2Clmt&sig=AOq0QJ8wRAIgMze5GX3HTHRxGV4d0z-C2HIEQCNBzqUnMzNDWEsy22MCIFlewLvAjzR7JKzbTzaQZmLj_1lsx34t6_lyJlRgWZSg&lsparams=mh%2Cmm%2Cmn%2Cms%2Cmv%2Cmvi%2Cpl%2Cinitcwndbps&lsig=AG3C_xAwRQIgMCegJ3cM-ll4uR2nY1Pdy7djlzR4O97PWOfUyMPRKzMCIQCUz1jbeAIvawtkAQF3BrCIkaeMMej7iPjsfk0L0rxmUA%3D%3D&ratebypass=yes", "player_url": null, "ext": "mp4", "height": 144, "format_note": "144p", "vcodec": "avc1.4d400c", "asr": null, "filesize": 1052520, "fps": 25, "tbr": 97.301, "width": 256, "acodec": "none", "downloader_options": {"http_chunk_size": 10485760}, "format": "160 - 256x144 (144p)", "protocol": "https", "http_headers": {"User-Agent": "Mozilla/5.0 (Windows NT 10.0; Win64; x64) AppleWebKit/537.36 (KHTML, like Gecko) Chrome/72.0.3626.85 Safari/537.36", "Accept-Charset": "ISO-8859-1,utf-8;q=0.7,*;q=0.7", "Accept": "text/html,application/xhtml+xml,application/xml;q=0.9,*/*;q=0.8", "Accept-Encoding": "gzip, deflate", "Accept-Language": "en-us,en;q=0.5"}}, {"format_id": "242", "url": "https://r1---sn-5njj-u2xl.googlevideo.com/videoplayback?expire=1611763502&ei=zjoRYPX5GZuus8IPrKuD4AI&ip=140.109.135.76&id=o-AMkT2yiAXJz-BZ1EuAvOx4HUlEJG8zgvOK9O_cxb_vvW&itag=242&aitags=133%2C134%2C135%2C136%2C160%2C242%2C243%2C244%2C247%2C278%2C298%2C299%2C302%2C303&source=youtube&requiressl=yes&mh=56&mm=31%2C29&mn=sn-5njj-u2xl%2Csn-un57en7s&ms=au%2Crdu&mv=m&mvi=1&pl=16&initcwndbps=797500&vprv=1&mime=video%2Fwebm&ns=AV0OklwXoreT6sn5oQiGKY4F&gir=yes&clen=1692454&dur=130.240&lmt=1586769214872829&mt=1611741649&fvip=1&keepalive=yes&c=WEB&txp=6316222&n=ixKeswu40jLvMoZza0GE&sparams=expire%2Cei%2Cip%2Cid%2Caitags%2Csource%2Crequiressl%2Cvprv%2Cmime%2Cns%2Cgir%2Cclen%2Cdur%2Clmt&sig=AOq0QJ8wRQIgOG2ywfjVJUWiBzewniUC7bC7oW6apq4HLeriZG4p6qkCIQC_QIMYPLHXon1MwBjq-2s-KTARdBaoygG2r6Ou7DP5Gw%3D%3D&lsparams=mh%2Cmm%2Cmn%2Cms%2Cmv%2Cmvi%2Cpl%2Cinitcwndbps&lsig=AG3C_xAwRQIgMCegJ3cM-ll4uR2nY1Pdy7djlzR4O97PWOfUyMPRKzMCIQCUz1jbeAIvawtkAQF3BrCIkaeMMej7iPjsfk0L0rxmUA%3D%3D&ratebypass=yes", "player_url": null, "ext": "webm", "height": 240, "format_note": "240p", "vcodec": "vp9", "asr": null, "filesize": 1692454, "fps": 25, "tbr": 130.703, "width": 426, "acodec": "none", "downloader_options": {"http_chunk_size": 10485760}, "format": "242 - 426x240 (240p)", "protocol": "https", "http_headers": {"User-Agent": "Mozilla/5.0 (Windows NT 10.0; Win64; x64) AppleWebKit/537.36 (KHTML, like Gecko) Chrome/72.0.3626.85 Safari/537.36", "Accept-Charset": "ISO-8859-1,utf-8;q=0.7,*;q=0.7", "Accept": "text/html,application/xhtml+xml,application/xml;q=0.9,*/*;q=0.8", "Accept-Encoding": "gzip, deflate", "Accept-Language": "en-us,en;q=0.5"}}, {"format_id": "133", "url": "https://r1---sn-5njj-u2xl.googlevideo.com/videoplayback?expire=1611763502&ei=zjoRYPX5GZuus8IPrKuD4AI&ip=140.109.135.76&id=o-AMkT2yiAXJz-BZ1EuAvOx4HUlEJG8zgvOK9O_cxb_vvW&itag=133&aitags=133%2C134%2C135%2C136%2C160%2C242%2C243%2C244%2C247%2C278%2C298%2C299%2C302%2C303&source=youtube&requiressl=yes&mh=56&mm=31%2C29&mn=sn-5njj-u2xl%2Csn-un57en7s&ms=au%2Crdu&mv=m&mvi=1&pl=16&initcwndbps=797500&vprv=1&mime=video%2Fmp4&ns=AV0OklwXoreT6sn5oQiGKY4F&gir=yes&clen=2386486&dur=130.240&lmt=1586769211564093&mt=1611741649&fvip=1&keepalive=yes&c=WEB&txp=6316222&n=ixKeswu40jLvMoZza0GE&sparams=expire%2Cei%2Cip%2Cid%2Caitags%2Csource%2Crequiressl%2Cvprv%2Cmime%2Cns%2Cgir%2Cclen%2Cdur%2Clmt&sig=AOq0QJ8wRQIgRNzRy4m0Wb678MBEvnK0MTd-Bc62Ju2c82oSa5wdtcoCIQCovPImsOxhz7bcsqHWT7LJ67DC4Utu8SNMjkypL7X9-w%3D%3D&lsparams=mh%2Cmm%2Cmn%2Cms%2Cmv%2Cmvi%2Cpl%2Cinitcwndbps&lsig=AG3C_xAwRQIgMCegJ3cM-ll4uR2nY1Pdy7djlzR4O97PWOfUyMPRKzMCIQCUz1jbeAIvawtkAQF3BrCIkaeMMej7iPjsfk0L0rxmUA%3D%3D&ratebypass=yes", "player_url": null, "ext": "mp4", "height": 240, "format_note": "240p", "vcodec": "avc1.4d4015", "asr": null, "filesize": 2386486, "fps": 25, "tbr": 202.655, "width": 426, "acodec": "none", "downloader_options": {"http_chunk_size": 10485760}, "format": "133 - 426x240 (240p)", "protocol": "https", "http_headers": {"User-Agent": "Mozilla/5.0 (Windows NT 10.0; Win64; x64) AppleWebKit/537.36 (KHTML, like Gecko) Chrome/72.0.3626.85 Safari/537.36", "Accept-Charset": "ISO-8859-1,utf-8;q=0.7,*;q=0.7", "Accept": "text/html,application/xhtml+xml,application/xml;q=0.9,*/*;q=0.8", "Accept-Encoding": "gzip, deflate", "Accept-Language": "en-us,en;q=0.5"}}, {"format_id": "243", "url": "https://r1---sn-5njj-u2xl.googlevideo.com/videoplayback?expire=1611763502&ei=zjoRYPX5GZuus8IPrKuD4AI&ip=140.109.135.76&id=o-AMkT2yiAXJz-BZ1EuAvOx4HUlEJG8zgvOK9O_cxb_vvW&itag=243&aitags=133%2C134%2C135%2C136%2C160%2C242%2C243%2C244%2C247%2C278%2C298%2C299%2C302%2C303&source=youtube&requiressl=yes&mh=56&mm=31%2C29&mn=sn-5njj-u2xl%2Csn-un57en7s&ms=au%2Crdu&mv=m&mvi=1&pl=16&initcwndbps=797500&vprv=1&mime=video%2Fwebm&ns=AV0OklwXoreT6sn5oQiGKY4F&gir=yes&clen=3055264&dur=130.240&lmt=1586769214875406&mt=1611741649&fvip=1&keepalive=yes&c=WEB&txp=6316222&n=ixKeswu40jLvMoZza0GE&sparams=expire%2Cei%2Cip%2Cid%2Caitags%2Csource%2Crequiressl%2Cvprv%2Cmime%2Cns%2Cgir%2Cclen%2Cdur%2Clmt&sig=AOq0QJ8wRAIgQKQBWh2msfqBeGKMv0C9p0K7oDvfoBGvKFWJWb9fEZACICo2sMwlLHf1rSOS1pYq0SlMYcih_4wEK7J-a4i62Zcd&lsparams=mh%2Cmm%2Cmn%2Cms%2Cmv%2Cmvi%2Cpl%2Cinitcwndbps&lsig=AG3C_xAwRQIgMCegJ3cM-ll4uR2nY1Pdy7djlzR4O97PWOfUyMPRKzMCIQCUz1jbeAIvawtkAQF3BrCIkaeMMej7iPjsfk0L0rxmUA%3D%3D&ratebypass=yes", "player_url": null, "ext": "webm", "height": 360, "format_note": "360p", "vcodec": "vp9", "asr": null, "filesize": 3055264, "fps": 25, "tbr": 233.793, "width": 640, "acodec": "none", "downloader_options": {"http_chunk_size": 10485760}, "format": "243 - 640x360 (360p)", "protocol": "https", "http_headers": {"User-Agent": "Mozilla/5.0 (Windows NT 10.0; Win64; x64) AppleWebKit/537.36 (KHTML, like Gecko) Chrome/72.0.3626.85 Safari/537.36", "Accept-Charset": "ISO-8859-1,utf-8;q=0.7,*;q=0.7", "Accept": "text/html,application/xhtml+xml,application/xml;q=0.9,*/*;q=0.8", "Accept-Encoding": "gzip, deflate", "Accept-Language": "en-us,en;q=0.5"}}, {"format_id": "244", "url": "https://r1---sn-5njj-u2xl.googlevideo.com/videoplayback?expire=1611763502&ei=zjoRYPX5GZuus8IPrKuD4AI&ip=140.109.135.76&id=o-AMkT2yiAXJz-BZ1EuAvOx4HUlEJG8zgvOK9O_cxb_vvW&itag=244&aitags=133%2C134%2C135%2C136%2C160%2C242%2C243%2C244%2C247%2C278%2C298%2C299%2C302%2C303&source=youtube&requiressl=yes&mh=56&mm=31%2C29&mn=sn-5njj-u2xl%2Csn-un57en7s&ms=au%2Crdu&mv=m&mvi=1&pl=16&initcwndbps=797500&vprv=1&mime=video%2Fwebm&ns=AV0OklwXoreT6sn5oQiGKY4F&gir=yes&clen=4863684&dur=130.240&lmt=1586769214872448&mt=1611741649&fvip=1&keepalive=yes&c=WEB&txp=6316222&n=ixKeswu40jLvMoZza0GE&sparams=expire%2Cei%2Cip%2Cid%2Caitags%2Csource%2Crequiressl%2Cvprv%2Cmime%2Cns%2Cgir%2Cclen%2Cdur%2Clmt&sig=AOq0QJ8wRAIgTGyJ-iQQueCDsJTLREsgP31CmNzW_Q1ww-CcW_lNoxQCID6ahwOLh68k5a7dl__f3KOHlflc2JF8zmVXKee-izsn&lsparams=mh%2Cmm%2Cmn%2Cms%2Cmv%2Cmvi%2Cpl%2Cinitcwndbps&lsig=AG3C_xAwRQIgMCegJ3cM-ll4uR2nY1Pdy7djlzR4O97PWOfUyMPRKzMCIQCUz1jbeAIvawtkAQF3BrCIkaeMMej7iPjsfk0L0rxmUA%3D%3D&ratebypass=yes", "player_url": null, "ext": "webm", "height": 480, "format_note": "480p", "vcodec": "vp9", "asr": null, "filesize": 4863684, "fps": 25, "tbr": 368.846, "width": 854, "acodec": "none", "downloader_options": {"http_chunk_size": 10485760}, "format": "244 - 854x480 (480p)", "protocol": "https", "http_headers": {"User-Agent": "Mozilla/5.0 (Windows NT 10.0; Win64; x64) AppleWebKit/537.36 (KHTML, like Gecko) Chrome/72.0.3626.85 Safari/537.36", "Accept-Charset": "ISO-8859-1,utf-8;q=0.7,*;q=0.7", "Accept": "text/html,application/xhtml+xml,application/xml;q=0.9,*/*;q=0.8", "Accept-Encoding": "gzip, deflate", "Accept-Language": "en-us,en;q=0.5"}}, {"format_id": "134", "url": "https://r1---sn-5njj-u2xl.googlevideo.com/videoplayback?expire=1611763502&ei=zjoRYPX5GZuus8IPrKuD4AI&ip=140.109.135.76&id=o-AMkT2yiAXJz-BZ1EuAvOx4HUlEJG8zgvOK9O_cxb_vvW&itag=134&aitags=133%2C134%2C135%2C136%2C160%2C242%2C243%2C244%2C247%2C278%2C298%2C299%2C302%2C303&source=youtube&requiressl=yes&mh=56&mm=31%2C29&mn=sn-5njj-u2xl%2Csn-un57en7s&ms=au%2Crdu&mv=m&mvi=1&pl=16&initcwndbps=797500&vprv=1&mime=video%2Fmp4&ns=AV0OklwXoreT6sn5oQiGKY4F&gir=yes&clen=4687154&dur=130.240&lmt=1586769211564416&mt=1611741649&fvip=1&keepalive=yes&c=WEB&txp=6316222&n=ixKeswu40jLvMoZza0GE&sparams=expire%2Cei%2Cip%2Cid%2Caitags%2Csource%2Crequiressl%2Cvprv%2Cmime%2Cns%2Cgir%2Cclen%2Cdur%2Clmt&sig=AOq0QJ8wRQIhAKjlrlT3E33tyHXo4nvW4mw6QeObU9EcuOsITSHjyFBtAiAYF0c12BONIa3Ahl6LeYkyHBzkJvhZ5Vi-YULOFsZOOA%3D%3D&lsparams=mh%2Cmm%2Cmn%2Cms%2Cmv%2Cmvi%2Cpl%2Cinitcwndbps&lsig=AG3C_xAwRQIgMCegJ3cM-ll4uR2nY1Pdy7djlzR4O97PWOfUyMPRKzMCIQCUz1jbeAIvawtkAQF3BrCIkaeMMej7iPjsfk0L0rxmUA%3D%3D&ratebypass=yes", "player_url": null, "ext": "mp4", "height": 360, "format_note": "360p", "vcodec": "avc1.4d401e", "asr": null, "filesize": 4687154, "fps": 25, "tbr": 397.344, "width": 640, "acodec": "none", "downloader_options": {"http_chunk_size": 10485760}, "format": "134 - 640x360 (360p)", "protocol": "https", "http_headers": {"User-Agent": "Mozilla/5.0 (Windows NT 10.0; Win64; x64) AppleWebKit/537.36 (KHTML, like Gecko) Chrome/72.0.3626.85 Safari/537.36", "Accept-Charset": "ISO-8859-1,utf-8;q=0.7,*;q=0.7", "Accept": "text/html,application/xhtml+xml,application/xml;q=0.9,*/*;q=0.8", "Accept-Encoding": "gzip, deflate", "Accept-Language": "en-us,en;q=0.5"}}, {"format_id": "247", "url": "https://r1---sn-5njj-u2xl.googlevideo.com/videoplayback?expire=1611763502&ei=zjoRYPX5GZuus8IPrKuD4AI&ip=140.109.135.76&id=o-AMkT2yiAXJz-BZ1EuAvOx4HUlEJG8zgvOK9O_cxb_vvW&itag=247&aitags=133%2C134%2C135%2C136%2C160%2C242%2C243%2C244%2C247%2C278%2C298%2C299%2C302%2C303&source=youtube&requiressl=yes&mh=56&mm=31%2C29&mn=sn-5njj-u2xl%2Csn-un57en7s&ms=au%2Crdu&mv=m&mvi=1&pl=16&initcwndbps=797500&vprv=1&mime=video%2Fwebm&ns=AV0OklwXoreT6sn5oQiGKY4F&gir=yes&clen=8721818&dur=130.240&lmt=1586769214872194&mt=1611741649&fvip=1&keepalive=yes&c=WEB&txp=6316222&n=ixKeswu40jLvMoZza0GE&sparams=expire%2Cei%2Cip%2Cid%2Caitags%2Csource%2Crequiressl%2Cvprv%2Cmime%2Cns%2Cgir%2Cclen%2Cdur%2Clmt&sig=AOq0QJ8wRQIgXRXMI64SlGJvAaqZwo1cizuy8VYvAc8hsy07zWTaRCsCIQD6s1kRsPt2Ku59AqeflFAKCjPdkQkAoy-ZXIhdsOdecw%3D%3D&lsparams=mh%2Cmm%2Cmn%2Cms%2Cmv%2Cmvi%2Cpl%2Cinitcwndbps&lsig=AG3C_xAwRQIgMCegJ3cM-ll4uR2nY1Pdy7djlzR4O97PWOfUyMPRKzMCIQCUz1jbeAIvawtkAQF3BrCIkaeMMej7iPjsfk0L0rxmUA%3D%3D&ratebypass=yes", "player_url": null, "ext": "webm", "height": 720, "format_note": "720p", "vcodec": "vp9", "asr": null, "filesize": 8721818, "fps": 25, "tbr": 643.134, "width": 1280, "acodec": "none", "downloader_options": {"http_chunk_size": 10485760}, "format": "247 - 1280x720 (720p)", "protocol": "https", "http_headers": {"User-Agent": "Mozilla/5.0 (Windows NT 10.0; Win64; x64) AppleWebKit/537.36 (KHTML, like Gecko) Chrome/72.0.3626.85 Safari/537.36", "Accept-Charset": "ISO-8859-1,utf-8;q=0.7,*;q=0.7", "Accept": "text/html,application/xhtml+xml,application/xml;q=0.9,*/*;q=0.8", "Accept-Encoding": "gzip, deflate", "Accept-Language": "en-us,en;q=0.5"}}, {"format_id": "135", "url": "https://r1---sn-5njj-u2xl.googlevideo.com/videoplayback?expire=1611763502&ei=zjoRYPX5GZuus8IPrKuD4AI&ip=140.109.135.76&id=o-AMkT2yiAXJz-BZ1EuAvOx4HUlEJG8zgvOK9O_cxb_vvW&itag=135&aitags=133%2C134%2C135%2C136%2C160%2C242%2C243%2C244%2C247%2C278%2C298%2C299%2C302%2C303&source=youtube&requiressl=yes&mh=56&mm=31%2C29&mn=sn-5njj-u2xl%2Csn-un57en7s&ms=au%2Crdu&mv=m&mvi=1&pl=16&initcwndbps=797500&vprv=1&mime=video%2Fmp4&ns=AV0OklwXoreT6sn5oQiGKY4F&gir=yes&clen=8791298&dur=130.240&lmt=1586769211564171&mt=1611741649&fvip=1&keepalive=yes&c=WEB&txp=6316222&n=ixKeswu40jLvMoZza0GE&sparams=expire%2Cei%2Cip%2Cid%2Caitags%2Csource%2Crequiressl%2Cvprv%2Cmime%2Cns%2Cgir%2Cclen%2Cdur%2Clmt&sig=AOq0QJ8wRQIhALcBVmj6hYm3j4dhdOR45Xm7L1fA-HLryUY8GBaw0Mu7AiAThwIQgejNWuw-9786-GRVC_jPphWMvBhI-xwSfpDB3Q%3D%3D&lsparams=mh%2Cmm%2Cmn%2Cms%2Cmv%2Cmvi%2Cpl%2Cinitcwndbps&lsig=AG3C_xAwRQIgMCegJ3cM-ll4uR2nY1Pdy7djlzR4O97PWOfUyMPRKzMCIQCUz1jbeAIvawtkAQF3BrCIkaeMMej7iPjsfk0L0rxmUA%3D%3D&ratebypass=yes", "player_url": null, "ext": "mp4", "height": 480, "format_note": "480p", "vcodec": "avc1.4d401e", "asr": null, "filesize": 8791298, "fps": 25, "tbr": 693.274, "width": 854, "acodec": "none", "downloader_options": {"http_chunk_size": 10485760}, "format": "135 - 854x480 (480p)", "protocol": "https", "http_headers": {"User-Agent": "Mozilla/5.0 (Windows NT 10.0; Win64; x64) AppleWebKit/537.36 (KHTML, like Gecko) Chrome/72.0.3626.85 Safari/537.36", "Accept-Charset": "ISO-8859-1,utf-8;q=0.7,*;q=0.7", "Accept": "text/html,application/xhtml+xml,application/xml;q=0.9,*/*;q=0.8", "Accept-Encoding": "gzip, deflate", "Accept-Language": "en-us,en;q=0.5"}}, {"format_id": "302", "url": "https://r1---sn-5njj-u2xl.googlevideo.com/videoplayback?expire=1611763502&ei=zjoRYPX5GZuus8IPrKuD4AI&ip=140.109.135.76&id=o-AMkT2yiAXJz-BZ1EuAvOx4HUlEJG8zgvOK9O_cxb_vvW&itag=302&aitags=133%2C134%2C135%2C136%2C160%2C242%2C243%2C244%2C247%2C278%2C298%2C299%2C302%2C303&source=youtube&requiressl=yes&mh=56&mm=31%2C29&mn=sn-5njj-u2xl%2Csn-un57en7s&ms=au%2Crdu&mv=m&mvi=1&pl=16&initcwndbps=797500&vprv=1&mime=video%2Fwebm&ns=AV0OklwXoreT6sn5oQiGKY4F&gir=yes&clen=13411635&dur=130.220&lmt=1586769214875449&mt=1611741649&fvip=1&keepalive=yes&c=WEB&txp=6316222&n=ixKeswu40jLvMoZza0GE&sparams=expire%2Cei%2Cip%2Cid%2Caitags%2Csource%2Crequiressl%2Cvprv%2Cmime%2Cns%2Cgir%2Cclen%2Cdur%2Clmt&sig=AOq0QJ8wRAIgDVNU5t31RBQM0zUcD3NX-48h2df4G1Q8JBDXa1-7ig8CIHJpixF8WJ1qkxjbL4XniTwNkrexIrZ5FOKtUfkHXFSN&lsparams=mh%2Cmm%2Cmn%2Cms%2Cmv%2Cmvi%2Cpl%2Cinitcwndbps&lsig=AG3C_xAwRQIgMCegJ3cM-ll4uR2nY1Pdy7djlzR4O97PWOfUyMPRKzMCIQCUz1jbeAIvawtkAQF3BrCIkaeMMej7iPjsfk0L0rxmUA%3D%3D&ratebypass=yes", "player_url": null, "ext": "webm", "height": 720, "format_note": "720p50", "vcodec": "vp9", "fps": 50, "asr": null, "filesize": 13411635, "tbr": 992.277, "width": 1280, "acodec": "none", "downloader_options": {"http_chunk_size": 10485760}, "format": "302 - 1280x720 (720p50)", "protocol": "https", "http_headers": {"User-Agent": "Mozilla/5.0 (Windows NT 10.0; Win64; x64) AppleWebKit/537.36 (KHTML, like Gecko) Chrome/72.0.3626.85 Safari/537.36", "Accept-Charset": "ISO-8859-1,utf-8;q=0.7,*;q=0.7", "Accept": "text/html,application/xhtml+xml,application/xml;q=0.9,*/*;q=0.8", "Accept-Encoding": "gzip, deflate", "Accept-Language": "en-us,en;q=0.5"}}, {"format_id": "136", "url": "https://r1---sn-5njj-u2xl.googlevideo.com/videoplayback?expire=1611763502&ei=zjoRYPX5GZuus8IPrKuD4AI&ip=140.109.135.76&id=o-AMkT2yiAXJz-BZ1EuAvOx4HUlEJG8zgvOK9O_cxb_vvW&itag=136&aitags=133%2C134%2C135%2C136%2C160%2C242%2C243%2C244%2C247%2C278%2C298%2C299%2C302%2C303&source=youtube&requiressl=yes&mh=56&mm=31%2C29&mn=sn-5njj-u2xl%2Csn-un57en7s&ms=au%2Crdu&mv=m&mvi=1&pl=16&initcwndbps=797500&vprv=1&mime=video%2Fmp4&ns=AV0OklwXoreT6sn5oQiGKY4F&gir=yes&clen=16398448&dur=130.240&lmt=1586769211565264&mt=1611741649&fvip=1&keepalive=yes&c=WEB&txp=6316222&n=ixKeswu40jLvMoZza0GE&sparams=expire%2Cei%2Cip%2Cid%2Caitags%2Csource%2Crequiressl%2Cvprv%2Cmime%2Cns%2Cgir%2Cclen%2Cdur%2Clmt&sig=AOq0QJ8wRAIgFX02ysbBxL5EupKaeGxFRQ3HRvqAYW1WmLZ4y9lWK4ACIAm4n9fmuqrVDpium5AZxsdi2kyc9ebQjYFASE1_RqlA&lsparams=mh%2Cmm%2Cmn%2Cms%2Cmv%2Cmvi%2Cpl%2Cinitcwndbps&lsig=AG3C_xAwRQIgMCegJ3cM-ll4uR2nY1Pdy7djlzR4O97PWOfUyMPRKzMCIQCUz1jbeAIvawtkAQF3BrCIkaeMMej7iPjsfk0L0rxmUA%3D%3D&ratebypass=yes", "player_url": null, "ext": "mp4", "height": 720, "format_note": "720p", "vcodec": "avc1.4d401f", "asr": null, "filesize": 16398448, "fps": 25, "tbr": 1307.142, "width": 1280, "acodec": "none", "downloader_options": {"http_chunk_size": 10485760}, "format": "136 - 1280x720 (720p)", "protocol": "https", "http_headers": {"User-Agent": "Mozilla/5.0 (Windows NT 10.0; Win64; x64) AppleWebKit/537.36 (KHTML, like Gecko) Chrome/72.0.3626.85 Safari/537.36", "Accept-Charset": "ISO-8859-1,utf-8;q=0.7,*;q=0.7", "Accept": "text/html,application/xhtml+xml,application/xml;q=0.9,*/*;q=0.8", "Accept-Encoding": "gzip, deflate", "Accept-Language": "en-us,en;q=0.5"}}, {"format_id": "303", "url": "https://r1---sn-5njj-u2xl.googlevideo.com/videoplayback?expire=1611763502&ei=zjoRYPX5GZuus8IPrKuD4AI&ip=140.109.135.76&id=o-AMkT2yiAXJz-BZ1EuAvOx4HUlEJG8zgvOK9O_cxb_vvW&itag=303&aitags=133%2C134%2C135%2C136%2C160%2C242%2C243%2C244%2C247%2C278%2C298%2C299%2C302%2C303&source=youtube&requiressl=yes&mh=56&mm=31%2C29&mn=sn-5njj-u2xl%2Csn-un57en7s&ms=au%2Crdu&mv=m&mvi=1&pl=16&initcwndbps=797500&vprv=1&mime=video%2Fwebm&ns=AV0OklwXoreT6sn5oQiGKY4F&gir=yes&clen=18490538&dur=130.220&lmt=1586769214872274&mt=1611741649&fvip=1&keepalive=yes&c=WEB&txp=6316222&n=ixKeswu40jLvMoZza0GE&sparams=expire%2Cei%2Cip%2Cid%2Caitags%2Csource%2Crequiressl%2Cvprv%2Cmime%2Cns%2Cgir%2Cclen%2Cdur%2Clmt&sig=AOq0QJ8wRQIgVKHQVCaa8vvNOrFc981dtaPVWP733lsm4Z6hOJcecksCIQCeXoQQ2nc9yKMGErzX8E7_w-6VedpOK-QzOFkRRpfaGg%3D%3D&lsparams=mh%2Cmm%2Cmn%2Cms%2Cmv%2Cmvi%2Cpl%2Cinitcwndbps&lsig=AG3C_xAwRQIgMCegJ3cM-ll4uR2nY1Pdy7djlzR4O97PWOfUyMPRKzMCIQCUz1jbeAIvawtkAQF3BrCIkaeMMej7iPjsfk0L0rxmUA%3D%3D&ratebypass=yes", "player_url": null, "ext": "webm", "height": 1080, "format_note": "1080p50", "vcodec": "vp9", "fps": 50, "asr": null, "filesize": 18490538, "tbr": 1495.939, "width": 1920, "acodec": "none", "downloader_options": {"http_chunk_size": 10485760}, "format": "303 - 1920x1080 (1080p50)", "protocol": "https", "http_headers": {"User-Agent": "Mozilla/5.0 (Windows NT 10.0; Win64; x64) AppleWebKit/537.36 (KHTML, like Gecko) Chrome/72.0.3626.85 Safari/537.36", "Accept-Charset": "ISO-8859-1,utf-8;q=0.7,*;q=0.7", "Accept": "text/html,application/xhtml+xml,application/xml;q=0.9,*/*;q=0.8", "Accept-Encoding": "gzip, deflate", "Accept-Language": "en-us,en;q=0.5"}}, {"format_id": "298", "url": "https://r1---sn-5njj-u2xl.googlevideo.com/videoplayback?expire=1611763502&ei=zjoRYPX5GZuus8IPrKuD4AI&ip=140.109.135.76&id=o-AMkT2yiAXJz-BZ1EuAvOx4HUlEJG8zgvOK9O_cxb_vvW&itag=298&aitags=133%2C134%2C135%2C136%2C160%2C242%2C243%2C244%2C247%2C278%2C298%2C299%2C302%2C303&source=youtube&requiressl=yes&mh=56&mm=31%2C29&mn=sn-5njj-u2xl%2Csn-un57en7s&ms=au%2Crdu&mv=m&mvi=1&pl=16&initcwndbps=797500&vprv=1&mime=video%2Fmp4&ns=AV0OklwXoreT6sn5oQiGKY4F&gir=yes&clen=22826347&dur=130.220&lmt=1586769211564049&mt=1611741649&fvip=1&keepalive=yes&c=WEB&txp=6316222&n=ixKeswu40jLvMoZza0GE&sparams=expire%2Cei%2Cip%2Cid%2Caitags%2Csource%2Crequiressl%2Cvprv%2Cmime%2Cns%2Cgir%2Cclen%2Cdur%2Clmt&sig=AOq0QJ8wRAIgahKTjmVHIBjWjxjcWTdCUrPl2zITBv1Bf0SdsjRJc2oCIFK7ePvs5J5x5ykWhRyJfoDMlwB02GXw4Vf_DzJCNYXm&lsparams=mh%2Cmm%2Cmn%2Cms%2Cmv%2Cmvi%2Cpl%2Cinitcwndbps&lsig=AG3C_xAwRQIgMCegJ3cM-ll4uR2nY1Pdy7djlzR4O97PWOfUyMPRKzMCIQCUz1jbeAIvawtkAQF3BrCIkaeMMej7iPjsfk0L0rxmUA%3D%3D&ratebypass=yes", "player_url": null, "ext": "mp4", "height": 720, "format_note": "720p50", "vcodec": "avc1.4d4020", "fps": 50, "asr": null, "filesize": 22826347, "tbr": 1831.177, "width": 1280, "acodec": "none", "downloader_options": {"http_chunk_size": 10485760}, "format": "298 - 1280x720 (720p50)", "protocol": "https", "http_headers": {"User-Agent": "Mozilla/5.0 (Windows NT 10.0; Win64; x64) AppleWebKit/537.36 (KHTML, like Gecko) Chrome/72.0.3626.85 Safari/537.36", "Accept-Charset": "ISO-8859-1,utf-8;q=0.7,*;q=0.7", "Accept": "text/html,application/xhtml+xml,application/xml;q=0.9,*/*;q=0.8", "Accept-Encoding": "gzip, deflate", "Accept-Language": "en-us,en;q=0.5"}}, {"format_id": "299", "url": "https://r1---sn-5njj-u2xl.googlevideo.com/videoplayback?expire=1611763502&ei=zjoRYPX5GZuus8IPrKuD4AI&ip=140.109.135.76&id=o-AMkT2yiAXJz-BZ1EuAvOx4HUlEJG8zgvOK9O_cxb_vvW&itag=299&aitags=133%2C134%2C135%2C136%2C160%2C242%2C243%2C244%2C247%2C278%2C298%2C299%2C302%2C303&source=youtube&requiressl=yes&mh=56&mm=31%2C29&mn=sn-5njj-u2xl%2Csn-un57en7s&ms=au%2Crdu&mv=m&mvi=1&pl=16&initcwndbps=797500&vprv=1&mime=video%2Fmp4&ns=AV0OklwXoreT6sn5oQiGKY4F&gir=yes&clen=43151142&dur=130.220&lmt=1586769211563841&mt=1611741649&fvip=1&keepalive=yes&c=WEB&txp=6316222&n=ixKeswu40jLvMoZza0GE&sparams=expire%2Cei%2Cip%2Cid%2Caitags%2Csource%2Crequiressl%2Cvprv%2Cmime%2Cns%2Cgir%2Cclen%2Cdur%2Clmt&sig=AOq0QJ8wRQIhALmQurNaP6YLoq6rlunvqa6xkvR5j7QoPdtZLq2W9ppVAiAtyVUzaNX02Dy6BJUrGFigyfPF1GmgwzGJFxFcELof1Q%3D%3D&lsparams=mh%2Cmm%2Cmn%2Cms%2Cmv%2Cmvi%2Cpl%2Cinitcwndbps&lsig=AG3C_xAwRQIgMCegJ3cM-ll4uR2nY1Pdy7djlzR4O97PWOfUyMPRKzMCIQCUz1jbeAIvawtkAQF3BrCIkaeMMej7iPjsfk0L0rxmUA%3D%3D&ratebypass=yes", "player_url": null, "ext": "mp4", "height": 1080, "format_note": "1080p50", "vcodec": "avc1.64002a", "fps": 50, "asr": null, "filesize": 43151142, "tbr": 3101.893, "width": 1920, "acodec": "none", "downloader_options": {"http_chunk_size": 10485760}, "format": "299 - 1920x1080 (1080p50)", "protocol": "https", "http_headers": {"User-Agent": "Mozilla/5.0 (Windows NT 10.0; Win64; x64) AppleWebKit/537.36 (KHTML, like Gecko) Chrome/72.0.3626.85 Safari/537.36", "Accept-Charset": "ISO-8859-1,utf-8;q=0.7,*;q=0.7", "Accept": "text/html,application/xhtml+xml,application/xml;q=0.9,*/*;q=0.8", "Accept-Encoding": "gzip, deflate", "Accept-Language": "en-us,en;q=0.5"}}, {"format_id": "18", "url": "https://r1---sn-5njj-u2xl.googlevideo.com/videoplayback?expire=1611763502&ei=zjoRYPX5GZuus8IPrKuD4AI&ip=140.109.135.76&id=o-AMkT2yiAXJz-BZ1EuAvOx4HUlEJG8zgvOK9O_cxb_vvW&itag=18&source=youtube&requiressl=yes&mh=56&mm=31%2C29&mn=sn-5njj-u2xl%2Csn-un57en7s&ms=au%2Crdu&mv=m&mvi=1&pl=16&initcwndbps=797500&vprv=1&mime=video%2Fmp4&ns=sKgoziZ1UOFJT2-TCw3XnHIF&gir=yes&clen=6897384&ratebypass=yes&dur=130.263&lmt=1586769241512448&mt=1611741649&fvip=1&c=WEB&txp=6316222&n=HbSaX2ff9g2yuk_87aY7&sparams=expire%2Cei%2Cip%2Cid%2Citag%2Csource%2Crequiressl%2Cvprv%2Cmime%2Cns%2Cgir%2Cclen%2Cratebypass%2Cdur%2Clmt&sig=AOq0QJ8wRAIgP8lsT7f4a-stqmRvz0bqMYAqVaFAt4JKqLPMeLpwMuECICQNo0mhIqBNpPcobsOAt8k8x1zf3woPDYbe1L3PILBw&lsparams=mh%2Cmm%2Cmn%2Cms%2Cmv%2Cmvi%2Cpl%2Cinitcwndbps&lsig=AG3C_xAwRQIgMCegJ3cM-ll4uR2nY1Pdy7djlzR4O97PWOfUyMPRKzMCIQCUz1jbeAIvawtkAQF3BrCIkaeMMej7iPjsfk0L0rxmUA%3D%3D", "player_url": null, "ext": "mp4", "width": 640, "height": 360, "acodec": "mp4a.40.2", "abr": 96, "vcodec": "avc1.42001E", "asr": 44100, "filesize": 6897384, "format_note": "360p", "fps": 25, "tbr": 423.672, "format": "18 - 640x360 (360p)", "protocol": "https", "http_headers": {"User-Agent": "Mozilla/5.0 (Windows NT 10.0; Win64; x64) AppleWebKit/537.36 (KHTML, like Gecko) Chrome/72.0.3626.85 Safari/537.36", "Accept-Charset": "ISO-8859-1,utf-8;q=0.7,*;q=0.7", "Accept": "text/html,application/xhtml+xml,application/xml;q=0.9,*/*;q=0.8", "Accept-Encoding": "gzip, deflate", "Accept-Language": "en-us,en;q=0.5"}}], "is_live": null, "start_time": null, "end_time": null, "series": null, "season_number": null, "episode_number": null, "track": null, "artist": null, "album": null, "release_date": null, "release_year": null, "extractor": "youtube", "webpage_url_basename": "watch", "extractor_key": "Youtube", "playlist": null, "playlist_index": null, "thumbnail": "https://i.ytimg.com/vi_webp/Dd-b824_fvo/maxresdefault.webp", "display_id": "Dd-b824_fvo", "requested_subtitles": null, "format_id": "251", "url": "https://r1---sn-5njj-u2xl.googlevideo.com/videoplayback?expire=1611763502&ei=zjoRYPX5GZuus8IPrKuD4AI&ip=140.109.135.76&id=o-AMkT2yiAXJz-BZ1EuAvOx4HUlEJG8zgvOK9O_cxb_vvW&itag=251&source=youtube&requiressl=yes&mh=56&mm=31%2C29&mn=sn-5njj-u2xl%2Csn-un57en7s&ms=au%2Crdu&mv=m&mvi=1&pl=16&initcwndbps=797500&vprv=1&mime=audio%2Fwebm&ns=AV0OklwXoreT6sn5oQiGKY4F&gir=yes&clen=2511027&dur=130.241&lmt=1586769190429839&mt=1611741649&fvip=1&keepalive=yes&c=WEB&txp=6311222&n=ixKeswu40jLvMoZza0GE&sparams=expire%2Cei%2Cip%2Cid%2Citag%2Csource%2Crequiressl%2Cvprv%2Cmime%2Cns%2Cgir%2Cclen%2Cdur%2Clmt&sig=AOq0QJ8wRgIhAOYiCvWG1xSsuL0dVUC8_2dwVenpAn3VH5MbiOvnUttzAiEAqTExQ02rZAoU9Hxfi8M8SonwoITE8jYhaVm-IYQAGI0%3D&lsparams=mh%2Cmm%2Cmn%2Cms%2Cmv%2Cmvi%2Cpl%2Cinitcwndbps&lsig=AG3C_xAwRQIgMCegJ3cM-ll4uR2nY1Pdy7djlzR4O97PWOfUyMPRKzMCIQCUz1jbeAIvawtkAQF3BrCIkaeMMej7iPjsfk0L0rxmUA%3D%3D&ratebypass=yes", "player_url": null, "ext": "webm", "format_note": "tiny", "acodec": "opus", "abr": 160, "asr": 48000, "filesize": 2511027, "fps": null, "height": null, "tbr": 166.516, "width": null, "vcodec": "none", "downloader_options": {"http_chunk_size": 10485760}, "format": "251 - audio only (tiny)", "protocol": "https", "http_headers": {"User-Agent": "Mozilla/5.0 (Windows NT 10.0; Win64; x64) AppleWebKit/537.36 (KHTML, like Gecko) Chrome/72.0.3626.85 Safari/537.36", "Accept-Charset": "ISO-8859-1,utf-8;q=0.7,*;q=0.7", "Accept": "text/html,application/xhtml+xml,application/xml;q=0.9,*/*;q=0.8", "Accept-Encoding": "gzip, deflate", "Accept-Language": "en-us,en;q=0.5"}}