{"id": "DX1IK3z1w10", "uploader": "pianofinity", "uploader_id": "XXXTheXPianoXXX", "uploader_url": "http://www.youtube.com/user/XXXTheXPianoXXX", "channel_id": "UCer-IuHYTrelisbHEgWO6ag", "channel_url": "http://www.youtube.com/channel/UCer-IuHYTrelisbHEgWO6ag", "upload_date": "20191212", "license": null, "creator": null, "title": "Lewis Capaldi - Someone You Loved Piano Cover", "alt_title": null, "thumbnails": [{"url": "https://i.ytimg.com/vi/DX1IK3z1w10/hqdefault.jpg?sqp=-oaymwEYCKgBEF5IVfKriqkDCwgBFQAAiEIYAXAB&rs=AOn4CLD9tSqjQa8B4E-IO2RjIsltru6Mbw", "width": 168, "height": 94, "resolution": "168x94", "id": "0"}, {"url": "https://i.ytimg.com/vi/DX1IK3z1w10/hqdefault.jpg?sqp=-oaymwEYCMQBEG5IVfKriqkDCwgBFQAAiEIYAXAB&rs=AOn4CLAk7h27HinKr5VKAoxAvTVl63O3uA", "width": 196, "height": 110, "resolution": "196x110", "id": "1"}, {"url": "https://i.ytimg.com/vi/DX1IK3z1w10/hqdefault.jpg?sqp=-oaymwEZCPYBEIoBSFXyq4qpAwsIARUAAIhCGAFwAQ==&rs=AOn4CLAXZJWbi0xkEmgRBvqiSCHd9g5Acw", "width": 246, "height": 138, "resolution": "246x138", "id": "2"}, {"url": "https://i.ytimg.com/vi/DX1IK3z1w10/hqdefault.jpg?sqp=-oaymwEZCNACELwBSFXyq4qpAwsIARUAAIhCGAFwAQ==&rs=AOn4CLCFAyoM1a6VpCDe-V59oRrRRK7OGg", "width": 336, "height": 188, "resolution": "336x188", "id": "3"}], "description": "Click the \ud83d\udd14 to always be notified on new uploads!\nLearn piano songs quickly and easily with flowkey*:\nhttps://go.flowkey.com/pianofinity\n\nInstagram: https://bit.ly/pianofinityIG\nFacebook: https://bit.ly/pianofinityFB\n\nDer mit * gekennzeichnete Link ist ein Affiliate-Link, der zum Partnerprogramm von flowkey geh\u00f6rt. Kommt \u00fcber diesen Link ein Abonnement zustande, bekommen wir eine Provision. F\u00fcr euch entstehen dabei keinerlei Mehrkosten. Danke f\u00fcr eure Unterst\u00fctzung \ud83d\ude0a", "categories": ["Music"], "tags": ["pianofinity", "ipiano", "xxxthexpianoxxx", "piano", "cover", "klavier", "public", "street", "performance", "synthesia", "tutorial", "version", "medley", "duet", "play", "music", "musik", "sheet", "sheets", "intro", "theme", "soundtrack", "offenburg", "germany", "amazing", "awesome", "beautiful", "crazy", "epic", "live"], "subtitles": {}, "automatic_captions": {}, "duration": 193, "age_limit": 0, "annotations": null, "chapters": null, "webpage_url": "https://www.youtube.com/watch?v=DX1IK3z1w10", "view_count": 8792, "like_count": 417, "dislike_count": 6, "average_rating": 4.9432626, "formats": [{"format_id": "249", "url": "https://r5---sn-5njj-u2xl.googlevideo.com/videoplayback?expire=1609160502&ei=1oLpX_i7GJP4rQTBz5jwBA&ip=140.109.135.76&id=o-AFfa8r8raE8zUgH1uJsIDpKYXFdVc11jsvOV8tT_Sw0x&itag=249&source=youtube&requiressl=yes&mh=85&mm=31%2C29&mn=sn-5njj-u2xl%2Csn-un57en7l&ms=au%2Crdu&mv=m&mvi=5&pl=16&initcwndbps=700000&vprv=1&mime=audio%2Fwebm&ns=ykDIMKuohUVIfgK85gj2w1oF&gir=yes&clen=1430613&dur=193.061&lmt=1576184951815237&mt=1609138606&fvip=5&keepalive=yes&c=WEB&txp=6201222&n=SIdSmSfBFOCjff6d&sparams=expire%2Cei%2Cip%2Cid%2Citag%2Csource%2Crequiressl%2Cvprv%2Cmime%2Cns%2Cgir%2Cclen%2Cdur%2Clmt&lsparams=mh%2Cmm%2Cmn%2Cms%2Cmv%2Cmvi%2Cpl%2Cinitcwndbps&lsig=AG3C_xAwRgIhAP03JXZgY9ow4tKzrNmQTffg419hMWk-rbO391nQpy_qAiEAh8PASjzJmA9tyST_FKicOdNUvSDq4F5iPqp5Th7p47A%3D&sig=AOq0QJ8wRQIgRaLH4QPYGDjDS7s6153kxNywu1bDZuD03cw6lRwSdmECIQDVgxAO4Uv9BBHpFzXDJxibT-NrANx0Hd1Ksf85PRF45A==&ratebypass=yes", "player_url": "/s/player/5dd3f3b2/player_ias.vflset/en_US/base.js", "ext": "webm", "format_note": "tiny", "acodec": "opus", "abr": 50, "asr": 48000, "filesize": 1430613, "fps": null, "height": null, "tbr": 64.967, "width": null, "vcodec": "none", "downloader_options": {"http_chunk_size": 10485760}, "format": "249 - audio only (tiny)", "protocol": "https", "http_headers": {"User-Agent": "Mozilla/5.0 (Windows NT 10.0; Win64; x64) AppleWebKit/537.36 (KHTML, like Gecko) Chrome/72.0.3623.3 Safari/537.36", "Accept-Charset": "ISO-8859-1,utf-8;q=0.7,*;q=0.7", "Accept": "text/html,application/xhtml+xml,application/xml;q=0.9,*/*;q=0.8", "Accept-Encoding": "gzip, deflate", "Accept-Language": "en-us,en;q=0.5"}}, {"format_id": "250", "url": "https://r5---sn-5njj-u2xl.googlevideo.com/videoplayback?expire=1609160502&ei=1oLpX_i7GJP4rQTBz5jwBA&ip=140.109.135.76&id=o-AFfa8r8raE8zUgH1uJsIDpKYXFdVc11jsvOV8tT_Sw0x&itag=250&source=youtube&requiressl=yes&mh=85&mm=31%2C29&mn=sn-5njj-u2xl%2Csn-un57en7l&ms=au%2Crdu&mv=m&mvi=5&pl=16&initcwndbps=700000&vprv=1&mime=audio%2Fwebm&ns=ykDIMKuohUVIfgK85gj2w1oF&gir=yes&clen=1917793&dur=193.061&lmt=1576184955198816&mt=1609138606&fvip=5&keepalive=yes&c=WEB&txp=6201222&n=SIdSmSfBFOCjff6d&sparams=expire%2Cei%2Cip%2Cid%2Citag%2Csource%2Crequiressl%2Cvprv%2Cmime%2Cns%2Cgir%2Cclen%2Cdur%2Clmt&lsparams=mh%2Cmm%2Cmn%2Cms%2Cmv%2Cmvi%2Cpl%2Cinitcwndbps&lsig=AG3C_xAwRQIgHIgu8psZngqsq0zu8tPbM0_8XHhVsIHJjvasPbndkRoCIQDC23OhS84V5M6FapFuhbn7TL-Zr9B2RX4FQDtFm6Yzyg%3D%3D&sig=AOq0QJ8wRQIgFHqq6F4FTtcX3HeoHbYk1RtpaUDBcUWbQJrIYtj1SwYCIQCstQ49NT7jpnN3SIFbzRDcgWRFA3gSCHS_0LFNmCbaFQ==&ratebypass=yes", "player_url": "/s/player/5dd3f3b2/player_ias.vflset/en_US/base.js", "ext": "webm", "format_note": "tiny", "acodec": "opus", "abr": 70, "asr": 48000, "filesize": 1917793, "fps": null, "height": null, "tbr": 85.481, "width": null, "vcodec": "none", "downloader_options": {"http_chunk_size": 10485760}, "format": "250 - audio only (tiny)", "protocol": "https", "http_headers": {"User-Agent": "Mozilla/5.0 (Windows NT 10.0; Win64; x64) AppleWebKit/537.36 (KHTML, like Gecko) Chrome/72.0.3623.3 Safari/537.36", "Accept-Charset": "ISO-8859-1,utf-8;q=0.7,*;q=0.7", "Accept": "text/html,application/xhtml+xml,application/xml;q=0.9,*/*;q=0.8", "Accept-Encoding": "gzip, deflate", "Accept-Language": "en-us,en;q=0.5"}}, {"format_id": "140", "url": "https://r5---sn-5njj-u2xl.googlevideo.com/videoplayback?expire=1609160502&ei=1oLpX_i7GJP4rQTBz5jwBA&ip=140.109.135.76&id=o-AFfa8r8raE8zUgH1uJsIDpKYXFdVc11jsvOV8tT_Sw0x&itag=140&source=youtube&requiressl=yes&mh=85&mm=31%2C29&mn=sn-5njj-u2xl%2Csn-un57en7l&ms=au%2Crdu&mv=m&mvi=5&pl=16&initcwndbps=700000&vprv=1&mime=audio%2Fmp4&ns=ykDIMKuohUVIfgK85gj2w1oF&gir=yes&clen=3125802&dur=193.097&lmt=1576180212312319&mt=1609138606&fvip=5&keepalive=yes&c=WEB&txp=6201222&n=SIdSmSfBFOCjff6d&sparams=expire%2Cei%2Cip%2Cid%2Citag%2Csource%2Crequiressl%2Cvprv%2Cmime%2Cns%2Cgir%2Cclen%2Cdur%2Clmt&lsparams=mh%2Cmm%2Cmn%2Cms%2Cmv%2Cmvi%2Cpl%2Cinitcwndbps&lsig=AG3C_xAwRAIhAJqzmIsHI_ucnFf859tMxLUkEfJIih5hQYRCZgXHor6gAh85LmID6gOVilUOKAAL8ICQfYVuqPRuN2DcMNtI3z0D&sig=AOq0QJ8wRQIhAKtheeyCI4nBsXTYrkCSsqx2htID67no9geHO8GVbcf9AiALQLfCtu2O4AxC8a68D8IaFEJTp67HI0kgNcnkLlenuw==&ratebypass=yes", "player_url": "/s/player/5dd3f3b2/player_ias.vflset/en_US/base.js", "ext": "m4a", "format_note": "tiny", "acodec": "mp4a.40.2", "abr": 128, "container": "m4a_dash", "asr": 44100, "filesize": 3125802, "fps": null, "height": null, "tbr": 130.591, "width": null, "vcodec": "none", "downloader_options": {"http_chunk_size": 10485760}, "format": "140 - audio only (tiny)", "protocol": "https", "http_headers": {"User-Agent": "Mozilla/5.0 (Windows NT 10.0; Win64; x64) AppleWebKit/537.36 (KHTML, like Gecko) Chrome/72.0.3623.3 Safari/537.36", "Accept-Charset": "ISO-8859-1,utf-8;q=0.7,*;q=0.7", "Accept": "text/html,application/xhtml+xml,application/xml;q=0.9,*/*;q=0.8", "Accept-Encoding": "gzip, deflate", "Accept-Language": "en-us,en;q=0.5"}}, {"format_id": "251", "url": "https://r5---sn-5njj-u2xl.googlevideo.com/videoplayback?expire=1609160502&ei=1oLpX_i7GJP4rQTBz5jwBA&ip=140.109.135.76&id=o-AFfa8r8raE8zUgH1uJsIDpKYXFdVc11jsvOV8tT_Sw0x&itag=251&source=youtube&requiressl=yes&mh=85&mm=31%2C29&mn=sn-5njj-u2xl%2Csn-un57en7l&ms=au%2Crdu&mv=m&mvi=5&pl=16&initcwndbps=700000&vprv=1&mime=audio%2Fwebm&ns=ykDIMKuohUVIfgK85gj2w1oF&gir=yes&clen=3716842&dur=193.061&lmt=1576184955638294&mt=1609138606&fvip=5&keepalive=yes&c=WEB&txp=6201222&n=SIdSmSfBFOCjff6d&sparams=expire%2Cei%2Cip%2Cid%2Citag%2Csource%2Crequiressl%2Cvprv%2Cmime%2Cns%2Cgir%2Cclen%2Cdur%2Clmt&lsparams=mh%2Cmm%2Cmn%2Cms%2Cmv%2Cmvi%2Cpl%2Cinitcwndbps&lsig=AG3C_xAwRAIgaOVa4EwSpXZpgnKMU-R0oYQdj72EgyE2KXjHVA_55bYCIG01sc8myS3Kne_Z7FzX8_2r_XtaQxNm2e9jrfKn3bZ9&sig=AOq0QJ8wRQIgYc2yupTagFYKsgRb_V1P0hhSQvimPzb4a_ey-M8fvdsCIQCorchE3HOLdfTA9sNrp_ijVJkL0lBV8azHSH8q_KFV1A==&ratebypass=yes", "player_url": "/s/player/5dd3f3b2/player_ias.vflset/en_US/base.js", "ext": "webm", "format_note": "tiny", "acodec": "opus", "abr": 160, "asr": 48000, "filesize": 3716842, "fps": null, "height": null, "tbr": 162.827, "width": null, "vcodec": "none", "downloader_options": {"http_chunk_size": 10485760}, "format": "251 - audio only (tiny)", "protocol": "https", "http_headers": {"User-Agent": "Mozilla/5.0 (Windows NT 10.0; Win64; x64) AppleWebKit/537.36 (KHTML, like Gecko) Chrome/72.0.3623.3 Safari/537.36", "Accept-Charset": "ISO-8859-1,utf-8;q=0.7,*;q=0.7", "Accept": "text/html,application/xhtml+xml,application/xml;q=0.9,*/*;q=0.8", "Accept-Encoding": "gzip, deflate", "Accept-Language": "en-us,en;q=0.5"}}, {"format_id": "278", "url": "https://r5---sn-5njj-u2xl.googlevideo.com/videoplayback?expire=1609160502&ei=1oLpX_i7GJP4rQTBz5jwBA&ip=140.109.135.76&id=o-AFfa8r8raE8zUgH1uJsIDpKYXFdVc11jsvOV8tT_Sw0x&itag=278&aitags=133%2C134%2C135%2C136%2C137%2C160%2C242%2C243%2C244%2C247%2C248%2C271%2C278%2C313&source=youtube&requiressl=yes&mh=85&mm=31%2C29&mn=sn-5njj-u2xl%2Csn-un57en7l&ms=au%2Crdu&mv=m&mvi=5&pl=16&initcwndbps=700000&vprv=1&mime=video%2Fwebm&ns=ykDIMKuohUVIfgK85gj2w1oF&gir=yes&clen=1966707&dur=193.040&lmt=1576180254020393&mt=1609138606&fvip=5&keepalive=yes&c=WEB&txp=6206222&n=SIdSmSfBFOCjff6d&sparams=expire%2Cei%2Cip%2Cid%2Caitags%2Csource%2Crequiressl%2Cvprv%2Cmime%2Cns%2Cgir%2Cclen%2Cdur%2Clmt&lsparams=mh%2Cmm%2Cmn%2Cms%2Cmv%2Cmvi%2Cpl%2Cinitcwndbps&lsig=AG3C_xAwRAIgevSEjXmx5no1CzTbPQ-SRK4DPm0wUCgo8vFxxzKZWqwCIEd0d3W0Uop04YYPtZPm08mUpdJ5ntpQt3CJxAhW20ro&sig=AOq0QJ8wRgIhAOe3mjLCce2JbmmLCTO9iBmpPJXvnHeKY85KS4SmtAnWAiEAx7oAeR6mXK125ePdlFUm2_7nVa42MTOqdlrn7P1mp0s=&ratebypass=yes", "player_url": "/s/player/5dd3f3b2/player_ias.vflset/en_US/base.js", "ext": "webm", "height": 144, "format_note": "144p", "container": "webm", "vcodec": "vp9", "asr": null, "filesize": 1966707, "fps": 25, "tbr": 90.96, "width": 256, "acodec": "none", "downloader_options": {"http_chunk_size": 10485760}, "format": "278 - 256x144 (144p)", "protocol": "https", "http_headers": {"User-Agent": "Mozilla/5.0 (Windows NT 10.0; Win64; x64) AppleWebKit/537.36 (KHTML, like Gecko) Chrome/72.0.3623.3 Safari/537.36", "Accept-Charset": "ISO-8859-1,utf-8;q=0.7,*;q=0.7", "Accept": "text/html,application/xhtml+xml,application/xml;q=0.9,*/*;q=0.8", "Accept-Encoding": "gzip, deflate", "Accept-Language": "en-us,en;q=0.5"}}, {"format_id": "160", "url": "https://r5---sn-5njj-u2xl.googlevideo.com/videoplayback?expire=1609160502&ei=1oLpX_i7GJP4rQTBz5jwBA&ip=140.109.135.76&id=o-AFfa8r8raE8zUgH1uJsIDpKYXFdVc11jsvOV8tT_Sw0x&itag=160&aitags=133%2C134%2C135%2C136%2C137%2C160%2C242%2C243%2C244%2C247%2C248%2C271%2C278%2C313&source=youtube&requiressl=yes&mh=85&mm=31%2C29&mn=sn-5njj-u2xl%2Csn-un57en7l&ms=au%2Crdu&mv=m&mvi=5&pl=16&initcwndbps=700000&vprv=1&mime=video%2Fmp4&ns=ykDIMKuohUVIfgK85gj2w1oF&gir=yes&clen=1685767&dur=193.040&lmt=1576180536393345&mt=1609138606&fvip=5&keepalive=yes&c=WEB&txp=6206222&n=SIdSmSfBFOCjff6d&sparams=expire%2Cei%2Cip%2Cid%2Caitags%2Csource%2Crequiressl%2Cvprv%2Cmime%2Cns%2Cgir%2Cclen%2Cdur%2Clmt&lsparams=mh%2Cmm%2Cmn%2Cms%2Cmv%2Cmvi%2Cpl%2Cinitcwndbps&lsig=AG3C_xAwRQIhAMEoRBPG5gWjm56FrINLFSyyD7rpUr5f1YVWuWdL8aZAAiBZ-UYy_iZq08_-bKjGWDI0ML5k7zkAqF00u-UIUKraBQ%3D%3D&sig=AOq0QJ8wRQIgQ10QeO8s7DKQrEueFVZuGD4NyV8SB-J0bNIaCSPzSlICIQDmGTDGXW0TuA2XRfnG0KcqS4wjJ1J0yRBBBzlMjhJdKQ==&ratebypass=yes", "player_url": "/s/player/5dd3f3b2/player_ias.vflset/en_US/base.js", "ext": "mp4", "height": 144, "format_note": "144p", "vcodec": "avc1.4d400c", "asr": null, "filesize": 1685767, "fps": 25, "tbr": 105.837, "width": 256, "acodec": "none", "downloader_options": {"http_chunk_size": 10485760}, "format": "160 - 256x144 (144p)", "protocol": "https", "http_headers": {"User-Agent": "Mozilla/5.0 (Windows NT 10.0; Win64; x64) AppleWebKit/537.36 (KHTML, like Gecko) Chrome/72.0.3623.3 Safari/537.36", "Accept-Charset": "ISO-8859-1,utf-8;q=0.7,*;q=0.7", "Accept": "text/html,application/xhtml+xml,application/xml;q=0.9,*/*;q=0.8", "Accept-Encoding": "gzip, deflate", "Accept-Language": "en-us,en;q=0.5"}}, {"format_id": "242", "url": "https://r5---sn-5njj-u2xl.googlevideo.com/videoplayback?expire=1609160502&ei=1oLpX_i7GJP4rQTBz5jwBA&ip=140.109.135.76&id=o-AFfa8r8raE8zUgH1uJsIDpKYXFdVc11jsvOV8tT_Sw0x&itag=242&aitags=133%2C134%2C135%2C136%2C137%2C160%2C242%2C243%2C244%2C247%2C248%2C271%2C278%2C313&source=youtube&requiressl=yes&mh=85&mm=31%2C29&mn=sn-5njj-u2xl%2Csn-un57en7l&ms=au%2Crdu&mv=m&mvi=5&pl=16&initcwndbps=700000&vprv=1&mime=video%2Fwebm&ns=ykDIMKuohUVIfgK85gj2w1oF&gir=yes&clen=3033621&dur=193.040&lmt=1576180254054754&mt=1609138606&fvip=5&keepalive=yes&c=WEB&txp=6206222&n=SIdSmSfBFOCjff6d&sparams=expire%2Cei%2Cip%2Cid%2Caitags%2Csource%2Crequiressl%2Cvprv%2Cmime%2Cns%2Cgir%2Cclen%2Cdur%2Clmt&lsparams=mh%2Cmm%2Cmn%2Cms%2Cmv%2Cmvi%2Cpl%2Cinitcwndbps&lsig=AG3C_xAwRQIhAJaf9YIdB8wvOxBY73qHI1rZ9wqyK4ze_AHHxPxckyeAAiBJi93PLLTejGkArCugpsuQYfn-OSU-Qf7t36qTFPEdqg%3D%3D&sig=AOq0QJ8wRQIhAOAGDW2ayoXfPkOSHEcR0D3MpsM-ylIaTDN-Q3KQqTN9AiB6sIWzB1W41knf9PaJl8LM4edUNYcJdzQaVKg7DnE04w==&ratebypass=yes", "player_url": "/s/player/5dd3f3b2/player_ias.vflset/en_US/base.js", "ext": "webm", "height": 240, "format_note": "240p", "vcodec": "vp9", "asr": null, "filesize": 3033621, "fps": 25, "tbr": 177.898, "width": 426, "acodec": "none", "downloader_options": {"http_chunk_size": 10485760}, "format": "242 - 426x240 (240p)", "protocol": "https", "http_headers": {"User-Agent": "Mozilla/5.0 (Windows NT 10.0; Win64; x64) AppleWebKit/537.36 (KHTML, like Gecko) Chrome/72.0.3623.3 Safari/537.36", "Accept-Charset": "ISO-8859-1,utf-8;q=0.7,*;q=0.7", "Accept": "text/html,application/xhtml+xml,application/xml;q=0.9,*/*;q=0.8", "Accept-Encoding": "gzip, deflate", "Accept-Language": "en-us,en;q=0.5"}}, {"format_id": "133", "url": "https://r5---sn-5njj-u2xl.googlevideo.com/videoplayback?expire=1609160502&ei=1oLpX_i7GJP4rQTBz5jwBA&ip=140.109.135.76&id=o-AFfa8r8raE8zUgH1uJsIDpKYXFdVc11jsvOV8tT_Sw0x&itag=133&aitags=133%2C134%2C135%2C136%2C137%2C160%2C242%2C243%2C244%2C247%2C248%2C271%2C278%2C313&source=youtube&requiressl=yes&mh=85&mm=31%2C29&mn=sn-5njj-u2xl%2Csn-un57en7l&ms=au%2Crdu&mv=m&mvi=5&pl=16&initcwndbps=700000&vprv=1&mime=video%2Fmp4&ns=ykDIMKuohUVIfgK85gj2w1oF&gir=yes&clen=3868847&dur=193.040&lmt=1576180536393882&mt=1609138606&fvip=5&keepalive=yes&c=WEB&txp=6206222&n=SIdSmSfBFOCjff6d&sparams=expire%2Cei%2Cip%2Cid%2Caitags%2Csource%2Crequiressl%2Cvprv%2Cmime%2Cns%2Cgir%2Cclen%2Cdur%2Clmt&lsparams=mh%2Cmm%2Cmn%2Cms%2Cmv%2Cmvi%2Cpl%2Cinitcwndbps&lsig=AG3C_xAwRQIgNi_0BLHrjqeTT496l3tzEyfG2tgNA3rkgVtia6UO5xoCIQCy5imI49XlzCfqa_NNGDR9ZLbg25UxFnnL9tRRGtWwFA%3D%3D&sig=AOq0QJ8wRQIhAMy9MdHHux2xSpYsfHHe0FDrXOKgbx1CSxOngFnS0HuoAiA5ZMm3zwKi-WOLDONSQIS8sfVwm5U-bQCaXwhB2APZzQ==&ratebypass=yes", "player_url": "/s/player/5dd3f3b2/player_ias.vflset/en_US/base.js", "ext": "mp4", "height": 240, "format_note": "240p", "vcodec": "avc1.4d4015", "asr": null, "filesize": 3868847, "fps": 25, "tbr": 247.178, "width": 426, "acodec": "none", "downloader_options": {"http_chunk_size": 10485760}, "format": "133 - 426x240 (240p)", "protocol": "https", "http_headers": {"User-Agent": "Mozilla/5.0 (Windows NT 10.0; Win64; x64) AppleWebKit/537.36 (KHTML, like Gecko) Chrome/72.0.3623.3 Safari/537.36", "Accept-Charset": "ISO-8859-1,utf-8;q=0.7,*;q=0.7", "Accept": "text/html,application/xhtml+xml,application/xml;q=0.9,*/*;q=0.8", "Accept-Encoding": "gzip, deflate", "Accept-Language": "en-us,en;q=0.5"}}, {"format_id": "243", "url": "https://r5---sn-5njj-u2xl.googlevideo.com/videoplayback?expire=1609160502&ei=1oLpX_i7GJP4rQTBz5jwBA&ip=140.109.135.76&id=o-AFfa8r8raE8zUgH1uJsIDpKYXFdVc11jsvOV8tT_Sw0x&itag=243&aitags=133%2C134%2C135%2C136%2C137%2C160%2C242%2C243%2C244%2C247%2C248%2C271%2C278%2C313&source=youtube&requiressl=yes&mh=85&mm=31%2C29&mn=sn-5njj-u2xl%2Csn-un57en7l&ms=au%2Crdu&mv=m&mvi=5&pl=16&initcwndbps=700000&vprv=1&mime=video%2Fwebm&ns=ykDIMKuohUVIfgK85gj2w1oF&gir=yes&clen=5337549&dur=193.040&lmt=1576180254015840&mt=1609138606&fvip=5&keepalive=yes&c=WEB&txp=6206222&n=SIdSmSfBFOCjff6d&sparams=expire%2Cei%2Cip%2Cid%2Caitags%2Csource%2Crequiressl%2Cvprv%2Cmime%2Cns%2Cgir%2Cclen%2Cdur%2Clmt&lsparams=mh%2Cmm%2Cmn%2Cms%2Cmv%2Cmvi%2Cpl%2Cinitcwndbps&lsig=AG3C_xAwRQIgVdA_ilSgIbFaV9iUbE-H9glZzTPb-L9GpiaWO4IYvwICIQCuY2LOMe3slyrnPzkBWj4nJUCViAey4ivz5TeTC5hRqg%3D%3D&sig=AOq0QJ8wRgIhAMFtTV4IdT69lChiIekhNSJvRnu6rTAneNa6gnby33YCAiEA30h2uisAQ9rB_x1ngtapgaZkuCUBD7vihkJ6H2KQeLs=&ratebypass=yes", "player_url": "/s/player/5dd3f3b2/player_ias.vflset/en_US/base.js", "ext": "webm", "height": 360, "format_note": "360p", "vcodec": "vp9", "asr": null, "filesize": 5337549, "fps": 25, "tbr": 316.69, "width": 640, "acodec": "none", "downloader_options": {"http_chunk_size": 10485760}, "format": "243 - 640x360 (360p)", "protocol": "https", "http_headers": {"User-Agent": "Mozilla/5.0 (Windows NT 10.0; Win64; x64) AppleWebKit/537.36 (KHTML, like Gecko) Chrome/72.0.3623.3 Safari/537.36", "Accept-Charset": "ISO-8859-1,utf-8;q=0.7,*;q=0.7", "Accept": "text/html,application/xhtml+xml,application/xml;q=0.9,*/*;q=0.8", "Accept-Encoding": "gzip, deflate", "Accept-Language": "en-us,en;q=0.5"}}, {"format_id": "134", "url": "https://r5---sn-5njj-u2xl.googlevideo.com/videoplayback?expire=1609160502&ei=1oLpX_i7GJP4rQTBz5jwBA&ip=140.109.135.76&id=o-AFfa8r8raE8zUgH1uJsIDpKYXFdVc11jsvOV8tT_Sw0x&itag=134&aitags=133%2C134%2C135%2C136%2C137%2C160%2C242%2C243%2C244%2C247%2C248%2C271%2C278%2C313&source=youtube&requiressl=yes&mh=85&mm=31%2C29&mn=sn-5njj-u2xl%2Csn-un57en7l&ms=au%2Crdu&mv=m&mvi=5&pl=16&initcwndbps=700000&vprv=1&mime=video%2Fmp4&ns=ykDIMKuohUVIfgK85gj2w1oF&gir=yes&clen=7274478&dur=193.040&lmt=1576180536408404&mt=1609138606&fvip=5&keepalive=yes&c=WEB&txp=6206222&n=SIdSmSfBFOCjff6d&sparams=expire%2Cei%2Cip%2Cid%2Caitags%2Csource%2Crequiressl%2Cvprv%2Cmime%2Cns%2Cgir%2Cclen%2Cdur%2Clmt&lsparams=mh%2Cmm%2Cmn%2Cms%2Cmv%2Cmvi%2Cpl%2Cinitcwndbps&lsig=AG3C_xAwRAIgcUlx4ScnyKrQYMaqJjeVDLwROnTJESlLc9_fCsTqz7ECIBNJEXXSfDJi2kWQi_EgxOTF9wXWJIElsYq1PUen-K2Y&sig=AOq0QJ8wRAIgKXNZ4_OolEL-mYYTZeXSIw-ZzbWMZd6l8bFV53WfTskCIAsvlxjJLDtOc8F2bentc3l-fEpfnfWgOjOhklRWBrnY&ratebypass=yes", "player_url": "/s/player/5dd3f3b2/player_ias.vflset/en_US/base.js", "ext": "mp4", "height": 360, "format_note": "360p", "vcodec": "avc1.4d401e", "asr": null, "filesize": 7274478, "fps": 25, "tbr": 486.693, "width": 640, "acodec": "none", "downloader_options": {"http_chunk_size": 10485760}, "format": "134 - 640x360 (360p)", "protocol": "https", "http_headers": {"User-Agent": "Mozilla/5.0 (Windows NT 10.0; Win64; x64) AppleWebKit/537.36 (KHTML, like Gecko) Chrome/72.0.3623.3 Safari/537.36", "Accept-Charset": "ISO-8859-1,utf-8;q=0.7,*;q=0.7", "Accept": "text/html,application/xhtml+xml,application/xml;q=0.9,*/*;q=0.8", "Accept-Encoding": "gzip, deflate", "Accept-Language": "en-us,en;q=0.5"}}, {"format_id": "244", "url": "https://r5---sn-5njj-u2xl.googlevideo.com/videoplayback?expire=1609160502&ei=1oLpX_i7GJP4rQTBz5jwBA&ip=140.109.135.76&id=o-AFfa8r8raE8zUgH1uJsIDpKYXFdVc11jsvOV8tT_Sw0x&itag=244&aitags=133%2C134%2C135%2C136%2C137%2C160%2C242%2C243%2C244%2C247%2C248%2C271%2C278%2C313&source=youtube&requiressl=yes&mh=85&mm=31%2C29&mn=sn-5njj-u2xl%2Csn-un57en7l&ms=au%2Crdu&mv=m&mvi=5&pl=16&initcwndbps=700000&vprv=1&mime=video%2Fwebm&ns=ykDIMKuohUVIfgK85gj2w1oF&gir=yes&clen=8567324&dur=193.040&lmt=1576180254006280&mt=1609138606&fvip=5&keepalive=yes&c=WEB&txp=6206222&n=SIdSmSfBFOCjff6d&sparams=expire%2Cei%2Cip%2Cid%2Caitags%2Csource%2Crequiressl%2Cvprv%2Cmime%2Cns%2Cgir%2Cclen%2Cdur%2Clmt&lsparams=mh%2Cmm%2Cmn%2Cms%2Cmv%2Cmvi%2Cpl%2Cinitcwndbps&lsig=AG3C_xAwRQIgQOVBYN3x3NB3j5gWilfq02LFVieufyS5hExYGpEbSPkCIQC6DRJDS0fGql0xk9xsLMJ5Sg_DhWBtkYvJ8X4bR_sg-g%3D%3D&sig=AOq0QJ8wRgIhAKvtgzvY8gVrHxFous6SjJwKGcolXpkcy1BFucVgtHJbAiEAw70UfXG916Am84EF_ee5o_xiGvuem9W7qGqFSb7yN4k=&ratebypass=yes", "player_url": "/s/player/5dd3f3b2/player_ias.vflset/en_US/base.js", "ext": "webm", "height": 480, "format_note": "480p", "vcodec": "vp9", "asr": null, "filesize": 8567324, "fps": 25, "tbr": 533.09, "width": 854, "acodec": "none", "downloader_options": {"http_chunk_size": 10485760}, "format": "244 - 854x480 (480p)", "protocol": "https", "http_headers": {"User-Agent": "Mozilla/5.0 (Windows NT 10.0; Win64; x64) AppleWebKit/537.36 (KHTML, like Gecko) Chrome/72.0.3623.3 Safari/537.36", "Accept-Charset": "ISO-8859-1,utf-8;q=0.7,*;q=0.7", "Accept": "text/html,application/xhtml+xml,application/xml;q=0.9,*/*;q=0.8", "Accept-Encoding": "gzip, deflate", "Accept-Language": "en-us,en;q=0.5"}}, {"format_id": "135", "url": "https://r5---sn-5njj-u2xl.googlevideo.com/videoplayback?expire=1609160502&ei=1oLpX_i7GJP4rQTBz5jwBA&ip=140.109.135.76&id=o-AFfa8r8raE8zUgH1uJsIDpKYXFdVc11jsvOV8tT_Sw0x&itag=135&aitags=133%2C134%2C135%2C136%2C137%2C160%2C242%2C243%2C244%2C247%2C248%2C271%2C278%2C313&source=youtube&requiressl=yes&mh=85&mm=31%2C29&mn=sn-5njj-u2xl%2Csn-un57en7l&ms=au%2Crdu&mv=m&mvi=5&pl=16&initcwndbps=700000&vprv=1&mime=video%2Fmp4&ns=ykDIMKuohUVIfgK85gj2w1oF&gir=yes&clen=13152821&dur=193.040&lmt=1576180536393320&mt=1609138606&fvip=5&keepalive=yes&c=WEB&txp=6206222&n=SIdSmSfBFOCjff6d&sparams=expire%2Cei%2Cip%2Cid%2Caitags%2Csource%2Crequiressl%2Cvprv%2Cmime%2Cns%2Cgir%2Cclen%2Cdur%2Clmt&lsparams=mh%2Cmm%2Cmn%2Cms%2Cmv%2Cmvi%2Cpl%2Cinitcwndbps&lsig=AG3C_xAwRQIgKsCyaWKXOfvfpB3oXkyjmc0boE1i8abH8mV0rT32lX4CIQDMqjxIzeSNDEYWX_GIE9Nwk0QdypGJIsJL2HgvWkofsg%3D%3D&sig=AOq0QJ8wRQIhAJ90I849pzhQ2hpPHYJNYR0ezBfm2RTbgjKRwIKUK-BcAiAD4Fn1ozZe3ZvY6XUjWXflQduqCmtVz7arVnCnE-MprA==&ratebypass=yes", "player_url": "/s/player/5dd3f3b2/player_ias.vflset/en_US/base.js", "ext": "mp4", "height": 480, "format_note": "480p", "vcodec": "avc1.4d401e", "asr": null, "filesize": 13152821, "fps": 25, "tbr": 941.281, "width": 854, "acodec": "none", "downloader_options": {"http_chunk_size": 10485760}, "format": "135 - 854x480 (480p)", "protocol": "https", "http_headers": {"User-Agent": "Mozilla/5.0 (Windows NT 10.0; Win64; x64) AppleWebKit/537.36 (KHTML, like Gecko) Chrome/72.0.3623.3 Safari/537.36", "Accept-Charset": "ISO-8859-1,utf-8;q=0.7,*;q=0.7", "Accept": "text/html,application/xhtml+xml,application/xml;q=0.9,*/*;q=0.8", "Accept-Encoding": "gzip, deflate", "Accept-Language": "en-us,en;q=0.5"}}, {"format_id": "247", "url": "https://r5---sn-5njj-u2xl.googlevideo.com/videoplayback?expire=1609160502&ei=1oLpX_i7GJP4rQTBz5jwBA&ip=140.109.135.76&id=o-AFfa8r8raE8zUgH1uJsIDpKYXFdVc11jsvOV8tT_Sw0x&itag=247&aitags=133%2C134%2C135%2C136%2C137%2C160%2C242%2C243%2C244%2C247%2C248%2C271%2C278%2C313&source=youtube&requiressl=yes&mh=85&mm=31%2C29&mn=sn-5njj-u2xl%2Csn-un57en7l&ms=au%2Crdu&mv=m&mvi=5&pl=16&initcwndbps=700000&vprv=1&mime=video%2Fwebm&ns=ykDIMKuohUVIfgK85gj2w1oF&gir=yes&clen=15638367&dur=193.040&lmt=1576180254006047&mt=1609138606&fvip=5&keepalive=yes&c=WEB&txp=6206222&n=SIdSmSfBFOCjff6d&sparams=expire%2Cei%2Cip%2Cid%2Caitags%2Csource%2Crequiressl%2Cvprv%2Cmime%2Cns%2Cgir%2Cclen%2Cdur%2Clmt&lsparams=mh%2Cmm%2Cmn%2Cms%2Cmv%2Cmvi%2Cpl%2Cinitcwndbps&lsig=AG3C_xAwRAIgWR2yDKgX_cKfPOqZi7jxOhqsJeoQU-Vd5r9gX_Eqfu8CIHvurgyXW0ks8vnsqHnV0fqMRv0S_qYcVc0-un7kv7IR&sig=AOq0QJ8wRQIga1gP2qodBnUTdTiYAW1A0oqL3URADcRTCGrauc23bWMCIQDjgr_Hii4j4yY-ob_W8KlWNax-T5BOKgKqf1MppeMQ1Q==&ratebypass=yes", "player_url": "/s/player/5dd3f3b2/player_ias.vflset/en_US/base.js", "ext": "webm", "height": 720, "format_note": "720p", "vcodec": "vp9", "asr": null, "filesize": 15638367, "fps": 25, "tbr": 1018.6, "width": 1280, "acodec": "none", "downloader_options": {"http_chunk_size": 10485760}, "format": "247 - 1280x720 (720p)", "protocol": "https", "http_headers": {"User-Agent": "Mozilla/5.0 (Windows NT 10.0; Win64; x64) AppleWebKit/537.36 (KHTML, like Gecko) Chrome/72.0.3623.3 Safari/537.36", "Accept-Charset": "ISO-8859-1,utf-8;q=0.7,*;q=0.7", "Accept": "text/html,application/xhtml+xml,application/xml;q=0.9,*/*;q=0.8", "Accept-Encoding": "gzip, deflate", "Accept-Language": "en-us,en;q=0.5"}}, {"format_id": "248", "url": "https://r5---sn-5njj-u2xl.googlevideo.com/videoplayback?expire=1609160502&ei=1oLpX_i7GJP4rQTBz5jwBA&ip=140.109.135.76&id=o-AFfa8r8raE8zUgH1uJsIDpKYXFdVc11jsvOV8tT_Sw0x&itag=248&aitags=133%2C134%2C135%2C136%2C137%2C160%2C242%2C243%2C244%2C247%2C248%2C271%2C278%2C313&source=youtube&requiressl=yes&mh=85&mm=31%2C29&mn=sn-5njj-u2xl%2Csn-un57en7l&ms=au%2Crdu&mv=m&mvi=5&pl=16&initcwndbps=700000&vprv=1&mime=video%2Fwebm&ns=ykDIMKuohUVIfgK85gj2w1oF&gir=yes&clen=25435992&dur=193.040&lmt=1576180254034854&mt=1609138606&fvip=5&keepalive=yes&c=WEB&txp=6206222&n=SIdSmSfBFOCjff6d&sparams=expire%2Cei%2Cip%2Cid%2Caitags%2Csource%2Crequiressl%2Cvprv%2Cmime%2Cns%2Cgir%2Cclen%2Cdur%2Clmt&lsparams=mh%2Cmm%2Cmn%2Cms%2Cmv%2Cmvi%2Cpl%2Cinitcwndbps&lsig=AG3C_xAwRAIgN-vJYq4coTnAeDKM7o6hz7NctTQCu-_rkLKADcoCl9UCIDBmkQNX1ghM3ThHzbjqgX6G7XmIbq7274Zom4XEag07&sig=AOq0QJ8wRAIgfinWV16hRN_w9thNsfEQid26gNlK-v8MGimo-FE_4QoCIH7nkBHP5wDCc7WsHx6H7rr_SaeO9PY59sET6z2md4u8&ratebypass=yes", "player_url": "/s/player/5dd3f3b2/player_ias.vflset/en_US/base.js", "ext": "webm", "height": 1080, "format_note": "1080p", "vcodec": "vp9", "asr": null, "filesize": 25435992, "fps": 25, "tbr": 1788.967, "width": 1920, "acodec": "none", "downloader_options": {"http_chunk_size": 10485760}, "format": "248 - 1920x1080 (1080p)", "protocol": "https", "http_headers": {"User-Agent": "Mozilla/5.0 (Windows NT 10.0; Win64; x64) AppleWebKit/537.36 (KHTML, like Gecko) Chrome/72.0.3623.3 Safari/537.36", "Accept-Charset": "ISO-8859-1,utf-8;q=0.7,*;q=0.7", "Accept": "text/html,application/xhtml+xml,application/xml;q=0.9,*/*;q=0.8", "Accept-Encoding": "gzip, deflate", "Accept-Language": "en-us,en;q=0.5"}}, {"format_id": "136", "url": "https://r5---sn-5njj-u2xl.googlevideo.com/videoplayback?expire=1609160502&ei=1oLpX_i7GJP4rQTBz5jwBA&ip=140.109.135.76&id=o-AFfa8r8raE8zUgH1uJsIDpKYXFdVc11jsvOV8tT_Sw0x&itag=136&aitags=133%2C134%2C135%2C136%2C137%2C160%2C242%2C243%2C244%2C247%2C248%2C271%2C278%2C313&source=youtube&requiressl=yes&mh=85&mm=31%2C29&mn=sn-5njj-u2xl%2Csn-un57en7l&ms=au%2Crdu&mv=m&mvi=5&pl=16&initcwndbps=700000&vprv=1&mime=video%2Fmp4&ns=ykDIMKuohUVIfgK85gj2w1oF&gir=yes&clen=26556123&dur=193.040&lmt=1576180536411122&mt=1609138606&fvip=5&keepalive=yes&c=WEB&txp=6206222&n=SIdSmSfBFOCjff6d&sparams=expire%2Cei%2Cip%2Cid%2Caitags%2Csource%2Crequiressl%2Cvprv%2Cmime%2Cns%2Cgir%2Cclen%2Cdur%2Clmt&lsparams=mh%2Cmm%2Cmn%2Cms%2Cmv%2Cmvi%2Cpl%2Cinitcwndbps&lsig=AG3C_xAwRAIgX1PjkACZysBCJvS1L6L8YB84ZuEBRkd4hQMI9q0rlnwCIFlvvAXzNnp89DIXb-ePH_s89sUiavYpC29lqNTO9v7C&sig=AOq0QJ8wRAIgWnn2uR_yqj7zP2JuhESsBd9A9lA0wPXJDdmi8MzNTS0CIB6b8pQWqPSeU9yfSn4duocSe7e_6EeYa7WF1zaoER7S&ratebypass=yes", "player_url": "/s/player/5dd3f3b2/player_ias.vflset/en_US/base.js", "ext": "mp4", "height": 720, "format_note": "720p", "vcodec": "avc1.4d401f", "asr": null, "filesize": 26556123, "fps": 25, "tbr": 1989.84, "width": 1280, "acodec": "none", "downloader_options": {"http_chunk_size": 10485760}, "format": "136 - 1280x720 (720p)", "protocol": "https", "http_headers": {"User-Agent": "Mozilla/5.0 (Windows NT 10.0; Win64; x64) AppleWebKit/537.36 (KHTML, like Gecko) Chrome/72.0.3623.3 Safari/537.36", "Accept-Charset": "ISO-8859-1,utf-8;q=0.7,*;q=0.7", "Accept": "text/html,application/xhtml+xml,application/xml;q=0.9,*/*;q=0.8", "Accept-Encoding": "gzip, deflate", "Accept-Language": "en-us,en;q=0.5"}}, {"format_id": "137", "url": "https://r5---sn-5njj-u2xl.googlevideo.com/videoplayback?expire=1609160502&ei=1oLpX_i7GJP4rQTBz5jwBA&ip=140.109.135.76&id=o-AFfa8r8raE8zUgH1uJsIDpKYXFdVc11jsvOV8tT_Sw0x&itag=137&aitags=133%2C134%2C135%2C136%2C137%2C160%2C242%2C243%2C244%2C247%2C248%2C271%2C278%2C313&source=youtube&requiressl=yes&mh=85&mm=31%2C29&mn=sn-5njj-u2xl%2Csn-un57en7l&ms=au%2Crdu&mv=m&mvi=5&pl=16&initcwndbps=700000&vprv=1&mime=video%2Fmp4&ns=ykDIMKuohUVIfgK85gj2w1oF&gir=yes&clen=47666617&dur=193.040&lmt=1576180536395304&mt=1609138606&fvip=5&keepalive=yes&c=WEB&txp=6206222&n=SIdSmSfBFOCjff6d&sparams=expire%2Cei%2Cip%2Cid%2Caitags%2Csource%2Crequiressl%2Cvprv%2Cmime%2Cns%2Cgir%2Cclen%2Cdur%2Clmt&lsparams=mh%2Cmm%2Cmn%2Cms%2Cmv%2Cmvi%2Cpl%2Cinitcwndbps&lsig=AG3C_xAwRgIhALYzLpYcKeN6k2HGZvoer6auXZypgK7-mDhZeM7WDHCWAiEA2XUnWwDUdW7NI1OKfNGgUxUtch4Vv_twxM_9rY_JW4g%3D&sig=AOq0QJ8wRQIhANp7evV71UEdcwExgN7CN1M4SIeWaUCyc6_Kqc0lndjpAiACxNEhbplOY-ZyiuCH5K6nV6UzS04uydkhQAMpEsSM4w==&ratebypass=yes", "player_url": "/s/player/5dd3f3b2/player_ias.vflset/en_US/base.js", "ext": "mp4", "height": 1080, "format_note": "1080p", "vcodec": "avc1.640028", "asr": null, "filesize": 47666617, "fps": 25, "tbr": 3762.189, "width": 1920, "acodec": "none", "downloader_options": {"http_chunk_size": 10485760}, "format": "137 - 1920x1080 (1080p)", "protocol": "https", "http_headers": {"User-Agent": "Mozilla/5.0 (Windows NT 10.0; Win64; x64) AppleWebKit/537.36 (KHTML, like Gecko) Chrome/72.0.3623.3 Safari/537.36", "Accept-Charset": "ISO-8859-1,utf-8;q=0.7,*;q=0.7", "Accept": "text/html,application/xhtml+xml,application/xml;q=0.9,*/*;q=0.8", "Accept-Encoding": "gzip, deflate", "Accept-Language": "en-us,en;q=0.5"}}, {"format_id": "271", "url": "https://r5---sn-5njj-u2xl.googlevideo.com/videoplayback?expire=1609160502&ei=1oLpX_i7GJP4rQTBz5jwBA&ip=140.109.135.76&id=o-AFfa8r8raE8zUgH1uJsIDpKYXFdVc11jsvOV8tT_Sw0x&itag=271&aitags=133%2C134%2C135%2C136%2C137%2C160%2C242%2C243%2C244%2C247%2C248%2C271%2C278%2C313&source=youtube&requiressl=yes&mh=85&mm=31%2C29&mn=sn-5njj-u2xl%2Csn-un57en7l&ms=au%2Crdu&mv=m&mvi=5&pl=16&initcwndbps=700000&vprv=1&mime=video%2Fwebm&ns=ykDIMKuohUVIfgK85gj2w1oF&gir=yes&clen=86330574&dur=193.040&lmt=1576180254011081&mt=1609138606&fvip=5&keepalive=yes&c=WEB&txp=6206222&n=SIdSmSfBFOCjff6d&sparams=expire%2Cei%2Cip%2Cid%2Caitags%2Csource%2Crequiressl%2Cvprv%2Cmime%2Cns%2Cgir%2Cclen%2Cdur%2Clmt&lsparams=mh%2Cmm%2Cmn%2Cms%2Cmv%2Cmvi%2Cpl%2Cinitcwndbps&lsig=AG3C_xAwRQIgO02goqcNi_ogWoMsq_cx6fLsg09jxssaQJWgJzTPq7gCIQDCYPG1EdE0-Rn8r3Rh4V8KEGY2Y6BuvJ8kfumD01Mxgg%3D%3D&sig=AOq0QJ8wRQIgUPAX2WTt5HqLbTebp1Y-AItHgr4XsbJ7dwBruVZJta4CIQC1m7pq7sboj_1Z-q9LPOIF8llVXgphPkcX6-mQNOH2PA==&ratebypass=yes", "player_url": "/s/player/5dd3f3b2/player_ias.vflset/en_US/base.js", "ext": "webm", "height": 1440, "format_note": "1440p", "vcodec": "vp9", "asr": null, "filesize": 86330574, "fps": 25, "tbr": 5038.701, "width": 2560, "acodec": "none", "downloader_options": {"http_chunk_size": 10485760}, "format": "271 - 2560x1440 (1440p)", "protocol": "https", "http_headers": {"User-Agent": "Mozilla/5.0 (Windows NT 10.0; Win64; x64) AppleWebKit/537.36 (KHTML, like Gecko) Chrome/72.0.3623.3 Safari/537.36", "Accept-Charset": "ISO-8859-1,utf-8;q=0.7,*;q=0.7", "Accept": "text/html,application/xhtml+xml,application/xml;q=0.9,*/*;q=0.8", "Accept-Encoding": "gzip, deflate", "Accept-Language": "en-us,en;q=0.5"}}, {"format_id": "313", "url": "https://r5---sn-5njj-u2xl.googlevideo.com/videoplayback?expire=1609160502&ei=1oLpX_i7GJP4rQTBz5jwBA&ip=140.109.135.76&id=o-AFfa8r8raE8zUgH1uJsIDpKYXFdVc11jsvOV8tT_Sw0x&itag=313&aitags=133%2C134%2C135%2C136%2C137%2C160%2C242%2C243%2C244%2C247%2C248%2C271%2C278%2C313&source=youtube&requiressl=yes&mh=85&mm=31%2C29&mn=sn-5njj-u2xl%2Csn-un57en7l&ms=au%2Crdu&mv=m&mvi=5&pl=16&initcwndbps=700000&vprv=1&mime=video%2Fwebm&ns=ykDIMKuohUVIfgK85gj2w1oF&gir=yes&clen=192064169&dur=193.040&lmt=1576180254014229&mt=1609138606&fvip=5&keepalive=yes&c=WEB&txp=6206222&n=SIdSmSfBFOCjff6d&sparams=expire%2Cei%2Cip%2Cid%2Caitags%2Csource%2Crequiressl%2Cvprv%2Cmime%2Cns%2Cgir%2Cclen%2Cdur%2Clmt&lsparams=mh%2Cmm%2Cmn%2Cms%2Cmv%2Cmvi%2Cpl%2Cinitcwndbps&lsig=AG3C_xAwRgIhAPJ8X6S8DbD65SyvrJPPdKXd1OFjILfBySlLLaO2UrIhAiEAysZ3e1iirQd-FxFdL4J3ek54Fb6om-MOXmeyHmoVz6k%3D&sig=AOq0QJ8wRgIhAPp_X6mLR9daZyTNiLI2zNA4kaahEv-SkOLqwtVlpkDEAiEAkxoIhSzBuYUcejX9MQpNmuTvYYg7gCKdfBgzsJfZE-Y=&ratebypass=yes", "player_url": "/s/player/5dd3f3b2/player_ias.vflset/en_US/base.js", "ext": "webm", "height": 2160, "format_note": "2160p", "vcodec": "vp9", "asr": null, "filesize": 192064169, "fps": 25, "tbr": 9827.578, "width": 3840, "acodec": "none", "downloader_options": {"http_chunk_size": 10485760}, "format": "313 - 3840x2160 (2160p)", "protocol": "https", "http_headers": {"User-Agent": "Mozilla/5.0 (Windows NT 10.0; Win64; x64) AppleWebKit/537.36 (KHTML, like Gecko) Chrome/72.0.3623.3 Safari/537.36", "Accept-Charset": "ISO-8859-1,utf-8;q=0.7,*;q=0.7", "Accept": "text/html,application/xhtml+xml,application/xml;q=0.9,*/*;q=0.8", "Accept-Encoding": "gzip, deflate", "Accept-Language": "en-us,en;q=0.5"}}, {"format_id": "18", "url": "https://r5---sn-5njj-u2xl.googlevideo.com/videoplayback?expire=1609160502&ei=1oLpX_i7GJP4rQTBz5jwBA&ip=140.109.135.76&id=o-AFfa8r8raE8zUgH1uJsIDpKYXFdVc11jsvOV8tT_Sw0x&itag=18&source=youtube&requiressl=yes&mh=85&mm=31%2C29&mn=sn-5njj-u2xl%2Csn-un57en7l&ms=au%2Crdu&mv=m&mvi=5&pl=16&initcwndbps=700000&vprv=1&mime=video%2Fmp4&ns=En6bNMOSSIZapTZnljaNVhQF&gir=yes&clen=10198670&ratebypass=yes&dur=193.097&lmt=1576179323782083&mt=1609138606&fvip=5&c=WEB&txp=6216222&n=inbK4jeSUyxpLiYI&sparams=expire%2Cei%2Cip%2Cid%2Citag%2Csource%2Crequiressl%2Cvprv%2Cmime%2Cns%2Cgir%2Cclen%2Cratebypass%2Cdur%2Clmt&lsparams=mh%2Cmm%2Cmn%2Cms%2Cmv%2Cmvi%2Cpl%2Cinitcwndbps&lsig=AG3C_xAwRQIge6t4St2OXNLIsC1Jr-_rLIlN3hviRY4IQtEik7P2I_wCIQDLRQfoScO-jWyCliQZdxVte5wXgZL0_Mc9I0ZbqVFyIw%3D%3D&sig=AOq0QJ8wRQIgcp1WJ3xMM8cUji0lCXT-bVMjcGbe0STWxrP8WZvma3kCIQDl8ARiObaLbW-qk2qpYdra15zp8LTb2hutyIA_sA7J-Q==", "player_url": "/s/player/5dd3f3b2/player_ias.vflset/en_US/base.js", "ext": "mp4", "width": 640, "height": 360, "acodec": "mp4a.40.2", "abr": 96, "vcodec": "avc1.42001E", "asr": 44100, "filesize": 10198670, "format_note": "360p", "fps": 25, "tbr": 422.655, "format": "18 - 640x360 (360p)", "protocol": "https", "http_headers": {"User-Agent": "Mozilla/5.0 (Windows NT 10.0; Win64; x64) AppleWebKit/537.36 (KHTML, like Gecko) Chrome/72.0.3623.3 Safari/537.36", "Accept-Charset": "ISO-8859-1,utf-8;q=0.7,*;q=0.7", "Accept": "text/html,application/xhtml+xml,application/xml;q=0.9,*/*;q=0.8", "Accept-Encoding": "gzip, deflate", "Accept-Language": "en-us,en;q=0.5"}}], "is_live": null, "start_time": null, "end_time": null, "series": null, "season_number": null, "episode_number": null, "track": null, "artist": null, "album": null, "release_date": null, "release_year": null, "extractor": "youtube", "webpage_url_basename": "watch", "extractor_key": "Youtube", "playlist": null, "playlist_index": null, "thumbnail": "https://i.ytimg.com/vi/DX1IK3z1w10/hqdefault.jpg?sqp=-oaymwEZCNACELwBSFXyq4qpAwsIARUAAIhCGAFwAQ==&rs=AOn4CLCFAyoM1a6VpCDe-V59oRrRRK7OGg", "display_id": "DX1IK3z1w10", "requested_subtitles": null, "format_id": "251", "url": "https://r5---sn-5njj-u2xl.googlevideo.com/videoplayback?expire=1609160502&ei=1oLpX_i7GJP4rQTBz5jwBA&ip=140.109.135.76&id=o-AFfa8r8raE8zUgH1uJsIDpKYXFdVc11jsvOV8tT_Sw0x&itag=251&source=youtube&requiressl=yes&mh=85&mm=31%2C29&mn=sn-5njj-u2xl%2Csn-un57en7l&ms=au%2Crdu&mv=m&mvi=5&pl=16&initcwndbps=700000&vprv=1&mime=audio%2Fwebm&ns=ykDIMKuohUVIfgK85gj2w1oF&gir=yes&clen=3716842&dur=193.061&lmt=1576184955638294&mt=1609138606&fvip=5&keepalive=yes&c=WEB&txp=6201222&n=SIdSmSfBFOCjff6d&sparams=expire%2Cei%2Cip%2Cid%2Citag%2Csource%2Crequiressl%2Cvprv%2Cmime%2Cns%2Cgir%2Cclen%2Cdur%2Clmt&lsparams=mh%2Cmm%2Cmn%2Cms%2Cmv%2Cmvi%2Cpl%2Cinitcwndbps&lsig=AG3C_xAwRAIgaOVa4EwSpXZpgnKMU-R0oYQdj72EgyE2KXjHVA_55bYCIG01sc8myS3Kne_Z7FzX8_2r_XtaQxNm2e9jrfKn3bZ9&sig=AOq0QJ8wRQIgYc2yupTagFYKsgRb_V1P0hhSQvimPzb4a_ey-M8fvdsCIQCorchE3HOLdfTA9sNrp_ijVJkL0lBV8azHSH8q_KFV1A==&ratebypass=yes", "player_url": "/s/player/5dd3f3b2/player_ias.vflset/en_US/base.js", "ext": "webm", "format_note": "tiny", "acodec": "opus", "abr": 160, "asr": 48000, "filesize": 3716842, "fps": null, "height": null, "tbr": 162.827, "width": null, "vcodec": "none", "downloader_options": {"http_chunk_size": 10485760}, "format": "251 - audio only (tiny)", "protocol": "https", "http_headers": {"User-Agent": "Mozilla/5.0 (Windows NT 10.0; Win64; x64) AppleWebKit/537.36 (KHTML, like Gecko) Chrome/72.0.3623.3 Safari/537.36", "Accept-Charset": "ISO-8859-1,utf-8;q=0.7,*;q=0.7", "Accept": "text/html,application/xhtml+xml,application/xml;q=0.9,*/*;q=0.8", "Accept-Encoding": "gzip, deflate", "Accept-Language": "en-us,en;q=0.5"}}