{"id": "eVMSeElk81Q", "uploader": "Francesco Parrino", "uploader_id": "FrancescoParrino", "uploader_url": "http://www.youtube.com/user/FrancescoParrino", "channel_id": "UCQ8THdZnqPVoLN9zuT-pjBg", "channel_url": "http://www.youtube.com/channel/UCQ8THdZnqPVoLN9zuT-pjBg", "upload_date": "20190913", "license": null, "creator": null, "title": "Santana - Smooth (feat. Rob Thomas) | Piano Cover + Sheet Music", "alt_title": null, "thumbnails": [{"url": "https://i.ytimg.com/vi/eVMSeElk81Q/hqdefault.jpg?sqp=-oaymwEYCKgBEF5IVfKriqkDCwgBFQAAiEIYAXAB&rs=AOn4CLBiwYNS0sl9KAooRdOa9MEGpOanqQ", "width": 168, "height": 94, "resolution": "168x94", "id": "0"}, {"url": "https://i.ytimg.com/vi/eVMSeElk81Q/hqdefault.jpg?sqp=-oaymwEYCMQBEG5IVfKriqkDCwgBFQAAiEIYAXAB&rs=AOn4CLAavHpHlXLkWJ6kbvhZSS_mhj14Mw", "width": 196, "height": 110, "resolution": "196x110", "id": "1"}, {"url": "https://i.ytimg.com/vi/eVMSeElk81Q/hqdefault.jpg?sqp=-oaymwEZCPYBEIoBSFXyq4qpAwsIARUAAIhCGAFwAQ==&rs=AOn4CLBlAfJfJKyNk-d7dvWelVhNGrqxug", "width": 246, "height": 138, "resolution": "246x138", "id": "2"}, {"url": "https://i.ytimg.com/vi/eVMSeElk81Q/hqdefault.jpg?sqp=-oaymwEZCNACELwBSFXyq4qpAwsIARUAAIhCGAFwAQ==&rs=AOn4CLDSI8FjYzx8aRICzVMxIeWDteoaRQ", "width": 336, "height": 188, "resolution": "336x188", "id": "3"}, {"url": "https://i.ytimg.com/vi_webp/eVMSeElk81Q/maxresdefault.webp", "width": 1920, "height": 1080, "resolution": "1920x1080", "id": "4"}], "description": "\u266b SHEET MUSIC is Available Here: http://bit.ly/FPM_Smooth\n\ud83d\udc4d Thumbs up, SUBSCRIBE and click the \ud83d\udd14 for more contents: https://bit.ly/FPSubscribe\n\ud83c\udfb9 Want to learn the piano? This is the app for you! https://bit.ly/FPM_Skoove\n\nThis cover is a new classic from 1999... Smooth! Great fun to play!\n\n\u25cf Check my TUTORIAL of this arrangement here: https://youtu.be/Zf8gadQALeQ\n\nFind me on:\n\ud83c\udfa7 Spotify: https://bit.ly/FPM_Spotify \n\ud83c\udfa7 iTunes: https://bit.ly/FPM_iTunes\n\ud83c\udfa7 Deezer: https://bit.ly/FPM_Deezer\n\ud83c\udfa7 Youtube Music: http://bit.ly/FPM_YoutubeMusic\n\n\u25cf TUTORIALS, Extras, Bloopers, Live: http://bit.ly/FPM_TutorialsExtras\n\u25cf All my SCORES: http://bit.ly/FPM_SheetMusic\n\u25cf Full Discography: http://bit.ly/FPM_Discography\n\u25cf Website: http://bit.ly/FrancescoParrinoMusic\n\u25cf MIDI files: http://bit.ly/FPM_Media\n\u25cf Check my new Classical Channel: https://bit.ly/FPM_ClassicalSub\n\n\u25cf Let's connect on Facebook: http://bit.ly/FPM-Facebook\n\u25cf Or Instagram: http://bit.ly/FPM-Instagram\n\n#CarlosSantana #Smooth #SheetMusic", "categories": ["Music"], "tags": ["Santana", "Smooth", "Rob Thomas", "1999", "Supernatural", "Piano", "Cover", "Francesco Parrino", "Sheet Music", "Score", "MIDI", "Arrangement", "Instrumental"], "subtitles": {}, "automatic_captions": {}, "duration": 255, "age_limit": 0, "annotations": null, "chapters": null, "webpage_url": "https://www.youtube.com/watch?v=eVMSeElk81Q", "view_count": 96529, "like_count": 2622, "dislike_count": 16, "average_rating": 4.975739, "formats": [{"format_id": "249", "url": "https://r5---sn-5njj-u2xl.googlevideo.com/videoplayback?expire=1612167712&ei=wGUXYPuMOZnsqAHw_qGwBg&ip=140.109.135.76&id=o-ALZEpXYnrXWv8vBhBrLQ12Vfs6YTOSlSRT_G8rqq90Vq&itag=249&source=youtube&requiressl=yes&mh=gi&mm=31%2C29&mn=sn-5njj-u2xl%2Csn-un57sn76&ms=au%2Crdu&mv=m&mvi=5&pl=16&initcwndbps=422500&vprv=1&mime=audio%2Fwebm&ns=iW06DEnywjqqZrSuGNP6ZSIF&gir=yes&clen=1833139&dur=255.181&lmt=1568368604527413&mt=1612145803&fvip=5&keepalive=yes&c=WEB&txp=2301222&n=SIgAtrizezdkogqH2&sparams=expire%2Cei%2Cip%2Cid%2Citag%2Csource%2Crequiressl%2Cvprv%2Cmime%2Cns%2Cgir%2Cclen%2Cdur%2Clmt&lsparams=mh%2Cmm%2Cmn%2Cms%2Cmv%2Cmvi%2Cpl%2Cinitcwndbps&lsig=AG3C_xAwRAIgEYfuPSEtDGnXJdW9qE-fmS2-QBxzcM6vcGy7sAOB63wCIHrqfxXynFNWt9IWbis-bPX-pJgcxwxxwDMtsXAncPvO&sig=AOq0QJ8wRQIgS-r9X2RoBcW3BvbEaJOYvKrhTkWLYz7VxN-eDzKl53sCIQC9pK8Jgy1B_maEUyq3i3m_CcLBlPktzzGNvf9Rfk-rzQ==&ratebypass=yes", "player_url": "/s/player/7bc032d0/player_ias.vflset/en_US/base.js", "ext": "webm", "format_note": "tiny", "acodec": "opus", "abr": 50, "asr": 48000, "filesize": 1833139, "fps": null, "height": null, "tbr": 65.292, "width": null, "vcodec": "none", "downloader_options": {"http_chunk_size": 10485760}, "format": "249 - audio only (tiny)", "protocol": "https", "http_headers": {"User-Agent": "Mozilla/5.0 (Windows NT 10.0; Win64; x64) AppleWebKit/537.36 (KHTML, like Gecko) Chrome/70.0.3538.79 Safari/537.36", "Accept-Charset": "ISO-8859-1,utf-8;q=0.7,*;q=0.7", "Accept": "text/html,application/xhtml+xml,application/xml;q=0.9,*/*;q=0.8", "Accept-Encoding": "gzip, deflate", "Accept-Language": "en-us,en;q=0.5"}}, {"format_id": "250", "url": "https://r5---sn-5njj-u2xl.googlevideo.com/videoplayback?expire=1612167712&ei=wGUXYPuMOZnsqAHw_qGwBg&ip=140.109.135.76&id=o-ALZEpXYnrXWv8vBhBrLQ12Vfs6YTOSlSRT_G8rqq90Vq&itag=250&source=youtube&requiressl=yes&mh=gi&mm=31%2C29&mn=sn-5njj-u2xl%2Csn-un57sn76&ms=au%2Crdu&mv=m&mvi=5&pl=16&initcwndbps=422500&vprv=1&mime=audio%2Fwebm&ns=iW06DEnywjqqZrSuGNP6ZSIF&gir=yes&clen=2459012&dur=255.181&lmt=1568368604502001&mt=1612145803&fvip=5&keepalive=yes&c=WEB&txp=2301222&n=SIgAtrizezdkogqH2&sparams=expire%2Cei%2Cip%2Cid%2Citag%2Csource%2Crequiressl%2Cvprv%2Cmime%2Cns%2Cgir%2Cclen%2Cdur%2Clmt&lsparams=mh%2Cmm%2Cmn%2Cms%2Cmv%2Cmvi%2Cpl%2Cinitcwndbps&lsig=AG3C_xAwRgIhANwQ7CfJZ20-LgtUhd4GPc6Vv0cZWFLesOFNTOn-eSfaAiEA5irHbiiV_en71mPKcnVE8891Y9BUOBq4rkmZXG3U8Q4%3D&sig=AOq0QJ8wRQIgRrtgQB62nRnQBnirooYM_XTTn8MoctA7JeuXTOuhB_UCIQCvdAst7GWd3cC8B4mHcebwKs-1-YwYHkgkl1TKq5b3pA==&ratebypass=yes", "player_url": "/s/player/7bc032d0/player_ias.vflset/en_US/base.js", "ext": "webm", "format_note": "tiny", "acodec": "opus", "abr": 70, "asr": 48000, "filesize": 2459012, "fps": null, "height": null, "tbr": 86.98, "width": null, "vcodec": "none", "downloader_options": {"http_chunk_size": 10485760}, "format": "250 - audio only (tiny)", "protocol": "https", "http_headers": {"User-Agent": "Mozilla/5.0 (Windows NT 10.0; Win64; x64) AppleWebKit/537.36 (KHTML, like Gecko) Chrome/70.0.3538.79 Safari/537.36", "Accept-Charset": "ISO-8859-1,utf-8;q=0.7,*;q=0.7", "Accept": "text/html,application/xhtml+xml,application/xml;q=0.9,*/*;q=0.8", "Accept-Encoding": "gzip, deflate", "Accept-Language": "en-us,en;q=0.5"}}, {"format_id": "140", "url": "https://r5---sn-5njj-u2xl.googlevideo.com/videoplayback?expire=1612167712&ei=wGUXYPuMOZnsqAHw_qGwBg&ip=140.109.135.76&id=o-ALZEpXYnrXWv8vBhBrLQ12Vfs6YTOSlSRT_G8rqq90Vq&itag=140&source=youtube&requiressl=yes&mh=gi&mm=31%2C29&mn=sn-5njj-u2xl%2Csn-un57sn76&ms=au%2Crdu&mv=m&mvi=5&pl=16&initcwndbps=422500&vprv=1&mime=audio%2Fmp4&ns=iW06DEnywjqqZrSuGNP6ZSIF&gir=yes&clen=4131183&dur=255.210&lmt=1568365553071914&mt=1612145803&fvip=5&keepalive=yes&c=WEB&txp=2311222&n=SIgAtrizezdkogqH2&sparams=expire%2Cei%2Cip%2Cid%2Citag%2Csource%2Crequiressl%2Cvprv%2Cmime%2Cns%2Cgir%2Cclen%2Cdur%2Clmt&lsparams=mh%2Cmm%2Cmn%2Cms%2Cmv%2Cmvi%2Cpl%2Cinitcwndbps&lsig=AG3C_xAwRgIhAKrdaimokSHr7jrDwupE14vqtqTsCxZJpaw5a4GmgHZxAiEAlSIOz5KHqX5W0ukgMWrybL0debnyG68KxYiEyLwAnRA%3D&sig=AOq0QJ8wRQIhAJQUfg2vKYatn3c1QLbWFrJ1fWqVSwiQnSnFYyATpB4FAiAQN3uMFlFo7t5ul14fqWRrw1YlVRBeW02l6vfEaa64tw==&ratebypass=yes", "player_url": "/s/player/7bc032d0/player_ias.vflset/en_US/base.js", "ext": "m4a", "format_note": "tiny", "acodec": "mp4a.40.2", "abr": 128, "container": "m4a_dash", "asr": 44100, "filesize": 4131183, "fps": null, "height": null, "tbr": 130.516, "width": null, "vcodec": "none", "downloader_options": {"http_chunk_size": 10485760}, "format": "140 - audio only (tiny)", "protocol": "https", "http_headers": {"User-Agent": "Mozilla/5.0 (Windows NT 10.0; Win64; x64) AppleWebKit/537.36 (KHTML, like Gecko) Chrome/70.0.3538.79 Safari/537.36", "Accept-Charset": "ISO-8859-1,utf-8;q=0.7,*;q=0.7", "Accept": "text/html,application/xhtml+xml,application/xml;q=0.9,*/*;q=0.8", "Accept-Encoding": "gzip, deflate", "Accept-Language": "en-us,en;q=0.5"}}, {"format_id": "251", "url": "https://r5---sn-5njj-u2xl.googlevideo.com/videoplayback?expire=1612167712&ei=wGUXYPuMOZnsqAHw_qGwBg&ip=140.109.135.76&id=o-ALZEpXYnrXWv8vBhBrLQ12Vfs6YTOSlSRT_G8rqq90Vq&itag=251&source=youtube&requiressl=yes&mh=gi&mm=31%2C29&mn=sn-5njj-u2xl%2Csn-un57sn76&ms=au%2Crdu&mv=m&mvi=5&pl=16&initcwndbps=422500&vprv=1&mime=audio%2Fwebm&ns=iW06DEnywjqqZrSuGNP6ZSIF&gir=yes&clen=4762861&dur=255.181&lmt=1568368604654855&mt=1612145803&fvip=5&keepalive=yes&c=WEB&txp=2301222&n=SIgAtrizezdkogqH2&sparams=expire%2Cei%2Cip%2Cid%2Citag%2Csource%2Crequiressl%2Cvprv%2Cmime%2Cns%2Cgir%2Cclen%2Cdur%2Clmt&lsparams=mh%2Cmm%2Cmn%2Cms%2Cmv%2Cmvi%2Cpl%2Cinitcwndbps&lsig=AG3C_xAwRAIgHZMtB5--QRJvxUD2YxvBo7yEZy5u6xpPxBds3lIkCMkCIDs9-P6iudF1uGvmzZDhxI3rteZ30kDRV24JaanPLSGC&sig=AOq0QJ8wRQIhALAj0IjAZRpGBBrStiJLkfLZZPo-IeR-Z-B0FWZrWFwZAiAqggammJDVXX-2vglyzLLOKA7kiG8QX4KfOkKlex7HOA==&ratebypass=yes", "player_url": "/s/player/7bc032d0/player_ias.vflset/en_US/base.js", "ext": "webm", "format_note": "tiny", "acodec": "opus", "abr": 160, "asr": 48000, "filesize": 4762861, "fps": null, "height": null, "tbr": 164.129, "width": null, "vcodec": "none", "downloader_options": {"http_chunk_size": 10485760}, "format": "251 - audio only (tiny)", "protocol": "https", "http_headers": {"User-Agent": "Mozilla/5.0 (Windows NT 10.0; Win64; x64) AppleWebKit/537.36 (KHTML, like Gecko) Chrome/70.0.3538.79 Safari/537.36", "Accept-Charset": "ISO-8859-1,utf-8;q=0.7,*;q=0.7", "Accept": "text/html,application/xhtml+xml,application/xml;q=0.9,*/*;q=0.8", "Accept-Encoding": "gzip, deflate", "Accept-Language": "en-us,en;q=0.5"}}, {"format_id": "278", "url": "https://r5---sn-5njj-u2xl.googlevideo.com/videoplayback?expire=1612167712&ei=wGUXYPuMOZnsqAHw_qGwBg&ip=140.109.135.76&id=o-ALZEpXYnrXWv8vBhBrLQ12Vfs6YTOSlSRT_G8rqq90Vq&itag=278&aitags=133%2C134%2C135%2C136%2C137%2C160%2C242%2C243%2C244%2C247%2C248%2C278&source=youtube&requiressl=yes&mh=gi&mm=31%2C29&mn=sn-5njj-u2xl%2Csn-un57sn76&ms=au%2Crdu&mv=m&mvi=5&pl=16&initcwndbps=422500&vprv=1&mime=video%2Fwebm&ns=iW06DEnywjqqZrSuGNP6ZSIF&gir=yes&clen=2630978&dur=255.160&lmt=1568365619530334&mt=1612145803&fvip=5&keepalive=yes&c=WEB&txp=2316222&n=SIgAtrizezdkogqH2&sparams=expire%2Cei%2Cip%2Cid%2Caitags%2Csource%2Crequiressl%2Cvprv%2Cmime%2Cns%2Cgir%2Cclen%2Cdur%2Clmt&lsparams=mh%2Cmm%2Cmn%2Cms%2Cmv%2Cmvi%2Cpl%2Cinitcwndbps&lsig=AG3C_xAwRgIhALWF1RW1j8KZML6FaSz3kSzhMoeOktcKTZGArqwT91zxAiEAgGUL46UWzqHBNUOuLIXeKFlHubKMo5eAort1XRyyEdg%3D&sig=AOq0QJ8wRAIgb0rSmzO69uc6r70wsl_7zGfwNZOQZx2tbFv4QTQRlgQCIHJ-qMQFL5WWDXcFbpW7XT2aDyGsXqEsnuGurEmTQIPb&ratebypass=yes", "player_url": "/s/player/7bc032d0/player_ias.vflset/en_US/base.js", "ext": "webm", "height": 144, "format_note": "144p", "container": "webm", "vcodec": "vp9", "asr": null, "filesize": 2630978, "fps": 25, "tbr": 86.512, "width": 256, "acodec": "none", "downloader_options": {"http_chunk_size": 10485760}, "format": "278 - 256x144 (144p)", "protocol": "https", "http_headers": {"User-Agent": "Mozilla/5.0 (Windows NT 10.0; Win64; x64) AppleWebKit/537.36 (KHTML, like Gecko) Chrome/70.0.3538.79 Safari/537.36", "Accept-Charset": "ISO-8859-1,utf-8;q=0.7,*;q=0.7", "Accept": "text/html,application/xhtml+xml,application/xml;q=0.9,*/*;q=0.8", "Accept-Encoding": "gzip, deflate", "Accept-Language": "en-us,en;q=0.5"}}, {"format_id": "160", "url": "https://r5---sn-5njj-u2xl.googlevideo.com/videoplayback?expire=1612167712&ei=wGUXYPuMOZnsqAHw_qGwBg&ip=140.109.135.76&id=o-ALZEpXYnrXWv8vBhBrLQ12Vfs6YTOSlSRT_G8rqq90Vq&itag=160&aitags=133%2C134%2C135%2C136%2C137%2C160%2C242%2C243%2C244%2C247%2C248%2C278&source=youtube&requiressl=yes&mh=gi&mm=31%2C29&mn=sn-5njj-u2xl%2Csn-un57sn76&ms=au%2Crdu&mv=m&mvi=5&pl=16&initcwndbps=422500&vprv=1&mime=video%2Fmp4&ns=iW06DEnywjqqZrSuGNP6ZSIF&gir=yes&clen=2898647&dur=255.160&lmt=1568365642804216&mt=1612145803&fvip=5&keepalive=yes&c=WEB&txp=2316222&n=SIgAtrizezdkogqH2&sparams=expire%2Cei%2Cip%2Cid%2Caitags%2Csource%2Crequiressl%2Cvprv%2Cmime%2Cns%2Cgir%2Cclen%2Cdur%2Clmt&lsparams=mh%2Cmm%2Cmn%2Cms%2Cmv%2Cmvi%2Cpl%2Cinitcwndbps&lsig=AG3C_xAwRAIgeGMovEkoEn-yt0tzyWHoEniCBMvG04dv0c_ujHjA-ekCIF_1BsGW1YCw3cwybsXWyFEk-lTZECTAhz8NZ99jUv1_&sig=AOq0QJ8wRAIgC9gui4b9T37hmXOROSq-S6ylJJym6iYD8U5wY8iqCbsCIGk8Oa7xyGGWOp_AARzzQ5wNvMc2YipWZA2wf2OmS0TG&ratebypass=yes", "player_url": "/s/player/7bc032d0/player_ias.vflset/en_US/base.js", "ext": "mp4", "height": 144, "format_note": "144p", "vcodec": "avc1.4d400c", "asr": null, "filesize": 2898647, "fps": 25, "tbr": 110.119, "width": 256, "acodec": "none", "downloader_options": {"http_chunk_size": 10485760}, "format": "160 - 256x144 (144p)", "protocol": "https", "http_headers": {"User-Agent": "Mozilla/5.0 (Windows NT 10.0; Win64; x64) AppleWebKit/537.36 (KHTML, like Gecko) Chrome/70.0.3538.79 Safari/537.36", "Accept-Charset": "ISO-8859-1,utf-8;q=0.7,*;q=0.7", "Accept": "text/html,application/xhtml+xml,application/xml;q=0.9,*/*;q=0.8", "Accept-Encoding": "gzip, deflate", "Accept-Language": "en-us,en;q=0.5"}}, {"format_id": "242", "url": "https://r5---sn-5njj-u2xl.googlevideo.com/videoplayback?expire=1612167712&ei=wGUXYPuMOZnsqAHw_qGwBg&ip=140.109.135.76&id=o-ALZEpXYnrXWv8vBhBrLQ12Vfs6YTOSlSRT_G8rqq90Vq&itag=242&aitags=133%2C134%2C135%2C136%2C137%2C160%2C242%2C243%2C244%2C247%2C248%2C278&source=youtube&requiressl=yes&mh=gi&mm=31%2C29&mn=sn-5njj-u2xl%2Csn-un57sn76&ms=au%2Crdu&mv=m&mvi=5&pl=16&initcwndbps=422500&vprv=1&mime=video%2Fwebm&ns=iW06DEnywjqqZrSuGNP6ZSIF&gir=yes&clen=5094462&dur=255.160&lmt=1568365619578868&mt=1612145803&fvip=5&keepalive=yes&c=WEB&txp=2316222&n=SIgAtrizezdkogqH2&sparams=expire%2Cei%2Cip%2Cid%2Caitags%2Csource%2Crequiressl%2Cvprv%2Cmime%2Cns%2Cgir%2Cclen%2Cdur%2Clmt&lsparams=mh%2Cmm%2Cmn%2Cms%2Cmv%2Cmvi%2Cpl%2Cinitcwndbps&lsig=AG3C_xAwRgIhAOJGfxvtyLc-04JGxh0Y7s6zRWxZS2PvuM9Jzfz5IUmLAiEAno5R3cYZwvPN18dC0dcxXcRSR7B6DkHFQeQdTsJHdZY%3D&sig=AOq0QJ8wRQIgcZF-YGmrfyrg8x_rp5WIs3_TV-j1quDS_oU0Ras-MJ0CIQCDIApn_1JOC6LMXwYb8gfhok-QmdUz0pgrBKlv7FcrHw==&ratebypass=yes", "player_url": "/s/player/7bc032d0/player_ias.vflset/en_US/base.js", "ext": "webm", "height": 240, "format_note": "240p", "vcodec": "vp9", "asr": null, "filesize": 5094462, "fps": 25, "tbr": 175.159, "width": 426, "acodec": "none", "downloader_options": {"http_chunk_size": 10485760}, "format": "242 - 426x240 (240p)", "protocol": "https", "http_headers": {"User-Agent": "Mozilla/5.0 (Windows NT 10.0; Win64; x64) AppleWebKit/537.36 (KHTML, like Gecko) Chrome/70.0.3538.79 Safari/537.36", "Accept-Charset": "ISO-8859-1,utf-8;q=0.7,*;q=0.7", "Accept": "text/html,application/xhtml+xml,application/xml;q=0.9,*/*;q=0.8", "Accept-Encoding": "gzip, deflate", "Accept-Language": "en-us,en;q=0.5"}}, {"format_id": "133", "url": "https://r5---sn-5njj-u2xl.googlevideo.com/videoplayback?expire=1612167712&ei=wGUXYPuMOZnsqAHw_qGwBg&ip=140.109.135.76&id=o-ALZEpXYnrXWv8vBhBrLQ12Vfs6YTOSlSRT_G8rqq90Vq&itag=133&aitags=133%2C134%2C135%2C136%2C137%2C160%2C242%2C243%2C244%2C247%2C248%2C278&source=youtube&requiressl=yes&mh=gi&mm=31%2C29&mn=sn-5njj-u2xl%2Csn-un57sn76&ms=au%2Crdu&mv=m&mvi=5&pl=16&initcwndbps=422500&vprv=1&mime=video%2Fmp4&ns=iW06DEnywjqqZrSuGNP6ZSIF&gir=yes&clen=6638366&dur=255.160&lmt=1568365642807045&mt=1612145803&fvip=5&keepalive=yes&c=WEB&txp=2316222&n=SIgAtrizezdkogqH2&sparams=expire%2Cei%2Cip%2Cid%2Caitags%2Csource%2Crequiressl%2Cvprv%2Cmime%2Cns%2Cgir%2Cclen%2Cdur%2Clmt&lsparams=mh%2Cmm%2Cmn%2Cms%2Cmv%2Cmvi%2Cpl%2Cinitcwndbps&lsig=AG3C_xAwRAIgWLo6OvP3DJGQanZ_QKJFTF0ltiuiAMRzRK3crOW8xewCIFVCr3RXvak743x63WH2vlhE6b2PCqAdjEdY8R8kY0mk&sig=AOq0QJ8wRQIgZodN3C67YLrDLneUxSvl9X9PtCVLzKAiAikcGC9iSrYCIQCWoawDLqYfcj70BZlHQLUHR6ikcOWJYng4bSSfWz6J2w==&ratebypass=yes", "player_url": "/s/player/7bc032d0/player_ias.vflset/en_US/base.js", "ext": "mp4", "height": 240, "format_note": "240p", "vcodec": "avc1.4d4015", "asr": null, "filesize": 6638366, "fps": 25, "tbr": 245.116, "width": 426, "acodec": "none", "downloader_options": {"http_chunk_size": 10485760}, "format": "133 - 426x240 (240p)", "protocol": "https", "http_headers": {"User-Agent": "Mozilla/5.0 (Windows NT 10.0; Win64; x64) AppleWebKit/537.36 (KHTML, like Gecko) Chrome/70.0.3538.79 Safari/537.36", "Accept-Charset": "ISO-8859-1,utf-8;q=0.7,*;q=0.7", "Accept": "text/html,application/xhtml+xml,application/xml;q=0.9,*/*;q=0.8", "Accept-Encoding": "gzip, deflate", "Accept-Language": "en-us,en;q=0.5"}}, {"format_id": "243", "url": "https://r5---sn-5njj-u2xl.googlevideo.com/videoplayback?expire=1612167712&ei=wGUXYPuMOZnsqAHw_qGwBg&ip=140.109.135.76&id=o-ALZEpXYnrXWv8vBhBrLQ12Vfs6YTOSlSRT_G8rqq90Vq&itag=243&aitags=133%2C134%2C135%2C136%2C137%2C160%2C242%2C243%2C244%2C247%2C248%2C278&source=youtube&requiressl=yes&mh=gi&mm=31%2C29&mn=sn-5njj-u2xl%2Csn-un57sn76&ms=au%2Crdu&mv=m&mvi=5&pl=16&initcwndbps=422500&vprv=1&mime=video%2Fwebm&ns=iW06DEnywjqqZrSuGNP6ZSIF&gir=yes&clen=7512687&dur=255.160&lmt=1568365619545113&mt=1612145803&fvip=5&keepalive=yes&c=WEB&txp=2316222&n=SIgAtrizezdkogqH2&sparams=expire%2Cei%2Cip%2Cid%2Caitags%2Csource%2Crequiressl%2Cvprv%2Cmime%2Cns%2Cgir%2Cclen%2Cdur%2Clmt&lsparams=mh%2Cmm%2Cmn%2Cms%2Cmv%2Cmvi%2Cpl%2Cinitcwndbps&lsig=AG3C_xAwRQIgJD6vipEJsvqGAR7COXRK5kb5ePMTtWPYB--QbJFX3jMCIQDdZDLD2-zBTOo4e-R1NT0Kylcc2kWDtu6aZnZTlWirOQ%3D%3D&sig=AOq0QJ8wRQIgUFnOBDbT6X5N03IZyFrvAp-Vy_7Uob3hYEwkmSZNo3wCIQD9ExEX6ftxmJXtyJNBl4U9gpVvIZKn7-6kft-htbYzZg==&ratebypass=yes", "player_url": "/s/player/7bc032d0/player_ias.vflset/en_US/base.js", "ext": "webm", "height": 360, "format_note": "360p", "vcodec": "vp9", "asr": null, "filesize": 7512687, "fps": 25, "tbr": 257.187, "width": 640, "acodec": "none", "downloader_options": {"http_chunk_size": 10485760}, "format": "243 - 640x360 (360p)", "protocol": "https", "http_headers": {"User-Agent": "Mozilla/5.0 (Windows NT 10.0; Win64; x64) AppleWebKit/537.36 (KHTML, like Gecko) Chrome/70.0.3538.79 Safari/537.36", "Accept-Charset": "ISO-8859-1,utf-8;q=0.7,*;q=0.7", "Accept": "text/html,application/xhtml+xml,application/xml;q=0.9,*/*;q=0.8", "Accept-Encoding": "gzip, deflate", "Accept-Language": "en-us,en;q=0.5"}}, {"format_id": "244", "url": "https://r5---sn-5njj-u2xl.googlevideo.com/videoplayback?expire=1612167712&ei=wGUXYPuMOZnsqAHw_qGwBg&ip=140.109.135.76&id=o-ALZEpXYnrXWv8vBhBrLQ12Vfs6YTOSlSRT_G8rqq90Vq&itag=244&aitags=133%2C134%2C135%2C136%2C137%2C160%2C242%2C243%2C244%2C247%2C248%2C278&source=youtube&requiressl=yes&mh=gi&mm=31%2C29&mn=sn-5njj-u2xl%2Csn-un57sn76&ms=au%2Crdu&mv=m&mvi=5&pl=16&initcwndbps=422500&vprv=1&mime=video%2Fwebm&ns=iW06DEnywjqqZrSuGNP6ZSIF&gir=yes&clen=11756701&dur=255.160&lmt=1568365619533169&mt=1612145803&fvip=5&keepalive=yes&c=WEB&txp=2316222&n=SIgAtrizezdkogqH2&sparams=expire%2Cei%2Cip%2Cid%2Caitags%2Csource%2Crequiressl%2Cvprv%2Cmime%2Cns%2Cgir%2Cclen%2Cdur%2Clmt&lsparams=mh%2Cmm%2Cmn%2Cms%2Cmv%2Cmvi%2Cpl%2Cinitcwndbps&lsig=AG3C_xAwRAIgIuugz77JqYRi021Cm07oDO39qO7rFkEuXa_Mxn975_sCIG6koZbpH6GVnL0wnidzQKXRIcyKwJhEBri0IBeTc4dK&sig=AOq0QJ8wRQIgFSjqdxpmCXa3fyeNHRFUUhhOFEXhX1HRfIBso6ias6sCIQDnOaDZv9CC2Mp9rdswr4wdqG7tbRWDKriY9VGZr9uiTg==&ratebypass=yes", "player_url": "/s/player/7bc032d0/player_ias.vflset/en_US/base.js", "ext": "webm", "height": 480, "format_note": "480p", "vcodec": "vp9", "asr": null, "filesize": 11756701, "fps": 25, "tbr": 404.217, "width": 854, "acodec": "none", "downloader_options": {"http_chunk_size": 10485760}, "format": "244 - 854x480 (480p)", "protocol": "https", "http_headers": {"User-Agent": "Mozilla/5.0 (Windows NT 10.0; Win64; x64) AppleWebKit/537.36 (KHTML, like Gecko) Chrome/70.0.3538.79 Safari/537.36", "Accept-Charset": "ISO-8859-1,utf-8;q=0.7,*;q=0.7", "Accept": "text/html,application/xhtml+xml,application/xml;q=0.9,*/*;q=0.8", "Accept-Encoding": "gzip, deflate", "Accept-Language": "en-us,en;q=0.5"}}, {"format_id": "134", "url": "https://r5---sn-5njj-u2xl.googlevideo.com/videoplayback?expire=1612167712&ei=wGUXYPuMOZnsqAHw_qGwBg&ip=140.109.135.76&id=o-ALZEpXYnrXWv8vBhBrLQ12Vfs6YTOSlSRT_G8rqq90Vq&itag=134&aitags=133%2C134%2C135%2C136%2C137%2C160%2C242%2C243%2C244%2C247%2C248%2C278&source=youtube&requiressl=yes&mh=gi&mm=31%2C29&mn=sn-5njj-u2xl%2Csn-un57sn76&ms=au%2Crdu&mv=m&mvi=5&pl=16&initcwndbps=422500&vprv=1&mime=video%2Fmp4&ns=iW06DEnywjqqZrSuGNP6ZSIF&gir=yes&clen=12683699&dur=255.160&lmt=1568365642809765&mt=1612145803&fvip=5&keepalive=yes&c=WEB&txp=2316222&n=SIgAtrizezdkogqH2&sparams=expire%2Cei%2Cip%2Cid%2Caitags%2Csource%2Crequiressl%2Cvprv%2Cmime%2Cns%2Cgir%2Cclen%2Cdur%2Clmt&lsparams=mh%2Cmm%2Cmn%2Cms%2Cmv%2Cmvi%2Cpl%2Cinitcwndbps&lsig=AG3C_xAwRAIgITk9ACPzDnSJlmdjWM-cUOuAuVHQB_XdpLUnEmcGuyQCIGlN4LF9XMKiJ1U9tRKFKeDna0wxLSNljVHYCgv1XTvv&sig=AOq0QJ8wRgIhAP0V9Vt73LghECeuAMXcg0oLeM6WWLKt09QI9w-LBETpAiEAj45DPY7-do1-6dz0CWcbVFKNZiriyzpMv5NeaQsD9fM=&ratebypass=yes", "player_url": "/s/player/7bc032d0/player_ias.vflset/en_US/base.js", "ext": "mp4", "height": 360, "format_note": "360p", "vcodec": "avc1.4d401e", "asr": null, "filesize": 12683699, "fps": 25, "tbr": 488.767, "width": 640, "acodec": "none", "downloader_options": {"http_chunk_size": 10485760}, "format": "134 - 640x360 (360p)", "protocol": "https", "http_headers": {"User-Agent": "Mozilla/5.0 (Windows NT 10.0; Win64; x64) AppleWebKit/537.36 (KHTML, like Gecko) Chrome/70.0.3538.79 Safari/537.36", "Accept-Charset": "ISO-8859-1,utf-8;q=0.7,*;q=0.7", "Accept": "text/html,application/xhtml+xml,application/xml;q=0.9,*/*;q=0.8", "Accept-Encoding": "gzip, deflate", "Accept-Language": "en-us,en;q=0.5"}}, {"format_id": "247", "url": "https://r5---sn-5njj-u2xl.googlevideo.com/videoplayback?expire=1612167712&ei=wGUXYPuMOZnsqAHw_qGwBg&ip=140.109.135.76&id=o-ALZEpXYnrXWv8vBhBrLQ12Vfs6YTOSlSRT_G8rqq90Vq&itag=247&aitags=133%2C134%2C135%2C136%2C137%2C160%2C242%2C243%2C244%2C247%2C248%2C278&source=youtube&requiressl=yes&mh=gi&mm=31%2C29&mn=sn-5njj-u2xl%2Csn-un57sn76&ms=au%2Crdu&mv=m&mvi=5&pl=16&initcwndbps=422500&vprv=1&mime=video%2Fwebm&ns=iW06DEnywjqqZrSuGNP6ZSIF&gir=yes&clen=19567771&dur=255.160&lmt=1568365621512729&mt=1612145803&fvip=5&keepalive=yes&c=WEB&txp=2316222&n=SIgAtrizezdkogqH2&sparams=expire%2Cei%2Cip%2Cid%2Caitags%2Csource%2Crequiressl%2Cvprv%2Cmime%2Cns%2Cgir%2Cclen%2Cdur%2Clmt&lsparams=mh%2Cmm%2Cmn%2Cms%2Cmv%2Cmvi%2Cpl%2Cinitcwndbps&lsig=AG3C_xAwRQIhAPSrV1F7tWXCBq3xgkLJiYzbQGcMhKjNwu7FZRZd0tE3AiAKn2iRPiUN4xcYlw4h8mNZADJzBtM6cQtfTzhMW9DAiA%3D%3D&sig=AOq0QJ8wRAIgWozf8ENV1XE2Ox3gsNlAtbVXfxcUPrs6AGtggC4uh-UCIGlys7O31GZOFJjaUYVrdbrpkXghpXqWbU7h-R6vuY6s&ratebypass=yes", "player_url": "/s/player/7bc032d0/player_ias.vflset/en_US/base.js", "ext": "webm", "height": 720, "format_note": "720p", "vcodec": "vp9", "asr": null, "filesize": 19567771, "fps": 25, "tbr": 674.133, "width": 1280, "acodec": "none", "downloader_options": {"http_chunk_size": 10485760}, "format": "247 - 1280x720 (720p)", "protocol": "https", "http_headers": {"User-Agent": "Mozilla/5.0 (Windows NT 10.0; Win64; x64) AppleWebKit/537.36 (KHTML, like Gecko) Chrome/70.0.3538.79 Safari/537.36", "Accept-Charset": "ISO-8859-1,utf-8;q=0.7,*;q=0.7", "Accept": "text/html,application/xhtml+xml,application/xml;q=0.9,*/*;q=0.8", "Accept-Encoding": "gzip, deflate", "Accept-Language": "en-us,en;q=0.5"}}, {"format_id": "135", "url": "https://r5---sn-5njj-u2xl.googlevideo.com/videoplayback?expire=1612167712&ei=wGUXYPuMOZnsqAHw_qGwBg&ip=140.109.135.76&id=o-ALZEpXYnrXWv8vBhBrLQ12Vfs6YTOSlSRT_G8rqq90Vq&itag=135&aitags=133%2C134%2C135%2C136%2C137%2C160%2C242%2C243%2C244%2C247%2C248%2C278&source=youtube&requiressl=yes&mh=gi&mm=31%2C29&mn=sn-5njj-u2xl%2Csn-un57sn76&ms=au%2Crdu&mv=m&mvi=5&pl=16&initcwndbps=422500&vprv=1&mime=video%2Fmp4&ns=iW06DEnywjqqZrSuGNP6ZSIF&gir=yes&clen=23605318&dur=255.160&lmt=1568365642809447&mt=1612145803&fvip=5&keepalive=yes&c=WEB&txp=2316222&n=SIgAtrizezdkogqH2&sparams=expire%2Cei%2Cip%2Cid%2Caitags%2Csource%2Crequiressl%2Cvprv%2Cmime%2Cns%2Cgir%2Cclen%2Cdur%2Clmt&lsparams=mh%2Cmm%2Cmn%2Cms%2Cmv%2Cmvi%2Cpl%2Cinitcwndbps&lsig=AG3C_xAwRQIgQDe3z_ZBxfgUH9KEuOj65Skiq7lYmI8bEM-UHtylO-0CIQCTvX5vC0tuNu-uYSMlUsK8EICuO8-Mf-16ZGSUekTYbQ%3D%3D&sig=AOq0QJ8wRQIgI3hqnaynMpMMvBvZXcRVOk2gnLqz93lsSGe752J78uICIQDQjBWQQLnFGoydfo_I5MjETtWD48VkC7n2-l2z4Mqb2w==&ratebypass=yes", "player_url": "/s/player/7bc032d0/player_ias.vflset/en_US/base.js", "ext": "mp4", "height": 480, "format_note": "480p", "vcodec": "avc1.4d401e", "asr": null, "filesize": 23605318, "fps": 25, "tbr": 952.893, "width": 854, "acodec": "none", "downloader_options": {"http_chunk_size": 10485760}, "format": "135 - 854x480 (480p)", "protocol": "https", "http_headers": {"User-Agent": "Mozilla/5.0 (Windows NT 10.0; Win64; x64) AppleWebKit/537.36 (KHTML, like Gecko) Chrome/70.0.3538.79 Safari/537.36", "Accept-Charset": "ISO-8859-1,utf-8;q=0.7,*;q=0.7", "Accept": "text/html,application/xhtml+xml,application/xml;q=0.9,*/*;q=0.8", "Accept-Encoding": "gzip, deflate", "Accept-Language": "en-us,en;q=0.5"}}, {"format_id": "248", "url": "https://r5---sn-5njj-u2xl.googlevideo.com/videoplayback?expire=1612167712&ei=wGUXYPuMOZnsqAHw_qGwBg&ip=140.109.135.76&id=o-ALZEpXYnrXWv8vBhBrLQ12Vfs6YTOSlSRT_G8rqq90Vq&itag=248&aitags=133%2C134%2C135%2C136%2C137%2C160%2C242%2C243%2C244%2C247%2C248%2C278&source=youtube&requiressl=yes&mh=gi&mm=31%2C29&mn=sn-5njj-u2xl%2Csn-un57sn76&ms=au%2Crdu&mv=m&mvi=5&pl=16&initcwndbps=422500&vprv=1&mime=video%2Fwebm&ns=iW06DEnywjqqZrSuGNP6ZSIF&gir=yes&clen=36750242&dur=255.160&lmt=1568365619533318&mt=1612145803&fvip=5&keepalive=yes&c=WEB&txp=2316222&n=SIgAtrizezdkogqH2&sparams=expire%2Cei%2Cip%2Cid%2Caitags%2Csource%2Crequiressl%2Cvprv%2Cmime%2Cns%2Cgir%2Cclen%2Cdur%2Clmt&lsparams=mh%2Cmm%2Cmn%2Cms%2Cmv%2Cmvi%2Cpl%2Cinitcwndbps&lsig=AG3C_xAwRAIgSrmNYT-k4859PYBXb6c-AzYewvdin5-C4IxMQnxjmTMCIC5HvFlvx333ZvBTVEkLkEj6GU_ul_J16hIuQWirR0AK&sig=AOq0QJ8wRQIhAKizbuTyCN6mGL7J4FzLuJ1XZG8X1A63f1hh87lF0aTAAiAdFLHDAoWTdzDRziRBdkrH-90_5VeVeswofJQoW7Fr1Q==&ratebypass=yes", "player_url": "/s/player/7bc032d0/player_ias.vflset/en_US/base.js", "ext": "webm", "height": 1080, "format_note": "1080p", "vcodec": "vp9", "asr": null, "filesize": 36750242, "fps": 25, "tbr": 1245.743, "width": 1920, "acodec": "none", "downloader_options": {"http_chunk_size": 10485760}, "format": "248 - 1920x1080 (1080p)", "protocol": "https", "http_headers": {"User-Agent": "Mozilla/5.0 (Windows NT 10.0; Win64; x64) AppleWebKit/537.36 (KHTML, like Gecko) Chrome/70.0.3538.79 Safari/537.36", "Accept-Charset": "ISO-8859-1,utf-8;q=0.7,*;q=0.7", "Accept": "text/html,application/xhtml+xml,application/xml;q=0.9,*/*;q=0.8", "Accept-Encoding": "gzip, deflate", "Accept-Language": "en-us,en;q=0.5"}}, {"format_id": "136", "url": "https://r5---sn-5njj-u2xl.googlevideo.com/videoplayback?expire=1612167712&ei=wGUXYPuMOZnsqAHw_qGwBg&ip=140.109.135.76&id=o-ALZEpXYnrXWv8vBhBrLQ12Vfs6YTOSlSRT_G8rqq90Vq&itag=136&aitags=133%2C134%2C135%2C136%2C137%2C160%2C242%2C243%2C244%2C247%2C248%2C278&source=youtube&requiressl=yes&mh=gi&mm=31%2C29&mn=sn-5njj-u2xl%2Csn-un57sn76&ms=au%2Crdu&mv=m&mvi=5&pl=16&initcwndbps=422500&vprv=1&mime=video%2Fmp4&ns=iW06DEnywjqqZrSuGNP6ZSIF&gir=yes&clen=42692597&dur=255.160&lmt=1568365642808410&mt=1612145803&fvip=5&keepalive=yes&c=WEB&txp=2316222&n=SIgAtrizezdkogqH2&sparams=expire%2Cei%2Cip%2Cid%2Caitags%2Csource%2Crequiressl%2Cvprv%2Cmime%2Cns%2Cgir%2Cclen%2Cdur%2Clmt&lsparams=mh%2Cmm%2Cmn%2Cms%2Cmv%2Cmvi%2Cpl%2Cinitcwndbps&lsig=AG3C_xAwRQIhAIhRqyie9FbAIYNGbPS3vKs1Xg3l_xCUtvWsxmsHvz1EAiBBYPBLYQI9zrnqaSdeuktDuYr-MDpIpuqC9bsg7woJXg%3D%3D&sig=AOq0QJ8wRgIhAOpVSj4TjiEOyYgPNY_e3rHefEw2_ai-bxms8jfgt90-AiEAxuuBe1t1GDBWZwhaoHgLhnFME2Sxro4zfJxRKWMQ978=&ratebypass=yes", "player_url": "/s/player/7bc032d0/player_ias.vflset/en_US/base.js", "ext": "mp4", "height": 720, "format_note": "720p", "vcodec": "avc1.4d401f", "asr": null, "filesize": 42692597, "fps": 25, "tbr": 1772.291, "width": 1280, "acodec": "none", "downloader_options": {"http_chunk_size": 10485760}, "format": "136 - 1280x720 (720p)", "protocol": "https", "http_headers": {"User-Agent": "Mozilla/5.0 (Windows NT 10.0; Win64; x64) AppleWebKit/537.36 (KHTML, like Gecko) Chrome/70.0.3538.79 Safari/537.36", "Accept-Charset": "ISO-8859-1,utf-8;q=0.7,*;q=0.7", "Accept": "text/html,application/xhtml+xml,application/xml;q=0.9,*/*;q=0.8", "Accept-Encoding": "gzip, deflate", "Accept-Language": "en-us,en;q=0.5"}}, {"format_id": "137", "url": "https://r5---sn-5njj-u2xl.googlevideo.com/videoplayback?expire=1612167712&ei=wGUXYPuMOZnsqAHw_qGwBg&ip=140.109.135.76&id=o-ALZEpXYnrXWv8vBhBrLQ12Vfs6YTOSlSRT_G8rqq90Vq&itag=137&aitags=133%2C134%2C135%2C136%2C137%2C160%2C242%2C243%2C244%2C247%2C248%2C278&source=youtube&requiressl=yes&mh=gi&mm=31%2C29&mn=sn-5njj-u2xl%2Csn-un57sn76&ms=au%2Crdu&mv=m&mvi=5&pl=16&initcwndbps=422500&vprv=1&mime=video%2Fmp4&ns=iW06DEnywjqqZrSuGNP6ZSIF&gir=yes&clen=76082185&dur=255.160&lmt=1568365642795760&mt=1612145803&fvip=5&keepalive=yes&c=WEB&txp=2316222&n=SIgAtrizezdkogqH2&sparams=expire%2Cei%2Cip%2Cid%2Caitags%2Csource%2Crequiressl%2Cvprv%2Cmime%2Cns%2Cgir%2Cclen%2Cdur%2Clmt&lsparams=mh%2Cmm%2Cmn%2Cms%2Cmv%2Cmvi%2Cpl%2Cinitcwndbps&lsig=AG3C_xAwRgIhAON9RhDKHSwEqJKkbK0HFox9-iIbCZLcP47hGVJ-wTjxAiEArxzHb4rPuhYGW89Ex4blwG0h_8CPhJqUhqz976U_DLM%3D&sig=AOq0QJ8wRAIgYWyf2MYP67UeswoO1YjnVYNopOApnk8pnbd3juBKUsECIHE_6hjbzISiL6LsY442lOTVOJl_YRRMuY8JbEKOQsJx&ratebypass=yes", "player_url": "/s/player/7bc032d0/player_ias.vflset/en_US/base.js", "ext": "mp4", "height": 1080, "format_note": "1080p", "vcodec": "avc1.640028", "asr": null, "filesize": 76082185, "fps": 25, "tbr": 2910.341, "width": 1920, "acodec": "none", "downloader_options": {"http_chunk_size": 10485760}, "format": "137 - 1920x1080 (1080p)", "protocol": "https", "http_headers": {"User-Agent": "Mozilla/5.0 (Windows NT 10.0; Win64; x64) AppleWebKit/537.36 (KHTML, like Gecko) Chrome/70.0.3538.79 Safari/537.36", "Accept-Charset": "ISO-8859-1,utf-8;q=0.7,*;q=0.7", "Accept": "text/html,application/xhtml+xml,application/xml;q=0.9,*/*;q=0.8", "Accept-Encoding": "gzip, deflate", "Accept-Language": "en-us,en;q=0.5"}}, {"format_id": "18", "url": "https://r5---sn-5njj-u2xl.googlevideo.com/videoplayback?expire=1612167712&ei=wGUXYPuMOZnsqAHw_qGwBg&ip=140.109.135.76&id=o-ALZEpXYnrXWv8vBhBrLQ12Vfs6YTOSlSRT_G8rqq90Vq&itag=18&source=youtube&requiressl=yes&mh=gi&mm=31%2C29&mn=sn-5njj-u2xl%2Csn-un57sn76&ms=au%2Crdu&mv=m&mvi=5&pl=16&initcwndbps=422500&vprv=1&mime=video%2Fmp4&ns=mGqiYxcKD9v8f9eTnrggY9kF&gir=yes&clen=17080830&ratebypass=yes&dur=255.210&lmt=1568365624833046&mt=1612145803&fvip=5&c=WEB&txp=2316222&n=SbnUDZMradlSgO8dJ&sparams=expire%2Cei%2Cip%2Cid%2Citag%2Csource%2Crequiressl%2Cvprv%2Cmime%2Cns%2Cgir%2Cclen%2Cratebypass%2Cdur%2Clmt&lsparams=mh%2Cmm%2Cmn%2Cms%2Cmv%2Cmvi%2Cpl%2Cinitcwndbps&lsig=AG3C_xAwRQIgSoojA8XTUcHJVo8AL7vWOmozb_iTms-RAECTCuuYn_sCIQCMXRgEoRM-KxRqvC5bPtfqR5YEvEgDRa4terND6fFvAg%3D%3D&sig=AOq0QJ8wRAIgK1x4WQAp8U4j8PPWquLe8qfalBkItRIWwukmk_T-9tUCIGyz8k8T2SEmkgKTySOYkS323TBQ1bi3uzEBqykdsvED", "player_url": "/s/player/7bc032d0/player_ias.vflset/en_US/base.js", "ext": "mp4", "width": 640, "height": 360, "acodec": "mp4a.40.2", "abr": 96, "vcodec": "avc1.42001E", "asr": 44100, "filesize": 17080830, "format_note": "360p", "fps": 25, "tbr": 535.533, "format": "18 - 640x360 (360p)", "protocol": "https", "http_headers": {"User-Agent": "Mozilla/5.0 (Windows NT 10.0; Win64; x64) AppleWebKit/537.36 (KHTML, like Gecko) Chrome/70.0.3538.79 Safari/537.36", "Accept-Charset": "ISO-8859-1,utf-8;q=0.7,*;q=0.7", "Accept": "text/html,application/xhtml+xml,application/xml;q=0.9,*/*;q=0.8", "Accept-Encoding": "gzip, deflate", "Accept-Language": "en-us,en;q=0.5"}}], "is_live": null, "start_time": null, "end_time": null, "series": null, "season_number": null, "episode_number": null, "track": null, "artist": null, "album": null, "release_date": null, "release_year": null, "extractor": "youtube", "webpage_url_basename": "watch", "extractor_key": "Youtube", "playlist": null, "playlist_index": null, "thumbnail": "https://i.ytimg.com/vi_webp/eVMSeElk81Q/maxresdefault.webp", "display_id": "eVMSeElk81Q", "requested_subtitles": null, "format_id": "251", "url": "https://r5---sn-5njj-u2xl.googlevideo.com/videoplayback?expire=1612167712&ei=wGUXYPuMOZnsqAHw_qGwBg&ip=140.109.135.76&id=o-ALZEpXYnrXWv8vBhBrLQ12Vfs6YTOSlSRT_G8rqq90Vq&itag=251&source=youtube&requiressl=yes&mh=gi&mm=31%2C29&mn=sn-5njj-u2xl%2Csn-un57sn76&ms=au%2Crdu&mv=m&mvi=5&pl=16&initcwndbps=422500&vprv=1&mime=audio%2Fwebm&ns=iW06DEnywjqqZrSuGNP6ZSIF&gir=yes&clen=4762861&dur=255.181&lmt=1568368604654855&mt=1612145803&fvip=5&keepalive=yes&c=WEB&txp=2301222&n=SIgAtrizezdkogqH2&sparams=expire%2Cei%2Cip%2Cid%2Citag%2Csource%2Crequiressl%2Cvprv%2Cmime%2Cns%2Cgir%2Cclen%2Cdur%2Clmt&lsparams=mh%2Cmm%2Cmn%2Cms%2Cmv%2Cmvi%2Cpl%2Cinitcwndbps&lsig=AG3C_xAwRAIgHZMtB5--QRJvxUD2YxvBo7yEZy5u6xpPxBds3lIkCMkCIDs9-P6iudF1uGvmzZDhxI3rteZ30kDRV24JaanPLSGC&sig=AOq0QJ8wRQIhALAj0IjAZRpGBBrStiJLkfLZZPo-IeR-Z-B0FWZrWFwZAiAqggammJDVXX-2vglyzLLOKA7kiG8QX4KfOkKlex7HOA==&ratebypass=yes", "player_url": "/s/player/7bc032d0/player_ias.vflset/en_US/base.js", "ext": "webm", "format_note": "tiny", "acodec": "opus", "abr": 160, "asr": 48000, "filesize": 4762861, "fps": null, "height": null, "tbr": 164.129, "width": null, "vcodec": "none", "downloader_options": {"http_chunk_size": 10485760}, "format": "251 - audio only (tiny)", "protocol": "https", "http_headers": {"User-Agent": "Mozilla/5.0 (Windows NT 10.0; Win64; x64) AppleWebKit/537.36 (KHTML, like Gecko) Chrome/70.0.3538.79 Safari/537.36", "Accept-Charset": "ISO-8859-1,utf-8;q=0.7,*;q=0.7", "Accept": "text/html,application/xhtml+xml,application/xml;q=0.9,*/*;q=0.8", "Accept-Encoding": "gzip, deflate", "Accept-Language": "en-us,en;q=0.5"}}