{"id": "JT1XJnVmABo", "uploader": "Patrik Pietschmann", "uploader_id": "UCs7O9sOUQiBGBxaaAguIwig", "uploader_url": "http://www.youtube.com/channel/UCs7O9sOUQiBGBxaaAguIwig", "channel_id": "UCs7O9sOUQiBGBxaaAguIwig", "channel_url": "http://www.youtube.com/channel/UCs7O9sOUQiBGBxaaAguIwig", "upload_date": "20200619", "license": null, "creator": null, "title": "Titanic - My Heart Will Go On (Piano Version)", "alt_title": null, "thumbnails": [{"url": "https://i.ytimg.com/vi/JT1XJnVmABo/hqdefault.jpg?sqp=-oaymwEYCKgBEF5IVfKriqkDCwgBFQAAiEIYAXAB&rs=AOn4CLCG-p_R4kYj9QXpFQ9a1fS5UW7AIQ", "width": 168, "height": 94, "resolution": "168x94", "id": "0"}, {"url": "https://i.ytimg.com/vi/JT1XJnVmABo/hqdefault.jpg?sqp=-oaymwEYCMQBEG5IVfKriqkDCwgBFQAAiEIYAXAB&rs=AOn4CLC_Pdo-kAppM0adyrZQJMERmspwdg", "width": 196, "height": 110, "resolution": "196x110", "id": "1"}, {"url": "https://i.ytimg.com/vi/JT1XJnVmABo/hqdefault.jpg?sqp=-oaymwEZCPYBEIoBSFXyq4qpAwsIARUAAIhCGAFwAQ==&rs=AOn4CLBpEoJ5XvBDx81eU_qNgMuASu5YLg", "width": 246, "height": 138, "resolution": "246x138", "id": "2"}, {"url": "https://i.ytimg.com/vi/JT1XJnVmABo/hqdefault.jpg?sqp=-oaymwEZCNACELwBSFXyq4qpAwsIARUAAIhCGAFwAQ==&rs=AOn4CLBRKf1ikM4sRTIjWwb4PJCEo_fsHw", "width": 336, "height": 188, "resolution": "336x188", "id": "3"}, {"url": "https://i.ytimg.com/vi/JT1XJnVmABo/maxresdefault.jpg", "width": 1920, "height": 1080, "resolution": "1920x1080", "id": "4"}], "description": "\ud83c\udfb5 Sheet Music \u25ba https://www.musicnotes.com/l/CjjFw\n\ud83c\udfb9 Learn piano with flowkey \u25ba http://tinyurl.com/patrik-flowkey\n\ud83d\udc4d Support my work on Patreon \u25ba https://www.patreon.com/PatrikPietschmann\n\n\ud83c\udfa7 All My Music is Available Here \ud83c\udfa7\n\u25ba iTunes: https://smarturl.it/PP_iTunes\n\u25ba Amazon: https://smarturl.it/PP_Amazon\n\u25ba Google: https://smarturl.it/PP_GooglePlay\n\u25ba Spotify: https://smarturl.it/PP_Spotify\n\u25ba Deezer: https://smarturl.it/PP_Deezer\n\u25ba Tidal: https://smarturl.it/PP_Tidal\n\nWhat I Use to Make Music & Videos!\n\ud83c\udfb9 Piano: https://smarturl.it/YamahaP-45_Amazon\n\ud83d\udcf9 Camera: https://smarturl.it/LumixG7_Amazon\n\nTitanic - My Heart Will Go On (Piano Version)\nPiano Version by Patrik Pietschmann\n\nAs you may know, this channel is mainly dedicated to film music. So what would this channel be without music from Titanic. Both the soundtrack and the film song \"My Heart Will Go On\" (interpreted by Celine Dion) were composed by film composer James Horner. At first I wanted to arrange an instrumental track from the soundtrack (like \"Rose\" or \"Hymn to the Sea\"), but then I realized that the song already contains all the important themes from the film music. I hope you like it!\n\nAny suggestions for future arrangements? Please leave them in the comments.", "categories": ["Music"], "tags": ["My Heart Will Go On", "Titanic", "Piano", "Soundtrack", "James Horner", "Piano Version", "Celine Dion", "Patrik Pietschmann"], "subtitles": {}, "automatic_captions": {}, "duration": 263, "age_limit": 0, "annotations": null, "chapters": null, "webpage_url": "https://www.youtube.com/watch?v=JT1XJnVmABo", "view_count": 763387, "like_count": 23215, "dislike_count": 247, "average_rating": 4.9578896, "formats": [{"format_id": "249", "url": "https://r2---sn-5njj-u2xl.googlevideo.com/videoplayback?expire=1609160485&ei=xYLpX4DaGdHWgAP_-bWQDw&ip=140.109.135.76&id=o-AIRwhpz0fwlns_PONOR5lAXvPgCIWBGI9nrLDHIuecKL&itag=249&source=youtube&requiressl=yes&mh=hs&mm=31%2C29&mn=sn-5njj-u2xl%2Csn-un57en7e&ms=au%2Crdu&mv=m&mvi=2&pl=16&initcwndbps=700000&vprv=1&mime=audio%2Fwebm&ns=pWyt2j_I3ybxDQ2_6APEApMF&gir=yes&clen=1856655&dur=262.581&lmt=1592689948628809&mt=1609138606&fvip=2&keepalive=yes&c=WEB&txp=5431432&n=Wj4hspFTFo4Qhg6Y&sparams=expire%2Cei%2Cip%2Cid%2Citag%2Csource%2Crequiressl%2Cvprv%2Cmime%2Cns%2Cgir%2Cclen%2Cdur%2Clmt&lsparams=mh%2Cmm%2Cmn%2Cms%2Cmv%2Cmvi%2Cpl%2Cinitcwndbps&lsig=AG3C_xAwRAIgQhB_QRh7ZHSFSrFJXsRL19i6j06etvYNVvY5uDdmXRkCIFHh7IXHex7FPWlSfiduff_zExEmUgkPpCA7aqut6Kj6&sig=AOq0QJ8wRgIhAL6THm3VGaiDTTK_Ip6wPztbjPWfPmBg59jF3znIA2sOAiEA3pxN2i0sROVKsfuA8grnngB_3dyG0nKG4lJrnz8jY_E=&ratebypass=yes", "player_url": "/s/player/5dd3f3b2/player_ias.vflset/en_US/base.js", "ext": "webm", "format_note": "tiny", "acodec": "opus", "abr": 50, "asr": 48000, "filesize": 1856655, "fps": null, "height": null, "tbr": 62.388, "width": null, "vcodec": "none", "downloader_options": {"http_chunk_size": 10485760}, "format": "249 - audio only (tiny)", "protocol": "https", "http_headers": {"User-Agent": "Mozilla/5.0 (Windows NT 10.0; Win64; x64) AppleWebKit/537.36 (KHTML, like Gecko) Chrome/72.0.3623.3 Safari/537.36", "Accept-Charset": "ISO-8859-1,utf-8;q=0.7,*;q=0.7", "Accept": "text/html,application/xhtml+xml,application/xml;q=0.9,*/*;q=0.8", "Accept-Encoding": "gzip, deflate", "Accept-Language": "en-us,en;q=0.5"}}, {"format_id": "250", "url": "https://r2---sn-5njj-u2xl.googlevideo.com/videoplayback?expire=1609160485&ei=xYLpX4DaGdHWgAP_-bWQDw&ip=140.109.135.76&id=o-AIRwhpz0fwlns_PONOR5lAXvPgCIWBGI9nrLDHIuecKL&itag=250&source=youtube&requiressl=yes&mh=hs&mm=31%2C29&mn=sn-5njj-u2xl%2Csn-un57en7e&ms=au%2Crdu&mv=m&mvi=2&pl=16&initcwndbps=700000&vprv=1&mime=audio%2Fwebm&ns=pWyt2j_I3ybxDQ2_6APEApMF&gir=yes&clen=2451243&dur=262.581&lmt=1592689948231854&mt=1609138606&fvip=2&keepalive=yes&c=WEB&txp=5431432&n=Wj4hspFTFo4Qhg6Y&sparams=expire%2Cei%2Cip%2Cid%2Citag%2Csource%2Crequiressl%2Cvprv%2Cmime%2Cns%2Cgir%2Cclen%2Cdur%2Clmt&lsparams=mh%2Cmm%2Cmn%2Cms%2Cmv%2Cmvi%2Cpl%2Cinitcwndbps&lsig=AG3C_xAwRQIhAKBFBw73A1OU-crS-otQBd261Lq-yJVry-68B1ccFRxnAiAxu5x0BBqEaVc0O5653SJziJ74_BCccj-1dRdP_zu-Vw%3D%3D&sig=AOq0QJ8wRQIhAKK1fKAgpqJ3yBa8-O7Vx-9s2KvSamBE9VY7Ww0j_jnoAiBaxBjS7hWWQzBUkvAbFCI8qSJCDLU-C2VZjYjTsr3nNw==&ratebypass=yes", "player_url": "/s/player/5dd3f3b2/player_ias.vflset/en_US/base.js", "ext": "webm", "format_note": "tiny", "acodec": "opus", "abr": 70, "asr": 48000, "filesize": 2451243, "fps": null, "height": null, "tbr": 82.297, "width": null, "vcodec": "none", "downloader_options": {"http_chunk_size": 10485760}, "format": "250 - audio only (tiny)", "protocol": "https", "http_headers": {"User-Agent": "Mozilla/5.0 (Windows NT 10.0; Win64; x64) AppleWebKit/537.36 (KHTML, like Gecko) Chrome/72.0.3623.3 Safari/537.36", "Accept-Charset": "ISO-8859-1,utf-8;q=0.7,*;q=0.7", "Accept": "text/html,application/xhtml+xml,application/xml;q=0.9,*/*;q=0.8", "Accept-Encoding": "gzip, deflate", "Accept-Language": "en-us,en;q=0.5"}}, {"format_id": "140", "url": "https://r2---sn-5njj-u2xl.googlevideo.com/videoplayback?expire=1609160485&ei=xYLpX4DaGdHWgAP_-bWQDw&ip=140.109.135.76&id=o-AIRwhpz0fwlns_PONOR5lAXvPgCIWBGI9nrLDHIuecKL&itag=140&source=youtube&requiressl=yes&mh=hs&mm=31%2C29&mn=sn-5njj-u2xl%2Csn-un57en7e&ms=au%2Crdu&mv=m&mvi=2&pl=16&initcwndbps=700000&vprv=1&mime=audio%2Fmp4&ns=pWyt2j_I3ybxDQ2_6APEApMF&gir=yes&clen=4250918&dur=262.617&lmt=1592689949828316&mt=1609138606&fvip=2&keepalive=yes&c=WEB&txp=5431432&n=Wj4hspFTFo4Qhg6Y&sparams=expire%2Cei%2Cip%2Cid%2Citag%2Csource%2Crequiressl%2Cvprv%2Cmime%2Cns%2Cgir%2Cclen%2Cdur%2Clmt&lsparams=mh%2Cmm%2Cmn%2Cms%2Cmv%2Cmvi%2Cpl%2Cinitcwndbps&lsig=AG3C_xAwRgIhAJeGesHK6yV0KMM3wQLu1txvkIHEDhzo9mZK-AEFOnHXAiEA6wHQ06EYLyqDx1aQzVzH1qVQ71ZBYw0_NCVZpmidx0U%3D&sig=AOq0QJ8wRQIhAPg_zrbTXLGK6nzlMKrqmu2QaUVkE3blD59kLuRS3iAaAiBS0GdFU8YvTk7DWSTXTHj-tyytBFEtNo-ypyC6axw1tg==&ratebypass=yes", "player_url": "/s/player/5dd3f3b2/player_ias.vflset/en_US/base.js", "ext": "m4a", "format_note": "tiny", "acodec": "mp4a.40.2", "abr": 128, "container": "m4a_dash", "asr": 44100, "filesize": 4250918, "fps": null, "height": null, "tbr": 130.446, "width": null, "vcodec": "none", "downloader_options": {"http_chunk_size": 10485760}, "format": "140 - audio only (tiny)", "protocol": "https", "http_headers": {"User-Agent": "Mozilla/5.0 (Windows NT 10.0; Win64; x64) AppleWebKit/537.36 (KHTML, like Gecko) Chrome/72.0.3623.3 Safari/537.36", "Accept-Charset": "ISO-8859-1,utf-8;q=0.7,*;q=0.7", "Accept": "text/html,application/xhtml+xml,application/xml;q=0.9,*/*;q=0.8", "Accept-Encoding": "gzip, deflate", "Accept-Language": "en-us,en;q=0.5"}}, {"format_id": "251", "url": "https://r2---sn-5njj-u2xl.googlevideo.com/videoplayback?expire=1609160485&ei=xYLpX4DaGdHWgAP_-bWQDw&ip=140.109.135.76&id=o-AIRwhpz0fwlns_PONOR5lAXvPgCIWBGI9nrLDHIuecKL&itag=251&source=youtube&requiressl=yes&mh=hs&mm=31%2C29&mn=sn-5njj-u2xl%2Csn-un57en7e&ms=au%2Crdu&mv=m&mvi=2&pl=16&initcwndbps=700000&vprv=1&mime=audio%2Fwebm&ns=pWyt2j_I3ybxDQ2_6APEApMF&gir=yes&clen=4861462&dur=262.581&lmt=1592689949025657&mt=1609138606&fvip=2&keepalive=yes&c=WEB&txp=5431432&n=Wj4hspFTFo4Qhg6Y&sparams=expire%2Cei%2Cip%2Cid%2Citag%2Csource%2Crequiressl%2Cvprv%2Cmime%2Cns%2Cgir%2Cclen%2Cdur%2Clmt&lsparams=mh%2Cmm%2Cmn%2Cms%2Cmv%2Cmvi%2Cpl%2Cinitcwndbps&lsig=AG3C_xAwRQIhANkGfWVP63aNTVcCKvZ1eS5nP-sRa4QVfyUWhXqOCQpEAiAB-Ri32lrVdARs8qftIp9fQ3xxqBqsBZ3WmdfU6BFCCw%3D%3D&sig=AOq0QJ8wRAIgYYgcUXh6e5ZCzBsF-9jxs-pcqb1WCVFGcGEiqDNGWLUCIERP4u69cf7ObSFNi5FVRjTtKRHVOAgac-H0OOX-Sae4&ratebypass=yes", "player_url": "/s/player/5dd3f3b2/player_ias.vflset/en_US/base.js", "ext": "webm", "format_note": "tiny", "acodec": "opus", "abr": 160, "asr": 48000, "filesize": 4861462, "fps": null, "height": null, "tbr": 160.809, "width": null, "vcodec": "none", "downloader_options": {"http_chunk_size": 10485760}, "format": "251 - audio only (tiny)", "protocol": "https", "http_headers": {"User-Agent": "Mozilla/5.0 (Windows NT 10.0; Win64; x64) AppleWebKit/537.36 (KHTML, like Gecko) Chrome/72.0.3623.3 Safari/537.36", "Accept-Charset": "ISO-8859-1,utf-8;q=0.7,*;q=0.7", "Accept": "text/html,application/xhtml+xml,application/xml;q=0.9,*/*;q=0.8", "Accept-Encoding": "gzip, deflate", "Accept-Language": "en-us,en;q=0.5"}}, {"format_id": "160", "url": "https://r2---sn-5njj-u2xl.googlevideo.com/videoplayback?expire=1609160485&ei=xYLpX4DaGdHWgAP_-bWQDw&ip=140.109.135.76&id=o-AIRwhpz0fwlns_PONOR5lAXvPgCIWBGI9nrLDHIuecKL&itag=160&aitags=133%2C134%2C135%2C136%2C137%2C160%2C242%2C243%2C244%2C247%2C248%2C278%2C394%2C395%2C396%2C397%2C398%2C399&source=youtube&requiressl=yes&mh=hs&mm=31%2C29&mn=sn-5njj-u2xl%2Csn-un57en7e&ms=au%2Crdu&mv=m&mvi=2&pl=16&initcwndbps=700000&vprv=1&mime=video%2Fmp4&ns=pWyt2j_I3ybxDQ2_6APEApMF&gir=yes&clen=1717780&dur=262.560&lmt=1592690001707824&mt=1609138606&fvip=2&keepalive=yes&c=WEB&txp=5432432&n=Wj4hspFTFo4Qhg6Y&sparams=expire%2Cei%2Cip%2Cid%2Caitags%2Csource%2Crequiressl%2Cvprv%2Cmime%2Cns%2Cgir%2Cclen%2Cdur%2Clmt&lsparams=mh%2Cmm%2Cmn%2Cms%2Cmv%2Cmvi%2Cpl%2Cinitcwndbps&lsig=AG3C_xAwRAIgFwpyB1J6z5nzo84A-G6nV2bMk6gAQUYfazsS856I6WACIFSKIWUyFO1tn-Of3DnJnIvi6u5-sP_2ws78eygM1t6U&sig=AOq0QJ8wRAIgXigp-Lsjvk0TpVvWHzoz19mb5DU9iVjzFM6Vg4VaMrgCIFyNlnUT7ejORHW76FhhxTpU0thfvMAZmkfvcBQikTwj&ratebypass=yes", "player_url": "/s/player/5dd3f3b2/player_ias.vflset/en_US/base.js", "ext": "mp4", "height": 144, "format_note": "144p", "vcodec": "avc1.4d400c", "asr": null, "filesize": 1717780, "fps": 25, "tbr": 66.91, "width": 256, "acodec": "none", "downloader_options": {"http_chunk_size": 10485760}, "format": "160 - 256x144 (144p)", "protocol": "https", "http_headers": {"User-Agent": "Mozilla/5.0 (Windows NT 10.0; Win64; x64) AppleWebKit/537.36 (KHTML, like Gecko) Chrome/72.0.3623.3 Safari/537.36", "Accept-Charset": "ISO-8859-1,utf-8;q=0.7,*;q=0.7", "Accept": "text/html,application/xhtml+xml,application/xml;q=0.9,*/*;q=0.8", "Accept-Encoding": "gzip, deflate", "Accept-Language": "en-us,en;q=0.5"}}, {"format_id": "394", "url": "https://r2---sn-5njj-u2xl.googlevideo.com/videoplayback?expire=1609160485&ei=xYLpX4DaGdHWgAP_-bWQDw&ip=140.109.135.76&id=o-AIRwhpz0fwlns_PONOR5lAXvPgCIWBGI9nrLDHIuecKL&itag=394&aitags=133%2C134%2C135%2C136%2C137%2C160%2C242%2C243%2C244%2C247%2C248%2C278%2C394%2C395%2C396%2C397%2C398%2C399&source=youtube&requiressl=yes&mh=hs&mm=31%2C29&mn=sn-5njj-u2xl%2Csn-un57en7e&ms=au%2Crdu&mv=m&mvi=2&pl=16&initcwndbps=700000&vprv=1&mime=video%2Fmp4&ns=pWyt2j_I3ybxDQ2_6APEApMF&gir=yes&clen=2062694&dur=262.560&lmt=1594459104621063&mt=1609138606&fvip=2&keepalive=yes&c=WEB&txp=5531432&n=Wj4hspFTFo4Qhg6Y&sparams=expire%2Cei%2Cip%2Cid%2Caitags%2Csource%2Crequiressl%2Cvprv%2Cmime%2Cns%2Cgir%2Cclen%2Cdur%2Clmt&lsparams=mh%2Cmm%2Cmn%2Cms%2Cmv%2Cmvi%2Cpl%2Cinitcwndbps&lsig=AG3C_xAwRQIgS59aZ-z1VQ3jGg4Z0vxzT5_TJb4F16eVUAOxj2j5qeQCIQDuFZ-QdGYvEEJKWF-xY7qgTSSytYVKxDii9wdlrdkkKw%3D%3D&sig=AOq0QJ8wRgIhAIop1myovQugRZODr3fOC4-pNXgd0Q05eL-H47u_Lh2pAiEAh80crGkrKlvlpjHiy5pwhtb28kKJNiuV5qH-Hd5AkDM=&ratebypass=yes", "player_url": "/s/player/5dd3f3b2/player_ias.vflset/en_US/base.js", "acodec": "none", "vcodec": "av01.0.00M.08", "asr": null, "filesize": 2062694, "format_note": "144p", "fps": 25, "height": 144, "tbr": 69.737, "width": 256, "ext": "mp4", "downloader_options": {"http_chunk_size": 10485760}, "format": "394 - 256x144 (144p)", "protocol": "https", "http_headers": {"User-Agent": "Mozilla/5.0 (Windows NT 10.0; Win64; x64) AppleWebKit/537.36 (KHTML, like Gecko) Chrome/72.0.3623.3 Safari/537.36", "Accept-Charset": "ISO-8859-1,utf-8;q=0.7,*;q=0.7", "Accept": "text/html,application/xhtml+xml,application/xml;q=0.9,*/*;q=0.8", "Accept-Encoding": "gzip, deflate", "Accept-Language": "en-us,en;q=0.5"}}, {"format_id": "278", "url": "https://r2---sn-5njj-u2xl.googlevideo.com/videoplayback?expire=1609160485&ei=xYLpX4DaGdHWgAP_-bWQDw&ip=140.109.135.76&id=o-AIRwhpz0fwlns_PONOR5lAXvPgCIWBGI9nrLDHIuecKL&itag=278&aitags=133%2C134%2C135%2C136%2C137%2C160%2C242%2C243%2C244%2C247%2C248%2C278%2C394%2C395%2C396%2C397%2C398%2C399&source=youtube&requiressl=yes&mh=hs&mm=31%2C29&mn=sn-5njj-u2xl%2Csn-un57en7e&ms=au%2Crdu&mv=m&mvi=2&pl=16&initcwndbps=700000&vprv=1&mime=video%2Fwebm&ns=pWyt2j_I3ybxDQ2_6APEApMF&gir=yes&clen=2503726&dur=262.560&lmt=1592690136791176&mt=1609138606&fvip=2&keepalive=yes&c=WEB&txp=5432432&n=Wj4hspFTFo4Qhg6Y&sparams=expire%2Cei%2Cip%2Cid%2Caitags%2Csource%2Crequiressl%2Cvprv%2Cmime%2Cns%2Cgir%2Cclen%2Cdur%2Clmt&lsparams=mh%2Cmm%2Cmn%2Cms%2Cmv%2Cmvi%2Cpl%2Cinitcwndbps&lsig=AG3C_xAwRgIhAPA_oCJyBO4xmFEWPkhityXTuRYPTj2AZhwMDjVaw0B5AiEA88-Wudvrp0BqvoQcOHea9QfdaHksGVPa7amMnVQPM_o%3D&sig=AOq0QJ8wRQIhALKlIzoJxuqEbd_rviUi0FRt52rUFFA8kxGbBhrEMuxyAiAb2IshnTlSW_uRrIussaG10HENq8T1Rua26Un_CKgFOQ==&ratebypass=yes", "player_url": "/s/player/5dd3f3b2/player_ias.vflset/en_US/base.js", "ext": "webm", "height": 144, "format_note": "144p", "container": "webm", "vcodec": "vp9", "asr": null, "filesize": 2503726, "fps": 25, "tbr": 87.078, "width": 256, "acodec": "none", "downloader_options": {"http_chunk_size": 10485760}, "format": "278 - 256x144 (144p)", "protocol": "https", "http_headers": {"User-Agent": "Mozilla/5.0 (Windows NT 10.0; Win64; x64) AppleWebKit/537.36 (KHTML, like Gecko) Chrome/72.0.3623.3 Safari/537.36", "Accept-Charset": "ISO-8859-1,utf-8;q=0.7,*;q=0.7", "Accept": "text/html,application/xhtml+xml,application/xml;q=0.9,*/*;q=0.8", "Accept-Encoding": "gzip, deflate", "Accept-Language": "en-us,en;q=0.5"}}, {"format_id": "133", "url": "https://r2---sn-5njj-u2xl.googlevideo.com/videoplayback?expire=1609160485&ei=xYLpX4DaGdHWgAP_-bWQDw&ip=140.109.135.76&id=o-AIRwhpz0fwlns_PONOR5lAXvPgCIWBGI9nrLDHIuecKL&itag=133&aitags=133%2C134%2C135%2C136%2C137%2C160%2C242%2C243%2C244%2C247%2C248%2C278%2C394%2C395%2C396%2C397%2C398%2C399&source=youtube&requiressl=yes&mh=hs&mm=31%2C29&mn=sn-5njj-u2xl%2Csn-un57en7e&ms=au%2Crdu&mv=m&mvi=2&pl=16&initcwndbps=700000&vprv=1&mime=video%2Fmp4&ns=pWyt2j_I3ybxDQ2_6APEApMF&gir=yes&clen=3510661&dur=262.560&lmt=1592690001713204&mt=1609138606&fvip=2&keepalive=yes&c=WEB&txp=5432432&n=Wj4hspFTFo4Qhg6Y&sparams=expire%2Cei%2Cip%2Cid%2Caitags%2Csource%2Crequiressl%2Cvprv%2Cmime%2Cns%2Cgir%2Cclen%2Cdur%2Clmt&lsparams=mh%2Cmm%2Cmn%2Cms%2Cmv%2Cmvi%2Cpl%2Cinitcwndbps&lsig=AG3C_xAwRAIgGEsa3zmV3NqIdBO2CpomVl0XrmjQ_jgYU2PMcRLennQCIACeq0EbZDP76u-M7-PuBYP1jT9UJxwXN6ix-OED9ZmA&sig=AOq0QJ8wRgIhANRuFgmi6rFREUp7kZvzJSWHRaHNspDRF_GUW9BTrEZpAiEAkL98fhPecC23x61x_8i4GqRDmE_PE4SjCT-NwHOUhds=&ratebypass=yes", "player_url": "/s/player/5dd3f3b2/player_ias.vflset/en_US/base.js", "ext": "mp4", "height": 240, "format_note": "240p", "vcodec": "avc1.4d4015", "asr": null, "filesize": 3510661, "fps": 25, "tbr": 135.587, "width": 426, "acodec": "none", "downloader_options": {"http_chunk_size": 10485760}, "format": "133 - 426x240 (240p)", "protocol": "https", "http_headers": {"User-Agent": "Mozilla/5.0 (Windows NT 10.0; Win64; x64) AppleWebKit/537.36 (KHTML, like Gecko) Chrome/72.0.3623.3 Safari/537.36", "Accept-Charset": "ISO-8859-1,utf-8;q=0.7,*;q=0.7", "Accept": "text/html,application/xhtml+xml,application/xml;q=0.9,*/*;q=0.8", "Accept-Encoding": "gzip, deflate", "Accept-Language": "en-us,en;q=0.5"}}, {"format_id": "395", "url": "https://r2---sn-5njj-u2xl.googlevideo.com/videoplayback?expire=1609160485&ei=xYLpX4DaGdHWgAP_-bWQDw&ip=140.109.135.76&id=o-AIRwhpz0fwlns_PONOR5lAXvPgCIWBGI9nrLDHIuecKL&itag=395&aitags=133%2C134%2C135%2C136%2C137%2C160%2C242%2C243%2C244%2C247%2C248%2C278%2C394%2C395%2C396%2C397%2C398%2C399&source=youtube&requiressl=yes&mh=hs&mm=31%2C29&mn=sn-5njj-u2xl%2Csn-un57en7e&ms=au%2Crdu&mv=m&mvi=2&pl=16&initcwndbps=700000&vprv=1&mime=video%2Fmp4&ns=pWyt2j_I3ybxDQ2_6APEApMF&gir=yes&clen=4352984&dur=262.560&lmt=1594459271524257&mt=1609138606&fvip=2&keepalive=yes&c=WEB&txp=5531432&n=Wj4hspFTFo4Qhg6Y&sparams=expire%2Cei%2Cip%2Cid%2Caitags%2Csource%2Crequiressl%2Cvprv%2Cmime%2Cns%2Cgir%2Cclen%2Cdur%2Clmt&lsparams=mh%2Cmm%2Cmn%2Cms%2Cmv%2Cmvi%2Cpl%2Cinitcwndbps&lsig=AG3C_xAwRAIgay69ey_m5BnW1YJ-oo8ABMEPQGuZ_9lwwCHY6Sza4ZcCIDMBtuJYGp3mvHGf6J4IyZmvUxGy6feVUIvnQJm0FX-j&sig=AOq0QJ8wRQIgYIoUanXzAnqS4nroI1xjmQg6EGbP15xj3ss3l-AdhfECIQC-6_0wDnMpiN0_6SYkhP7EaEKx0sV-vAeAGKFi-TSUvg==&ratebypass=yes", "player_url": "/s/player/5dd3f3b2/player_ias.vflset/en_US/base.js", "acodec": "none", "vcodec": "av01.0.00M.08", "asr": null, "filesize": 4352984, "format_note": "240p", "fps": 25, "height": 240, "tbr": 156.969, "width": 426, "ext": "mp4", "downloader_options": {"http_chunk_size": 10485760}, "format": "395 - 426x240 (240p)", "protocol": "https", "http_headers": {"User-Agent": "Mozilla/5.0 (Windows NT 10.0; Win64; x64) AppleWebKit/537.36 (KHTML, like Gecko) Chrome/72.0.3623.3 Safari/537.36", "Accept-Charset": "ISO-8859-1,utf-8;q=0.7,*;q=0.7", "Accept": "text/html,application/xhtml+xml,application/xml;q=0.9,*/*;q=0.8", "Accept-Encoding": "gzip, deflate", "Accept-Language": "en-us,en;q=0.5"}}, {"format_id": "242", "url": "https://r2---sn-5njj-u2xl.googlevideo.com/videoplayback?expire=1609160485&ei=xYLpX4DaGdHWgAP_-bWQDw&ip=140.109.135.76&id=o-AIRwhpz0fwlns_PONOR5lAXvPgCIWBGI9nrLDHIuecKL&itag=242&aitags=133%2C134%2C135%2C136%2C137%2C160%2C242%2C243%2C244%2C247%2C248%2C278%2C394%2C395%2C396%2C397%2C398%2C399&source=youtube&requiressl=yes&mh=hs&mm=31%2C29&mn=sn-5njj-u2xl%2Csn-un57en7e&ms=au%2Crdu&mv=m&mvi=2&pl=16&initcwndbps=700000&vprv=1&mime=video%2Fwebm&ns=pWyt2j_I3ybxDQ2_6APEApMF&gir=yes&clen=5117137&dur=262.560&lmt=1592690136791286&mt=1609138606&fvip=2&keepalive=yes&c=WEB&txp=5432432&n=Wj4hspFTFo4Qhg6Y&sparams=expire%2Cei%2Cip%2Cid%2Caitags%2Csource%2Crequiressl%2Cvprv%2Cmime%2Cns%2Cgir%2Cclen%2Cdur%2Clmt&lsparams=mh%2Cmm%2Cmn%2Cms%2Cmv%2Cmvi%2Cpl%2Cinitcwndbps&lsig=AG3C_xAwRQIhAPZRQ-_rO8n8wkHI2ltrDIQuJAdZkc-CiOyGC0jzEQbgAiBGZTJC4AMygniq0HCpQ0hHxE2A0uIaysUzWNDd7jrDBA%3D%3D&sig=AOq0QJ8wRQIhAKhjZKopFj-Ewfv_xSjwtHbZtKvQGRhpdB8c9sqPioJ5AiAfhEyE0l18FXWyRNSTw62fstOZF_alyLi8tNB4idfS-w==&ratebypass=yes", "player_url": "/s/player/5dd3f3b2/player_ias.vflset/en_US/base.js", "ext": "webm", "height": 240, "format_note": "240p", "vcodec": "vp9", "asr": null, "filesize": 5117137, "fps": 25, "tbr": 190.953, "width": 426, "acodec": "none", "downloader_options": {"http_chunk_size": 10485760}, "format": "242 - 426x240 (240p)", "protocol": "https", "http_headers": {"User-Agent": "Mozilla/5.0 (Windows NT 10.0; Win64; x64) AppleWebKit/537.36 (KHTML, like Gecko) Chrome/72.0.3623.3 Safari/537.36", "Accept-Charset": "ISO-8859-1,utf-8;q=0.7,*;q=0.7", "Accept": "text/html,application/xhtml+xml,application/xml;q=0.9,*/*;q=0.8", "Accept-Encoding": "gzip, deflate", "Accept-Language": "en-us,en;q=0.5"}}, {"format_id": "134", "url": "https://r2---sn-5njj-u2xl.googlevideo.com/videoplayback?expire=1609160485&ei=xYLpX4DaGdHWgAP_-bWQDw&ip=140.109.135.76&id=o-AIRwhpz0fwlns_PONOR5lAXvPgCIWBGI9nrLDHIuecKL&itag=134&aitags=133%2C134%2C135%2C136%2C137%2C160%2C242%2C243%2C244%2C247%2C248%2C278%2C394%2C395%2C396%2C397%2C398%2C399&source=youtube&requiressl=yes&mh=hs&mm=31%2C29&mn=sn-5njj-u2xl%2Csn-un57en7e&ms=au%2Crdu&mv=m&mvi=2&pl=16&initcwndbps=700000&vprv=1&mime=video%2Fmp4&ns=pWyt2j_I3ybxDQ2_6APEApMF&gir=yes&clen=7782048&dur=262.560&lmt=1592690001707205&mt=1609138606&fvip=2&keepalive=yes&c=WEB&txp=5432432&n=Wj4hspFTFo4Qhg6Y&sparams=expire%2Cei%2Cip%2Cid%2Caitags%2Csource%2Crequiressl%2Cvprv%2Cmime%2Cns%2Cgir%2Cclen%2Cdur%2Clmt&lsparams=mh%2Cmm%2Cmn%2Cms%2Cmv%2Cmvi%2Cpl%2Cinitcwndbps&lsig=AG3C_xAwRQIgb4VcfuYPXtQlpLAb1__Qz-MPPhKfbdF-U8FV7X_K5iECIQDCw6-zCnLnBrsCW9Q5FPLiLEyC5OIWcsuq5bj1wbh6OA%3D%3D&sig=AOq0QJ8wRQIgcdQK74-azTn5uualcV25hj_THZ2GckgPtDRIOqtNWrYCIQDa8SQBwdagaMb9FCu0ebyHnAoYY0D2vvxrkIja84HhDg==&ratebypass=yes", "player_url": "/s/player/5dd3f3b2/player_ias.vflset/en_US/base.js", "ext": "mp4", "height": 360, "format_note": "360p", "vcodec": "avc1.4d401e", "asr": null, "filesize": 7782048, "fps": 25, "tbr": 308.312, "width": 640, "acodec": "none", "downloader_options": {"http_chunk_size": 10485760}, "format": "134 - 640x360 (360p)", "protocol": "https", "http_headers": {"User-Agent": "Mozilla/5.0 (Windows NT 10.0; Win64; x64) AppleWebKit/537.36 (KHTML, like Gecko) Chrome/72.0.3623.3 Safari/537.36", "Accept-Charset": "ISO-8859-1,utf-8;q=0.7,*;q=0.7", "Accept": "text/html,application/xhtml+xml,application/xml;q=0.9,*/*;q=0.8", "Accept-Encoding": "gzip, deflate", "Accept-Language": "en-us,en;q=0.5"}}, {"format_id": "396", "url": "https://r2---sn-5njj-u2xl.googlevideo.com/videoplayback?expire=1609160485&ei=xYLpX4DaGdHWgAP_-bWQDw&ip=140.109.135.76&id=o-AIRwhpz0fwlns_PONOR5lAXvPgCIWBGI9nrLDHIuecKL&itag=396&aitags=133%2C134%2C135%2C136%2C137%2C160%2C242%2C243%2C244%2C247%2C248%2C278%2C394%2C395%2C396%2C397%2C398%2C399&source=youtube&requiressl=yes&mh=hs&mm=31%2C29&mn=sn-5njj-u2xl%2Csn-un57en7e&ms=au%2Crdu&mv=m&mvi=2&pl=16&initcwndbps=700000&vprv=1&mime=video%2Fmp4&ns=pWyt2j_I3ybxDQ2_6APEApMF&gir=yes&clen=9982627&dur=262.560&lmt=1594459393641905&mt=1609138606&fvip=2&keepalive=yes&c=WEB&txp=5531432&n=Wj4hspFTFo4Qhg6Y&sparams=expire%2Cei%2Cip%2Cid%2Caitags%2Csource%2Crequiressl%2Cvprv%2Cmime%2Cns%2Cgir%2Cclen%2Cdur%2Clmt&lsparams=mh%2Cmm%2Cmn%2Cms%2Cmv%2Cmvi%2Cpl%2Cinitcwndbps&lsig=AG3C_xAwRQIhAMJQ0B9U2cKgEZPaP2L5kf-Ox9JiKKBPNSPniJtXVLCvAiAoXriOUkkDu3KfiEUNtTgZF7Bdfek9RgXin3nXCTgGDw%3D%3D&sig=AOq0QJ8wRgIhAOEGQRZH3j_abR_Zkicnr89b4aaOM7RQAhhEcaWJ2LECAiEAy1kFmaUzZUggcnBHSgByTxC6k2nNQ0oMFObn-7OlLaY=&ratebypass=yes", "player_url": "/s/player/5dd3f3b2/player_ias.vflset/en_US/base.js", "acodec": "none", "vcodec": "av01.0.01M.08", "asr": null, "filesize": 9982627, "format_note": "360p", "fps": 25, "height": 360, "tbr": 352.915, "width": 640, "ext": "mp4", "downloader_options": {"http_chunk_size": 10485760}, "format": "396 - 640x360 (360p)", "protocol": "https", "http_headers": {"User-Agent": "Mozilla/5.0 (Windows NT 10.0; Win64; x64) AppleWebKit/537.36 (KHTML, like Gecko) Chrome/72.0.3623.3 Safari/537.36", "Accept-Charset": "ISO-8859-1,utf-8;q=0.7,*;q=0.7", "Accept": "text/html,application/xhtml+xml,application/xml;q=0.9,*/*;q=0.8", "Accept-Encoding": "gzip, deflate", "Accept-Language": "en-us,en;q=0.5"}}, {"format_id": "243", "url": "https://r2---sn-5njj-u2xl.googlevideo.com/videoplayback?expire=1609160485&ei=xYLpX4DaGdHWgAP_-bWQDw&ip=140.109.135.76&id=o-AIRwhpz0fwlns_PONOR5lAXvPgCIWBGI9nrLDHIuecKL&itag=243&aitags=133%2C134%2C135%2C136%2C137%2C160%2C242%2C243%2C244%2C247%2C248%2C278%2C394%2C395%2C396%2C397%2C398%2C399&source=youtube&requiressl=yes&mh=hs&mm=31%2C29&mn=sn-5njj-u2xl%2Csn-un57en7e&ms=au%2Crdu&mv=m&mvi=2&pl=16&initcwndbps=700000&vprv=1&mime=video%2Fwebm&ns=pWyt2j_I3ybxDQ2_6APEApMF&gir=yes&clen=12085617&dur=262.560&lmt=1592690136788533&mt=1609138606&fvip=2&keepalive=yes&c=WEB&txp=5432432&n=Wj4hspFTFo4Qhg6Y&sparams=expire%2Cei%2Cip%2Cid%2Caitags%2Csource%2Crequiressl%2Cvprv%2Cmime%2Cns%2Cgir%2Cclen%2Cdur%2Clmt&lsparams=mh%2Cmm%2Cmn%2Cms%2Cmv%2Cmvi%2Cpl%2Cinitcwndbps&lsig=AG3C_xAwRQIhAJhE8b2q-K4Kh2G11EY3TngxmWG_4rZMPOVTQa2Sz0mtAiBj5eAqZzLeX3-5A7AOpw3GDK48mGE-MOkCSHoHrJgfyQ%3D%3D&sig=AOq0QJ8wRAIgCaMDjHBioaK_J2d-jsRyfCPA53VzwIfGeJDOLkNaIs4CIA0tcMbkaERSY_Y4BOKQJVo3_AViYWcjhJXwPyNYcUo-&ratebypass=yes", "player_url": "/s/player/5dd3f3b2/player_ias.vflset/en_US/base.js", "ext": "webm", "height": 360, "format_note": "360p", "vcodec": "vp9", "asr": null, "filesize": 12085617, "fps": 25, "tbr": 409.315, "width": 640, "acodec": "none", "downloader_options": {"http_chunk_size": 10485760}, "format": "243 - 640x360 (360p)", "protocol": "https", "http_headers": {"User-Agent": "Mozilla/5.0 (Windows NT 10.0; Win64; x64) AppleWebKit/537.36 (KHTML, like Gecko) Chrome/72.0.3623.3 Safari/537.36", "Accept-Charset": "ISO-8859-1,utf-8;q=0.7,*;q=0.7", "Accept": "text/html,application/xhtml+xml,application/xml;q=0.9,*/*;q=0.8", "Accept-Encoding": "gzip, deflate", "Accept-Language": "en-us,en;q=0.5"}}, {"format_id": "135", "url": "https://r2---sn-5njj-u2xl.googlevideo.com/videoplayback?expire=1609160485&ei=xYLpX4DaGdHWgAP_-bWQDw&ip=140.109.135.76&id=o-AIRwhpz0fwlns_PONOR5lAXvPgCIWBGI9nrLDHIuecKL&itag=135&aitags=133%2C134%2C135%2C136%2C137%2C160%2C242%2C243%2C244%2C247%2C248%2C278%2C394%2C395%2C396%2C397%2C398%2C399&source=youtube&requiressl=yes&mh=hs&mm=31%2C29&mn=sn-5njj-u2xl%2Csn-un57en7e&ms=au%2Crdu&mv=m&mvi=2&pl=16&initcwndbps=700000&vprv=1&mime=video%2Fmp4&ns=pWyt2j_I3ybxDQ2_6APEApMF&gir=yes&clen=14765474&dur=262.560&lmt=1592690001706026&mt=1609138606&fvip=2&keepalive=yes&c=WEB&txp=5432432&n=Wj4hspFTFo4Qhg6Y&sparams=expire%2Cei%2Cip%2Cid%2Caitags%2Csource%2Crequiressl%2Cvprv%2Cmime%2Cns%2Cgir%2Cclen%2Cdur%2Clmt&lsparams=mh%2Cmm%2Cmn%2Cms%2Cmv%2Cmvi%2Cpl%2Cinitcwndbps&lsig=AG3C_xAwRAIgO1xST3oO8AElIkFnXYmWjN_0HJzuO4SzqrzAx7abUwYCIEYRaMdTBtjZd6dILDXAZq6u8j7c-CLiuu9HK26LciGN&sig=AOq0QJ8wRgIhAM3ARhF8aCPl4t6OATLvKdF7oPHaEqh2VQ1_5Dh2l8CJAiEA4nikjW2Qj9l2xMuQyQVf9rUTdknUQqjZNbPo8l6riXI=&ratebypass=yes", "player_url": "/s/player/5dd3f3b2/player_ias.vflset/en_US/base.js", "ext": "mp4", "height": 480, "format_note": "480p", "vcodec": "avc1.4d401e", "asr": null, "filesize": 14765474, "fps": 25, "tbr": 558.635, "width": 854, "acodec": "none", "downloader_options": {"http_chunk_size": 10485760}, "format": "135 - 854x480 (480p)", "protocol": "https", "http_headers": {"User-Agent": "Mozilla/5.0 (Windows NT 10.0; Win64; x64) AppleWebKit/537.36 (KHTML, like Gecko) Chrome/72.0.3623.3 Safari/537.36", "Accept-Charset": "ISO-8859-1,utf-8;q=0.7,*;q=0.7", "Accept": "text/html,application/xhtml+xml,application/xml;q=0.9,*/*;q=0.8", "Accept-Encoding": "gzip, deflate", "Accept-Language": "en-us,en;q=0.5"}}, {"format_id": "397", "url": "https://r2---sn-5njj-u2xl.googlevideo.com/videoplayback?expire=1609160485&ei=xYLpX4DaGdHWgAP_-bWQDw&ip=140.109.135.76&id=o-AIRwhpz0fwlns_PONOR5lAXvPgCIWBGI9nrLDHIuecKL&itag=397&aitags=133%2C134%2C135%2C136%2C137%2C160%2C242%2C243%2C244%2C247%2C248%2C278%2C394%2C395%2C396%2C397%2C398%2C399&source=youtube&requiressl=yes&mh=hs&mm=31%2C29&mn=sn-5njj-u2xl%2Csn-un57en7e&ms=au%2Crdu&mv=m&mvi=2&pl=16&initcwndbps=700000&vprv=1&mime=video%2Fmp4&ns=pWyt2j_I3ybxDQ2_6APEApMF&gir=yes&clen=18804396&dur=262.560&lmt=1594460365182362&mt=1609138606&fvip=2&keepalive=yes&c=WEB&txp=5531432&n=Wj4hspFTFo4Qhg6Y&sparams=expire%2Cei%2Cip%2Cid%2Caitags%2Csource%2Crequiressl%2Cvprv%2Cmime%2Cns%2Cgir%2Cclen%2Cdur%2Clmt&lsparams=mh%2Cmm%2Cmn%2Cms%2Cmv%2Cmvi%2Cpl%2Cinitcwndbps&lsig=AG3C_xAwRAIgYk-KvO8Afu6xMLTEWvlzvuKrif4TMXXuw5c9C088XpwCIH4gt1sYQ0OiItdZMoVxPBRtp65VpEz1hyBGCMZr8YKn&sig=AOq0QJ8wRQIhAPYxbJcOLBu43rvYUqHaKaCdcONvDhDnxRs4ZXC4iJ7nAiA_MkHWX0GWwpqQH5uy-rGyfBe3a46QqgvZMm63a2_2gg==&ratebypass=yes", "player_url": "/s/player/5dd3f3b2/player_ias.vflset/en_US/base.js", "acodec": "none", "vcodec": "av01.0.04M.08", "asr": null, "filesize": 18804396, "format_note": "480p", "fps": 25, "height": 480, "tbr": 658.284, "width": 854, "ext": "mp4", "downloader_options": {"http_chunk_size": 10485760}, "format": "397 - 854x480 (480p)", "protocol": "https", "http_headers": {"User-Agent": "Mozilla/5.0 (Windows NT 10.0; Win64; x64) AppleWebKit/537.36 (KHTML, like Gecko) Chrome/72.0.3623.3 Safari/537.36", "Accept-Charset": "ISO-8859-1,utf-8;q=0.7,*;q=0.7", "Accept": "text/html,application/xhtml+xml,application/xml;q=0.9,*/*;q=0.8", "Accept-Encoding": "gzip, deflate", "Accept-Language": "en-us,en;q=0.5"}}, {"format_id": "244", "url": "https://r2---sn-5njj-u2xl.googlevideo.com/videoplayback?expire=1609160485&ei=xYLpX4DaGdHWgAP_-bWQDw&ip=140.109.135.76&id=o-AIRwhpz0fwlns_PONOR5lAXvPgCIWBGI9nrLDHIuecKL&itag=244&aitags=133%2C134%2C135%2C136%2C137%2C160%2C242%2C243%2C244%2C247%2C248%2C278%2C394%2C395%2C396%2C397%2C398%2C399&source=youtube&requiressl=yes&mh=hs&mm=31%2C29&mn=sn-5njj-u2xl%2Csn-un57en7e&ms=au%2Crdu&mv=m&mvi=2&pl=16&initcwndbps=700000&vprv=1&mime=video%2Fwebm&ns=pWyt2j_I3ybxDQ2_6APEApMF&gir=yes&clen=22943811&dur=262.560&lmt=1592690136807667&mt=1609138606&fvip=2&keepalive=yes&c=WEB&txp=5432432&n=Wj4hspFTFo4Qhg6Y&sparams=expire%2Cei%2Cip%2Cid%2Caitags%2Csource%2Crequiressl%2Cvprv%2Cmime%2Cns%2Cgir%2Cclen%2Cdur%2Clmt&lsparams=mh%2Cmm%2Cmn%2Cms%2Cmv%2Cmvi%2Cpl%2Cinitcwndbps&lsig=AG3C_xAwRgIhAOTfbTwD2NiBAM9dwlRDVMZ9u-rjaDZ1fJl_Gp8TAyiwAiEA1iwg665S3nOGclGHjPvknNYk_78aUb2OQeIhGub_D_w%3D&sig=AOq0QJ8wRAIgP2FDLDRbbHWouf_N7PH1p_uCuZln_1AAJoxk_yhv4aQCIHMaR0_ISDlAix0PO8vX4vgqorooL74ZFHfocoRTbCcz&ratebypass=yes", "player_url": "/s/player/5dd3f3b2/player_ias.vflset/en_US/base.js", "ext": "webm", "height": 480, "format_note": "480p", "vcodec": "vp9", "asr": null, "filesize": 22943811, "fps": 25, "tbr": 757.067, "width": 854, "acodec": "none", "downloader_options": {"http_chunk_size": 10485760}, "format": "244 - 854x480 (480p)", "protocol": "https", "http_headers": {"User-Agent": "Mozilla/5.0 (Windows NT 10.0; Win64; x64) AppleWebKit/537.36 (KHTML, like Gecko) Chrome/72.0.3623.3 Safari/537.36", "Accept-Charset": "ISO-8859-1,utf-8;q=0.7,*;q=0.7", "Accept": "text/html,application/xhtml+xml,application/xml;q=0.9,*/*;q=0.8", "Accept-Encoding": "gzip, deflate", "Accept-Language": "en-us,en;q=0.5"}}, {"format_id": "136", "url": "https://r2---sn-5njj-u2xl.googlevideo.com/videoplayback?expire=1609160485&ei=xYLpX4DaGdHWgAP_-bWQDw&ip=140.109.135.76&id=o-AIRwhpz0fwlns_PONOR5lAXvPgCIWBGI9nrLDHIuecKL&itag=136&aitags=133%2C134%2C135%2C136%2C137%2C160%2C242%2C243%2C244%2C247%2C248%2C278%2C394%2C395%2C396%2C397%2C398%2C399&source=youtube&requiressl=yes&mh=hs&mm=31%2C29&mn=sn-5njj-u2xl%2Csn-un57en7e&ms=au%2Crdu&mv=m&mvi=2&pl=16&initcwndbps=700000&vprv=1&mime=video%2Fmp4&ns=pWyt2j_I3ybxDQ2_6APEApMF&gir=yes&clen=28347499&dur=262.560&lmt=1592690001774411&mt=1609138606&fvip=2&keepalive=yes&c=WEB&txp=5432432&n=Wj4hspFTFo4Qhg6Y&sparams=expire%2Cei%2Cip%2Cid%2Caitags%2Csource%2Crequiressl%2Cvprv%2Cmime%2Cns%2Cgir%2Cclen%2Cdur%2Clmt&lsparams=mh%2Cmm%2Cmn%2Cms%2Cmv%2Cmvi%2Cpl%2Cinitcwndbps&lsig=AG3C_xAwRQIgboErUKSKJdgFLgJJnQtf2khi7oICHwZUhl_HjjtIkIcCIQD3ZavhzD1Gh-LHjDJzVKRMpcMj-YhmJO2QLmgy1feaZw%3D%3D&sig=AOq0QJ8wRQIhAIaWZcerorhWyLLs3OmZwfatuJfHHSp6fZv6VbkMz_ZtAiAVbfhzydaUz3HwW5lfgEPh7DwdbBr1S8uAcKEdlkwpeg==&ratebypass=yes", "player_url": "/s/player/5dd3f3b2/player_ias.vflset/en_US/base.js", "ext": "mp4", "height": 720, "format_note": "720p", "vcodec": "avc1.4d401f", "asr": null, "filesize": 28347499, "fps": 25, "tbr": 1027.195, "width": 1280, "acodec": "none", "downloader_options": {"http_chunk_size": 10485760}, "format": "136 - 1280x720 (720p)", "protocol": "https", "http_headers": {"User-Agent": "Mozilla/5.0 (Windows NT 10.0; Win64; x64) AppleWebKit/537.36 (KHTML, like Gecko) Chrome/72.0.3623.3 Safari/537.36", "Accept-Charset": "ISO-8859-1,utf-8;q=0.7,*;q=0.7", "Accept": "text/html,application/xhtml+xml,application/xml;q=0.9,*/*;q=0.8", "Accept-Encoding": "gzip, deflate", "Accept-Language": "en-us,en;q=0.5"}}, {"format_id": "398", "url": "https://r2---sn-5njj-u2xl.googlevideo.com/videoplayback?expire=1609160485&ei=xYLpX4DaGdHWgAP_-bWQDw&ip=140.109.135.76&id=o-AIRwhpz0fwlns_PONOR5lAXvPgCIWBGI9nrLDHIuecKL&itag=398&aitags=133%2C134%2C135%2C136%2C137%2C160%2C242%2C243%2C244%2C247%2C248%2C278%2C394%2C395%2C396%2C397%2C398%2C399&source=youtube&requiressl=yes&mh=hs&mm=31%2C29&mn=sn-5njj-u2xl%2Csn-un57en7e&ms=au%2Crdu&mv=m&mvi=2&pl=16&initcwndbps=700000&vprv=1&mime=video%2Fmp4&ns=pWyt2j_I3ybxDQ2_6APEApMF&gir=yes&clen=35604327&dur=262.560&lmt=1594460068635627&mt=1609138606&fvip=2&keepalive=yes&c=WEB&txp=5531432&n=Wj4hspFTFo4Qhg6Y&sparams=expire%2Cei%2Cip%2Cid%2Caitags%2Csource%2Crequiressl%2Cvprv%2Cmime%2Cns%2Cgir%2Cclen%2Cdur%2Clmt&lsparams=mh%2Cmm%2Cmn%2Cms%2Cmv%2Cmvi%2Cpl%2Cinitcwndbps&lsig=AG3C_xAwRQIhAO4SKFrkzplJrS49AlgDklOJ7UD-DiG7wJNCFlWK6JbbAiAtI11AMX27YqAQyGFpvGOnIKBbzkeXn95VVOGQmmQYRg%3D%3D&sig=AOq0QJ8wRQIgVg-lWaNtAcIdu8DW8bkY4-BuQE4R9iOi0X7FWfHLAaYCIQDGmihMYpYTwsrWbh8fY_NMxK5crrwHH4YqA0k4UEYZKg==&ratebypass=yes", "player_url": "/s/player/5dd3f3b2/player_ias.vflset/en_US/base.js", "asr": null, "filesize": 35604327, "format_note": "720p", "fps": 25, "height": 720, "tbr": 1201.792, "width": 1280, "ext": "mp4", "vcodec": "av01.0.05M.08", "acodec": "none", "downloader_options": {"http_chunk_size": 10485760}, "format": "398 - 1280x720 (720p)", "protocol": "https", "http_headers": {"User-Agent": "Mozilla/5.0 (Windows NT 10.0; Win64; x64) AppleWebKit/537.36 (KHTML, like Gecko) Chrome/72.0.3623.3 Safari/537.36", "Accept-Charset": "ISO-8859-1,utf-8;q=0.7,*;q=0.7", "Accept": "text/html,application/xhtml+xml,application/xml;q=0.9,*/*;q=0.8", "Accept-Encoding": "gzip, deflate", "Accept-Language": "en-us,en;q=0.5"}}, {"format_id": "247", "url": "https://r2---sn-5njj-u2xl.googlevideo.com/videoplayback?expire=1609160485&ei=xYLpX4DaGdHWgAP_-bWQDw&ip=140.109.135.76&id=o-AIRwhpz0fwlns_PONOR5lAXvPgCIWBGI9nrLDHIuecKL&itag=247&aitags=133%2C134%2C135%2C136%2C137%2C160%2C242%2C243%2C244%2C247%2C248%2C278%2C394%2C395%2C396%2C397%2C398%2C399&source=youtube&requiressl=yes&mh=hs&mm=31%2C29&mn=sn-5njj-u2xl%2Csn-un57en7e&ms=au%2Crdu&mv=m&mvi=2&pl=16&initcwndbps=700000&vprv=1&mime=video%2Fwebm&ns=pWyt2j_I3ybxDQ2_6APEApMF&gir=yes&clen=46184565&dur=262.560&lmt=1592690136790750&mt=1609138606&fvip=2&keepalive=yes&c=WEB&txp=5432432&n=Wj4hspFTFo4Qhg6Y&sparams=expire%2Cei%2Cip%2Cid%2Caitags%2Csource%2Crequiressl%2Cvprv%2Cmime%2Cns%2Cgir%2Cclen%2Cdur%2Clmt&lsparams=mh%2Cmm%2Cmn%2Cms%2Cmv%2Cmvi%2Cpl%2Cinitcwndbps&lsig=AG3C_xAwRgIhAIGGMPwx9HS9EmZrmp0HpRKJIg6mes-exOfKvThnoo54AiEAp2Dz1db2wPjvjNfF4DICktql3QHpBAugylwj6DiA_vk%3D&sig=AOq0QJ8wRQIhAL2vEu1hD05jc25LxS_laLvvY3oStVCNpgZpvokHTkwVAiBdBu5WwzGNtJJgnwcWFLBWUMOFxabFYcvQu52dW1wp7g==&ratebypass=yes", "player_url": "/s/player/5dd3f3b2/player_ias.vflset/en_US/base.js", "ext": "webm", "height": 720, "format_note": "720p", "vcodec": "vp9", "asr": null, "filesize": 46184565, "fps": 25, "tbr": 1515.435, "width": 1280, "acodec": "none", "downloader_options": {"http_chunk_size": 10485760}, "format": "247 - 1280x720 (720p)", "protocol": "https", "http_headers": {"User-Agent": "Mozilla/5.0 (Windows NT 10.0; Win64; x64) AppleWebKit/537.36 (KHTML, like Gecko) Chrome/72.0.3623.3 Safari/537.36", "Accept-Charset": "ISO-8859-1,utf-8;q=0.7,*;q=0.7", "Accept": "text/html,application/xhtml+xml,application/xml;q=0.9,*/*;q=0.8", "Accept-Encoding": "gzip, deflate", "Accept-Language": "en-us,en;q=0.5"}}, {"format_id": "399", "url": "https://r2---sn-5njj-u2xl.googlevideo.com/videoplayback?expire=1609160485&ei=xYLpX4DaGdHWgAP_-bWQDw&ip=140.109.135.76&id=o-AIRwhpz0fwlns_PONOR5lAXvPgCIWBGI9nrLDHIuecKL&itag=399&aitags=133%2C134%2C135%2C136%2C137%2C160%2C242%2C243%2C244%2C247%2C248%2C278%2C394%2C395%2C396%2C397%2C398%2C399&source=youtube&requiressl=yes&mh=hs&mm=31%2C29&mn=sn-5njj-u2xl%2Csn-un57en7e&ms=au%2Crdu&mv=m&mvi=2&pl=16&initcwndbps=700000&vprv=1&mime=video%2Fmp4&ns=pWyt2j_I3ybxDQ2_6APEApMF&gir=yes&clen=62410077&dur=262.560&lmt=1594476852455596&mt=1609138606&fvip=2&keepalive=yes&c=WEB&txp=5531432&n=Wj4hspFTFo4Qhg6Y&sparams=expire%2Cei%2Cip%2Cid%2Caitags%2Csource%2Crequiressl%2Cvprv%2Cmime%2Cns%2Cgir%2Cclen%2Cdur%2Clmt&lsparams=mh%2Cmm%2Cmn%2Cms%2Cmv%2Cmvi%2Cpl%2Cinitcwndbps&lsig=AG3C_xAwRQIhAMp2bTYO_Qh_oDgvoCNPcL0RMA-Sri0ydxNk-kzcUWzZAiBNjsVOYPNU9auuDZjVrNt4JACIjhpC7qRT49Zw-dfKGg%3D%3D&sig=AOq0QJ8wRAIgVRJ2MvNBjOCCHcNmTHgsvN4hH2w-mvgUMEIB_wlE90ACIFn5wuMq1nf_oSZs_ImZNUbkqdVHeU0oZmV_RtK47o7J&ratebypass=yes", "player_url": "/s/player/5dd3f3b2/player_ias.vflset/en_US/base.js", "asr": null, "filesize": 62410077, "format_note": "1080p", "fps": 25, "height": 1080, "tbr": 2090.204, "width": 1920, "ext": "mp4", "vcodec": "av01.0.08M.08", "acodec": "none", "downloader_options": {"http_chunk_size": 10485760}, "format": "399 - 1920x1080 (1080p)", "protocol": "https", "http_headers": {"User-Agent": "Mozilla/5.0 (Windows NT 10.0; Win64; x64) AppleWebKit/537.36 (KHTML, like Gecko) Chrome/72.0.3623.3 Safari/537.36", "Accept-Charset": "ISO-8859-1,utf-8;q=0.7,*;q=0.7", "Accept": "text/html,application/xhtml+xml,application/xml;q=0.9,*/*;q=0.8", "Accept-Encoding": "gzip, deflate", "Accept-Language": "en-us,en;q=0.5"}}, {"format_id": "248", "url": "https://r2---sn-5njj-u2xl.googlevideo.com/videoplayback?expire=1609160485&ei=xYLpX4DaGdHWgAP_-bWQDw&ip=140.109.135.76&id=o-AIRwhpz0fwlns_PONOR5lAXvPgCIWBGI9nrLDHIuecKL&itag=248&aitags=133%2C134%2C135%2C136%2C137%2C160%2C242%2C243%2C244%2C247%2C248%2C278%2C394%2C395%2C396%2C397%2C398%2C399&source=youtube&requiressl=yes&mh=hs&mm=31%2C29&mn=sn-5njj-u2xl%2Csn-un57en7e&ms=au%2Crdu&mv=m&mvi=2&pl=16&initcwndbps=700000&vprv=1&mime=video%2Fwebm&ns=pWyt2j_I3ybxDQ2_6APEApMF&gir=yes&clen=81581632&dur=262.560&lmt=1592690080404446&mt=1609138606&fvip=2&keepalive=yes&c=WEB&txp=5432432&n=Wj4hspFTFo4Qhg6Y&sparams=expire%2Cei%2Cip%2Cid%2Caitags%2Csource%2Crequiressl%2Cvprv%2Cmime%2Cns%2Cgir%2Cclen%2Cdur%2Clmt&lsparams=mh%2Cmm%2Cmn%2Cms%2Cmv%2Cmvi%2Cpl%2Cinitcwndbps&lsig=AG3C_xAwRgIhANG7roBSBLQYGwOewkY4Dje1qjhmm7JEFa-DDfWO3naxAiEAx1AFKmz6E5UZ-Yy-LwzQ6fw5CSuLoy2aHZX5Z1Hnzuo%3D&sig=AOq0QJ8wRQIhAOhuXojD6b8ypxPpHJKuha5BwopRk65EQ0fMNXXHh2myAiAg3K4p6BG6ja6bblddBg4H2bwLwrH3zAI4B_JNN-vduw==&ratebypass=yes", "player_url": "/s/player/5dd3f3b2/player_ias.vflset/en_US/base.js", "ext": "webm", "height": 1080, "format_note": "1080p", "vcodec": "vp9", "asr": null, "filesize": 81581632, "fps": 25, "tbr": 2664.612, "width": 1920, "acodec": "none", "downloader_options": {"http_chunk_size": 10485760}, "format": "248 - 1920x1080 (1080p)", "protocol": "https", "http_headers": {"User-Agent": "Mozilla/5.0 (Windows NT 10.0; Win64; x64) AppleWebKit/537.36 (KHTML, like Gecko) Chrome/72.0.3623.3 Safari/537.36", "Accept-Charset": "ISO-8859-1,utf-8;q=0.7,*;q=0.7", "Accept": "text/html,application/xhtml+xml,application/xml;q=0.9,*/*;q=0.8", "Accept-Encoding": "gzip, deflate", "Accept-Language": "en-us,en;q=0.5"}}, {"format_id": "137", "url": "https://r2---sn-5njj-u2xl.googlevideo.com/videoplayback?expire=1609160485&ei=xYLpX4DaGdHWgAP_-bWQDw&ip=140.109.135.76&id=o-AIRwhpz0fwlns_PONOR5lAXvPgCIWBGI9nrLDHIuecKL&itag=137&aitags=133%2C134%2C135%2C136%2C137%2C160%2C242%2C243%2C244%2C247%2C248%2C278%2C394%2C395%2C396%2C397%2C398%2C399&source=youtube&requiressl=yes&mh=hs&mm=31%2C29&mn=sn-5njj-u2xl%2Csn-un57en7e&ms=au%2Crdu&mv=m&mvi=2&pl=16&initcwndbps=700000&vprv=1&mime=video%2Fmp4&ns=pWyt2j_I3ybxDQ2_6APEApMF&gir=yes&clen=112918876&dur=262.560&lmt=1592690079899000&mt=1609138606&fvip=2&keepalive=yes&c=WEB&txp=5432432&n=Wj4hspFTFo4Qhg6Y&sparams=expire%2Cei%2Cip%2Cid%2Caitags%2Csource%2Crequiressl%2Cvprv%2Cmime%2Cns%2Cgir%2Cclen%2Cdur%2Clmt&lsparams=mh%2Cmm%2Cmn%2Cms%2Cmv%2Cmvi%2Cpl%2Cinitcwndbps&lsig=AG3C_xAwRQIhAPartASN21AecxJlHD32JSInRvfOraJGSN5-Gvs01s0ZAiBOPjT6lyKfXJOzFL4IARYMgBZoDDD0I_uDlnBrwBF5HQ%3D%3D&sig=AOq0QJ8wRQIhALh_ZdM_zZF5EFlc4vTjD1E1O9M1iZtzXxm5bgxxpVLuAiBfcFo-t0GymaF7MgsBDuFPRBy6Cf4pFRJYpuvv6rKG5Q==&ratebypass=yes", "player_url": "/s/player/5dd3f3b2/player_ias.vflset/en_US/base.js", "ext": "mp4", "height": 1080, "format_note": "1080p", "vcodec": "avc1.640028", "asr": null, "filesize": 112918876, "fps": 25, "tbr": 4201.663, "width": 1920, "acodec": "none", "downloader_options": {"http_chunk_size": 10485760}, "format": "137 - 1920x1080 (1080p)", "protocol": "https", "http_headers": {"User-Agent": "Mozilla/5.0 (Windows NT 10.0; Win64; x64) AppleWebKit/537.36 (KHTML, like Gecko) Chrome/72.0.3623.3 Safari/537.36", "Accept-Charset": "ISO-8859-1,utf-8;q=0.7,*;q=0.7", "Accept": "text/html,application/xhtml+xml,application/xml;q=0.9,*/*;q=0.8", "Accept-Encoding": "gzip, deflate", "Accept-Language": "en-us,en;q=0.5"}}, {"format_id": "18", "url": "https://r2---sn-5njj-u2xl.googlevideo.com/videoplayback?expire=1609160485&ei=xYLpX4DaGdHWgAP_-bWQDw&ip=140.109.135.76&id=o-AIRwhpz0fwlns_PONOR5lAXvPgCIWBGI9nrLDHIuecKL&itag=18&source=youtube&requiressl=yes&mh=hs&mm=31%2C29&mn=sn-5njj-u2xl%2Csn-un57en7e&ms=au%2Crdu&mv=m&mvi=2&pl=16&initcwndbps=700000&vprv=1&mime=video%2Fmp4&ns=pgTLZeWdXE2xtT3NPZd3rv8F&gir=yes&clen=20802250&ratebypass=yes&dur=262.617&lmt=1592689956743464&mt=1609138606&fvip=2&c=WEB&txp=5431432&n=Ji5fvKb3XbAocOVz&sparams=expire%2Cei%2Cip%2Cid%2Citag%2Csource%2Crequiressl%2Cvprv%2Cmime%2Cns%2Cgir%2Cclen%2Cratebypass%2Cdur%2Clmt&lsparams=mh%2Cmm%2Cmn%2Cms%2Cmv%2Cmvi%2Cpl%2Cinitcwndbps&lsig=AG3C_xAwRQIgHap79fnpbnpfNOhoV6Gb4ad9z_g9osBqkDa7vmE1-lACIQCT5CtMgDCbSoMRW6Y2s_h0YkO0O4nEtu63Uw3bXsHtMg%3D%3D&sig=AOq0QJ8wRQIgKv3PxbWz12IarvuAeKT9jFu4UczAEb095ZBg2j7C6QMCIQDZQtYpiSBJcIs1ikGYyCYUtdjtBFHjTXaN3ohbXmPkdA==", "player_url": "/s/player/5dd3f3b2/player_ias.vflset/en_US/base.js", "ext": "mp4", "width": 640, "height": 360, "acodec": "mp4a.40.2", "abr": 96, "vcodec": "avc1.42001E", "asr": 44100, "filesize": 20802250, "format_note": "360p", "fps": 25, "tbr": 633.828, "format": "18 - 640x360 (360p)", "protocol": "https", "http_headers": {"User-Agent": "Mozilla/5.0 (Windows NT 10.0; Win64; x64) AppleWebKit/537.36 (KHTML, like Gecko) Chrome/72.0.3623.3 Safari/537.36", "Accept-Charset": "ISO-8859-1,utf-8;q=0.7,*;q=0.7", "Accept": "text/html,application/xhtml+xml,application/xml;q=0.9,*/*;q=0.8", "Accept-Encoding": "gzip, deflate", "Accept-Language": "en-us,en;q=0.5"}}], "is_live": null, "start_time": null, "end_time": null, "series": null, "season_number": null, "episode_number": null, "track": null, "artist": null, "album": null, "release_date": null, "release_year": null, "extractor": "youtube", "webpage_url_basename": "watch", "extractor_key": "Youtube", "playlist": null, "playlist_index": null, "thumbnail": "https://i.ytimg.com/vi/JT1XJnVmABo/maxresdefault.jpg", "display_id": "JT1XJnVmABo", "requested_subtitles": null, "format_id": "251", "url": "https://r2---sn-5njj-u2xl.googlevideo.com/videoplayback?expire=1609160485&ei=xYLpX4DaGdHWgAP_-bWQDw&ip=140.109.135.76&id=o-AIRwhpz0fwlns_PONOR5lAXvPgCIWBGI9nrLDHIuecKL&itag=251&source=youtube&requiressl=yes&mh=hs&mm=31%2C29&mn=sn-5njj-u2xl%2Csn-un57en7e&ms=au%2Crdu&mv=m&mvi=2&pl=16&initcwndbps=700000&vprv=1&mime=audio%2Fwebm&ns=pWyt2j_I3ybxDQ2_6APEApMF&gir=yes&clen=4861462&dur=262.581&lmt=1592689949025657&mt=1609138606&fvip=2&keepalive=yes&c=WEB&txp=5431432&n=Wj4hspFTFo4Qhg6Y&sparams=expire%2Cei%2Cip%2Cid%2Citag%2Csource%2Crequiressl%2Cvprv%2Cmime%2Cns%2Cgir%2Cclen%2Cdur%2Clmt&lsparams=mh%2Cmm%2Cmn%2Cms%2Cmv%2Cmvi%2Cpl%2Cinitcwndbps&lsig=AG3C_xAwRQIhANkGfWVP63aNTVcCKvZ1eS5nP-sRa4QVfyUWhXqOCQpEAiAB-Ri32lrVdARs8qftIp9fQ3xxqBqsBZ3WmdfU6BFCCw%3D%3D&sig=AOq0QJ8wRAIgYYgcUXh6e5ZCzBsF-9jxs-pcqb1WCVFGcGEiqDNGWLUCIERP4u69cf7ObSFNi5FVRjTtKRHVOAgac-H0OOX-Sae4&ratebypass=yes", "player_url": "/s/player/5dd3f3b2/player_ias.vflset/en_US/base.js", "ext": "webm", "format_note": "tiny", "acodec": "opus", "abr": 160, "asr": 48000, "filesize": 4861462, "fps": null, "height": null, "tbr": 160.809, "width": null, "vcodec": "none", "downloader_options": {"http_chunk_size": 10485760}, "format": "251 - audio only (tiny)", "protocol": "https", "http_headers": {"User-Agent": "Mozilla/5.0 (Windows NT 10.0; Win64; x64) AppleWebKit/537.36 (KHTML, like Gecko) Chrome/72.0.3623.3 Safari/537.36", "Accept-Charset": "ISO-8859-1,utf-8;q=0.7,*;q=0.7", "Accept": "text/html,application/xhtml+xml,application/xml;q=0.9,*/*;q=0.8", "Accept-Encoding": "gzip, deflate", "Accept-Language": "en-us,en;q=0.5"}}