{"id": "k4dxAlI5N-k", "uploader": "Boy in the Rain - Topic", "uploader_id": "UCrYpypId5ryRMWujNmc4Hkw", "uploader_url": "http://www.youtube.com/channel/UCrYpypId5ryRMWujNmc4Hkw", "channel_id": "UCrYpypId5ryRMWujNmc4Hkw", "channel_url": "http://www.youtube.com/channel/UCrYpypId5ryRMWujNmc4Hkw", "upload_date": "20200604", "license": null, "creator": "Boy in the Rain", "title": "Rising", "alt_title": "Rising", "thumbnails": [{"url": "https://i.ytimg.com/vi/k4dxAlI5N-k/hqdefault.jpg?sqp=-oaymwEbCKgBEF5IVfKriqkDDggBFQAAiEIYAXABwAEG&rs=AOn4CLADPyq24r4JsNa4OZCMAk1IVhDB3A", "width": 168, "height": 94, "resolution": "168x94", "id": "0"}, {"url": "https://i.ytimg.com/vi/k4dxAlI5N-k/hqdefault.jpg?sqp=-oaymwEbCMQBEG5IVfKriqkDDggBFQAAiEIYAXABwAEG&rs=AOn4CLDdEhFdW84KretPlXmJeSlafCrX-Q", "width": 196, "height": 110, "resolution": "196x110", "id": "1"}, {"url": "https://i.ytimg.com/vi/k4dxAlI5N-k/hqdefault.jpg?sqp=-oaymwEcCPYBEIoBSFXyq4qpAw4IARUAAIhCGAFwAcABBg==&rs=AOn4CLDxgvr820q5NcfT0z8zppaIoZsqWw", "width": 246, "height": 138, "resolution": "246x138", "id": "2"}, {"url": "https://i.ytimg.com/vi/k4dxAlI5N-k/hqdefault.jpg?sqp=-oaymwEcCNACELwBSFXyq4qpAw4IARUAAIhCGAFwAcABBg==&rs=AOn4CLByiy8cGAD0nLQQAwKTGgGD4lD9Ww", "width": 336, "height": 188, "resolution": "336x188", "id": "3"}, {"url": "https://i.ytimg.com/vi_webp/k4dxAlI5N-k/maxresdefault.webp", "width": 1920, "height": 1080, "resolution": "1920x1080", "id": "4"}], "description": "Provided to YouTube by Emubands Ltd\n\nRising \u00b7 Boy in the Rain\n\nAnemoi\n\n\u2117 2018 Dilithium Records\n\nReleased on: 2018-04-27\n\nComposer: Domenico Pontoriero\n\nAuto-generated by YouTube.", "categories": ["Music"], "tags": ["Boy in the Rain", "Anemoi", "Rising"], "subtitles": {}, "automatic_captions": {}, "duration": 210, "age_limit": 0, "annotations": null, "chapters": null, "webpage_url": "https://www.youtube.com/watch?v=k4dxAlI5N-k", "view_count": 2, "like_count": null, "dislike_count": null, "average_rating": null, "formats": [{"format_id": "249", "url": "https://r5---sn-5njj-u2xl.googlevideo.com/videoplayback?expire=1612199838&ei=PuMXYMiXMJamlQTU86yoDA&ip=140.109.135.76&id=o-AJZfL-0aiLQ7hbRB_6qRL4ugfvZl4PEUesoDqBdQa3QO&itag=249&source=youtube&requiressl=yes&mh=Ux&mm=31%2C29&mn=sn-5njj-u2xl%2Csn-un57en7l&ms=au%2Crdu&mv=m&mvi=5&pl=16&gcr=tw&initcwndbps=586250&vprv=1&mime=audio%2Fwebm&ns=Xu_khWza4x470KCspGSqGRUF&gir=yes&clen=1408428&dur=210.121&lmt=1591268892231672&mt=1612177975&fvip=5&keepalive=yes&c=WEB&txp=2311222&n=8m476xwqSnLmGiizF&sparams=expire%2Cei%2Cip%2Cid%2Citag%2Csource%2Crequiressl%2Cgcr%2Cvprv%2Cmime%2Cns%2Cgir%2Cclen%2Cdur%2Clmt&lsparams=mh%2Cmm%2Cmn%2Cms%2Cmv%2Cmvi%2Cpl%2Cinitcwndbps&lsig=AG3C_xAwRAIgQLZzz5Zt55gn9ZK47QhOjki3TD4bKIuO1KCOGyV_kdkCIDkbw_xIdP7X6AQTobP2k1dpsOH3RyDmcZ9wJzP23zc-&sig=AOq0QJ8wRQIgZngpq6HungGt6nLc-ovKsaqwRhb7wScYdA_vXE1YQOgCIQD9y1UuqpyowcNYi8sde5_Y9Sz2Mk96reLio4O7NOYeQA==&ratebypass=yes", "player_url": "/s/player/7bc032d0/player_ias.vflset/en_US/base.js", "ext": "webm", "format_note": "tiny", "acodec": "opus", "abr": 50, "asr": 48000, "filesize": 1408428, "fps": null, "height": null, "tbr": 59.276, "width": null, "vcodec": "none", "downloader_options": {"http_chunk_size": 10485760}, "format": "249 - audio only (tiny)", "protocol": "https", "http_headers": {"User-Agent": "Mozilla/5.0 (Windows NT 10.0; Win64; x64) AppleWebKit/537.36 (KHTML, like Gecko) Chrome/73.0.3683.100 Safari/537.36", "Accept-Charset": "ISO-8859-1,utf-8;q=0.7,*;q=0.7", "Accept": "text/html,application/xhtml+xml,application/xml;q=0.9,*/*;q=0.8", "Accept-Encoding": "gzip, deflate", "Accept-Language": "en-us,en;q=0.5"}}, {"format_id": "250", "url": "https://r5---sn-5njj-u2xl.googlevideo.com/videoplayback?expire=1612199838&ei=PuMXYMiXMJamlQTU86yoDA&ip=140.109.135.76&id=o-AJZfL-0aiLQ7hbRB_6qRL4ugfvZl4PEUesoDqBdQa3QO&itag=250&source=youtube&requiressl=yes&mh=Ux&mm=31%2C29&mn=sn-5njj-u2xl%2Csn-un57en7l&ms=au%2Crdu&mv=m&mvi=5&pl=16&gcr=tw&initcwndbps=586250&vprv=1&mime=audio%2Fwebm&ns=Xu_khWza4x470KCspGSqGRUF&gir=yes&clen=1872019&dur=210.121&lmt=1591268893242407&mt=1612177975&fvip=5&keepalive=yes&c=WEB&txp=2311222&n=8m476xwqSnLmGiizF&sparams=expire%2Cei%2Cip%2Cid%2Citag%2Csource%2Crequiressl%2Cgcr%2Cvprv%2Cmime%2Cns%2Cgir%2Cclen%2Cdur%2Clmt&lsparams=mh%2Cmm%2Cmn%2Cms%2Cmv%2Cmvi%2Cpl%2Cinitcwndbps&lsig=AG3C_xAwRQIgK-z12qejNnMXKNCpxn1oeHlGg2SWS3l7qztad7TBFnUCIQCk_TimzL3eS24Xm9fanKanYDduBXw_g9Z3MY_I3TZLqw%3D%3D&sig=AOq0QJ8wRAIgcjWySYZhjHR6p955V9YsEIrPI0-apg1kijjK2taMPqMCIFlo_8Xapm7-3n_2nU6nmyMt5t42-oNfUk7M3dhVcg11&ratebypass=yes", "player_url": "/s/player/7bc032d0/player_ias.vflset/en_US/base.js", "ext": "webm", "format_note": "tiny", "acodec": "opus", "abr": 70, "asr": 48000, "filesize": 1872019, "fps": null, "height": null, "tbr": 78.141, "width": null, "vcodec": "none", "downloader_options": {"http_chunk_size": 10485760}, "format": "250 - audio only (tiny)", "protocol": "https", "http_headers": {"User-Agent": "Mozilla/5.0 (Windows NT 10.0; Win64; x64) AppleWebKit/537.36 (KHTML, like Gecko) Chrome/73.0.3683.100 Safari/537.36", "Accept-Charset": "ISO-8859-1,utf-8;q=0.7,*;q=0.7", "Accept": "text/html,application/xhtml+xml,application/xml;q=0.9,*/*;q=0.8", "Accept-Encoding": "gzip, deflate", "Accept-Language": "en-us,en;q=0.5"}}, {"format_id": "140", "url": "https://r5---sn-5njj-u2xl.googlevideo.com/videoplayback?expire=1612199838&ei=PuMXYMiXMJamlQTU86yoDA&ip=140.109.135.76&id=o-AJZfL-0aiLQ7hbRB_6qRL4ugfvZl4PEUesoDqBdQa3QO&itag=140&source=youtube&requiressl=yes&mh=Ux&mm=31%2C29&mn=sn-5njj-u2xl%2Csn-un57en7l&ms=au%2Crdu&mv=m&mvi=5&pl=16&gcr=tw&initcwndbps=586250&vprv=1&mime=audio%2Fmp4&ns=Xu_khWza4x470KCspGSqGRUF&gir=yes&clen=3401989&dur=210.094&lmt=1591268910857662&mt=1612177975&fvip=5&keepalive=yes&c=WEB&txp=2311222&n=8m476xwqSnLmGiizF&sparams=expire%2Cei%2Cip%2Cid%2Citag%2Csource%2Crequiressl%2Cgcr%2Cvprv%2Cmime%2Cns%2Cgir%2Cclen%2Cdur%2Clmt&lsparams=mh%2Cmm%2Cmn%2Cms%2Cmv%2Cmvi%2Cpl%2Cinitcwndbps&lsig=AG3C_xAwRQIhAJgACCT0PLp3HHPz-RzlVdETiREzoAA5dur3ugDEBn_EAiBch29ZpMw3PfNk6t8PP-t5JLsrQ1nHghSAYZuG97muSA%3D%3D&sig=AOq0QJ8wRAIgYUCl4sc6Z0iq1De3VjB93jXLv3VZQlDhe1QTLnOq_UECIGji755KGuLMoLsnUVHCldZStKbviuQ1pgKNbwDHPy6l&ratebypass=yes", "player_url": "/s/player/7bc032d0/player_ias.vflset/en_US/base.js", "ext": "m4a", "format_note": "tiny", "acodec": "mp4a.40.2", "abr": 128, "container": "m4a_dash", "asr": 44100, "filesize": 3401989, "fps": null, "height": null, "tbr": 134.907, "width": null, "vcodec": "none", "downloader_options": {"http_chunk_size": 10485760}, "format": "140 - audio only (tiny)", "protocol": "https", "http_headers": {"User-Agent": "Mozilla/5.0 (Windows NT 10.0; Win64; x64) AppleWebKit/537.36 (KHTML, like Gecko) Chrome/73.0.3683.100 Safari/537.36", "Accept-Charset": "ISO-8859-1,utf-8;q=0.7,*;q=0.7", "Accept": "text/html,application/xhtml+xml,application/xml;q=0.9,*/*;q=0.8", "Accept-Encoding": "gzip, deflate", "Accept-Language": "en-us,en;q=0.5"}}, {"format_id": "251", "url": "https://r5---sn-5njj-u2xl.googlevideo.com/videoplayback?expire=1612199838&ei=PuMXYMiXMJamlQTU86yoDA&ip=140.109.135.76&id=o-AJZfL-0aiLQ7hbRB_6qRL4ugfvZl4PEUesoDqBdQa3QO&itag=251&source=youtube&requiressl=yes&mh=Ux&mm=31%2C29&mn=sn-5njj-u2xl%2Csn-un57en7l&ms=au%2Crdu&mv=m&mvi=5&pl=16&gcr=tw&initcwndbps=586250&vprv=1&mime=audio%2Fwebm&ns=Xu_khWza4x470KCspGSqGRUF&gir=yes&clen=3702529&dur=210.121&lmt=1591268893831713&mt=1612177975&fvip=5&keepalive=yes&c=WEB&txp=2311222&n=8m476xwqSnLmGiizF&sparams=expire%2Cei%2Cip%2Cid%2Citag%2Csource%2Crequiressl%2Cgcr%2Cvprv%2Cmime%2Cns%2Cgir%2Cclen%2Cdur%2Clmt&lsparams=mh%2Cmm%2Cmn%2Cms%2Cmv%2Cmvi%2Cpl%2Cinitcwndbps&lsig=AG3C_xAwRQIgOmif4R6fGxpGYbLMIxfOu_qRUtRhr4h4o4dzUpn8HYACIQCCsuUFA3A8QNihIid3XaqtQfWj2tcYFRUOWQ7IgMTANw%3D%3D&sig=AOq0QJ8wRgIhAIkwVkgo0EVfZCZQ7D1zzd_gy1RMBvsXv9cCcRz0Z7O6AiEAp9SQMxp_2lG-7x5RfMeHbJ1Uc5zjZWT9FoEKpd4arLE=&ratebypass=yes", "player_url": "/s/player/7bc032d0/player_ias.vflset/en_US/base.js", "ext": "webm", "format_note": "tiny", "acodec": "opus", "abr": 160, "asr": 48000, "filesize": 3702529, "fps": null, "height": null, "tbr": 151.328, "width": null, "vcodec": "none", "downloader_options": {"http_chunk_size": 10485760}, "format": "251 - audio only (tiny)", "protocol": "https", "http_headers": {"User-Agent": "Mozilla/5.0 (Windows NT 10.0; Win64; x64) AppleWebKit/537.36 (KHTML, like Gecko) Chrome/73.0.3683.100 Safari/537.36", "Accept-Charset": "ISO-8859-1,utf-8;q=0.7,*;q=0.7", "Accept": "text/html,application/xhtml+xml,application/xml;q=0.9,*/*;q=0.8", "Accept-Encoding": "gzip, deflate", "Accept-Language": "en-us,en;q=0.5"}}, {"format_id": "160", "url": "https://r5---sn-5njj-u2xl.googlevideo.com/videoplayback?expire=1612199838&ei=PuMXYMiXMJamlQTU86yoDA&ip=140.109.135.76&id=o-AJZfL-0aiLQ7hbRB_6qRL4ugfvZl4PEUesoDqBdQa3QO&itag=160&aitags=133%2C134%2C135%2C136%2C137%2C160%2C242%2C243%2C244%2C247%2C248%2C278&source=youtube&requiressl=yes&mh=Ux&mm=31%2C29&mn=sn-5njj-u2xl%2Csn-un57en7l&ms=au%2Crdu&mv=m&mvi=5&pl=16&gcr=tw&initcwndbps=586250&vprv=1&mime=video%2Fmp4&ns=Xu_khWza4x470KCspGSqGRUF&gir=yes&clen=453221&dur=210.080&lmt=1591268905749155&mt=1612177975&fvip=5&keepalive=yes&c=WEB&txp=2316222&n=8m476xwqSnLmGiizF&sparams=expire%2Cei%2Cip%2Cid%2Caitags%2Csource%2Crequiressl%2Cgcr%2Cvprv%2Cmime%2Cns%2Cgir%2Cclen%2Cdur%2Clmt&lsparams=mh%2Cmm%2Cmn%2Cms%2Cmv%2Cmvi%2Cpl%2Cinitcwndbps&lsig=AG3C_xAwRQIgaB3UhzSuHMrNgQvvmglxwyYuphAvnzALFANOV7V7op8CIQDFXZQEPYJQtsNQwyRAQ5F8NFpfTZSowy1cZjipe4e3Sw%3D%3D&sig=AOq0QJ8wRgIhAN06atzS1KGP4antzT0EsTW0FCEZPqOqjLRqsdRoxOq-AiEAvs8N9H1AyELMTVBD_F06bOAjlZop-fJd8oc9FWNh19o=&ratebypass=yes", "player_url": "/s/player/7bc032d0/player_ias.vflset/en_US/base.js", "ext": "mp4", "height": 144, "format_note": "144p", "vcodec": "avc1.4d400b", "asr": null, "filesize": 453221, "fps": 25, "tbr": 19.193, "width": 144, "acodec": "none", "downloader_options": {"http_chunk_size": 10485760}, "format": "160 - 144x144 (144p)", "protocol": "https", "http_headers": {"User-Agent": "Mozilla/5.0 (Windows NT 10.0; Win64; x64) AppleWebKit/537.36 (KHTML, like Gecko) Chrome/73.0.3683.100 Safari/537.36", "Accept-Charset": "ISO-8859-1,utf-8;q=0.7,*;q=0.7", "Accept": "text/html,application/xhtml+xml,application/xml;q=0.9,*/*;q=0.8", "Accept-Encoding": "gzip, deflate", "Accept-Language": "en-us,en;q=0.5"}}, {"format_id": "278", "url": "https://r5---sn-5njj-u2xl.googlevideo.com/videoplayback?expire=1612199838&ei=PuMXYMiXMJamlQTU86yoDA&ip=140.109.135.76&id=o-AJZfL-0aiLQ7hbRB_6qRL4ugfvZl4PEUesoDqBdQa3QO&itag=278&aitags=133%2C134%2C135%2C136%2C137%2C160%2C242%2C243%2C244%2C247%2C248%2C278&source=youtube&requiressl=yes&mh=Ux&mm=31%2C29&mn=sn-5njj-u2xl%2Csn-un57en7l&ms=au%2Crdu&mv=m&mvi=5&pl=16&gcr=tw&initcwndbps=586250&vprv=1&mime=video%2Fwebm&ns=Xu_khWza4x470KCspGSqGRUF&gir=yes&clen=529377&dur=210.080&lmt=1591268911054472&mt=1612177975&fvip=5&keepalive=yes&c=WEB&txp=2316222&n=8m476xwqSnLmGiizF&sparams=expire%2Cei%2Cip%2Cid%2Caitags%2Csource%2Crequiressl%2Cgcr%2Cvprv%2Cmime%2Cns%2Cgir%2Cclen%2Cdur%2Clmt&lsparams=mh%2Cmm%2Cmn%2Cms%2Cmv%2Cmvi%2Cpl%2Cinitcwndbps&lsig=AG3C_xAwRQIgMKM7b3iAhTOUXJ5WvIyFyQHKXdm2yU8XIOU-gCid_HECIQDEn7JE5cH38BVrAsRiZxJuhGnT25o4w4u-aNyJ2pXnYA%3D%3D&sig=AOq0QJ8wRgIhAOMWeIs0rPcjYhGhTL8rIfC4gLqCNolCRZ7c5x-GIHBDAiEA6Bm3EwFnDHKGoTaUnZ5A2k5THM2RWvXUGSg3kblXdUA=&ratebypass=yes", "player_url": "/s/player/7bc032d0/player_ias.vflset/en_US/base.js", "ext": "webm", "height": 144, "format_note": "144p", "container": "webm", "vcodec": "vp9", "asr": null, "filesize": 529377, "fps": 25, "tbr": 21.54, "width": 144, "acodec": "none", "downloader_options": {"http_chunk_size": 10485760}, "format": "278 - 144x144 (144p)", "protocol": "https", "http_headers": {"User-Agent": "Mozilla/5.0 (Windows NT 10.0; Win64; x64) AppleWebKit/537.36 (KHTML, like Gecko) Chrome/73.0.3683.100 Safari/537.36", "Accept-Charset": "ISO-8859-1,utf-8;q=0.7,*;q=0.7", "Accept": "text/html,application/xhtml+xml,application/xml;q=0.9,*/*;q=0.8", "Accept-Encoding": "gzip, deflate", "Accept-Language": "en-us,en;q=0.5"}}, {"format_id": "242", "url": "https://r5---sn-5njj-u2xl.googlevideo.com/videoplayback?expire=1612199838&ei=PuMXYMiXMJamlQTU86yoDA&ip=140.109.135.76&id=o-AJZfL-0aiLQ7hbRB_6qRL4ugfvZl4PEUesoDqBdQa3QO&itag=242&aitags=133%2C134%2C135%2C136%2C137%2C160%2C242%2C243%2C244%2C247%2C248%2C278&source=youtube&requiressl=yes&mh=Ux&mm=31%2C29&mn=sn-5njj-u2xl%2Csn-un57en7l&ms=au%2Crdu&mv=m&mvi=5&pl=16&gcr=tw&initcwndbps=586250&vprv=1&mime=video%2Fwebm&ns=Xu_khWza4x470KCspGSqGRUF&gir=yes&clen=774033&dur=210.080&lmt=1591268911070317&mt=1612177975&fvip=5&keepalive=yes&c=WEB&txp=2316222&n=8m476xwqSnLmGiizF&sparams=expire%2Cei%2Cip%2Cid%2Caitags%2Csource%2Crequiressl%2Cgcr%2Cvprv%2Cmime%2Cns%2Cgir%2Cclen%2Cdur%2Clmt&lsparams=mh%2Cmm%2Cmn%2Cms%2Cmv%2Cmvi%2Cpl%2Cinitcwndbps&lsig=AG3C_xAwRAIgZbWlyeQ-q3eUOUL8-EzlCH0B4HbgOSmyAC8LX8HS-tQCIBFdOwNRHT3hvgr127kyUEUxa1HJfkqnJ0c4dk8fP7nl&sig=AOq0QJ8wRAIgbLzyVRcSFnU7GWTc7QwLeT9lkm8XjTLlwa1TYvse2j8CICkemxTJ_TB8bkawlJFI0XBH7MO3KcVhqxiNsETrgmwF&ratebypass=yes", "player_url": "/s/player/7bc032d0/player_ias.vflset/en_US/base.js", "ext": "webm", "height": 240, "format_note": "240p", "vcodec": "vp9", "asr": null, "filesize": 774033, "fps": 25, "tbr": 30.867, "width": 240, "acodec": "none", "downloader_options": {"http_chunk_size": 10485760}, "format": "242 - 240x240 (240p)", "protocol": "https", "http_headers": {"User-Agent": "Mozilla/5.0 (Windows NT 10.0; Win64; x64) AppleWebKit/537.36 (KHTML, like Gecko) Chrome/73.0.3683.100 Safari/537.36", "Accept-Charset": "ISO-8859-1,utf-8;q=0.7,*;q=0.7", "Accept": "text/html,application/xhtml+xml,application/xml;q=0.9,*/*;q=0.8", "Accept-Encoding": "gzip, deflate", "Accept-Language": "en-us,en;q=0.5"}}, {"format_id": "133", "url": "https://r5---sn-5njj-u2xl.googlevideo.com/videoplayback?expire=1612199838&ei=PuMXYMiXMJamlQTU86yoDA&ip=140.109.135.76&id=o-AJZfL-0aiLQ7hbRB_6qRL4ugfvZl4PEUesoDqBdQa3QO&itag=133&aitags=133%2C134%2C135%2C136%2C137%2C160%2C242%2C243%2C244%2C247%2C248%2C278&source=youtube&requiressl=yes&mh=Ux&mm=31%2C29&mn=sn-5njj-u2xl%2Csn-un57en7l&ms=au%2Crdu&mv=m&mvi=5&pl=16&gcr=tw&initcwndbps=586250&vprv=1&mime=video%2Fmp4&ns=Xu_khWza4x470KCspGSqGRUF&gir=yes&clen=819433&dur=210.080&lmt=1591268905755814&mt=1612177975&fvip=5&keepalive=yes&c=WEB&txp=2316222&n=8m476xwqSnLmGiizF&sparams=expire%2Cei%2Cip%2Cid%2Caitags%2Csource%2Crequiressl%2Cgcr%2Cvprv%2Cmime%2Cns%2Cgir%2Cclen%2Cdur%2Clmt&lsparams=mh%2Cmm%2Cmn%2Cms%2Cmv%2Cmvi%2Cpl%2Cinitcwndbps&lsig=AG3C_xAwRAIgRscOVSbmqU_uJYg34GQvCFJR8oB0jMWuFf_7WnhtPdYCIBEfv8zUBL2fr0sZouNipWlw6L-vW6CxeJ1HJQyvs6H_&sig=AOq0QJ8wRAIgYqphU9RKRdfJp_FSC-gPsrY1dUoTGTbgm9q3YAguwFECIDaS3Q1jPMKWYcADiwfSfgyKsgGq-qkLRNiU2o30RAyp&ratebypass=yes", "player_url": "/s/player/7bc032d0/player_ias.vflset/en_US/base.js", "ext": "mp4", "height": 240, "format_note": "240p", "vcodec": "avc1.4d400c", "asr": null, "filesize": 819433, "fps": 25, "tbr": 33.15, "width": 240, "acodec": "none", "downloader_options": {"http_chunk_size": 10485760}, "format": "133 - 240x240 (240p)", "protocol": "https", "http_headers": {"User-Agent": "Mozilla/5.0 (Windows NT 10.0; Win64; x64) AppleWebKit/537.36 (KHTML, like Gecko) Chrome/73.0.3683.100 Safari/537.36", "Accept-Charset": "ISO-8859-1,utf-8;q=0.7,*;q=0.7", "Accept": "text/html,application/xhtml+xml,application/xml;q=0.9,*/*;q=0.8", "Accept-Encoding": "gzip, deflate", "Accept-Language": "en-us,en;q=0.5"}}, {"format_id": "243", "url": "https://r5---sn-5njj-u2xl.googlevideo.com/videoplayback?expire=1612199838&ei=PuMXYMiXMJamlQTU86yoDA&ip=140.109.135.76&id=o-AJZfL-0aiLQ7hbRB_6qRL4ugfvZl4PEUesoDqBdQa3QO&itag=243&aitags=133%2C134%2C135%2C136%2C137%2C160%2C242%2C243%2C244%2C247%2C248%2C278&source=youtube&requiressl=yes&mh=Ux&mm=31%2C29&mn=sn-5njj-u2xl%2Csn-un57en7l&ms=au%2Crdu&mv=m&mvi=5&pl=16&gcr=tw&initcwndbps=586250&vprv=1&mime=video%2Fwebm&ns=Xu_khWza4x470KCspGSqGRUF&gir=yes&clen=1073873&dur=210.080&lmt=1591268911053560&mt=1612177975&fvip=5&keepalive=yes&c=WEB&txp=2316222&n=8m476xwqSnLmGiizF&sparams=expire%2Cei%2Cip%2Cid%2Caitags%2Csource%2Crequiressl%2Cgcr%2Cvprv%2Cmime%2Cns%2Cgir%2Cclen%2Cdur%2Clmt&lsparams=mh%2Cmm%2Cmn%2Cms%2Cmv%2Cmvi%2Cpl%2Cinitcwndbps&lsig=AG3C_xAwRgIhAI8QBSsr1dSuFzxr1bd-bMMfprfneUaAH4uV_oJVh8tJAiEA9zJGiqGRr1r1r23gWa1WgoHdYEAR3a_Rd-iziZ_A2l0%3D&sig=AOq0QJ8wRgIhAOZ7T1ni0_aTE4ne8oFOPAQWlwTxECrX-yM6kTw7M5dNAiEA1syNGFo-vfEDnrzc7uu0StuW-jwY68M5IxwLNbITawE=&ratebypass=yes", "player_url": "/s/player/7bc032d0/player_ias.vflset/en_US/base.js", "ext": "webm", "height": 360, "format_note": "360p", "vcodec": "vp9", "asr": null, "filesize": 1073873, "fps": 25, "tbr": 42.298, "width": 360, "acodec": "none", "downloader_options": {"http_chunk_size": 10485760}, "format": "243 - 360x360 (360p)", "protocol": "https", "http_headers": {"User-Agent": "Mozilla/5.0 (Windows NT 10.0; Win64; x64) AppleWebKit/537.36 (KHTML, like Gecko) Chrome/73.0.3683.100 Safari/537.36", "Accept-Charset": "ISO-8859-1,utf-8;q=0.7,*;q=0.7", "Accept": "text/html,application/xhtml+xml,application/xml;q=0.9,*/*;q=0.8", "Accept-Encoding": "gzip, deflate", "Accept-Language": "en-us,en;q=0.5"}}, {"format_id": "134", "url": "https://r5---sn-5njj-u2xl.googlevideo.com/videoplayback?expire=1612199838&ei=PuMXYMiXMJamlQTU86yoDA&ip=140.109.135.76&id=o-AJZfL-0aiLQ7hbRB_6qRL4ugfvZl4PEUesoDqBdQa3QO&itag=134&aitags=133%2C134%2C135%2C136%2C137%2C160%2C242%2C243%2C244%2C247%2C248%2C278&source=youtube&requiressl=yes&mh=Ux&mm=31%2C29&mn=sn-5njj-u2xl%2Csn-un57en7l&ms=au%2Crdu&mv=m&mvi=5&pl=16&gcr=tw&initcwndbps=586250&vprv=1&mime=video%2Fmp4&ns=Xu_khWza4x470KCspGSqGRUF&gir=yes&clen=1316200&dur=210.080&lmt=1591268905748643&mt=1612177975&fvip=5&keepalive=yes&c=WEB&txp=2316222&n=8m476xwqSnLmGiizF&sparams=expire%2Cei%2Cip%2Cid%2Caitags%2Csource%2Crequiressl%2Cgcr%2Cvprv%2Cmime%2Cns%2Cgir%2Cclen%2Cdur%2Clmt&lsparams=mh%2Cmm%2Cmn%2Cms%2Cmv%2Cmvi%2Cpl%2Cinitcwndbps&lsig=AG3C_xAwRgIhAI3ASzAKeVv3KsmcIaUWJplYdCOJtq-gQhZ4Wfz-lRoYAiEAuvIYYawzqWueAE0euEpwGkY_CR0Gk2c7JtJw-dqwC-g%3D&sig=AOq0QJ8wRQIhAIOYHRJ1vcChTm79MSqyN39ge4F38sb4Y3KgLOTXesl9AiBHwBgSK33bM_Suk3cfIPAETwHNivrRQ6zsI_33TVE0sw==&ratebypass=yes", "player_url": "/s/player/7bc032d0/player_ias.vflset/en_US/base.js", "ext": "mp4", "height": 360, "format_note": "360p", "vcodec": "avc1.4d4015", "asr": null, "filesize": 1316200, "fps": 25, "tbr": 52.084, "width": 360, "acodec": "none", "downloader_options": {"http_chunk_size": 10485760}, "format": "134 - 360x360 (360p)", "protocol": "https", "http_headers": {"User-Agent": "Mozilla/5.0 (Windows NT 10.0; Win64; x64) AppleWebKit/537.36 (KHTML, like Gecko) Chrome/73.0.3683.100 Safari/537.36", "Accept-Charset": "ISO-8859-1,utf-8;q=0.7,*;q=0.7", "Accept": "text/html,application/xhtml+xml,application/xml;q=0.9,*/*;q=0.8", "Accept-Encoding": "gzip, deflate", "Accept-Language": "en-us,en;q=0.5"}}, {"format_id": "244", "url": "https://r5---sn-5njj-u2xl.googlevideo.com/videoplayback?expire=1612199838&ei=PuMXYMiXMJamlQTU86yoDA&ip=140.109.135.76&id=o-AJZfL-0aiLQ7hbRB_6qRL4ugfvZl4PEUesoDqBdQa3QO&itag=244&aitags=133%2C134%2C135%2C136%2C137%2C160%2C242%2C243%2C244%2C247%2C248%2C278&source=youtube&requiressl=yes&mh=Ux&mm=31%2C29&mn=sn-5njj-u2xl%2Csn-un57en7l&ms=au%2Crdu&mv=m&mvi=5&pl=16&gcr=tw&initcwndbps=586250&vprv=1&mime=video%2Fwebm&ns=Xu_khWza4x470KCspGSqGRUF&gir=yes&clen=1412163&dur=210.080&lmt=1591268911053456&mt=1612177975&fvip=5&keepalive=yes&c=WEB&txp=2316222&n=8m476xwqSnLmGiizF&sparams=expire%2Cei%2Cip%2Cid%2Caitags%2Csource%2Crequiressl%2Cgcr%2Cvprv%2Cmime%2Cns%2Cgir%2Cclen%2Cdur%2Clmt&lsparams=mh%2Cmm%2Cmn%2Cms%2Cmv%2Cmvi%2Cpl%2Cinitcwndbps&lsig=AG3C_xAwRQIgeYnxElNkIutKmkhDXPXuiFZvrpi0P4OsQY1ST0MMuwgCIQDct8dA1wExs9b8i9VKU_R8qKdAlCI-6mpouEFkXrMLxw%3D%3D&sig=AOq0QJ8wRQIgAQWKCveQEqN716TcrbHzqoeGsPhNKXy5kKlivX46XowCIQDbx589WnNdNFDhHT4CiwMQlipD2wbrqBdQsRCBmtL-YQ==&ratebypass=yes", "player_url": "/s/player/7bc032d0/player_ias.vflset/en_US/base.js", "ext": "webm", "height": 480, "format_note": "480p", "vcodec": "vp9", "asr": null, "filesize": 1412163, "fps": 25, "tbr": 55.192, "width": 480, "acodec": "none", "downloader_options": {"http_chunk_size": 10485760}, "format": "244 - 480x480 (480p)", "protocol": "https", "http_headers": {"User-Agent": "Mozilla/5.0 (Windows NT 10.0; Win64; x64) AppleWebKit/537.36 (KHTML, like Gecko) Chrome/73.0.3683.100 Safari/537.36", "Accept-Charset": "ISO-8859-1,utf-8;q=0.7,*;q=0.7", "Accept": "text/html,application/xhtml+xml,application/xml;q=0.9,*/*;q=0.8", "Accept-Encoding": "gzip, deflate", "Accept-Language": "en-us,en;q=0.5"}}, {"format_id": "135", "url": "https://r5---sn-5njj-u2xl.googlevideo.com/videoplayback?expire=1612199838&ei=PuMXYMiXMJamlQTU86yoDA&ip=140.109.135.76&id=o-AJZfL-0aiLQ7hbRB_6qRL4ugfvZl4PEUesoDqBdQa3QO&itag=135&aitags=133%2C134%2C135%2C136%2C137%2C160%2C242%2C243%2C244%2C247%2C248%2C278&source=youtube&requiressl=yes&mh=Ux&mm=31%2C29&mn=sn-5njj-u2xl%2Csn-un57en7l&ms=au%2Crdu&mv=m&mvi=5&pl=16&gcr=tw&initcwndbps=586250&vprv=1&mime=video%2Fmp4&ns=Xu_khWza4x470KCspGSqGRUF&gir=yes&clen=2396721&dur=210.080&lmt=1591268905750698&mt=1612177975&fvip=5&keepalive=yes&c=WEB&txp=2316222&n=8m476xwqSnLmGiizF&sparams=expire%2Cei%2Cip%2Cid%2Caitags%2Csource%2Crequiressl%2Cgcr%2Cvprv%2Cmime%2Cns%2Cgir%2Cclen%2Cdur%2Clmt&lsparams=mh%2Cmm%2Cmn%2Cms%2Cmv%2Cmvi%2Cpl%2Cinitcwndbps&lsig=AG3C_xAwRgIhAP4GpY3bXvAMSR5xvhFU4npc9Q5Exz0zBMi4FBKGbwulAiEAvrkHREm1suBb4nulkh2MvIeLCbFVmzc-VQujRI6M3Rw%3D&sig=AOq0QJ8wRQIhALbuYvdgPkhSBBW1O-8NqznlZsqw_KJ62IHziynXFZyRAiAHlCfnblJUs7u_z_d79ZyYT7EwjzB7pdbRi1JEA5gx8A==&ratebypass=yes", "player_url": "/s/player/7bc032d0/player_ias.vflset/en_US/base.js", "ext": "mp4", "height": 480, "format_note": "480p", "vcodec": "avc1.4d401e", "asr": null, "filesize": 2396721, "fps": 25, "tbr": 93.26, "width": 480, "acodec": "none", "downloader_options": {"http_chunk_size": 10485760}, "format": "135 - 480x480 (480p)", "protocol": "https", "http_headers": {"User-Agent": "Mozilla/5.0 (Windows NT 10.0; Win64; x64) AppleWebKit/537.36 (KHTML, like Gecko) Chrome/73.0.3683.100 Safari/537.36", "Accept-Charset": "ISO-8859-1,utf-8;q=0.7,*;q=0.7", "Accept": "text/html,application/xhtml+xml,application/xml;q=0.9,*/*;q=0.8", "Accept-Encoding": "gzip, deflate", "Accept-Language": "en-us,en;q=0.5"}}, {"format_id": "247", "url": "https://r5---sn-5njj-u2xl.googlevideo.com/videoplayback?expire=1612199838&ei=PuMXYMiXMJamlQTU86yoDA&ip=140.109.135.76&id=o-AJZfL-0aiLQ7hbRB_6qRL4ugfvZl4PEUesoDqBdQa3QO&itag=247&aitags=133%2C134%2C135%2C136%2C137%2C160%2C242%2C243%2C244%2C247%2C248%2C278&source=youtube&requiressl=yes&mh=Ux&mm=31%2C29&mn=sn-5njj-u2xl%2Csn-un57en7l&ms=au%2Crdu&mv=m&mvi=5&pl=16&gcr=tw&initcwndbps=586250&vprv=1&mime=video%2Fwebm&ns=Xu_khWza4x470KCspGSqGRUF&gir=yes&clen=2460402&dur=210.080&lmt=1591268911078075&mt=1612177975&fvip=5&keepalive=yes&c=WEB&txp=2316222&n=8m476xwqSnLmGiizF&sparams=expire%2Cei%2Cip%2Cid%2Caitags%2Csource%2Crequiressl%2Cgcr%2Cvprv%2Cmime%2Cns%2Cgir%2Cclen%2Cdur%2Clmt&lsparams=mh%2Cmm%2Cmn%2Cms%2Cmv%2Cmvi%2Cpl%2Cinitcwndbps&lsig=AG3C_xAwRAIgO4FK0OTKYj1HufvssmLURMMJGaTAxcRfimKQSOP4WwYCIGdP7otnsfK_dNmCPf89IJ4f5CSjCNjEyms12qHb5OmN&sig=AOq0QJ8wRgIhAJZXdKId2EOnXtY8QA6Uo-OHsmgckFzYf5T1qhfYrhZDAiEA9X-Ajj3le_retluD6aFxeCA0B9Cq7-ALI0A7cFb4t6c=&ratebypass=yes", "player_url": "/s/player/7bc032d0/player_ias.vflset/en_US/base.js", "ext": "webm", "height": 720, "format_note": "720p", "vcodec": "vp9", "asr": null, "filesize": 2460402, "fps": 25, "tbr": 95.14, "width": 720, "acodec": "none", "downloader_options": {"http_chunk_size": 10485760}, "format": "247 - 720x720 (720p)", "protocol": "https", "http_headers": {"User-Agent": "Mozilla/5.0 (Windows NT 10.0; Win64; x64) AppleWebKit/537.36 (KHTML, like Gecko) Chrome/73.0.3683.100 Safari/537.36", "Accept-Charset": "ISO-8859-1,utf-8;q=0.7,*;q=0.7", "Accept": "text/html,application/xhtml+xml,application/xml;q=0.9,*/*;q=0.8", "Accept-Encoding": "gzip, deflate", "Accept-Language": "en-us,en;q=0.5"}}, {"format_id": "136", "url": "https://r5---sn-5njj-u2xl.googlevideo.com/videoplayback?expire=1612199838&ei=PuMXYMiXMJamlQTU86yoDA&ip=140.109.135.76&id=o-AJZfL-0aiLQ7hbRB_6qRL4ugfvZl4PEUesoDqBdQa3QO&itag=136&aitags=133%2C134%2C135%2C136%2C137%2C160%2C242%2C243%2C244%2C247%2C248%2C278&source=youtube&requiressl=yes&mh=Ux&mm=31%2C29&mn=sn-5njj-u2xl%2Csn-un57en7l&ms=au%2Crdu&mv=m&mvi=5&pl=16&gcr=tw&initcwndbps=586250&vprv=1&mime=video%2Fmp4&ns=Xu_khWza4x470KCspGSqGRUF&gir=yes&clen=5603735&dur=210.080&lmt=1591268905748589&mt=1612177975&fvip=5&keepalive=yes&c=WEB&txp=2316222&n=8m476xwqSnLmGiizF&sparams=expire%2Cei%2Cip%2Cid%2Caitags%2Csource%2Crequiressl%2Cgcr%2Cvprv%2Cmime%2Cns%2Cgir%2Cclen%2Cdur%2Clmt&lsparams=mh%2Cmm%2Cmn%2Cms%2Cmv%2Cmvi%2Cpl%2Cinitcwndbps&lsig=AG3C_xAwRQIgQFyGYSORI0ru0bJp-71RwgpYiB87WJApIMbYCz5gnm0CIQDgOsgcBv9rCTgMVVLI2JPjs4xw-Rv-Gn8LUTlCrna9Aw%3D%3D&sig=AOq0QJ8wRQIgC061HGQt6uyKoTCH14FfZavkyEUJmMMlgB0vXg30nj8CIQCG1Snwsieb9h4szkOrAw-HBefl9umtnK9c9ePZ2uaX8w==&ratebypass=yes", "player_url": "/s/player/7bc032d0/player_ias.vflset/en_US/base.js", "ext": "mp4", "height": 720, "format_note": "720p", "vcodec": "avc1.4d401f", "asr": null, "filesize": 5603735, "fps": 25, "tbr": 215.478, "width": 720, "acodec": "none", "downloader_options": {"http_chunk_size": 10485760}, "format": "136 - 720x720 (720p)", "protocol": "https", "http_headers": {"User-Agent": "Mozilla/5.0 (Windows NT 10.0; Win64; x64) AppleWebKit/537.36 (KHTML, like Gecko) Chrome/73.0.3683.100 Safari/537.36", "Accept-Charset": "ISO-8859-1,utf-8;q=0.7,*;q=0.7", "Accept": "text/html,application/xhtml+xml,application/xml;q=0.9,*/*;q=0.8", "Accept-Encoding": "gzip, deflate", "Accept-Language": "en-us,en;q=0.5"}}, {"format_id": "248", "url": "https://r5---sn-5njj-u2xl.googlevideo.com/videoplayback?expire=1612199838&ei=PuMXYMiXMJamlQTU86yoDA&ip=140.109.135.76&id=o-AJZfL-0aiLQ7hbRB_6qRL4ugfvZl4PEUesoDqBdQa3QO&itag=248&aitags=133%2C134%2C135%2C136%2C137%2C160%2C242%2C243%2C244%2C247%2C248%2C278&source=youtube&requiressl=yes&mh=Ux&mm=31%2C29&mn=sn-5njj-u2xl%2Csn-un57en7l&ms=au%2Crdu&mv=m&mvi=5&pl=16&gcr=tw&initcwndbps=586250&vprv=1&mime=video%2Fwebm&ns=Xu_khWza4x470KCspGSqGRUF&gir=yes&clen=8019078&dur=210.080&lmt=1591268911053739&mt=1612177975&fvip=5&keepalive=yes&c=WEB&txp=2316222&n=8m476xwqSnLmGiizF&sparams=expire%2Cei%2Cip%2Cid%2Caitags%2Csource%2Crequiressl%2Cgcr%2Cvprv%2Cmime%2Cns%2Cgir%2Cclen%2Cdur%2Clmt&lsparams=mh%2Cmm%2Cmn%2Cms%2Cmv%2Cmvi%2Cpl%2Cinitcwndbps&lsig=AG3C_xAwRgIhAPFNTPmBsVOz7JOA27OghR58pe5RRPmU74D9u0gdPjOHAiEAoJKafLy2ZOXwAhJSm1BDeBf2ohYh4yWuCCmtr2i5g2g%3D&sig=AOq0QJ8wRQIgHn5FYZynBw0Fegv0ffkyB5DJW1PhQClb-QAeDDYZgsICIQDV15U4RvHz9BcXw1FzKQrMzF9bzL-jgAYDrx_OM9HoQQ==&ratebypass=yes", "player_url": "/s/player/7bc032d0/player_ias.vflset/en_US/base.js", "ext": "webm", "height": 1080, "format_note": "1080p", "vcodec": "vp9", "asr": null, "filesize": 8019078, "fps": 25, "tbr": 306.978, "width": 1080, "acodec": "none", "downloader_options": {"http_chunk_size": 10485760}, "format": "248 - 1080x1080 (1080p)", "protocol": "https", "http_headers": {"User-Agent": "Mozilla/5.0 (Windows NT 10.0; Win64; x64) AppleWebKit/537.36 (KHTML, like Gecko) Chrome/73.0.3683.100 Safari/537.36", "Accept-Charset": "ISO-8859-1,utf-8;q=0.7,*;q=0.7", "Accept": "text/html,application/xhtml+xml,application/xml;q=0.9,*/*;q=0.8", "Accept-Encoding": "gzip, deflate", "Accept-Language": "en-us,en;q=0.5"}}, {"format_id": "137", "url": "https://r5---sn-5njj-u2xl.googlevideo.com/videoplayback?expire=1612199838&ei=PuMXYMiXMJamlQTU86yoDA&ip=140.109.135.76&id=o-AJZfL-0aiLQ7hbRB_6qRL4ugfvZl4PEUesoDqBdQa3QO&itag=137&aitags=133%2C134%2C135%2C136%2C137%2C160%2C242%2C243%2C244%2C247%2C248%2C278&source=youtube&requiressl=yes&mh=Ux&mm=31%2C29&mn=sn-5njj-u2xl%2Csn-un57en7l&ms=au%2Crdu&mv=m&mvi=5&pl=16&gcr=tw&initcwndbps=586250&vprv=1&mime=video%2Fmp4&ns=Xu_khWza4x470KCspGSqGRUF&gir=yes&clen=13734891&dur=210.080&lmt=1591268905749882&mt=1612177975&fvip=5&keepalive=yes&c=WEB&txp=2316222&n=8m476xwqSnLmGiizF&sparams=expire%2Cei%2Cip%2Cid%2Caitags%2Csource%2Crequiressl%2Cgcr%2Cvprv%2Cmime%2Cns%2Cgir%2Cclen%2Cdur%2Clmt&lsparams=mh%2Cmm%2Cmn%2Cms%2Cmv%2Cmvi%2Cpl%2Cinitcwndbps&lsig=AG3C_xAwRQIgM8T1Zo2LEUzBia1sBJMGZ_AEEOYNcoWTMYlATfynkJcCIQD-23YqfLwsCNllz0IjMgc8qELxpu0RbeoxO4qurQSOyg%3D%3D&sig=AOq0QJ8wRQIgGiGqv-VVY2UbX4zE-JfIBuRgFSKx9rHXti__znky5cQCIQCT95HqnSBOsLBuLbwHQpI-KpFhWkGFpJsykuhlkgpeNQ==&ratebypass=yes", "player_url": "/s/player/7bc032d0/player_ias.vflset/en_US/base.js", "ext": "mp4", "height": 1080, "format_note": "1080p", "vcodec": "avc1.640020", "asr": null, "filesize": 13734891, "fps": 25, "tbr": 525.356, "width": 1080, "acodec": "none", "downloader_options": {"http_chunk_size": 10485760}, "format": "137 - 1080x1080 (1080p)", "protocol": "https", "http_headers": {"User-Agent": "Mozilla/5.0 (Windows NT 10.0; Win64; x64) AppleWebKit/537.36 (KHTML, like Gecko) Chrome/73.0.3683.100 Safari/537.36", "Accept-Charset": "ISO-8859-1,utf-8;q=0.7,*;q=0.7", "Accept": "text/html,application/xhtml+xml,application/xml;q=0.9,*/*;q=0.8", "Accept-Encoding": "gzip, deflate", "Accept-Language": "en-us,en;q=0.5"}}, {"format_id": "18", "url": "https://r5---sn-5njj-u2xl.googlevideo.com/videoplayback?expire=1612199838&ei=PuMXYMiXMJamlQTU86yoDA&ip=140.109.135.76&id=o-AJZfL-0aiLQ7hbRB_6qRL4ugfvZl4PEUesoDqBdQa3QO&itag=18&source=youtube&requiressl=yes&mh=Ux&mm=31%2C29&mn=sn-5njj-u2xl%2Csn-un57en7l&ms=au%2Crdu&mv=m&mvi=5&pl=16&gcr=tw&initcwndbps=586250&vprv=1&mime=video%2Fmp4&ns=Y_Vc0Epa137P2qugG0guTy4F&gir=yes&clen=4139211&ratebypass=yes&dur=210.140&lmt=1591268884814961&mt=1612177975&fvip=5&c=WEB&txp=2316222&n=v_dR0veBLHYoKsSWx&sparams=expire%2Cei%2Cip%2Cid%2Citag%2Csource%2Crequiressl%2Cgcr%2Cvprv%2Cmime%2Cns%2Cgir%2Cclen%2Cratebypass%2Cdur%2Clmt&lsparams=mh%2Cmm%2Cmn%2Cms%2Cmv%2Cmvi%2Cpl%2Cinitcwndbps&lsig=AG3C_xAwRAIgQLFwAewLdTmmF5cdKucTUyx5Mf7zOAuduuzwd0ub-EICICVrtJB-uio6VKTTRKedFIhJ1MSPs5dfQdcew40TXLCB&sig=AOq0QJ8wRQIhAN9UqiaVlu0tFQcOndjXlogj_Sga7KjPb-zveeojexBdAiADs7DFoe15PO_ADkBa8mMtm-MI7uWb9t1xHBGwCStP6w==", "player_url": "/s/player/7bc032d0/player_ias.vflset/en_US/base.js", "ext": "mp4", "width": 360, "height": 360, "acodec": "mp4a.40.2", "abr": 96, "vcodec": "avc1.42001E", "asr": 44100, "filesize": 4139211, "format_note": "360p", "fps": 25, "tbr": 157.624, "format": "18 - 360x360 (360p)", "protocol": "https", "http_headers": {"User-Agent": "Mozilla/5.0 (Windows NT 10.0; Win64; x64) AppleWebKit/537.36 (KHTML, like Gecko) Chrome/73.0.3683.100 Safari/537.36", "Accept-Charset": "ISO-8859-1,utf-8;q=0.7,*;q=0.7", "Accept": "text/html,application/xhtml+xml,application/xml;q=0.9,*/*;q=0.8", "Accept-Encoding": "gzip, deflate", "Accept-Language": "en-us,en;q=0.5"}}], "is_live": null, "start_time": null, "end_time": null, "series": null, "season_number": null, "episode_number": null, "track": "Rising", "artist": "Boy in the Rain", "album": "Anemoi", "release_date": "20180427", "release_year": 2018, "extractor": "youtube", "webpage_url_basename": "watch", "extractor_key": "Youtube", "playlist": null, "playlist_index": null, "thumbnail": "https://i.ytimg.com/vi_webp/k4dxAlI5N-k/maxresdefault.webp", "display_id": "k4dxAlI5N-k", "requested_subtitles": null, "format_id": "251", "url": "https://r5---sn-5njj-u2xl.googlevideo.com/videoplayback?expire=1612199838&ei=PuMXYMiXMJamlQTU86yoDA&ip=140.109.135.76&id=o-AJZfL-0aiLQ7hbRB_6qRL4ugfvZl4PEUesoDqBdQa3QO&itag=251&source=youtube&requiressl=yes&mh=Ux&mm=31%2C29&mn=sn-5njj-u2xl%2Csn-un57en7l&ms=au%2Crdu&mv=m&mvi=5&pl=16&gcr=tw&initcwndbps=586250&vprv=1&mime=audio%2Fwebm&ns=Xu_khWza4x470KCspGSqGRUF&gir=yes&clen=3702529&dur=210.121&lmt=1591268893831713&mt=1612177975&fvip=5&keepalive=yes&c=WEB&txp=2311222&n=8m476xwqSnLmGiizF&sparams=expire%2Cei%2Cip%2Cid%2Citag%2Csource%2Crequiressl%2Cgcr%2Cvprv%2Cmime%2Cns%2Cgir%2Cclen%2Cdur%2Clmt&lsparams=mh%2Cmm%2Cmn%2Cms%2Cmv%2Cmvi%2Cpl%2Cinitcwndbps&lsig=AG3C_xAwRQIgOmif4R6fGxpGYbLMIxfOu_qRUtRhr4h4o4dzUpn8HYACIQCCsuUFA3A8QNihIid3XaqtQfWj2tcYFRUOWQ7IgMTANw%3D%3D&sig=AOq0QJ8wRgIhAIkwVkgo0EVfZCZQ7D1zzd_gy1RMBvsXv9cCcRz0Z7O6AiEAp9SQMxp_2lG-7x5RfMeHbJ1Uc5zjZWT9FoEKpd4arLE=&ratebypass=yes", "player_url": "/s/player/7bc032d0/player_ias.vflset/en_US/base.js", "ext": "webm", "format_note": "tiny", "acodec": "opus", "abr": 160, "asr": 48000, "filesize": 3702529, "fps": null, "height": null, "tbr": 151.328, "width": null, "vcodec": "none", "downloader_options": {"http_chunk_size": 10485760}, "format": "251 - audio only (tiny)", "protocol": "https", "http_headers": {"User-Agent": "Mozilla/5.0 (Windows NT 10.0; Win64; x64) AppleWebKit/537.36 (KHTML, like Gecko) Chrome/73.0.3683.100 Safari/537.36", "Accept-Charset": "ISO-8859-1,utf-8;q=0.7,*;q=0.7", "Accept": "text/html,application/xhtml+xml,application/xml;q=0.9,*/*;q=0.8", "Accept-Encoding": "gzip, deflate", "Accept-Language": "en-us,en;q=0.5"}}