{"id": "mX-xs3OVhTs", "uploader": "Emma Chen \u5c0f i", "uploader_id": "UCZiVgBFR8RObqlLd7e9Bm4w", "uploader_url": "http://www.youtube.com/channel/UCZiVgBFR8RObqlLd7e9Bm4w", "channel_id": "UCZiVgBFR8RObqlLd7e9Bm4w", "channel_url": "http://www.youtube.com/channel/UCZiVgBFR8RObqlLd7e9Bm4w", "upload_date": "20180820", "license": null, "creator": null, "title": "\u7d04\u66f8\u4e9e\u6a02\u5718 - \u7962\u5728\u6211\u8eab\u5f8c - piano cover / \u8a69\u6b4c\u92fc\u7434\u7248\u672c", "alt_title": null, "thumbnails": [{"url": "https://i.ytimg.com/vi/mX-xs3OVhTs/hqdefault.jpg?sqp=-oaymwEbCKgBEF5IVfKriqkDDggBFQAAiEIYAXABwAEG&rs=AOn4CLAzfM30UtLMlZHM6y0fyut1BMF8sA", "width": 168, "height": 94, "resolution": "168x94", "id": "0"}, {"url": "https://i.ytimg.com/vi/mX-xs3OVhTs/hqdefault.jpg?sqp=-oaymwEbCMQBEG5IVfKriqkDDggBFQAAiEIYAXABwAEG&rs=AOn4CLCTsxxnXM0DoQU7glVs2sj7e5-CNQ", "width": 196, "height": 110, "resolution": "196x110", "id": "1"}, {"url": "https://i.ytimg.com/vi/mX-xs3OVhTs/hqdefault.jpg?sqp=-oaymwEcCPYBEIoBSFXyq4qpAw4IARUAAIhCGAFwAcABBg==&rs=AOn4CLCmK7JGKYmfLzqoDqCffq_wn6BbEg", "width": 246, "height": 138, "resolution": "246x138", "id": "2"}, {"url": "https://i.ytimg.com/vi/mX-xs3OVhTs/hqdefault.jpg?sqp=-oaymwEcCNACELwBSFXyq4qpAw4IARUAAIhCGAFwAcABBg==&rs=AOn4CLANsk2OiWS01x3r8yN-pP8TtbwD5A", "width": 336, "height": 188, "resolution": "336x188", "id": "3"}, {"url": "https://i.ytimg.com/vi_webp/mX-xs3OVhTs/maxresdefault.webp", "width": 1920, "height": 1080, "resolution": "1920x1080", "id": "4"}], "description": "\u6b61\u8fce\u4eab\u7528\u3002\nby Emma Chen. (FB:kiki10017@hotmail.com)", "categories": ["Music"], "tags": ["\u7962\u5728\u6211\u8eab\u5f8c", "\u7d04\u66f8\u4e9e\u6a02\u5718", "\u8a69\u6b4c\u92fc\u7434", "gospel piano", "gospel music"], "subtitles": {}, "automatic_captions": {}, "duration": 297, "age_limit": 0, "annotations": null, "chapters": null, "webpage_url": "https://www.youtube.com/watch?v=mX-xs3OVhTs", "view_count": 3044, "like_count": 19, "dislike_count": null, "average_rating": 5.0, "formats": [{"ext": "m4a", "format_note": "DASH audio", "acodec": "mp4a.40.5", "abr": 48, "container": "m4a_dash", "format_id": "139", "manifest_url": "https://manifest.googlevideo.com/api/manifest/dash/expire/1613497705/ei/CbErYN_cIpCMgAOzsJTYAw/ip/140.109.135.76/id/997fb1b37395853b/source/youtube/requiressl/yes/playback_host/r6---sn-5njj-u2xl.googlevideo.com/mh/90/mm/31%2C29/mn/sn-5njj-u2xl%2Csn-un57sn7s/ms/au%2Crdu/mv/m/mvi/6/pl/16/hfr/all/as/fmp4_audio_clear%2Cwebm_audio_clear%2Cwebm2_audio_clear%2Cfmp4_sd_hd_clear%2Cwebm2_sd_hd_clear/initcwndbps/1022500/vprv/1/mt/1613475655/fvip/6/keepalive/yes/beids/23886202/itag/0/sparams/expire%2Cei%2Cip%2Cid%2Csource%2Crequiressl%2Chfr%2Cas%2Cvprv%2Citag/sig/AOq0QJ8wRQIhAOv-FSAkNRdCFXoQsByzlkPoW2PFrR8cRgl-F9JPmERVAiBAYTdqg3hB9uGSAd0-X5Hjs4NzFG9IDj71qGKzHyteVQ%3D%3D/lsparams/playback_host%2Cmh%2Cmm%2Cmn%2Cms%2Cmv%2Cmvi%2Cpl%2Cinitcwndbps/lsig/AG3C_xAwRAIgK8o8Y7pN-uR4ZZUOSPK8Pgf997GwxSvNJA9LeXWjEeECIBv9toePeHqeePrpy0Inq4pnKErmthzaG595AT_sE6MJ", "width": null, "height": null, "tbr": 50.826, "asr": 22050, "fps": null, "language": null, "filesize": null, "vcodec": "none", "url": "https://manifest.googlevideo.com/api/manifest/dash/expire/1613497705/ei/CbErYN_cIpCMgAOzsJTYAw/ip/140.109.135.76/id/997fb1b37395853b/source/youtube/requiressl/yes/playback_host/r6---sn-5njj-u2xl.googlevideo.com/mh/90/mm/31%2C29/mn/sn-5njj-u2xl%2Csn-un57sn7s/ms/au%2Crdu/mv/m/mvi/6/pl/16/hfr/all/as/fmp4_audio_clear%2Cwebm_audio_clear%2Cwebm2_audio_clear%2Cfmp4_sd_hd_clear%2Cwebm2_sd_hd_clear/initcwndbps/1022500/vprv/1/mt/1613475655/fvip/6/keepalive/yes/beids/23886202/itag/0/sparams/expire%2Cei%2Cip%2Cid%2Csource%2Crequiressl%2Chfr%2Cas%2Cvprv%2Citag/sig/AOq0QJ8wRQIhAOv-FSAkNRdCFXoQsByzlkPoW2PFrR8cRgl-F9JPmERVAiBAYTdqg3hB9uGSAd0-X5Hjs4NzFG9IDj71qGKzHyteVQ%3D%3D/lsparams/playback_host%2Cmh%2Cmm%2Cmn%2Cms%2Cmv%2Cmvi%2Cpl%2Cinitcwndbps/lsig/AG3C_xAwRAIgK8o8Y7pN-uR4ZZUOSPK8Pgf997GwxSvNJA9LeXWjEeECIBv9toePeHqeePrpy0Inq4pnKErmthzaG595AT_sE6MJ", "fragment_base_url": "https://r6---sn-5njj-u2xl.googlevideo.com/videoplayback/expire/1613497705/ei/CbErYN_cIpCMgAOzsJTYAw/ip/140.109.135.76/id/997fb1b37395853b/itag/139/source/youtube/requiressl/yes/mh/90/mm/31,29/mn/sn-5njj-u2xl,sn-un57sn7s/ms/au,rdu/mv/m/mvi/6/pl/16/initcwndbps/1022500/vprv/1/ratebypass/yes/mime/audio%2Fmp4/otfp/1/gir/yes/clen/1772787/lmt/1534753971117840/dur/297.354/mt/1613475655/fvip/6/keepalive/yes/beids/23886202/sparams/expire,ei,ip,id,itag,source,requiressl,vprv,ratebypass,mime,otfp,gir,clen,lmt,dur/sig/AOq0QJ8wRQIhALiYdj2L4D1-wl0xg6qSev0Znh8t84N3-AWSdktOM9SYAiBpw0xwSeHGxdjTsCYxctHx6BMX8iVhxAhxduNhNwB-_Q%3D%3D/lsparams/mh,mm,mn,ms,mv,mvi,pl,initcwndbps/lsig/AG3C_xAwRgIhAOPDQ144nmkJKJsJagQ4f3v0H-JExDbSQJ5ddxutQ1HcAiEAtYK12M4hv0gVyjuCsyeKIVuteznta1dcUcQewY8LKxM%3D/", "fragments": [{"path": "range/0-593"}, {"path": "range/1346-31867", "duration": 5.016}, {"path": "range/31868-61631", "duration": 5.015}, {"path": "range/61632-91357", "duration": 4.969}, {"path": "range/91358-121152", "duration": 5.016}, {"path": "range/121153-151069", "duration": 5.015}, {"path": "range/151070-180556", "duration": 4.969}, {"path": "range/180557-210491", "duration": 5.016}, {"path": "range/210492-240430", "duration": 5.015}, {"path": "range/240431-270158", "duration": 4.969}, {"path": "range/270159-299892", "duration": 5.016}, {"path": "range/299893-329726", "duration": 5.015}, {"path": "range/329727-359314", "duration": 4.969}, {"path": "range/359315-389202", "duration": 5.016}, {"path": "range/389203-419008", "duration": 5.015}, {"path": "range/419009-448582", "duration": 4.969}, {"path": "range/448583-478389", "duration": 5.016}, {"path": "range/478390-508258", "duration": 5.015}, {"path": "range/508259-537893", "duration": 4.97}, {"path": "range/537894-567829", "duration": 5.015}, {"path": "range/567830-597621", "duration": 5.016}, {"path": "range/597622-627294", "duration": 4.969}, {"path": "range/627295-657200", "duration": 5.015}, {"path": "range/657201-686969", "duration": 5.016}, {"path": "range/686970-716572", "duration": 4.969}, {"path": "range/716573-746509", "duration": 5.015}, {"path": "range/746510-776265", "duration": 5.016}, {"path": "range/776266-805933", "duration": 4.969}, {"path": "range/805934-835777", "duration": 5.015}, {"path": "range/835778-865731", "duration": 5.016}, {"path": "range/865732-895227", "duration": 4.969}, {"path": "range/895228-925125", "duration": 5.015}, {"path": "range/925126-954911", "duration": 5.016}, {"path": "range/954912-984640", "duration": 4.969}, {"path": "range/984641-1014615", "duration": 5.015}, {"path": "range/1014616-1044504", "duration": 5.016}, {"path": "range/1044505-1074017", "duration": 4.969}, {"path": "range/1074018-1103801", "duration": 5.016}, {"path": "range/1103802-1133634", "duration": 5.015}, {"path": "range/1133635-1163306", "duration": 4.969}, {"path": "range/1163307-1193131", "duration": 5.016}, {"path": "range/1193132-1222995", "duration": 5.015}, {"path": "range/1222996-1252601", "duration": 4.969}, {"path": "range/1252602-1282465", "duration": 5.016}, {"path": "range/1282466-1312280", "duration": 5.015}, {"path": "range/1312281-1341858", "duration": 4.969}, {"path": "range/1341859-1371923", "duration": 5.016}, {"path": "range/1371924-1401671", "duration": 5.015}, {"path": "range/1401672-1431504", "duration": 4.969}, {"path": "range/1431505-1461249", "duration": 5.016}, {"path": "range/1461250-1491148", "duration": 5.015}, {"path": "range/1491149-1520738", "duration": 4.97}, {"path": "range/1520739-1550644", "duration": 5.015}, {"path": "range/1550645-1580529", "duration": 5.016}, {"path": "range/1580530-1609974", "duration": 4.969}, {"path": "range/1609975-1640197", "duration": 5.015}, {"path": "range/1640198-1669858", "duration": 5.016}, {"path": "range/1669859-1699348", "duration": 4.969}, {"path": "range/1699349-1729191", "duration": 5.015}, {"path": "range/1729192-1759130", "duration": 5.016}, {"path": "range/1759131-1772786", "duration": 2.322}], "protocol": "http_dash_segments", "format": "139 - audio only (DASH audio)", "http_headers": {"User-Agent": "Mozilla/5.0 (Windows NT 10.0; Win64; x64) AppleWebKit/537.36 (KHTML, like Gecko) Chrome/74.0.3729.24 Safari/537.36", "Accept-Charset": "ISO-8859-1,utf-8;q=0.7,*;q=0.7", "Accept": "text/html,application/xhtml+xml,application/xml;q=0.9,*/*;q=0.8", "Accept-Encoding": "gzip, deflate", "Accept-Language": "en-us,en;q=0.5"}}, {"ext": "m4a", "format_note": "DASH audio", "acodec": "mp4a.40.2", "abr": 128, "container": "m4a_dash", "format_id": "140", "manifest_url": "https://manifest.googlevideo.com/api/manifest/dash/expire/1613497705/ei/CbErYN_cIpCMgAOzsJTYAw/ip/140.109.135.76/id/997fb1b37395853b/source/youtube/requiressl/yes/playback_host/r6---sn-5njj-u2xl.googlevideo.com/mh/90/mm/31%2C29/mn/sn-5njj-u2xl%2Csn-un57sn7s/ms/au%2Crdu/mv/m/mvi/6/pl/16/hfr/all/as/fmp4_audio_clear%2Cwebm_audio_clear%2Cwebm2_audio_clear%2Cfmp4_sd_hd_clear%2Cwebm2_sd_hd_clear/initcwndbps/1022500/vprv/1/mt/1613475655/fvip/6/keepalive/yes/beids/23886202/itag/0/sparams/expire%2Cei%2Cip%2Cid%2Csource%2Crequiressl%2Chfr%2Cas%2Cvprv%2Citag/sig/AOq0QJ8wRQIhAOv-FSAkNRdCFXoQsByzlkPoW2PFrR8cRgl-F9JPmERVAiBAYTdqg3hB9uGSAd0-X5Hjs4NzFG9IDj71qGKzHyteVQ%3D%3D/lsparams/playback_host%2Cmh%2Cmm%2Cmn%2Cms%2Cmv%2Cmvi%2Cpl%2Cinitcwndbps/lsig/AG3C_xAwRAIgK8o8Y7pN-uR4ZZUOSPK8Pgf997GwxSvNJA9LeXWjEeECIBv9toePeHqeePrpy0Inq4pnKErmthzaG595AT_sE6MJ", "width": null, "height": null, "tbr": 129.945, "asr": 44100, "fps": null, "language": null, "filesize": null, "vcodec": "none", "url": "https://manifest.googlevideo.com/api/manifest/dash/expire/1613497705/ei/CbErYN_cIpCMgAOzsJTYAw/ip/140.109.135.76/id/997fb1b37395853b/source/youtube/requiressl/yes/playback_host/r6---sn-5njj-u2xl.googlevideo.com/mh/90/mm/31%2C29/mn/sn-5njj-u2xl%2Csn-un57sn7s/ms/au%2Crdu/mv/m/mvi/6/pl/16/hfr/all/as/fmp4_audio_clear%2Cwebm_audio_clear%2Cwebm2_audio_clear%2Cfmp4_sd_hd_clear%2Cwebm2_sd_hd_clear/initcwndbps/1022500/vprv/1/mt/1613475655/fvip/6/keepalive/yes/beids/23886202/itag/0/sparams/expire%2Cei%2Cip%2Cid%2Csource%2Crequiressl%2Chfr%2Cas%2Cvprv%2Citag/sig/AOq0QJ8wRQIhAOv-FSAkNRdCFXoQsByzlkPoW2PFrR8cRgl-F9JPmERVAiBAYTdqg3hB9uGSAd0-X5Hjs4NzFG9IDj71qGKzHyteVQ%3D%3D/lsparams/playback_host%2Cmh%2Cmm%2Cmn%2Cms%2Cmv%2Cmvi%2Cpl%2Cinitcwndbps/lsig/AG3C_xAwRAIgK8o8Y7pN-uR4ZZUOSPK8Pgf997GwxSvNJA9LeXWjEeECIBv9toePeHqeePrpy0Inq4pnKErmthzaG595AT_sE6MJ", "fragment_base_url": "https://r6---sn-5njj-u2xl.googlevideo.com/videoplayback/expire/1613497705/ei/CbErYN_cIpCMgAOzsJTYAw/ip/140.109.135.76/id/997fb1b37395853b/itag/140/source/youtube/requiressl/yes/mh/90/mm/31,29/mn/sn-5njj-u2xl,sn-un57sn7s/ms/au,rdu/mv/m/mvi/6/pl/16/initcwndbps/1022500/vprv/1/ratebypass/yes/mime/audio%2Fmp4/otfp/1/gir/yes/clen/4725623/lmt/1534753971141997/dur/297.261/mt/1613475655/fvip/6/keepalive/yes/beids/23886202/sparams/expire,ei,ip,id,itag,source,requiressl,vprv,ratebypass,mime,otfp,gir,clen,lmt,dur/sig/AOq0QJ8wRQIhALAdT3BIB2ds_l71i4hFjrZ2rYXtZ61GPX6K1KNgt2HDAiBx3VM_YxjNqwxlL11K6OWzIrvMGi3yczl336iyV0Xagw%3D%3D/lsparams/mh,mm,mn,ms,mv,mvi,pl,initcwndbps/lsig/AG3C_xAwRQIhAMF4rihB0Ihk1np1mAj20uDMM74CXGyHYgWJH0V8yMgYAiA5tePvz3p_jgomnpDGLnStYm-kELL9Rfrj3lBZ4Q0iXA%3D%3D/", "fragments": [{"path": "range/0-591"}, {"path": "range/1344-81475", "duration": 5.016}, {"path": "range/81476-160818", "duration": 5.015}, {"path": "range/160819-240131", "duration": 4.969}, {"path": "range/240132-319762", "duration": 5.016}, {"path": "range/319763-399123", "duration": 5.015}, {"path": "range/399124-478440", "duration": 4.969}, {"path": "range/478441-558087", "duration": 5.016}, {"path": "range/558088-637588", "duration": 5.015}, {"path": "range/637589-716954", "duration": 4.969}, {"path": "range/716955-796519", "duration": 5.016}, {"path": "range/796520-875878", "duration": 5.015}, {"path": "range/875879-955097", "duration": 4.969}, {"path": "range/955098-1034894", "duration": 5.016}, {"path": "range/1034895-1114094", "duration": 5.015}, {"path": "range/1114095-1193528", "duration": 4.969}, {"path": "range/1193529-1273142", "duration": 5.016}, {"path": "range/1273143-1352446", "duration": 5.015}, {"path": "range/1352447-1431903", "duration": 4.97}, {"path": "range/1431904-1511468", "duration": 5.015}, {"path": "range/1511469-1590872", "duration": 5.016}, {"path": "range/1590873-1670270", "duration": 4.969}, {"path": "range/1670271-1749936", "duration": 5.015}, {"path": "range/1749937-1829205", "duration": 5.016}, {"path": "range/1829206-1908600", "duration": 4.969}, {"path": "range/1908601-1988394", "duration": 5.015}, {"path": "range/1988395-2067499", "duration": 5.016}, {"path": "range/2067500-2146988", "duration": 4.969}, {"path": "range/2146989-2226630", "duration": 5.015}, {"path": "range/2226631-2306045", "duration": 5.016}, {"path": "range/2306046-2385292", "duration": 4.969}, {"path": "range/2385293-2465007", "duration": 5.015}, {"path": "range/2465008-2544409", "duration": 5.016}, {"path": "range/2544410-2623779", "duration": 4.969}, {"path": "range/2623780-2703606", "duration": 5.015}, {"path": "range/2703607-2782826", "duration": 5.016}, {"path": "range/2782827-2862221", "duration": 4.969}, {"path": "range/2862222-2941875", "duration": 5.016}, {"path": "range/2941876-3021099", "duration": 5.015}, {"path": "range/3021100-3100462", "duration": 4.969}, {"path": "range/3100463-3180203", "duration": 5.016}, {"path": "range/3180204-3259589", "duration": 5.015}, {"path": "range/3259590-3338803", "duration": 4.969}, {"path": "range/3338804-3418449", "duration": 5.016}, {"path": "range/3418450-3497919", "duration": 5.015}, {"path": "range/3497920-3577178", "duration": 4.969}, {"path": "range/3577179-3657231", "duration": 5.016}, {"path": "range/3657232-3736342", "duration": 5.015}, {"path": "range/3736343-3815687", "duration": 4.969}, {"path": "range/3815688-3895394", "duration": 5.016}, {"path": "range/3895395-3974745", "duration": 5.015}, {"path": "range/3974746-4053948", "duration": 4.97}, {"path": "range/4053949-4133711", "duration": 5.015}, {"path": "range/4133712-4213018", "duration": 5.016}, {"path": "range/4213019-4292368", "duration": 4.969}, {"path": "range/4292369-4372209", "duration": 5.015}, {"path": "range/4372210-4451524", "duration": 5.016}, {"path": "range/4451525-4530805", "duration": 4.969}, {"path": "range/4530806-4610467", "duration": 5.015}, {"path": "range/4610468-4689821", "duration": 5.016}, {"path": "range/4689822-4725622", "duration": 2.322}], "protocol": "http_dash_segments", "format": "140 - audio only (DASH audio)", "http_headers": {"User-Agent": "Mozilla/5.0 (Windows NT 10.0; Win64; x64) AppleWebKit/537.36 (KHTML, like Gecko) Chrome/74.0.3729.24 Safari/537.36", "Accept-Charset": "ISO-8859-1,utf-8;q=0.7,*;q=0.7", "Accept": "text/html,application/xhtml+xml,application/xml;q=0.9,*/*;q=0.8", "Accept-Encoding": "gzip, deflate", "Accept-Language": "en-us,en;q=0.5"}}, {"ext": "webm", "format_note": "DASH audio", "acodec": "opus", "abr": 160, "format_id": "251", "manifest_url": "https://manifest.googlevideo.com/api/manifest/dash/expire/1613497705/ei/CbErYN_cIpCMgAOzsJTYAw/ip/140.109.135.76/id/997fb1b37395853b/source/youtube/requiressl/yes/playback_host/r6---sn-5njj-u2xl.googlevideo.com/mh/90/mm/31%2C29/mn/sn-5njj-u2xl%2Csn-un57sn7s/ms/au%2Crdu/mv/m/mvi/6/pl/16/hfr/all/as/fmp4_audio_clear%2Cwebm_audio_clear%2Cwebm2_audio_clear%2Cfmp4_sd_hd_clear%2Cwebm2_sd_hd_clear/initcwndbps/1022500/vprv/1/mt/1613475655/fvip/6/keepalive/yes/beids/23886202/itag/0/sparams/expire%2Cei%2Cip%2Cid%2Csource%2Crequiressl%2Chfr%2Cas%2Cvprv%2Citag/sig/AOq0QJ8wRQIhAOv-FSAkNRdCFXoQsByzlkPoW2PFrR8cRgl-F9JPmERVAiBAYTdqg3hB9uGSAd0-X5Hjs4NzFG9IDj71qGKzHyteVQ%3D%3D/lsparams/playback_host%2Cmh%2Cmm%2Cmn%2Cms%2Cmv%2Cmvi%2Cpl%2Cinitcwndbps/lsig/AG3C_xAwRAIgK8o8Y7pN-uR4ZZUOSPK8Pgf997GwxSvNJA9LeXWjEeECIBv9toePeHqeePrpy0Inq4pnKErmthzaG595AT_sE6MJ", "width": null, "height": null, "tbr": 171.272, "asr": 48000, "fps": null, "language": null, "filesize": null, "container": "webm_dash", "vcodec": "none", "url": "https://manifest.googlevideo.com/api/manifest/dash/expire/1613497705/ei/CbErYN_cIpCMgAOzsJTYAw/ip/140.109.135.76/id/997fb1b37395853b/source/youtube/requiressl/yes/playback_host/r6---sn-5njj-u2xl.googlevideo.com/mh/90/mm/31%2C29/mn/sn-5njj-u2xl%2Csn-un57sn7s/ms/au%2Crdu/mv/m/mvi/6/pl/16/hfr/all/as/fmp4_audio_clear%2Cwebm_audio_clear%2Cwebm2_audio_clear%2Cfmp4_sd_hd_clear%2Cwebm2_sd_hd_clear/initcwndbps/1022500/vprv/1/mt/1613475655/fvip/6/keepalive/yes/beids/23886202/itag/0/sparams/expire%2Cei%2Cip%2Cid%2Csource%2Crequiressl%2Chfr%2Cas%2Cvprv%2Citag/sig/AOq0QJ8wRQIhAOv-FSAkNRdCFXoQsByzlkPoW2PFrR8cRgl-F9JPmERVAiBAYTdqg3hB9uGSAd0-X5Hjs4NzFG9IDj71qGKzHyteVQ%3D%3D/lsparams/playback_host%2Cmh%2Cmm%2Cmn%2Cms%2Cmv%2Cmvi%2Cpl%2Cinitcwndbps/lsig/AG3C_xAwRAIgK8o8Y7pN-uR4ZZUOSPK8Pgf997GwxSvNJA9LeXWjEeECIBv9toePeHqeePrpy0Inq4pnKErmthzaG595AT_sE6MJ", "fragment_base_url": "https://r6---sn-5njj-u2xl.googlevideo.com/videoplayback/expire/1613497705/ei/CbErYN_cIpCMgAOzsJTYAw/ip/140.109.135.76/id/997fb1b37395853b/itag/251/source/youtube/requiressl/yes/mh/90/mm/31,29/mn/sn-5njj-u2xl,sn-un57sn7s/ms/au,rdu/mv/m/mvi/6/pl/16/initcwndbps/1022500/vprv/1/ratebypass/yes/mime/audio%2Fwebm/otfp/1/gir/yes/clen/5890765/lmt/1565008005518920/dur/297.281/mt/1613475655/fvip/6/keepalive/yes/beids/23886202/sparams/expire,ei,ip,id,itag,source,requiressl,vprv,ratebypass,mime,otfp,gir,clen,lmt,dur/sig/AOq0QJ8wRgIhAOSHsfEz5asanfJDoNmul3XqTuH1G06pJnPI_2A8k17CAiEAy8xm8TwOrEsB6oFrKSO4WD3cKFLGA1XO42P6ogGVAeY%3D/lsparams/mh,mm,mn,ms,mv,mvi,pl,initcwndbps/lsig/AG3C_xAwRQIhAI0Jx6V2sCsP2xb1DlsaMqrBsDLT8Fazqzlpf2V2yyCkAiBFTlRBMy2mRC0IoIvcdnRngHAgdNsXKKIMhTha5HEHcA%3D%3D/", "fragments": [{"path": "range/0-258"}, {"path": "range/766-170516", "duration": 10.001}, {"path": "range/170517-371289", "duration": 10.0}, {"path": "range/371290-575473", "duration": 10.0}, {"path": "range/575474-773054", "duration": 10.0}, {"path": "range/773055-974086", "duration": 10.0}, {"path": "range/974087-1184474", "duration": 10.0}, {"path": "range/1184475-1396842", "duration": 10.0}, {"path": "range/1396843-1604256", "duration": 10.0}, {"path": "range/1604257-1802419", "duration": 10.0}, {"path": "range/1802420-1987265", "duration": 10.0}, {"path": "range/1987266-2175605", "duration": 10.0}, {"path": "range/2175606-2372672", "duration": 10.0}, {"path": "range/2372673-2575657", "duration": 10.0}, {"path": "range/2575658-2779943", "duration": 10.0}, {"path": "range/2779944-2980521", "duration": 10.0}, {"path": "range/2980522-3183829", "duration": 10.0}, {"path": "range/3183830-3383061", "duration": 10.0}, {"path": "range/3383062-3597152", "duration": 10.0}, {"path": "range/3597153-3800678", "duration": 10.0}, {"path": "range/3800679-4001356", "duration": 10.0}, {"path": "range/4001357-4197673", "duration": 10.0}, {"path": "range/4197674-4391313", "duration": 10.0}, {"path": "range/4391314-4584554", "duration": 10.0}, {"path": "range/4584555-4782558", "duration": 10.0}, {"path": "range/4782559-4978164", "duration": 10.0}, {"path": "range/4978165-5174162", "duration": 10.0}, {"path": "range/5174163-5363238", "duration": 10.0}, {"path": "range/5363239-5559288", "duration": 10.0}, {"path": "range/5559289-5759897", "duration": 10.0}, {"path": "range/5759898-5890764", "duration": 7.28}], "protocol": "http_dash_segments", "format": "251 - audio only (DASH audio)", "http_headers": {"User-Agent": "Mozilla/5.0 (Windows NT 10.0; Win64; x64) AppleWebKit/537.36 (KHTML, like Gecko) Chrome/74.0.3729.24 Safari/537.36", "Accept-Charset": "ISO-8859-1,utf-8;q=0.7,*;q=0.7", "Accept": "text/html,application/xhtml+xml,application/xml;q=0.9,*/*;q=0.8", "Accept-Encoding": "gzip, deflate", "Accept-Language": "en-us,en;q=0.5"}}, {"ext": "webm", "height": 144, "format_note": "DASH video", "container": "webm_dash", "vcodec": "vp9", "format_id": "278", "manifest_url": "https://manifest.googlevideo.com/api/manifest/dash/expire/1613497705/ei/CbErYN_cIpCMgAOzsJTYAw/ip/140.109.135.76/id/997fb1b37395853b/source/youtube/requiressl/yes/playback_host/r6---sn-5njj-u2xl.googlevideo.com/mh/90/mm/31%2C29/mn/sn-5njj-u2xl%2Csn-un57sn7s/ms/au%2Crdu/mv/m/mvi/6/pl/16/hfr/all/as/fmp4_audio_clear%2Cwebm_audio_clear%2Cwebm2_audio_clear%2Cfmp4_sd_hd_clear%2Cwebm2_sd_hd_clear/initcwndbps/1022500/vprv/1/mt/1613475655/fvip/6/keepalive/yes/beids/23886202/itag/0/sparams/expire%2Cei%2Cip%2Cid%2Csource%2Crequiressl%2Chfr%2Cas%2Cvprv%2Citag/sig/AOq0QJ8wRQIhAOv-FSAkNRdCFXoQsByzlkPoW2PFrR8cRgl-F9JPmERVAiBAYTdqg3hB9uGSAd0-X5Hjs4NzFG9IDj71qGKzHyteVQ%3D%3D/lsparams/playback_host%2Cmh%2Cmm%2Cmn%2Cms%2Cmv%2Cmvi%2Cpl%2Cinitcwndbps/lsig/AG3C_xAwRAIgK8o8Y7pN-uR4ZZUOSPK8Pgf997GwxSvNJA9LeXWjEeECIBv9toePeHqeePrpy0Inq4pnKErmthzaG595AT_sE6MJ", "width": 256, "tbr": 95.0, "asr": null, "fps": 30, "language": null, "filesize": null, "acodec": "none", "url": "https://manifest.googlevideo.com/api/manifest/dash/expire/1613497705/ei/CbErYN_cIpCMgAOzsJTYAw/ip/140.109.135.76/id/997fb1b37395853b/source/youtube/requiressl/yes/playback_host/r6---sn-5njj-u2xl.googlevideo.com/mh/90/mm/31%2C29/mn/sn-5njj-u2xl%2Csn-un57sn7s/ms/au%2Crdu/mv/m/mvi/6/pl/16/hfr/all/as/fmp4_audio_clear%2Cwebm_audio_clear%2Cwebm2_audio_clear%2Cfmp4_sd_hd_clear%2Cwebm2_sd_hd_clear/initcwndbps/1022500/vprv/1/mt/1613475655/fvip/6/keepalive/yes/beids/23886202/itag/0/sparams/expire%2Cei%2Cip%2Cid%2Csource%2Crequiressl%2Chfr%2Cas%2Cvprv%2Citag/sig/AOq0QJ8wRQIhAOv-FSAkNRdCFXoQsByzlkPoW2PFrR8cRgl-F9JPmERVAiBAYTdqg3hB9uGSAd0-X5Hjs4NzFG9IDj71qGKzHyteVQ%3D%3D/lsparams/playback_host%2Cmh%2Cmm%2Cmn%2Cms%2Cmv%2Cmvi%2Cpl%2Cinitcwndbps/lsig/AG3C_xAwRAIgK8o8Y7pN-uR4ZZUOSPK8Pgf997GwxSvNJA9LeXWjEeECIBv9toePeHqeePrpy0Inq4pnKErmthzaG595AT_sE6MJ", "fragment_base_url": "https://r6---sn-5njj-u2xl.googlevideo.com/videoplayback/expire/1613497705/ei/CbErYN_cIpCMgAOzsJTYAw/ip/140.109.135.76/id/997fb1b37395853b/itag/278/source/yt_otf/requiressl/yes/mh/90/mm/31,29/mn/sn-5njj-u2xl,sn-un57sn7s/ms/au,rdu/mv/m/mvi/6/pl/16/initcwndbps/1022500/vprv/1/ratebypass/yes/mime/video%2Fwebm/otfp/1/otf/1/lmt/1534753981581052/mt/1613475655/fvip/6/keepalive/yes/beids/23886202/sparams/expire,ei,ip,id,itag,source,requiressl,vprv,ratebypass,mime,otfp,otf,lmt/sig/AOq0QJ8wRgIhAIJqHb9cCeOvwQKtPvs_MRwsO99iA6d5j6fp_VljWFINAiEA1czd8AgV1LFcTSPaGpigCCaLKpu1tf_vUX8xZMuBuiQ%3D/lsparams/mh,mm,mn,ms,mv,mvi,pl,initcwndbps/lsig/AG3C_xAwRAIgBVXwRFmPkR7KEBsPwBRmvy4-hFvs8exWkzzOO6q6YQoCIGJc_GcShP1WkB2vgSW74DnGfkRx9JP3LE95UoYj_dUg/", "fragments": [{"path": "sq/0"}, {"path": "sq/1/dur/5.339", "duration": 5.339}, {"path": "sq/2/dur/5.338", "duration": 5.338}, {"path": "sq/3/dur/5.339", "duration": 5.339}, {"path": "sq/4/dur/5.339", "duration": 5.339}, {"path": "sq/5/dur/5.338", "duration": 5.338}, {"path": "sq/6/dur/5.339", "duration": 5.339}, {"path": "sq/7/dur/5.339", "duration": 5.339}, {"path": "sq/8/dur/5.338", "duration": 5.338}, {"path": "sq/9/dur/5.339", "duration": 5.339}, {"path": "sq/10/dur/5.339", "duration": 5.339}, {"path": "sq/11/dur/5.338", "duration": 5.338}, {"path": "sq/12/dur/5.339", "duration": 5.339}, {"path": "sq/13/dur/5.339", "duration": 5.339}, {"path": "sq/14/dur/5.338", "duration": 5.338}, {"path": "sq/15/dur/5.339", "duration": 5.339}, {"path": "sq/16/dur/5.339", "duration": 5.339}, {"path": "sq/17/dur/5.338", "duration": 5.338}, {"path": "sq/18/dur/5.339", "duration": 5.339}, {"path": "sq/19/dur/5.339", "duration": 5.339}, {"path": "sq/20/dur/5.338", "duration": 5.338}, {"path": "sq/21/dur/5.339", "duration": 5.339}, {"path": "sq/22/dur/5.339", "duration": 5.339}, {"path": "sq/23/dur/5.338", "duration": 5.338}, {"path": "sq/24/dur/5.339", "duration": 5.339}, {"path": "sq/25/dur/5.339", "duration": 5.339}, {"path": "sq/26/dur/5.338", "duration": 5.338}, {"path": "sq/27/dur/5.339", "duration": 5.339}, {"path": "sq/28/dur/5.339", "duration": 5.339}, {"path": "sq/29/dur/5.338", "duration": 5.338}, {"path": "sq/30/dur/5.339", "duration": 5.339}, {"path": "sq/31/dur/5.339", "duration": 5.339}, {"path": "sq/32/dur/5.338", "duration": 5.338}, {"path": "sq/33/dur/5.339", "duration": 5.339}, {"path": "sq/34/dur/5.339", "duration": 5.339}, {"path": "sq/35/dur/5.338", "duration": 5.338}, {"path": "sq/36/dur/5.339", "duration": 5.339}, {"path": "sq/37/dur/5.339", "duration": 5.339}, {"path": "sq/38/dur/5.338", "duration": 5.338}, {"path": "sq/39/dur/5.339", "duration": 5.339}, {"path": "sq/40/dur/5.339", "duration": 5.339}, {"path": "sq/41/dur/5.338", "duration": 5.338}, {"path": "sq/42/dur/5.339", "duration": 5.339}, {"path": "sq/43/dur/5.339", "duration": 5.339}, {"path": "sq/44/dur/5.338", "duration": 5.338}, {"path": "sq/45/dur/5.339", "duration": 5.339}, {"path": "sq/46/dur/5.339", "duration": 5.339}, {"path": "sq/47/dur/5.338", "duration": 5.338}, {"path": "sq/48/dur/5.339", "duration": 5.339}, {"path": "sq/49/dur/5.339", "duration": 5.339}, {"path": "sq/50/dur/5.338", "duration": 5.338}, {"path": "sq/51/dur/5.339", "duration": 5.339}, {"path": "sq/52/dur/5.339", "duration": 5.339}, {"path": "sq/53/dur/5.338", "duration": 5.338}, {"path": "sq/54/dur/5.339", "duration": 5.339}, {"path": "sq/55/dur/5.339", "duration": 5.339}, {"path": "sq/56/dur/3.570", "duration": 3.57}], "protocol": "http_dash_segments", "format": "278 - 256x144 (DASH video)", "http_headers": {"User-Agent": "Mozilla/5.0 (Windows NT 10.0; Win64; x64) AppleWebKit/537.36 (KHTML, like Gecko) Chrome/74.0.3729.24 Safari/537.36", "Accept-Charset": "ISO-8859-1,utf-8;q=0.7,*;q=0.7", "Accept": "text/html,application/xhtml+xml,application/xml;q=0.9,*/*;q=0.8", "Accept-Encoding": "gzip, deflate", "Accept-Language": "en-us,en;q=0.5"}}, {"ext": "mp4", "height": 144, "format_note": "DASH video", "vcodec": "avc1.4d400b", "format_id": "160", "manifest_url": "https://manifest.googlevideo.com/api/manifest/dash/expire/1613497705/ei/CbErYN_cIpCMgAOzsJTYAw/ip/140.109.135.76/id/997fb1b37395853b/source/youtube/requiressl/yes/playback_host/r6---sn-5njj-u2xl.googlevideo.com/mh/90/mm/31%2C29/mn/sn-5njj-u2xl%2Csn-un57sn7s/ms/au%2Crdu/mv/m/mvi/6/pl/16/hfr/all/as/fmp4_audio_clear%2Cwebm_audio_clear%2Cwebm2_audio_clear%2Cfmp4_sd_hd_clear%2Cwebm2_sd_hd_clear/initcwndbps/1022500/vprv/1/mt/1613475655/fvip/6/keepalive/yes/beids/23886202/itag/0/sparams/expire%2Cei%2Cip%2Cid%2Csource%2Crequiressl%2Chfr%2Cas%2Cvprv%2Citag/sig/AOq0QJ8wRQIhAOv-FSAkNRdCFXoQsByzlkPoW2PFrR8cRgl-F9JPmERVAiBAYTdqg3hB9uGSAd0-X5Hjs4NzFG9IDj71qGKzHyteVQ%3D%3D/lsparams/playback_host%2Cmh%2Cmm%2Cmn%2Cms%2Cmv%2Cmvi%2Cpl%2Cinitcwndbps/lsig/AG3C_xAwRAIgK8o8Y7pN-uR4ZZUOSPK8Pgf997GwxSvNJA9LeXWjEeECIBv9toePeHqeePrpy0Inq4pnKErmthzaG595AT_sE6MJ", "width": 256, "tbr": 108.0, "asr": null, "fps": 30, "language": null, "filesize": null, "container": "mp4_dash", "acodec": "none", "url": "https://manifest.googlevideo.com/api/manifest/dash/expire/1613497705/ei/CbErYN_cIpCMgAOzsJTYAw/ip/140.109.135.76/id/997fb1b37395853b/source/youtube/requiressl/yes/playback_host/r6---sn-5njj-u2xl.googlevideo.com/mh/90/mm/31%2C29/mn/sn-5njj-u2xl%2Csn-un57sn7s/ms/au%2Crdu/mv/m/mvi/6/pl/16/hfr/all/as/fmp4_audio_clear%2Cwebm_audio_clear%2Cwebm2_audio_clear%2Cfmp4_sd_hd_clear%2Cwebm2_sd_hd_clear/initcwndbps/1022500/vprv/1/mt/1613475655/fvip/6/keepalive/yes/beids/23886202/itag/0/sparams/expire%2Cei%2Cip%2Cid%2Csource%2Crequiressl%2Chfr%2Cas%2Cvprv%2Citag/sig/AOq0QJ8wRQIhAOv-FSAkNRdCFXoQsByzlkPoW2PFrR8cRgl-F9JPmERVAiBAYTdqg3hB9uGSAd0-X5Hjs4NzFG9IDj71qGKzHyteVQ%3D%3D/lsparams/playback_host%2Cmh%2Cmm%2Cmn%2Cms%2Cmv%2Cmvi%2Cpl%2Cinitcwndbps/lsig/AG3C_xAwRAIgK8o8Y7pN-uR4ZZUOSPK8Pgf997GwxSvNJA9LeXWjEeECIBv9toePeHqeePrpy0Inq4pnKErmthzaG595AT_sE6MJ", "fragment_base_url": "https://r6---sn-5njj-u2xl.googlevideo.com/videoplayback/expire/1613497705/ei/CbErYN_cIpCMgAOzsJTYAw/ip/140.109.135.76/id/997fb1b37395853b/itag/160/source/yt_otf/requiressl/yes/mh/90/mm/31,29/mn/sn-5njj-u2xl,sn-un57sn7s/ms/au,rdu/mv/m/mvi/6/pl/16/initcwndbps/1022500/vprv/1/ratebypass/yes/mime/video%2Fmp4/otfp/1/otf/1/lmt/1534753981581052/mt/1613475655/fvip/6/keepalive/yes/beids/23886202/sparams/expire,ei,ip,id,itag,source,requiressl,vprv,ratebypass,mime,otfp,otf,lmt/sig/AOq0QJ8wRQIgDz34DZCiewTEKTvNxCz_nbdN0rK7Mk8L4oVuTK8tTAcCIQCSSj6f2D-6YQKwryToqydF_0NYld0ZwcJpyPtl_NCv9g%3D%3D/lsparams/mh,mm,mn,ms,mv,mvi,pl,initcwndbps/lsig/AG3C_xAwRAIgKZO95pqwCiAeIDVa9BhddQ7ctQmgkxP7T6ZCu0Z-1P8CIBTOUq-UuArCGD_bxO_FsuknkexLJGJLeOm2eGXZAjNe/", "fragments": [{"path": "sq/0"}, {"path": "sq/1/dur/5.339", "duration": 5.339}, {"path": "sq/2/dur/5.338", "duration": 5.338}, {"path": "sq/3/dur/5.339", "duration": 5.339}, {"path": "sq/4/dur/5.339", "duration": 5.339}, {"path": "sq/5/dur/5.338", "duration": 5.338}, {"path": "sq/6/dur/5.339", "duration": 5.339}, {"path": "sq/7/dur/5.339", "duration": 5.339}, {"path": "sq/8/dur/5.338", "duration": 5.338}, {"path": "sq/9/dur/5.339", "duration": 5.339}, {"path": "sq/10/dur/5.339", "duration": 5.339}, {"path": "sq/11/dur/5.338", "duration": 5.338}, {"path": "sq/12/dur/5.339", "duration": 5.339}, {"path": "sq/13/dur/5.339", "duration": 5.339}, {"path": "sq/14/dur/5.338", "duration": 5.338}, {"path": "sq/15/dur/5.339", "duration": 5.339}, {"path": "sq/16/dur/5.339", "duration": 5.339}, {"path": "sq/17/dur/5.338", "duration": 5.338}, {"path": "sq/18/dur/5.339", "duration": 5.339}, {"path": "sq/19/dur/5.339", "duration": 5.339}, {"path": "sq/20/dur/5.338", "duration": 5.338}, {"path": "sq/21/dur/5.339", "duration": 5.339}, {"path": "sq/22/dur/5.339", "duration": 5.339}, {"path": "sq/23/dur/5.338", "duration": 5.338}, {"path": "sq/24/dur/5.339", "duration": 5.339}, {"path": "sq/25/dur/5.339", "duration": 5.339}, {"path": "sq/26/dur/5.338", "duration": 5.338}, {"path": "sq/27/dur/5.339", "duration": 5.339}, {"path": "sq/28/dur/5.339", "duration": 5.339}, {"path": "sq/29/dur/5.338", "duration": 5.338}, {"path": "sq/30/dur/5.339", "duration": 5.339}, {"path": "sq/31/dur/5.339", "duration": 5.339}, {"path": "sq/32/dur/5.338", "duration": 5.338}, {"path": "sq/33/dur/5.339", "duration": 5.339}, {"path": "sq/34/dur/5.339", "duration": 5.339}, {"path": "sq/35/dur/5.338", "duration": 5.338}, {"path": "sq/36/dur/5.339", "duration": 5.339}, {"path": "sq/37/dur/5.339", "duration": 5.339}, {"path": "sq/38/dur/5.338", "duration": 5.338}, {"path": "sq/39/dur/5.339", "duration": 5.339}, {"path": "sq/40/dur/5.339", "duration": 5.339}, {"path": "sq/41/dur/5.338", "duration": 5.338}, {"path": "sq/42/dur/5.339", "duration": 5.339}, {"path": "sq/43/dur/5.339", "duration": 5.339}, {"path": "sq/44/dur/5.338", "duration": 5.338}, {"path": "sq/45/dur/5.339", "duration": 5.339}, {"path": "sq/46/dur/5.339", "duration": 5.339}, {"path": "sq/47/dur/5.338", "duration": 5.338}, {"path": "sq/48/dur/5.339", "duration": 5.339}, {"path": "sq/49/dur/5.339", "duration": 5.339}, {"path": "sq/50/dur/5.338", "duration": 5.338}, {"path": "sq/51/dur/5.339", "duration": 5.339}, {"path": "sq/52/dur/5.339", "duration": 5.339}, {"path": "sq/53/dur/5.338", "duration": 5.338}, {"path": "sq/54/dur/5.339", "duration": 5.339}, {"path": "sq/55/dur/5.339", "duration": 5.339}, {"path": "sq/56/dur/3.570", "duration": 3.57}], "protocol": "http_dash_segments", "format": "160 - 256x144 (DASH video)", "http_headers": {"User-Agent": "Mozilla/5.0 (Windows NT 10.0; Win64; x64) AppleWebKit/537.36 (KHTML, like Gecko) Chrome/74.0.3729.24 Safari/537.36", "Accept-Charset": "ISO-8859-1,utf-8;q=0.7,*;q=0.7", "Accept": "text/html,application/xhtml+xml,application/xml;q=0.9,*/*;q=0.8", "Accept-Encoding": "gzip, deflate", "Accept-Language": "en-us,en;q=0.5"}}, {"ext": "mp4", "height": 360, "format_note": "DASH video", "vcodec": "avc1.4d401e", "format_id": "134", "manifest_url": "https://manifest.googlevideo.com/api/manifest/dash/expire/1613497705/ei/CbErYN_cIpCMgAOzsJTYAw/ip/140.109.135.76/id/997fb1b37395853b/source/youtube/requiressl/yes/playback_host/r6---sn-5njj-u2xl.googlevideo.com/mh/90/mm/31%2C29/mn/sn-5njj-u2xl%2Csn-un57sn7s/ms/au%2Crdu/mv/m/mvi/6/pl/16/hfr/all/as/fmp4_audio_clear%2Cwebm_audio_clear%2Cwebm2_audio_clear%2Cfmp4_sd_hd_clear%2Cwebm2_sd_hd_clear/initcwndbps/1022500/vprv/1/mt/1613475655/fvip/6/keepalive/yes/beids/23886202/itag/0/sparams/expire%2Cei%2Cip%2Cid%2Csource%2Crequiressl%2Chfr%2Cas%2Cvprv%2Citag/sig/AOq0QJ8wRQIhAOv-FSAkNRdCFXoQsByzlkPoW2PFrR8cRgl-F9JPmERVAiBAYTdqg3hB9uGSAd0-X5Hjs4NzFG9IDj71qGKzHyteVQ%3D%3D/lsparams/playback_host%2Cmh%2Cmm%2Cmn%2Cms%2Cmv%2Cmvi%2Cpl%2Cinitcwndbps/lsig/AG3C_xAwRAIgK8o8Y7pN-uR4ZZUOSPK8Pgf997GwxSvNJA9LeXWjEeECIBv9toePeHqeePrpy0Inq4pnKErmthzaG595AT_sE6MJ", "width": 640, "tbr": 190.013, "asr": null, "fps": 30, "language": null, "filesize": null, "container": "mp4_dash", "acodec": "none", "url": "https://manifest.googlevideo.com/api/manifest/dash/expire/1613497705/ei/CbErYN_cIpCMgAOzsJTYAw/ip/140.109.135.76/id/997fb1b37395853b/source/youtube/requiressl/yes/playback_host/r6---sn-5njj-u2xl.googlevideo.com/mh/90/mm/31%2C29/mn/sn-5njj-u2xl%2Csn-un57sn7s/ms/au%2Crdu/mv/m/mvi/6/pl/16/hfr/all/as/fmp4_audio_clear%2Cwebm_audio_clear%2Cwebm2_audio_clear%2Cfmp4_sd_hd_clear%2Cwebm2_sd_hd_clear/initcwndbps/1022500/vprv/1/mt/1613475655/fvip/6/keepalive/yes/beids/23886202/itag/0/sparams/expire%2Cei%2Cip%2Cid%2Csource%2Crequiressl%2Chfr%2Cas%2Cvprv%2Citag/sig/AOq0QJ8wRQIhAOv-FSAkNRdCFXoQsByzlkPoW2PFrR8cRgl-F9JPmERVAiBAYTdqg3hB9uGSAd0-X5Hjs4NzFG9IDj71qGKzHyteVQ%3D%3D/lsparams/playback_host%2Cmh%2Cmm%2Cmn%2Cms%2Cmv%2Cmvi%2Cpl%2Cinitcwndbps/lsig/AG3C_xAwRAIgK8o8Y7pN-uR4ZZUOSPK8Pgf997GwxSvNJA9LeXWjEeECIBv9toePeHqeePrpy0Inq4pnKErmthzaG595AT_sE6MJ", "fragment_base_url": "https://r6---sn-5njj-u2xl.googlevideo.com/videoplayback/expire/1613497705/ei/CbErYN_cIpCMgAOzsJTYAw/ip/140.109.135.76/id/997fb1b37395853b/itag/134/source/youtube/requiressl/yes/mh/90/mm/31,29/mn/sn-5njj-u2xl,sn-un57sn7s/ms/au,rdu/mv/m/mvi/6/pl/16/initcwndbps/1022500/vprv/1/ratebypass/yes/mime/video%2Fmp4/otfp/1/gir/yes/clen/5903442/lmt/1534753981568461/dur/297.196/mt/1613475655/fvip/6/keepalive/yes/beids/23886202/sparams/expire,ei,ip,id,itag,source,requiressl,vprv,ratebypass,mime,otfp,gir,clen,lmt,dur/sig/AOq0QJ8wRQIgEXNs598dRPrv3CqMpHsX3Mqn_03_-vEvXiD33wYiZnMCIQDCOBQGidxKmN_Y7lfr-xfv1UA1FL5iG4d_KY5cPpljHw%3D%3D/lsparams/mh,mm,mn,ms,mv,mvi,pl,initcwndbps/lsig/AG3C_xAwRQIhALsfOXGyF-qmIpQSMuOuTgyY9zEBSFMX4llWpXT2W-tJAiBklIce57JqQcNAZPzn8qC5ua-HvJz8gLiUa6rWPGdYvg%3D%3D/", "fragments": [{"path": "range/0-712"}, {"path": "range/1417-73419", "duration": 5.339}, {"path": "range/73420-148014", "duration": 5.338}, {"path": "range/148015-227690", "duration": 5.339}, {"path": "range/227691-310683", "duration": 5.339}, {"path": "range/310684-399208", "duration": 5.338}, {"path": "range/399209-492944", "duration": 5.339}, {"path": "range/492945-589597", "duration": 5.339}, {"path": "range/589598-691975", "duration": 5.338}, {"path": "range/691976-798186", "duration": 5.339}, {"path": "range/798187-906909", "duration": 5.339}, {"path": "range/906910-1018846", "duration": 5.338}, {"path": "range/1018847-1136298", "duration": 5.339}, {"path": "range/1136299-1257640", "duration": 5.339}, {"path": "range/1257641-1384450", "duration": 5.338}, {"path": "range/1384451-1508591", "duration": 5.339}, {"path": "range/1508592-1631469", "duration": 5.339}, {"path": "range/1631470-1754678", "duration": 5.338}, {"path": "range/1754679-1876011", "duration": 5.339}, {"path": "range/1876012-1997518", "duration": 5.339}, {"path": "range/1997519-2121196", "duration": 5.338}, {"path": "range/2121197-2241329", "duration": 5.339}, {"path": "range/2241330-2360046", "duration": 5.339}, {"path": "range/2360047-2484436", "duration": 5.338}, {"path": "range/2484437-2603508", "duration": 5.339}, {"path": "range/2603509-2720867", "duration": 5.339}, {"path": "range/2720868-2843998", "duration": 5.338}, {"path": "range/2843999-2963475", "duration": 5.339}, {"path": "range/2963476-3082929", "duration": 5.339}, {"path": "range/3082930-3201490", "duration": 5.338}, {"path": "range/3201491-3319887", "duration": 5.339}, {"path": "range/3319888-3435698", "duration": 5.339}, {"path": "range/3435699-3552436", "duration": 5.338}, {"path": "range/3552437-3667588", "duration": 5.339}, {"path": "range/3667589-3780649", "duration": 5.339}, {"path": "range/3780650-3895872", "duration": 5.338}, {"path": "range/3895873-4010627", "duration": 5.339}, {"path": "range/4010628-4125566", "duration": 5.339}, {"path": "range/4125567-4241477", "duration": 5.338}, {"path": "range/4241478-4353285", "duration": 5.339}, {"path": "range/4353286-4465296", "duration": 5.339}, {"path": "range/4465297-4578355", "duration": 5.338}, {"path": "range/4578356-4690362", "duration": 5.339}, {"path": "range/4690363-4800889", "duration": 5.339}, {"path": "range/4800890-4905379", "duration": 5.338}, {"path": "range/4905380-5004408", "duration": 5.339}, {"path": "range/5004409-5101639", "duration": 5.339}, {"path": "range/5101640-5198271", "duration": 5.338}, {"path": "range/5198272-5291976", "duration": 5.339}, {"path": "range/5291977-5379457", "duration": 5.339}, {"path": "range/5379458-5464257", "duration": 5.338}, {"path": "range/5464258-5545706", "duration": 5.339}, {"path": "range/5545707-5623109", "duration": 5.339}, {"path": "range/5623110-5697962", "duration": 5.338}, {"path": "range/5697963-5769509", "duration": 5.339}, {"path": "range/5769510-5838250", "duration": 5.339}, {"path": "range/5838251-5903441", "duration": 3.57}], "protocol": "http_dash_segments", "format": "134 - 640x360 (DASH video)", "http_headers": {"User-Agent": "Mozilla/5.0 (Windows NT 10.0; Win64; x64) AppleWebKit/537.36 (KHTML, like Gecko) Chrome/74.0.3729.24 Safari/537.36", "Accept-Charset": "ISO-8859-1,utf-8;q=0.7,*;q=0.7", "Accept": "text/html,application/xhtml+xml,application/xml;q=0.9,*/*;q=0.8", "Accept-Encoding": "gzip, deflate", "Accept-Language": "en-us,en;q=0.5"}}, {"ext": "webm", "height": 240, "format_note": "DASH video", "vcodec": "vp9", "format_id": "242", "manifest_url": "https://manifest.googlevideo.com/api/manifest/dash/expire/1613497705/ei/CbErYN_cIpCMgAOzsJTYAw/ip/140.109.135.76/id/997fb1b37395853b/source/youtube/requiressl/yes/playback_host/r6---sn-5njj-u2xl.googlevideo.com/mh/90/mm/31%2C29/mn/sn-5njj-u2xl%2Csn-un57sn7s/ms/au%2Crdu/mv/m/mvi/6/pl/16/hfr/all/as/fmp4_audio_clear%2Cwebm_audio_clear%2Cwebm2_audio_clear%2Cfmp4_sd_hd_clear%2Cwebm2_sd_hd_clear/initcwndbps/1022500/vprv/1/mt/1613475655/fvip/6/keepalive/yes/beids/23886202/itag/0/sparams/expire%2Cei%2Cip%2Cid%2Csource%2Crequiressl%2Chfr%2Cas%2Cvprv%2Citag/sig/AOq0QJ8wRQIhAOv-FSAkNRdCFXoQsByzlkPoW2PFrR8cRgl-F9JPmERVAiBAYTdqg3hB9uGSAd0-X5Hjs4NzFG9IDj71qGKzHyteVQ%3D%3D/lsparams/playback_host%2Cmh%2Cmm%2Cmn%2Cms%2Cmv%2Cmvi%2Cpl%2Cinitcwndbps/lsig/AG3C_xAwRAIgK8o8Y7pN-uR4ZZUOSPK8Pgf997GwxSvNJA9LeXWjEeECIBv9toePeHqeePrpy0Inq4pnKErmthzaG595AT_sE6MJ", "width": 426, "tbr": 220.5, "asr": null, "fps": 30, "language": null, "filesize": null, "container": "webm_dash", "acodec": "none", "url": "https://manifest.googlevideo.com/api/manifest/dash/expire/1613497705/ei/CbErYN_cIpCMgAOzsJTYAw/ip/140.109.135.76/id/997fb1b37395853b/source/youtube/requiressl/yes/playback_host/r6---sn-5njj-u2xl.googlevideo.com/mh/90/mm/31%2C29/mn/sn-5njj-u2xl%2Csn-un57sn7s/ms/au%2Crdu/mv/m/mvi/6/pl/16/hfr/all/as/fmp4_audio_clear%2Cwebm_audio_clear%2Cwebm2_audio_clear%2Cfmp4_sd_hd_clear%2Cwebm2_sd_hd_clear/initcwndbps/1022500/vprv/1/mt/1613475655/fvip/6/keepalive/yes/beids/23886202/itag/0/sparams/expire%2Cei%2Cip%2Cid%2Csource%2Crequiressl%2Chfr%2Cas%2Cvprv%2Citag/sig/AOq0QJ8wRQIhAOv-FSAkNRdCFXoQsByzlkPoW2PFrR8cRgl-F9JPmERVAiBAYTdqg3hB9uGSAd0-X5Hjs4NzFG9IDj71qGKzHyteVQ%3D%3D/lsparams/playback_host%2Cmh%2Cmm%2Cmn%2Cms%2Cmv%2Cmvi%2Cpl%2Cinitcwndbps/lsig/AG3C_xAwRAIgK8o8Y7pN-uR4ZZUOSPK8Pgf997GwxSvNJA9LeXWjEeECIBv9toePeHqeePrpy0Inq4pnKErmthzaG595AT_sE6MJ", "fragment_base_url": "https://r6---sn-5njj-u2xl.googlevideo.com/videoplayback/expire/1613497705/ei/CbErYN_cIpCMgAOzsJTYAw/ip/140.109.135.76/id/997fb1b37395853b/itag/242/source/yt_otf/requiressl/yes/mh/90/mm/31,29/mn/sn-5njj-u2xl,sn-un57sn7s/ms/au,rdu/mv/m/mvi/6/pl/16/initcwndbps/1022500/vprv/1/ratebypass/yes/mime/video%2Fwebm/otfp/1/otf/1/lmt/1534753981581052/mt/1613475655/fvip/6/keepalive/yes/beids/23886202/sparams/expire,ei,ip,id,itag,source,requiressl,vprv,ratebypass,mime,otfp,otf,lmt/sig/AOq0QJ8wRQIhALU-NoKr8xCJoVi-vpy8xK0Irbxv53WNABTnLwakfV_MAiBUdoq_JhbxlHKWGVQbV7Twznx0DGOwhxBXI7aS-u8h6A%3D%3D/lsparams/mh,mm,mn,ms,mv,mvi,pl,initcwndbps/lsig/AG3C_xAwRQIhAO9S_bEpewBKMtA5xplOHNX4DuON7WIVOHd_HzdS_9sXAiAZo2mbWR_sLj2xTmirs1E4dEiRf-DrsXtZDZOaN0W4Gg%3D%3D/", "fragments": [{"path": "sq/0"}, {"path": "sq/1/dur/5.339", "duration": 5.339}, {"path": "sq/2/dur/5.338", "duration": 5.338}, {"path": "sq/3/dur/5.339", "duration": 5.339}, {"path": "sq/4/dur/5.339", "duration": 5.339}, {"path": "sq/5/dur/5.338", "duration": 5.338}, {"path": "sq/6/dur/5.339", "duration": 5.339}, {"path": "sq/7/dur/5.339", "duration": 5.339}, {"path": "sq/8/dur/5.338", "duration": 5.338}, {"path": "sq/9/dur/5.339", "duration": 5.339}, {"path": "sq/10/dur/5.339", "duration": 5.339}, {"path": "sq/11/dur/5.338", "duration": 5.338}, {"path": "sq/12/dur/5.339", "duration": 5.339}, {"path": "sq/13/dur/5.339", "duration": 5.339}, {"path": "sq/14/dur/5.338", "duration": 5.338}, {"path": "sq/15/dur/5.339", "duration": 5.339}, {"path": "sq/16/dur/5.339", "duration": 5.339}, {"path": "sq/17/dur/5.338", "duration": 5.338}, {"path": "sq/18/dur/5.339", "duration": 5.339}, {"path": "sq/19/dur/5.339", "duration": 5.339}, {"path": "sq/20/dur/5.338", "duration": 5.338}, {"path": "sq/21/dur/5.339", "duration": 5.339}, {"path": "sq/22/dur/5.339", "duration": 5.339}, {"path": "sq/23/dur/5.338", "duration": 5.338}, {"path": "sq/24/dur/5.339", "duration": 5.339}, {"path": "sq/25/dur/5.339", "duration": 5.339}, {"path": "sq/26/dur/5.338", "duration": 5.338}, {"path": "sq/27/dur/5.339", "duration": 5.339}, {"path": "sq/28/dur/5.339", "duration": 5.339}, {"path": "sq/29/dur/5.338", "duration": 5.338}, {"path": "sq/30/dur/5.339", "duration": 5.339}, {"path": "sq/31/dur/5.339", "duration": 5.339}, {"path": "sq/32/dur/5.338", "duration": 5.338}, {"path": "sq/33/dur/5.339", "duration": 5.339}, {"path": "sq/34/dur/5.339", "duration": 5.339}, {"path": "sq/35/dur/5.338", "duration": 5.338}, {"path": "sq/36/dur/5.339", "duration": 5.339}, {"path": "sq/37/dur/5.339", "duration": 5.339}, {"path": "sq/38/dur/5.338", "duration": 5.338}, {"path": "sq/39/dur/5.339", "duration": 5.339}, {"path": "sq/40/dur/5.339", "duration": 5.339}, {"path": "sq/41/dur/5.338", "duration": 5.338}, {"path": "sq/42/dur/5.339", "duration": 5.339}, {"path": "sq/43/dur/5.339", "duration": 5.339}, {"path": "sq/44/dur/5.338", "duration": 5.338}, {"path": "sq/45/dur/5.339", "duration": 5.339}, {"path": "sq/46/dur/5.339", "duration": 5.339}, {"path": "sq/47/dur/5.338", "duration": 5.338}, {"path": "sq/48/dur/5.339", "duration": 5.339}, {"path": "sq/49/dur/5.339", "duration": 5.339}, {"path": "sq/50/dur/5.338", "duration": 5.338}, {"path": "sq/51/dur/5.339", "duration": 5.339}, {"path": "sq/52/dur/5.339", "duration": 5.339}, {"path": "sq/53/dur/5.338", "duration": 5.338}, {"path": "sq/54/dur/5.339", "duration": 5.339}, {"path": "sq/55/dur/5.339", "duration": 5.339}, {"path": "sq/56/dur/3.570", "duration": 3.57}], "protocol": "http_dash_segments", "format": "242 - 426x240 (DASH video)", "http_headers": {"User-Agent": "Mozilla/5.0 (Windows NT 10.0; Win64; x64) AppleWebKit/537.36 (KHTML, like Gecko) Chrome/74.0.3729.24 Safari/537.36", "Accept-Charset": "ISO-8859-1,utf-8;q=0.7,*;q=0.7", "Accept": "text/html,application/xhtml+xml,application/xml;q=0.9,*/*;q=0.8", "Accept-Encoding": "gzip, deflate", "Accept-Language": "en-us,en;q=0.5"}}, {"ext": "mp4", "height": 240, "format_note": "DASH video", "vcodec": "avc1.4d400c", "format_id": "133", "manifest_url": "https://manifest.googlevideo.com/api/manifest/dash/expire/1613497705/ei/CbErYN_cIpCMgAOzsJTYAw/ip/140.109.135.76/id/997fb1b37395853b/source/youtube/requiressl/yes/playback_host/r6---sn-5njj-u2xl.googlevideo.com/mh/90/mm/31%2C29/mn/sn-5njj-u2xl%2Csn-un57sn7s/ms/au%2Crdu/mv/m/mvi/6/pl/16/hfr/all/as/fmp4_audio_clear%2Cwebm_audio_clear%2Cwebm2_audio_clear%2Cfmp4_sd_hd_clear%2Cwebm2_sd_hd_clear/initcwndbps/1022500/vprv/1/mt/1613475655/fvip/6/keepalive/yes/beids/23886202/itag/0/sparams/expire%2Cei%2Cip%2Cid%2Csource%2Crequiressl%2Chfr%2Cas%2Cvprv%2Citag/sig/AOq0QJ8wRQIhAOv-FSAkNRdCFXoQsByzlkPoW2PFrR8cRgl-F9JPmERVAiBAYTdqg3hB9uGSAd0-X5Hjs4NzFG9IDj71qGKzHyteVQ%3D%3D/lsparams/playback_host%2Cmh%2Cmm%2Cmn%2Cms%2Cmv%2Cmvi%2Cpl%2Cinitcwndbps/lsig/AG3C_xAwRAIgK8o8Y7pN-uR4ZZUOSPK8Pgf997GwxSvNJA9LeXWjEeECIBv9toePeHqeePrpy0Inq4pnKErmthzaG595AT_sE6MJ", "width": 426, "tbr": 242.0, "asr": null, "fps": 30, "language": null, "filesize": null, "container": "mp4_dash", "acodec": "none", "url": "https://manifest.googlevideo.com/api/manifest/dash/expire/1613497705/ei/CbErYN_cIpCMgAOzsJTYAw/ip/140.109.135.76/id/997fb1b37395853b/source/youtube/requiressl/yes/playback_host/r6---sn-5njj-u2xl.googlevideo.com/mh/90/mm/31%2C29/mn/sn-5njj-u2xl%2Csn-un57sn7s/ms/au%2Crdu/mv/m/mvi/6/pl/16/hfr/all/as/fmp4_audio_clear%2Cwebm_audio_clear%2Cwebm2_audio_clear%2Cfmp4_sd_hd_clear%2Cwebm2_sd_hd_clear/initcwndbps/1022500/vprv/1/mt/1613475655/fvip/6/keepalive/yes/beids/23886202/itag/0/sparams/expire%2Cei%2Cip%2Cid%2Csource%2Crequiressl%2Chfr%2Cas%2Cvprv%2Citag/sig/AOq0QJ8wRQIhAOv-FSAkNRdCFXoQsByzlkPoW2PFrR8cRgl-F9JPmERVAiBAYTdqg3hB9uGSAd0-X5Hjs4NzFG9IDj71qGKzHyteVQ%3D%3D/lsparams/playback_host%2Cmh%2Cmm%2Cmn%2Cms%2Cmv%2Cmvi%2Cpl%2Cinitcwndbps/lsig/AG3C_xAwRAIgK8o8Y7pN-uR4ZZUOSPK8Pgf997GwxSvNJA9LeXWjEeECIBv9toePeHqeePrpy0Inq4pnKErmthzaG595AT_sE6MJ", "fragment_base_url": "https://r6---sn-5njj-u2xl.googlevideo.com/videoplayback/expire/1613497705/ei/CbErYN_cIpCMgAOzsJTYAw/ip/140.109.135.76/id/997fb1b37395853b/itag/133/source/yt_otf/requiressl/yes/mh/90/mm/31,29/mn/sn-5njj-u2xl,sn-un57sn7s/ms/au,rdu/mv/m/mvi/6/pl/16/initcwndbps/1022500/vprv/1/ratebypass/yes/mime/video%2Fmp4/otfp/1/otf/1/lmt/1534753981581052/mt/1613475655/fvip/6/keepalive/yes/beids/23886202/sparams/expire,ei,ip,id,itag,source,requiressl,vprv,ratebypass,mime,otfp,otf,lmt/sig/AOq0QJ8wRQIhAN66qhclQdaJzevkp9YG0bSAm9MSHzVVzjZ43VmLA5oOAiAFzm8Run3uZIWEVtqWJN3fauBntQa1B0klHeojzRpXQw%3D%3D/lsparams/mh,mm,mn,ms,mv,mvi,pl,initcwndbps/lsig/AG3C_xAwRQIgcWVhuF2pWgX-mNC_SZP-x3faxWY5-4_G77nQE-IJi9MCIQCFqugjqtB56AHDdOsKVwpWFS0aNf2Kn51nCbdOl0G9Lg%3D%3D/", "fragments": [{"path": "sq/0"}, {"path": "sq/1/dur/5.339", "duration": 5.339}, {"path": "sq/2/dur/5.338", "duration": 5.338}, {"path": "sq/3/dur/5.339", "duration": 5.339}, {"path": "sq/4/dur/5.339", "duration": 5.339}, {"path": "sq/5/dur/5.338", "duration": 5.338}, {"path": "sq/6/dur/5.339", "duration": 5.339}, {"path": "sq/7/dur/5.339", "duration": 5.339}, {"path": "sq/8/dur/5.338", "duration": 5.338}, {"path": "sq/9/dur/5.339", "duration": 5.339}, {"path": "sq/10/dur/5.339", "duration": 5.339}, {"path": "sq/11/dur/5.338", "duration": 5.338}, {"path": "sq/12/dur/5.339", "duration": 5.339}, {"path": "sq/13/dur/5.339", "duration": 5.339}, {"path": "sq/14/dur/5.338", "duration": 5.338}, {"path": "sq/15/dur/5.339", "duration": 5.339}, {"path": "sq/16/dur/5.339", "duration": 5.339}, {"path": "sq/17/dur/5.338", "duration": 5.338}, {"path": "sq/18/dur/5.339", "duration": 5.339}, {"path": "sq/19/dur/5.339", "duration": 5.339}, {"path": "sq/20/dur/5.338", "duration": 5.338}, {"path": "sq/21/dur/5.339", "duration": 5.339}, {"path": "sq/22/dur/5.339", "duration": 5.339}, {"path": "sq/23/dur/5.338", "duration": 5.338}, {"path": "sq/24/dur/5.339", "duration": 5.339}, {"path": "sq/25/dur/5.339", "duration": 5.339}, {"path": "sq/26/dur/5.338", "duration": 5.338}, {"path": "sq/27/dur/5.339", "duration": 5.339}, {"path": "sq/28/dur/5.339", "duration": 5.339}, {"path": "sq/29/dur/5.338", "duration": 5.338}, {"path": "sq/30/dur/5.339", "duration": 5.339}, {"path": "sq/31/dur/5.339", "duration": 5.339}, {"path": "sq/32/dur/5.338", "duration": 5.338}, {"path": "sq/33/dur/5.339", "duration": 5.339}, {"path": "sq/34/dur/5.339", "duration": 5.339}, {"path": "sq/35/dur/5.338", "duration": 5.338}, {"path": "sq/36/dur/5.339", "duration": 5.339}, {"path": "sq/37/dur/5.339", "duration": 5.339}, {"path": "sq/38/dur/5.338", "duration": 5.338}, {"path": "sq/39/dur/5.339", "duration": 5.339}, {"path": "sq/40/dur/5.339", "duration": 5.339}, {"path": "sq/41/dur/5.338", "duration": 5.338}, {"path": "sq/42/dur/5.339", "duration": 5.339}, {"path": "sq/43/dur/5.339", "duration": 5.339}, {"path": "sq/44/dur/5.338", "duration": 5.338}, {"path": "sq/45/dur/5.339", "duration": 5.339}, {"path": "sq/46/dur/5.339", "duration": 5.339}, {"path": "sq/47/dur/5.338", "duration": 5.338}, {"path": "sq/48/dur/5.339", "duration": 5.339}, {"path": "sq/49/dur/5.339", "duration": 5.339}, {"path": "sq/50/dur/5.338", "duration": 5.338}, {"path": "sq/51/dur/5.339", "duration": 5.339}, {"path": "sq/52/dur/5.339", "duration": 5.339}, {"path": "sq/53/dur/5.338", "duration": 5.338}, {"path": "sq/54/dur/5.339", "duration": 5.339}, {"path": "sq/55/dur/5.339", "duration": 5.339}, {"path": "sq/56/dur/3.570", "duration": 3.57}], "protocol": "http_dash_segments", "format": "133 - 426x240 (DASH video)", "http_headers": {"User-Agent": "Mozilla/5.0 (Windows NT 10.0; Win64; x64) AppleWebKit/537.36 (KHTML, like Gecko) Chrome/74.0.3729.24 Safari/537.36", "Accept-Charset": "ISO-8859-1,utf-8;q=0.7,*;q=0.7", "Accept": "text/html,application/xhtml+xml,application/xml;q=0.9,*/*;q=0.8", "Accept-Encoding": "gzip, deflate", "Accept-Language": "en-us,en;q=0.5"}}, {"ext": "webm", "height": 360, "format_note": "DASH video", "vcodec": "vp9", "format_id": "243", "manifest_url": "https://manifest.googlevideo.com/api/manifest/dash/expire/1613497705/ei/CbErYN_cIpCMgAOzsJTYAw/ip/140.109.135.76/id/997fb1b37395853b/source/youtube/requiressl/yes/playback_host/r6---sn-5njj-u2xl.googlevideo.com/mh/90/mm/31%2C29/mn/sn-5njj-u2xl%2Csn-un57sn7s/ms/au%2Crdu/mv/m/mvi/6/pl/16/hfr/all/as/fmp4_audio_clear%2Cwebm_audio_clear%2Cwebm2_audio_clear%2Cfmp4_sd_hd_clear%2Cwebm2_sd_hd_clear/initcwndbps/1022500/vprv/1/mt/1613475655/fvip/6/keepalive/yes/beids/23886202/itag/0/sparams/expire%2Cei%2Cip%2Cid%2Csource%2Crequiressl%2Chfr%2Cas%2Cvprv%2Citag/sig/AOq0QJ8wRQIhAOv-FSAkNRdCFXoQsByzlkPoW2PFrR8cRgl-F9JPmERVAiBAYTdqg3hB9uGSAd0-X5Hjs4NzFG9IDj71qGKzHyteVQ%3D%3D/lsparams/playback_host%2Cmh%2Cmm%2Cmn%2Cms%2Cmv%2Cmvi%2Cpl%2Cinitcwndbps/lsig/AG3C_xAwRAIgK8o8Y7pN-uR4ZZUOSPK8Pgf997GwxSvNJA9LeXWjEeECIBv9toePeHqeePrpy0Inq4pnKErmthzaG595AT_sE6MJ", "width": 640, "tbr": 405.72, "asr": null, "fps": 30, "language": null, "filesize": null, "container": "webm_dash", "acodec": "none", "url": "https://manifest.googlevideo.com/api/manifest/dash/expire/1613497705/ei/CbErYN_cIpCMgAOzsJTYAw/ip/140.109.135.76/id/997fb1b37395853b/source/youtube/requiressl/yes/playback_host/r6---sn-5njj-u2xl.googlevideo.com/mh/90/mm/31%2C29/mn/sn-5njj-u2xl%2Csn-un57sn7s/ms/au%2Crdu/mv/m/mvi/6/pl/16/hfr/all/as/fmp4_audio_clear%2Cwebm_audio_clear%2Cwebm2_audio_clear%2Cfmp4_sd_hd_clear%2Cwebm2_sd_hd_clear/initcwndbps/1022500/vprv/1/mt/1613475655/fvip/6/keepalive/yes/beids/23886202/itag/0/sparams/expire%2Cei%2Cip%2Cid%2Csource%2Crequiressl%2Chfr%2Cas%2Cvprv%2Citag/sig/AOq0QJ8wRQIhAOv-FSAkNRdCFXoQsByzlkPoW2PFrR8cRgl-F9JPmERVAiBAYTdqg3hB9uGSAd0-X5Hjs4NzFG9IDj71qGKzHyteVQ%3D%3D/lsparams/playback_host%2Cmh%2Cmm%2Cmn%2Cms%2Cmv%2Cmvi%2Cpl%2Cinitcwndbps/lsig/AG3C_xAwRAIgK8o8Y7pN-uR4ZZUOSPK8Pgf997GwxSvNJA9LeXWjEeECIBv9toePeHqeePrpy0Inq4pnKErmthzaG595AT_sE6MJ", "fragment_base_url": "https://r6---sn-5njj-u2xl.googlevideo.com/videoplayback/expire/1613497705/ei/CbErYN_cIpCMgAOzsJTYAw/ip/140.109.135.76/id/997fb1b37395853b/itag/243/source/yt_otf/requiressl/yes/mh/90/mm/31,29/mn/sn-5njj-u2xl,sn-un57sn7s/ms/au,rdu/mv/m/mvi/6/pl/16/initcwndbps/1022500/vprv/1/ratebypass/yes/mime/video%2Fwebm/otfp/1/otf/1/lmt/1534753981581052/mt/1613475655/fvip/6/keepalive/yes/beids/23886202/sparams/expire,ei,ip,id,itag,source,requiressl,vprv,ratebypass,mime,otfp,otf,lmt/sig/AOq0QJ8wRQIgcgWfRtlEGNRcwC1lYydXdGUR7iU90xfYH6hm9He5pU8CIQC543FLsheMwXwshiOOHkkGUIIP1_oyd6oWB6pRGXj05w%3D%3D/lsparams/mh,mm,mn,ms,mv,mvi,pl,initcwndbps/lsig/AG3C_xAwRQIhAJSEAXmRAhDAlTMAIPSupOk98qbeuGzGVCwP_Fqqf7R-AiBEMP7LLjO4mXIPKezaJWn2bx8CpQbkHRwC8MzBXAc9NA%3D%3D/", "fragments": [{"path": "sq/0"}, {"path": "sq/1/dur/5.339", "duration": 5.339}, {"path": "sq/2/dur/5.338", "duration": 5.338}, {"path": "sq/3/dur/5.339", "duration": 5.339}, {"path": "sq/4/dur/5.339", "duration": 5.339}, {"path": "sq/5/dur/5.338", "duration": 5.338}, {"path": "sq/6/dur/5.339", "duration": 5.339}, {"path": "sq/7/dur/5.339", "duration": 5.339}, {"path": "sq/8/dur/5.338", "duration": 5.338}, {"path": "sq/9/dur/5.339", "duration": 5.339}, {"path": "sq/10/dur/5.339", "duration": 5.339}, {"path": "sq/11/dur/5.338", "duration": 5.338}, {"path": "sq/12/dur/5.339", "duration": 5.339}, {"path": "sq/13/dur/5.339", "duration": 5.339}, {"path": "sq/14/dur/5.338", "duration": 5.338}, {"path": "sq/15/dur/5.339", "duration": 5.339}, {"path": "sq/16/dur/5.339", "duration": 5.339}, {"path": "sq/17/dur/5.338", "duration": 5.338}, {"path": "sq/18/dur/5.339", "duration": 5.339}, {"path": "sq/19/dur/5.339", "duration": 5.339}, {"path": "sq/20/dur/5.338", "duration": 5.338}, {"path": "sq/21/dur/5.339", "duration": 5.339}, {"path": "sq/22/dur/5.339", "duration": 5.339}, {"path": "sq/23/dur/5.338", "duration": 5.338}, {"path": "sq/24/dur/5.339", "duration": 5.339}, {"path": "sq/25/dur/5.339", "duration": 5.339}, {"path": "sq/26/dur/5.338", "duration": 5.338}, {"path": "sq/27/dur/5.339", "duration": 5.339}, {"path": "sq/28/dur/5.339", "duration": 5.339}, {"path": "sq/29/dur/5.338", "duration": 5.338}, {"path": "sq/30/dur/5.339", "duration": 5.339}, {"path": "sq/31/dur/5.339", "duration": 5.339}, {"path": "sq/32/dur/5.338", "duration": 5.338}, {"path": "sq/33/dur/5.339", "duration": 5.339}, {"path": "sq/34/dur/5.339", "duration": 5.339}, {"path": "sq/35/dur/5.338", "duration": 5.338}, {"path": "sq/36/dur/5.339", "duration": 5.339}, {"path": "sq/37/dur/5.339", "duration": 5.339}, {"path": "sq/38/dur/5.338", "duration": 5.338}, {"path": "sq/39/dur/5.339", "duration": 5.339}, {"path": "sq/40/dur/5.339", "duration": 5.339}, {"path": "sq/41/dur/5.338", "duration": 5.338}, {"path": "sq/42/dur/5.339", "duration": 5.339}, {"path": "sq/43/dur/5.339", "duration": 5.339}, {"path": "sq/44/dur/5.338", "duration": 5.338}, {"path": "sq/45/dur/5.339", "duration": 5.339}, {"path": "sq/46/dur/5.339", "duration": 5.339}, {"path": "sq/47/dur/5.338", "duration": 5.338}, {"path": "sq/48/dur/5.339", "duration": 5.339}, {"path": "sq/49/dur/5.339", "duration": 5.339}, {"path": "sq/50/dur/5.338", "duration": 5.338}, {"path": "sq/51/dur/5.339", "duration": 5.339}, {"path": "sq/52/dur/5.339", "duration": 5.339}, {"path": "sq/53/dur/5.338", "duration": 5.338}, {"path": "sq/54/dur/5.339", "duration": 5.339}, {"path": "sq/55/dur/5.339", "duration": 5.339}, {"path": "sq/56/dur/3.570", "duration": 3.57}], "protocol": "http_dash_segments", "format": "243 - 640x360 (DASH video)", "http_headers": {"User-Agent": "Mozilla/5.0 (Windows NT 10.0; Win64; x64) AppleWebKit/537.36 (KHTML, like Gecko) Chrome/74.0.3729.24 Safari/537.36", "Accept-Charset": "ISO-8859-1,utf-8;q=0.7,*;q=0.7", "Accept": "text/html,application/xhtml+xml,application/xml;q=0.9,*/*;q=0.8", "Accept-Encoding": "gzip, deflate", "Accept-Language": "en-us,en;q=0.5"}}, {"ext": "webm", "height": 480, "format_note": "DASH video", "vcodec": "vp9", "format_id": "244", "manifest_url": "https://manifest.googlevideo.com/api/manifest/dash/expire/1613497705/ei/CbErYN_cIpCMgAOzsJTYAw/ip/140.109.135.76/id/997fb1b37395853b/source/youtube/requiressl/yes/playback_host/r6---sn-5njj-u2xl.googlevideo.com/mh/90/mm/31%2C29/mn/sn-5njj-u2xl%2Csn-un57sn7s/ms/au%2Crdu/mv/m/mvi/6/pl/16/hfr/all/as/fmp4_audio_clear%2Cwebm_audio_clear%2Cwebm2_audio_clear%2Cfmp4_sd_hd_clear%2Cwebm2_sd_hd_clear/initcwndbps/1022500/vprv/1/mt/1613475655/fvip/6/keepalive/yes/beids/23886202/itag/0/sparams/expire%2Cei%2Cip%2Cid%2Csource%2Crequiressl%2Chfr%2Cas%2Cvprv%2Citag/sig/AOq0QJ8wRQIhAOv-FSAkNRdCFXoQsByzlkPoW2PFrR8cRgl-F9JPmERVAiBAYTdqg3hB9uGSAd0-X5Hjs4NzFG9IDj71qGKzHyteVQ%3D%3D/lsparams/playback_host%2Cmh%2Cmm%2Cmn%2Cms%2Cmv%2Cmvi%2Cpl%2Cinitcwndbps/lsig/AG3C_xAwRAIgK8o8Y7pN-uR4ZZUOSPK8Pgf997GwxSvNJA9LeXWjEeECIBv9toePeHqeePrpy0Inq4pnKErmthzaG595AT_sE6MJ", "width": 854, "tbr": 752.64, "asr": null, "fps": 30, "language": null, "filesize": null, "container": "webm_dash", "acodec": "none", "url": "https://manifest.googlevideo.com/api/manifest/dash/expire/1613497705/ei/CbErYN_cIpCMgAOzsJTYAw/ip/140.109.135.76/id/997fb1b37395853b/source/youtube/requiressl/yes/playback_host/r6---sn-5njj-u2xl.googlevideo.com/mh/90/mm/31%2C29/mn/sn-5njj-u2xl%2Csn-un57sn7s/ms/au%2Crdu/mv/m/mvi/6/pl/16/hfr/all/as/fmp4_audio_clear%2Cwebm_audio_clear%2Cwebm2_audio_clear%2Cfmp4_sd_hd_clear%2Cwebm2_sd_hd_clear/initcwndbps/1022500/vprv/1/mt/1613475655/fvip/6/keepalive/yes/beids/23886202/itag/0/sparams/expire%2Cei%2Cip%2Cid%2Csource%2Crequiressl%2Chfr%2Cas%2Cvprv%2Citag/sig/AOq0QJ8wRQIhAOv-FSAkNRdCFXoQsByzlkPoW2PFrR8cRgl-F9JPmERVAiBAYTdqg3hB9uGSAd0-X5Hjs4NzFG9IDj71qGKzHyteVQ%3D%3D/lsparams/playback_host%2Cmh%2Cmm%2Cmn%2Cms%2Cmv%2Cmvi%2Cpl%2Cinitcwndbps/lsig/AG3C_xAwRAIgK8o8Y7pN-uR4ZZUOSPK8Pgf997GwxSvNJA9LeXWjEeECIBv9toePeHqeePrpy0Inq4pnKErmthzaG595AT_sE6MJ", "fragment_base_url": "https://r6---sn-5njj-u2xl.googlevideo.com/videoplayback/expire/1613497705/ei/CbErYN_cIpCMgAOzsJTYAw/ip/140.109.135.76/id/997fb1b37395853b/itag/244/source/yt_otf/requiressl/yes/mh/90/mm/31,29/mn/sn-5njj-u2xl,sn-un57sn7s/ms/au,rdu/mv/m/mvi/6/pl/16/initcwndbps/1022500/vprv/1/ratebypass/yes/mime/video%2Fwebm/otfp/1/otf/1/lmt/1534753981581052/mt/1613475655/fvip/6/keepalive/yes/beids/23886202/sparams/expire,ei,ip,id,itag,source,requiressl,vprv,ratebypass,mime,otfp,otf,lmt/sig/AOq0QJ8wRQIhANf1SZpQbuby954fmTYGAA314R_fWl_N5tP2isgSzaolAiBbDTMNQj31KGVG5QzhwulDUPUKbzt2Zg2LacXEWuIqaA%3D%3D/lsparams/mh,mm,mn,ms,mv,mvi,pl,initcwndbps/lsig/AG3C_xAwRgIhAPePn1nowPXk6XOG8LjSaeglciGnqkNjTKnQdOljKKFQAiEA4ijnl9AT5tOAHboS6OVbJbdY3UivzA-ndJjAaQdGU4E%3D/", "fragments": [{"path": "sq/0"}, {"path": "sq/1/dur/5.339", "duration": 5.339}, {"path": "sq/2/dur/5.338", "duration": 5.338}, {"path": "sq/3/dur/5.339", "duration": 5.339}, {"path": "sq/4/dur/5.339", "duration": 5.339}, {"path": "sq/5/dur/5.338", "duration": 5.338}, {"path": "sq/6/dur/5.339", "duration": 5.339}, {"path": "sq/7/dur/5.339", "duration": 5.339}, {"path": "sq/8/dur/5.338", "duration": 5.338}, {"path": "sq/9/dur/5.339", "duration": 5.339}, {"path": "sq/10/dur/5.339", "duration": 5.339}, {"path": "sq/11/dur/5.338", "duration": 5.338}, {"path": "sq/12/dur/5.339", "duration": 5.339}, {"path": "sq/13/dur/5.339", "duration": 5.339}, {"path": "sq/14/dur/5.338", "duration": 5.338}, {"path": "sq/15/dur/5.339", "duration": 5.339}, {"path": "sq/16/dur/5.339", "duration": 5.339}, {"path": "sq/17/dur/5.338", "duration": 5.338}, {"path": "sq/18/dur/5.339", "duration": 5.339}, {"path": "sq/19/dur/5.339", "duration": 5.339}, {"path": "sq/20/dur/5.338", "duration": 5.338}, {"path": "sq/21/dur/5.339", "duration": 5.339}, {"path": "sq/22/dur/5.339", "duration": 5.339}, {"path": "sq/23/dur/5.338", "duration": 5.338}, {"path": "sq/24/dur/5.339", "duration": 5.339}, {"path": "sq/25/dur/5.339", "duration": 5.339}, {"path": "sq/26/dur/5.338", "duration": 5.338}, {"path": "sq/27/dur/5.339", "duration": 5.339}, {"path": "sq/28/dur/5.339", "duration": 5.339}, {"path": "sq/29/dur/5.338", "duration": 5.338}, {"path": "sq/30/dur/5.339", "duration": 5.339}, {"path": "sq/31/dur/5.339", "duration": 5.339}, {"path": "sq/32/dur/5.338", "duration": 5.338}, {"path": "sq/33/dur/5.339", "duration": 5.339}, {"path": "sq/34/dur/5.339", "duration": 5.339}, {"path": "sq/35/dur/5.338", "duration": 5.338}, {"path": "sq/36/dur/5.339", "duration": 5.339}, {"path": "sq/37/dur/5.339", "duration": 5.339}, {"path": "sq/38/dur/5.338", "duration": 5.338}, {"path": "sq/39/dur/5.339", "duration": 5.339}, {"path": "sq/40/dur/5.339", "duration": 5.339}, {"path": "sq/41/dur/5.338", "duration": 5.338}, {"path": "sq/42/dur/5.339", "duration": 5.339}, {"path": "sq/43/dur/5.339", "duration": 5.339}, {"path": "sq/44/dur/5.338", "duration": 5.338}, {"path": "sq/45/dur/5.339", "duration": 5.339}, {"path": "sq/46/dur/5.339", "duration": 5.339}, {"path": "sq/47/dur/5.338", "duration": 5.338}, {"path": "sq/48/dur/5.339", "duration": 5.339}, {"path": "sq/49/dur/5.339", "duration": 5.339}, {"path": "sq/50/dur/5.338", "duration": 5.338}, {"path": "sq/51/dur/5.339", "duration": 5.339}, {"path": "sq/52/dur/5.339", "duration": 5.339}, {"path": "sq/53/dur/5.338", "duration": 5.338}, {"path": "sq/54/dur/5.339", "duration": 5.339}, {"path": "sq/55/dur/5.339", "duration": 5.339}, {"path": "sq/56/dur/3.570", "duration": 3.57}], "protocol": "http_dash_segments", "format": "244 - 854x480 (DASH video)", "http_headers": {"User-Agent": "Mozilla/5.0 (Windows NT 10.0; Win64; x64) AppleWebKit/537.36 (KHTML, like Gecko) Chrome/74.0.3729.24 Safari/537.36", "Accept-Charset": "ISO-8859-1,utf-8;q=0.7,*;q=0.7", "Accept": "text/html,application/xhtml+xml,application/xml;q=0.9,*/*;q=0.8", "Accept-Encoding": "gzip, deflate", "Accept-Language": "en-us,en;q=0.5"}}, {"ext": "mp4", "height": 480, "format_note": "DASH video", "vcodec": "avc1.4d4014", "format_id": "135", "manifest_url": "https://manifest.googlevideo.com/api/manifest/dash/expire/1613497705/ei/CbErYN_cIpCMgAOzsJTYAw/ip/140.109.135.76/id/997fb1b37395853b/source/youtube/requiressl/yes/playback_host/r6---sn-5njj-u2xl.googlevideo.com/mh/90/mm/31%2C29/mn/sn-5njj-u2xl%2Csn-un57sn7s/ms/au%2Crdu/mv/m/mvi/6/pl/16/hfr/all/as/fmp4_audio_clear%2Cwebm_audio_clear%2Cwebm2_audio_clear%2Cfmp4_sd_hd_clear%2Cwebm2_sd_hd_clear/initcwndbps/1022500/vprv/1/mt/1613475655/fvip/6/keepalive/yes/beids/23886202/itag/0/sparams/expire%2Cei%2Cip%2Cid%2Csource%2Crequiressl%2Chfr%2Cas%2Cvprv%2Citag/sig/AOq0QJ8wRQIhAOv-FSAkNRdCFXoQsByzlkPoW2PFrR8cRgl-F9JPmERVAiBAYTdqg3hB9uGSAd0-X5Hjs4NzFG9IDj71qGKzHyteVQ%3D%3D/lsparams/playback_host%2Cmh%2Cmm%2Cmn%2Cms%2Cmv%2Cmvi%2Cpl%2Cinitcwndbps/lsig/AG3C_xAwRAIgK8o8Y7pN-uR4ZZUOSPK8Pgf997GwxSvNJA9LeXWjEeECIBv9toePeHqeePrpy0Inq4pnKErmthzaG595AT_sE6MJ", "width": 854, "tbr": 1155.0, "asr": null, "fps": 30, "language": null, "filesize": null, "container": "mp4_dash", "acodec": "none", "url": "https://manifest.googlevideo.com/api/manifest/dash/expire/1613497705/ei/CbErYN_cIpCMgAOzsJTYAw/ip/140.109.135.76/id/997fb1b37395853b/source/youtube/requiressl/yes/playback_host/r6---sn-5njj-u2xl.googlevideo.com/mh/90/mm/31%2C29/mn/sn-5njj-u2xl%2Csn-un57sn7s/ms/au%2Crdu/mv/m/mvi/6/pl/16/hfr/all/as/fmp4_audio_clear%2Cwebm_audio_clear%2Cwebm2_audio_clear%2Cfmp4_sd_hd_clear%2Cwebm2_sd_hd_clear/initcwndbps/1022500/vprv/1/mt/1613475655/fvip/6/keepalive/yes/beids/23886202/itag/0/sparams/expire%2Cei%2Cip%2Cid%2Csource%2Crequiressl%2Chfr%2Cas%2Cvprv%2Citag/sig/AOq0QJ8wRQIhAOv-FSAkNRdCFXoQsByzlkPoW2PFrR8cRgl-F9JPmERVAiBAYTdqg3hB9uGSAd0-X5Hjs4NzFG9IDj71qGKzHyteVQ%3D%3D/lsparams/playback_host%2Cmh%2Cmm%2Cmn%2Cms%2Cmv%2Cmvi%2Cpl%2Cinitcwndbps/lsig/AG3C_xAwRAIgK8o8Y7pN-uR4ZZUOSPK8Pgf997GwxSvNJA9LeXWjEeECIBv9toePeHqeePrpy0Inq4pnKErmthzaG595AT_sE6MJ", "fragment_base_url": "https://r6---sn-5njj-u2xl.googlevideo.com/videoplayback/expire/1613497705/ei/CbErYN_cIpCMgAOzsJTYAw/ip/140.109.135.76/id/997fb1b37395853b/itag/135/source/yt_otf/requiressl/yes/mh/90/mm/31,29/mn/sn-5njj-u2xl,sn-un57sn7s/ms/au,rdu/mv/m/mvi/6/pl/16/initcwndbps/1022500/vprv/1/ratebypass/yes/mime/video%2Fmp4/otfp/1/otf/1/lmt/1534753981581052/mt/1613475655/fvip/6/keepalive/yes/beids/23886202/sparams/expire,ei,ip,id,itag,source,requiressl,vprv,ratebypass,mime,otfp,otf,lmt/sig/AOq0QJ8wRQIhAJ8nx8bMHAxmwJ7PcS6czFN-hXcN8H876X6VztNIkZbjAiAm4FnSn0AU3xZLRP11kgPC2pJaWNoLvx_jJs3KFvxm8Q%3D%3D/lsparams/mh,mm,mn,ms,mv,mvi,pl,initcwndbps/lsig/AG3C_xAwRQIgHk6bToZvHBakqHiTBkJAj6dvWfsWd7munUXbjM6bITcCIQCl-uvoeKUZuaWrPlQ6AM69nsc_4ton9l4Zh8SP1qpGgQ%3D%3D/", "fragments": [{"path": "sq/0"}, {"path": "sq/1/dur/5.339", "duration": 5.339}, {"path": "sq/2/dur/5.338", "duration": 5.338}, {"path": "sq/3/dur/5.339", "duration": 5.339}, {"path": "sq/4/dur/5.339", "duration": 5.339}, {"path": "sq/5/dur/5.338", "duration": 5.338}, {"path": "sq/6/dur/5.339", "duration": 5.339}, {"path": "sq/7/dur/5.339", "duration": 5.339}, {"path": "sq/8/dur/5.338", "duration": 5.338}, {"path": "sq/9/dur/5.339", "duration": 5.339}, {"path": "sq/10/dur/5.339", "duration": 5.339}, {"path": "sq/11/dur/5.338", "duration": 5.338}, {"path": "sq/12/dur/5.339", "duration": 5.339}, {"path": "sq/13/dur/5.339", "duration": 5.339}, {"path": "sq/14/dur/5.338", "duration": 5.338}, {"path": "sq/15/dur/5.339", "duration": 5.339}, {"path": "sq/16/dur/5.339", "duration": 5.339}, {"path": "sq/17/dur/5.338", "duration": 5.338}, {"path": "sq/18/dur/5.339", "duration": 5.339}, {"path": "sq/19/dur/5.339", "duration": 5.339}, {"path": "sq/20/dur/5.338", "duration": 5.338}, {"path": "sq/21/dur/5.339", "duration": 5.339}, {"path": "sq/22/dur/5.339", "duration": 5.339}, {"path": "sq/23/dur/5.338", "duration": 5.338}, {"path": "sq/24/dur/5.339", "duration": 5.339}, {"path": "sq/25/dur/5.339", "duration": 5.339}, {"path": "sq/26/dur/5.338", "duration": 5.338}, {"path": "sq/27/dur/5.339", "duration": 5.339}, {"path": "sq/28/dur/5.339", "duration": 5.339}, {"path": "sq/29/dur/5.338", "duration": 5.338}, {"path": "sq/30/dur/5.339", "duration": 5.339}, {"path": "sq/31/dur/5.339", "duration": 5.339}, {"path": "sq/32/dur/5.338", "duration": 5.338}, {"path": "sq/33/dur/5.339", "duration": 5.339}, {"path": "sq/34/dur/5.339", "duration": 5.339}, {"path": "sq/35/dur/5.338", "duration": 5.338}, {"path": "sq/36/dur/5.339", "duration": 5.339}, {"path": "sq/37/dur/5.339", "duration": 5.339}, {"path": "sq/38/dur/5.338", "duration": 5.338}, {"path": "sq/39/dur/5.339", "duration": 5.339}, {"path": "sq/40/dur/5.339", "duration": 5.339}, {"path": "sq/41/dur/5.338", "duration": 5.338}, {"path": "sq/42/dur/5.339", "duration": 5.339}, {"path": "sq/43/dur/5.339", "duration": 5.339}, {"path": "sq/44/dur/5.338", "duration": 5.338}, {"path": "sq/45/dur/5.339", "duration": 5.339}, {"path": "sq/46/dur/5.339", "duration": 5.339}, {"path": "sq/47/dur/5.338", "duration": 5.338}, {"path": "sq/48/dur/5.339", "duration": 5.339}, {"path": "sq/49/dur/5.339", "duration": 5.339}, {"path": "sq/50/dur/5.338", "duration": 5.338}, {"path": "sq/51/dur/5.339", "duration": 5.339}, {"path": "sq/52/dur/5.339", "duration": 5.339}, {"path": "sq/53/dur/5.338", "duration": 5.338}, {"path": "sq/54/dur/5.339", "duration": 5.339}, {"path": "sq/55/dur/5.339", "duration": 5.339}, {"path": "sq/56/dur/3.570", "duration": 3.57}], "protocol": "http_dash_segments", "format": "135 - 854x480 (DASH video)", "http_headers": {"User-Agent": "Mozilla/5.0 (Windows NT 10.0; Win64; x64) AppleWebKit/537.36 (KHTML, like Gecko) Chrome/74.0.3729.24 Safari/537.36", "Accept-Charset": "ISO-8859-1,utf-8;q=0.7,*;q=0.7", "Accept": "text/html,application/xhtml+xml,application/xml;q=0.9,*/*;q=0.8", "Accept-Encoding": "gzip, deflate", "Accept-Language": "en-us,en;q=0.5"}}, {"ext": "webm", "height": 720, "format_note": "DASH video", "vcodec": "vp9", "format_id": "247", "manifest_url": "https://manifest.googlevideo.com/api/manifest/dash/expire/1613497705/ei/CbErYN_cIpCMgAOzsJTYAw/ip/140.109.135.76/id/997fb1b37395853b/source/youtube/requiressl/yes/playback_host/r6---sn-5njj-u2xl.googlevideo.com/mh/90/mm/31%2C29/mn/sn-5njj-u2xl%2Csn-un57sn7s/ms/au%2Crdu/mv/m/mvi/6/pl/16/hfr/all/as/fmp4_audio_clear%2Cwebm_audio_clear%2Cwebm2_audio_clear%2Cfmp4_sd_hd_clear%2Cwebm2_sd_hd_clear/initcwndbps/1022500/vprv/1/mt/1613475655/fvip/6/keepalive/yes/beids/23886202/itag/0/sparams/expire%2Cei%2Cip%2Cid%2Csource%2Crequiressl%2Chfr%2Cas%2Cvprv%2Citag/sig/AOq0QJ8wRQIhAOv-FSAkNRdCFXoQsByzlkPoW2PFrR8cRgl-F9JPmERVAiBAYTdqg3hB9uGSAd0-X5Hjs4NzFG9IDj71qGKzHyteVQ%3D%3D/lsparams/playback_host%2Cmh%2Cmm%2Cmn%2Cms%2Cmv%2Cmvi%2Cpl%2Cinitcwndbps/lsig/AG3C_xAwRAIgK8o8Y7pN-uR4ZZUOSPK8Pgf997GwxSvNJA9LeXWjEeECIBv9toePeHqeePrpy0Inq4pnKErmthzaG595AT_sE6MJ", "width": 1280, "tbr": 1505.28, "asr": null, "fps": 30, "language": null, "filesize": null, "container": "webm_dash", "acodec": "none", "url": "https://manifest.googlevideo.com/api/manifest/dash/expire/1613497705/ei/CbErYN_cIpCMgAOzsJTYAw/ip/140.109.135.76/id/997fb1b37395853b/source/youtube/requiressl/yes/playback_host/r6---sn-5njj-u2xl.googlevideo.com/mh/90/mm/31%2C29/mn/sn-5njj-u2xl%2Csn-un57sn7s/ms/au%2Crdu/mv/m/mvi/6/pl/16/hfr/all/as/fmp4_audio_clear%2Cwebm_audio_clear%2Cwebm2_audio_clear%2Cfmp4_sd_hd_clear%2Cwebm2_sd_hd_clear/initcwndbps/1022500/vprv/1/mt/1613475655/fvip/6/keepalive/yes/beids/23886202/itag/0/sparams/expire%2Cei%2Cip%2Cid%2Csource%2Crequiressl%2Chfr%2Cas%2Cvprv%2Citag/sig/AOq0QJ8wRQIhAOv-FSAkNRdCFXoQsByzlkPoW2PFrR8cRgl-F9JPmERVAiBAYTdqg3hB9uGSAd0-X5Hjs4NzFG9IDj71qGKzHyteVQ%3D%3D/lsparams/playback_host%2Cmh%2Cmm%2Cmn%2Cms%2Cmv%2Cmvi%2Cpl%2Cinitcwndbps/lsig/AG3C_xAwRAIgK8o8Y7pN-uR4ZZUOSPK8Pgf997GwxSvNJA9LeXWjEeECIBv9toePeHqeePrpy0Inq4pnKErmthzaG595AT_sE6MJ", "fragment_base_url": "https://r6---sn-5njj-u2xl.googlevideo.com/videoplayback/expire/1613497705/ei/CbErYN_cIpCMgAOzsJTYAw/ip/140.109.135.76/id/997fb1b37395853b/itag/247/source/yt_otf/requiressl/yes/mh/90/mm/31,29/mn/sn-5njj-u2xl,sn-un57sn7s/ms/au,rdu/mv/m/mvi/6/pl/16/initcwndbps/1022500/vprv/1/ratebypass/yes/mime/video%2Fwebm/otfp/1/otf/1/lmt/1534753981581052/mt/1613475655/fvip/6/keepalive/yes/beids/23886202/sparams/expire,ei,ip,id,itag,source,requiressl,vprv,ratebypass,mime,otfp,otf,lmt/sig/AOq0QJ8wRAIgQ39TcQVMpMHHTBhH-Yod3EfqItxBwCjUONrVQSYp2ikCIBz5A9z24aanf14jo1v_Lud4pg0OR56rRjmEZnuIONfW/lsparams/mh,mm,mn,ms,mv,mvi,pl,initcwndbps/lsig/AG3C_xAwRQIgTGu2xWTl1LcD83FEfGgW4JgkASdsQQL6isq0gn9cfn8CIQD0nvifhZFtBxG1NQQW-ptSiE8u9Cn1LvkFshTF2NxhFg%3D%3D/", "fragments": [{"path": "sq/0"}, {"path": "sq/1/dur/5.339", "duration": 5.339}, {"path": "sq/2/dur/5.338", "duration": 5.338}, {"path": "sq/3/dur/5.339", "duration": 5.339}, {"path": "sq/4/dur/5.339", "duration": 5.339}, {"path": "sq/5/dur/5.338", "duration": 5.338}, {"path": "sq/6/dur/5.339", "duration": 5.339}, {"path": "sq/7/dur/5.339", "duration": 5.339}, {"path": "sq/8/dur/5.338", "duration": 5.338}, {"path": "sq/9/dur/5.339", "duration": 5.339}, {"path": "sq/10/dur/5.339", "duration": 5.339}, {"path": "sq/11/dur/5.338", "duration": 5.338}, {"path": "sq/12/dur/5.339", "duration": 5.339}, {"path": "sq/13/dur/5.339", "duration": 5.339}, {"path": "sq/14/dur/5.338", "duration": 5.338}, {"path": "sq/15/dur/5.339", "duration": 5.339}, {"path": "sq/16/dur/5.339", "duration": 5.339}, {"path": "sq/17/dur/5.338", "duration": 5.338}, {"path": "sq/18/dur/5.339", "duration": 5.339}, {"path": "sq/19/dur/5.339", "duration": 5.339}, {"path": "sq/20/dur/5.338", "duration": 5.338}, {"path": "sq/21/dur/5.339", "duration": 5.339}, {"path": "sq/22/dur/5.339", "duration": 5.339}, {"path": "sq/23/dur/5.338", "duration": 5.338}, {"path": "sq/24/dur/5.339", "duration": 5.339}, {"path": "sq/25/dur/5.339", "duration": 5.339}, {"path": "sq/26/dur/5.338", "duration": 5.338}, {"path": "sq/27/dur/5.339", "duration": 5.339}, {"path": "sq/28/dur/5.339", "duration": 5.339}, {"path": "sq/29/dur/5.338", "duration": 5.338}, {"path": "sq/30/dur/5.339", "duration": 5.339}, {"path": "sq/31/dur/5.339", "duration": 5.339}, {"path": "sq/32/dur/5.338", "duration": 5.338}, {"path": "sq/33/dur/5.339", "duration": 5.339}, {"path": "sq/34/dur/5.339", "duration": 5.339}, {"path": "sq/35/dur/5.338", "duration": 5.338}, {"path": "sq/36/dur/5.339", "duration": 5.339}, {"path": "sq/37/dur/5.339", "duration": 5.339}, {"path": "sq/38/dur/5.338", "duration": 5.338}, {"path": "sq/39/dur/5.339", "duration": 5.339}, {"path": "sq/40/dur/5.339", "duration": 5.339}, {"path": "sq/41/dur/5.338", "duration": 5.338}, {"path": "sq/42/dur/5.339", "duration": 5.339}, {"path": "sq/43/dur/5.339", "duration": 5.339}, {"path": "sq/44/dur/5.338", "duration": 5.338}, {"path": "sq/45/dur/5.339", "duration": 5.339}, {"path": "sq/46/dur/5.339", "duration": 5.339}, {"path": "sq/47/dur/5.338", "duration": 5.338}, {"path": "sq/48/dur/5.339", "duration": 5.339}, {"path": "sq/49/dur/5.339", "duration": 5.339}, {"path": "sq/50/dur/5.338", "duration": 5.338}, {"path": "sq/51/dur/5.339", "duration": 5.339}, {"path": "sq/52/dur/5.339", "duration": 5.339}, {"path": "sq/53/dur/5.338", "duration": 5.338}, {"path": "sq/54/dur/5.339", "duration": 5.339}, {"path": "sq/55/dur/5.339", "duration": 5.339}, {"path": "sq/56/dur/3.570", "duration": 3.57}], "protocol": "http_dash_segments", "format": "247 - 1280x720 (DASH video)", "http_headers": {"User-Agent": "Mozilla/5.0 (Windows NT 10.0; Win64; x64) AppleWebKit/537.36 (KHTML, like Gecko) Chrome/74.0.3729.24 Safari/537.36", "Accept-Charset": "ISO-8859-1,utf-8;q=0.7,*;q=0.7", "Accept": "text/html,application/xhtml+xml,application/xml;q=0.9,*/*;q=0.8", "Accept-Encoding": "gzip, deflate", "Accept-Language": "en-us,en;q=0.5"}}, {"ext": "mp4", "height": 720, "format_note": "DASH video", "vcodec": "avc1.4d4016", "format_id": "136", "manifest_url": "https://manifest.googlevideo.com/api/manifest/dash/expire/1613497705/ei/CbErYN_cIpCMgAOzsJTYAw/ip/140.109.135.76/id/997fb1b37395853b/source/youtube/requiressl/yes/playback_host/r6---sn-5njj-u2xl.googlevideo.com/mh/90/mm/31%2C29/mn/sn-5njj-u2xl%2Csn-un57sn7s/ms/au%2Crdu/mv/m/mvi/6/pl/16/hfr/all/as/fmp4_audio_clear%2Cwebm_audio_clear%2Cwebm2_audio_clear%2Cfmp4_sd_hd_clear%2Cwebm2_sd_hd_clear/initcwndbps/1022500/vprv/1/mt/1613475655/fvip/6/keepalive/yes/beids/23886202/itag/0/sparams/expire%2Cei%2Cip%2Cid%2Csource%2Crequiressl%2Chfr%2Cas%2Cvprv%2Citag/sig/AOq0QJ8wRQIhAOv-FSAkNRdCFXoQsByzlkPoW2PFrR8cRgl-F9JPmERVAiBAYTdqg3hB9uGSAd0-X5Hjs4NzFG9IDj71qGKzHyteVQ%3D%3D/lsparams/playback_host%2Cmh%2Cmm%2Cmn%2Cms%2Cmv%2Cmvi%2Cpl%2Cinitcwndbps/lsig/AG3C_xAwRAIgK8o8Y7pN-uR4ZZUOSPK8Pgf997GwxSvNJA9LeXWjEeECIBv9toePeHqeePrpy0Inq4pnKErmthzaG595AT_sE6MJ", "width": 1280, "tbr": 2310.0, "asr": null, "fps": 30, "language": null, "filesize": null, "container": "mp4_dash", "acodec": "none", "url": "https://manifest.googlevideo.com/api/manifest/dash/expire/1613497705/ei/CbErYN_cIpCMgAOzsJTYAw/ip/140.109.135.76/id/997fb1b37395853b/source/youtube/requiressl/yes/playback_host/r6---sn-5njj-u2xl.googlevideo.com/mh/90/mm/31%2C29/mn/sn-5njj-u2xl%2Csn-un57sn7s/ms/au%2Crdu/mv/m/mvi/6/pl/16/hfr/all/as/fmp4_audio_clear%2Cwebm_audio_clear%2Cwebm2_audio_clear%2Cfmp4_sd_hd_clear%2Cwebm2_sd_hd_clear/initcwndbps/1022500/vprv/1/mt/1613475655/fvip/6/keepalive/yes/beids/23886202/itag/0/sparams/expire%2Cei%2Cip%2Cid%2Csource%2Crequiressl%2Chfr%2Cas%2Cvprv%2Citag/sig/AOq0QJ8wRQIhAOv-FSAkNRdCFXoQsByzlkPoW2PFrR8cRgl-F9JPmERVAiBAYTdqg3hB9uGSAd0-X5Hjs4NzFG9IDj71qGKzHyteVQ%3D%3D/lsparams/playback_host%2Cmh%2Cmm%2Cmn%2Cms%2Cmv%2Cmvi%2Cpl%2Cinitcwndbps/lsig/AG3C_xAwRAIgK8o8Y7pN-uR4ZZUOSPK8Pgf997GwxSvNJA9LeXWjEeECIBv9toePeHqeePrpy0Inq4pnKErmthzaG595AT_sE6MJ", "fragment_base_url": "https://r6---sn-5njj-u2xl.googlevideo.com/videoplayback/expire/1613497705/ei/CbErYN_cIpCMgAOzsJTYAw/ip/140.109.135.76/id/997fb1b37395853b/itag/136/source/yt_otf/requiressl/yes/mh/90/mm/31,29/mn/sn-5njj-u2xl,sn-un57sn7s/ms/au,rdu/mv/m/mvi/6/pl/16/initcwndbps/1022500/vprv/1/ratebypass/yes/mime/video%2Fmp4/otfp/1/otf/1/lmt/1534753981581052/mt/1613475655/fvip/6/keepalive/yes/beids/23886202/sparams/expire,ei,ip,id,itag,source,requiressl,vprv,ratebypass,mime,otfp,otf,lmt/sig/AOq0QJ8wRgIhAKYNFGKgFNQVFnbw-Ak2Rj22UFhvTWE9AcjkduzxgvohAiEA-7uM7qTwcm2hzMJbE6LEK2Xnm0pX_Wt_uKxMegeXrGM%3D/lsparams/mh,mm,mn,ms,mv,mvi,pl,initcwndbps/lsig/AG3C_xAwRgIhAPoCaE0RvFRVnmKNhllk-rAGrW0NfrL8L7jJdTU0oVIHAiEAp-myY_1MvwYM8yyecMDi6MkWUQo_2a0pq7hW7coLimk%3D/", "fragments": [{"path": "sq/0"}, {"path": "sq/1/dur/5.339", "duration": 5.339}, {"path": "sq/2/dur/5.338", "duration": 5.338}, {"path": "sq/3/dur/5.339", "duration": 5.339}, {"path": "sq/4/dur/5.339", "duration": 5.339}, {"path": "sq/5/dur/5.338", "duration": 5.338}, {"path": "sq/6/dur/5.339", "duration": 5.339}, {"path": "sq/7/dur/5.339", "duration": 5.339}, {"path": "sq/8/dur/5.338", "duration": 5.338}, {"path": "sq/9/dur/5.339", "duration": 5.339}, {"path": "sq/10/dur/5.339", "duration": 5.339}, {"path": "sq/11/dur/5.338", "duration": 5.338}, {"path": "sq/12/dur/5.339", "duration": 5.339}, {"path": "sq/13/dur/5.339", "duration": 5.339}, {"path": "sq/14/dur/5.338", "duration": 5.338}, {"path": "sq/15/dur/5.339", "duration": 5.339}, {"path": "sq/16/dur/5.339", "duration": 5.339}, {"path": "sq/17/dur/5.338", "duration": 5.338}, {"path": "sq/18/dur/5.339", "duration": 5.339}, {"path": "sq/19/dur/5.339", "duration": 5.339}, {"path": "sq/20/dur/5.338", "duration": 5.338}, {"path": "sq/21/dur/5.339", "duration": 5.339}, {"path": "sq/22/dur/5.339", "duration": 5.339}, {"path": "sq/23/dur/5.338", "duration": 5.338}, {"path": "sq/24/dur/5.339", "duration": 5.339}, {"path": "sq/25/dur/5.339", "duration": 5.339}, {"path": "sq/26/dur/5.338", "duration": 5.338}, {"path": "sq/27/dur/5.339", "duration": 5.339}, {"path": "sq/28/dur/5.339", "duration": 5.339}, {"path": "sq/29/dur/5.338", "duration": 5.338}, {"path": "sq/30/dur/5.339", "duration": 5.339}, {"path": "sq/31/dur/5.339", "duration": 5.339}, {"path": "sq/32/dur/5.338", "duration": 5.338}, {"path": "sq/33/dur/5.339", "duration": 5.339}, {"path": "sq/34/dur/5.339", "duration": 5.339}, {"path": "sq/35/dur/5.338", "duration": 5.338}, {"path": "sq/36/dur/5.339", "duration": 5.339}, {"path": "sq/37/dur/5.339", "duration": 5.339}, {"path": "sq/38/dur/5.338", "duration": 5.338}, {"path": "sq/39/dur/5.339", "duration": 5.339}, {"path": "sq/40/dur/5.339", "duration": 5.339}, {"path": "sq/41/dur/5.338", "duration": 5.338}, {"path": "sq/42/dur/5.339", "duration": 5.339}, {"path": "sq/43/dur/5.339", "duration": 5.339}, {"path": "sq/44/dur/5.338", "duration": 5.338}, {"path": "sq/45/dur/5.339", "duration": 5.339}, {"path": "sq/46/dur/5.339", "duration": 5.339}, {"path": "sq/47/dur/5.338", "duration": 5.338}, {"path": "sq/48/dur/5.339", "duration": 5.339}, {"path": "sq/49/dur/5.339", "duration": 5.339}, {"path": "sq/50/dur/5.338", "duration": 5.338}, {"path": "sq/51/dur/5.339", "duration": 5.339}, {"path": "sq/52/dur/5.339", "duration": 5.339}, {"path": "sq/53/dur/5.338", "duration": 5.338}, {"path": "sq/54/dur/5.339", "duration": 5.339}, {"path": "sq/55/dur/5.339", "duration": 5.339}, {"path": "sq/56/dur/3.570", "duration": 3.57}], "protocol": "http_dash_segments", "format": "136 - 1280x720 (DASH video)", "http_headers": {"User-Agent": "Mozilla/5.0 (Windows NT 10.0; Win64; x64) AppleWebKit/537.36 (KHTML, like Gecko) Chrome/74.0.3729.24 Safari/537.36", "Accept-Charset": "ISO-8859-1,utf-8;q=0.7,*;q=0.7", "Accept": "text/html,application/xhtml+xml,application/xml;q=0.9,*/*;q=0.8", "Accept-Encoding": "gzip, deflate", "Accept-Language": "en-us,en;q=0.5"}}, {"ext": "webm", "height": 1080, "format_note": "DASH video", "vcodec": "vp9", "format_id": "248", "manifest_url": "https://manifest.googlevideo.com/api/manifest/dash/expire/1613497705/ei/CbErYN_cIpCMgAOzsJTYAw/ip/140.109.135.76/id/997fb1b37395853b/source/youtube/requiressl/yes/playback_host/r6---sn-5njj-u2xl.googlevideo.com/mh/90/mm/31%2C29/mn/sn-5njj-u2xl%2Csn-un57sn7s/ms/au%2Crdu/mv/m/mvi/6/pl/16/hfr/all/as/fmp4_audio_clear%2Cwebm_audio_clear%2Cwebm2_audio_clear%2Cfmp4_sd_hd_clear%2Cwebm2_sd_hd_clear/initcwndbps/1022500/vprv/1/mt/1613475655/fvip/6/keepalive/yes/beids/23886202/itag/0/sparams/expire%2Cei%2Cip%2Cid%2Csource%2Crequiressl%2Chfr%2Cas%2Cvprv%2Citag/sig/AOq0QJ8wRQIhAOv-FSAkNRdCFXoQsByzlkPoW2PFrR8cRgl-F9JPmERVAiBAYTdqg3hB9uGSAd0-X5Hjs4NzFG9IDj71qGKzHyteVQ%3D%3D/lsparams/playback_host%2Cmh%2Cmm%2Cmn%2Cms%2Cmv%2Cmvi%2Cpl%2Cinitcwndbps/lsig/AG3C_xAwRAIgK8o8Y7pN-uR4ZZUOSPK8Pgf997GwxSvNJA9LeXWjEeECIBv9toePeHqeePrpy0Inq4pnKErmthzaG595AT_sE6MJ", "width": 1920, "tbr": 2646.0, "asr": null, "fps": 30, "language": null, "filesize": null, "container": "webm_dash", "acodec": "none", "url": "https://manifest.googlevideo.com/api/manifest/dash/expire/1613497705/ei/CbErYN_cIpCMgAOzsJTYAw/ip/140.109.135.76/id/997fb1b37395853b/source/youtube/requiressl/yes/playback_host/r6---sn-5njj-u2xl.googlevideo.com/mh/90/mm/31%2C29/mn/sn-5njj-u2xl%2Csn-un57sn7s/ms/au%2Crdu/mv/m/mvi/6/pl/16/hfr/all/as/fmp4_audio_clear%2Cwebm_audio_clear%2Cwebm2_audio_clear%2Cfmp4_sd_hd_clear%2Cwebm2_sd_hd_clear/initcwndbps/1022500/vprv/1/mt/1613475655/fvip/6/keepalive/yes/beids/23886202/itag/0/sparams/expire%2Cei%2Cip%2Cid%2Csource%2Crequiressl%2Chfr%2Cas%2Cvprv%2Citag/sig/AOq0QJ8wRQIhAOv-FSAkNRdCFXoQsByzlkPoW2PFrR8cRgl-F9JPmERVAiBAYTdqg3hB9uGSAd0-X5Hjs4NzFG9IDj71qGKzHyteVQ%3D%3D/lsparams/playback_host%2Cmh%2Cmm%2Cmn%2Cms%2Cmv%2Cmvi%2Cpl%2Cinitcwndbps/lsig/AG3C_xAwRAIgK8o8Y7pN-uR4ZZUOSPK8Pgf997GwxSvNJA9LeXWjEeECIBv9toePeHqeePrpy0Inq4pnKErmthzaG595AT_sE6MJ", "fragment_base_url": "https://r6---sn-5njj-u2xl.googlevideo.com/videoplayback/expire/1613497705/ei/CbErYN_cIpCMgAOzsJTYAw/ip/140.109.135.76/id/997fb1b37395853b/itag/248/source/yt_otf/requiressl/yes/mh/90/mm/31,29/mn/sn-5njj-u2xl,sn-un57sn7s/ms/au,rdu/mv/m/mvi/6/pl/16/initcwndbps/1022500/vprv/1/ratebypass/yes/mime/video%2Fwebm/otfp/1/otf/1/lmt/1534753981581052/mt/1613475655/fvip/6/keepalive/yes/beids/23886202/sparams/expire,ei,ip,id,itag,source,requiressl,vprv,ratebypass,mime,otfp,otf,lmt/sig/AOq0QJ8wRAIgPYYq4ny_OmzPDlAUk4lbUCTTlZQTTrpGsRgqkydfMLACIH2qWaibpwVJ2SyzjD9XfAFmyJyuJ6ftsWHePZH70DI8/lsparams/mh,mm,mn,ms,mv,mvi,pl,initcwndbps/lsig/AG3C_xAwRAIgP7iY79j93btupL3h8WxvM3p8i6E885e4EG66pIEBYKYCIG9nPcnThguXDDPdt8EF7V337yjsezRAgpBpFQBlJxEi/", "fragments": [{"path": "sq/0"}, {"path": "sq/1/dur/5.339", "duration": 5.339}, {"path": "sq/2/dur/5.338", "duration": 5.338}, {"path": "sq/3/dur/5.339", "duration": 5.339}, {"path": "sq/4/dur/5.339", "duration": 5.339}, {"path": "sq/5/dur/5.338", "duration": 5.338}, {"path": "sq/6/dur/5.339", "duration": 5.339}, {"path": "sq/7/dur/5.339", "duration": 5.339}, {"path": "sq/8/dur/5.338", "duration": 5.338}, {"path": "sq/9/dur/5.339", "duration": 5.339}, {"path": "sq/10/dur/5.339", "duration": 5.339}, {"path": "sq/11/dur/5.338", "duration": 5.338}, {"path": "sq/12/dur/5.339", "duration": 5.339}, {"path": "sq/13/dur/5.339", "duration": 5.339}, {"path": "sq/14/dur/5.338", "duration": 5.338}, {"path": "sq/15/dur/5.339", "duration": 5.339}, {"path": "sq/16/dur/5.339", "duration": 5.339}, {"path": "sq/17/dur/5.338", "duration": 5.338}, {"path": "sq/18/dur/5.339", "duration": 5.339}, {"path": "sq/19/dur/5.339", "duration": 5.339}, {"path": "sq/20/dur/5.338", "duration": 5.338}, {"path": "sq/21/dur/5.339", "duration": 5.339}, {"path": "sq/22/dur/5.339", "duration": 5.339}, {"path": "sq/23/dur/5.338", "duration": 5.338}, {"path": "sq/24/dur/5.339", "duration": 5.339}, {"path": "sq/25/dur/5.339", "duration": 5.339}, {"path": "sq/26/dur/5.338", "duration": 5.338}, {"path": "sq/27/dur/5.339", "duration": 5.339}, {"path": "sq/28/dur/5.339", "duration": 5.339}, {"path": "sq/29/dur/5.338", "duration": 5.338}, {"path": "sq/30/dur/5.339", "duration": 5.339}, {"path": "sq/31/dur/5.339", "duration": 5.339}, {"path": "sq/32/dur/5.338", "duration": 5.338}, {"path": "sq/33/dur/5.339", "duration": 5.339}, {"path": "sq/34/dur/5.339", "duration": 5.339}, {"path": "sq/35/dur/5.338", "duration": 5.338}, {"path": "sq/36/dur/5.339", "duration": 5.339}, {"path": "sq/37/dur/5.339", "duration": 5.339}, {"path": "sq/38/dur/5.338", "duration": 5.338}, {"path": "sq/39/dur/5.339", "duration": 5.339}, {"path": "sq/40/dur/5.339", "duration": 5.339}, {"path": "sq/41/dur/5.338", "duration": 5.338}, {"path": "sq/42/dur/5.339", "duration": 5.339}, {"path": "sq/43/dur/5.339", "duration": 5.339}, {"path": "sq/44/dur/5.338", "duration": 5.338}, {"path": "sq/45/dur/5.339", "duration": 5.339}, {"path": "sq/46/dur/5.339", "duration": 5.339}, {"path": "sq/47/dur/5.338", "duration": 5.338}, {"path": "sq/48/dur/5.339", "duration": 5.339}, {"path": "sq/49/dur/5.339", "duration": 5.339}, {"path": "sq/50/dur/5.338", "duration": 5.338}, {"path": "sq/51/dur/5.339", "duration": 5.339}, {"path": "sq/52/dur/5.339", "duration": 5.339}, {"path": "sq/53/dur/5.338", "duration": 5.338}, {"path": "sq/54/dur/5.339", "duration": 5.339}, {"path": "sq/55/dur/5.339", "duration": 5.339}, {"path": "sq/56/dur/3.570", "duration": 3.57}], "protocol": "http_dash_segments", "format": "248 - 1920x1080 (DASH video)", "http_headers": {"User-Agent": "Mozilla/5.0 (Windows NT 10.0; Win64; x64) AppleWebKit/537.36 (KHTML, like Gecko) Chrome/74.0.3729.24 Safari/537.36", "Accept-Charset": "ISO-8859-1,utf-8;q=0.7,*;q=0.7", "Accept": "text/html,application/xhtml+xml,application/xml;q=0.9,*/*;q=0.8", "Accept-Encoding": "gzip, deflate", "Accept-Language": "en-us,en;q=0.5"}}, {"ext": "mp4", "height": 1080, "format_note": "DASH video", "vcodec": "avc1.640028", "format_id": "137", "manifest_url": "https://manifest.googlevideo.com/api/manifest/dash/expire/1613497705/ei/CbErYN_cIpCMgAOzsJTYAw/ip/140.109.135.76/id/997fb1b37395853b/source/youtube/requiressl/yes/playback_host/r6---sn-5njj-u2xl.googlevideo.com/mh/90/mm/31%2C29/mn/sn-5njj-u2xl%2Csn-un57sn7s/ms/au%2Crdu/mv/m/mvi/6/pl/16/hfr/all/as/fmp4_audio_clear%2Cwebm_audio_clear%2Cwebm2_audio_clear%2Cfmp4_sd_hd_clear%2Cwebm2_sd_hd_clear/initcwndbps/1022500/vprv/1/mt/1613475655/fvip/6/keepalive/yes/beids/23886202/itag/0/sparams/expire%2Cei%2Cip%2Cid%2Csource%2Crequiressl%2Chfr%2Cas%2Cvprv%2Citag/sig/AOq0QJ8wRQIhAOv-FSAkNRdCFXoQsByzlkPoW2PFrR8cRgl-F9JPmERVAiBAYTdqg3hB9uGSAd0-X5Hjs4NzFG9IDj71qGKzHyteVQ%3D%3D/lsparams/playback_host%2Cmh%2Cmm%2Cmn%2Cms%2Cmv%2Cmvi%2Cpl%2Cinitcwndbps/lsig/AG3C_xAwRAIgK8o8Y7pN-uR4ZZUOSPK8Pgf997GwxSvNJA9LeXWjEeECIBv9toePeHqeePrpy0Inq4pnKErmthzaG595AT_sE6MJ", "width": 1920, "tbr": 3075.627, "asr": null, "fps": 30, "language": null, "filesize": null, "container": "mp4_dash", "acodec": "none", "url": "https://manifest.googlevideo.com/api/manifest/dash/expire/1613497705/ei/CbErYN_cIpCMgAOzsJTYAw/ip/140.109.135.76/id/997fb1b37395853b/source/youtube/requiressl/yes/playback_host/r6---sn-5njj-u2xl.googlevideo.com/mh/90/mm/31%2C29/mn/sn-5njj-u2xl%2Csn-un57sn7s/ms/au%2Crdu/mv/m/mvi/6/pl/16/hfr/all/as/fmp4_audio_clear%2Cwebm_audio_clear%2Cwebm2_audio_clear%2Cfmp4_sd_hd_clear%2Cwebm2_sd_hd_clear/initcwndbps/1022500/vprv/1/mt/1613475655/fvip/6/keepalive/yes/beids/23886202/itag/0/sparams/expire%2Cei%2Cip%2Cid%2Csource%2Crequiressl%2Chfr%2Cas%2Cvprv%2Citag/sig/AOq0QJ8wRQIhAOv-FSAkNRdCFXoQsByzlkPoW2PFrR8cRgl-F9JPmERVAiBAYTdqg3hB9uGSAd0-X5Hjs4NzFG9IDj71qGKzHyteVQ%3D%3D/lsparams/playback_host%2Cmh%2Cmm%2Cmn%2Cms%2Cmv%2Cmvi%2Cpl%2Cinitcwndbps/lsig/AG3C_xAwRAIgK8o8Y7pN-uR4ZZUOSPK8Pgf997GwxSvNJA9LeXWjEeECIBv9toePeHqeePrpy0Inq4pnKErmthzaG595AT_sE6MJ", "fragment_base_url": "https://r6---sn-5njj-u2xl.googlevideo.com/videoplayback/expire/1613497705/ei/CbErYN_cIpCMgAOzsJTYAw/ip/140.109.135.76/id/997fb1b37395853b/itag/137/source/youtube/requiressl/yes/mh/90/mm/31,29/mn/sn-5njj-u2xl,sn-un57sn7s/ms/au,rdu/mv/m/mvi/6/pl/16/initcwndbps/1022500/vprv/1/ratebypass/yes/mime/video%2Fmp4/otfp/1/gir/yes/clen/94197566/lmt/1534753981581052/dur/297.196/mt/1613475655/fvip/6/keepalive/yes/beids/23886202/sparams/expire,ei,ip,id,itag,source,requiressl,vprv,ratebypass,mime,otfp,gir,clen,lmt,dur/sig/AOq0QJ8wRQIhAKOdF1QBBfTGJWmxB5Lewf8Lo54IZNgKwE1XesdnPuV1AiACD-n5pBzk7yNt9_vFNixOXlMkW2bch9oxOUzAup7hJQ%3D%3D/lsparams/mh,mm,mn,ms,mv,mvi,pl,initcwndbps/lsig/AG3C_xAwRQIgRHP4hjwJjKBFshuCZIOARtrYG9wBLd4zp1fnyw5zn_ECIQCVcI4aLRuT_NtLHDfB48-UTqvH_9OuvTht99Llli-fow%3D%3D/", "fragments": [{"path": "range/0-713"}, {"path": "range/1418-743649", "duration": 5.339}, {"path": "range/743650-1491221", "duration": 5.338}, {"path": "range/1491222-2381655", "duration": 5.339}, {"path": "range/2381656-3389426", "duration": 5.339}, {"path": "range/3389427-4504940", "duration": 5.338}, {"path": "range/4504941-5754284", "duration": 5.339}, {"path": "range/5754285-7088297", "duration": 5.339}, {"path": "range/7088298-8522724", "duration": 5.338}, {"path": "range/8522725-10068304", "duration": 5.339}, {"path": "range/10068305-11682735", "duration": 5.339}, {"path": "range/11682736-13402648", "duration": 5.338}, {"path": "range/13402649-15247337", "duration": 5.339}, {"path": "range/15247338-17132886", "duration": 5.339}, {"path": "range/17132887-19104118", "duration": 5.338}, {"path": "range/19104119-21127528", "duration": 5.339}, {"path": "range/21127529-23122538", "duration": 5.339}, {"path": "range/23122539-25124616", "duration": 5.338}, {"path": "range/25124617-27157608", "duration": 5.339}, {"path": "range/27157609-29151740", "duration": 5.339}, {"path": "range/29151741-31163131", "duration": 5.338}, {"path": "range/31163132-33196292", "duration": 5.339}, {"path": "range/33196293-35199062", "duration": 5.339}, {"path": "range/35199063-37221752", "duration": 5.338}, {"path": "range/37221753-39252922", "duration": 5.339}, {"path": "range/39252923-41247416", "duration": 5.339}, {"path": "range/41247417-43269855", "duration": 5.338}, {"path": "range/43269856-45313692", "duration": 5.339}, {"path": "range/45313693-47319244", "duration": 5.339}, {"path": "range/47319245-49332733", "duration": 5.338}, {"path": "range/49332734-51379299", "duration": 5.339}, {"path": "range/51379300-53380731", "duration": 5.339}, {"path": "range/53380732-55410778", "duration": 5.338}, {"path": "range/55410779-57456983", "duration": 5.339}, {"path": "range/57456984-59459482", "duration": 5.339}, {"path": "range/59459483-61483917", "duration": 5.338}, {"path": "range/61483918-63531184", "duration": 5.339}, {"path": "range/63531185-65541050", "duration": 5.339}, {"path": "range/65541051-67565112", "duration": 5.338}, {"path": "range/67565113-69617709", "duration": 5.339}, {"path": "range/69617710-71623824", "duration": 5.339}, {"path": "range/71623825-73647341", "duration": 5.338}, {"path": "range/73647342-75685545", "duration": 5.339}, {"path": "range/75685546-77634057", "duration": 5.339}, {"path": "range/77634058-79513663", "duration": 5.338}, {"path": "range/79513664-81327219", "duration": 5.339}, {"path": "range/81327220-83017419", "duration": 5.339}, {"path": "range/83017420-84619468", "duration": 5.338}, {"path": "range/84619469-86153083", "duration": 5.339}, {"path": "range/86153084-87550881", "duration": 5.339}, {"path": "range/87550882-88855562", "duration": 5.338}, {"path": "range/88855563-90062995", "duration": 5.339}, {"path": "range/90062996-91141740", "duration": 5.339}, {"path": "range/91141741-92109213", "duration": 5.338}, {"path": "range/92109214-92955635", "duration": 5.339}, {"path": "range/92955636-93666584", "duration": 5.339}, {"path": "range/93666585-94197565", "duration": 3.57}], "protocol": "http_dash_segments", "format": "137 - 1920x1080 (DASH video)", "http_headers": {"User-Agent": "Mozilla/5.0 (Windows NT 10.0; Win64; x64) AppleWebKit/537.36 (KHTML, like Gecko) Chrome/74.0.3729.24 Safari/537.36", "Accept-Charset": "ISO-8859-1,utf-8;q=0.7,*;q=0.7", "Accept": "text/html,application/xhtml+xml,application/xml;q=0.9,*/*;q=0.8", "Accept-Encoding": "gzip, deflate", "Accept-Language": "en-us,en;q=0.5"}}, {"format_id": "18", "url": "https://r6---sn-5njj-u2xl.googlevideo.com/videoplayback?expire=1613497705&ei=CbErYN_cIpCMgAOzsJTYAw&ip=140.109.135.76&id=o-AMLhHhKtDqSTT0pyyiAusgoElDl7_vp3xx9UZeCZWyzc&itag=18&source=youtube&requiressl=yes&mh=90&mm=31%2C29&mn=sn-5njj-u2xl%2Csn-un57sn7s&ms=au%2Crdu&mv=m&mvi=6&pl=16&initcwndbps=1022500&vprv=1&mime=video%2Fmp4&ns=NOhHXFH9NvZgYZtESVPLdxUF&gir=yes&clen=23873524&ratebypass=yes&dur=297.261&lmt=1534753971101221&mt=1613475655&fvip=6&beids=23886202&c=WEB&n=n1Z9lUtTbYetGOhqAT&sparams=expire%2Cei%2Cip%2Cid%2Citag%2Csource%2Crequiressl%2Cvprv%2Cmime%2Cns%2Cgir%2Cclen%2Cratebypass%2Cdur%2Clmt&sig=AOq0QJ8wRgIhALw23ncAz43pycXJMpqaLIx2MH56zG9yU2x4HFGgbe1cAiEAnK5lAla2p9OQn5GPtaVaboFxiCaLOku0n_-e9H-mQOA%3D&lsparams=mh%2Cmm%2Cmn%2Cms%2Cmv%2Cmvi%2Cpl%2Cinitcwndbps&lsig=AG3C_xAwRgIhAMxNk_6W3hoqrqAEx1NXJm9Fo7E_hc7kSPzGcaiTYnESAiEAwg60yUCGXz3pzUNFlFJWfyEQ2lbM6DjmRCnGgtO0fpQ%3D", "player_url": null, "ext": "mp4", "width": 640, "height": 360, "acodec": "mp4a.40.2", "abr": 96, "vcodec": "avc1.42001E", "asr": 44100, "filesize": 23873524, "format_note": "360p", "fps": 30, "tbr": 642.631, "format": "18 - 640x360 (360p)", "protocol": "https", "http_headers": {"User-Agent": "Mozilla/5.0 (Windows NT 10.0; Win64; x64) AppleWebKit/537.36 (KHTML, like Gecko) Chrome/74.0.3729.24 Safari/537.36", "Accept-Charset": "ISO-8859-1,utf-8;q=0.7,*;q=0.7", "Accept": "text/html,application/xhtml+xml,application/xml;q=0.9,*/*;q=0.8", "Accept-Encoding": "gzip, deflate", "Accept-Language": "en-us,en;q=0.5"}}, {"format_id": "22", "url": "https://r6---sn-5njj-u2xl.googlevideo.com/videoplayback?expire=1613497705&ei=CbErYN_cIpCMgAOzsJTYAw&ip=140.109.135.76&id=o-AMLhHhKtDqSTT0pyyiAusgoElDl7_vp3xx9UZeCZWyzc&itag=22&source=youtube&requiressl=yes&mh=90&mm=31%2C29&mn=sn-5njj-u2xl%2Csn-un57sn7s&ms=au%2Crdu&mv=m&mvi=6&pl=16&initcwndbps=1022500&vprv=1&mime=video%2Fmp4&ns=NOhHXFH9NvZgYZtESVPLdxUF&ratebypass=yes&dur=297.261&lmt=1534754055090254&mt=1613475655&fvip=6&beids=23886202&c=WEB&n=n1Z9lUtTbYetGOhqAT&sparams=expire%2Cei%2Cip%2Cid%2Citag%2Csource%2Crequiressl%2Cvprv%2Cmime%2Cns%2Cratebypass%2Cdur%2Clmt&sig=AOq0QJ8wRgIhALyXbBK53mvkaUO6nHwIVTLLgsonhOkYknPhoLCt8zANAiEA5IqaULNXqAuq6sTQ_BeuuTSFpS9yVms3t7Tu95U4TZk%3D&lsparams=mh%2Cmm%2Cmn%2Cms%2Cmv%2Cmvi%2Cpl%2Cinitcwndbps&lsig=AG3C_xAwRgIhAMxNk_6W3hoqrqAEx1NXJm9Fo7E_hc7kSPzGcaiTYnESAiEAwg60yUCGXz3pzUNFlFJWfyEQ2lbM6DjmRCnGgtO0fpQ%3D", "player_url": null, "ext": "mp4", "width": 1280, "height": 720, "acodec": "mp4a.40.2", "abr": 192, "vcodec": "avc1.64001F", "asr": 44100, "filesize": null, "format_note": "720p", "fps": 30, "tbr": 2972.435, "format": "22 - 1280x720 (720p)", "protocol": "https", "http_headers": {"User-Agent": "Mozilla/5.0 (Windows NT 10.0; Win64; x64) AppleWebKit/537.36 (KHTML, like Gecko) Chrome/74.0.3729.24 Safari/537.36", "Accept-Charset": "ISO-8859-1,utf-8;q=0.7,*;q=0.7", "Accept": "text/html,application/xhtml+xml,application/xml;q=0.9,*/*;q=0.8", "Accept-Encoding": "gzip, deflate", "Accept-Language": "en-us,en;q=0.5"}}], "is_live": null, "start_time": null, "end_time": null, "series": null, "season_number": null, "episode_number": null, "track": null, "artist": null, "album": null, "release_date": null, "release_year": null, "extractor": "youtube", "webpage_url_basename": "watch", "extractor_key": "Youtube", "playlist": null, "playlist_index": null, "thumbnail": "https://i.ytimg.com/vi_webp/mX-xs3OVhTs/maxresdefault.webp", "display_id": "mX-xs3OVhTs", "requested_subtitles": null, "ext": "webm", "format_note": "DASH audio", "acodec": "opus", "abr": 160, "format_id": "251", "manifest_url": "https://manifest.googlevideo.com/api/manifest/dash/expire/1613497705/ei/CbErYN_cIpCMgAOzsJTYAw/ip/140.109.135.76/id/997fb1b37395853b/source/youtube/requiressl/yes/playback_host/r6---sn-5njj-u2xl.googlevideo.com/mh/90/mm/31%2C29/mn/sn-5njj-u2xl%2Csn-un57sn7s/ms/au%2Crdu/mv/m/mvi/6/pl/16/hfr/all/as/fmp4_audio_clear%2Cwebm_audio_clear%2Cwebm2_audio_clear%2Cfmp4_sd_hd_clear%2Cwebm2_sd_hd_clear/initcwndbps/1022500/vprv/1/mt/1613475655/fvip/6/keepalive/yes/beids/23886202/itag/0/sparams/expire%2Cei%2Cip%2Cid%2Csource%2Crequiressl%2Chfr%2Cas%2Cvprv%2Citag/sig/AOq0QJ8wRQIhAOv-FSAkNRdCFXoQsByzlkPoW2PFrR8cRgl-F9JPmERVAiBAYTdqg3hB9uGSAd0-X5Hjs4NzFG9IDj71qGKzHyteVQ%3D%3D/lsparams/playback_host%2Cmh%2Cmm%2Cmn%2Cms%2Cmv%2Cmvi%2Cpl%2Cinitcwndbps/lsig/AG3C_xAwRAIgK8o8Y7pN-uR4ZZUOSPK8Pgf997GwxSvNJA9LeXWjEeECIBv9toePeHqeePrpy0Inq4pnKErmthzaG595AT_sE6MJ", "width": null, "height": null, "tbr": 171.272, "asr": 48000, "fps": null, "language": null, "filesize": null, "container": "webm_dash", "vcodec": "none", "url": "https://manifest.googlevideo.com/api/manifest/dash/expire/1613497705/ei/CbErYN_cIpCMgAOzsJTYAw/ip/140.109.135.76/id/997fb1b37395853b/source/youtube/requiressl/yes/playback_host/r6---sn-5njj-u2xl.googlevideo.com/mh/90/mm/31%2C29/mn/sn-5njj-u2xl%2Csn-un57sn7s/ms/au%2Crdu/mv/m/mvi/6/pl/16/hfr/all/as/fmp4_audio_clear%2Cwebm_audio_clear%2Cwebm2_audio_clear%2Cfmp4_sd_hd_clear%2Cwebm2_sd_hd_clear/initcwndbps/1022500/vprv/1/mt/1613475655/fvip/6/keepalive/yes/beids/23886202/itag/0/sparams/expire%2Cei%2Cip%2Cid%2Csource%2Crequiressl%2Chfr%2Cas%2Cvprv%2Citag/sig/AOq0QJ8wRQIhAOv-FSAkNRdCFXoQsByzlkPoW2PFrR8cRgl-F9JPmERVAiBAYTdqg3hB9uGSAd0-X5Hjs4NzFG9IDj71qGKzHyteVQ%3D%3D/lsparams/playback_host%2Cmh%2Cmm%2Cmn%2Cms%2Cmv%2Cmvi%2Cpl%2Cinitcwndbps/lsig/AG3C_xAwRAIgK8o8Y7pN-uR4ZZUOSPK8Pgf997GwxSvNJA9LeXWjEeECIBv9toePeHqeePrpy0Inq4pnKErmthzaG595AT_sE6MJ", "fragment_base_url": "https://r6---sn-5njj-u2xl.googlevideo.com/videoplayback/expire/1613497705/ei/CbErYN_cIpCMgAOzsJTYAw/ip/140.109.135.76/id/997fb1b37395853b/itag/251/source/youtube/requiressl/yes/mh/90/mm/31,29/mn/sn-5njj-u2xl,sn-un57sn7s/ms/au,rdu/mv/m/mvi/6/pl/16/initcwndbps/1022500/vprv/1/ratebypass/yes/mime/audio%2Fwebm/otfp/1/gir/yes/clen/5890765/lmt/1565008005518920/dur/297.281/mt/1613475655/fvip/6/keepalive/yes/beids/23886202/sparams/expire,ei,ip,id,itag,source,requiressl,vprv,ratebypass,mime,otfp,gir,clen,lmt,dur/sig/AOq0QJ8wRgIhAOSHsfEz5asanfJDoNmul3XqTuH1G06pJnPI_2A8k17CAiEAy8xm8TwOrEsB6oFrKSO4WD3cKFLGA1XO42P6ogGVAeY%3D/lsparams/mh,mm,mn,ms,mv,mvi,pl,initcwndbps/lsig/AG3C_xAwRQIhAI0Jx6V2sCsP2xb1DlsaMqrBsDLT8Fazqzlpf2V2yyCkAiBFTlRBMy2mRC0IoIvcdnRngHAgdNsXKKIMhTha5HEHcA%3D%3D/", "fragments": [{"path": "range/0-258"}, {"path": "range/766-170516", "duration": 10.001}, {"path": "range/170517-371289", "duration": 10.0}, {"path": "range/371290-575473", "duration": 10.0}, {"path": "range/575474-773054", "duration": 10.0}, {"path": "range/773055-974086", "duration": 10.0}, {"path": "range/974087-1184474", "duration": 10.0}, {"path": "range/1184475-1396842", "duration": 10.0}, {"path": "range/1396843-1604256", "duration": 10.0}, {"path": "range/1604257-1802419", "duration": 10.0}, {"path": "range/1802420-1987265", "duration": 10.0}, {"path": "range/1987266-2175605", "duration": 10.0}, {"path": "range/2175606-2372672", "duration": 10.0}, {"path": "range/2372673-2575657", "duration": 10.0}, {"path": "range/2575658-2779943", "duration": 10.0}, {"path": "range/2779944-2980521", "duration": 10.0}, {"path": "range/2980522-3183829", "duration": 10.0}, {"path": "range/3183830-3383061", "duration": 10.0}, {"path": "range/3383062-3597152", "duration": 10.0}, {"path": "range/3597153-3800678", "duration": 10.0}, {"path": "range/3800679-4001356", "duration": 10.0}, {"path": "range/4001357-4197673", "duration": 10.0}, {"path": "range/4197674-4391313", "duration": 10.0}, {"path": "range/4391314-4584554", "duration": 10.0}, {"path": "range/4584555-4782558", "duration": 10.0}, {"path": "range/4782559-4978164", "duration": 10.0}, {"path": "range/4978165-5174162", "duration": 10.0}, {"path": "range/5174163-5363238", "duration": 10.0}, {"path": "range/5363239-5559288", "duration": 10.0}, {"path": "range/5559289-5759897", "duration": 10.0}, {"path": "range/5759898-5890764", "duration": 7.28}], "protocol": "http_dash_segments", "format": "251 - audio only (DASH audio)", "http_headers": {"User-Agent": "Mozilla/5.0 (Windows NT 10.0; Win64; x64) AppleWebKit/537.36 (KHTML, like Gecko) Chrome/74.0.3729.24 Safari/537.36", "Accept-Charset": "ISO-8859-1,utf-8;q=0.7,*;q=0.7", "Accept": "text/html,application/xhtml+xml,application/xml;q=0.9,*/*;q=0.8", "Accept-Encoding": "gzip, deflate", "Accept-Language": "en-us,en;q=0.5"}}