{"id": "nd84XDsAX14", "uploader": "Yudan730 \u9b5a\u86cb\u6751\u92fc\u7434\u983b\u9053", "uploader_id": "yudan730", "uploader_url": "http://www.youtube.com/user/yudan730", "channel_id": "UCSwXQEe1RO4pdURFpYw--cg", "channel_url": "http://www.youtube.com/channel/UCSwXQEe1RO4pdURFpYw--cg", "upload_date": "20200326", "license": null, "creator": null, "title": "\u52d5\u756b\u3010\u767e\u8b8a\u5c0f\u6afbMagic\u54ad\u3011\u7cb5\u8a9e\u7248\u4e3b\u984c\u66f2 (\u4e3b\u5531: \u66fe\u5609\u8389 )", "alt_title": null, "thumbnails": [{"url": "https://i.ytimg.com/vi/nd84XDsAX14/hqdefault.jpg?sqp=-oaymwEbCKgBEF5IVfKriqkDDggBFQAAiEIYAXABwAEG&rs=AOn4CLBeX30OxU3uj8O5wesTM9lQXgVH0A", "width": 168, "height": 94, "resolution": "168x94", "id": "0"}, {"url": "https://i.ytimg.com/vi/nd84XDsAX14/hqdefault.jpg?sqp=-oaymwEbCMQBEG5IVfKriqkDDggBFQAAiEIYAXABwAEG&rs=AOn4CLChUtoBtjtpE2o5pOau7recZw5njQ", "width": 196, "height": 110, "resolution": "196x110", "id": "1"}, {"url": "https://i.ytimg.com/vi/nd84XDsAX14/hqdefault.jpg?sqp=-oaymwEcCPYBEIoBSFXyq4qpAw4IARUAAIhCGAFwAcABBg==&rs=AOn4CLCDDT57tSW6vU3Lci_qoQUyhLY50Q", "width": 246, "height": 138, "resolution": "246x138", "id": "2"}, {"url": "https://i.ytimg.com/vi/nd84XDsAX14/hqdefault.jpg?sqp=-oaymwEcCNACELwBSFXyq4qpAw4IARUAAIhCGAFwAcABBg==&rs=AOn4CLCpgmeIUwThwCHME-9S1wlp3GaSWw", "width": 336, "height": 188, "resolution": "336x188", "id": "3"}, {"url": "https://i.ytimg.com/vi_webp/nd84XDsAX14/maxresdefault.webp?v=5e78299e", "width": 1920, "height": 1080, "resolution": "1920x1080", "id": "4"}], "description": "\u8a02\u95b1\u6751\u9577\uff01\u2794 https://goo.gl/Qlpz6E\r\n\u9999\u6e2f\u6b4c\u66f2\u64ad\u653e\u6e05\u55ae \u2794 https://goo.gl/avQ1RP\r\n\u4f86\u770b\u770b\u6751\u9577\u6700\u65b0\u66dd\u5149\u52d5\u5411\uff01\u2794 https://goo.gl/7MzmFu\r\n\u672c\u5f71\u7247\u7434\u8b5c\u4e0b\u8f09 Piano Sheet Here\uff01\u2794 http://yudans.net/1310\r\n\r\n\u9b5a\u86cb\u6751\u7434\u8b5c\u7db2\u7ad9 \u2794 http://yudans.net/\r\n\u6751\u9577\u500b\u4eba Facebook \u2794 http://goo.gl/64ocaC\r\n\u9b5a\u86cb\u6751\u5b98\u65b9Facebook\u5c08\u9801 \u2794 https://goo.gl/7MzmFu\r\nInstagram \u2794 yudan730\r\n\u5fae\u535a \u2794 http://goo.gl/7V6ouW\r\n\u92fc\u7434\u6559\u5b78/\u5ee3\u544a\u67e5\u8a62 \u2794 yudansnet@gmail.com\r\n\r\n---------------------------------------\r\n\n\u4f5c\u8a5e\uff1a\u51cc\u6771\u6210\n\u4f5c\u66f2\uff1a\u67f3\u4ef2\u8ce2\n\n\u6b4c\u8a5e\uff1a\n\n\u767e\u8b8a\u5c0f\u6afb\u9b54\u6cd5\u795e\u5947\u8ab0\u53ef\u963b\u64cb\n\u770b\u6211Sakura\u63ee\u63ee\u9b54\u68d2\u89e3\u958b\u5480\u5492\n\u767e\u8b8a\u5c0f\u6afbMagic\u5f9e\u4f86\u7121\u5931\u624b\n\u9b54\u6cd5 \u8b8a\uff01\u8b8a\uff01\u8b8a\uff01\n\u70ba\u8ffd\u8a0e\u53e4\u7f85\u54ad\u5fc5\u751f\u6b7b\u6230\u9b25\n\n\u5929\u771f\u6d3b\u6f51\u7cbe\u9748\n\u5e38\u5b58\u53cb\u611b\n\u5f9e\u4f86\u701f\u6d12\u597d\u52d5\n\u4e00\u500b\u4eba\u96d6\u611f\u5bc2\u5bde\n\u4f46\u6211\u540c\u5b78\u4e5f\u77e5\u6211\u54c1\u6027\u5584\u826f\n\u8eab\u624b\u66f4\u986f\u4e0d\u51e1\n\u8ab0\u80fd\u8207\u6211\n\u8207\u6211\u53ef\u76f8\u6bd4\u8f03\n\u5fc3\u88cf\u982d\u53ea\u6015\u9047\u8457\u4e86\u4ed6\n\u7e31\u7136\u9b54\u6cd5\u662f\u4e0d\u932f\n\n\u767e\u8b8a\u5c0f\u6afb\u9b54\u6cd5\u795e\u5947\u8ab0\u53ef\u963b\u64cb\n\u770b\u6211Sakura\u63ee\u63ee\u9b54\u68d2\u89e3\u958b\u5480\u5492\n\u767e\u8b8a\u5c0f\u6afbMagic\u5f9e\u4f86\u7121\u5931\u624b\n\u9b54\u6cd5\u8b8a\uff01\u8b8a\uff01\u8b8a\uff01\n\u90aa\u60e1\u52e2\u529b\u5168\u8981\u9060\u8d70\n\n\u767e\u8b8a\u5c0f\u6afb\u9b54\u6cd5\u795e\u5947\u8ab0\u53ef\u963b\u64cb\n\u770b\u6211Sakura\u63ee\u63ee\u9b54\u68d2\u89e3\u958b\u5480\u5492\n\u767e\u8b8a\u5c0f\u6afbMagic\u5f9e\u4f86\u7121\u5931\u624b\n\u9b54\u6cd5 \u8b8a\uff01\u8b8a\uff01\u8b8a\uff01\n\u70ba\u8ffd\u8a0e\u53e4\u7f85\u54ad\u5fc5\u751f\u6b7b\u6230\u9b25", "categories": ["Music"], "tags": ["\u92fc\u7434", "\u92fc\u7434\u7248", "\u7d14\u97f3\u6a02", "\u97f3\u6a02", "\u4f34\u5531", "Piano", "yudan730", "hugowong", "hugo", "yudans", "yudansnet", "\u9b5a\u86cb", "\u9b5a\u86cb\u6751", "\u6751\u9577", "cover", "\u7434\u8b5c", "\u6559\u5b78", "\u767e\u8b8a\u5c0f\u6afbMagic\u54ad", "\u66fe\u5609\u8389", "\u52d5\u756b"], "subtitles": {}, "automatic_captions": {}, "duration": 195, "age_limit": 0, "annotations": null, "chapters": null, "webpage_url": "https://www.youtube.com/watch?v=nd84XDsAX14", "view_count": 10469, "like_count": 231, "dislike_count": 4, "average_rating": 4.9319148, "formats": [{"format_id": "249", "url": "https://r3---sn-5njj-u2xl.googlevideo.com/videoplayback?expire=1611763839&ei=HzwRYJelEtSggQPpnoK4Cg&ip=140.109.135.76&id=o-AHmCtHGxGR3P_P3QB8h1RpSrYAUTat3lA06yiqBbpg0d&itag=249&source=youtube&requiressl=yes&mh=rq&mm=31%2C29&mn=sn-5njj-u2xl%2Csn-un57en7s&ms=au%2Crdu&mv=m&mvi=3&pcm2cms=yes&pl=16&initcwndbps=695000&vprv=1&mime=audio%2Fwebm&ns=mivldnOrT-UmmzWpTHpgPYIF&gir=yes&clen=1553958&dur=194.621&lmt=1584890092364291&mt=1611741877&fvip=3&keepalive=yes&c=WEB&txp=6311222&n=81r39kZFMKQBoL-xPshg&sparams=expire%2Cei%2Cip%2Cid%2Citag%2Csource%2Crequiressl%2Cvprv%2Cmime%2Cns%2Cgir%2Cclen%2Cdur%2Clmt&sig=AOq0QJ8wRQIgCiS5XXIfTyjudiyMx_yHehi6IrEX-zYLb9lxNvPa1jACIQCvQirXJGdJhk8gzIMTxsRBIP3sQCqcJ9g79gEs4JQhUQ%3D%3D&lsparams=mh%2Cmm%2Cmn%2Cms%2Cmv%2Cmvi%2Cpcm2cms%2Cpl%2Cinitcwndbps&lsig=AG3C_xAwRAIgMADhXvZBV2R-Qm74-IwFni3xOyCzf4-X9oHTy0SZmjQCIFsuf4MDsC5WboCzE7LXJN_RULVDi-wKlXlUux_h0-EX&ratebypass=yes", "player_url": null, "ext": "webm", "format_note": "tiny", "acodec": "opus", "abr": 50, "asr": 48000, "filesize": 1553958, "fps": null, "height": null, "tbr": 67.332, "width": null, "vcodec": "none", "downloader_options": {"http_chunk_size": 10485760}, "format": "249 - audio only (tiny)", "protocol": "https", "http_headers": {"User-Agent": "Mozilla/5.0 (Windows NT 10.0; Win64; x64) AppleWebKit/537.36 (KHTML, like Gecko) Chrome/72.0.3626.85 Safari/537.36", "Accept-Charset": "ISO-8859-1,utf-8;q=0.7,*;q=0.7", "Accept": "text/html,application/xhtml+xml,application/xml;q=0.9,*/*;q=0.8", "Accept-Encoding": "gzip, deflate", "Accept-Language": "en-us,en;q=0.5"}}, {"format_id": "250", "url": "https://r3---sn-5njj-u2xl.googlevideo.com/videoplayback?expire=1611763839&ei=HzwRYJelEtSggQPpnoK4Cg&ip=140.109.135.76&id=o-AHmCtHGxGR3P_P3QB8h1RpSrYAUTat3lA06yiqBbpg0d&itag=250&source=youtube&requiressl=yes&mh=rq&mm=31%2C29&mn=sn-5njj-u2xl%2Csn-un57en7s&ms=au%2Crdu&mv=m&mvi=3&pcm2cms=yes&pl=16&initcwndbps=695000&vprv=1&mime=audio%2Fwebm&ns=mivldnOrT-UmmzWpTHpgPYIF&gir=yes&clen=2017693&dur=194.621&lmt=1584890093265704&mt=1611741877&fvip=3&keepalive=yes&c=WEB&txp=6311222&n=81r39kZFMKQBoL-xPshg&sparams=expire%2Cei%2Cip%2Cid%2Citag%2Csource%2Crequiressl%2Cvprv%2Cmime%2Cns%2Cgir%2Cclen%2Cdur%2Clmt&sig=AOq0QJ8wRQIgdGmkvhULKH9t2B-UTTlhkdolMn28tFmMXrZFR0WzYt4CIQDDZTbE8hN9Un45tesxwVX3XJonM6qdauFzNaWMqvcW8Q%3D%3D&lsparams=mh%2Cmm%2Cmn%2Cms%2Cmv%2Cmvi%2Cpcm2cms%2Cpl%2Cinitcwndbps&lsig=AG3C_xAwRAIgMADhXvZBV2R-Qm74-IwFni3xOyCzf4-X9oHTy0SZmjQCIFsuf4MDsC5WboCzE7LXJN_RULVDi-wKlXlUux_h0-EX&ratebypass=yes", "player_url": null, "ext": "webm", "format_note": "tiny", "acodec": "opus", "abr": 70, "asr": 48000, "filesize": 2017693, "fps": null, "height": null, "tbr": 87.426, "width": null, "vcodec": "none", "downloader_options": {"http_chunk_size": 10485760}, "format": "250 - audio only (tiny)", "protocol": "https", "http_headers": {"User-Agent": "Mozilla/5.0 (Windows NT 10.0; Win64; x64) AppleWebKit/537.36 (KHTML, like Gecko) Chrome/72.0.3626.85 Safari/537.36", "Accept-Charset": "ISO-8859-1,utf-8;q=0.7,*;q=0.7", "Accept": "text/html,application/xhtml+xml,application/xml;q=0.9,*/*;q=0.8", "Accept-Encoding": "gzip, deflate", "Accept-Language": "en-us,en;q=0.5"}}, {"format_id": "140", "url": "https://r3---sn-5njj-u2xl.googlevideo.com/videoplayback?expire=1611763839&ei=HzwRYJelEtSggQPpnoK4Cg&ip=140.109.135.76&id=o-AHmCtHGxGR3P_P3QB8h1RpSrYAUTat3lA06yiqBbpg0d&itag=140&source=youtube&requiressl=yes&mh=rq&mm=31%2C29&mn=sn-5njj-u2xl%2Csn-un57en7s&ms=au%2Crdu&mv=m&mvi=3&pcm2cms=yes&pl=16&initcwndbps=695000&vprv=1&mime=audio%2Fmp4&ns=mivldnOrT-UmmzWpTHpgPYIF&gir=yes&clen=3150962&dur=194.652&lmt=1584890104784307&mt=1611741877&fvip=3&keepalive=yes&c=WEB&txp=6311222&n=81r39kZFMKQBoL-xPshg&sparams=expire%2Cei%2Cip%2Cid%2Citag%2Csource%2Crequiressl%2Cvprv%2Cmime%2Cns%2Cgir%2Cclen%2Cdur%2Clmt&sig=AOq0QJ8wRQIgA2Rhj3khfuQE1x5tZyNxaj_eefj7gjiD7SmFFHZuGdgCIQDVxh9Mc5UfC_dilgeERtwkfNj3ZNlzRlxh2T-Uv-g5dw%3D%3D&lsparams=mh%2Cmm%2Cmn%2Cms%2Cmv%2Cmvi%2Cpcm2cms%2Cpl%2Cinitcwndbps&lsig=AG3C_xAwRAIgMADhXvZBV2R-Qm74-IwFni3xOyCzf4-X9oHTy0SZmjQCIFsuf4MDsC5WboCzE7LXJN_RULVDi-wKlXlUux_h0-EX&ratebypass=yes", "player_url": null, "ext": "m4a", "format_note": "tiny", "acodec": "mp4a.40.2", "abr": 128, "container": "m4a_dash", "asr": 44100, "filesize": 3150962, "fps": null, "height": null, "tbr": 130.695, "width": null, "vcodec": "none", "downloader_options": {"http_chunk_size": 10485760}, "format": "140 - audio only (tiny)", "protocol": "https", "http_headers": {"User-Agent": "Mozilla/5.0 (Windows NT 10.0; Win64; x64) AppleWebKit/537.36 (KHTML, like Gecko) Chrome/72.0.3626.85 Safari/537.36", "Accept-Charset": "ISO-8859-1,utf-8;q=0.7,*;q=0.7", "Accept": "text/html,application/xhtml+xml,application/xml;q=0.9,*/*;q=0.8", "Accept-Encoding": "gzip, deflate", "Accept-Language": "en-us,en;q=0.5"}}, {"format_id": "251", "url": "https://r3---sn-5njj-u2xl.googlevideo.com/videoplayback?expire=1611763839&ei=HzwRYJelEtSggQPpnoK4Cg&ip=140.109.135.76&id=o-AHmCtHGxGR3P_P3QB8h1RpSrYAUTat3lA06yiqBbpg0d&itag=251&source=youtube&requiressl=yes&mh=rq&mm=31%2C29&mn=sn-5njj-u2xl%2Csn-un57en7s&ms=au%2Crdu&mv=m&mvi=3&pcm2cms=yes&pl=16&initcwndbps=695000&vprv=1&mime=audio%2Fwebm&ns=mivldnOrT-UmmzWpTHpgPYIF&gir=yes&clen=3744432&dur=194.621&lmt=1584890095267515&mt=1611741877&fvip=3&keepalive=yes&c=WEB&txp=6311222&n=81r39kZFMKQBoL-xPshg&sparams=expire%2Cei%2Cip%2Cid%2Citag%2Csource%2Crequiressl%2Cvprv%2Cmime%2Cns%2Cgir%2Cclen%2Cdur%2Clmt&sig=AOq0QJ8wRQIhAOt8GYQw25NnwzQem4Vd2jh0-VRmb3R2myRQn21aqHwdAiB0cDQowBV1BejggNE9c9H_p2szUu69qgDkExHTJY54xA%3D%3D&lsparams=mh%2Cmm%2Cmn%2Cms%2Cmv%2Cmvi%2Cpcm2cms%2Cpl%2Cinitcwndbps&lsig=AG3C_xAwRAIgMADhXvZBV2R-Qm74-IwFni3xOyCzf4-X9oHTy0SZmjQCIFsuf4MDsC5WboCzE7LXJN_RULVDi-wKlXlUux_h0-EX&ratebypass=yes", "player_url": null, "ext": "webm", "format_note": "tiny", "acodec": "opus", "abr": 160, "asr": 48000, "filesize": 3744432, "fps": null, "height": null, "tbr": 161.456, "width": null, "vcodec": "none", "downloader_options": {"http_chunk_size": 10485760}, "format": "251 - audio only (tiny)", "protocol": "https", "http_headers": {"User-Agent": "Mozilla/5.0 (Windows NT 10.0; Win64; x64) AppleWebKit/537.36 (KHTML, like Gecko) Chrome/72.0.3626.85 Safari/537.36", "Accept-Charset": "ISO-8859-1,utf-8;q=0.7,*;q=0.7", "Accept": "text/html,application/xhtml+xml,application/xml;q=0.9,*/*;q=0.8", "Accept-Encoding": "gzip, deflate", "Accept-Language": "en-us,en;q=0.5"}}, {"format_id": "278", "url": "https://r3---sn-5njj-u2xl.googlevideo.com/videoplayback?expire=1611763839&ei=HzwRYJelEtSggQPpnoK4Cg&ip=140.109.135.76&id=o-AHmCtHGxGR3P_P3QB8h1RpSrYAUTat3lA06yiqBbpg0d&itag=278&aitags=133%2C134%2C135%2C136%2C137%2C160%2C242%2C243%2C244%2C247%2C248%2C271%2C278%2C313&source=youtube&requiressl=yes&mh=rq&mm=31%2C29&mn=sn-5njj-u2xl%2Csn-un57en7s&ms=au%2Crdu&mv=m&mvi=3&pcm2cms=yes&pl=16&initcwndbps=695000&vprv=1&mime=video%2Fwebm&ns=mivldnOrT-UmmzWpTHpgPYIF&gir=yes&clen=2026139&dur=194.594&lmt=1584890150260319&mt=1611741877&fvip=3&keepalive=yes&c=WEB&txp=6316222&n=81r39kZFMKQBoL-xPshg&sparams=expire%2Cei%2Cip%2Cid%2Caitags%2Csource%2Crequiressl%2Cvprv%2Cmime%2Cns%2Cgir%2Cclen%2Cdur%2Clmt&sig=AOq0QJ8wRgIhALDC94tiNLx5CQLzFabQWDpywwjAmCxOWoml5x_fDqYDAiEA7eS_sRYnbkt5aHwmCZjZWl1pvCIBMYyVM6VahHTF7vk%3D&lsparams=mh%2Cmm%2Cmn%2Cms%2Cmv%2Cmvi%2Cpcm2cms%2Cpl%2Cinitcwndbps&lsig=AG3C_xAwRAIgMADhXvZBV2R-Qm74-IwFni3xOyCzf4-X9oHTy0SZmjQCIFsuf4MDsC5WboCzE7LXJN_RULVDi-wKlXlUux_h0-EX&ratebypass=yes", "player_url": null, "ext": "webm", "height": 144, "format_note": "144p", "container": "webm", "vcodec": "vp9", "asr": null, "filesize": 2026139, "fps": 30, "tbr": 86.933, "width": 256, "acodec": "none", "downloader_options": {"http_chunk_size": 10485760}, "format": "278 - 256x144 (144p)", "protocol": "https", "http_headers": {"User-Agent": "Mozilla/5.0 (Windows NT 10.0; Win64; x64) AppleWebKit/537.36 (KHTML, like Gecko) Chrome/72.0.3626.85 Safari/537.36", "Accept-Charset": "ISO-8859-1,utf-8;q=0.7,*;q=0.7", "Accept": "text/html,application/xhtml+xml,application/xml;q=0.9,*/*;q=0.8", "Accept-Encoding": "gzip, deflate", "Accept-Language": "en-us,en;q=0.5"}}, {"format_id": "160", "url": "https://r3---sn-5njj-u2xl.googlevideo.com/videoplayback?expire=1611763839&ei=HzwRYJelEtSggQPpnoK4Cg&ip=140.109.135.76&id=o-AHmCtHGxGR3P_P3QB8h1RpSrYAUTat3lA06yiqBbpg0d&itag=160&aitags=133%2C134%2C135%2C136%2C137%2C160%2C242%2C243%2C244%2C247%2C248%2C271%2C278%2C313&source=youtube&requiressl=yes&mh=rq&mm=31%2C29&mn=sn-5njj-u2xl%2Csn-un57en7s&ms=au%2Crdu&mv=m&mvi=3&pcm2cms=yes&pl=16&initcwndbps=695000&vprv=1&mime=video%2Fmp4&ns=mivldnOrT-UmmzWpTHpgPYIF&gir=yes&clen=2737283&dur=194.594&lmt=1584890147651958&mt=1611741877&fvip=3&keepalive=yes&c=WEB&txp=6316222&n=81r39kZFMKQBoL-xPshg&sparams=expire%2Cei%2Cip%2Cid%2Caitags%2Csource%2Crequiressl%2Cvprv%2Cmime%2Cns%2Cgir%2Cclen%2Cdur%2Clmt&sig=AOq0QJ8wRAIgRFjGRtQ6rWFBU9RLrjf36r7T2hGAx3Wivy9YYhAM-EECIAIr1k627cz0x42KeLQ8LWE92nvc30kNIzpyTsDXRLMo&lsparams=mh%2Cmm%2Cmn%2Cms%2Cmv%2Cmvi%2Cpcm2cms%2Cpl%2Cinitcwndbps&lsig=AG3C_xAwRAIgMADhXvZBV2R-Qm74-IwFni3xOyCzf4-X9oHTy0SZmjQCIFsuf4MDsC5WboCzE7LXJN_RULVDi-wKlXlUux_h0-EX&ratebypass=yes", "player_url": null, "ext": "mp4", "height": 144, "format_note": "144p", "vcodec": "avc1.4d400c", "asr": null, "filesize": 2737283, "fps": 30, "tbr": 126.413, "width": 256, "acodec": "none", "downloader_options": {"http_chunk_size": 10485760}, "format": "160 - 256x144 (144p)", "protocol": "https", "http_headers": {"User-Agent": "Mozilla/5.0 (Windows NT 10.0; Win64; x64) AppleWebKit/537.36 (KHTML, like Gecko) Chrome/72.0.3626.85 Safari/537.36", "Accept-Charset": "ISO-8859-1,utf-8;q=0.7,*;q=0.7", "Accept": "text/html,application/xhtml+xml,application/xml;q=0.9,*/*;q=0.8", "Accept-Encoding": "gzip, deflate", "Accept-Language": "en-us,en;q=0.5"}}, {"format_id": "242", "url": "https://r3---sn-5njj-u2xl.googlevideo.com/videoplayback?expire=1611763839&ei=HzwRYJelEtSggQPpnoK4Cg&ip=140.109.135.76&id=o-AHmCtHGxGR3P_P3QB8h1RpSrYAUTat3lA06yiqBbpg0d&itag=242&aitags=133%2C134%2C135%2C136%2C137%2C160%2C242%2C243%2C244%2C247%2C248%2C271%2C278%2C313&source=youtube&requiressl=yes&mh=rq&mm=31%2C29&mn=sn-5njj-u2xl%2Csn-un57en7s&ms=au%2Crdu&mv=m&mvi=3&pcm2cms=yes&pl=16&initcwndbps=695000&vprv=1&mime=video%2Fwebm&ns=mivldnOrT-UmmzWpTHpgPYIF&gir=yes&clen=4126780&dur=194.594&lmt=1584890150266387&mt=1611741877&fvip=3&keepalive=yes&c=WEB&txp=6316222&n=81r39kZFMKQBoL-xPshg&sparams=expire%2Cei%2Cip%2Cid%2Caitags%2Csource%2Crequiressl%2Cvprv%2Cmime%2Cns%2Cgir%2Cclen%2Cdur%2Clmt&sig=AOq0QJ8wRQIhAJUn76R7vEiR5iMHcYPN5EjUmDGk4f35yc-HDdLjZkFWAiBZRvtkp1QCg95qBGwwEETIGZQ0hAIjGnCZrDhBsk3kzQ%3D%3D&lsparams=mh%2Cmm%2Cmn%2Cms%2Cmv%2Cmvi%2Cpcm2cms%2Cpl%2Cinitcwndbps&lsig=AG3C_xAwRAIgMADhXvZBV2R-Qm74-IwFni3xOyCzf4-X9oHTy0SZmjQCIFsuf4MDsC5WboCzE7LXJN_RULVDi-wKlXlUux_h0-EX&ratebypass=yes", "player_url": null, "ext": "webm", "height": 240, "format_note": "240p", "vcodec": "vp9", "asr": null, "filesize": 4126780, "fps": 30, "tbr": 181.001, "width": 426, "acodec": "none", "downloader_options": {"http_chunk_size": 10485760}, "format": "242 - 426x240 (240p)", "protocol": "https", "http_headers": {"User-Agent": "Mozilla/5.0 (Windows NT 10.0; Win64; x64) AppleWebKit/537.36 (KHTML, like Gecko) Chrome/72.0.3626.85 Safari/537.36", "Accept-Charset": "ISO-8859-1,utf-8;q=0.7,*;q=0.7", "Accept": "text/html,application/xhtml+xml,application/xml;q=0.9,*/*;q=0.8", "Accept-Encoding": "gzip, deflate", "Accept-Language": "en-us,en;q=0.5"}}, {"format_id": "133", "url": "https://r3---sn-5njj-u2xl.googlevideo.com/videoplayback?expire=1611763839&ei=HzwRYJelEtSggQPpnoK4Cg&ip=140.109.135.76&id=o-AHmCtHGxGR3P_P3QB8h1RpSrYAUTat3lA06yiqBbpg0d&itag=133&aitags=133%2C134%2C135%2C136%2C137%2C160%2C242%2C243%2C244%2C247%2C248%2C271%2C278%2C313&source=youtube&requiressl=yes&mh=rq&mm=31%2C29&mn=sn-5njj-u2xl%2Csn-un57en7s&ms=au%2Crdu&mv=m&mvi=3&pcm2cms=yes&pl=16&initcwndbps=695000&vprv=1&mime=video%2Fmp4&ns=mivldnOrT-UmmzWpTHpgPYIF&gir=yes&clen=6126599&dur=194.594&lmt=1584890147651686&mt=1611741877&fvip=3&keepalive=yes&c=WEB&txp=6316222&n=81r39kZFMKQBoL-xPshg&sparams=expire%2Cei%2Cip%2Cid%2Caitags%2Csource%2Crequiressl%2Cvprv%2Cmime%2Cns%2Cgir%2Cclen%2Cdur%2Clmt&sig=AOq0QJ8wRQIgN-yZjdX4rkqLfhtMmPJSkBDg8-lrsjpT7omkZLa_PUACIQDNLjLwMYcN7yC4Pn0H18Vw3Bbe--MgIlIQR2pmN5l21w%3D%3D&lsparams=mh%2Cmm%2Cmn%2Cms%2Cmv%2Cmvi%2Cpcm2cms%2Cpl%2Cinitcwndbps&lsig=AG3C_xAwRAIgMADhXvZBV2R-Qm74-IwFni3xOyCzf4-X9oHTy0SZmjQCIFsuf4MDsC5WboCzE7LXJN_RULVDi-wKlXlUux_h0-EX&ratebypass=yes", "player_url": null, "ext": "mp4", "height": 240, "format_note": "240p", "vcodec": "avc1.4d4015", "asr": null, "filesize": 6126599, "fps": 30, "tbr": 290.37, "width": 426, "acodec": "none", "downloader_options": {"http_chunk_size": 10485760}, "format": "133 - 426x240 (240p)", "protocol": "https", "http_headers": {"User-Agent": "Mozilla/5.0 (Windows NT 10.0; Win64; x64) AppleWebKit/537.36 (KHTML, like Gecko) Chrome/72.0.3626.85 Safari/537.36", "Accept-Charset": "ISO-8859-1,utf-8;q=0.7,*;q=0.7", "Accept": "text/html,application/xhtml+xml,application/xml;q=0.9,*/*;q=0.8", "Accept-Encoding": "gzip, deflate", "Accept-Language": "en-us,en;q=0.5"}}, {"format_id": "243", "url": "https://r3---sn-5njj-u2xl.googlevideo.com/videoplayback?expire=1611763839&ei=HzwRYJelEtSggQPpnoK4Cg&ip=140.109.135.76&id=o-AHmCtHGxGR3P_P3QB8h1RpSrYAUTat3lA06yiqBbpg0d&itag=243&aitags=133%2C134%2C135%2C136%2C137%2C160%2C242%2C243%2C244%2C247%2C248%2C271%2C278%2C313&source=youtube&requiressl=yes&mh=rq&mm=31%2C29&mn=sn-5njj-u2xl%2Csn-un57en7s&ms=au%2Crdu&mv=m&mvi=3&pcm2cms=yes&pl=16&initcwndbps=695000&vprv=1&mime=video%2Fwebm&ns=mivldnOrT-UmmzWpTHpgPYIF&gir=yes&clen=6763906&dur=194.594&lmt=1584890150267084&mt=1611741877&fvip=3&keepalive=yes&c=WEB&txp=6316222&n=81r39kZFMKQBoL-xPshg&sparams=expire%2Cei%2Cip%2Cid%2Caitags%2Csource%2Crequiressl%2Cvprv%2Cmime%2Cns%2Cgir%2Cclen%2Cdur%2Clmt&sig=AOq0QJ8wRQIhANSEgcv3lUm6pzHFPowT4UlC58IYkVnWHkEZs4aUMxBhAiAzpOKtT-YBzBK9zmET6hq_3WLXodoGBQhS1Q5BOKOOng%3D%3D&lsparams=mh%2Cmm%2Cmn%2Cms%2Cmv%2Cmvi%2Cpcm2cms%2Cpl%2Cinitcwndbps&lsig=AG3C_xAwRAIgMADhXvZBV2R-Qm74-IwFni3xOyCzf4-X9oHTy0SZmjQCIFsuf4MDsC5WboCzE7LXJN_RULVDi-wKlXlUux_h0-EX&ratebypass=yes", "player_url": null, "ext": "webm", "height": 360, "format_note": "360p", "vcodec": "vp9", "asr": null, "filesize": 6763906, "fps": 30, "tbr": 314.886, "width": 640, "acodec": "none", "downloader_options": {"http_chunk_size": 10485760}, "format": "243 - 640x360 (360p)", "protocol": "https", "http_headers": {"User-Agent": "Mozilla/5.0 (Windows NT 10.0; Win64; x64) AppleWebKit/537.36 (KHTML, like Gecko) Chrome/72.0.3626.85 Safari/537.36", "Accept-Charset": "ISO-8859-1,utf-8;q=0.7,*;q=0.7", "Accept": "text/html,application/xhtml+xml,application/xml;q=0.9,*/*;q=0.8", "Accept-Encoding": "gzip, deflate", "Accept-Language": "en-us,en;q=0.5"}}, {"format_id": "244", "url": "https://r3---sn-5njj-u2xl.googlevideo.com/videoplayback?expire=1611763839&ei=HzwRYJelEtSggQPpnoK4Cg&ip=140.109.135.76&id=o-AHmCtHGxGR3P_P3QB8h1RpSrYAUTat3lA06yiqBbpg0d&itag=244&aitags=133%2C134%2C135%2C136%2C137%2C160%2C242%2C243%2C244%2C247%2C248%2C271%2C278%2C313&source=youtube&requiressl=yes&mh=rq&mm=31%2C29&mn=sn-5njj-u2xl%2Csn-un57en7s&ms=au%2Crdu&mv=m&mvi=3&pcm2cms=yes&pl=16&initcwndbps=695000&vprv=1&mime=video%2Fwebm&ns=mivldnOrT-UmmzWpTHpgPYIF&gir=yes&clen=10871805&dur=194.594&lmt=1584890150261609&mt=1611741877&fvip=3&keepalive=yes&c=WEB&txp=6316222&n=81r39kZFMKQBoL-xPshg&sparams=expire%2Cei%2Cip%2Cid%2Caitags%2Csource%2Crequiressl%2Cvprv%2Cmime%2Cns%2Cgir%2Cclen%2Cdur%2Clmt&sig=AOq0QJ8wRgIhAJNcWmntsgK8N7QsNb_-OKZbXVnSfDruLJMbHPs2CVy4AiEA5cvaO3Q7NPeaffdx2nFJMkz5s808EMhWn5Gn6YvgsLw%3D&lsparams=mh%2Cmm%2Cmn%2Cms%2Cmv%2Cmvi%2Cpcm2cms%2Cpl%2Cinitcwndbps&lsig=AG3C_xAwRAIgMADhXvZBV2R-Qm74-IwFni3xOyCzf4-X9oHTy0SZmjQCIFsuf4MDsC5WboCzE7LXJN_RULVDi-wKlXlUux_h0-EX&ratebypass=yes", "player_url": null, "ext": "webm", "height": 480, "format_note": "480p", "vcodec": "vp9", "asr": null, "filesize": 10871805, "fps": 30, "tbr": 516.505, "width": 854, "acodec": "none", "downloader_options": {"http_chunk_size": 10485760}, "format": "244 - 854x480 (480p)", "protocol": "https", "http_headers": {"User-Agent": "Mozilla/5.0 (Windows NT 10.0; Win64; x64) AppleWebKit/537.36 (KHTML, like Gecko) Chrome/72.0.3626.85 Safari/537.36", "Accept-Charset": "ISO-8859-1,utf-8;q=0.7,*;q=0.7", "Accept": "text/html,application/xhtml+xml,application/xml;q=0.9,*/*;q=0.8", "Accept-Encoding": "gzip, deflate", "Accept-Language": "en-us,en;q=0.5"}}, {"format_id": "134", "url": "https://r3---sn-5njj-u2xl.googlevideo.com/videoplayback?expire=1611763839&ei=HzwRYJelEtSggQPpnoK4Cg&ip=140.109.135.76&id=o-AHmCtHGxGR3P_P3QB8h1RpSrYAUTat3lA06yiqBbpg0d&itag=134&aitags=133%2C134%2C135%2C136%2C137%2C160%2C242%2C243%2C244%2C247%2C248%2C271%2C278%2C313&source=youtube&requiressl=yes&mh=rq&mm=31%2C29&mn=sn-5njj-u2xl%2Csn-un57en7s&ms=au%2Crdu&mv=m&mvi=3&pcm2cms=yes&pl=16&initcwndbps=695000&vprv=1&mime=video%2Fmp4&ns=mivldnOrT-UmmzWpTHpgPYIF&gir=yes&clen=10308340&dur=194.594&lmt=1584890147653947&mt=1611741877&fvip=3&keepalive=yes&c=WEB&txp=6316222&n=81r39kZFMKQBoL-xPshg&sparams=expire%2Cei%2Cip%2Cid%2Caitags%2Csource%2Crequiressl%2Cvprv%2Cmime%2Cns%2Cgir%2Cclen%2Cdur%2Clmt&sig=AOq0QJ8wRQIhAM9IWMTyBFqIN5bKOeS2LXXwxiAfMmY0Hqy6uEGKgYkEAiAefGQe_8C83BpEf39dOf3KaJU5ARpx1kN7oKmG3sw3Sw%3D%3D&lsparams=mh%2Cmm%2Cmn%2Cms%2Cmv%2Cmvi%2Cpcm2cms%2Cpl%2Cinitcwndbps&lsig=AG3C_xAwRAIgMADhXvZBV2R-Qm74-IwFni3xOyCzf4-X9oHTy0SZmjQCIFsuf4MDsC5WboCzE7LXJN_RULVDi-wKlXlUux_h0-EX&ratebypass=yes", "player_url": null, "ext": "mp4", "height": 360, "format_note": "360p", "vcodec": "avc1.4d401e", "asr": null, "filesize": 10308340, "fps": 30, "tbr": 546.269, "width": 640, "acodec": "none", "downloader_options": {"http_chunk_size": 10485760}, "format": "134 - 640x360 (360p)", "protocol": "https", "http_headers": {"User-Agent": "Mozilla/5.0 (Windows NT 10.0; Win64; x64) AppleWebKit/537.36 (KHTML, like Gecko) Chrome/72.0.3626.85 Safari/537.36", "Accept-Charset": "ISO-8859-1,utf-8;q=0.7,*;q=0.7", "Accept": "text/html,application/xhtml+xml,application/xml;q=0.9,*/*;q=0.8", "Accept-Encoding": "gzip, deflate", "Accept-Language": "en-us,en;q=0.5"}}, {"format_id": "247", "url": "https://r3---sn-5njj-u2xl.googlevideo.com/videoplayback?expire=1611763839&ei=HzwRYJelEtSggQPpnoK4Cg&ip=140.109.135.76&id=o-AHmCtHGxGR3P_P3QB8h1RpSrYAUTat3lA06yiqBbpg0d&itag=247&aitags=133%2C134%2C135%2C136%2C137%2C160%2C242%2C243%2C244%2C247%2C248%2C271%2C278%2C313&source=youtube&requiressl=yes&mh=rq&mm=31%2C29&mn=sn-5njj-u2xl%2Csn-un57en7s&ms=au%2Crdu&mv=m&mvi=3&pcm2cms=yes&pl=16&initcwndbps=695000&vprv=1&mime=video%2Fwebm&ns=mivldnOrT-UmmzWpTHpgPYIF&gir=yes&clen=19083049&dur=194.594&lmt=1584890150262475&mt=1611741877&fvip=3&keepalive=yes&c=WEB&txp=6316222&n=81r39kZFMKQBoL-xPshg&sparams=expire%2Cei%2Cip%2Cid%2Caitags%2Csource%2Crequiressl%2Cvprv%2Cmime%2Cns%2Cgir%2Cclen%2Cdur%2Clmt&sig=AOq0QJ8wRgIhALR0wMm1-Jjb4eN-ZrecA6FIZ2logQedvY9PDoxX1qpbAiEA3z6sf-5x5BNlAoo2BM2M9HGHOZnvJHa2SVLuvZL8eco%3D&lsparams=mh%2Cmm%2Cmn%2Cms%2Cmv%2Cmvi%2Cpcm2cms%2Cpl%2Cinitcwndbps&lsig=AG3C_xAwRAIgMADhXvZBV2R-Qm74-IwFni3xOyCzf4-X9oHTy0SZmjQCIFsuf4MDsC5WboCzE7LXJN_RULVDi-wKlXlUux_h0-EX&ratebypass=yes", "player_url": null, "ext": "webm", "height": 720, "format_note": "720p", "vcodec": "vp9", "asr": null, "filesize": 19083049, "fps": 30, "tbr": 930.517, "width": 1280, "acodec": "none", "downloader_options": {"http_chunk_size": 10485760}, "format": "247 - 1280x720 (720p)", "protocol": "https", "http_headers": {"User-Agent": "Mozilla/5.0 (Windows NT 10.0; Win64; x64) AppleWebKit/537.36 (KHTML, like Gecko) Chrome/72.0.3626.85 Safari/537.36", "Accept-Charset": "ISO-8859-1,utf-8;q=0.7,*;q=0.7", "Accept": "text/html,application/xhtml+xml,application/xml;q=0.9,*/*;q=0.8", "Accept-Encoding": "gzip, deflate", "Accept-Language": "en-us,en;q=0.5"}}, {"format_id": "135", "url": "https://r3---sn-5njj-u2xl.googlevideo.com/videoplayback?expire=1611763839&ei=HzwRYJelEtSggQPpnoK4Cg&ip=140.109.135.76&id=o-AHmCtHGxGR3P_P3QB8h1RpSrYAUTat3lA06yiqBbpg0d&itag=135&aitags=133%2C134%2C135%2C136%2C137%2C160%2C242%2C243%2C244%2C247%2C248%2C271%2C278%2C313&source=youtube&requiressl=yes&mh=rq&mm=31%2C29&mn=sn-5njj-u2xl%2Csn-un57en7s&ms=au%2Crdu&mv=m&mvi=3&pcm2cms=yes&pl=16&initcwndbps=695000&vprv=1&mime=video%2Fmp4&ns=mivldnOrT-UmmzWpTHpgPYIF&gir=yes&clen=16739528&dur=194.594&lmt=1584890147651348&mt=1611741877&fvip=3&keepalive=yes&c=WEB&txp=6316222&n=81r39kZFMKQBoL-xPshg&sparams=expire%2Cei%2Cip%2Cid%2Caitags%2Csource%2Crequiressl%2Cvprv%2Cmime%2Cns%2Cgir%2Cclen%2Cdur%2Clmt&sig=AOq0QJ8wRQIhALY7mmIqOkUOYtKEv5dp3xFBtcDiHJJG-qh0S4TIlvpkAiA09HxE3k4ArenC-ibOoNAsYGu_8OowXoONNWhq165NIg%3D%3D&lsparams=mh%2Cmm%2Cmn%2Cms%2Cmv%2Cmvi%2Cpcm2cms%2Cpl%2Cinitcwndbps&lsig=AG3C_xAwRAIgMADhXvZBV2R-Qm74-IwFni3xOyCzf4-X9oHTy0SZmjQCIFsuf4MDsC5WboCzE7LXJN_RULVDi-wKlXlUux_h0-EX&ratebypass=yes", "player_url": null, "ext": "mp4", "height": 480, "format_note": "480p", "vcodec": "avc1.4d401f", "asr": null, "filesize": 16739528, "fps": 30, "tbr": 978.966, "width": 854, "acodec": "none", "downloader_options": {"http_chunk_size": 10485760}, "format": "135 - 854x480 (480p)", "protocol": "https", "http_headers": {"User-Agent": "Mozilla/5.0 (Windows NT 10.0; Win64; x64) AppleWebKit/537.36 (KHTML, like Gecko) Chrome/72.0.3626.85 Safari/537.36", "Accept-Charset": "ISO-8859-1,utf-8;q=0.7,*;q=0.7", "Accept": "text/html,application/xhtml+xml,application/xml;q=0.9,*/*;q=0.8", "Accept-Encoding": "gzip, deflate", "Accept-Language": "en-us,en;q=0.5"}}, {"format_id": "248", "url": "https://r3---sn-5njj-u2xl.googlevideo.com/videoplayback?expire=1611763839&ei=HzwRYJelEtSggQPpnoK4Cg&ip=140.109.135.76&id=o-AHmCtHGxGR3P_P3QB8h1RpSrYAUTat3lA06yiqBbpg0d&itag=248&aitags=133%2C134%2C135%2C136%2C137%2C160%2C242%2C243%2C244%2C247%2C248%2C271%2C278%2C313&source=youtube&requiressl=yes&mh=rq&mm=31%2C29&mn=sn-5njj-u2xl%2Csn-un57en7s&ms=au%2Crdu&mv=m&mvi=3&pcm2cms=yes&pl=16&initcwndbps=695000&vprv=1&mime=video%2Fwebm&ns=mivldnOrT-UmmzWpTHpgPYIF&gir=yes&clen=31428237&dur=194.594&lmt=1584890150261250&mt=1611741877&fvip=3&keepalive=yes&c=WEB&txp=6316222&n=81r39kZFMKQBoL-xPshg&sparams=expire%2Cei%2Cip%2Cid%2Caitags%2Csource%2Crequiressl%2Cvprv%2Cmime%2Cns%2Cgir%2Cclen%2Cdur%2Clmt&sig=AOq0QJ8wRQIhAMr4Y3iBmTfdbYduYq7y-bTTK2x4PxCVLKxogSRIqhmeAiBpPx_f8lEoAMQ6oniLBuCzyCjv0qn0hXGiEOXUU2MK5A%3D%3D&lsparams=mh%2Cmm%2Cmn%2Cms%2Cmv%2Cmvi%2Cpcm2cms%2Cpl%2Cinitcwndbps&lsig=AG3C_xAwRAIgMADhXvZBV2R-Qm74-IwFni3xOyCzf4-X9oHTy0SZmjQCIFsuf4MDsC5WboCzE7LXJN_RULVDi-wKlXlUux_h0-EX&ratebypass=yes", "player_url": null, "ext": "webm", "height": 1080, "format_note": "1080p", "vcodec": "vp9", "asr": null, "filesize": 31428237, "fps": 30, "tbr": 1622.841, "width": 1920, "acodec": "none", "downloader_options": {"http_chunk_size": 10485760}, "format": "248 - 1920x1080 (1080p)", "protocol": "https", "http_headers": {"User-Agent": "Mozilla/5.0 (Windows NT 10.0; Win64; x64) AppleWebKit/537.36 (KHTML, like Gecko) Chrome/72.0.3626.85 Safari/537.36", "Accept-Charset": "ISO-8859-1,utf-8;q=0.7,*;q=0.7", "Accept": "text/html,application/xhtml+xml,application/xml;q=0.9,*/*;q=0.8", "Accept-Encoding": "gzip, deflate", "Accept-Language": "en-us,en;q=0.5"}}, {"format_id": "136", "url": "https://r3---sn-5njj-u2xl.googlevideo.com/videoplayback?expire=1611763839&ei=HzwRYJelEtSggQPpnoK4Cg&ip=140.109.135.76&id=o-AHmCtHGxGR3P_P3QB8h1RpSrYAUTat3lA06yiqBbpg0d&itag=136&aitags=133%2C134%2C135%2C136%2C137%2C160%2C242%2C243%2C244%2C247%2C248%2C271%2C278%2C313&source=youtube&requiressl=yes&mh=rq&mm=31%2C29&mn=sn-5njj-u2xl%2Csn-un57en7s&ms=au%2Crdu&mv=m&mvi=3&pcm2cms=yes&pl=16&initcwndbps=695000&vprv=1&mime=video%2Fmp4&ns=mivldnOrT-UmmzWpTHpgPYIF&gir=yes&clen=32324388&dur=194.594&lmt=1584890147652768&mt=1611741877&fvip=3&keepalive=yes&c=WEB&txp=6316222&n=81r39kZFMKQBoL-xPshg&sparams=expire%2Cei%2Cip%2Cid%2Caitags%2Csource%2Crequiressl%2Cvprv%2Cmime%2Cns%2Cgir%2Cclen%2Cdur%2Clmt&sig=AOq0QJ8wRQIgWuLFORnS0QUJ0c8bxFKBm-Phg_14hhNHccmUUuqLpcQCIQDDPwNJOuVef2I3qq14jANWsq8PSMpBZAOWWlE5K05Xlw%3D%3D&lsparams=mh%2Cmm%2Cmn%2Cms%2Cmv%2Cmvi%2Cpcm2cms%2Cpl%2Cinitcwndbps&lsig=AG3C_xAwRAIgMADhXvZBV2R-Qm74-IwFni3xOyCzf4-X9oHTy0SZmjQCIFsuf4MDsC5WboCzE7LXJN_RULVDi-wKlXlUux_h0-EX&ratebypass=yes", "player_url": null, "ext": "mp4", "height": 720, "format_note": "720p", "vcodec": "avc1.4d401f", "asr": null, "filesize": 32324388, "fps": 30, "tbr": 2122.188, "width": 1280, "acodec": "none", "downloader_options": {"http_chunk_size": 10485760}, "format": "136 - 1280x720 (720p)", "protocol": "https", "http_headers": {"User-Agent": "Mozilla/5.0 (Windows NT 10.0; Win64; x64) AppleWebKit/537.36 (KHTML, like Gecko) Chrome/72.0.3626.85 Safari/537.36", "Accept-Charset": "ISO-8859-1,utf-8;q=0.7,*;q=0.7", "Accept": "text/html,application/xhtml+xml,application/xml;q=0.9,*/*;q=0.8", "Accept-Encoding": "gzip, deflate", "Accept-Language": "en-us,en;q=0.5"}}, {"format_id": "137", "url": "https://r3---sn-5njj-u2xl.googlevideo.com/videoplayback?expire=1611763839&ei=HzwRYJelEtSggQPpnoK4Cg&ip=140.109.135.76&id=o-AHmCtHGxGR3P_P3QB8h1RpSrYAUTat3lA06yiqBbpg0d&itag=137&aitags=133%2C134%2C135%2C136%2C137%2C160%2C242%2C243%2C244%2C247%2C248%2C271%2C278%2C313&source=youtube&requiressl=yes&mh=rq&mm=31%2C29&mn=sn-5njj-u2xl%2Csn-un57en7s&ms=au%2Crdu&mv=m&mvi=3&pcm2cms=yes&pl=16&initcwndbps=695000&vprv=1&mime=video%2Fmp4&ns=mivldnOrT-UmmzWpTHpgPYIF&gir=yes&clen=59066425&dur=194.594&lmt=1584890147651712&mt=1611741877&fvip=3&keepalive=yes&c=WEB&txp=6316222&n=81r39kZFMKQBoL-xPshg&sparams=expire%2Cei%2Cip%2Cid%2Caitags%2Csource%2Crequiressl%2Cvprv%2Cmime%2Cns%2Cgir%2Cclen%2Cdur%2Clmt&sig=AOq0QJ8wRQIhAPF9relNr7dtmY2rMblwXPmc0gVMAkpt1REclakDHe56AiBMNLH5NPM9i54P_dFA9CtitLiX5YdqsH7yjzFRfxN2dw%3D%3D&lsparams=mh%2Cmm%2Cmn%2Cms%2Cmv%2Cmvi%2Cpcm2cms%2Cpl%2Cinitcwndbps&lsig=AG3C_xAwRAIgMADhXvZBV2R-Qm74-IwFni3xOyCzf4-X9oHTy0SZmjQCIFsuf4MDsC5WboCzE7LXJN_RULVDi-wKlXlUux_h0-EX&ratebypass=yes", "player_url": null, "ext": "mp4", "height": 1080, "format_note": "1080p", "vcodec": "avc1.640028", "asr": null, "filesize": 59066425, "fps": 30, "tbr": 3995.936, "width": 1920, "acodec": "none", "downloader_options": {"http_chunk_size": 10485760}, "format": "137 - 1920x1080 (1080p)", "protocol": "https", "http_headers": {"User-Agent": "Mozilla/5.0 (Windows NT 10.0; Win64; x64) AppleWebKit/537.36 (KHTML, like Gecko) Chrome/72.0.3626.85 Safari/537.36", "Accept-Charset": "ISO-8859-1,utf-8;q=0.7,*;q=0.7", "Accept": "text/html,application/xhtml+xml,application/xml;q=0.9,*/*;q=0.8", "Accept-Encoding": "gzip, deflate", "Accept-Language": "en-us,en;q=0.5"}}, {"format_id": "271", "url": "https://r3---sn-5njj-u2xl.googlevideo.com/videoplayback?expire=1611763839&ei=HzwRYJelEtSggQPpnoK4Cg&ip=140.109.135.76&id=o-AHmCtHGxGR3P_P3QB8h1RpSrYAUTat3lA06yiqBbpg0d&itag=271&aitags=133%2C134%2C135%2C136%2C137%2C160%2C242%2C243%2C244%2C247%2C248%2C271%2C278%2C313&source=youtube&requiressl=yes&mh=rq&mm=31%2C29&mn=sn-5njj-u2xl%2Csn-un57en7s&ms=au%2Crdu&mv=m&mvi=3&pcm2cms=yes&pl=16&initcwndbps=695000&vprv=1&mime=video%2Fwebm&ns=mivldnOrT-UmmzWpTHpgPYIF&gir=yes&clen=90813784&dur=194.594&lmt=1584890150267187&mt=1611741877&fvip=3&keepalive=yes&c=WEB&txp=6316222&n=81r39kZFMKQBoL-xPshg&sparams=expire%2Cei%2Cip%2Cid%2Caitags%2Csource%2Crequiressl%2Cvprv%2Cmime%2Cns%2Cgir%2Cclen%2Cdur%2Clmt&sig=AOq0QJ8wRQIgC9RXvuBnIogOZb0NoJaR9U4-a3X6301qhBCLOvnsi24CIQCHnuDUyZbMvZFMJS-vG90guCsCOpF2PjjhaWebHc1lUg%3D%3D&lsparams=mh%2Cmm%2Cmn%2Cms%2Cmv%2Cmvi%2Cpcm2cms%2Cpl%2Cinitcwndbps&lsig=AG3C_xAwRAIgMADhXvZBV2R-Qm74-IwFni3xOyCzf4-X9oHTy0SZmjQCIFsuf4MDsC5WboCzE7LXJN_RULVDi-wKlXlUux_h0-EX&ratebypass=yes", "player_url": null, "ext": "webm", "height": 1440, "format_note": "1440p", "vcodec": "vp9", "asr": null, "filesize": 90813784, "fps": 30, "tbr": 4261.443, "width": 2560, "acodec": "none", "downloader_options": {"http_chunk_size": 10485760}, "format": "271 - 2560x1440 (1440p)", "protocol": "https", "http_headers": {"User-Agent": "Mozilla/5.0 (Windows NT 10.0; Win64; x64) AppleWebKit/537.36 (KHTML, like Gecko) Chrome/72.0.3626.85 Safari/537.36", "Accept-Charset": "ISO-8859-1,utf-8;q=0.7,*;q=0.7", "Accept": "text/html,application/xhtml+xml,application/xml;q=0.9,*/*;q=0.8", "Accept-Encoding": "gzip, deflate", "Accept-Language": "en-us,en;q=0.5"}}, {"format_id": "313", "url": "https://r3---sn-5njj-u2xl.googlevideo.com/videoplayback?expire=1611763839&ei=HzwRYJelEtSggQPpnoK4Cg&ip=140.109.135.76&id=o-AHmCtHGxGR3P_P3QB8h1RpSrYAUTat3lA06yiqBbpg0d&itag=313&aitags=133%2C134%2C135%2C136%2C137%2C160%2C242%2C243%2C244%2C247%2C248%2C271%2C278%2C313&source=youtube&requiressl=yes&mh=rq&mm=31%2C29&mn=sn-5njj-u2xl%2Csn-un57en7s&ms=au%2Crdu&mv=m&mvi=3&pcm2cms=yes&pl=16&initcwndbps=695000&vprv=1&mime=video%2Fwebm&ns=mivldnOrT-UmmzWpTHpgPYIF&gir=yes&clen=206298724&dur=194.594&lmt=1584890150268894&mt=1611741877&fvip=3&keepalive=yes&c=WEB&txp=6316222&n=81r39kZFMKQBoL-xPshg&sparams=expire%2Cei%2Cip%2Cid%2Caitags%2Csource%2Crequiressl%2Cvprv%2Cmime%2Cns%2Cgir%2Cclen%2Cdur%2Clmt&sig=AOq0QJ8wRQIhAPWZx6TbQoe0YyMQdlBz17h_XDx6_tsTpHwG0CE-Q6P4AiAEJNfKSnosqIVNo0Mw-ipu2GlnuUzVNCZeGoXBGp9-jg%3D%3D&lsparams=mh%2Cmm%2Cmn%2Cms%2Cmv%2Cmvi%2Cpcm2cms%2Cpl%2Cinitcwndbps&lsig=AG3C_xAwRAIgMADhXvZBV2R-Qm74-IwFni3xOyCzf4-X9oHTy0SZmjQCIFsuf4MDsC5WboCzE7LXJN_RULVDi-wKlXlUux_h0-EX&ratebypass=yes", "player_url": null, "ext": "webm", "height": 2160, "format_note": "2160p", "vcodec": "vp9", "asr": null, "filesize": 206298724, "fps": 30, "tbr": 9075.559, "width": 3840, "acodec": "none", "downloader_options": {"http_chunk_size": 10485760}, "format": "313 - 3840x2160 (2160p)", "protocol": "https", "http_headers": {"User-Agent": "Mozilla/5.0 (Windows NT 10.0; Win64; x64) AppleWebKit/537.36 (KHTML, like Gecko) Chrome/72.0.3626.85 Safari/537.36", "Accept-Charset": "ISO-8859-1,utf-8;q=0.7,*;q=0.7", "Accept": "text/html,application/xhtml+xml,application/xml;q=0.9,*/*;q=0.8", "Accept-Encoding": "gzip, deflate", "Accept-Language": "en-us,en;q=0.5"}}, {"format_id": "18", "url": "https://r3---sn-5njj-u2xl.googlevideo.com/videoplayback?expire=1611763839&ei=HzwRYJelEtSggQPpnoK4Cg&ip=140.109.135.76&id=o-AHmCtHGxGR3P_P3QB8h1RpSrYAUTat3lA06yiqBbpg0d&itag=18&source=youtube&requiressl=yes&mh=rq&mm=31%2C29&mn=sn-5njj-u2xl%2Csn-un57en7s&ms=au%2Crdu&mv=m&mvi=3&pcm2cms=yes&pl=16&initcwndbps=695000&vprv=1&mime=video%2Fmp4&ns=utgu7VXXE3hzrBC78xtpJlYF&gir=yes&clen=13690527&ratebypass=yes&dur=194.652&lmt=1584890141440551&mt=1611741877&fvip=3&c=WEB&txp=6316222&n=S1EbLF1LWtkD1IeFENrF&sparams=expire%2Cei%2Cip%2Cid%2Citag%2Csource%2Crequiressl%2Cvprv%2Cmime%2Cns%2Cgir%2Cclen%2Cratebypass%2Cdur%2Clmt&sig=AOq0QJ8wRQIhAJqxYrtMLSRQMKnAaWvlGK-ec20OOrEjXy5uZ9qRpzkSAiBQWs78umR6RQiVnWKH1DKjtV-SEuD3uEcAb2DipMGHag%3D%3D&lsparams=mh%2Cmm%2Cmn%2Cms%2Cmv%2Cmvi%2Cpcm2cms%2Cpl%2Cinitcwndbps&lsig=AG3C_xAwRAIgMADhXvZBV2R-Qm74-IwFni3xOyCzf4-X9oHTy0SZmjQCIFsuf4MDsC5WboCzE7LXJN_RULVDi-wKlXlUux_h0-EX", "player_url": null, "ext": "mp4", "width": 640, "height": 360, "acodec": "mp4a.40.2", "abr": 96, "vcodec": "avc1.42001E", "asr": 44100, "filesize": 13690527, "format_note": "360p", "fps": 30, "tbr": 562.834, "format": "18 - 640x360 (360p)", "protocol": "https", "http_headers": {"User-Agent": "Mozilla/5.0 (Windows NT 10.0; Win64; x64) AppleWebKit/537.36 (KHTML, like Gecko) Chrome/72.0.3626.85 Safari/537.36", "Accept-Charset": "ISO-8859-1,utf-8;q=0.7,*;q=0.7", "Accept": "text/html,application/xhtml+xml,application/xml;q=0.9,*/*;q=0.8", "Accept-Encoding": "gzip, deflate", "Accept-Language": "en-us,en;q=0.5"}}], "is_live": null, "start_time": null, "end_time": null, "series": null, "season_number": null, "episode_number": null, "track": null, "artist": null, "album": null, "release_date": null, "release_year": null, "extractor": "youtube", "webpage_url_basename": "watch", "extractor_key": "Youtube", "playlist": null, "playlist_index": null, "thumbnail": "https://i.ytimg.com/vi_webp/nd84XDsAX14/maxresdefault.webp?v=5e78299e", "display_id": "nd84XDsAX14", "requested_subtitles": null, "format_id": "251", "url": "https://r3---sn-5njj-u2xl.googlevideo.com/videoplayback?expire=1611763839&ei=HzwRYJelEtSggQPpnoK4Cg&ip=140.109.135.76&id=o-AHmCtHGxGR3P_P3QB8h1RpSrYAUTat3lA06yiqBbpg0d&itag=251&source=youtube&requiressl=yes&mh=rq&mm=31%2C29&mn=sn-5njj-u2xl%2Csn-un57en7s&ms=au%2Crdu&mv=m&mvi=3&pcm2cms=yes&pl=16&initcwndbps=695000&vprv=1&mime=audio%2Fwebm&ns=mivldnOrT-UmmzWpTHpgPYIF&gir=yes&clen=3744432&dur=194.621&lmt=1584890095267515&mt=1611741877&fvip=3&keepalive=yes&c=WEB&txp=6311222&n=81r39kZFMKQBoL-xPshg&sparams=expire%2Cei%2Cip%2Cid%2Citag%2Csource%2Crequiressl%2Cvprv%2Cmime%2Cns%2Cgir%2Cclen%2Cdur%2Clmt&sig=AOq0QJ8wRQIhAOt8GYQw25NnwzQem4Vd2jh0-VRmb3R2myRQn21aqHwdAiB0cDQowBV1BejggNE9c9H_p2szUu69qgDkExHTJY54xA%3D%3D&lsparams=mh%2Cmm%2Cmn%2Cms%2Cmv%2Cmvi%2Cpcm2cms%2Cpl%2Cinitcwndbps&lsig=AG3C_xAwRAIgMADhXvZBV2R-Qm74-IwFni3xOyCzf4-X9oHTy0SZmjQCIFsuf4MDsC5WboCzE7LXJN_RULVDi-wKlXlUux_h0-EX&ratebypass=yes", "player_url": null, "ext": "webm", "format_note": "tiny", "acodec": "opus", "abr": 160, "asr": 48000, "filesize": 3744432, "fps": null, "height": null, "tbr": 161.456, "width": null, "vcodec": "none", "downloader_options": {"http_chunk_size": 10485760}, "format": "251 - audio only (tiny)", "protocol": "https", "http_headers": {"User-Agent": "Mozilla/5.0 (Windows NT 10.0; Win64; x64) AppleWebKit/537.36 (KHTML, like Gecko) Chrome/72.0.3626.85 Safari/537.36", "Accept-Charset": "ISO-8859-1,utf-8;q=0.7,*;q=0.7", "Accept": "text/html,application/xhtml+xml,application/xml;q=0.9,*/*;q=0.8", "Accept-Encoding": "gzip, deflate", "Accept-Language": "en-us,en;q=0.5"}}