{"id": "o5AIp2Yc01M", "uploader": "pok9er", "uploader_id": "pok9er", "uploader_url": "http://www.youtube.com/user/pok9er", "channel_id": "UCK3cqabN1FkX5IIlkKd98LQ", "channel_url": "http://www.youtube.com/channel/UCK3cqabN1FkX5IIlkKd98LQ", "upload_date": "20080809", "license": null, "creator": "Ennio Morricone", "title": "4. The Crave (Jolly Roll Morton) - The Legend of 1900", "alt_title": "The Crave", "thumbnails": [{"url": "https://i.ytimg.com/vi/o5AIp2Yc01M/hqdefault.jpg?sqp=-oaymwEbCKgBEF5IVfKriqkDDggBFQAAiEIYAXABwAEG&rs=AOn4CLAJM_wfqj4XyO_EDQ6EqFOLd7MEsA", "width": 168, "height": 94, "resolution": "168x94", "id": "0"}, {"url": "https://i.ytimg.com/vi/o5AIp2Yc01M/hqdefault.jpg?sqp=-oaymwEbCMQBEG5IVfKriqkDDggBFQAAiEIYAXABwAEG&rs=AOn4CLBwPvq_pPwDKshIAlsURA7Q4KGucw", "width": 196, "height": 110, "resolution": "196x110", "id": "1"}, {"url": "https://i.ytimg.com/vi/o5AIp2Yc01M/hqdefault.jpg?sqp=-oaymwEcCPYBEIoBSFXyq4qpAw4IARUAAIhCGAFwAcABBg==&rs=AOn4CLChWgsbY0oH30s7l_dvW6pXHvaG-g", "width": 246, "height": 138, "resolution": "246x138", "id": "2"}, {"url": "https://i.ytimg.com/vi/o5AIp2Yc01M/hqdefault.jpg?sqp=-oaymwEcCNACELwBSFXyq4qpAw4IARUAAIhCGAFwAcABBg==&rs=AOn4CLCipbr6R1r5B545aDedDGZ8TSiqZg", "width": 336, "height": 188, "resolution": "336x188", "id": "3"}], "description": "The Legend of 1900 by Ennio Morricone\nTrack 4\ncheck out The Falls Channel\n\nhttps://www.youtube.com/channel/UCAqRoDc7KnqyThTnGqnkjfQ", "categories": ["Music"], "tags": ["soundtrack"], "subtitles": {}, "automatic_captions": {}, "duration": 110, "age_limit": 0, "annotations": null, "chapters": null, "webpage_url": "https://www.youtube.com/watch?v=o5AIp2Yc01M", "view_count": 1260228, "like_count": 6034, "dislike_count": 93, "average_rating": 4.9392853, "formats": [{"format_id": "249", "url": "https://r6---sn-5njj-u2xe.googlevideo.com/videoplayback?expire=1612200421&ei=heUXYNfPD6-Ks8IPyryxiAk&ip=140.109.135.76&id=o-AMO_71ucn7e1cFmix2WKgJhgceYuoUDuIgaPXp8IdTRT&itag=249&source=youtube&requiressl=yes&mh=lR&mm=31%2C29&mn=sn-5njj-u2xe%2Csn-un57sn76&ms=au%2Crdu&mv=m&mvi=6&pl=16&initcwndbps=410000&vprv=1&mime=audio%2Fwebm&ns=N9Qstbg5ogwts7G_VI-VxOkF&gir=yes&clen=879739&dur=110.241&lmt=1578827155099700&mt=1612178454&fvip=6&keepalive=yes&beids=23886212&c=WEB&txp=5431432&n=H0PvRxyGUIk9egDjF&sparams=expire%2Cei%2Cip%2Cid%2Citag%2Csource%2Crequiressl%2Cvprv%2Cmime%2Cns%2Cgir%2Cclen%2Cdur%2Clmt&lsparams=mh%2Cmm%2Cmn%2Cms%2Cmv%2Cmvi%2Cpl%2Cinitcwndbps&lsig=AG3C_xAwRgIhANOaFG9ghS7RB2P_dGpJABbaumHQEVMuzp-POKDdlklXAiEA_veReqE3v90qPyKphljqwbcFANVYEc3XMeRAXP0EcCs%3D&sig=AOq0QJ8wRQIhAN6PBMg_-E8q5blmzZCye7HOUkuiBPbnrRHDR9P1PsaeAiB-FrWSI7q1VW4rTk5vKFgtTqQdLiUbLV-iM9OxU5OhJA==&ratebypass=yes", "player_url": "/s/player/7bc032d0/player_ias.vflset/en_US/base.js", "ext": "webm", "format_note": "tiny", "acodec": "opus", "abr": 50, "asr": 48000, "filesize": 879739, "fps": null, "height": null, "tbr": 69.221, "width": null, "vcodec": "none", "downloader_options": {"http_chunk_size": 10485760}, "format": "249 - audio only (tiny)", "protocol": "https", "http_headers": {"User-Agent": "Mozilla/5.0 (Windows NT 10.0; Win64; x64) AppleWebKit/537.36 (KHTML, like Gecko) Chrome/74.0.3729.116 Safari/537.36", "Accept-Charset": "ISO-8859-1,utf-8;q=0.7,*;q=0.7", "Accept": "text/html,application/xhtml+xml,application/xml;q=0.9,*/*;q=0.8", "Accept-Encoding": "gzip, deflate", "Accept-Language": "en-us,en;q=0.5"}}, {"format_id": "250", "url": "https://r6---sn-5njj-u2xe.googlevideo.com/videoplayback?expire=1612200421&ei=heUXYNfPD6-Ks8IPyryxiAk&ip=140.109.135.76&id=o-AMO_71ucn7e1cFmix2WKgJhgceYuoUDuIgaPXp8IdTRT&itag=250&source=youtube&requiressl=yes&mh=lR&mm=31%2C29&mn=sn-5njj-u2xe%2Csn-un57sn76&ms=au%2Crdu&mv=m&mvi=6&pl=16&initcwndbps=410000&vprv=1&mime=audio%2Fwebm&ns=N9Qstbg5ogwts7G_VI-VxOkF&gir=yes&clen=1156695&dur=110.241&lmt=1578827155216372&mt=1612178454&fvip=6&keepalive=yes&beids=23886212&c=WEB&txp=5431432&n=H0PvRxyGUIk9egDjF&sparams=expire%2Cei%2Cip%2Cid%2Citag%2Csource%2Crequiressl%2Cvprv%2Cmime%2Cns%2Cgir%2Cclen%2Cdur%2Clmt&lsparams=mh%2Cmm%2Cmn%2Cms%2Cmv%2Cmvi%2Cpl%2Cinitcwndbps&lsig=AG3C_xAwRgIhAIFA2mxkOKa1HhDVnsGX83CEOs2JmhVNkB9B8USVChOPAiEAxHjrwjCxEURxXSN3vpvO22shKRFxm8W3WIpN1WbdQA0%3D&sig=AOq0QJ8wRgIhANqVIMBM4JjYIFO7gm8fNRLlNhhtRv8UpvB1M2zNq1z0AiEA20Ob1IwWNF_O63h9M0bPu8K72o4SL3q0vVH_nv00_no=&ratebypass=yes", "player_url": "/s/player/7bc032d0/player_ias.vflset/en_US/base.js", "ext": "webm", "format_note": "tiny", "acodec": "opus", "abr": 70, "asr": 48000, "filesize": 1156695, "fps": null, "height": null, "tbr": 90.332, "width": null, "vcodec": "none", "downloader_options": {"http_chunk_size": 10485760}, "format": "250 - audio only (tiny)", "protocol": "https", "http_headers": {"User-Agent": "Mozilla/5.0 (Windows NT 10.0; Win64; x64) AppleWebKit/537.36 (KHTML, like Gecko) Chrome/74.0.3729.116 Safari/537.36", "Accept-Charset": "ISO-8859-1,utf-8;q=0.7,*;q=0.7", "Accept": "text/html,application/xhtml+xml,application/xml;q=0.9,*/*;q=0.8", "Accept-Encoding": "gzip, deflate", "Accept-Language": "en-us,en;q=0.5"}}, {"format_id": "140", "url": "https://r6---sn-5njj-u2xe.googlevideo.com/videoplayback?expire=1612200421&ei=heUXYNfPD6-Ks8IPyryxiAk&ip=140.109.135.76&id=o-AMO_71ucn7e1cFmix2WKgJhgceYuoUDuIgaPXp8IdTRT&itag=140&source=youtube&requiressl=yes&mh=lR&mm=31%2C29&mn=sn-5njj-u2xe%2Csn-un57sn76&ms=au%2Crdu&mv=m&mvi=6&pl=16&initcwndbps=410000&vprv=1&mime=audio%2Fmp4&ns=N9Qstbg5ogwts7G_VI-VxOkF&gir=yes&clen=1785397&dur=110.271&lmt=1578827155599674&mt=1612178454&fvip=6&keepalive=yes&beids=23886212&c=WEB&txp=5431432&n=H0PvRxyGUIk9egDjF&sparams=expire%2Cei%2Cip%2Cid%2Citag%2Csource%2Crequiressl%2Cvprv%2Cmime%2Cns%2Cgir%2Cclen%2Cdur%2Clmt&lsparams=mh%2Cmm%2Cmn%2Cms%2Cmv%2Cmvi%2Cpl%2Cinitcwndbps&lsig=AG3C_xAwRQIgPW3JPTy0yOlOYAVQt2IrdOZjsiyaWcc1dsWk28HKbakCIQD0gELrJ7_gsM4Pd8XR9-CljOmeUWWv7xXp5GGAYTCw6w%3D%3D&sig=AOq0QJ8wRQIhAI8RCt97pi4ak4fuY0gN9RB8sdYMfx4UHJRm0Pw4XFfyAiALe6yJEsyeUqYwgHaESMYd-3CtNcGDKbQOaCodp9bJ9Q==&ratebypass=yes", "player_url": "/s/player/7bc032d0/player_ias.vflset/en_US/base.js", "ext": "m4a", "format_note": "tiny", "acodec": "mp4a.40.2", "abr": 128, "container": "m4a_dash", "asr": 44100, "filesize": 1785397, "fps": null, "height": null, "tbr": 131.319, "width": null, "vcodec": "none", "downloader_options": {"http_chunk_size": 10485760}, "format": "140 - audio only (tiny)", "protocol": "https", "http_headers": {"User-Agent": "Mozilla/5.0 (Windows NT 10.0; Win64; x64) AppleWebKit/537.36 (KHTML, like Gecko) Chrome/74.0.3729.116 Safari/537.36", "Accept-Charset": "ISO-8859-1,utf-8;q=0.7,*;q=0.7", "Accept": "text/html,application/xhtml+xml,application/xml;q=0.9,*/*;q=0.8", "Accept-Encoding": "gzip, deflate", "Accept-Language": "en-us,en;q=0.5"}}, {"format_id": "251", "url": "https://r6---sn-5njj-u2xe.googlevideo.com/videoplayback?expire=1612200421&ei=heUXYNfPD6-Ks8IPyryxiAk&ip=140.109.135.76&id=o-AMO_71ucn7e1cFmix2WKgJhgceYuoUDuIgaPXp8IdTRT&itag=251&source=youtube&requiressl=yes&mh=lR&mm=31%2C29&mn=sn-5njj-u2xe%2Csn-un57sn76&ms=au%2Crdu&mv=m&mvi=6&pl=16&initcwndbps=410000&vprv=1&mime=audio%2Fwebm&ns=N9Qstbg5ogwts7G_VI-VxOkF&gir=yes&clen=2167682&dur=110.241&lmt=1578827156000891&mt=1612178454&fvip=6&keepalive=yes&beids=23886212&c=WEB&txp=5431432&n=H0PvRxyGUIk9egDjF&sparams=expire%2Cei%2Cip%2Cid%2Citag%2Csource%2Crequiressl%2Cvprv%2Cmime%2Cns%2Cgir%2Cclen%2Cdur%2Clmt&lsparams=mh%2Cmm%2Cmn%2Cms%2Cmv%2Cmvi%2Cpl%2Cinitcwndbps&lsig=AG3C_xAwRgIhAIqHeOocG8kKVkP2-9RPTjvZ_8ruHkh_sDkJZQMQkqETAiEAqSuEiw-Tfkiy4WSLZb4DKar9v5yuMd6rbpWs70DIDeg%3D&sig=AOq0QJ8wRQIhAJmG1QHBAAguJS4Br5SIa8gDHezo_laUbfgRREbKoMnhAiBWe95T3xZLw_YhpnonKM9TUU4wOCa9Owu6GYCqwG8Eiw==&ratebypass=yes", "player_url": "/s/player/7bc032d0/player_ias.vflset/en_US/base.js", "ext": "webm", "format_note": "tiny", "acodec": "opus", "abr": 160, "asr": 48000, "filesize": 2167682, "fps": null, "height": null, "tbr": 166.94, "width": null, "vcodec": "none", "downloader_options": {"http_chunk_size": 10485760}, "format": "251 - audio only (tiny)", "protocol": "https", "http_headers": {"User-Agent": "Mozilla/5.0 (Windows NT 10.0; Win64; x64) AppleWebKit/537.36 (KHTML, like Gecko) Chrome/74.0.3729.116 Safari/537.36", "Accept-Charset": "ISO-8859-1,utf-8;q=0.7,*;q=0.7", "Accept": "text/html,application/xhtml+xml,application/xml;q=0.9,*/*;q=0.8", "Accept-Encoding": "gzip, deflate", "Accept-Language": "en-us,en;q=0.5"}}, {"format_id": "160", "url": "https://r6---sn-5njj-u2xe.googlevideo.com/videoplayback?expire=1612200421&ei=heUXYNfPD6-Ks8IPyryxiAk&ip=140.109.135.76&id=o-AMO_71ucn7e1cFmix2WKgJhgceYuoUDuIgaPXp8IdTRT&itag=160&aitags=133%2C160%2C242%2C278%2C394%2C395&source=youtube&requiressl=yes&mh=lR&mm=31%2C29&mn=sn-5njj-u2xe%2Csn-un57sn76&ms=au%2Crdu&mv=m&mvi=6&pl=16&initcwndbps=410000&vprv=1&mime=video%2Fmp4&ns=N9Qstbg5ogwts7G_VI-VxOkF&gir=yes&clen=138159&dur=110.133&lmt=1578827158089561&mt=1612178454&fvip=6&keepalive=yes&beids=23886212&c=WEB&txp=5432432&n=H0PvRxyGUIk9egDjF&sparams=expire%2Cei%2Cip%2Cid%2Caitags%2Csource%2Crequiressl%2Cvprv%2Cmime%2Cns%2Cgir%2Cclen%2Cdur%2Clmt&lsparams=mh%2Cmm%2Cmn%2Cms%2Cmv%2Cmvi%2Cpl%2Cinitcwndbps&lsig=AG3C_xAwRAIgQUjqz1_jqoNyIaa7y5zt-eQzvhpzJfZhAezXnqKIQuQCIAeJb13GhaIqoQcoUOoU-7NgT1n1zs1AkI1UdixgNXSm&sig=AOq0QJ8wRQIhAJzHTvlTNSDWgI20fJTXxUVWCiHTxNMF_68Sk2MdRi5JAiATFPUyD2lo1QSOtywb0y6vNI5SHnH6tWxJ2uuN1rzS6A==&ratebypass=yes", "player_url": "/s/player/7bc032d0/player_ias.vflset/en_US/base.js", "ext": "mp4", "height": 144, "format_note": "144p", "vcodec": "avc1.4d400c", "asr": null, "filesize": 138159, "fps": 30, "tbr": 11.786, "width": 192, "acodec": "none", "downloader_options": {"http_chunk_size": 10485760}, "format": "160 - 192x144 (144p)", "protocol": "https", "http_headers": {"User-Agent": "Mozilla/5.0 (Windows NT 10.0; Win64; x64) AppleWebKit/537.36 (KHTML, like Gecko) Chrome/74.0.3729.116 Safari/537.36", "Accept-Charset": "ISO-8859-1,utf-8;q=0.7,*;q=0.7", "Accept": "text/html,application/xhtml+xml,application/xml;q=0.9,*/*;q=0.8", "Accept-Encoding": "gzip, deflate", "Accept-Language": "en-us,en;q=0.5"}}, {"format_id": "133", "url": "https://r6---sn-5njj-u2xe.googlevideo.com/videoplayback?expire=1612200421&ei=heUXYNfPD6-Ks8IPyryxiAk&ip=140.109.135.76&id=o-AMO_71ucn7e1cFmix2WKgJhgceYuoUDuIgaPXp8IdTRT&itag=133&aitags=133%2C160%2C242%2C278%2C394%2C395&source=youtube&requiressl=yes&mh=lR&mm=31%2C29&mn=sn-5njj-u2xe%2Csn-un57sn76&ms=au%2Crdu&mv=m&mvi=6&pl=16&initcwndbps=410000&vprv=1&mime=video%2Fmp4&ns=N9Qstbg5ogwts7G_VI-VxOkF&gir=yes&clen=194307&dur=110.133&lmt=1578827158086905&mt=1612178454&fvip=6&keepalive=yes&beids=23886212&c=WEB&txp=5432432&n=H0PvRxyGUIk9egDjF&sparams=expire%2Cei%2Cip%2Cid%2Caitags%2Csource%2Crequiressl%2Cvprv%2Cmime%2Cns%2Cgir%2Cclen%2Cdur%2Clmt&lsparams=mh%2Cmm%2Cmn%2Cms%2Cmv%2Cmvi%2Cpl%2Cinitcwndbps&lsig=AG3C_xAwRgIhAKL8wV1QMsGpt56CC4yVOLwkTk7C-chUT7O0FdZ1Q8OBAiEAmUwKvgiTO69eNXSIaz9yM4szkEc6Rgdv8B4OWGtIMPc%3D&sig=AOq0QJ8wRAIgNcRopRe_9dk-9-VmEa7ofS87bffoll7RCIzBait9uqgCICynNIq7VBfmFaMKADDLO4wBQRw0HUnBi-WNTFQ3C7kx&ratebypass=yes", "player_url": "/s/player/7bc032d0/player_ias.vflset/en_US/base.js", "ext": "mp4", "height": 240, "format_note": "240p", "vcodec": "avc1.4d400d", "asr": null, "filesize": 194307, "fps": 30, "tbr": 17.732, "width": 320, "acodec": "none", "downloader_options": {"http_chunk_size": 10485760}, "format": "133 - 320x240 (240p)", "protocol": "https", "http_headers": {"User-Agent": "Mozilla/5.0 (Windows NT 10.0; Win64; x64) AppleWebKit/537.36 (KHTML, like Gecko) Chrome/74.0.3729.116 Safari/537.36", "Accept-Charset": "ISO-8859-1,utf-8;q=0.7,*;q=0.7", "Accept": "text/html,application/xhtml+xml,application/xml;q=0.9,*/*;q=0.8", "Accept-Encoding": "gzip, deflate", "Accept-Language": "en-us,en;q=0.5"}}, {"format_id": "394", "url": "https://r6---sn-5njj-u2xe.googlevideo.com/videoplayback?expire=1612200421&ei=heUXYNfPD6-Ks8IPyryxiAk&ip=140.109.135.76&id=o-AMO_71ucn7e1cFmix2WKgJhgceYuoUDuIgaPXp8IdTRT&itag=394&aitags=133%2C160%2C242%2C278%2C394%2C395&source=youtube&requiressl=yes&mh=lR&mm=31%2C29&mn=sn-5njj-u2xe%2Csn-un57sn76&ms=au%2Crdu&mv=m&mvi=6&pl=16&initcwndbps=410000&vprv=1&mime=video%2Fmp4&ns=N9Qstbg5ogwts7G_VI-VxOkF&gir=yes&clen=312134&dur=110.133&lmt=1579072728630232&mt=1612178454&fvip=6&keepalive=yes&beids=23886212&c=WEB&txp=5431432&n=H0PvRxyGUIk9egDjF&sparams=expire%2Cei%2Cip%2Cid%2Caitags%2Csource%2Crequiressl%2Cvprv%2Cmime%2Cns%2Cgir%2Cclen%2Cdur%2Clmt&lsparams=mh%2Cmm%2Cmn%2Cms%2Cmv%2Cmvi%2Cpl%2Cinitcwndbps&lsig=AG3C_xAwRQIhAIQFgidfO9t8wxBoxE5E3auof9xpyrwPGG3yNRI0AcdbAiAi8wwXB4ucfi1bKor9pxKfc4nK1MVk-YWpJ8eDcsnCwg%3D%3D&sig=AOq0QJ8wRAIga2GrpfxJvOuxdnwG8QRhRVcGXBTRCxIGYXrKx5LgM_sCIFR36lHmUnCpaQfOr4EY809mZeJNuq8tnbGDF2-b6A2o&ratebypass=yes", "player_url": "/s/player/7bc032d0/player_ias.vflset/en_US/base.js", "acodec": "none", "vcodec": "av01.0.00M.08", "asr": null, "filesize": 312134, "format_note": "144p", "fps": 30, "height": 144, "tbr": 30.571, "width": 192, "ext": "mp4", "downloader_options": {"http_chunk_size": 10485760}, "format": "394 - 192x144 (144p)", "protocol": "https", "http_headers": {"User-Agent": "Mozilla/5.0 (Windows NT 10.0; Win64; x64) AppleWebKit/537.36 (KHTML, like Gecko) Chrome/74.0.3729.116 Safari/537.36", "Accept-Charset": "ISO-8859-1,utf-8;q=0.7,*;q=0.7", "Accept": "text/html,application/xhtml+xml,application/xml;q=0.9,*/*;q=0.8", "Accept-Encoding": "gzip, deflate", "Accept-Language": "en-us,en;q=0.5"}}, {"format_id": "278", "url": "https://r6---sn-5njj-u2xe.googlevideo.com/videoplayback?expire=1612200421&ei=heUXYNfPD6-Ks8IPyryxiAk&ip=140.109.135.76&id=o-AMO_71ucn7e1cFmix2WKgJhgceYuoUDuIgaPXp8IdTRT&itag=278&aitags=133%2C160%2C242%2C278%2C394%2C395&source=youtube&requiressl=yes&mh=lR&mm=31%2C29&mn=sn-5njj-u2xe%2Csn-un57sn76&ms=au%2Crdu&mv=m&mvi=6&pl=16&initcwndbps=410000&vprv=1&mime=video%2Fwebm&ns=N9Qstbg5ogwts7G_VI-VxOkF&gir=yes&clen=309567&dur=110.133&lmt=1578827169612109&mt=1612178454&fvip=6&keepalive=yes&beids=23886212&c=WEB&txp=5431432&n=H0PvRxyGUIk9egDjF&sparams=expire%2Cei%2Cip%2Cid%2Caitags%2Csource%2Crequiressl%2Cvprv%2Cmime%2Cns%2Cgir%2Cclen%2Cdur%2Clmt&lsparams=mh%2Cmm%2Cmn%2Cms%2Cmv%2Cmvi%2Cpl%2Cinitcwndbps&lsig=AG3C_xAwRAIgdJZUXkRmDd04NRocybv9wOhUTAUPh0nbdhn8GjxzPwoCIDwbBgVyMwHJgYj7ZS2CaT5K8WaIaxg0V16RIGGEPTLX&sig=AOq0QJ8wRQIhAKGxXC8gToFLimlyzGJFrzy6Whc5FS0F7uuEeQvTQbJwAiAT1gyijqen1beExhbcV_FKMCIf_LGd5_PuRRol3emlEQ==&ratebypass=yes", "player_url": "/s/player/7bc032d0/player_ias.vflset/en_US/base.js", "ext": "webm", "height": 144, "format_note": "144p", "container": "webm", "vcodec": "vp9", "asr": null, "filesize": 309567, "fps": 30, "tbr": 31.494, "width": 192, "acodec": "none", "downloader_options": {"http_chunk_size": 10485760}, "format": "278 - 192x144 (144p)", "protocol": "https", "http_headers": {"User-Agent": "Mozilla/5.0 (Windows NT 10.0; Win64; x64) AppleWebKit/537.36 (KHTML, like Gecko) Chrome/74.0.3729.116 Safari/537.36", "Accept-Charset": "ISO-8859-1,utf-8;q=0.7,*;q=0.7", "Accept": "text/html,application/xhtml+xml,application/xml;q=0.9,*/*;q=0.8", "Accept-Encoding": "gzip, deflate", "Accept-Language": "en-us,en;q=0.5"}}, {"format_id": "395", "url": "https://r6---sn-5njj-u2xe.googlevideo.com/videoplayback?expire=1612200421&ei=heUXYNfPD6-Ks8IPyryxiAk&ip=140.109.135.76&id=o-AMO_71ucn7e1cFmix2WKgJhgceYuoUDuIgaPXp8IdTRT&itag=395&aitags=133%2C160%2C242%2C278%2C394%2C395&source=youtube&requiressl=yes&mh=lR&mm=31%2C29&mn=sn-5njj-u2xe%2Csn-un57sn76&ms=au%2Crdu&mv=m&mvi=6&pl=16&initcwndbps=410000&vprv=1&mime=video%2Fmp4&ns=N9Qstbg5ogwts7G_VI-VxOkF&gir=yes&clen=537925&dur=110.133&lmt=1579072764721291&mt=1612178454&fvip=6&keepalive=yes&beids=23886212&c=WEB&txp=5431432&n=H0PvRxyGUIk9egDjF&sparams=expire%2Cei%2Cip%2Cid%2Caitags%2Csource%2Crequiressl%2Cvprv%2Cmime%2Cns%2Cgir%2Cclen%2Cdur%2Clmt&lsparams=mh%2Cmm%2Cmn%2Cms%2Cmv%2Cmvi%2Cpl%2Cinitcwndbps&lsig=AG3C_xAwRQIgfQWyG4ZBLUiMb6Cat8ueog4rbxZBYFRW93vAMFBGKsUCIQCslJE7tBHnsMZnfHfCgE1CxT1BP2HQiXnV7x87C8jL6g%3D%3D&sig=AOq0QJ8wRgIhAMfcBejmLC1NkIQRryQN3NDI1KZPBcIOhO0Kh1X7WZ3AAiEA4rYz90yso5MYK3cuYx8bmP6cXWpdPOuSQ9i7RgY6pRE=&ratebypass=yes", "player_url": "/s/player/7bc032d0/player_ias.vflset/en_US/base.js", "acodec": "none", "vcodec": "av01.0.00M.08", "asr": null, "filesize": 537925, "format_note": "240p", "fps": 30, "height": 240, "tbr": 56.293, "width": 320, "ext": "mp4", "downloader_options": {"http_chunk_size": 10485760}, "format": "395 - 320x240 (240p)", "protocol": "https", "http_headers": {"User-Agent": "Mozilla/5.0 (Windows NT 10.0; Win64; x64) AppleWebKit/537.36 (KHTML, like Gecko) Chrome/74.0.3729.116 Safari/537.36", "Accept-Charset": "ISO-8859-1,utf-8;q=0.7,*;q=0.7", "Accept": "text/html,application/xhtml+xml,application/xml;q=0.9,*/*;q=0.8", "Accept-Encoding": "gzip, deflate", "Accept-Language": "en-us,en;q=0.5"}}, {"format_id": "242", "url": "https://r6---sn-5njj-u2xe.googlevideo.com/videoplayback?expire=1612200421&ei=heUXYNfPD6-Ks8IPyryxiAk&ip=140.109.135.76&id=o-AMO_71ucn7e1cFmix2WKgJhgceYuoUDuIgaPXp8IdTRT&itag=242&aitags=133%2C160%2C242%2C278%2C394%2C395&source=youtube&requiressl=yes&mh=lR&mm=31%2C29&mn=sn-5njj-u2xe%2Csn-un57sn76&ms=au%2Crdu&mv=m&mvi=6&pl=16&initcwndbps=410000&vprv=1&mime=video%2Fwebm&ns=N9Qstbg5ogwts7G_VI-VxOkF&gir=yes&clen=563095&dur=110.133&lmt=1578827169633630&mt=1612178454&fvip=6&keepalive=yes&beids=23886212&c=WEB&txp=5431432&n=H0PvRxyGUIk9egDjF&sparams=expire%2Cei%2Cip%2Cid%2Caitags%2Csource%2Crequiressl%2Cvprv%2Cmime%2Cns%2Cgir%2Cclen%2Cdur%2Clmt&lsparams=mh%2Cmm%2Cmn%2Cms%2Cmv%2Cmvi%2Cpl%2Cinitcwndbps&lsig=AG3C_xAwRQIgEyM95CesnX_iGreFjklAlqzap7ZkEXRBK672iXBGV04CIQD1XxShMg3YejuTx5qqHbHAYKKRmcY45ibXHvuhgqd6Pw%3D%3D&sig=AOq0QJ8wRgIhAIbbwmMBdxfSEUDd28ELRWECtv2Ps7_zKM-wSMkX8f4QAiEA0yKb5ByWlAKj1SxayqfR4x_I4gfUnC7EURkN5RDXw0M=&ratebypass=yes", "player_url": "/s/player/7bc032d0/player_ias.vflset/en_US/base.js", "ext": "webm", "height": 240, "format_note": "240p", "vcodec": "vp9", "asr": null, "filesize": 563095, "fps": 30, "tbr": 59.665, "width": 320, "acodec": "none", "downloader_options": {"http_chunk_size": 10485760}, "format": "242 - 320x240 (240p)", "protocol": "https", "http_headers": {"User-Agent": "Mozilla/5.0 (Windows NT 10.0; Win64; x64) AppleWebKit/537.36 (KHTML, like Gecko) Chrome/74.0.3729.116 Safari/537.36", "Accept-Charset": "ISO-8859-1,utf-8;q=0.7,*;q=0.7", "Accept": "text/html,application/xhtml+xml,application/xml;q=0.9,*/*;q=0.8", "Accept-Encoding": "gzip, deflate", "Accept-Language": "en-us,en;q=0.5"}}, {"format_id": "18", "url": "https://r6---sn-5njj-u2xe.googlevideo.com/videoplayback?expire=1612200421&ei=heUXYNfPD6-Ks8IPyryxiAk&ip=140.109.135.76&id=o-AMO_71ucn7e1cFmix2WKgJhgceYuoUDuIgaPXp8IdTRT&itag=18&source=youtube&requiressl=yes&mh=lR&mm=31%2C29&mn=sn-5njj-u2xe%2Csn-un57sn76&ms=au%2Crdu&mv=m&mvi=6&pl=16&initcwndbps=410000&vprv=1&mime=video%2Fmp4&ns=ZZR9sNatF4VLFAK7XYBAhkQF&gir=yes&clen=2281447&ratebypass=yes&dur=110.271&lmt=1578827157084782&mt=1612178454&fvip=6&beids=23886212&c=WEB&txp=5431432&n=348INS95Fhn0-H8bP&sparams=expire%2Cei%2Cip%2Cid%2Citag%2Csource%2Crequiressl%2Cvprv%2Cmime%2Cns%2Cgir%2Cclen%2Cratebypass%2Cdur%2Clmt&lsparams=mh%2Cmm%2Cmn%2Cms%2Cmv%2Cmvi%2Cpl%2Cinitcwndbps&lsig=AG3C_xAwRAIgMNXcpQKXppsGEWTx4dpArvVhz5zv1qVH858n2bqbblcCIGZZDmbyuGdZgyWHVkXyF4B4YiRhAofZcTV-36jc1NQT&sig=AOq0QJ8wRgIhAIde13jHkCKyzWup_UpcvOpBcTfvory0o80vQmNrS7niAiEAgurYsPCiEtoV7pklj4MH8yBy2rAiPmgJ6YKFpnjNY0k=", "player_url": "/s/player/7bc032d0/player_ias.vflset/en_US/base.js", "ext": "mp4", "width": 320, "height": 240, "acodec": "mp4a.40.2", "abr": 96, "vcodec": "avc1.42001E", "asr": 44100, "filesize": 2281447, "format_note": "240p", "fps": 30, "tbr": 165.723, "format": "18 - 320x240 (240p)", "protocol": "https", "http_headers": {"User-Agent": "Mozilla/5.0 (Windows NT 10.0; Win64; x64) AppleWebKit/537.36 (KHTML, like Gecko) Chrome/74.0.3729.116 Safari/537.36", "Accept-Charset": "ISO-8859-1,utf-8;q=0.7,*;q=0.7", "Accept": "text/html,application/xhtml+xml,application/xml;q=0.9,*/*;q=0.8", "Accept-Encoding": "gzip, deflate", "Accept-Language": "en-us,en;q=0.5"}}], "is_live": null, "start_time": null, "end_time": null, "series": null, "season_number": null, "episode_number": null, "track": "The Crave", "artist": "Ennio Morricone", "album": "The Legend of 1900 - Original Motion Picture Soundtrack", "release_date": null, "release_year": null, "extractor": "youtube", "webpage_url_basename": "watch", "extractor_key": "Youtube", "playlist": null, "playlist_index": null, "thumbnail": "https://i.ytimg.com/vi/o5AIp2Yc01M/hqdefault.jpg?sqp=-oaymwEcCNACELwBSFXyq4qpAw4IARUAAIhCGAFwAcABBg==&rs=AOn4CLCipbr6R1r5B545aDedDGZ8TSiqZg", "display_id": "o5AIp2Yc01M", "requested_subtitles": null, "format_id": "251", "url": "https://r6---sn-5njj-u2xe.googlevideo.com/videoplayback?expire=1612200421&ei=heUXYNfPD6-Ks8IPyryxiAk&ip=140.109.135.76&id=o-AMO_71ucn7e1cFmix2WKgJhgceYuoUDuIgaPXp8IdTRT&itag=251&source=youtube&requiressl=yes&mh=lR&mm=31%2C29&mn=sn-5njj-u2xe%2Csn-un57sn76&ms=au%2Crdu&mv=m&mvi=6&pl=16&initcwndbps=410000&vprv=1&mime=audio%2Fwebm&ns=N9Qstbg5ogwts7G_VI-VxOkF&gir=yes&clen=2167682&dur=110.241&lmt=1578827156000891&mt=1612178454&fvip=6&keepalive=yes&beids=23886212&c=WEB&txp=5431432&n=H0PvRxyGUIk9egDjF&sparams=expire%2Cei%2Cip%2Cid%2Citag%2Csource%2Crequiressl%2Cvprv%2Cmime%2Cns%2Cgir%2Cclen%2Cdur%2Clmt&lsparams=mh%2Cmm%2Cmn%2Cms%2Cmv%2Cmvi%2Cpl%2Cinitcwndbps&lsig=AG3C_xAwRgIhAIqHeOocG8kKVkP2-9RPTjvZ_8ruHkh_sDkJZQMQkqETAiEAqSuEiw-Tfkiy4WSLZb4DKar9v5yuMd6rbpWs70DIDeg%3D&sig=AOq0QJ8wRQIhAJmG1QHBAAguJS4Br5SIa8gDHezo_laUbfgRREbKoMnhAiBWe95T3xZLw_YhpnonKM9TUU4wOCa9Owu6GYCqwG8Eiw==&ratebypass=yes", "player_url": "/s/player/7bc032d0/player_ias.vflset/en_US/base.js", "ext": "webm", "format_note": "tiny", "acodec": "opus", "abr": 160, "asr": 48000, "filesize": 2167682, "fps": null, "height": null, "tbr": 166.94, "width": null, "vcodec": "none", "downloader_options": {"http_chunk_size": 10485760}, "format": "251 - audio only (tiny)", "protocol": "https", "http_headers": {"User-Agent": "Mozilla/5.0 (Windows NT 10.0; Win64; x64) AppleWebKit/537.36 (KHTML, like Gecko) Chrome/74.0.3729.116 Safari/537.36", "Accept-Charset": "ISO-8859-1,utf-8;q=0.7,*;q=0.7", "Accept": "text/html,application/xhtml+xml,application/xml;q=0.9,*/*;q=0.8", "Accept-Encoding": "gzip, deflate", "Accept-Language": "en-us,en;q=0.5"}}