{"id": "QGID-eCoDSs", "uploader": "Ryuichi Sakamoto - Topic", "uploader_id": "UCfWELfxrSN1ryuNWZtXqR3g", "uploader_url": "http://www.youtube.com/channel/UCfWELfxrSN1ryuNWZtXqR3g", "channel_id": "UCfWELfxrSN1ryuNWZtXqR3g", "channel_url": "http://www.youtube.com/channel/UCfWELfxrSN1ryuNWZtXqR3g", "upload_date": "20150604", "license": null, "creator": "RYUICHI SAKAMOTO", "title": "TIBETAN DANCE", "alt_title": "TIBETAN DANCE", "thumbnails": [{"url": "https://i.ytimg.com/vi/QGID-eCoDSs/hqdefault.jpg?sqp=-oaymwEYCKgBEF5IVfKriqkDCwgBFQAAiEIYAXAB&rs=AOn4CLA9oMq601n4KftznnT_uG7-ybN7wA", "width": 168, "height": 94, "resolution": "168x94", "id": "0"}, {"url": "https://i.ytimg.com/vi/QGID-eCoDSs/hqdefault.jpg?sqp=-oaymwEYCMQBEG5IVfKriqkDCwgBFQAAiEIYAXAB&rs=AOn4CLCUMKyE3xCYli2oc8bgBk0p91GoWQ", "width": 196, "height": 110, "resolution": "196x110", "id": "1"}, {"url": "https://i.ytimg.com/vi/QGID-eCoDSs/hqdefault.jpg?sqp=-oaymwEZCPYBEIoBSFXyq4qpAwsIARUAAIhCGAFwAQ==&rs=AOn4CLAFz7ctW2P3w5Nl06x-t4jV1NcNtg", "width": 246, "height": 138, "resolution": "246x138", "id": "2"}, {"url": "https://i.ytimg.com/vi/QGID-eCoDSs/hqdefault.jpg?sqp=-oaymwEZCNACELwBSFXyq4qpAwsIARUAAIhCGAFwAQ==&rs=AOn4CLCIVytAMv8Cl9w6mE9HO1n5j8y8HA", "width": 336, "height": 188, "resolution": "336x188", "id": "3"}, {"url": "https://i.ytimg.com/vi/QGID-eCoDSs/maxresdefault.jpg", "width": 1920, "height": 1080, "resolution": "1920x1080", "id": "4"}], "description": "Provided to YouTube by WM Japan\n\nTIBETAN DANCE \u00b7 RYUICHI SAKAMOTO\n\n/ 05\n\n\u2117 2005 WARNER MUSIC JAPAN INC.\n\nArranger: Hajime Tachibana\nArranger, Composer, Lyricist: Ryuichi Sakamoto\n\nAuto-generated by YouTube.", "categories": ["Music"], "tags": ["RYUICHI SAKAMOTO", "\u5742\u672c\u9f8d\u4e00", "\u30b5\u30ab\u30e2\u30c8\u30ea\u30e5\u30a6\u30a4\u30c1", "/ 05", "TIBETAN DANCE"], "subtitles": {}, "automatic_captions": {}, "duration": 262, "age_limit": 0, "annotations": null, "chapters": null, "webpage_url": "https://www.youtube.com/watch?v=QGID-eCoDSs", "view_count": 20301, "like_count": 231, "dislike_count": 17, "average_rating": 4.7258062, "formats": [{"format_id": "249", "url": "https://r3---sn-5njj-u2xe.googlevideo.com/videoplayback?expire=1611763351&ei=NzoRYM3sIYig4wKTwZUo&ip=140.109.135.76&id=o-ADChEEzSvhRGiSie8Q21C0hY7PljmiMQOzxx831yYt85&itag=249&source=youtube&requiressl=yes&mh=yv&mm=31%2C29&mn=sn-5njj-u2xe%2Csn-un57sn7z&ms=au%2Crdu&mv=m&mvi=3&pl=16&gcr=tw&initcwndbps=540000&vprv=1&mime=audio%2Fwebm&ns=ycMqPwDJ6yyPLFT0p1Az4hwF&gir=yes&clen=1916842&dur=262.121&lmt=1583799043188159&mt=1611740913&fvip=3&keepalive=yes&c=WEB&txp=1301222&n=TiZ05DtXCD0OnY9V1s-p&sparams=expire%2Cei%2Cip%2Cid%2Citag%2Csource%2Crequiressl%2Cgcr%2Cvprv%2Cmime%2Cns%2Cgir%2Cclen%2Cdur%2Clmt&lsparams=mh%2Cmm%2Cmn%2Cms%2Cmv%2Cmvi%2Cpl%2Cinitcwndbps&lsig=AG3C_xAwRgIhALiTsTNFvGNG27ggQciPTDTuzZVFd9B5_wnFt4_YbJoGAiEA_2Zx9dg27-jQMF-02UmJT0uxSdn4duLv-SugVk44Q3s%3D&sig=AOq0QJ8wRQIgTkF8bg1c7T5N_9FAr_rn1no5m78wRd37GtLO--QkDa0CIQCFFWFUWlX84ochoNVn7tKbv2lFhEho4DDvbpbt7_zwfA==&ratebypass=yes", "player_url": "/s/player/c6df6ed7/player_ias.vflset/en_US/base.js", "ext": "webm", "format_note": "tiny", "acodec": "opus", "abr": 50, "asr": 48000, "filesize": 1916842, "fps": null, "height": null, "tbr": 78.94, "width": null, "vcodec": "none", "downloader_options": {"http_chunk_size": 10485760}, "format": "249 - audio only (tiny)", "protocol": "https", "http_headers": {"User-Agent": "Mozilla/5.0 (Windows NT 10.0; Win64; x64) AppleWebKit/537.36 (KHTML, like Gecko) Chrome/72.0.3626.85 Safari/537.36", "Accept-Charset": "ISO-8859-1,utf-8;q=0.7,*;q=0.7", "Accept": "text/html,application/xhtml+xml,application/xml;q=0.9,*/*;q=0.8", "Accept-Encoding": "gzip, deflate", "Accept-Language": "en-us,en;q=0.5"}}, {"format_id": "250", "url": "https://r3---sn-5njj-u2xe.googlevideo.com/videoplayback?expire=1611763351&ei=NzoRYM3sIYig4wKTwZUo&ip=140.109.135.76&id=o-ADChEEzSvhRGiSie8Q21C0hY7PljmiMQOzxx831yYt85&itag=250&source=youtube&requiressl=yes&mh=yv&mm=31%2C29&mn=sn-5njj-u2xe%2Csn-un57sn7z&ms=au%2Crdu&mv=m&mvi=3&pl=16&gcr=tw&initcwndbps=540000&vprv=1&mime=audio%2Fwebm&ns=ycMqPwDJ6yyPLFT0p1Az4hwF&gir=yes&clen=2490023&dur=262.121&lmt=1583799067633697&mt=1611740913&fvip=3&keepalive=yes&c=WEB&txp=1301222&n=TiZ05DtXCD0OnY9V1s-p&sparams=expire%2Cei%2Cip%2Cid%2Citag%2Csource%2Crequiressl%2Cgcr%2Cvprv%2Cmime%2Cns%2Cgir%2Cclen%2Cdur%2Clmt&lsparams=mh%2Cmm%2Cmn%2Cms%2Cmv%2Cmvi%2Cpl%2Cinitcwndbps&lsig=AG3C_xAwRAIgJ97yAgwNitUH0d_M33tbQZm8nYluw6s0Y9wnvHRfyMkCIAiYiqdfh5rCwYVBL_eySo6j6m0hy-dc4RK5DJy1nk8q&sig=AOq0QJ8wRQIhAL0_Mup7DP7lqBy6R5OBSsD78Of5O6FQT4nswCIhF9pWAiBUP0LhLXgXXHNIaWEs1ZKjb9iIpRrZf_08tlLYdaI22A==&ratebypass=yes", "player_url": "/s/player/c6df6ed7/player_ias.vflset/en_US/base.js", "ext": "webm", "format_note": "tiny", "acodec": "opus", "abr": 70, "asr": 48000, "filesize": 2490023, "fps": null, "height": null, "tbr": 97.455, "width": null, "vcodec": "none", "downloader_options": {"http_chunk_size": 10485760}, "format": "250 - audio only (tiny)", "protocol": "https", "http_headers": {"User-Agent": "Mozilla/5.0 (Windows NT 10.0; Win64; x64) AppleWebKit/537.36 (KHTML, like Gecko) Chrome/72.0.3626.85 Safari/537.36", "Accept-Charset": "ISO-8859-1,utf-8;q=0.7,*;q=0.7", "Accept": "text/html,application/xhtml+xml,application/xml;q=0.9,*/*;q=0.8", "Accept-Encoding": "gzip, deflate", "Accept-Language": "en-us,en;q=0.5"}}, {"format_id": "140", "url": "https://r3---sn-5njj-u2xe.googlevideo.com/videoplayback?expire=1611763351&ei=NzoRYM3sIYig4wKTwZUo&ip=140.109.135.76&id=o-ADChEEzSvhRGiSie8Q21C0hY7PljmiMQOzxx831yYt85&itag=140&source=youtube&requiressl=yes&mh=yv&mm=31%2C29&mn=sn-5njj-u2xe%2Csn-un57sn7z&ms=au%2Crdu&mv=m&mvi=3&pl=16&gcr=tw&initcwndbps=540000&vprv=1&mime=audio%2Fmp4&ns=ycMqPwDJ6yyPLFT0p1Az4hwF&gir=yes&clen=4244240&dur=262.106&lmt=1583799358653635&mt=1611740913&fvip=3&keepalive=yes&c=WEB&txp=1301222&n=TiZ05DtXCD0OnY9V1s-p&sparams=expire%2Cei%2Cip%2Cid%2Citag%2Csource%2Crequiressl%2Cgcr%2Cvprv%2Cmime%2Cns%2Cgir%2Cclen%2Cdur%2Clmt&lsparams=mh%2Cmm%2Cmn%2Cms%2Cmv%2Cmvi%2Cpl%2Cinitcwndbps&lsig=AG3C_xAwRAIgaObIyCZXaJyP_QgnTpLHToOjIXbX3t0dkTCDQE1viDACIGJKdFZ0Ct5yQ9ZLc-dXiaeI0sHhkvcZ-eA3uptz7Qkn&sig=AOq0QJ8wRgIhAJdIVGFesHXdIItzYcNXa-cxctJGFHKtaGOpqb35qopVAiEA43XY36s3XPsBsQs836-RZ3k6iBmGZ_TKS0p65oVnclc=&ratebypass=yes", "player_url": "/s/player/c6df6ed7/player_ias.vflset/en_US/base.js", "ext": "m4a", "format_note": "tiny", "acodec": "mp4a.40.2", "abr": 128, "container": "m4a_dash", "asr": 44100, "filesize": 4244240, "fps": null, "height": null, "tbr": 132.034, "width": null, "vcodec": "none", "downloader_options": {"http_chunk_size": 10485760}, "format": "140 - audio only (tiny)", "protocol": "https", "http_headers": {"User-Agent": "Mozilla/5.0 (Windows NT 10.0; Win64; x64) AppleWebKit/537.36 (KHTML, like Gecko) Chrome/72.0.3626.85 Safari/537.36", "Accept-Charset": "ISO-8859-1,utf-8;q=0.7,*;q=0.7", "Accept": "text/html,application/xhtml+xml,application/xml;q=0.9,*/*;q=0.8", "Accept-Encoding": "gzip, deflate", "Accept-Language": "en-us,en;q=0.5"}}, {"format_id": "251", "url": "https://r3---sn-5njj-u2xe.googlevideo.com/videoplayback?expire=1611763351&ei=NzoRYM3sIYig4wKTwZUo&ip=140.109.135.76&id=o-ADChEEzSvhRGiSie8Q21C0hY7PljmiMQOzxx831yYt85&itag=251&source=youtube&requiressl=yes&mh=yv&mm=31%2C29&mn=sn-5njj-u2xe%2Csn-un57sn7z&ms=au%2Crdu&mv=m&mvi=3&pl=16&gcr=tw&initcwndbps=540000&vprv=1&mime=audio%2Fwebm&ns=ycMqPwDJ6yyPLFT0p1Az4hwF&gir=yes&clen=5324397&dur=262.121&lmt=1583799044965739&mt=1611740913&fvip=3&keepalive=yes&c=WEB&txp=1301222&n=TiZ05DtXCD0OnY9V1s-p&sparams=expire%2Cei%2Cip%2Cid%2Citag%2Csource%2Crequiressl%2Cgcr%2Cvprv%2Cmime%2Cns%2Cgir%2Cclen%2Cdur%2Clmt&lsparams=mh%2Cmm%2Cmn%2Cms%2Cmv%2Cmvi%2Cpl%2Cinitcwndbps&lsig=AG3C_xAwRQIgNUd-0uwQ9QPEs0aXcZjM4xsFPchK84zuUTJo02KfedkCIQC2KeB1yiKyHLhfMLjTkkh2q8WKyiA3jHdhJ_alcWzcGw%3D%3D&sig=AOq0QJ8wRQIhAOgHxGVBVQ-RB3gI-K3lSFHtuSFYZ0LFL_dpd2nh2JIVAiBQjJzYQD1J2zQ8PHblCV3bfTS56jt-KrDFQlz6QDFcCA==&ratebypass=yes", "player_url": "/s/player/c6df6ed7/player_ias.vflset/en_US/base.js", "ext": "webm", "format_note": "tiny", "acodec": "opus", "abr": 160, "asr": 48000, "filesize": 5324397, "fps": null, "height": null, "tbr": 172.216, "width": null, "vcodec": "none", "downloader_options": {"http_chunk_size": 10485760}, "format": "251 - audio only (tiny)", "protocol": "https", "http_headers": {"User-Agent": "Mozilla/5.0 (Windows NT 10.0; Win64; x64) AppleWebKit/537.36 (KHTML, like Gecko) Chrome/72.0.3626.85 Safari/537.36", "Accept-Charset": "ISO-8859-1,utf-8;q=0.7,*;q=0.7", "Accept": "text/html,application/xhtml+xml,application/xml;q=0.9,*/*;q=0.8", "Accept-Encoding": "gzip, deflate", "Accept-Language": "en-us,en;q=0.5"}}, {"format_id": "160", "url": "https://r3---sn-5njj-u2xe.googlevideo.com/videoplayback?expire=1611763351&ei=NzoRYM3sIYig4wKTwZUo&ip=140.109.135.76&id=o-ADChEEzSvhRGiSie8Q21C0hY7PljmiMQOzxx831yYt85&itag=160&aitags=133%2C134%2C135%2C136%2C160%2C242%2C243%2C244%2C247%2C278&source=youtube&requiressl=yes&mh=yv&mm=31%2C29&mn=sn-5njj-u2xe%2Csn-un57sn7z&ms=au%2Crdu&mv=m&mvi=3&pl=16&gcr=tw&initcwndbps=540000&vprv=1&mime=video%2Fmp4&ns=ycMqPwDJ6yyPLFT0p1Az4hwF&gir=yes&clen=571743&dur=262.080&lmt=1583799583446108&mt=1611740913&fvip=3&keepalive=yes&c=WEB&txp=1306222&n=TiZ05DtXCD0OnY9V1s-p&sparams=expire%2Cei%2Cip%2Cid%2Caitags%2Csource%2Crequiressl%2Cgcr%2Cvprv%2Cmime%2Cns%2Cgir%2Cclen%2Cdur%2Clmt&lsparams=mh%2Cmm%2Cmn%2Cms%2Cmv%2Cmvi%2Cpl%2Cinitcwndbps&lsig=AG3C_xAwRgIhANvDRlctR8Ns5xcPiAZL_PG_029oULbDeGlYPDRrbXpPAiEAh_smmVq7RaL4qbITy0kP2Ms-Zj0tkS3Jqi7cnHhPqik%3D&sig=AOq0QJ8wRAIgGQVBDaFzH21oNfKg723FVfPlU_Oqd1IzazdwN5_9q0cCICGoXgbl9VjBbRuQ7t83ILXc_WgWyPlg5td1c48M6ABi&ratebypass=yes", "player_url": "/s/player/c6df6ed7/player_ias.vflset/en_US/base.js", "ext": "mp4", "height": 144, "format_note": "144p", "vcodec": "avc1.4d400b", "asr": null, "filesize": 571743, "fps": 25, "tbr": 19.629, "width": 162, "acodec": "none", "downloader_options": {"http_chunk_size": 10485760}, "format": "160 - 162x144 (144p)", "protocol": "https", "http_headers": {"User-Agent": "Mozilla/5.0 (Windows NT 10.0; Win64; x64) AppleWebKit/537.36 (KHTML, like Gecko) Chrome/72.0.3626.85 Safari/537.36", "Accept-Charset": "ISO-8859-1,utf-8;q=0.7,*;q=0.7", "Accept": "text/html,application/xhtml+xml,application/xml;q=0.9,*/*;q=0.8", "Accept-Encoding": "gzip, deflate", "Accept-Language": "en-us,en;q=0.5"}}, {"format_id": "278", "url": "https://r3---sn-5njj-u2xe.googlevideo.com/videoplayback?expire=1611763351&ei=NzoRYM3sIYig4wKTwZUo&ip=140.109.135.76&id=o-ADChEEzSvhRGiSie8Q21C0hY7PljmiMQOzxx831yYt85&itag=278&aitags=133%2C134%2C135%2C136%2C160%2C242%2C243%2C244%2C247%2C278&source=youtube&requiressl=yes&mh=yv&mm=31%2C29&mn=sn-5njj-u2xe%2Csn-un57sn7z&ms=au%2Crdu&mv=m&mvi=3&pl=16&gcr=tw&initcwndbps=540000&vprv=1&mime=video%2Fwebm&ns=ycMqPwDJ6yyPLFT0p1Az4hwF&gir=yes&clen=649132&dur=262.080&lmt=1610555867848919&mt=1611740913&fvip=3&keepalive=yes&c=WEB&txp=1316222&n=TiZ05DtXCD0OnY9V1s-p&sparams=expire%2Cei%2Cip%2Cid%2Caitags%2Csource%2Crequiressl%2Cgcr%2Cvprv%2Cmime%2Cns%2Cgir%2Cclen%2Cdur%2Clmt&lsparams=mh%2Cmm%2Cmn%2Cms%2Cmv%2Cmvi%2Cpl%2Cinitcwndbps&lsig=AG3C_xAwRgIhAIWUefFcQ7MQl-B-Ij1HS8tqiK3mX-zJVOwGwgKR2Xe2AiEAiTl-znxt8y5tFnwk_Y1fGI2V5OmtMyBi45CsdSNNkTY%3D&sig=AOq0QJ8wRAIgZI0cLqW5AP5-E22hSIeWcc2RePa9CtG3B4beCVsw7OUCIHRkAwp48xfMiJNtmYqlPeLzZqRK8zELGhIwwL5xOmbS&ratebypass=yes", "player_url": "/s/player/c6df6ed7/player_ias.vflset/en_US/base.js", "ext": "webm", "height": 144, "format_note": "144p", "container": "webm", "vcodec": "vp9", "asr": null, "filesize": 649132, "fps": 25, "tbr": 21.704, "width": 162, "acodec": "none", "downloader_options": {"http_chunk_size": 10485760}, "format": "278 - 162x144 (144p)", "protocol": "https", "http_headers": {"User-Agent": "Mozilla/5.0 (Windows NT 10.0; Win64; x64) AppleWebKit/537.36 (KHTML, like Gecko) Chrome/72.0.3626.85 Safari/537.36", "Accept-Charset": "ISO-8859-1,utf-8;q=0.7,*;q=0.7", "Accept": "text/html,application/xhtml+xml,application/xml;q=0.9,*/*;q=0.8", "Accept-Encoding": "gzip, deflate", "Accept-Language": "en-us,en;q=0.5"}}, {"format_id": "133", "url": "https://r3---sn-5njj-u2xe.googlevideo.com/videoplayback?expire=1611763351&ei=NzoRYM3sIYig4wKTwZUo&ip=140.109.135.76&id=o-ADChEEzSvhRGiSie8Q21C0hY7PljmiMQOzxx831yYt85&itag=133&aitags=133%2C134%2C135%2C136%2C160%2C242%2C243%2C244%2C247%2C278&source=youtube&requiressl=yes&mh=yv&mm=31%2C29&mn=sn-5njj-u2xe%2Csn-un57sn7z&ms=au%2Crdu&mv=m&mvi=3&pl=16&gcr=tw&initcwndbps=540000&vprv=1&mime=video%2Fmp4&ns=ycMqPwDJ6yyPLFT0p1Az4hwF&gir=yes&clen=1003314&dur=262.080&lmt=1583799583447414&mt=1611740913&fvip=3&keepalive=yes&c=WEB&txp=1306222&n=TiZ05DtXCD0OnY9V1s-p&sparams=expire%2Cei%2Cip%2Cid%2Caitags%2Csource%2Crequiressl%2Cgcr%2Cvprv%2Cmime%2Cns%2Cgir%2Cclen%2Cdur%2Clmt&lsparams=mh%2Cmm%2Cmn%2Cms%2Cmv%2Cmvi%2Cpl%2Cinitcwndbps&lsig=AG3C_xAwRgIhAJKmN9z3u2acxAnLdSLKQqVSNv-IpB_re_NchhkxUgNOAiEA7_JVCg_JhkLj2vis64m_qxj_apBH93OFCY2Kzbj8bBY%3D&sig=AOq0QJ8wRQIgCnCLu9fvCVVoQxb05BjQAydW_9RwyZUAygHWAxgVpegCIQDvEUFQUOuXwrR4cw_rCNMz5i_PPViemsJ-DWaDETHFag==&ratebypass=yes", "player_url": "/s/player/c6df6ed7/player_ias.vflset/en_US/base.js", "ext": "mp4", "height": 240, "format_note": "240p", "vcodec": "avc1.4d400d", "asr": null, "filesize": 1003314, "fps": 25, "tbr": 32.765, "width": 270, "acodec": "none", "downloader_options": {"http_chunk_size": 10485760}, "format": "133 - 270x240 (240p)", "protocol": "https", "http_headers": {"User-Agent": "Mozilla/5.0 (Windows NT 10.0; Win64; x64) AppleWebKit/537.36 (KHTML, like Gecko) Chrome/72.0.3626.85 Safari/537.36", "Accept-Charset": "ISO-8859-1,utf-8;q=0.7,*;q=0.7", "Accept": "text/html,application/xhtml+xml,application/xml;q=0.9,*/*;q=0.8", "Accept-Encoding": "gzip, deflate", "Accept-Language": "en-us,en;q=0.5"}}, {"format_id": "242", "url": "https://r3---sn-5njj-u2xe.googlevideo.com/videoplayback?expire=1611763351&ei=NzoRYM3sIYig4wKTwZUo&ip=140.109.135.76&id=o-ADChEEzSvhRGiSie8Q21C0hY7PljmiMQOzxx831yYt85&itag=242&aitags=133%2C134%2C135%2C136%2C160%2C242%2C243%2C244%2C247%2C278&source=youtube&requiressl=yes&mh=yv&mm=31%2C29&mn=sn-5njj-u2xe%2Csn-un57sn7z&ms=au%2Crdu&mv=m&mvi=3&pl=16&gcr=tw&initcwndbps=540000&vprv=1&mime=video%2Fwebm&ns=ycMqPwDJ6yyPLFT0p1Az4hwF&gir=yes&clen=1024125&dur=262.080&lmt=1610555867755254&mt=1611740913&fvip=3&keepalive=yes&c=WEB&txp=1316222&n=TiZ05DtXCD0OnY9V1s-p&sparams=expire%2Cei%2Cip%2Cid%2Caitags%2Csource%2Crequiressl%2Cgcr%2Cvprv%2Cmime%2Cns%2Cgir%2Cclen%2Cdur%2Clmt&lsparams=mh%2Cmm%2Cmn%2Cms%2Cmv%2Cmvi%2Cpl%2Cinitcwndbps&lsig=AG3C_xAwRQIhANrxGWryUkPQtS0usu_hrIT5NFH4WeRX4HiiETv1YSlkAiA0B7KFxcOSUsibQOYOxyuOO8jNww597LU93EZY06qtdg%3D%3D&sig=AOq0QJ8wRQIgC_sMXxeXVs4I9JqwuqvJU8nj-NXM-M0L9TtfsNlKGawCIQCFERlgvS01in_90Vwxdljihbh8Fjcy1cvxqjJ_cCSBEw==&ratebypass=yes", "player_url": "/s/player/c6df6ed7/player_ias.vflset/en_US/base.js", "ext": "webm", "height": 240, "format_note": "240p", "vcodec": "vp9", "asr": null, "filesize": 1024125, "fps": 25, "tbr": 33.003, "width": 270, "acodec": "none", "downloader_options": {"http_chunk_size": 10485760}, "format": "242 - 270x240 (240p)", "protocol": "https", "http_headers": {"User-Agent": "Mozilla/5.0 (Windows NT 10.0; Win64; x64) AppleWebKit/537.36 (KHTML, like Gecko) Chrome/72.0.3626.85 Safari/537.36", "Accept-Charset": "ISO-8859-1,utf-8;q=0.7,*;q=0.7", "Accept": "text/html,application/xhtml+xml,application/xml;q=0.9,*/*;q=0.8", "Accept-Encoding": "gzip, deflate", "Accept-Language": "en-us,en;q=0.5"}}, {"format_id": "243", "url": "https://r3---sn-5njj-u2xe.googlevideo.com/videoplayback?expire=1611763351&ei=NzoRYM3sIYig4wKTwZUo&ip=140.109.135.76&id=o-ADChEEzSvhRGiSie8Q21C0hY7PljmiMQOzxx831yYt85&itag=243&aitags=133%2C134%2C135%2C136%2C160%2C242%2C243%2C244%2C247%2C278&source=youtube&requiressl=yes&mh=yv&mm=31%2C29&mn=sn-5njj-u2xe%2Csn-un57sn7z&ms=au%2Crdu&mv=m&mvi=3&pl=16&gcr=tw&initcwndbps=540000&vprv=1&mime=video%2Fwebm&ns=ycMqPwDJ6yyPLFT0p1Az4hwF&gir=yes&clen=1524550&dur=262.080&lmt=1610555867814676&mt=1611740913&fvip=3&keepalive=yes&c=WEB&txp=1316222&n=TiZ05DtXCD0OnY9V1s-p&sparams=expire%2Cei%2Cip%2Cid%2Caitags%2Csource%2Crequiressl%2Cgcr%2Cvprv%2Cmime%2Cns%2Cgir%2Cclen%2Cdur%2Clmt&lsparams=mh%2Cmm%2Cmn%2Cms%2Cmv%2Cmvi%2Cpl%2Cinitcwndbps&lsig=AG3C_xAwRQIgMsSeAaxEO80iiMBxuzVxLNsEsphn0PtxW5motxUV24kCIQCqe5cLxZdDgYtjpLNRli_NKKMTVCsvX17Py_xvZfF3MQ%3D%3D&sig=AOq0QJ8wRAIgeT9hRMtGd4fYvve93QpsGoRixI6V1qGVrPRFGKeQRJ0CIBIshXTYmMhFPbl6te4zLWnXz0K6QWPHQW_egwjhiFnl&ratebypass=yes", "player_url": "/s/player/c6df6ed7/player_ias.vflset/en_US/base.js", "ext": "webm", "height": 360, "format_note": "360p", "vcodec": "vp9", "asr": null, "filesize": 1524550, "fps": 25, "tbr": 48.084, "width": 406, "acodec": "none", "downloader_options": {"http_chunk_size": 10485760}, "format": "243 - 406x360 (360p)", "protocol": "https", "http_headers": {"User-Agent": "Mozilla/5.0 (Windows NT 10.0; Win64; x64) AppleWebKit/537.36 (KHTML, like Gecko) Chrome/72.0.3626.85 Safari/537.36", "Accept-Charset": "ISO-8859-1,utf-8;q=0.7,*;q=0.7", "Accept": "text/html,application/xhtml+xml,application/xml;q=0.9,*/*;q=0.8", "Accept-Encoding": "gzip, deflate", "Accept-Language": "en-us,en;q=0.5"}}, {"format_id": "134", "url": "https://r3---sn-5njj-u2xe.googlevideo.com/videoplayback?expire=1611763351&ei=NzoRYM3sIYig4wKTwZUo&ip=140.109.135.76&id=o-ADChEEzSvhRGiSie8Q21C0hY7PljmiMQOzxx831yYt85&itag=134&aitags=133%2C134%2C135%2C136%2C160%2C242%2C243%2C244%2C247%2C278&source=youtube&requiressl=yes&mh=yv&mm=31%2C29&mn=sn-5njj-u2xe%2Csn-un57sn7z&ms=au%2Crdu&mv=m&mvi=3&pl=16&gcr=tw&initcwndbps=540000&vprv=1&mime=video%2Fmp4&ns=ycMqPwDJ6yyPLFT0p1Az4hwF&gir=yes&clen=1754646&dur=262.080&lmt=1583799583444443&mt=1611740913&fvip=3&keepalive=yes&c=WEB&txp=1306222&n=TiZ05DtXCD0OnY9V1s-p&sparams=expire%2Cei%2Cip%2Cid%2Caitags%2Csource%2Crequiressl%2Cgcr%2Cvprv%2Cmime%2Cns%2Cgir%2Cclen%2Cdur%2Clmt&lsparams=mh%2Cmm%2Cmn%2Cms%2Cmv%2Cmvi%2Cpl%2Cinitcwndbps&lsig=AG3C_xAwRQIhAMKsevoiltouNTomkZdKdbDn75eqbcve94Z-NYwuBp89AiAannHVI1A6eRYQi4kwJab_FeIDOiCTYRbV5aLr_4sqCQ%3D%3D&sig=AOq0QJ8wRgIhAPouFn09RJm7f9NLiH5Wx4Fp6Pfhepl0duK20OikVMVsAiEAgZh0r_LEONLarPMak5dh3nJ3j0q4F6usUjD2Qiiy_7s=&ratebypass=yes", "player_url": "/s/player/c6df6ed7/player_ias.vflset/en_US/base.js", "ext": "mp4", "height": 360, "format_note": "360p", "vcodec": "avc1.4d4015", "asr": null, "filesize": 1754646, "fps": 25, "tbr": 55.856, "width": 406, "acodec": "none", "downloader_options": {"http_chunk_size": 10485760}, "format": "134 - 406x360 (360p)", "protocol": "https", "http_headers": {"User-Agent": "Mozilla/5.0 (Windows NT 10.0; Win64; x64) AppleWebKit/537.36 (KHTML, like Gecko) Chrome/72.0.3626.85 Safari/537.36", "Accept-Charset": "ISO-8859-1,utf-8;q=0.7,*;q=0.7", "Accept": "text/html,application/xhtml+xml,application/xml;q=0.9,*/*;q=0.8", "Accept-Encoding": "gzip, deflate", "Accept-Language": "en-us,en;q=0.5"}}, {"format_id": "244", "url": "https://r3---sn-5njj-u2xe.googlevideo.com/videoplayback?expire=1611763351&ei=NzoRYM3sIYig4wKTwZUo&ip=140.109.135.76&id=o-ADChEEzSvhRGiSie8Q21C0hY7PljmiMQOzxx831yYt85&itag=244&aitags=133%2C134%2C135%2C136%2C160%2C242%2C243%2C244%2C247%2C278&source=youtube&requiressl=yes&mh=yv&mm=31%2C29&mn=sn-5njj-u2xe%2Csn-un57sn7z&ms=au%2Crdu&mv=m&mvi=3&pl=16&gcr=tw&initcwndbps=540000&vprv=1&mime=video%2Fwebm&ns=ycMqPwDJ6yyPLFT0p1Az4hwF&gir=yes&clen=2173856&dur=262.080&lmt=1610555867890781&mt=1611740913&fvip=3&keepalive=yes&c=WEB&txp=1316222&n=TiZ05DtXCD0OnY9V1s-p&sparams=expire%2Cei%2Cip%2Cid%2Caitags%2Csource%2Crequiressl%2Cgcr%2Cvprv%2Cmime%2Cns%2Cgir%2Cclen%2Cdur%2Clmt&lsparams=mh%2Cmm%2Cmn%2Cms%2Cmv%2Cmvi%2Cpl%2Cinitcwndbps&lsig=AG3C_xAwRAIgSwtbZvk-iaH9XjignV0ArIAhkPrIGQxkYHUPS0WeYVUCIB0zX00LG9KBiPuFemjzbbGQcn3qQeI8IBGX0M_t5NUq&sig=AOq0QJ8wRAIgIXRDAPq_F0zPSHZeH7PqFPCiLNJ5K8juWaxkRTHdDtUCIBLqwL9v3k7p4Iw6P0baPEtfnP1xaY8HspWugrahw1kl&ratebypass=yes", "player_url": "/s/player/c6df6ed7/player_ias.vflset/en_US/base.js", "ext": "webm", "height": 480, "format_note": "480p", "vcodec": "vp9", "asr": null, "filesize": 2173856, "fps": 25, "tbr": 68.037, "width": 542, "acodec": "none", "downloader_options": {"http_chunk_size": 10485760}, "format": "244 - 542x480 (480p)", "protocol": "https", "http_headers": {"User-Agent": "Mozilla/5.0 (Windows NT 10.0; Win64; x64) AppleWebKit/537.36 (KHTML, like Gecko) Chrome/72.0.3626.85 Safari/537.36", "Accept-Charset": "ISO-8859-1,utf-8;q=0.7,*;q=0.7", "Accept": "text/html,application/xhtml+xml,application/xml;q=0.9,*/*;q=0.8", "Accept-Encoding": "gzip, deflate", "Accept-Language": "en-us,en;q=0.5"}}, {"format_id": "135", "url": "https://r3---sn-5njj-u2xe.googlevideo.com/videoplayback?expire=1611763351&ei=NzoRYM3sIYig4wKTwZUo&ip=140.109.135.76&id=o-ADChEEzSvhRGiSie8Q21C0hY7PljmiMQOzxx831yYt85&itag=135&aitags=133%2C134%2C135%2C136%2C160%2C242%2C243%2C244%2C247%2C278&source=youtube&requiressl=yes&mh=yv&mm=31%2C29&mn=sn-5njj-u2xe%2Csn-un57sn7z&ms=au%2Crdu&mv=m&mvi=3&pl=16&gcr=tw&initcwndbps=540000&vprv=1&mime=video%2Fmp4&ns=ycMqPwDJ6yyPLFT0p1Az4hwF&gir=yes&clen=3257338&dur=262.080&lmt=1583799583445724&mt=1611740913&fvip=3&keepalive=yes&c=WEB&txp=1306222&n=TiZ05DtXCD0OnY9V1s-p&sparams=expire%2Cei%2Cip%2Cid%2Caitags%2Csource%2Crequiressl%2Cgcr%2Cvprv%2Cmime%2Cns%2Cgir%2Cclen%2Cdur%2Clmt&lsparams=mh%2Cmm%2Cmn%2Cms%2Cmv%2Cmvi%2Cpl%2Cinitcwndbps&lsig=AG3C_xAwRQIhAJM-H8Brpm5n-A0lBhzM611vpt3Z0n5dswWLQ1-ZN6vvAiA2CD6o7m8_Xf-hgHZwI22OYrqvaw0meWMxU41XbUj94g%3D%3D&sig=AOq0QJ8wRgIhAL0BqJikfPTJ1_PFLvDIH39HZQtqMy4RkJZcZsKVNmF7AiEAyJZod9ZugdkcN5vbi8yoWOtUjqyBG-09Trz2m1CPtaM=&ratebypass=yes", "player_url": "/s/player/c6df6ed7/player_ias.vflset/en_US/base.js", "ext": "mp4", "height": 480, "format_note": "480p", "vcodec": "avc1.4d401e", "asr": null, "filesize": 3257338, "fps": 25, "tbr": 101.795, "width": 542, "acodec": "none", "downloader_options": {"http_chunk_size": 10485760}, "format": "135 - 542x480 (480p)", "protocol": "https", "http_headers": {"User-Agent": "Mozilla/5.0 (Windows NT 10.0; Win64; x64) AppleWebKit/537.36 (KHTML, like Gecko) Chrome/72.0.3626.85 Safari/537.36", "Accept-Charset": "ISO-8859-1,utf-8;q=0.7,*;q=0.7", "Accept": "text/html,application/xhtml+xml,application/xml;q=0.9,*/*;q=0.8", "Accept-Encoding": "gzip, deflate", "Accept-Language": "en-us,en;q=0.5"}}, {"format_id": "247", "url": "https://r3---sn-5njj-u2xe.googlevideo.com/videoplayback?expire=1611763351&ei=NzoRYM3sIYig4wKTwZUo&ip=140.109.135.76&id=o-ADChEEzSvhRGiSie8Q21C0hY7PljmiMQOzxx831yYt85&itag=247&aitags=133%2C134%2C135%2C136%2C160%2C242%2C243%2C244%2C247%2C278&source=youtube&requiressl=yes&mh=yv&mm=31%2C29&mn=sn-5njj-u2xe%2Csn-un57sn7z&ms=au%2Crdu&mv=m&mvi=3&pl=16&gcr=tw&initcwndbps=540000&vprv=1&mime=video%2Fwebm&ns=ycMqPwDJ6yyPLFT0p1Az4hwF&gir=yes&clen=3439102&dur=262.080&lmt=1610555867889468&mt=1611740913&fvip=3&keepalive=yes&c=WEB&txp=1316222&n=TiZ05DtXCD0OnY9V1s-p&sparams=expire%2Cei%2Cip%2Cid%2Caitags%2Csource%2Crequiressl%2Cgcr%2Cvprv%2Cmime%2Cns%2Cgir%2Cclen%2Cdur%2Clmt&lsparams=mh%2Cmm%2Cmn%2Cms%2Cmv%2Cmvi%2Cpl%2Cinitcwndbps&lsig=AG3C_xAwRAIgYtCdPaXG5zfN-FQ1PabMdGsAA4fTF_lfvW6usi9wAgICIEHlJodZTeQMHoP8-mwN19mHlqF-vJ3DnvICa4Oajg69&sig=AOq0QJ8wRQIhAIWU4Q2dey0oanlmzT1O286DfIOpXTVIYioRRf1ZRLX5AiATAp1HMYlPE4jfFwsbldYL_M0LO7wGjWjH6gyMRyLXlw==&ratebypass=yes", "player_url": "/s/player/c6df6ed7/player_ias.vflset/en_US/base.js", "ext": "webm", "height": 720, "format_note": "720p", "vcodec": "vp9", "asr": null, "filesize": 3439102, "fps": 25, "tbr": 106.615, "width": 812, "acodec": "none", "downloader_options": {"http_chunk_size": 10485760}, "format": "247 - 812x720 (720p)", "protocol": "https", "http_headers": {"User-Agent": "Mozilla/5.0 (Windows NT 10.0; Win64; x64) AppleWebKit/537.36 (KHTML, like Gecko) Chrome/72.0.3626.85 Safari/537.36", "Accept-Charset": "ISO-8859-1,utf-8;q=0.7,*;q=0.7", "Accept": "text/html,application/xhtml+xml,application/xml;q=0.9,*/*;q=0.8", "Accept-Encoding": "gzip, deflate", "Accept-Language": "en-us,en;q=0.5"}}, {"format_id": "136", "url": "https://r3---sn-5njj-u2xe.googlevideo.com/videoplayback?expire=1611763351&ei=NzoRYM3sIYig4wKTwZUo&ip=140.109.135.76&id=o-ADChEEzSvhRGiSie8Q21C0hY7PljmiMQOzxx831yYt85&itag=136&aitags=133%2C134%2C135%2C136%2C160%2C242%2C243%2C244%2C247%2C278&source=youtube&requiressl=yes&mh=yv&mm=31%2C29&mn=sn-5njj-u2xe%2Csn-un57sn7z&ms=au%2Crdu&mv=m&mvi=3&pl=16&gcr=tw&initcwndbps=540000&vprv=1&mime=video%2Fmp4&ns=ycMqPwDJ6yyPLFT0p1Az4hwF&gir=yes&clen=5771554&dur=262.080&lmt=1583799583451722&mt=1611740913&fvip=3&keepalive=yes&c=WEB&txp=1306222&n=TiZ05DtXCD0OnY9V1s-p&sparams=expire%2Cei%2Cip%2Cid%2Caitags%2Csource%2Crequiressl%2Cgcr%2Cvprv%2Cmime%2Cns%2Cgir%2Cclen%2Cdur%2Clmt&lsparams=mh%2Cmm%2Cmn%2Cms%2Cmv%2Cmvi%2Cpl%2Cinitcwndbps&lsig=AG3C_xAwRQIhAPjkdcl9STobMFjuiQ-JiS0RiKXjDzxdPrN46AHQrV1MAiBRtHRAUSPTNGPobRqUoJE9AWqgg0ASccTx19XfxQbM8g%3D%3D&sig=AOq0QJ8wRAIgGmrgBxz3sUqiV7Zs2G-jfm13R1IGiYkdnDVjGFbucdcCIETGvDsLg-4SM0Lixjb2Ha5UeaA-WLEANI8mKvBTcEYB&ratebypass=yes", "player_url": "/s/player/c6df6ed7/player_ias.vflset/en_US/base.js", "ext": "mp4", "height": 720, "format_note": "720p", "vcodec": "avc1.4d401f", "asr": null, "filesize": 5771554, "fps": 25, "tbr": 178.35, "width": 812, "acodec": "none", "downloader_options": {"http_chunk_size": 10485760}, "format": "136 - 812x720 (720p)", "protocol": "https", "http_headers": {"User-Agent": "Mozilla/5.0 (Windows NT 10.0; Win64; x64) AppleWebKit/537.36 (KHTML, like Gecko) Chrome/72.0.3626.85 Safari/537.36", "Accept-Charset": "ISO-8859-1,utf-8;q=0.7,*;q=0.7", "Accept": "text/html,application/xhtml+xml,application/xml;q=0.9,*/*;q=0.8", "Accept-Encoding": "gzip, deflate", "Accept-Language": "en-us,en;q=0.5"}}, {"format_id": "18", "url": "https://r3---sn-5njj-u2xe.googlevideo.com/videoplayback?expire=1611763351&ei=NzoRYM3sIYig4wKTwZUo&ip=140.109.135.76&id=o-ADChEEzSvhRGiSie8Q21C0hY7PljmiMQOzxx831yYt85&itag=18&source=youtube&requiressl=yes&mh=yv&mm=31%2C29&mn=sn-5njj-u2xe%2Csn-un57sn7z&ms=au%2Crdu&mv=m&mvi=3&pl=16&gcr=tw&initcwndbps=540000&vprv=1&mime=video%2Fmp4&ns=sqlCqjw7RkfRl36jqhP_lCEF&gir=yes&clen=7616126&ratebypass=yes&dur=262.153&lmt=1583798136704172&mt=1611740913&fvip=3&c=WEB&txp=1311222&n=EcBd3RfJb_aTmhQcP0iR&sparams=expire%2Cei%2Cip%2Cid%2Citag%2Csource%2Crequiressl%2Cgcr%2Cvprv%2Cmime%2Cns%2Cgir%2Cclen%2Cratebypass%2Cdur%2Clmt&lsparams=mh%2Cmm%2Cmn%2Cms%2Cmv%2Cmvi%2Cpl%2Cinitcwndbps&lsig=AG3C_xAwRQIgMP3kdneNg1nS6XLfIMiLRVr41-Jiau7yriB6DFW85mICIQC-ArbqXMOz_SgYXdqbcsAuslH7MY0driq3OSgekLfMVQ%3D%3D&sig=AOq0QJ8wRAIgSW6Au1uq0g7NgCbMmwT9n3-oG5JVe8htpt9uJsLH4HkCIFIvTeylnt8x1U0F7PYQHoMShcNAwO877ThYetIC3LJb", "player_url": "/s/player/c6df6ed7/player_ias.vflset/en_US/base.js", "ext": "mp4", "width": 406, "height": 360, "acodec": "mp4a.40.2", "abr": 96, "vcodec": "avc1.42001E", "asr": 44100, "filesize": 7616126, "format_note": "360p", "fps": 25, "tbr": 232.482, "format": "18 - 406x360 (360p)", "protocol": "https", "http_headers": {"User-Agent": "Mozilla/5.0 (Windows NT 10.0; Win64; x64) AppleWebKit/537.36 (KHTML, like Gecko) Chrome/72.0.3626.85 Safari/537.36", "Accept-Charset": "ISO-8859-1,utf-8;q=0.7,*;q=0.7", "Accept": "text/html,application/xhtml+xml,application/xml;q=0.9,*/*;q=0.8", "Accept-Encoding": "gzip, deflate", "Accept-Language": "en-us,en;q=0.5"}}], "is_live": null, "start_time": null, "end_time": null, "series": null, "season_number": null, "episode_number": null, "track": "TIBETAN DANCE", "artist": "RYUICHI SAKAMOTO", "album": "/ 05", "release_date": null, "release_year": 2005, "extractor": "youtube", "webpage_url_basename": "watch", "extractor_key": "Youtube", "playlist": null, "playlist_index": null, "thumbnail": "https://i.ytimg.com/vi/QGID-eCoDSs/maxresdefault.jpg", "display_id": "QGID-eCoDSs", "requested_subtitles": null, "format_id": "251", "url": "https://r3---sn-5njj-u2xe.googlevideo.com/videoplayback?expire=1611763351&ei=NzoRYM3sIYig4wKTwZUo&ip=140.109.135.76&id=o-ADChEEzSvhRGiSie8Q21C0hY7PljmiMQOzxx831yYt85&itag=251&source=youtube&requiressl=yes&mh=yv&mm=31%2C29&mn=sn-5njj-u2xe%2Csn-un57sn7z&ms=au%2Crdu&mv=m&mvi=3&pl=16&gcr=tw&initcwndbps=540000&vprv=1&mime=audio%2Fwebm&ns=ycMqPwDJ6yyPLFT0p1Az4hwF&gir=yes&clen=5324397&dur=262.121&lmt=1583799044965739&mt=1611740913&fvip=3&keepalive=yes&c=WEB&txp=1301222&n=TiZ05DtXCD0OnY9V1s-p&sparams=expire%2Cei%2Cip%2Cid%2Citag%2Csource%2Crequiressl%2Cgcr%2Cvprv%2Cmime%2Cns%2Cgir%2Cclen%2Cdur%2Clmt&lsparams=mh%2Cmm%2Cmn%2Cms%2Cmv%2Cmvi%2Cpl%2Cinitcwndbps&lsig=AG3C_xAwRQIgNUd-0uwQ9QPEs0aXcZjM4xsFPchK84zuUTJo02KfedkCIQC2KeB1yiKyHLhfMLjTkkh2q8WKyiA3jHdhJ_alcWzcGw%3D%3D&sig=AOq0QJ8wRQIhAOgHxGVBVQ-RB3gI-K3lSFHtuSFYZ0LFL_dpd2nh2JIVAiBQjJzYQD1J2zQ8PHblCV3bfTS56jt-KrDFQlz6QDFcCA==&ratebypass=yes", "player_url": "/s/player/c6df6ed7/player_ias.vflset/en_US/base.js", "ext": "webm", "format_note": "tiny", "acodec": "opus", "abr": 160, "asr": 48000, "filesize": 5324397, "fps": null, "height": null, "tbr": 172.216, "width": null, "vcodec": "none", "downloader_options": {"http_chunk_size": 10485760}, "format": "251 - audio only (tiny)", "protocol": "https", "http_headers": {"User-Agent": "Mozilla/5.0 (Windows NT 10.0; Win64; x64) AppleWebKit/537.36 (KHTML, like Gecko) Chrome/72.0.3626.85 Safari/537.36", "Accept-Charset": "ISO-8859-1,utf-8;q=0.7,*;q=0.7", "Accept": "text/html,application/xhtml+xml,application/xml;q=0.9,*/*;q=0.8", "Accept-Encoding": "gzip, deflate", "Accept-Language": "en-us,en;q=0.5"}}