{"id": "r-XDrTTSXeI", "uploader": "Jarrod Radnich", "uploader_id": "JarrodRadnichMusic", "uploader_url": "http://www.youtube.com/user/JarrodRadnichMusic", "channel_id": "UCrR9q7XWIqB5LhazlKYi-Og", "channel_url": "http://www.youtube.com/channel/UCrR9q7XWIqB5LhazlKYi-Og", "upload_date": "20141128", "license": null, "creator": null, "title": "Jarrod Radnich - Virtuosic Piano Solo - I Saw Three Ships", "alt_title": null, "thumbnails": [{"url": "https://i.ytimg.com/vi/r-XDrTTSXeI/hqdefault.jpg?sqp=-oaymwEbCKgBEF5IVfKriqkDDggBFQAAiEIYAXABwAEG&rs=AOn4CLCUbhgGPSPpCjyMofFsYQbxB8desQ", "width": 168, "height": 94, "resolution": "168x94", "id": "0"}, {"url": "https://i.ytimg.com/vi/r-XDrTTSXeI/hqdefault.jpg?sqp=-oaymwEbCMQBEG5IVfKriqkDDggBFQAAiEIYAXABwAEG&rs=AOn4CLBS5uTktGvlu81DNPeBWIBkGvr9XQ", "width": 196, "height": 110, "resolution": "196x110", "id": "1"}, {"url": "https://i.ytimg.com/vi/r-XDrTTSXeI/hqdefault.jpg?sqp=-oaymwEcCPYBEIoBSFXyq4qpAw4IARUAAIhCGAFwAcABBg==&rs=AOn4CLCp1mCYiGIEFW1Y2kFoQnTvKdk5RQ", "width": 246, "height": 138, "resolution": "246x138", "id": "2"}, {"url": "https://i.ytimg.com/vi/r-XDrTTSXeI/hqdefault.jpg?sqp=-oaymwEcCNACELwBSFXyq4qpAw4IARUAAIhCGAFwAcABBg==&rs=AOn4CLD4Sd-sukIlYkQ-fgHh02tItsyxJw", "width": 336, "height": 188, "resolution": "336x188", "id": "3"}, {"url": "https://i.ytimg.com/vi_webp/r-XDrTTSXeI/maxresdefault.webp", "width": 1920, "height": 1080, "resolution": "1920x1080", "id": "4"}], "description": "SHEET MUSIC here http://bit.ly/1yGUfIn at Musicnotes.com along with all Jarrod's other Christmas arrangements.\n\nMP3 and free streaming at ReverbNation.com/jarrodradnich\n\nJarrod Radnich performing his arrangement of the favorite Christmas Carol, \"I Saw Three Ships\" on a Mason & Hamlin BB piano.\n\nConveying the feeling of an exhilarating and much anticipated water voyage aboard a ship, this arrangement breaks the song out of its traditional 6/8 time signature to various alternating time signatures including 5/4 to enhance and capture the excitement of this musical journey.\n\nProduced by Mastermind Studios\nMusic Composition & Piano Performance: Jarrod Radnich \nExecutive Producers: Anne LaFaye and Kathleen Marsh\nDirectors: Jarrod Radnich & Thor Wixom\nCinematographer: Thor Wixom\nEditors: Jarrod Radnich and Anne LaFaye\nDigital Imaging Technician: Shiblon Wixom\nGaffer: Laurence Malloy\nJib Operator: Victor Pancerev\nCamera Assistant: Joel Swanner\nKey Grip: Joseph Webb\nSound Engineering: Mastermind Studios\nThree Ship Replicas: Old-Modern Handicrafts, Inc.\nPiano Technician: Ed Boulware\nHair: Bernadette Ingalls (Kole Michael Salon)", "categories": ["Music"], "tags": ["I Saw Three Ships", "musicnotes", "Virtuoso (Profession)", "Solo", "Music Education (Field Of Study)", "Radnich", "sheet music", "Piano (Musical Instrument)", "Keyboard", "christmas", "carol", "recital", "Piano Solo (Composition Type)", "The Piano Guys (Musical Artist)", "jarrod radnich", "Mason And Hamlin (Musical Instrument Company)", "Pianodisc", "Lagomarsino", "Burgett", "Jesus", "Jesus Christ (Deity)", "x-mas"], "subtitles": {}, "automatic_captions": {}, "duration": 173, "age_limit": 0, "annotations": null, "chapters": null, "webpage_url": "https://www.youtube.com/watch?v=r-XDrTTSXeI", "view_count": 1222524, "like_count": 10516, "dislike_count": 112, "average_rating": 4.9578471, "formats": [{"format_id": "249", "url": "https://r1---sn-5njj-u2xl.googlevideo.com/videoplayback?expire=1612426615&ei=F1kbYMCCE7Cxs8IPsMm_qAg&ip=140.109.135.76&id=o-ACtkDvcif-QeG5lnx9Cz16-RYymYYgwuMMmZuf64elWu&itag=249&source=youtube&requiressl=yes&mh=Ft&mm=31%2C29&mn=sn-5njj-u2xl%2Csn-un57en7e&ms=au%2Crdu&mv=m&mvi=1&pl=16&initcwndbps=335000&vprv=1&mime=audio%2Fwebm&ns=4FBfa7scAl9rMB_9qBkRCXYF&gir=yes&clen=1118095&dur=172.501&lmt=1577774201185163&mt=1612404782&fvip=1&keepalive=yes&c=WEB&txp=5431432&n=WFDh4eL-884ob4tFe&sparams=expire%2Cei%2Cip%2Cid%2Citag%2Csource%2Crequiressl%2Cvprv%2Cmime%2Cns%2Cgir%2Cclen%2Cdur%2Clmt&sig=AOq0QJ8wRQIge3-L9vQDUPjHETHnOq_fXCiigJ9cJvrj-r0TGE1Z0akCIQC-YS-lDByKtyGQ7YOGxepfUqZamzKmVU5KrnSC26jnZw%3D%3D&lsparams=mh%2Cmm%2Cmn%2Cms%2Cmv%2Cmvi%2Cpl%2Cinitcwndbps&lsig=AG3C_xAwRQIhAM0ngyN4RyhCw6wQMJPfu4Kn9Ds6SnEzgziMEc2jnyMVAiB7ZsCnQOQYKrJ_EmsEPb8ti19CC7QXEZL6tPx61xjY2Q%3D%3D&ratebypass=yes", "player_url": null, "ext": "webm", "format_note": "tiny", "acodec": "opus", "abr": 50, "asr": 48000, "filesize": 1118095, "fps": null, "height": null, "tbr": 62.349, "width": null, "vcodec": "none", "downloader_options": {"http_chunk_size": 10485760}, "format": "249 - audio only (tiny)", "protocol": "https", "http_headers": {"User-Agent": "Mozilla/5.0 (Windows NT 10.0; Win64; x64) AppleWebKit/537.36 (KHTML, like Gecko) Chrome/70.0.3538.122 Safari/537.36", "Accept-Charset": "ISO-8859-1,utf-8;q=0.7,*;q=0.7", "Accept": "text/html,application/xhtml+xml,application/xml;q=0.9,*/*;q=0.8", "Accept-Encoding": "gzip, deflate", "Accept-Language": "en-us,en;q=0.5"}}, {"format_id": "250", "url": "https://r1---sn-5njj-u2xl.googlevideo.com/videoplayback?expire=1612426615&ei=F1kbYMCCE7Cxs8IPsMm_qAg&ip=140.109.135.76&id=o-ACtkDvcif-QeG5lnx9Cz16-RYymYYgwuMMmZuf64elWu&itag=250&source=youtube&requiressl=yes&mh=Ft&mm=31%2C29&mn=sn-5njj-u2xl%2Csn-un57en7e&ms=au%2Crdu&mv=m&mvi=1&pl=16&initcwndbps=335000&vprv=1&mime=audio%2Fwebm&ns=4FBfa7scAl9rMB_9qBkRCXYF&gir=yes&clen=1499386&dur=172.501&lmt=1577774201169253&mt=1612404782&fvip=1&keepalive=yes&c=WEB&txp=5431432&n=WFDh4eL-884ob4tFe&sparams=expire%2Cei%2Cip%2Cid%2Citag%2Csource%2Crequiressl%2Cvprv%2Cmime%2Cns%2Cgir%2Cclen%2Cdur%2Clmt&sig=AOq0QJ8wRAIgS3B69J5nNjtibegTXM2ZMMqL6lVf4LdSYUv3otr9lpQCIHumZ3cXLDGnyXsF0_6Z0y_IhJJfTZkVIKUaF62kwOmQ&lsparams=mh%2Cmm%2Cmn%2Cms%2Cmv%2Cmvi%2Cpl%2Cinitcwndbps&lsig=AG3C_xAwRQIhAM0ngyN4RyhCw6wQMJPfu4Kn9Ds6SnEzgziMEc2jnyMVAiB7ZsCnQOQYKrJ_EmsEPb8ti19CC7QXEZL6tPx61xjY2Q%3D%3D&ratebypass=yes", "player_url": null, "ext": "webm", "format_note": "tiny", "acodec": "opus", "abr": 70, "asr": 48000, "filesize": 1499386, "fps": null, "height": null, "tbr": 83.691, "width": null, "vcodec": "none", "downloader_options": {"http_chunk_size": 10485760}, "format": "250 - audio only (tiny)", "protocol": "https", "http_headers": {"User-Agent": "Mozilla/5.0 (Windows NT 10.0; Win64; x64) AppleWebKit/537.36 (KHTML, like Gecko) Chrome/70.0.3538.122 Safari/537.36", "Accept-Charset": "ISO-8859-1,utf-8;q=0.7,*;q=0.7", "Accept": "text/html,application/xhtml+xml,application/xml;q=0.9,*/*;q=0.8", "Accept-Encoding": "gzip, deflate", "Accept-Language": "en-us,en;q=0.5"}}, {"format_id": "140", "url": "https://r1---sn-5njj-u2xl.googlevideo.com/videoplayback?expire=1612426615&ei=F1kbYMCCE7Cxs8IPsMm_qAg&ip=140.109.135.76&id=o-ACtkDvcif-QeG5lnx9Cz16-RYymYYgwuMMmZuf64elWu&itag=140&source=youtube&requiressl=yes&mh=Ft&mm=31%2C29&mn=sn-5njj-u2xl%2Csn-un57en7e&ms=au%2Crdu&mv=m&mvi=1&pl=16&initcwndbps=335000&vprv=1&mime=audio%2Fmp4&ns=4FBfa7scAl9rMB_9qBkRCXYF&gir=yes&clen=2792860&dur=172.524&lmt=1577774201173935&mt=1612404782&fvip=1&keepalive=yes&c=WEB&txp=5431432&n=WFDh4eL-884ob4tFe&sparams=expire%2Cei%2Cip%2Cid%2Citag%2Csource%2Crequiressl%2Cvprv%2Cmime%2Cns%2Cgir%2Cclen%2Cdur%2Clmt&sig=AOq0QJ8wRQIhAOYFn8UNZ57uPIgYtEqHLpy41vhoDRJNPZmSNupx27kjAiAshISwD_edXHX5sgVbeyatuV3fQrGmLuqw3PbobYNtNQ%3D%3D&lsparams=mh%2Cmm%2Cmn%2Cms%2Cmv%2Cmvi%2Cpl%2Cinitcwndbps&lsig=AG3C_xAwRQIhAM0ngyN4RyhCw6wQMJPfu4Kn9Ds6SnEzgziMEc2jnyMVAiB7ZsCnQOQYKrJ_EmsEPb8ti19CC7QXEZL6tPx61xjY2Q%3D%3D&ratebypass=yes", "player_url": null, "ext": "m4a", "format_note": "tiny", "acodec": "mp4a.40.2", "abr": 128, "container": "m4a_dash", "asr": 44100, "filesize": 2792860, "fps": null, "height": null, "tbr": 130.434, "width": null, "vcodec": "none", "downloader_options": {"http_chunk_size": 10485760}, "format": "140 - audio only (tiny)", "protocol": "https", "http_headers": {"User-Agent": "Mozilla/5.0 (Windows NT 10.0; Win64; x64) AppleWebKit/537.36 (KHTML, like Gecko) Chrome/70.0.3538.122 Safari/537.36", "Accept-Charset": "ISO-8859-1,utf-8;q=0.7,*;q=0.7", "Accept": "text/html,application/xhtml+xml,application/xml;q=0.9,*/*;q=0.8", "Accept-Encoding": "gzip, deflate", "Accept-Language": "en-us,en;q=0.5"}}, {"format_id": "251", "url": "https://r1---sn-5njj-u2xl.googlevideo.com/videoplayback?expire=1612426615&ei=F1kbYMCCE7Cxs8IPsMm_qAg&ip=140.109.135.76&id=o-ACtkDvcif-QeG5lnx9Cz16-RYymYYgwuMMmZuf64elWu&itag=251&source=youtube&requiressl=yes&mh=Ft&mm=31%2C29&mn=sn-5njj-u2xl%2Csn-un57en7e&ms=au%2Crdu&mv=m&mvi=1&pl=16&initcwndbps=335000&vprv=1&mime=audio%2Fwebm&ns=4FBfa7scAl9rMB_9qBkRCXYF&gir=yes&clen=2907644&dur=172.501&lmt=1577774201155789&mt=1612404782&fvip=1&keepalive=yes&c=WEB&txp=5431432&n=WFDh4eL-884ob4tFe&sparams=expire%2Cei%2Cip%2Cid%2Citag%2Csource%2Crequiressl%2Cvprv%2Cmime%2Cns%2Cgir%2Cclen%2Cdur%2Clmt&sig=AOq0QJ8wRgIhAKlsfDTBMjxmz3u39istQd-objXfLnPIoK_DrPzgigTwAiEA5Ew73FeV_LwUncYPqvoW4ZeVQ6lGw23o13e7u0r0_GU%3D&lsparams=mh%2Cmm%2Cmn%2Cms%2Cmv%2Cmvi%2Cpl%2Cinitcwndbps&lsig=AG3C_xAwRQIhAM0ngyN4RyhCw6wQMJPfu4Kn9Ds6SnEzgziMEc2jnyMVAiB7ZsCnQOQYKrJ_EmsEPb8ti19CC7QXEZL6tPx61xjY2Q%3D%3D&ratebypass=yes", "player_url": null, "ext": "webm", "format_note": "tiny", "acodec": "opus", "abr": 160, "asr": 48000, "filesize": 2907644, "fps": null, "height": null, "tbr": 155.784, "width": null, "vcodec": "none", "downloader_options": {"http_chunk_size": 10485760}, "format": "251 - audio only (tiny)", "protocol": "https", "http_headers": {"User-Agent": "Mozilla/5.0 (Windows NT 10.0; Win64; x64) AppleWebKit/537.36 (KHTML, like Gecko) Chrome/70.0.3538.122 Safari/537.36", "Accept-Charset": "ISO-8859-1,utf-8;q=0.7,*;q=0.7", "Accept": "text/html,application/xhtml+xml,application/xml;q=0.9,*/*;q=0.8", "Accept-Encoding": "gzip, deflate", "Accept-Language": "en-us,en;q=0.5"}}, {"format_id": "278", "url": "https://r1---sn-5njj-u2xl.googlevideo.com/videoplayback?expire=1612426615&ei=F1kbYMCCE7Cxs8IPsMm_qAg&ip=140.109.135.76&id=o-ACtkDvcif-QeG5lnx9Cz16-RYymYYgwuMMmZuf64elWu&itag=278&aitags=133%2C134%2C135%2C136%2C137%2C160%2C242%2C243%2C244%2C247%2C248%2C278&source=youtube&requiressl=yes&mh=Ft&mm=31%2C29&mn=sn-5njj-u2xl%2Csn-un57en7e&ms=au%2Crdu&mv=m&mvi=1&pl=16&initcwndbps=335000&vprv=1&mime=video%2Fwebm&ns=4FBfa7scAl9rMB_9qBkRCXYF&gir=yes&clen=2043281&dur=172.463&lmt=1577775274043484&mt=1612404782&fvip=1&keepalive=yes&c=WEB&txp=5431432&n=WFDh4eL-884ob4tFe&sparams=expire%2Cei%2Cip%2Cid%2Caitags%2Csource%2Crequiressl%2Cvprv%2Cmime%2Cns%2Cgir%2Cclen%2Cdur%2Clmt&sig=AOq0QJ8wRAIgORm-O9jGI7gvBI_23GkYLtu7Rt1a9mAYIt9a7jy998oCIDt6BXHs87Ly-Fk-lRparMTnalbdTO8-v4DAFRsq8OKS&lsparams=mh%2Cmm%2Cmn%2Cms%2Cmv%2Cmvi%2Cpl%2Cinitcwndbps&lsig=AG3C_xAwRQIhAM0ngyN4RyhCw6wQMJPfu4Kn9Ds6SnEzgziMEc2jnyMVAiB7ZsCnQOQYKrJ_EmsEPb8ti19CC7QXEZL6tPx61xjY2Q%3D%3D&ratebypass=yes", "player_url": null, "ext": "webm", "height": 144, "format_note": "144p", "container": "webm", "vcodec": "vp9", "asr": null, "filesize": 2043281, "fps": 24, "tbr": 98.718, "width": 256, "acodec": "none", "downloader_options": {"http_chunk_size": 10485760}, "format": "278 - 256x144 (144p)", "protocol": "https", "http_headers": {"User-Agent": "Mozilla/5.0 (Windows NT 10.0; Win64; x64) AppleWebKit/537.36 (KHTML, like Gecko) Chrome/70.0.3538.122 Safari/537.36", "Accept-Charset": "ISO-8859-1,utf-8;q=0.7,*;q=0.7", "Accept": "text/html,application/xhtml+xml,application/xml;q=0.9,*/*;q=0.8", "Accept-Encoding": "gzip, deflate", "Accept-Language": "en-us,en;q=0.5"}}, {"format_id": "160", "url": "https://r1---sn-5njj-u2xl.googlevideo.com/videoplayback?expire=1612426615&ei=F1kbYMCCE7Cxs8IPsMm_qAg&ip=140.109.135.76&id=o-ACtkDvcif-QeG5lnx9Cz16-RYymYYgwuMMmZuf64elWu&itag=160&aitags=133%2C134%2C135%2C136%2C137%2C160%2C242%2C243%2C244%2C247%2C248%2C278&source=youtube&requiressl=yes&mh=Ft&mm=31%2C29&mn=sn-5njj-u2xl%2Csn-un57en7e&ms=au%2Crdu&mv=m&mvi=1&pl=16&initcwndbps=335000&vprv=1&mime=video%2Fmp4&ns=4FBfa7scAl9rMB_9qBkRCXYF&gir=yes&clen=2047137&dur=172.463&lmt=1577775039412448&mt=1612404782&fvip=1&keepalive=yes&c=WEB&txp=5432432&n=WFDh4eL-884ob4tFe&sparams=expire%2Cei%2Cip%2Cid%2Caitags%2Csource%2Crequiressl%2Cvprv%2Cmime%2Cns%2Cgir%2Cclen%2Cdur%2Clmt&sig=AOq0QJ8wRQIhAMx-jJmlV2C2zVC_ckYc7AkMLqUkqW4NYMv6EMFtyhnwAiAUORc7zRA2lXd1eXQDKLpNR0mqIU3GUWW36E-APB7JcA%3D%3D&lsparams=mh%2Cmm%2Cmn%2Cms%2Cmv%2Cmvi%2Cpl%2Cinitcwndbps&lsig=AG3C_xAwRQIhAM0ngyN4RyhCw6wQMJPfu4Kn9Ds6SnEzgziMEc2jnyMVAiB7ZsCnQOQYKrJ_EmsEPb8ti19CC7QXEZL6tPx61xjY2Q%3D%3D&ratebypass=yes", "player_url": null, "ext": "mp4", "height": 144, "format_note": "144p", "vcodec": "avc1.4d400c", "asr": null, "filesize": 2047137, "fps": 24, "tbr": 111.412, "width": 256, "acodec": "none", "downloader_options": {"http_chunk_size": 10485760}, "format": "160 - 256x144 (144p)", "protocol": "https", "http_headers": {"User-Agent": "Mozilla/5.0 (Windows NT 10.0; Win64; x64) AppleWebKit/537.36 (KHTML, like Gecko) Chrome/70.0.3538.122 Safari/537.36", "Accept-Charset": "ISO-8859-1,utf-8;q=0.7,*;q=0.7", "Accept": "text/html,application/xhtml+xml,application/xml;q=0.9,*/*;q=0.8", "Accept-Encoding": "gzip, deflate", "Accept-Language": "en-us,en;q=0.5"}}, {"format_id": "242", "url": "https://r1---sn-5njj-u2xl.googlevideo.com/videoplayback?expire=1612426615&ei=F1kbYMCCE7Cxs8IPsMm_qAg&ip=140.109.135.76&id=o-ACtkDvcif-QeG5lnx9Cz16-RYymYYgwuMMmZuf64elWu&itag=242&aitags=133%2C134%2C135%2C136%2C137%2C160%2C242%2C243%2C244%2C247%2C248%2C278&source=youtube&requiressl=yes&mh=Ft&mm=31%2C29&mn=sn-5njj-u2xl%2Csn-un57en7e&ms=au%2Crdu&mv=m&mvi=1&pl=16&initcwndbps=335000&vprv=1&mime=video%2Fwebm&ns=4FBfa7scAl9rMB_9qBkRCXYF&gir=yes&clen=4410423&dur=172.463&lmt=1577775274042357&mt=1612404782&fvip=1&keepalive=yes&c=WEB&txp=5431432&n=WFDh4eL-884ob4tFe&sparams=expire%2Cei%2Cip%2Cid%2Caitags%2Csource%2Crequiressl%2Cvprv%2Cmime%2Cns%2Cgir%2Cclen%2Cdur%2Clmt&sig=AOq0QJ8wRAIhAKndWA03RjvYT61PyB5NpDmTqS1EppvUpyv56kRmVWTZAh8hX2izalwB6-lMPJw4uTIj5PZaVsemiO0EVdJTykAP&lsparams=mh%2Cmm%2Cmn%2Cms%2Cmv%2Cmvi%2Cpl%2Cinitcwndbps&lsig=AG3C_xAwRQIhAM0ngyN4RyhCw6wQMJPfu4Kn9Ds6SnEzgziMEc2jnyMVAiB7ZsCnQOQYKrJ_EmsEPb8ti19CC7QXEZL6tPx61xjY2Q%3D%3D&ratebypass=yes", "player_url": null, "ext": "webm", "height": 240, "format_note": "240p", "vcodec": "vp9", "asr": null, "filesize": 4410423, "fps": 24, "tbr": 224.768, "width": 426, "acodec": "none", "downloader_options": {"http_chunk_size": 10485760}, "format": "242 - 426x240 (240p)", "protocol": "https", "http_headers": {"User-Agent": "Mozilla/5.0 (Windows NT 10.0; Win64; x64) AppleWebKit/537.36 (KHTML, like Gecko) Chrome/70.0.3538.122 Safari/537.36", "Accept-Charset": "ISO-8859-1,utf-8;q=0.7,*;q=0.7", "Accept": "text/html,application/xhtml+xml,application/xml;q=0.9,*/*;q=0.8", "Accept-Encoding": "gzip, deflate", "Accept-Language": "en-us,en;q=0.5"}}, {"format_id": "133", "url": "https://r1---sn-5njj-u2xl.googlevideo.com/videoplayback?expire=1612426615&ei=F1kbYMCCE7Cxs8IPsMm_qAg&ip=140.109.135.76&id=o-ACtkDvcif-QeG5lnx9Cz16-RYymYYgwuMMmZuf64elWu&itag=133&aitags=133%2C134%2C135%2C136%2C137%2C160%2C242%2C243%2C244%2C247%2C248%2C278&source=youtube&requiressl=yes&mh=Ft&mm=31%2C29&mn=sn-5njj-u2xl%2Csn-un57en7e&ms=au%2Crdu&mv=m&mvi=1&pl=16&initcwndbps=335000&vprv=1&mime=video%2Fmp4&ns=4FBfa7scAl9rMB_9qBkRCXYF&gir=yes&clen=3795890&dur=172.463&lmt=1577775039404948&mt=1612404782&fvip=1&keepalive=yes&c=WEB&txp=5432432&n=WFDh4eL-884ob4tFe&sparams=expire%2Cei%2Cip%2Cid%2Caitags%2Csource%2Crequiressl%2Cvprv%2Cmime%2Cns%2Cgir%2Cclen%2Cdur%2Clmt&sig=AOq0QJ8wRgIhAKWCB1oWYu53M-yZCuXGHzq9d74lgxOpR3-DJZv1ZBi3AiEAuWi3haCqOC7tmDbOCdgJskfv5l1Qd68XYWuLnC3hT2k%3D&lsparams=mh%2Cmm%2Cmn%2Cms%2Cmv%2Cmvi%2Cpl%2Cinitcwndbps&lsig=AG3C_xAwRQIhAM0ngyN4RyhCw6wQMJPfu4Kn9Ds6SnEzgziMEc2jnyMVAiB7ZsCnQOQYKrJ_EmsEPb8ti19CC7QXEZL6tPx61xjY2Q%3D%3D&ratebypass=yes", "player_url": null, "ext": "mp4", "height": 240, "format_note": "240p", "vcodec": "avc1.4d4015", "asr": null, "filesize": 3795890, "fps": 24, "tbr": 245.409, "width": 426, "acodec": "none", "downloader_options": {"http_chunk_size": 10485760}, "format": "133 - 426x240 (240p)", "protocol": "https", "http_headers": {"User-Agent": "Mozilla/5.0 (Windows NT 10.0; Win64; x64) AppleWebKit/537.36 (KHTML, like Gecko) Chrome/70.0.3538.122 Safari/537.36", "Accept-Charset": "ISO-8859-1,utf-8;q=0.7,*;q=0.7", "Accept": "text/html,application/xhtml+xml,application/xml;q=0.9,*/*;q=0.8", "Accept-Encoding": "gzip, deflate", "Accept-Language": "en-us,en;q=0.5"}}, {"format_id": "243", "url": "https://r1---sn-5njj-u2xl.googlevideo.com/videoplayback?expire=1612426615&ei=F1kbYMCCE7Cxs8IPsMm_qAg&ip=140.109.135.76&id=o-ACtkDvcif-QeG5lnx9Cz16-RYymYYgwuMMmZuf64elWu&itag=243&aitags=133%2C134%2C135%2C136%2C137%2C160%2C242%2C243%2C244%2C247%2C248%2C278&source=youtube&requiressl=yes&mh=Ft&mm=31%2C29&mn=sn-5njj-u2xl%2Csn-un57en7e&ms=au%2Crdu&mv=m&mvi=1&pl=16&initcwndbps=335000&vprv=1&mime=video%2Fwebm&ns=4FBfa7scAl9rMB_9qBkRCXYF&gir=yes&clen=7843925&dur=172.463&lmt=1577775274133443&mt=1612404782&fvip=1&keepalive=yes&c=WEB&txp=5431432&n=WFDh4eL-884ob4tFe&sparams=expire%2Cei%2Cip%2Cid%2Caitags%2Csource%2Crequiressl%2Cvprv%2Cmime%2Cns%2Cgir%2Cclen%2Cdur%2Clmt&sig=AOq0QJ8wRQIgIV_tdt1UU4faa3DvGHCxEKLo9hZhDyNMpJM8m-U5xesCIQDo1wgcF89d4grCIwTemlCC-rFmphtoQGDnCNGGK3gJiA%3D%3D&lsparams=mh%2Cmm%2Cmn%2Cms%2Cmv%2Cmvi%2Cpl%2Cinitcwndbps&lsig=AG3C_xAwRQIhAM0ngyN4RyhCw6wQMJPfu4Kn9Ds6SnEzgziMEc2jnyMVAiB7ZsCnQOQYKrJ_EmsEPb8ti19CC7QXEZL6tPx61xjY2Q%3D%3D&ratebypass=yes", "player_url": null, "ext": "webm", "height": 360, "format_note": "360p", "vcodec": "vp9", "asr": null, "filesize": 7843925, "fps": 24, "tbr": 411.437, "width": 640, "acodec": "none", "downloader_options": {"http_chunk_size": 10485760}, "format": "243 - 640x360 (360p)", "protocol": "https", "http_headers": {"User-Agent": "Mozilla/5.0 (Windows NT 10.0; Win64; x64) AppleWebKit/537.36 (KHTML, like Gecko) Chrome/70.0.3538.122 Safari/537.36", "Accept-Charset": "ISO-8859-1,utf-8;q=0.7,*;q=0.7", "Accept": "text/html,application/xhtml+xml,application/xml;q=0.9,*/*;q=0.8", "Accept-Encoding": "gzip, deflate", "Accept-Language": "en-us,en;q=0.5"}}, {"format_id": "134", "url": "https://r1---sn-5njj-u2xl.googlevideo.com/videoplayback?expire=1612426615&ei=F1kbYMCCE7Cxs8IPsMm_qAg&ip=140.109.135.76&id=o-ACtkDvcif-QeG5lnx9Cz16-RYymYYgwuMMmZuf64elWu&itag=134&aitags=133%2C134%2C135%2C136%2C137%2C160%2C242%2C243%2C244%2C247%2C248%2C278&source=youtube&requiressl=yes&mh=Ft&mm=31%2C29&mn=sn-5njj-u2xl%2Csn-un57en7e&ms=au%2Crdu&mv=m&mvi=1&pl=16&initcwndbps=335000&vprv=1&mime=video%2Fmp4&ns=4FBfa7scAl9rMB_9qBkRCXYF&gir=yes&clen=9056054&dur=172.463&lmt=1577775039416301&mt=1612404782&fvip=1&keepalive=yes&c=WEB&txp=5432432&n=WFDh4eL-884ob4tFe&sparams=expire%2Cei%2Cip%2Cid%2Caitags%2Csource%2Crequiressl%2Cvprv%2Cmime%2Cns%2Cgir%2Cclen%2Cdur%2Clmt&sig=AOq0QJ8wRQIhAILjxtZmCfgVsnAMZKPrgrxcK2gE0CPsMr8JxN_JuSXvAiBVxOoJ25E7Urbak1vVYy8u16wUJLrWQjiSdqAGzLMGbg%3D%3D&lsparams=mh%2Cmm%2Cmn%2Cms%2Cmv%2Cmvi%2Cpl%2Cinitcwndbps&lsig=AG3C_xAwRQIhAM0ngyN4RyhCw6wQMJPfu4Kn9Ds6SnEzgziMEc2jnyMVAiB7ZsCnQOQYKrJ_EmsEPb8ti19CC7QXEZL6tPx61xjY2Q%3D%3D&ratebypass=yes", "player_url": null, "ext": "mp4", "height": 360, "format_note": "360p", "vcodec": "avc1.4d401e", "asr": null, "filesize": 9056054, "fps": 24, "tbr": 569.059, "width": 640, "acodec": "none", "downloader_options": {"http_chunk_size": 10485760}, "format": "134 - 640x360 (360p)", "protocol": "https", "http_headers": {"User-Agent": "Mozilla/5.0 (Windows NT 10.0; Win64; x64) AppleWebKit/537.36 (KHTML, like Gecko) Chrome/70.0.3538.122 Safari/537.36", "Accept-Charset": "ISO-8859-1,utf-8;q=0.7,*;q=0.7", "Accept": "text/html,application/xhtml+xml,application/xml;q=0.9,*/*;q=0.8", "Accept-Encoding": "gzip, deflate", "Accept-Language": "en-us,en;q=0.5"}}, {"format_id": "244", "url": "https://r1---sn-5njj-u2xl.googlevideo.com/videoplayback?expire=1612426615&ei=F1kbYMCCE7Cxs8IPsMm_qAg&ip=140.109.135.76&id=o-ACtkDvcif-QeG5lnx9Cz16-RYymYYgwuMMmZuf64elWu&itag=244&aitags=133%2C134%2C135%2C136%2C137%2C160%2C242%2C243%2C244%2C247%2C248%2C278&source=youtube&requiressl=yes&mh=Ft&mm=31%2C29&mn=sn-5njj-u2xl%2Csn-un57en7e&ms=au%2Crdu&mv=m&mvi=1&pl=16&initcwndbps=335000&vprv=1&mime=video%2Fwebm&ns=4FBfa7scAl9rMB_9qBkRCXYF&gir=yes&clen=13364080&dur=172.463&lmt=1577775274034642&mt=1612404782&fvip=1&keepalive=yes&c=WEB&txp=5431432&n=WFDh4eL-884ob4tFe&sparams=expire%2Cei%2Cip%2Cid%2Caitags%2Csource%2Crequiressl%2Cvprv%2Cmime%2Cns%2Cgir%2Cclen%2Cdur%2Clmt&sig=AOq0QJ8wRQIgVisozNI2HN8xw3FZ9E5sHLJAJir_nDf3A6NunU2cNUgCIQDyewLeuoL1qr1jsd5IsBFxuAMPBITjD8Dmm1UOoTfxEA%3D%3D&lsparams=mh%2Cmm%2Cmn%2Cms%2Cmv%2Cmvi%2Cpl%2Cinitcwndbps&lsig=AG3C_xAwRQIhAM0ngyN4RyhCw6wQMJPfu4Kn9Ds6SnEzgziMEc2jnyMVAiB7ZsCnQOQYKrJ_EmsEPb8ti19CC7QXEZL6tPx61xjY2Q%3D%3D&ratebypass=yes", "player_url": null, "ext": "webm", "height": 480, "format_note": "480p", "vcodec": "vp9", "asr": null, "filesize": 13364080, "fps": 24, "tbr": 763.737, "width": 854, "acodec": "none", "downloader_options": {"http_chunk_size": 10485760}, "format": "244 - 854x480 (480p)", "protocol": "https", "http_headers": {"User-Agent": "Mozilla/5.0 (Windows NT 10.0; Win64; x64) AppleWebKit/537.36 (KHTML, like Gecko) Chrome/70.0.3538.122 Safari/537.36", "Accept-Charset": "ISO-8859-1,utf-8;q=0.7,*;q=0.7", "Accept": "text/html,application/xhtml+xml,application/xml;q=0.9,*/*;q=0.8", "Accept-Encoding": "gzip, deflate", "Accept-Language": "en-us,en;q=0.5"}}, {"format_id": "135", "url": "https://r1---sn-5njj-u2xl.googlevideo.com/videoplayback?expire=1612426615&ei=F1kbYMCCE7Cxs8IPsMm_qAg&ip=140.109.135.76&id=o-ACtkDvcif-QeG5lnx9Cz16-RYymYYgwuMMmZuf64elWu&itag=135&aitags=133%2C134%2C135%2C136%2C137%2C160%2C242%2C243%2C244%2C247%2C248%2C278&source=youtube&requiressl=yes&mh=Ft&mm=31%2C29&mn=sn-5njj-u2xl%2Csn-un57en7e&ms=au%2Crdu&mv=m&mvi=1&pl=16&initcwndbps=335000&vprv=1&mime=video%2Fmp4&ns=4FBfa7scAl9rMB_9qBkRCXYF&gir=yes&clen=16865750&dur=172.463&lmt=1577775039404692&mt=1612404782&fvip=1&keepalive=yes&c=WEB&txp=5432432&n=WFDh4eL-884ob4tFe&sparams=expire%2Cei%2Cip%2Cid%2Caitags%2Csource%2Crequiressl%2Cvprv%2Cmime%2Cns%2Cgir%2Cclen%2Cdur%2Clmt&sig=AOq0QJ8wRAIgE5qaBGgOj-baZocCSPVnmEcr_Rd1pWJN7-8YtrlAOKACIGiuLZClFl5-h05D8nszfrK-IlI1FdqLDh4CaxslpZjq&lsparams=mh%2Cmm%2Cmn%2Cms%2Cmv%2Cmvi%2Cpl%2Cinitcwndbps&lsig=AG3C_xAwRQIhAM0ngyN4RyhCw6wQMJPfu4Kn9Ds6SnEzgziMEc2jnyMVAiB7ZsCnQOQYKrJ_EmsEPb8ti19CC7QXEZL6tPx61xjY2Q%3D%3D&ratebypass=yes", "player_url": null, "ext": "mp4", "height": 480, "format_note": "480p", "vcodec": "avc1.4d401e", "asr": null, "filesize": 16865750, "fps": 24, "tbr": 1032.023, "width": 854, "acodec": "none", "downloader_options": {"http_chunk_size": 10485760}, "format": "135 - 854x480 (480p)", "protocol": "https", "http_headers": {"User-Agent": "Mozilla/5.0 (Windows NT 10.0; Win64; x64) AppleWebKit/537.36 (KHTML, like Gecko) Chrome/70.0.3538.122 Safari/537.36", "Accept-Charset": "ISO-8859-1,utf-8;q=0.7,*;q=0.7", "Accept": "text/html,application/xhtml+xml,application/xml;q=0.9,*/*;q=0.8", "Accept-Encoding": "gzip, deflate", "Accept-Language": "en-us,en;q=0.5"}}, {"format_id": "247", "url": "https://r1---sn-5njj-u2xl.googlevideo.com/videoplayback?expire=1612426615&ei=F1kbYMCCE7Cxs8IPsMm_qAg&ip=140.109.135.76&id=o-ACtkDvcif-QeG5lnx9Cz16-RYymYYgwuMMmZuf64elWu&itag=247&aitags=133%2C134%2C135%2C136%2C137%2C160%2C242%2C243%2C244%2C247%2C248%2C278&source=youtube&requiressl=yes&mh=Ft&mm=31%2C29&mn=sn-5njj-u2xl%2Csn-un57en7e&ms=au%2Crdu&mv=m&mvi=1&pl=16&initcwndbps=335000&vprv=1&mime=video%2Fwebm&ns=4FBfa7scAl9rMB_9qBkRCXYF&gir=yes&clen=25289728&dur=172.463&lmt=1577775274123418&mt=1612404782&fvip=1&keepalive=yes&c=WEB&txp=5431432&n=WFDh4eL-884ob4tFe&sparams=expire%2Cei%2Cip%2Cid%2Caitags%2Csource%2Crequiressl%2Cvprv%2Cmime%2Cns%2Cgir%2Cclen%2Cdur%2Clmt&sig=AOq0QJ8wRAIgbRgAxDWl3kczaaNmPvBEPaPOc9zzbdMsmXJGEPR5nNECIHmwIjrS-EK1tJNPYSR5JA52W1BkpemNTCMvxCFUXxrW&lsparams=mh%2Cmm%2Cmn%2Cms%2Cmv%2Cmvi%2Cpl%2Cinitcwndbps&lsig=AG3C_xAwRQIhAM0ngyN4RyhCw6wQMJPfu4Kn9Ds6SnEzgziMEc2jnyMVAiB7ZsCnQOQYKrJ_EmsEPb8ti19CC7QXEZL6tPx61xjY2Q%3D%3D&ratebypass=yes", "player_url": null, "ext": "webm", "height": 720, "format_note": "720p", "vcodec": "vp9", "asr": null, "filesize": 25289728, "fps": 24, "tbr": 1490.117, "width": 1280, "acodec": "none", "downloader_options": {"http_chunk_size": 10485760}, "format": "247 - 1280x720 (720p)", "protocol": "https", "http_headers": {"User-Agent": "Mozilla/5.0 (Windows NT 10.0; Win64; x64) AppleWebKit/537.36 (KHTML, like Gecko) Chrome/70.0.3538.122 Safari/537.36", "Accept-Charset": "ISO-8859-1,utf-8;q=0.7,*;q=0.7", "Accept": "text/html,application/xhtml+xml,application/xml;q=0.9,*/*;q=0.8", "Accept-Encoding": "gzip, deflate", "Accept-Language": "en-us,en;q=0.5"}}, {"format_id": "136", "url": "https://r1---sn-5njj-u2xl.googlevideo.com/videoplayback?expire=1612426615&ei=F1kbYMCCE7Cxs8IPsMm_qAg&ip=140.109.135.76&id=o-ACtkDvcif-QeG5lnx9Cz16-RYymYYgwuMMmZuf64elWu&itag=136&aitags=133%2C134%2C135%2C136%2C137%2C160%2C242%2C243%2C244%2C247%2C248%2C278&source=youtube&requiressl=yes&mh=Ft&mm=31%2C29&mn=sn-5njj-u2xl%2Csn-un57en7e&ms=au%2Crdu&mv=m&mvi=1&pl=16&initcwndbps=335000&vprv=1&mime=video%2Fmp4&ns=4FBfa7scAl9rMB_9qBkRCXYF&gir=yes&clen=30051350&dur=172.463&lmt=1577775039403415&mt=1612404782&fvip=1&keepalive=yes&c=WEB&txp=5432432&n=WFDh4eL-884ob4tFe&sparams=expire%2Cei%2Cip%2Cid%2Caitags%2Csource%2Crequiressl%2Cvprv%2Cmime%2Cns%2Cgir%2Cclen%2Cdur%2Clmt&sig=AOq0QJ8wRAIgAMqg6MJjZd3PJXbLhhpdlpQg3dzLdFdVTs3R6sorzoUCIBblpUdJkoZJ3sjnqi7B3ffcfFHXwZKCTp6qea8sNCQe&lsparams=mh%2Cmm%2Cmn%2Cms%2Cmv%2Cmvi%2Cpl%2Cinitcwndbps&lsig=AG3C_xAwRQIhAM0ngyN4RyhCw6wQMJPfu4Kn9Ds6SnEzgziMEc2jnyMVAiB7ZsCnQOQYKrJ_EmsEPb8ti19CC7QXEZL6tPx61xjY2Q%3D%3D&ratebypass=yes", "player_url": null, "ext": "mp4", "height": 720, "format_note": "720p", "vcodec": "avc1.4d401f", "asr": null, "filesize": 30051350, "fps": 24, "tbr": 1803.393, "width": 1280, "acodec": "none", "downloader_options": {"http_chunk_size": 10485760}, "format": "136 - 1280x720 (720p)", "protocol": "https", "http_headers": {"User-Agent": "Mozilla/5.0 (Windows NT 10.0; Win64; x64) AppleWebKit/537.36 (KHTML, like Gecko) Chrome/70.0.3538.122 Safari/537.36", "Accept-Charset": "ISO-8859-1,utf-8;q=0.7,*;q=0.7", "Accept": "text/html,application/xhtml+xml,application/xml;q=0.9,*/*;q=0.8", "Accept-Encoding": "gzip, deflate", "Accept-Language": "en-us,en;q=0.5"}}, {"format_id": "248", "url": "https://r1---sn-5njj-u2xl.googlevideo.com/videoplayback?expire=1612426615&ei=F1kbYMCCE7Cxs8IPsMm_qAg&ip=140.109.135.76&id=o-ACtkDvcif-QeG5lnx9Cz16-RYymYYgwuMMmZuf64elWu&itag=248&aitags=133%2C134%2C135%2C136%2C137%2C160%2C242%2C243%2C244%2C247%2C248%2C278&source=youtube&requiressl=yes&mh=Ft&mm=31%2C29&mn=sn-5njj-u2xl%2Csn-un57en7e&ms=au%2Crdu&mv=m&mvi=1&pl=16&initcwndbps=335000&vprv=1&mime=video%2Fwebm&ns=4FBfa7scAl9rMB_9qBkRCXYF&gir=yes&clen=42582284&dur=172.463&lmt=1577774717785458&mt=1612404782&fvip=1&keepalive=yes&c=WEB&txp=5431432&n=WFDh4eL-884ob4tFe&sparams=expire%2Cei%2Cip%2Cid%2Caitags%2Csource%2Crequiressl%2Cvprv%2Cmime%2Cns%2Cgir%2Cclen%2Cdur%2Clmt&sig=AOq0QJ8wRAIgIXeDYOqaHWgus1aOsDqjmCGAhhO45cNH8OLiD9gcwCECIHKIsWdVf8YZqIOvoANwe_bYM94HUOhdBwJejnEPJbb8&lsparams=mh%2Cmm%2Cmn%2Cms%2Cmv%2Cmvi%2Cpl%2Cinitcwndbps&lsig=AG3C_xAwRQIhAM0ngyN4RyhCw6wQMJPfu4Kn9Ds6SnEzgziMEc2jnyMVAiB7ZsCnQOQYKrJ_EmsEPb8ti19CC7QXEZL6tPx61xjY2Q%3D%3D&ratebypass=yes", "player_url": null, "ext": "webm", "height": 1080, "format_note": "1080p", "vcodec": "vp9", "asr": null, "filesize": 42582284, "fps": 24, "tbr": 2612.107, "width": 1920, "acodec": "none", "downloader_options": {"http_chunk_size": 10485760}, "format": "248 - 1920x1080 (1080p)", "protocol": "https", "http_headers": {"User-Agent": "Mozilla/5.0 (Windows NT 10.0; Win64; x64) AppleWebKit/537.36 (KHTML, like Gecko) Chrome/70.0.3538.122 Safari/537.36", "Accept-Charset": "ISO-8859-1,utf-8;q=0.7,*;q=0.7", "Accept": "text/html,application/xhtml+xml,application/xml;q=0.9,*/*;q=0.8", "Accept-Encoding": "gzip, deflate", "Accept-Language": "en-us,en;q=0.5"}}, {"format_id": "137", "url": "https://r1---sn-5njj-u2xl.googlevideo.com/videoplayback?expire=1612426615&ei=F1kbYMCCE7Cxs8IPsMm_qAg&ip=140.109.135.76&id=o-ACtkDvcif-QeG5lnx9Cz16-RYymYYgwuMMmZuf64elWu&itag=137&aitags=133%2C134%2C135%2C136%2C137%2C160%2C242%2C243%2C244%2C247%2C248%2C278&source=youtube&requiressl=yes&mh=Ft&mm=31%2C29&mn=sn-5njj-u2xl%2Csn-un57en7e&ms=au%2Crdu&mv=m&mvi=1&pl=16&initcwndbps=335000&vprv=1&mime=video%2Fmp4&ns=4FBfa7scAl9rMB_9qBkRCXYF&gir=yes&clen=51933123&dur=172.463&lmt=1577774871216736&mt=1612404782&fvip=1&keepalive=yes&c=WEB&txp=5432432&n=WFDh4eL-884ob4tFe&sparams=expire%2Cei%2Cip%2Cid%2Caitags%2Csource%2Crequiressl%2Cvprv%2Cmime%2Cns%2Cgir%2Cclen%2Cdur%2Clmt&sig=AOq0QJ8wRQIgGgQRabk2WAUJopmBF6rtFhMOXSZFw-p_DPvv8qfpScICIQCfiR2krNKHEmmg95TspM8PtKct92V21vRjfB9_DeqHXA%3D%3D&lsparams=mh%2Cmm%2Cmn%2Cms%2Cmv%2Cmvi%2Cpl%2Cinitcwndbps&lsig=AG3C_xAwRQIhAM0ngyN4RyhCw6wQMJPfu4Kn9Ds6SnEzgziMEc2jnyMVAiB7ZsCnQOQYKrJ_EmsEPb8ti19CC7QXEZL6tPx61xjY2Q%3D%3D&ratebypass=yes", "player_url": null, "ext": "mp4", "height": 1080, "format_note": "1080p", "vcodec": "avc1.640028", "asr": null, "filesize": 51933123, "fps": 24, "tbr": 3042.195, "width": 1920, "acodec": "none", "downloader_options": {"http_chunk_size": 10485760}, "format": "137 - 1920x1080 (1080p)", "protocol": "https", "http_headers": {"User-Agent": "Mozilla/5.0 (Windows NT 10.0; Win64; x64) AppleWebKit/537.36 (KHTML, like Gecko) Chrome/70.0.3538.122 Safari/537.36", "Accept-Charset": "ISO-8859-1,utf-8;q=0.7,*;q=0.7", "Accept": "text/html,application/xhtml+xml,application/xml;q=0.9,*/*;q=0.8", "Accept-Encoding": "gzip, deflate", "Accept-Language": "en-us,en;q=0.5"}}, {"format_id": "18", "url": "https://r1---sn-5njj-u2xl.googlevideo.com/videoplayback?expire=1612426615&ei=F1kbYMCCE7Cxs8IPsMm_qAg&ip=140.109.135.76&id=o-ACtkDvcif-QeG5lnx9Cz16-RYymYYgwuMMmZuf64elWu&itag=18&source=youtube&requiressl=yes&mh=Ft&mm=31%2C29&mn=sn-5njj-u2xl%2Csn-un57en7e&ms=au%2Crdu&mv=m&mvi=1&pl=16&initcwndbps=335000&vprv=1&mime=video%2Fmp4&ns=aNeq_AwW48FhLLWzVO4w1EEF&gir=yes&clen=14787921&ratebypass=yes&dur=172.524&lmt=1577774224218478&mt=1612404782&fvip=1&c=WEB&txp=5431432&n=cnv8exC2jyGcIugo5&sparams=expire%2Cei%2Cip%2Cid%2Citag%2Csource%2Crequiressl%2Cvprv%2Cmime%2Cns%2Cgir%2Cclen%2Cratebypass%2Cdur%2Clmt&sig=AOq0QJ8wRgIhAKbI1dw0V_H5kg3IgWci8aqVFMzRhCPUqk4tVWRJMn71AiEAqdbtPLkIgh9SH_owzxRT2HSNrLDvAU6eAdLagPwmQx8%3D&lsparams=mh%2Cmm%2Cmn%2Cms%2Cmv%2Cmvi%2Cpl%2Cinitcwndbps&lsig=AG3C_xAwRQIhAM0ngyN4RyhCw6wQMJPfu4Kn9Ds6SnEzgziMEc2jnyMVAiB7ZsCnQOQYKrJ_EmsEPb8ti19CC7QXEZL6tPx61xjY2Q%3D%3D", "player_url": null, "ext": "mp4", "width": 640, "height": 360, "acodec": "mp4a.40.2", "abr": 96, "vcodec": "avc1.42001E", "asr": 44100, "filesize": 14787921, "format_note": "360p", "fps": 24, "tbr": 685.963, "format": "18 - 640x360 (360p)", "protocol": "https", "http_headers": {"User-Agent": "Mozilla/5.0 (Windows NT 10.0; Win64; x64) AppleWebKit/537.36 (KHTML, like Gecko) Chrome/70.0.3538.122 Safari/537.36", "Accept-Charset": "ISO-8859-1,utf-8;q=0.7,*;q=0.7", "Accept": "text/html,application/xhtml+xml,application/xml;q=0.9,*/*;q=0.8", "Accept-Encoding": "gzip, deflate", "Accept-Language": "en-us,en;q=0.5"}}], "is_live": null, "start_time": null, "end_time": null, "series": null, "season_number": null, "episode_number": null, "track": null, "artist": null, "album": null, "release_date": null, "release_year": null, "extractor": "youtube", "webpage_url_basename": "watch", "extractor_key": "Youtube", "playlist": null, "playlist_index": null, "thumbnail": "https://i.ytimg.com/vi_webp/r-XDrTTSXeI/maxresdefault.webp", "display_id": "r-XDrTTSXeI", "requested_subtitles": null, "format_id": "251", "url": "https://r1---sn-5njj-u2xl.googlevideo.com/videoplayback?expire=1612426615&ei=F1kbYMCCE7Cxs8IPsMm_qAg&ip=140.109.135.76&id=o-ACtkDvcif-QeG5lnx9Cz16-RYymYYgwuMMmZuf64elWu&itag=251&source=youtube&requiressl=yes&mh=Ft&mm=31%2C29&mn=sn-5njj-u2xl%2Csn-un57en7e&ms=au%2Crdu&mv=m&mvi=1&pl=16&initcwndbps=335000&vprv=1&mime=audio%2Fwebm&ns=4FBfa7scAl9rMB_9qBkRCXYF&gir=yes&clen=2907644&dur=172.501&lmt=1577774201155789&mt=1612404782&fvip=1&keepalive=yes&c=WEB&txp=5431432&n=WFDh4eL-884ob4tFe&sparams=expire%2Cei%2Cip%2Cid%2Citag%2Csource%2Crequiressl%2Cvprv%2Cmime%2Cns%2Cgir%2Cclen%2Cdur%2Clmt&sig=AOq0QJ8wRgIhAKlsfDTBMjxmz3u39istQd-objXfLnPIoK_DrPzgigTwAiEA5Ew73FeV_LwUncYPqvoW4ZeVQ6lGw23o13e7u0r0_GU%3D&lsparams=mh%2Cmm%2Cmn%2Cms%2Cmv%2Cmvi%2Cpl%2Cinitcwndbps&lsig=AG3C_xAwRQIhAM0ngyN4RyhCw6wQMJPfu4Kn9Ds6SnEzgziMEc2jnyMVAiB7ZsCnQOQYKrJ_EmsEPb8ti19CC7QXEZL6tPx61xjY2Q%3D%3D&ratebypass=yes", "player_url": null, "ext": "webm", "format_note": "tiny", "acodec": "opus", "abr": 160, "asr": 48000, "filesize": 2907644, "fps": null, "height": null, "tbr": 155.784, "width": null, "vcodec": "none", "downloader_options": {"http_chunk_size": 10485760}, "format": "251 - audio only (tiny)", "protocol": "https", "http_headers": {"User-Agent": "Mozilla/5.0 (Windows NT 10.0; Win64; x64) AppleWebKit/537.36 (KHTML, like Gecko) Chrome/70.0.3538.122 Safari/537.36", "Accept-Charset": "ISO-8859-1,utf-8;q=0.7,*;q=0.7", "Accept": "text/html,application/xhtml+xml,application/xml;q=0.9,*/*;q=0.8", "Accept-Encoding": "gzip, deflate", "Accept-Language": "en-us,en;q=0.5"}}