{"id": "sFwgP6u1D3I", "uploader": "neilpattonmusic", "uploader_id": "neilpattonmusic", "uploader_url": "http://www.youtube.com/user/neilpattonmusic", "channel_id": "UCg3VGBQkyzklH-nMfxEP-VA", "channel_url": "http://www.youtube.com/channel/UCg3VGBQkyzklH-nMfxEP-VA", "upload_date": "20130809", "license": null, "creator": null, "title": "Toccata - Neil Patton Solo Piano", "alt_title": null, "thumbnails": [{"url": "https://i.ytimg.com/vi/sFwgP6u1D3I/hqdefault.jpg?sqp=-oaymwEbCKgBEF5IVfKriqkDDggBFQAAiEIYAXABwAEG&rs=AOn4CLDQYyjAx-Kw7iuKgL-28513HUXPyg", "width": 168, "height": 94, "resolution": "168x94", "id": "0"}, {"url": "https://i.ytimg.com/vi/sFwgP6u1D3I/hqdefault.jpg?sqp=-oaymwEbCMQBEG5IVfKriqkDDggBFQAAiEIYAXABwAEG&rs=AOn4CLBdl1_RZkB0G10hznH5D0l-F2fUrg", "width": 196, "height": 110, "resolution": "196x110", "id": "1"}, {"url": "https://i.ytimg.com/vi/sFwgP6u1D3I/hqdefault.jpg?sqp=-oaymwEcCPYBEIoBSFXyq4qpAw4IARUAAIhCGAFwAcABBg==&rs=AOn4CLBG9xKOqvB-3vDdppMGQnZtgXVD9A", "width": 246, "height": 138, "resolution": "246x138", "id": "2"}, {"url": "https://i.ytimg.com/vi/sFwgP6u1D3I/hqdefault.jpg?sqp=-oaymwEcCNACELwBSFXyq4qpAw4IARUAAIhCGAFwAcABBg==&rs=AOn4CLDbJSpmc3DNmBgHCdD9wynSYXdLwg", "width": 336, "height": 188, "resolution": "336x188", "id": "3"}], "description": "Toccata, from the 2007 album, Impromptu - Solo Piano by Neil Patton.\n\nCD's, Downloads and Sheet Music are available at www.neilpatton.net\n\nSign up for Neil's Mailing List to keep up with new releases, performance news, and special offers for members only at http://www.neilpatton.net .\n\nWritten, Performed and Produced by Neil Patton.\n\n\u00a92013 Neil Patton, All rights reserved. International copyright reserved, BMI", "categories": ["Music"], "tags": ["Piano (Musical Instrument)", "Classical", "Solo Piano", "Whisperings", "Neil Patton", "New Age (Composition)", "David Lanz (Musical Artist)", "Keyboard", "Toccata (Composition Type)", "New Age Music (Musical Genre)", "michele mclaughlin", "Impromptu"], "subtitles": {}, "automatic_captions": {}, "duration": 256, "age_limit": 0, "annotations": null, "chapters": null, "webpage_url": "https://www.youtube.com/watch?v=sFwgP6u1D3I", "view_count": 834, "like_count": 11, "dislike_count": null, "average_rating": 5.0, "formats": [{"ext": "m4a", "format_note": "DASH audio", "acodec": "mp4a.40.5", "abr": 48, "container": "m4a_dash", "format_id": "139", "manifest_url": "https://manifest.googlevideo.com/api/manifest/dash/expire/1611763361/ei/QToRYO_9G5Ww4QLajKOgDA/ip/140.109.135.76/id/b05c203fabb50f72/source/youtube/requiressl/yes/playback_host/r7---sn-5njj-u2xl.googlevideo.com/mh/1g/mm/31%2C29/mn/sn-5njj-u2xl%2Csn-un57en7e/ms/au%2Crdu/mv/m/mvi/7/pl/16/hfr/all/as/fmp4_audio_clear%2Cwebm_audio_clear%2Cwebm2_audio_clear%2Cfmp4_sd_hd_clear%2Cwebm2_sd_hd_clear/initcwndbps/730000/vprv/1/mt/1611740913/fvip/6/keepalive/yes/itag/0/sparams/expire%2Cei%2Cip%2Cid%2Csource%2Crequiressl%2Chfr%2Cas%2Cvprv%2Citag/sig/AOq0QJ8wRQIhAL9L1UpBMGaiX-Mn3YYc-Vq84yG2OnG79qRFX6zGgOV2AiBZd-fOskDoEhu--NKFqqz00BLAJ7SFVk22qD9dXoy4hw%3D%3D/lsparams/playback_host%2Cmh%2Cmm%2Cmn%2Cms%2Cmv%2Cmvi%2Cpl%2Cinitcwndbps/lsig/AG3C_xAwRgIhAKCtUKB2xffd5XwlzdpvZaM9CRr1pzKRz8SUP6OIbnnEAiEAqeT9j8eQ6CiIdeA8mS0lhaS0WGH5KNB1X5i48Ar5mec%3D", "width": null, "height": null, "tbr": 48.48, "asr": 22050, "fps": null, "language": null, "filesize": null, "vcodec": "none", "url": "https://manifest.googlevideo.com/api/manifest/dash/expire/1611763361/ei/QToRYO_9G5Ww4QLajKOgDA/ip/140.109.135.76/id/b05c203fabb50f72/source/youtube/requiressl/yes/playback_host/r7---sn-5njj-u2xl.googlevideo.com/mh/1g/mm/31%2C29/mn/sn-5njj-u2xl%2Csn-un57en7e/ms/au%2Crdu/mv/m/mvi/7/pl/16/hfr/all/as/fmp4_audio_clear%2Cwebm_audio_clear%2Cwebm2_audio_clear%2Cfmp4_sd_hd_clear%2Cwebm2_sd_hd_clear/initcwndbps/730000/vprv/1/mt/1611740913/fvip/6/keepalive/yes/itag/0/sparams/expire%2Cei%2Cip%2Cid%2Csource%2Crequiressl%2Chfr%2Cas%2Cvprv%2Citag/sig/AOq0QJ8wRQIhAL9L1UpBMGaiX-Mn3YYc-Vq84yG2OnG79qRFX6zGgOV2AiBZd-fOskDoEhu--NKFqqz00BLAJ7SFVk22qD9dXoy4hw%3D%3D/lsparams/playback_host%2Cmh%2Cmm%2Cmn%2Cms%2Cmv%2Cmvi%2Cpl%2Cinitcwndbps/lsig/AG3C_xAwRgIhAKCtUKB2xffd5XwlzdpvZaM9CRr1pzKRz8SUP6OIbnnEAiEAqeT9j8eQ6CiIdeA8mS0lhaS0WGH5KNB1X5i48Ar5mec%3D", "fragment_base_url": "https://r7---sn-5njj-u2xl.googlevideo.com/videoplayback/expire/1611763361/ei/QToRYO_9G5Ww4QLajKOgDA/ip/140.109.135.76/id/b05c203fabb50f72/itag/139/source/youtube/requiressl/yes/mh/1g/mm/31,29/mn/sn-5njj-u2xl,sn-un57en7e/ms/au,rdu/mv/m/mvi/7/pl/16/initcwndbps/730000/vprv/1/ratebypass/yes/mime/audio%2Fmp4/otfp/1/gir/yes/clen/1525618/lmt/1376065834546495/dur/256.441/mt/1611740913/fvip/6/keepalive/yes/sparams/expire,ei,ip,id,itag,source,requiressl,vprv,ratebypass,mime,otfp,gir,clen,lmt,dur/sig/AOq0QJ8wRQIhAJVUYqScY7d78oJaE58TNQJb_bbTd6QcA-f_DE_PJH2zAiBSqPFwxFkjq224XmsB_IvANB-zoyui04e6YMAqK67eQQ%3D%3D/lsparams/mh,mm,mn,ms,mv,mvi,pl,initcwndbps/lsig/AG3C_xAwRQIhALNc4isTiuM6qdtyYVpiVBRvAYLeMslILPjnhx8PzZeeAiBc98LhaKWYF0Ag_OIApFthaIWhD4TEJdJqglwGdGcO_A%3D%3D/", "fragments": [{"path": "range/0-592"}, {"path": "range/937-60788", "duration": 10.031}, {"path": "range/60789-120387", "duration": 9.985}, {"path": "range/120388-179764", "duration": 9.984}, {"path": "range/179765-239407", "duration": 10.031}, {"path": "range/239408-298816", "duration": 9.985}, {"path": "range/298817-357963", "duration": 9.984}, {"path": "range/357964-417608", "duration": 10.031}, {"path": "range/417609-476993", "duration": 9.985}, {"path": "range/476994-536384", "duration": 9.985}, {"path": "range/536385-596089", "duration": 10.031}, {"path": "range/596090-655232", "duration": 9.984}, {"path": "range/655233-714896", "duration": 9.985}, {"path": "range/714897-774569", "duration": 10.031}, {"path": "range/774570-833834", "duration": 9.984}, {"path": "range/833835-893223", "duration": 9.985}, {"path": "range/893224-952629", "duration": 10.031}, {"path": "range/952630-1012158", "duration": 9.985}, {"path": "range/1012159-1071500", "duration": 9.984}, {"path": "range/1071501-1131192", "duration": 10.031}, {"path": "range/1131193-1190525", "duration": 9.985}, {"path": "range/1190526-1249860", "duration": 9.984}, {"path": "range/1249861-1309604", "duration": 10.031}, {"path": "range/1309605-1368868", "duration": 9.985}, {"path": "range/1368869-1427975", "duration": 9.984}, {"path": "range/1427976-1487748", "duration": 10.032}, {"path": "range/1487749-1525617", "duration": 6.409}], "protocol": "http_dash_segments", "format": "139 - audio only (DASH audio)", "http_headers": {"User-Agent": "Mozilla/5.0 (Windows NT 10.0; Win64; x64) AppleWebKit/537.36 (KHTML, like Gecko) Chrome/72.0.3626.85 Safari/537.36", "Accept-Charset": "ISO-8859-1,utf-8;q=0.7,*;q=0.7", "Accept": "text/html,application/xhtml+xml,application/xml;q=0.9,*/*;q=0.8", "Accept-Encoding": "gzip, deflate", "Accept-Language": "en-us,en;q=0.5"}}, {"ext": "m4a", "format_note": "DASH audio", "acodec": "mp4a.40.2", "abr": 128, "container": "m4a_dash", "format_id": "140", "manifest_url": "https://manifest.googlevideo.com/api/manifest/dash/expire/1611763361/ei/QToRYO_9G5Ww4QLajKOgDA/ip/140.109.135.76/id/b05c203fabb50f72/source/youtube/requiressl/yes/playback_host/r7---sn-5njj-u2xl.googlevideo.com/mh/1g/mm/31%2C29/mn/sn-5njj-u2xl%2Csn-un57en7e/ms/au%2Crdu/mv/m/mvi/7/pl/16/hfr/all/as/fmp4_audio_clear%2Cwebm_audio_clear%2Cwebm2_audio_clear%2Cfmp4_sd_hd_clear%2Cwebm2_sd_hd_clear/initcwndbps/730000/vprv/1/mt/1611740913/fvip/6/keepalive/yes/itag/0/sparams/expire%2Cei%2Cip%2Cid%2Csource%2Crequiressl%2Chfr%2Cas%2Cvprv%2Citag/sig/AOq0QJ8wRQIhAL9L1UpBMGaiX-Mn3YYc-Vq84yG2OnG79qRFX6zGgOV2AiBZd-fOskDoEhu--NKFqqz00BLAJ7SFVk22qD9dXoy4hw%3D%3D/lsparams/playback_host%2Cmh%2Cmm%2Cmn%2Cms%2Cmv%2Cmvi%2Cpl%2Cinitcwndbps/lsig/AG3C_xAwRgIhAKCtUKB2xffd5XwlzdpvZaM9CRr1pzKRz8SUP6OIbnnEAiEAqeT9j8eQ6CiIdeA8mS0lhaS0WGH5KNB1X5i48Ar5mec%3D", "width": null, "height": null, "tbr": 127.99, "asr": 44100, "fps": null, "language": null, "filesize": null, "vcodec": "none", "url": "https://manifest.googlevideo.com/api/manifest/dash/expire/1611763361/ei/QToRYO_9G5Ww4QLajKOgDA/ip/140.109.135.76/id/b05c203fabb50f72/source/youtube/requiressl/yes/playback_host/r7---sn-5njj-u2xl.googlevideo.com/mh/1g/mm/31%2C29/mn/sn-5njj-u2xl%2Csn-un57en7e/ms/au%2Crdu/mv/m/mvi/7/pl/16/hfr/all/as/fmp4_audio_clear%2Cwebm_audio_clear%2Cwebm2_audio_clear%2Cfmp4_sd_hd_clear%2Cwebm2_sd_hd_clear/initcwndbps/730000/vprv/1/mt/1611740913/fvip/6/keepalive/yes/itag/0/sparams/expire%2Cei%2Cip%2Cid%2Csource%2Crequiressl%2Chfr%2Cas%2Cvprv%2Citag/sig/AOq0QJ8wRQIhAL9L1UpBMGaiX-Mn3YYc-Vq84yG2OnG79qRFX6zGgOV2AiBZd-fOskDoEhu--NKFqqz00BLAJ7SFVk22qD9dXoy4hw%3D%3D/lsparams/playback_host%2Cmh%2Cmm%2Cmn%2Cms%2Cmv%2Cmvi%2Cpl%2Cinitcwndbps/lsig/AG3C_xAwRgIhAKCtUKB2xffd5XwlzdpvZaM9CRr1pzKRz8SUP6OIbnnEAiEAqeT9j8eQ6CiIdeA8mS0lhaS0WGH5KNB1X5i48Ar5mec%3D", "fragment_base_url": "https://r7---sn-5njj-u2xl.googlevideo.com/videoplayback/expire/1611763361/ei/QToRYO_9G5Ww4QLajKOgDA/ip/140.109.135.76/id/b05c203fabb50f72/itag/140/source/youtube/requiressl/yes/mh/1g/mm/31,29/mn/sn-5njj-u2xl,sn-un57en7e/ms/au,rdu/mv/m/mvi/7/pl/16/initcwndbps/730000/vprv/1/ratebypass/yes/mime/audio%2Fmp4/otfp/1/gir/yes/clen/4072725/lmt/1376065834753991/dur/256.394/mt/1611740913/fvip/6/keepalive/yes/sparams/expire,ei,ip,id,itag,source,requiressl,vprv,ratebypass,mime,otfp,gir,clen,lmt,dur/sig/AOq0QJ8wRQIhAOXWnfJ_j6hU7mKsUM9HfgciGM53RLdIYqqOuESYSdw5AiAovA5y9PcqV7iLQli4SSvCgdpzc-Yk5YksoyUOw3dYIA%3D%3D/lsparams/mh,mm,mn,ms,mv,mvi,pl,initcwndbps/lsig/AG3C_xAwRQIgM2t-VHhcna48b7tKh62HZ0lHcdfOQRN6JgR3MZbwP_QCIQCU2XKLoWQyei1p-iFZhRChV8p_gmC6bJedKzCFIEDPCg%3D%3D/", "fragments": [{"path": "range/0-591"}, {"path": "range/936-160115", "duration": 10.031}, {"path": "range/160116-319138", "duration": 9.985}, {"path": "range/319139-477713", "duration": 9.984}, {"path": "range/477714-636684", "duration": 10.031}, {"path": "range/636685-795671", "duration": 9.985}, {"path": "range/795672-954012", "duration": 9.984}, {"path": "range/954013-1113115", "duration": 10.031}, {"path": "range/1113116-1272050", "duration": 9.985}, {"path": "range/1272051-1430547", "duration": 9.985}, {"path": "range/1430548-1589594", "duration": 10.031}, {"path": "range/1589595-1748405", "duration": 9.984}, {"path": "range/1748406-1906922", "duration": 9.985}, {"path": "range/1906923-2065998", "duration": 10.031}, {"path": "range/2065999-2224916", "duration": 9.984}, {"path": "range/2224917-2383424", "duration": 9.985}, {"path": "range/2383425-2542237", "duration": 10.031}, {"path": "range/2542238-2701283", "duration": 9.985}, {"path": "range/2701284-2859815", "duration": 9.984}, {"path": "range/2859816-3018824", "duration": 10.031}, {"path": "range/3018825-3177843", "duration": 9.985}, {"path": "range/3177844-3336311", "duration": 9.984}, {"path": "range/3336312-3495247", "duration": 10.031}, {"path": "range/3495248-3654151", "duration": 9.985}, {"path": "range/3654152-3812518", "duration": 9.984}, {"path": "range/3812519-3971527", "duration": 10.032}, {"path": "range/3971528-4072724", "duration": 6.409}], "protocol": "http_dash_segments", "format": "140 - audio only (DASH audio)", "http_headers": {"User-Agent": "Mozilla/5.0 (Windows NT 10.0; Win64; x64) AppleWebKit/537.36 (KHTML, like Gecko) Chrome/72.0.3626.85 Safari/537.36", "Accept-Charset": "ISO-8859-1,utf-8;q=0.7,*;q=0.7", "Accept": "text/html,application/xhtml+xml,application/xml;q=0.9,*/*;q=0.8", "Accept-Encoding": "gzip, deflate", "Accept-Language": "en-us,en;q=0.5"}}, {"ext": "webm", "height": 144, "format_note": "DASH video", "container": "webm_dash", "vcodec": "vp9", "format_id": "278", "manifest_url": "https://manifest.googlevideo.com/api/manifest/dash/expire/1611763361/ei/QToRYO_9G5Ww4QLajKOgDA/ip/140.109.135.76/id/b05c203fabb50f72/source/youtube/requiressl/yes/playback_host/r7---sn-5njj-u2xl.googlevideo.com/mh/1g/mm/31%2C29/mn/sn-5njj-u2xl%2Csn-un57en7e/ms/au%2Crdu/mv/m/mvi/7/pl/16/hfr/all/as/fmp4_audio_clear%2Cwebm_audio_clear%2Cwebm2_audio_clear%2Cfmp4_sd_hd_clear%2Cwebm2_sd_hd_clear/initcwndbps/730000/vprv/1/mt/1611740913/fvip/6/keepalive/yes/itag/0/sparams/expire%2Cei%2Cip%2Cid%2Csource%2Crequiressl%2Chfr%2Cas%2Cvprv%2Citag/sig/AOq0QJ8wRQIhAL9L1UpBMGaiX-Mn3YYc-Vq84yG2OnG79qRFX6zGgOV2AiBZd-fOskDoEhu--NKFqqz00BLAJ7SFVk22qD9dXoy4hw%3D%3D/lsparams/playback_host%2Cmh%2Cmm%2Cmn%2Cms%2Cmv%2Cmvi%2Cpl%2Cinitcwndbps/lsig/AG3C_xAwRgIhAKCtUKB2xffd5XwlzdpvZaM9CRr1pzKRz8SUP6OIbnnEAiEAqeT9j8eQ6CiIdeA8mS0lhaS0WGH5KNB1X5i48Ar5mec%3D", "width": 256, "tbr": 95.0, "asr": null, "fps": 30, "language": null, "filesize": null, "acodec": "none", "url": "https://manifest.googlevideo.com/api/manifest/dash/expire/1611763361/ei/QToRYO_9G5Ww4QLajKOgDA/ip/140.109.135.76/id/b05c203fabb50f72/source/youtube/requiressl/yes/playback_host/r7---sn-5njj-u2xl.googlevideo.com/mh/1g/mm/31%2C29/mn/sn-5njj-u2xl%2Csn-un57en7e/ms/au%2Crdu/mv/m/mvi/7/pl/16/hfr/all/as/fmp4_audio_clear%2Cwebm_audio_clear%2Cwebm2_audio_clear%2Cfmp4_sd_hd_clear%2Cwebm2_sd_hd_clear/initcwndbps/730000/vprv/1/mt/1611740913/fvip/6/keepalive/yes/itag/0/sparams/expire%2Cei%2Cip%2Cid%2Csource%2Crequiressl%2Chfr%2Cas%2Cvprv%2Citag/sig/AOq0QJ8wRQIhAL9L1UpBMGaiX-Mn3YYc-Vq84yG2OnG79qRFX6zGgOV2AiBZd-fOskDoEhu--NKFqqz00BLAJ7SFVk22qD9dXoy4hw%3D%3D/lsparams/playback_host%2Cmh%2Cmm%2Cmn%2Cms%2Cmv%2Cmvi%2Cpl%2Cinitcwndbps/lsig/AG3C_xAwRgIhAKCtUKB2xffd5XwlzdpvZaM9CRr1pzKRz8SUP6OIbnnEAiEAqeT9j8eQ6CiIdeA8mS0lhaS0WGH5KNB1X5i48Ar5mec%3D", "fragment_base_url": "https://r7---sn-5njj-u2xl.googlevideo.com/videoplayback/expire/1611763361/ei/QToRYO_9G5Ww4QLajKOgDA/ip/140.109.135.76/id/b05c203fabb50f72/itag/278/source/yt_otf/requiressl/yes/mh/1g/mm/31,29/mn/sn-5njj-u2xl,sn-un57en7e/ms/au,rdu/mv/m/mvi/7/pl/16/initcwndbps/730000/vprv/1/ratebypass/yes/mime/video%2Fwebm/otfp/1/otf/1/lmt/1376065893442085/mt/1611740913/fvip/6/keepalive/yes/sparams/expire,ei,ip,id,itag,source,requiressl,vprv,ratebypass,mime,otfp,otf,lmt/sig/AOq0QJ8wRQIgZg-V2C-JaaKX-24sXYzB9DO1a9MLnZ7X0L63gqSJvE8CIQDcxF9nJc3HfOkXQ2t1QeVuANoQvQgN_PPhVKjQpfA7Mw%3D%3D/lsparams/mh,mm,mn,ms,mv,mvi,pl,initcwndbps/lsig/AG3C_xAwRAIgM5kEt_tcb0iW15RgKmyW1AftT5gC6-ICdAWM3EMOvZkCIE7xa45tEW5FfreQRzb2AmeV_S-40K1E9ZakZab8nVHU/", "fragments": [{"path": "sq/0"}, {"path": "sq/1/dur/5.005", "duration": 5.005}, {"path": "sq/2/dur/5.005", "duration": 5.005}, {"path": "sq/3/dur/5.005", "duration": 5.005}, {"path": "sq/4/dur/5.005", "duration": 5.005}, {"path": "sq/5/dur/5.005", "duration": 5.005}, {"path": "sq/6/dur/5.005", "duration": 5.005}, {"path": "sq/7/dur/5.005", "duration": 5.005}, {"path": "sq/8/dur/5.005", "duration": 5.005}, {"path": "sq/9/dur/5.005", "duration": 5.005}, {"path": "sq/10/dur/5.005", "duration": 5.005}, {"path": "sq/11/dur/5.005", "duration": 5.005}, {"path": "sq/12/dur/5.005", "duration": 5.005}, {"path": "sq/13/dur/5.005", "duration": 5.005}, {"path": "sq/14/dur/5.005", "duration": 5.005}, {"path": "sq/15/dur/5.005", "duration": 5.005}, {"path": "sq/16/dur/5.005", "duration": 5.005}, {"path": "sq/17/dur/5.005", "duration": 5.005}, {"path": "sq/18/dur/5.005", "duration": 5.005}, {"path": "sq/19/dur/5.005", "duration": 5.005}, {"path": "sq/20/dur/5.005", "duration": 5.005}, {"path": "sq/21/dur/5.005", "duration": 5.005}, {"path": "sq/22/dur/5.005", "duration": 5.005}, {"path": "sq/23/dur/5.005", "duration": 5.005}, {"path": "sq/24/dur/5.005", "duration": 5.005}, {"path": "sq/25/dur/5.005", "duration": 5.005}, {"path": "sq/26/dur/5.005", "duration": 5.005}, {"path": "sq/27/dur/5.005", "duration": 5.005}, {"path": "sq/28/dur/5.005", "duration": 5.005}, {"path": "sq/29/dur/5.005", "duration": 5.005}, {"path": "sq/30/dur/5.005", "duration": 5.005}, {"path": "sq/31/dur/5.005", "duration": 5.005}, {"path": "sq/32/dur/5.005", "duration": 5.005}, {"path": "sq/33/dur/5.005", "duration": 5.005}, {"path": "sq/34/dur/5.005", "duration": 5.005}, {"path": "sq/35/dur/5.005", "duration": 5.005}, {"path": "sq/36/dur/5.005", "duration": 5.005}, {"path": "sq/37/dur/5.005", "duration": 5.005}, {"path": "sq/38/dur/5.005", "duration": 5.005}, {"path": "sq/39/dur/5.005", "duration": 5.005}, {"path": "sq/40/dur/5.005", "duration": 5.005}, {"path": "sq/41/dur/5.005", "duration": 5.005}, {"path": "sq/42/dur/5.005", "duration": 5.005}, {"path": "sq/43/dur/5.005", "duration": 5.005}, {"path": "sq/44/dur/5.005", "duration": 5.005}, {"path": "sq/45/dur/5.005", "duration": 5.005}, {"path": "sq/46/dur/5.005", "duration": 5.005}, {"path": "sq/47/dur/5.005", "duration": 5.005}, {"path": "sq/48/dur/5.005", "duration": 5.005}, {"path": "sq/49/dur/5.005", "duration": 5.005}, {"path": "sq/50/dur/5.005", "duration": 5.005}, {"path": "sq/51/dur/5.939", "duration": 5.939}], "protocol": "http_dash_segments", "format": "278 - 256x144 (DASH video)", "http_headers": {"User-Agent": "Mozilla/5.0 (Windows NT 10.0; Win64; x64) AppleWebKit/537.36 (KHTML, like Gecko) Chrome/72.0.3626.85 Safari/537.36", "Accept-Charset": "ISO-8859-1,utf-8;q=0.7,*;q=0.7", "Accept": "text/html,application/xhtml+xml,application/xml;q=0.9,*/*;q=0.8", "Accept-Encoding": "gzip, deflate", "Accept-Language": "en-us,en;q=0.5"}}, {"ext": "mp4", "height": 144, "format_note": "DASH video", "vcodec": "avc1.4d400b", "format_id": "160", "manifest_url": "https://manifest.googlevideo.com/api/manifest/dash/expire/1611763361/ei/QToRYO_9G5Ww4QLajKOgDA/ip/140.109.135.76/id/b05c203fabb50f72/source/youtube/requiressl/yes/playback_host/r7---sn-5njj-u2xl.googlevideo.com/mh/1g/mm/31%2C29/mn/sn-5njj-u2xl%2Csn-un57en7e/ms/au%2Crdu/mv/m/mvi/7/pl/16/hfr/all/as/fmp4_audio_clear%2Cwebm_audio_clear%2Cwebm2_audio_clear%2Cfmp4_sd_hd_clear%2Cwebm2_sd_hd_clear/initcwndbps/730000/vprv/1/mt/1611740913/fvip/6/keepalive/yes/itag/0/sparams/expire%2Cei%2Cip%2Cid%2Csource%2Crequiressl%2Chfr%2Cas%2Cvprv%2Citag/sig/AOq0QJ8wRQIhAL9L1UpBMGaiX-Mn3YYc-Vq84yG2OnG79qRFX6zGgOV2AiBZd-fOskDoEhu--NKFqqz00BLAJ7SFVk22qD9dXoy4hw%3D%3D/lsparams/playback_host%2Cmh%2Cmm%2Cmn%2Cms%2Cmv%2Cmvi%2Cpl%2Cinitcwndbps/lsig/AG3C_xAwRgIhAKCtUKB2xffd5XwlzdpvZaM9CRr1pzKRz8SUP6OIbnnEAiEAqeT9j8eQ6CiIdeA8mS0lhaS0WGH5KNB1X5i48Ar5mec%3D", "width": 256, "tbr": 108.0, "asr": null, "fps": 30, "language": null, "filesize": null, "container": "mp4_dash", "acodec": "none", "url": "https://manifest.googlevideo.com/api/manifest/dash/expire/1611763361/ei/QToRYO_9G5Ww4QLajKOgDA/ip/140.109.135.76/id/b05c203fabb50f72/source/youtube/requiressl/yes/playback_host/r7---sn-5njj-u2xl.googlevideo.com/mh/1g/mm/31%2C29/mn/sn-5njj-u2xl%2Csn-un57en7e/ms/au%2Crdu/mv/m/mvi/7/pl/16/hfr/all/as/fmp4_audio_clear%2Cwebm_audio_clear%2Cwebm2_audio_clear%2Cfmp4_sd_hd_clear%2Cwebm2_sd_hd_clear/initcwndbps/730000/vprv/1/mt/1611740913/fvip/6/keepalive/yes/itag/0/sparams/expire%2Cei%2Cip%2Cid%2Csource%2Crequiressl%2Chfr%2Cas%2Cvprv%2Citag/sig/AOq0QJ8wRQIhAL9L1UpBMGaiX-Mn3YYc-Vq84yG2OnG79qRFX6zGgOV2AiBZd-fOskDoEhu--NKFqqz00BLAJ7SFVk22qD9dXoy4hw%3D%3D/lsparams/playback_host%2Cmh%2Cmm%2Cmn%2Cms%2Cmv%2Cmvi%2Cpl%2Cinitcwndbps/lsig/AG3C_xAwRgIhAKCtUKB2xffd5XwlzdpvZaM9CRr1pzKRz8SUP6OIbnnEAiEAqeT9j8eQ6CiIdeA8mS0lhaS0WGH5KNB1X5i48Ar5mec%3D", "fragment_base_url": "https://r7---sn-5njj-u2xl.googlevideo.com/videoplayback/expire/1611763361/ei/QToRYO_9G5Ww4QLajKOgDA/ip/140.109.135.76/id/b05c203fabb50f72/itag/160/source/yt_otf/requiressl/yes/mh/1g/mm/31,29/mn/sn-5njj-u2xl,sn-un57en7e/ms/au,rdu/mv/m/mvi/7/pl/16/initcwndbps/730000/vprv/1/ratebypass/yes/mime/video%2Fmp4/otfp/1/otf/1/lmt/1376065893442085/mt/1611740913/fvip/6/keepalive/yes/sparams/expire,ei,ip,id,itag,source,requiressl,vprv,ratebypass,mime,otfp,otf,lmt/sig/AOq0QJ8wRQIgcTKvMoZA9EBBgbAarAL8iTpJfaUGFsLR0nfztLBdD9ACIQC6fCfr9Ew4WUP45lHXU_QXuQzwd7bQ_mfqQfBxx81dOg%3D%3D/lsparams/mh,mm,mn,ms,mv,mvi,pl,initcwndbps/lsig/AG3C_xAwRQIhAPZ9y7QZCLnMSm5Wm-cQbToYY93pP56lhxJi8TPTJcdfAiAvJIHx-LBwNkz-Gm2qNfxCvk22AMaFnK6Y6K15LcnySA%3D%3D/", "fragments": [{"path": "sq/0"}, {"path": "sq/1/dur/5.005", "duration": 5.005}, {"path": "sq/2/dur/5.005", "duration": 5.005}, {"path": "sq/3/dur/5.005", "duration": 5.005}, {"path": "sq/4/dur/5.005", "duration": 5.005}, {"path": "sq/5/dur/5.005", "duration": 5.005}, {"path": "sq/6/dur/5.005", "duration": 5.005}, {"path": "sq/7/dur/5.005", "duration": 5.005}, {"path": "sq/8/dur/5.005", "duration": 5.005}, {"path": "sq/9/dur/5.005", "duration": 5.005}, {"path": "sq/10/dur/5.005", "duration": 5.005}, {"path": "sq/11/dur/5.005", "duration": 5.005}, {"path": "sq/12/dur/5.005", "duration": 5.005}, {"path": "sq/13/dur/5.005", "duration": 5.005}, {"path": "sq/14/dur/5.005", "duration": 5.005}, {"path": "sq/15/dur/5.005", "duration": 5.005}, {"path": "sq/16/dur/5.005", "duration": 5.005}, {"path": "sq/17/dur/5.005", "duration": 5.005}, {"path": "sq/18/dur/5.005", "duration": 5.005}, {"path": "sq/19/dur/5.005", "duration": 5.005}, {"path": "sq/20/dur/5.005", "duration": 5.005}, {"path": "sq/21/dur/5.005", "duration": 5.005}, {"path": "sq/22/dur/5.005", "duration": 5.005}, {"path": "sq/23/dur/5.005", "duration": 5.005}, {"path": "sq/24/dur/5.005", "duration": 5.005}, {"path": "sq/25/dur/5.005", "duration": 5.005}, {"path": "sq/26/dur/5.005", "duration": 5.005}, {"path": "sq/27/dur/5.005", "duration": 5.005}, {"path": "sq/28/dur/5.005", "duration": 5.005}, {"path": "sq/29/dur/5.005", "duration": 5.005}, {"path": "sq/30/dur/5.005", "duration": 5.005}, {"path": "sq/31/dur/5.005", "duration": 5.005}, {"path": "sq/32/dur/5.005", "duration": 5.005}, {"path": "sq/33/dur/5.005", "duration": 5.005}, {"path": "sq/34/dur/5.005", "duration": 5.005}, {"path": "sq/35/dur/5.005", "duration": 5.005}, {"path": "sq/36/dur/5.005", "duration": 5.005}, {"path": "sq/37/dur/5.005", "duration": 5.005}, {"path": "sq/38/dur/5.005", "duration": 5.005}, {"path": "sq/39/dur/5.005", "duration": 5.005}, {"path": "sq/40/dur/5.005", "duration": 5.005}, {"path": "sq/41/dur/5.005", "duration": 5.005}, {"path": "sq/42/dur/5.005", "duration": 5.005}, {"path": "sq/43/dur/5.005", "duration": 5.005}, {"path": "sq/44/dur/5.005", "duration": 5.005}, {"path": "sq/45/dur/5.005", "duration": 5.005}, {"path": "sq/46/dur/5.005", "duration": 5.005}, {"path": "sq/47/dur/5.005", "duration": 5.005}, {"path": "sq/48/dur/5.005", "duration": 5.005}, {"path": "sq/49/dur/5.005", "duration": 5.005}, {"path": "sq/50/dur/5.005", "duration": 5.005}, {"path": "sq/51/dur/5.939", "duration": 5.939}], "protocol": "http_dash_segments", "format": "160 - 256x144 (DASH video)", "http_headers": {"User-Agent": "Mozilla/5.0 (Windows NT 10.0; Win64; x64) AppleWebKit/537.36 (KHTML, like Gecko) Chrome/72.0.3626.85 Safari/537.36", "Accept-Charset": "ISO-8859-1,utf-8;q=0.7,*;q=0.7", "Accept": "text/html,application/xhtml+xml,application/xml;q=0.9,*/*;q=0.8", "Accept-Encoding": "gzip, deflate", "Accept-Language": "en-us,en;q=0.5"}}, {"ext": "webm", "height": 240, "format_note": "DASH video", "vcodec": "vp9", "format_id": "242", "manifest_url": "https://manifest.googlevideo.com/api/manifest/dash/expire/1611763361/ei/QToRYO_9G5Ww4QLajKOgDA/ip/140.109.135.76/id/b05c203fabb50f72/source/youtube/requiressl/yes/playback_host/r7---sn-5njj-u2xl.googlevideo.com/mh/1g/mm/31%2C29/mn/sn-5njj-u2xl%2Csn-un57en7e/ms/au%2Crdu/mv/m/mvi/7/pl/16/hfr/all/as/fmp4_audio_clear%2Cwebm_audio_clear%2Cwebm2_audio_clear%2Cfmp4_sd_hd_clear%2Cwebm2_sd_hd_clear/initcwndbps/730000/vprv/1/mt/1611740913/fvip/6/keepalive/yes/itag/0/sparams/expire%2Cei%2Cip%2Cid%2Csource%2Crequiressl%2Chfr%2Cas%2Cvprv%2Citag/sig/AOq0QJ8wRQIhAL9L1UpBMGaiX-Mn3YYc-Vq84yG2OnG79qRFX6zGgOV2AiBZd-fOskDoEhu--NKFqqz00BLAJ7SFVk22qD9dXoy4hw%3D%3D/lsparams/playback_host%2Cmh%2Cmm%2Cmn%2Cms%2Cmv%2Cmvi%2Cpl%2Cinitcwndbps/lsig/AG3C_xAwRgIhAKCtUKB2xffd5XwlzdpvZaM9CRr1pzKRz8SUP6OIbnnEAiEAqeT9j8eQ6CiIdeA8mS0lhaS0WGH5KNB1X5i48Ar5mec%3D", "width": 426, "tbr": 220.5, "asr": null, "fps": 30, "language": null, "filesize": null, "container": "webm_dash", "acodec": "none", "url": "https://manifest.googlevideo.com/api/manifest/dash/expire/1611763361/ei/QToRYO_9G5Ww4QLajKOgDA/ip/140.109.135.76/id/b05c203fabb50f72/source/youtube/requiressl/yes/playback_host/r7---sn-5njj-u2xl.googlevideo.com/mh/1g/mm/31%2C29/mn/sn-5njj-u2xl%2Csn-un57en7e/ms/au%2Crdu/mv/m/mvi/7/pl/16/hfr/all/as/fmp4_audio_clear%2Cwebm_audio_clear%2Cwebm2_audio_clear%2Cfmp4_sd_hd_clear%2Cwebm2_sd_hd_clear/initcwndbps/730000/vprv/1/mt/1611740913/fvip/6/keepalive/yes/itag/0/sparams/expire%2Cei%2Cip%2Cid%2Csource%2Crequiressl%2Chfr%2Cas%2Cvprv%2Citag/sig/AOq0QJ8wRQIhAL9L1UpBMGaiX-Mn3YYc-Vq84yG2OnG79qRFX6zGgOV2AiBZd-fOskDoEhu--NKFqqz00BLAJ7SFVk22qD9dXoy4hw%3D%3D/lsparams/playback_host%2Cmh%2Cmm%2Cmn%2Cms%2Cmv%2Cmvi%2Cpl%2Cinitcwndbps/lsig/AG3C_xAwRgIhAKCtUKB2xffd5XwlzdpvZaM9CRr1pzKRz8SUP6OIbnnEAiEAqeT9j8eQ6CiIdeA8mS0lhaS0WGH5KNB1X5i48Ar5mec%3D", "fragment_base_url": "https://r7---sn-5njj-u2xl.googlevideo.com/videoplayback/expire/1611763361/ei/QToRYO_9G5Ww4QLajKOgDA/ip/140.109.135.76/id/b05c203fabb50f72/itag/242/source/yt_otf/requiressl/yes/mh/1g/mm/31,29/mn/sn-5njj-u2xl,sn-un57en7e/ms/au,rdu/mv/m/mvi/7/pl/16/initcwndbps/730000/vprv/1/ratebypass/yes/mime/video%2Fwebm/otfp/1/otf/1/lmt/1376065893442085/mt/1611740913/fvip/6/keepalive/yes/sparams/expire,ei,ip,id,itag,source,requiressl,vprv,ratebypass,mime,otfp,otf,lmt/sig/AOq0QJ8wRgIhAPpzTJYoWJIJERJH2lYYPHO_Ojg0XZg6iQjt5XG6TrtGAiEAwBp8Ufo_tWa9V5g30RZgKl-hd3U9hfRejqD4w4swCIo%3D/lsparams/mh,mm,mn,ms,mv,mvi,pl,initcwndbps/lsig/AG3C_xAwRAIgQGXqF-zWwF-imyX0fsjVyfRTe8ikjgE4Yx7TH-UAaksCIAXaNdQCL_SRcTNtubpYhZubnIr6dk0Am-yYYasYkKZt/", "fragments": [{"path": "sq/0"}, {"path": "sq/1/dur/5.005", "duration": 5.005}, {"path": "sq/2/dur/5.005", "duration": 5.005}, {"path": "sq/3/dur/5.005", "duration": 5.005}, {"path": "sq/4/dur/5.005", "duration": 5.005}, {"path": "sq/5/dur/5.005", "duration": 5.005}, {"path": "sq/6/dur/5.005", "duration": 5.005}, {"path": "sq/7/dur/5.005", "duration": 5.005}, {"path": "sq/8/dur/5.005", "duration": 5.005}, {"path": "sq/9/dur/5.005", "duration": 5.005}, {"path": "sq/10/dur/5.005", "duration": 5.005}, {"path": "sq/11/dur/5.005", "duration": 5.005}, {"path": "sq/12/dur/5.005", "duration": 5.005}, {"path": "sq/13/dur/5.005", "duration": 5.005}, {"path": "sq/14/dur/5.005", "duration": 5.005}, {"path": "sq/15/dur/5.005", "duration": 5.005}, {"path": "sq/16/dur/5.005", "duration": 5.005}, {"path": "sq/17/dur/5.005", "duration": 5.005}, {"path": "sq/18/dur/5.005", "duration": 5.005}, {"path": "sq/19/dur/5.005", "duration": 5.005}, {"path": "sq/20/dur/5.005", "duration": 5.005}, {"path": "sq/21/dur/5.005", "duration": 5.005}, {"path": "sq/22/dur/5.005", "duration": 5.005}, {"path": "sq/23/dur/5.005", "duration": 5.005}, {"path": "sq/24/dur/5.005", "duration": 5.005}, {"path": "sq/25/dur/5.005", "duration": 5.005}, {"path": "sq/26/dur/5.005", "duration": 5.005}, {"path": "sq/27/dur/5.005", "duration": 5.005}, {"path": "sq/28/dur/5.005", "duration": 5.005}, {"path": "sq/29/dur/5.005", "duration": 5.005}, {"path": "sq/30/dur/5.005", "duration": 5.005}, {"path": "sq/31/dur/5.005", "duration": 5.005}, {"path": "sq/32/dur/5.005", "duration": 5.005}, {"path": "sq/33/dur/5.005", "duration": 5.005}, {"path": "sq/34/dur/5.005", "duration": 5.005}, {"path": "sq/35/dur/5.005", "duration": 5.005}, {"path": "sq/36/dur/5.005", "duration": 5.005}, {"path": "sq/37/dur/5.005", "duration": 5.005}, {"path": "sq/38/dur/5.005", "duration": 5.005}, {"path": "sq/39/dur/5.005", "duration": 5.005}, {"path": "sq/40/dur/5.005", "duration": 5.005}, {"path": "sq/41/dur/5.005", "duration": 5.005}, {"path": "sq/42/dur/5.005", "duration": 5.005}, {"path": "sq/43/dur/5.005", "duration": 5.005}, {"path": "sq/44/dur/5.005", "duration": 5.005}, {"path": "sq/45/dur/5.005", "duration": 5.005}, {"path": "sq/46/dur/5.005", "duration": 5.005}, {"path": "sq/47/dur/5.005", "duration": 5.005}, {"path": "sq/48/dur/5.005", "duration": 5.005}, {"path": "sq/49/dur/5.005", "duration": 5.005}, {"path": "sq/50/dur/5.005", "duration": 5.005}, {"path": "sq/51/dur/5.939", "duration": 5.939}], "protocol": "http_dash_segments", "format": "242 - 426x240 (DASH video)", "http_headers": {"User-Agent": "Mozilla/5.0 (Windows NT 10.0; Win64; x64) AppleWebKit/537.36 (KHTML, like Gecko) Chrome/72.0.3626.85 Safari/537.36", "Accept-Charset": "ISO-8859-1,utf-8;q=0.7,*;q=0.7", "Accept": "text/html,application/xhtml+xml,application/xml;q=0.9,*/*;q=0.8", "Accept-Encoding": "gzip, deflate", "Accept-Language": "en-us,en;q=0.5"}}, {"ext": "mp4", "height": 240, "format_note": "DASH video", "vcodec": "avc1.4d400c", "format_id": "133", "manifest_url": "https://manifest.googlevideo.com/api/manifest/dash/expire/1611763361/ei/QToRYO_9G5Ww4QLajKOgDA/ip/140.109.135.76/id/b05c203fabb50f72/source/youtube/requiressl/yes/playback_host/r7---sn-5njj-u2xl.googlevideo.com/mh/1g/mm/31%2C29/mn/sn-5njj-u2xl%2Csn-un57en7e/ms/au%2Crdu/mv/m/mvi/7/pl/16/hfr/all/as/fmp4_audio_clear%2Cwebm_audio_clear%2Cwebm2_audio_clear%2Cfmp4_sd_hd_clear%2Cwebm2_sd_hd_clear/initcwndbps/730000/vprv/1/mt/1611740913/fvip/6/keepalive/yes/itag/0/sparams/expire%2Cei%2Cip%2Cid%2Csource%2Crequiressl%2Chfr%2Cas%2Cvprv%2Citag/sig/AOq0QJ8wRQIhAL9L1UpBMGaiX-Mn3YYc-Vq84yG2OnG79qRFX6zGgOV2AiBZd-fOskDoEhu--NKFqqz00BLAJ7SFVk22qD9dXoy4hw%3D%3D/lsparams/playback_host%2Cmh%2Cmm%2Cmn%2Cms%2Cmv%2Cmvi%2Cpl%2Cinitcwndbps/lsig/AG3C_xAwRgIhAKCtUKB2xffd5XwlzdpvZaM9CRr1pzKRz8SUP6OIbnnEAiEAqeT9j8eQ6CiIdeA8mS0lhaS0WGH5KNB1X5i48Ar5mec%3D", "width": 426, "tbr": 242.0, "asr": null, "fps": 30, "language": null, "filesize": null, "container": "mp4_dash", "acodec": "none", "url": "https://manifest.googlevideo.com/api/manifest/dash/expire/1611763361/ei/QToRYO_9G5Ww4QLajKOgDA/ip/140.109.135.76/id/b05c203fabb50f72/source/youtube/requiressl/yes/playback_host/r7---sn-5njj-u2xl.googlevideo.com/mh/1g/mm/31%2C29/mn/sn-5njj-u2xl%2Csn-un57en7e/ms/au%2Crdu/mv/m/mvi/7/pl/16/hfr/all/as/fmp4_audio_clear%2Cwebm_audio_clear%2Cwebm2_audio_clear%2Cfmp4_sd_hd_clear%2Cwebm2_sd_hd_clear/initcwndbps/730000/vprv/1/mt/1611740913/fvip/6/keepalive/yes/itag/0/sparams/expire%2Cei%2Cip%2Cid%2Csource%2Crequiressl%2Chfr%2Cas%2Cvprv%2Citag/sig/AOq0QJ8wRQIhAL9L1UpBMGaiX-Mn3YYc-Vq84yG2OnG79qRFX6zGgOV2AiBZd-fOskDoEhu--NKFqqz00BLAJ7SFVk22qD9dXoy4hw%3D%3D/lsparams/playback_host%2Cmh%2Cmm%2Cmn%2Cms%2Cmv%2Cmvi%2Cpl%2Cinitcwndbps/lsig/AG3C_xAwRgIhAKCtUKB2xffd5XwlzdpvZaM9CRr1pzKRz8SUP6OIbnnEAiEAqeT9j8eQ6CiIdeA8mS0lhaS0WGH5KNB1X5i48Ar5mec%3D", "fragment_base_url": "https://r7---sn-5njj-u2xl.googlevideo.com/videoplayback/expire/1611763361/ei/QToRYO_9G5Ww4QLajKOgDA/ip/140.109.135.76/id/b05c203fabb50f72/itag/133/source/yt_otf/requiressl/yes/mh/1g/mm/31,29/mn/sn-5njj-u2xl,sn-un57en7e/ms/au,rdu/mv/m/mvi/7/pl/16/initcwndbps/730000/vprv/1/ratebypass/yes/mime/video%2Fmp4/otfp/1/otf/1/lmt/1376065893442085/mt/1611740913/fvip/6/keepalive/yes/sparams/expire,ei,ip,id,itag,source,requiressl,vprv,ratebypass,mime,otfp,otf,lmt/sig/AOq0QJ8wRgIhAI9C3KPvE1CjF_wFmzF81yqWvgCawqxeeZXabD1w6_yvAiEA246TxUGXG9PSAAoFi071NBEgWOFS6dssif6sBJdZK4k%3D/lsparams/mh,mm,mn,ms,mv,mvi,pl,initcwndbps/lsig/AG3C_xAwRQIgEo0IOkUKQUROI6DjAmXW-fCtxBx3cMUvAzzOz7Vu2XcCIQCP4GwRNzHonqR_TawmYGgftumvkyZ_IrbjiUhmfRaBuw%3D%3D/", "fragments": [{"path": "sq/0"}, {"path": "sq/1/dur/5.005", "duration": 5.005}, {"path": "sq/2/dur/5.005", "duration": 5.005}, {"path": "sq/3/dur/5.005", "duration": 5.005}, {"path": "sq/4/dur/5.005", "duration": 5.005}, {"path": "sq/5/dur/5.005", "duration": 5.005}, {"path": "sq/6/dur/5.005", "duration": 5.005}, {"path": "sq/7/dur/5.005", "duration": 5.005}, {"path": "sq/8/dur/5.005", "duration": 5.005}, {"path": "sq/9/dur/5.005", "duration": 5.005}, {"path": "sq/10/dur/5.005", "duration": 5.005}, {"path": "sq/11/dur/5.005", "duration": 5.005}, {"path": "sq/12/dur/5.005", "duration": 5.005}, {"path": "sq/13/dur/5.005", "duration": 5.005}, {"path": "sq/14/dur/5.005", "duration": 5.005}, {"path": "sq/15/dur/5.005", "duration": 5.005}, {"path": "sq/16/dur/5.005", "duration": 5.005}, {"path": "sq/17/dur/5.005", "duration": 5.005}, {"path": "sq/18/dur/5.005", "duration": 5.005}, {"path": "sq/19/dur/5.005", "duration": 5.005}, {"path": "sq/20/dur/5.005", "duration": 5.005}, {"path": "sq/21/dur/5.005", "duration": 5.005}, {"path": "sq/22/dur/5.005", "duration": 5.005}, {"path": "sq/23/dur/5.005", "duration": 5.005}, {"path": "sq/24/dur/5.005", "duration": 5.005}, {"path": "sq/25/dur/5.005", "duration": 5.005}, {"path": "sq/26/dur/5.005", "duration": 5.005}, {"path": "sq/27/dur/5.005", "duration": 5.005}, {"path": "sq/28/dur/5.005", "duration": 5.005}, {"path": "sq/29/dur/5.005", "duration": 5.005}, {"path": "sq/30/dur/5.005", "duration": 5.005}, {"path": "sq/31/dur/5.005", "duration": 5.005}, {"path": "sq/32/dur/5.005", "duration": 5.005}, {"path": "sq/33/dur/5.005", "duration": 5.005}, {"path": "sq/34/dur/5.005", "duration": 5.005}, {"path": "sq/35/dur/5.005", "duration": 5.005}, {"path": "sq/36/dur/5.005", "duration": 5.005}, {"path": "sq/37/dur/5.005", "duration": 5.005}, {"path": "sq/38/dur/5.005", "duration": 5.005}, {"path": "sq/39/dur/5.005", "duration": 5.005}, {"path": "sq/40/dur/5.005", "duration": 5.005}, {"path": "sq/41/dur/5.005", "duration": 5.005}, {"path": "sq/42/dur/5.005", "duration": 5.005}, {"path": "sq/43/dur/5.005", "duration": 5.005}, {"path": "sq/44/dur/5.005", "duration": 5.005}, {"path": "sq/45/dur/5.005", "duration": 5.005}, {"path": "sq/46/dur/5.005", "duration": 5.005}, {"path": "sq/47/dur/5.005", "duration": 5.005}, {"path": "sq/48/dur/5.005", "duration": 5.005}, {"path": "sq/49/dur/5.005", "duration": 5.005}, {"path": "sq/50/dur/5.005", "duration": 5.005}, {"path": "sq/51/dur/5.939", "duration": 5.939}], "protocol": "http_dash_segments", "format": "133 - 426x240 (DASH video)", "http_headers": {"User-Agent": "Mozilla/5.0 (Windows NT 10.0; Win64; x64) AppleWebKit/537.36 (KHTML, like Gecko) Chrome/72.0.3626.85 Safari/537.36", "Accept-Charset": "ISO-8859-1,utf-8;q=0.7,*;q=0.7", "Accept": "text/html,application/xhtml+xml,application/xml;q=0.9,*/*;q=0.8", "Accept-Encoding": "gzip, deflate", "Accept-Language": "en-us,en;q=0.5"}}, {"ext": "mp4", "height": 360, "format_note": "DASH video", "vcodec": "avc1.4d401e", "format_id": "134", "manifest_url": "https://manifest.googlevideo.com/api/manifest/dash/expire/1611763361/ei/QToRYO_9G5Ww4QLajKOgDA/ip/140.109.135.76/id/b05c203fabb50f72/source/youtube/requiressl/yes/playback_host/r7---sn-5njj-u2xl.googlevideo.com/mh/1g/mm/31%2C29/mn/sn-5njj-u2xl%2Csn-un57en7e/ms/au%2Crdu/mv/m/mvi/7/pl/16/hfr/all/as/fmp4_audio_clear%2Cwebm_audio_clear%2Cwebm2_audio_clear%2Cfmp4_sd_hd_clear%2Cwebm2_sd_hd_clear/initcwndbps/730000/vprv/1/mt/1611740913/fvip/6/keepalive/yes/itag/0/sparams/expire%2Cei%2Cip%2Cid%2Csource%2Crequiressl%2Chfr%2Cas%2Cvprv%2Citag/sig/AOq0QJ8wRQIhAL9L1UpBMGaiX-Mn3YYc-Vq84yG2OnG79qRFX6zGgOV2AiBZd-fOskDoEhu--NKFqqz00BLAJ7SFVk22qD9dXoy4hw%3D%3D/lsparams/playback_host%2Cmh%2Cmm%2Cmn%2Cms%2Cmv%2Cmvi%2Cpl%2Cinitcwndbps/lsig/AG3C_xAwRgIhAKCtUKB2xffd5XwlzdpvZaM9CRr1pzKRz8SUP6OIbnnEAiEAqeT9j8eQ6CiIdeA8mS0lhaS0WGH5KNB1X5i48Ar5mec%3D", "width": 640, "tbr": 290.771, "asr": null, "fps": 30, "language": null, "filesize": null, "container": "mp4_dash", "acodec": "none", "url": "https://manifest.googlevideo.com/api/manifest/dash/expire/1611763361/ei/QToRYO_9G5Ww4QLajKOgDA/ip/140.109.135.76/id/b05c203fabb50f72/source/youtube/requiressl/yes/playback_host/r7---sn-5njj-u2xl.googlevideo.com/mh/1g/mm/31%2C29/mn/sn-5njj-u2xl%2Csn-un57en7e/ms/au%2Crdu/mv/m/mvi/7/pl/16/hfr/all/as/fmp4_audio_clear%2Cwebm_audio_clear%2Cwebm2_audio_clear%2Cfmp4_sd_hd_clear%2Cwebm2_sd_hd_clear/initcwndbps/730000/vprv/1/mt/1611740913/fvip/6/keepalive/yes/itag/0/sparams/expire%2Cei%2Cip%2Cid%2Csource%2Crequiressl%2Chfr%2Cas%2Cvprv%2Citag/sig/AOq0QJ8wRQIhAL9L1UpBMGaiX-Mn3YYc-Vq84yG2OnG79qRFX6zGgOV2AiBZd-fOskDoEhu--NKFqqz00BLAJ7SFVk22qD9dXoy4hw%3D%3D/lsparams/playback_host%2Cmh%2Cmm%2Cmn%2Cms%2Cmv%2Cmvi%2Cpl%2Cinitcwndbps/lsig/AG3C_xAwRgIhAKCtUKB2xffd5XwlzdpvZaM9CRr1pzKRz8SUP6OIbnnEAiEAqeT9j8eQ6CiIdeA8mS0lhaS0WGH5KNB1X5i48Ar5mec%3D", "fragment_base_url": "https://r7---sn-5njj-u2xl.googlevideo.com/videoplayback/expire/1611763361/ei/QToRYO_9G5Ww4QLajKOgDA/ip/140.109.135.76/id/b05c203fabb50f72/itag/134/source/youtube/requiressl/yes/mh/1g/mm/31,29/mn/sn-5njj-u2xl,sn-un57en7e/ms/au,rdu/mv/m/mvi/7/pl/16/initcwndbps/730000/vprv/1/ratebypass/yes/mime/video%2Fmp4/otfp/1/gir/yes/clen/8576166/lmt/1376065893442085/dur/256.189/mt/1611740913/fvip/6/keepalive/yes/sparams/expire,ei,ip,id,itag,source,requiressl,vprv,ratebypass,mime,otfp,gir,clen,lmt,dur/sig/AOq0QJ8wRAIgFCQIHeUxT9EwZC83LfJZj6fyGveWsTSJe0TKds1vl-YCIAeuWqnwTBd6fWzeXNQ4pTXVGesKT7TlLIBaKtyT_wWG/lsparams/mh,mm,mn,ms,mv,mvi,pl,initcwndbps/lsig/AG3C_xAwRQIhANMVJn_tvVM5nI_rxk6VpEYCL_JSCVQ77Pf3a1EZmjkcAiADR5Y5rDmvtbLy4OXDiVNoYI7RBA0NPnb6OTQJznHdPw%3D%3D/", "fragments": [{"path": "range/0-707"}, {"path": "range/1352-152768", "duration": 5.005}, {"path": "range/152769-315316", "duration": 5.005}, {"path": "range/315317-491731", "duration": 5.005}, {"path": "range/491732-673645", "duration": 5.005}, {"path": "range/673646-849555", "duration": 5.005}, {"path": "range/849556-1024828", "duration": 5.005}, {"path": "range/1024829-1195680", "duration": 5.005}, {"path": "range/1195681-1365935", "duration": 5.005}, {"path": "range/1365936-1536250", "duration": 5.005}, {"path": "range/1536251-1712027", "duration": 5.005}, {"path": "range/1712028-1882151", "duration": 5.005}, {"path": "range/1882152-2052973", "duration": 5.005}, {"path": "range/2052974-2228758", "duration": 5.005}, {"path": "range/2228759-2403967", "duration": 5.005}, {"path": "range/2403968-2579408", "duration": 5.005}, {"path": "range/2579409-2750424", "duration": 5.005}, {"path": "range/2750425-2926116", "duration": 5.005}, {"path": "range/2926117-3096326", "duration": 5.005}, {"path": "range/3096327-3272267", "duration": 5.005}, {"path": "range/3272268-3443534", "duration": 5.005}, {"path": "range/3443535-3618740", "duration": 5.005}, {"path": "range/3618741-3788951", "duration": 5.005}, {"path": "range/3788952-3965665", "duration": 5.005}, {"path": "range/3965666-4135906", "duration": 5.005}, {"path": "range/4135907-4311355", "duration": 5.005}, {"path": "range/4311356-4482305", "duration": 5.005}, {"path": "range/4482306-4657578", "duration": 5.005}, {"path": "range/4657579-4828430", "duration": 5.005}, {"path": "range/4828431-4998685", "duration": 5.005}, {"path": "range/4998686-5169000", "duration": 5.005}, {"path": "range/5169001-5344777", "duration": 5.005}, {"path": "range/5344778-5514901", "duration": 5.005}, {"path": "range/5514902-5685723", "duration": 5.005}, {"path": "range/5685724-5861508", "duration": 5.005}, {"path": "range/5861509-6036717", "duration": 5.005}, {"path": "range/6036718-6212158", "duration": 5.005}, {"path": "range/6212159-6383174", "duration": 5.005}, {"path": "range/6383175-6558866", "duration": 5.005}, {"path": "range/6558867-6729076", "duration": 5.005}, {"path": "range/6729077-6905017", "duration": 5.005}, {"path": "range/6905018-7076284", "duration": 5.005}, {"path": "range/7076285-7251490", "duration": 5.005}, {"path": "range/7251491-7421701", "duration": 5.005}, {"path": "range/7421702-7598415", "duration": 5.005}, {"path": "range/7598416-7768656", "duration": 5.005}, {"path": "range/7768657-7944724", "duration": 5.005}, {"path": "range/7944725-8113685", "duration": 5.005}, {"path": "range/8113686-8153433", "duration": 5.005}, {"path": "range/8153434-8331548", "duration": 5.005}, {"path": "range/8331549-8366889", "duration": 5.005}, {"path": "range/8366890-8576165", "duration": 5.939}], "protocol": "http_dash_segments", "format": "134 - 640x360 (DASH video)", "http_headers": {"User-Agent": "Mozilla/5.0 (Windows NT 10.0; Win64; x64) AppleWebKit/537.36 (KHTML, like Gecko) Chrome/72.0.3626.85 Safari/537.36", "Accept-Charset": "ISO-8859-1,utf-8;q=0.7,*;q=0.7", "Accept": "text/html,application/xhtml+xml,application/xml;q=0.9,*/*;q=0.8", "Accept-Encoding": "gzip, deflate", "Accept-Language": "en-us,en;q=0.5"}}, {"ext": "webm", "height": 360, "format_note": "DASH video", "vcodec": "vp9", "format_id": "243", "manifest_url": "https://manifest.googlevideo.com/api/manifest/dash/expire/1611763361/ei/QToRYO_9G5Ww4QLajKOgDA/ip/140.109.135.76/id/b05c203fabb50f72/source/youtube/requiressl/yes/playback_host/r7---sn-5njj-u2xl.googlevideo.com/mh/1g/mm/31%2C29/mn/sn-5njj-u2xl%2Csn-un57en7e/ms/au%2Crdu/mv/m/mvi/7/pl/16/hfr/all/as/fmp4_audio_clear%2Cwebm_audio_clear%2Cwebm2_audio_clear%2Cfmp4_sd_hd_clear%2Cwebm2_sd_hd_clear/initcwndbps/730000/vprv/1/mt/1611740913/fvip/6/keepalive/yes/itag/0/sparams/expire%2Cei%2Cip%2Cid%2Csource%2Crequiressl%2Chfr%2Cas%2Cvprv%2Citag/sig/AOq0QJ8wRQIhAL9L1UpBMGaiX-Mn3YYc-Vq84yG2OnG79qRFX6zGgOV2AiBZd-fOskDoEhu--NKFqqz00BLAJ7SFVk22qD9dXoy4hw%3D%3D/lsparams/playback_host%2Cmh%2Cmm%2Cmn%2Cms%2Cmv%2Cmvi%2Cpl%2Cinitcwndbps/lsig/AG3C_xAwRgIhAKCtUKB2xffd5XwlzdpvZaM9CRr1pzKRz8SUP6OIbnnEAiEAqeT9j8eQ6CiIdeA8mS0lhaS0WGH5KNB1X5i48Ar5mec%3D", "width": 640, "tbr": 405.72, "asr": null, "fps": 30, "language": null, "filesize": null, "container": "webm_dash", "acodec": "none", "url": "https://manifest.googlevideo.com/api/manifest/dash/expire/1611763361/ei/QToRYO_9G5Ww4QLajKOgDA/ip/140.109.135.76/id/b05c203fabb50f72/source/youtube/requiressl/yes/playback_host/r7---sn-5njj-u2xl.googlevideo.com/mh/1g/mm/31%2C29/mn/sn-5njj-u2xl%2Csn-un57en7e/ms/au%2Crdu/mv/m/mvi/7/pl/16/hfr/all/as/fmp4_audio_clear%2Cwebm_audio_clear%2Cwebm2_audio_clear%2Cfmp4_sd_hd_clear%2Cwebm2_sd_hd_clear/initcwndbps/730000/vprv/1/mt/1611740913/fvip/6/keepalive/yes/itag/0/sparams/expire%2Cei%2Cip%2Cid%2Csource%2Crequiressl%2Chfr%2Cas%2Cvprv%2Citag/sig/AOq0QJ8wRQIhAL9L1UpBMGaiX-Mn3YYc-Vq84yG2OnG79qRFX6zGgOV2AiBZd-fOskDoEhu--NKFqqz00BLAJ7SFVk22qD9dXoy4hw%3D%3D/lsparams/playback_host%2Cmh%2Cmm%2Cmn%2Cms%2Cmv%2Cmvi%2Cpl%2Cinitcwndbps/lsig/AG3C_xAwRgIhAKCtUKB2xffd5XwlzdpvZaM9CRr1pzKRz8SUP6OIbnnEAiEAqeT9j8eQ6CiIdeA8mS0lhaS0WGH5KNB1X5i48Ar5mec%3D", "fragment_base_url": "https://r7---sn-5njj-u2xl.googlevideo.com/videoplayback/expire/1611763361/ei/QToRYO_9G5Ww4QLajKOgDA/ip/140.109.135.76/id/b05c203fabb50f72/itag/243/source/yt_otf/requiressl/yes/mh/1g/mm/31,29/mn/sn-5njj-u2xl,sn-un57en7e/ms/au,rdu/mv/m/mvi/7/pl/16/initcwndbps/730000/vprv/1/ratebypass/yes/mime/video%2Fwebm/otfp/1/otf/1/lmt/1376065893442085/mt/1611740913/fvip/6/keepalive/yes/sparams/expire,ei,ip,id,itag,source,requiressl,vprv,ratebypass,mime,otfp,otf,lmt/sig/AOq0QJ8wRQIhAJMYCGr-3PSTbqQMbm6q8Rg4DTgzt9wdHUK0sorbZIG1AiAYt69BJqij941_0bcjHYJE0JnSh6w10uIUTtm8O78qzg%3D%3D/lsparams/mh,mm,mn,ms,mv,mvi,pl,initcwndbps/lsig/AG3C_xAwRgIhALaD7VzF6BR2Z6F3EMvwuLiwjMis_vxTwml8MS_CII2aAiEAqjKG7FXXe_S50p-qHJ9zI7Ycev4yhpTQSh6IvFI_HkU%3D/", "fragments": [{"path": "sq/0"}, {"path": "sq/1/dur/5.005", "duration": 5.005}, {"path": "sq/2/dur/5.005", "duration": 5.005}, {"path": "sq/3/dur/5.005", "duration": 5.005}, {"path": "sq/4/dur/5.005", "duration": 5.005}, {"path": "sq/5/dur/5.005", "duration": 5.005}, {"path": "sq/6/dur/5.005", "duration": 5.005}, {"path": "sq/7/dur/5.005", "duration": 5.005}, {"path": "sq/8/dur/5.005", "duration": 5.005}, {"path": "sq/9/dur/5.005", "duration": 5.005}, {"path": "sq/10/dur/5.005", "duration": 5.005}, {"path": "sq/11/dur/5.005", "duration": 5.005}, {"path": "sq/12/dur/5.005", "duration": 5.005}, {"path": "sq/13/dur/5.005", "duration": 5.005}, {"path": "sq/14/dur/5.005", "duration": 5.005}, {"path": "sq/15/dur/5.005", "duration": 5.005}, {"path": "sq/16/dur/5.005", "duration": 5.005}, {"path": "sq/17/dur/5.005", "duration": 5.005}, {"path": "sq/18/dur/5.005", "duration": 5.005}, {"path": "sq/19/dur/5.005", "duration": 5.005}, {"path": "sq/20/dur/5.005", "duration": 5.005}, {"path": "sq/21/dur/5.005", "duration": 5.005}, {"path": "sq/22/dur/5.005", "duration": 5.005}, {"path": "sq/23/dur/5.005", "duration": 5.005}, {"path": "sq/24/dur/5.005", "duration": 5.005}, {"path": "sq/25/dur/5.005", "duration": 5.005}, {"path": "sq/26/dur/5.005", "duration": 5.005}, {"path": "sq/27/dur/5.005", "duration": 5.005}, {"path": "sq/28/dur/5.005", "duration": 5.005}, {"path": "sq/29/dur/5.005", "duration": 5.005}, {"path": "sq/30/dur/5.005", "duration": 5.005}, {"path": "sq/31/dur/5.005", "duration": 5.005}, {"path": "sq/32/dur/5.005", "duration": 5.005}, {"path": "sq/33/dur/5.005", "duration": 5.005}, {"path": "sq/34/dur/5.005", "duration": 5.005}, {"path": "sq/35/dur/5.005", "duration": 5.005}, {"path": "sq/36/dur/5.005", "duration": 5.005}, {"path": "sq/37/dur/5.005", "duration": 5.005}, {"path": "sq/38/dur/5.005", "duration": 5.005}, {"path": "sq/39/dur/5.005", "duration": 5.005}, {"path": "sq/40/dur/5.005", "duration": 5.005}, {"path": "sq/41/dur/5.005", "duration": 5.005}, {"path": "sq/42/dur/5.005", "duration": 5.005}, {"path": "sq/43/dur/5.005", "duration": 5.005}, {"path": "sq/44/dur/5.005", "duration": 5.005}, {"path": "sq/45/dur/5.005", "duration": 5.005}, {"path": "sq/46/dur/5.005", "duration": 5.005}, {"path": "sq/47/dur/5.005", "duration": 5.005}, {"path": "sq/48/dur/5.005", "duration": 5.005}, {"path": "sq/49/dur/5.005", "duration": 5.005}, {"path": "sq/50/dur/5.005", "duration": 5.005}, {"path": "sq/51/dur/5.939", "duration": 5.939}], "protocol": "http_dash_segments", "format": "243 - 640x360 (DASH video)", "http_headers": {"User-Agent": "Mozilla/5.0 (Windows NT 10.0; Win64; x64) AppleWebKit/537.36 (KHTML, like Gecko) Chrome/72.0.3626.85 Safari/537.36", "Accept-Charset": "ISO-8859-1,utf-8;q=0.7,*;q=0.7", "Accept": "text/html,application/xhtml+xml,application/xml;q=0.9,*/*;q=0.8", "Accept-Encoding": "gzip, deflate", "Accept-Language": "en-us,en;q=0.5"}}, {"format_id": "18", "url": "https://r7---sn-5njj-u2xl.googlevideo.com/videoplayback?expire=1611763361&ei=QToRYO_9G5Ww4QLajKOgDA&ip=140.109.135.76&id=o-AIZXOA3O5V5z5C6D3yWkewbAscdlCOuM7kHOfxCLCSI5&itag=18&source=youtube&requiressl=yes&mh=1g&mm=31%2C29&mn=sn-5njj-u2xl%2Csn-un57en7e&ms=au%2Crdu&mv=m&mvi=7&pl=16&initcwndbps=730000&vprv=1&mime=video%2Fmp4&ns=YOMHJWMupDst-t9MWw7dDJcF&gir=yes&clen=7928801&ratebypass=yes&dur=256.394&lmt=1376065653321918&mt=1611740913&fvip=6&c=WEB&n=ztjMqpw7o7ngKUIFG51l&sparams=expire%2Cei%2Cip%2Cid%2Citag%2Csource%2Crequiressl%2Cvprv%2Cmime%2Cns%2Cgir%2Cclen%2Cratebypass%2Cdur%2Clmt&sig=AOq0QJ8wRgIhAPB12N44XbQw2Pzjw-rorcokKaj3sxYLskQXSe3TFM88AiEA_cOglSytdYE1oBNjYTvaePNfdL11XHJfCHYkcZb7QFU%3D&lsparams=mh%2Cmm%2Cmn%2Cms%2Cmv%2Cmvi%2Cpl%2Cinitcwndbps&lsig=AG3C_xAwRQIhAJlNHqsaAynuqMGVw4Z9RfO_-TFEEmaMwkMxBk_1WoqwAiBMb36Q6YTHpkLe0qcnkO1K7yEAKS5c9InmrjZ-_qEWFA%3D%3D", "player_url": null, "ext": "mp4", "width": 640, "height": 360, "acodec": "mp4a.40.2", "abr": 96, "vcodec": "avc1.42001E", "asr": 44100, "filesize": 7928801, "format_note": "360p", "fps": 30, "tbr": 247.56, "format": "18 - 640x360 (360p)", "protocol": "https", "http_headers": {"User-Agent": "Mozilla/5.0 (Windows NT 10.0; Win64; x64) AppleWebKit/537.36 (KHTML, like Gecko) Chrome/72.0.3626.85 Safari/537.36", "Accept-Charset": "ISO-8859-1,utf-8;q=0.7,*;q=0.7", "Accept": "text/html,application/xhtml+xml,application/xml;q=0.9,*/*;q=0.8", "Accept-Encoding": "gzip, deflate", "Accept-Language": "en-us,en;q=0.5"}}], "is_live": null, "start_time": null, "end_time": null, "series": null, "season_number": null, "episode_number": null, "track": null, "artist": null, "album": null, "release_date": null, "release_year": null, "extractor": "youtube", "webpage_url_basename": "watch", "extractor_key": "Youtube", "playlist": null, "playlist_index": null, "thumbnail": "https://i.ytimg.com/vi/sFwgP6u1D3I/hqdefault.jpg?sqp=-oaymwEcCNACELwBSFXyq4qpAw4IARUAAIhCGAFwAcABBg==&rs=AOn4CLDbJSpmc3DNmBgHCdD9wynSYXdLwg", "display_id": "sFwgP6u1D3I", "requested_subtitles": null, "ext": "m4a", "format_note": "DASH audio", "acodec": "mp4a.40.2", "abr": 128, "container": "m4a_dash", "format_id": "140", "manifest_url": "https://manifest.googlevideo.com/api/manifest/dash/expire/1611763361/ei/QToRYO_9G5Ww4QLajKOgDA/ip/140.109.135.76/id/b05c203fabb50f72/source/youtube/requiressl/yes/playback_host/r7---sn-5njj-u2xl.googlevideo.com/mh/1g/mm/31%2C29/mn/sn-5njj-u2xl%2Csn-un57en7e/ms/au%2Crdu/mv/m/mvi/7/pl/16/hfr/all/as/fmp4_audio_clear%2Cwebm_audio_clear%2Cwebm2_audio_clear%2Cfmp4_sd_hd_clear%2Cwebm2_sd_hd_clear/initcwndbps/730000/vprv/1/mt/1611740913/fvip/6/keepalive/yes/itag/0/sparams/expire%2Cei%2Cip%2Cid%2Csource%2Crequiressl%2Chfr%2Cas%2Cvprv%2Citag/sig/AOq0QJ8wRQIhAL9L1UpBMGaiX-Mn3YYc-Vq84yG2OnG79qRFX6zGgOV2AiBZd-fOskDoEhu--NKFqqz00BLAJ7SFVk22qD9dXoy4hw%3D%3D/lsparams/playback_host%2Cmh%2Cmm%2Cmn%2Cms%2Cmv%2Cmvi%2Cpl%2Cinitcwndbps/lsig/AG3C_xAwRgIhAKCtUKB2xffd5XwlzdpvZaM9CRr1pzKRz8SUP6OIbnnEAiEAqeT9j8eQ6CiIdeA8mS0lhaS0WGH5KNB1X5i48Ar5mec%3D", "width": null, "height": null, "tbr": 127.99, "asr": 44100, "fps": null, "language": null, "filesize": null, "vcodec": "none", "url": "https://manifest.googlevideo.com/api/manifest/dash/expire/1611763361/ei/QToRYO_9G5Ww4QLajKOgDA/ip/140.109.135.76/id/b05c203fabb50f72/source/youtube/requiressl/yes/playback_host/r7---sn-5njj-u2xl.googlevideo.com/mh/1g/mm/31%2C29/mn/sn-5njj-u2xl%2Csn-un57en7e/ms/au%2Crdu/mv/m/mvi/7/pl/16/hfr/all/as/fmp4_audio_clear%2Cwebm_audio_clear%2Cwebm2_audio_clear%2Cfmp4_sd_hd_clear%2Cwebm2_sd_hd_clear/initcwndbps/730000/vprv/1/mt/1611740913/fvip/6/keepalive/yes/itag/0/sparams/expire%2Cei%2Cip%2Cid%2Csource%2Crequiressl%2Chfr%2Cas%2Cvprv%2Citag/sig/AOq0QJ8wRQIhAL9L1UpBMGaiX-Mn3YYc-Vq84yG2OnG79qRFX6zGgOV2AiBZd-fOskDoEhu--NKFqqz00BLAJ7SFVk22qD9dXoy4hw%3D%3D/lsparams/playback_host%2Cmh%2Cmm%2Cmn%2Cms%2Cmv%2Cmvi%2Cpl%2Cinitcwndbps/lsig/AG3C_xAwRgIhAKCtUKB2xffd5XwlzdpvZaM9CRr1pzKRz8SUP6OIbnnEAiEAqeT9j8eQ6CiIdeA8mS0lhaS0WGH5KNB1X5i48Ar5mec%3D", "fragment_base_url": "https://r7---sn-5njj-u2xl.googlevideo.com/videoplayback/expire/1611763361/ei/QToRYO_9G5Ww4QLajKOgDA/ip/140.109.135.76/id/b05c203fabb50f72/itag/140/source/youtube/requiressl/yes/mh/1g/mm/31,29/mn/sn-5njj-u2xl,sn-un57en7e/ms/au,rdu/mv/m/mvi/7/pl/16/initcwndbps/730000/vprv/1/ratebypass/yes/mime/audio%2Fmp4/otfp/1/gir/yes/clen/4072725/lmt/1376065834753991/dur/256.394/mt/1611740913/fvip/6/keepalive/yes/sparams/expire,ei,ip,id,itag,source,requiressl,vprv,ratebypass,mime,otfp,gir,clen,lmt,dur/sig/AOq0QJ8wRQIhAOXWnfJ_j6hU7mKsUM9HfgciGM53RLdIYqqOuESYSdw5AiAovA5y9PcqV7iLQli4SSvCgdpzc-Yk5YksoyUOw3dYIA%3D%3D/lsparams/mh,mm,mn,ms,mv,mvi,pl,initcwndbps/lsig/AG3C_xAwRQIgM2t-VHhcna48b7tKh62HZ0lHcdfOQRN6JgR3MZbwP_QCIQCU2XKLoWQyei1p-iFZhRChV8p_gmC6bJedKzCFIEDPCg%3D%3D/", "fragments": [{"path": "range/0-591"}, {"path": "range/936-160115", "duration": 10.031}, {"path": "range/160116-319138", "duration": 9.985}, {"path": "range/319139-477713", "duration": 9.984}, {"path": "range/477714-636684", "duration": 10.031}, {"path": "range/636685-795671", "duration": 9.985}, {"path": "range/795672-954012", "duration": 9.984}, {"path": "range/954013-1113115", "duration": 10.031}, {"path": "range/1113116-1272050", "duration": 9.985}, {"path": "range/1272051-1430547", "duration": 9.985}, {"path": "range/1430548-1589594", "duration": 10.031}, {"path": "range/1589595-1748405", "duration": 9.984}, {"path": "range/1748406-1906922", "duration": 9.985}, {"path": "range/1906923-2065998", "duration": 10.031}, {"path": "range/2065999-2224916", "duration": 9.984}, {"path": "range/2224917-2383424", "duration": 9.985}, {"path": "range/2383425-2542237", "duration": 10.031}, {"path": "range/2542238-2701283", "duration": 9.985}, {"path": "range/2701284-2859815", "duration": 9.984}, {"path": "range/2859816-3018824", "duration": 10.031}, {"path": "range/3018825-3177843", "duration": 9.985}, {"path": "range/3177844-3336311", "duration": 9.984}, {"path": "range/3336312-3495247", "duration": 10.031}, {"path": "range/3495248-3654151", "duration": 9.985}, {"path": "range/3654152-3812518", "duration": 9.984}, {"path": "range/3812519-3971527", "duration": 10.032}, {"path": "range/3971528-4072724", "duration": 6.409}], "protocol": "http_dash_segments", "format": "140 - audio only (DASH audio)", "http_headers": {"User-Agent": "Mozilla/5.0 (Windows NT 10.0; Win64; x64) AppleWebKit/537.36 (KHTML, like Gecko) Chrome/72.0.3626.85 Safari/537.36", "Accept-Charset": "ISO-8859-1,utf-8;q=0.7,*;q=0.7", "Accept": "text/html,application/xhtml+xml,application/xml;q=0.9,*/*;q=0.8", "Accept-Encoding": "gzip, deflate", "Accept-Language": "en-us,en;q=0.5"}}