{"id": "SlsXsqotUis", "uploader": "Francesco Parrino", "uploader_id": "FrancescoParrino", "uploader_url": "http://www.youtube.com/user/FrancescoParrino", "channel_id": "UCQ8THdZnqPVoLN9zuT-pjBg", "channel_url": "http://www.youtube.com/channel/UCQ8THdZnqPVoLN9zuT-pjBg", "upload_date": "20180929", "license": null, "creator": null, "title": "Gloria Gaynor -  I Will Survive | Piano Cover + Sheet Music", "alt_title": null, "thumbnails": [{"url": "https://i.ytimg.com/vi/SlsXsqotUis/hqdefault.jpg?sqp=-oaymwEYCKgBEF5IVfKriqkDCwgBFQAAiEIYAXAB&rs=AOn4CLB9JCyiFFvVHlb_PMSWqBsdY3ZkNw", "width": 168, "height": 94, "resolution": "168x94", "id": "0"}, {"url": "https://i.ytimg.com/vi/SlsXsqotUis/hqdefault.jpg?sqp=-oaymwEYCMQBEG5IVfKriqkDCwgBFQAAiEIYAXAB&rs=AOn4CLDRLXAGl1pPS52cd6bRhhS8Gh5Xfw", "width": 196, "height": 110, "resolution": "196x110", "id": "1"}, {"url": "https://i.ytimg.com/vi/SlsXsqotUis/hqdefault.jpg?sqp=-oaymwEZCPYBEIoBSFXyq4qpAwsIARUAAIhCGAFwAQ==&rs=AOn4CLDNYb6UzprZY-DpnZ0E4EHUpQaE0Q", "width": 246, "height": 138, "resolution": "246x138", "id": "2"}, {"url": "https://i.ytimg.com/vi/SlsXsqotUis/hqdefault.jpg?sqp=-oaymwEZCNACELwBSFXyq4qpAwsIARUAAIhCGAFwAQ==&rs=AOn4CLDq1r9BNN1HFpfKfmKdPmg23Y1P2Q", "width": 336, "height": 188, "resolution": "336x188", "id": "3"}, {"url": "https://i.ytimg.com/vi_webp/SlsXsqotUis/maxresdefault.webp", "width": 1920, "height": 1080, "resolution": "1920x1080", "id": "4"}], "description": "\u266b SHEET MUSIC is Available Here: http://bit.ly/FPM_IWillSurvive\n\ud83d\udc4d Thumbs up, SUBSCRIBE and click the \ud83d\udd14 for more contents: https://bit.ly/FPSubscribe\n\ud83c\udfb9 Want to learn the piano? This is the app for you! https://bit.ly/FPM_Skoove\n\nAnother classic! As you can see it's a bit challenging but great fun!\n\n\u25cf Check my TUTORIAL of this arrangement here: https://youtu.be/pcnzVEuTsvA\n\nThis song is available on:\n\ud83c\udfa7 Spotify: https://bit.ly/FPM_TC4_S \n\ud83c\udfa7 iTunes: https://bit.ly/FPM_TC4_iT \n\ud83c\udfa7 Amazon Music: https://bit.ly/FPM_TC4_AM\n\ud83c\udfa7 Deezer: https://bit.ly/FPM_TC4_DZ\n\ud83c\udfa7 Youtube Music: https://bit.ly/FPM_TC4_YM\n\n\u25cf TUTORIALS, Extras, Bloopers, Live: http://bit.ly/FPM_TutorialsExtras\n\u25cf All my SCORES: http://bit.ly/FPM_SheetMusic\n\u25cf Full Discography: http://bit.ly/FPM_Discography\n\u25cf Website: http://bit.ly/FrancescoParrinoMusic\n\u25cf MIDI files: http://bit.ly/FPM_Media\n\u25cf Check my new Classical Channel: https://bit.ly/FPM_ClassicalSub\n\n\u25cf Let's connect on Facebook: http://bit.ly/FPM-Facebook\n\u25cf Or Instagram: http://bit.ly/FPM-Instagram\n\n#GloriaGaynor #IWillSurvive #SheetMusic", "categories": ["Music"], "tags": ["Gloria Gaynor", "I Will Survive", "Piano", "Cover", "Francesco Parrino", "Sheet Music", "Score", "MIDI", "Love Tracks", "Instrumental", "Arrangement"], "subtitles": {}, "automatic_captions": {}, "duration": 203, "age_limit": 0, "annotations": null, "chapters": null, "webpage_url": "https://www.youtube.com/watch?v=SlsXsqotUis", "view_count": 1094611, "like_count": 21361, "dislike_count": 218, "average_rating": 4.9595904, "formats": [{"format_id": "249", "url": "https://r2---sn-5njj-u2xl.googlevideo.com/videoplayback?expire=1612167679&ei=n2UXYKnqLdDFrQSG1pbwCQ&ip=140.109.135.76&id=o-AI9CPNlvzcsGcUqzAhEkw1WyQ3XLcTYh5wjWwqnY_tTU&itag=249&source=youtube&requiressl=yes&mh=Yz&mm=31%2C29&mn=sn-5njj-u2xl%2Csn-un57sn7s&ms=au%2Crdu&mv=m&mvi=2&pl=16&initcwndbps=422500&vprv=1&mime=audio%2Fwebm&ns=jckvYSfnDA0qR2d9ANK8A7MF&gir=yes&clen=1488239&dur=202.981&lmt=1577378521815082&mt=1612145803&fvip=2&keepalive=yes&c=WEB&txp=5531432&n=6B_qf-8pl5EfGZgOL&sparams=expire%2Cei%2Cip%2Cid%2Citag%2Csource%2Crequiressl%2Cvprv%2Cmime%2Cns%2Cgir%2Cclen%2Cdur%2Clmt&lsparams=mh%2Cmm%2Cmn%2Cms%2Cmv%2Cmvi%2Cpl%2Cinitcwndbps&lsig=AG3C_xAwRQIgArpPdaCLlPxGYs5qtCSLJec2lR5ZA0M_T-8aUB9NBBsCIQDkRRMXorV3tbMPLOeMbRfL9a1gVdNqsZKtK5r6kh6gQg%3D%3D&sig=AOq0QJ8wRQIgObb8xwmJPqObf3yafJlg3Qbad7GN_14VcKESpMDS-LACIQCvYl8wj4S9O5ihgmiNgmDJLBoiO7eb8YkIs2W7aZjdNA==&ratebypass=yes", "player_url": "/s/player/7bc032d0/player_ias.vflset/en_US/base.js", "ext": "webm", "format_note": "tiny", "acodec": "opus", "abr": 50, "asr": 48000, "filesize": 1488239, "fps": null, "height": null, "tbr": 67.298, "width": null, "vcodec": "none", "downloader_options": {"http_chunk_size": 10485760}, "format": "249 - audio only (tiny)", "protocol": "https", "http_headers": {"User-Agent": "Mozilla/5.0 (Windows NT 10.0; Win64; x64) AppleWebKit/537.36 (KHTML, like Gecko) Chrome/70.0.3538.79 Safari/537.36", "Accept-Charset": "ISO-8859-1,utf-8;q=0.7,*;q=0.7", "Accept": "text/html,application/xhtml+xml,application/xml;q=0.9,*/*;q=0.8", "Accept-Encoding": "gzip, deflate", "Accept-Language": "en-us,en;q=0.5"}}, {"format_id": "250", "url": "https://r2---sn-5njj-u2xl.googlevideo.com/videoplayback?expire=1612167679&ei=n2UXYKnqLdDFrQSG1pbwCQ&ip=140.109.135.76&id=o-AI9CPNlvzcsGcUqzAhEkw1WyQ3XLcTYh5wjWwqnY_tTU&itag=250&source=youtube&requiressl=yes&mh=Yz&mm=31%2C29&mn=sn-5njj-u2xl%2Csn-un57sn7s&ms=au%2Crdu&mv=m&mvi=2&pl=16&initcwndbps=422500&vprv=1&mime=audio%2Fwebm&ns=jckvYSfnDA0qR2d9ANK8A7MF&gir=yes&clen=1985558&dur=202.981&lmt=1577378524609560&mt=1612145803&fvip=2&keepalive=yes&c=WEB&txp=5531432&n=6B_qf-8pl5EfGZgOL&sparams=expire%2Cei%2Cip%2Cid%2Citag%2Csource%2Crequiressl%2Cvprv%2Cmime%2Cns%2Cgir%2Cclen%2Cdur%2Clmt&lsparams=mh%2Cmm%2Cmn%2Cms%2Cmv%2Cmvi%2Cpl%2Cinitcwndbps&lsig=AG3C_xAwRQIhAM_Sq1QqU1-VfoYYitEHu2lbFfQ0ILNaNL65MA67dW-eAiBsmX_4zSGgDXLT9MxXrOVgpoTlQg1a_GqR--Nz8FqEhw%3D%3D&sig=AOq0QJ8wRQIgWIC88Ie0jrxkaH30O30mylP4cXmclmDV3x63vA8wUcACIQCbhv61f-aA_khlwyJ1YR3nVebK1s0TOtapY35pa7zF9g==&ratebypass=yes", "player_url": "/s/player/7bc032d0/player_ias.vflset/en_US/base.js", "ext": "webm", "format_note": "tiny", "acodec": "opus", "abr": 70, "asr": 48000, "filesize": 1985558, "fps": null, "height": null, "tbr": 87.878, "width": null, "vcodec": "none", "downloader_options": {"http_chunk_size": 10485760}, "format": "250 - audio only (tiny)", "protocol": "https", "http_headers": {"User-Agent": "Mozilla/5.0 (Windows NT 10.0; Win64; x64) AppleWebKit/537.36 (KHTML, like Gecko) Chrome/70.0.3538.79 Safari/537.36", "Accept-Charset": "ISO-8859-1,utf-8;q=0.7,*;q=0.7", "Accept": "text/html,application/xhtml+xml,application/xml;q=0.9,*/*;q=0.8", "Accept-Encoding": "gzip, deflate", "Accept-Language": "en-us,en;q=0.5"}}, {"format_id": "140", "url": "https://r2---sn-5njj-u2xl.googlevideo.com/videoplayback?expire=1612167679&ei=n2UXYKnqLdDFrQSG1pbwCQ&ip=140.109.135.76&id=o-AI9CPNlvzcsGcUqzAhEkw1WyQ3XLcTYh5wjWwqnY_tTU&itag=140&source=youtube&requiressl=yes&mh=Yz&mm=31%2C29&mn=sn-5njj-u2xl%2Csn-un57sn7s&ms=au%2Crdu&mv=m&mvi=2&pl=16&initcwndbps=422500&vprv=1&mime=audio%2Fmp4&ns=jckvYSfnDA0qR2d9ANK8A7MF&gir=yes&clen=3286265&dur=203.012&lmt=1577378520813846&mt=1612145803&fvip=2&keepalive=yes&c=WEB&txp=5531432&n=6B_qf-8pl5EfGZgOL&sparams=expire%2Cei%2Cip%2Cid%2Citag%2Csource%2Crequiressl%2Cvprv%2Cmime%2Cns%2Cgir%2Cclen%2Cdur%2Clmt&lsparams=mh%2Cmm%2Cmn%2Cms%2Cmv%2Cmvi%2Cpl%2Cinitcwndbps&lsig=AG3C_xAwRAIgI2o3EW2-nLUkW9zDoCBe7Zh38jTts2TRIgZLBYRXaa4CIBEPbETzQQTsJije4LlP38hO1su3anjNkoUXQOxUko3c&sig=AOq0QJ8wRgIhAPriqDj54p54KmSw5jfkGkDgc_YVt1EHyGJtgci3Fvq8AiEA7SF3GPzeTdf8UrUdXfD8AlSEKAkQZaW1oMhUiu6RKiE=&ratebypass=yes", "player_url": "/s/player/7bc032d0/player_ias.vflset/en_US/base.js", "ext": "m4a", "format_note": "tiny", "acodec": "mp4a.40.2", "abr": 128, "container": "m4a_dash", "asr": 44100, "filesize": 3286265, "fps": null, "height": null, "tbr": 130.438, "width": null, "vcodec": "none", "downloader_options": {"http_chunk_size": 10485760}, "format": "140 - audio only (tiny)", "protocol": "https", "http_headers": {"User-Agent": "Mozilla/5.0 (Windows NT 10.0; Win64; x64) AppleWebKit/537.36 (KHTML, like Gecko) Chrome/70.0.3538.79 Safari/537.36", "Accept-Charset": "ISO-8859-1,utf-8;q=0.7,*;q=0.7", "Accept": "text/html,application/xhtml+xml,application/xml;q=0.9,*/*;q=0.8", "Accept-Encoding": "gzip, deflate", "Accept-Language": "en-us,en;q=0.5"}}, {"format_id": "251", "url": "https://r2---sn-5njj-u2xl.googlevideo.com/videoplayback?expire=1612167679&ei=n2UXYKnqLdDFrQSG1pbwCQ&ip=140.109.135.76&id=o-AI9CPNlvzcsGcUqzAhEkw1WyQ3XLcTYh5wjWwqnY_tTU&itag=251&source=youtube&requiressl=yes&mh=Yz&mm=31%2C29&mn=sn-5njj-u2xl%2Csn-un57sn7s&ms=au%2Crdu&mv=m&mvi=2&pl=16&initcwndbps=422500&vprv=1&mime=audio%2Fwebm&ns=jckvYSfnDA0qR2d9ANK8A7MF&gir=yes&clen=3811992&dur=202.981&lmt=1577378528415261&mt=1612145803&fvip=2&keepalive=yes&c=WEB&txp=5531432&n=6B_qf-8pl5EfGZgOL&sparams=expire%2Cei%2Cip%2Cid%2Citag%2Csource%2Crequiressl%2Cvprv%2Cmime%2Cns%2Cgir%2Cclen%2Cdur%2Clmt&lsparams=mh%2Cmm%2Cmn%2Cms%2Cmv%2Cmvi%2Cpl%2Cinitcwndbps&lsig=AG3C_xAwRQIhAM8LGAQ4x1ovWUj1J0bwrpxWdAkdKQDIRlVF51xdjSHcAiBPqDvE2Yz8dmI4PsdCskcm9-dWl9OAC6dR5v9y-Gh1Ag%3D%3D&sig=AOq0QJ8wRQIhANwCPMTXJG--gQc4LTxFmtien_dIB3ne4dNd7Pb8dQVUAiAHD5V58jK21Zn-dRBjZIeR5bUeMsl_VrOSt7BJw7fQ0w==&ratebypass=yes", "player_url": "/s/player/7bc032d0/player_ias.vflset/en_US/base.js", "ext": "webm", "format_note": "tiny", "acodec": "opus", "abr": 160, "asr": 48000, "filesize": 3811992, "fps": null, "height": null, "tbr": 166.528, "width": null, "vcodec": "none", "downloader_options": {"http_chunk_size": 10485760}, "format": "251 - audio only (tiny)", "protocol": "https", "http_headers": {"User-Agent": "Mozilla/5.0 (Windows NT 10.0; Win64; x64) AppleWebKit/537.36 (KHTML, like Gecko) Chrome/70.0.3538.79 Safari/537.36", "Accept-Charset": "ISO-8859-1,utf-8;q=0.7,*;q=0.7", "Accept": "text/html,application/xhtml+xml,application/xml;q=0.9,*/*;q=0.8", "Accept-Encoding": "gzip, deflate", "Accept-Language": "en-us,en;q=0.5"}}, {"format_id": "278", "url": "https://r2---sn-5njj-u2xl.googlevideo.com/videoplayback?expire=1612167679&ei=n2UXYKnqLdDFrQSG1pbwCQ&ip=140.109.135.76&id=o-AI9CPNlvzcsGcUqzAhEkw1WyQ3XLcTYh5wjWwqnY_tTU&itag=278&aitags=133%2C134%2C135%2C136%2C137%2C160%2C242%2C243%2C244%2C247%2C248%2C278&source=youtube&requiressl=yes&mh=Yz&mm=31%2C29&mn=sn-5njj-u2xl%2Csn-un57sn7s&ms=au%2Crdu&mv=m&mvi=2&pl=16&initcwndbps=422500&vprv=1&mime=video%2Fwebm&ns=jckvYSfnDA0qR2d9ANK8A7MF&gir=yes&clen=2281043&dur=202.960&lmt=1577379533224369&mt=1612145803&fvip=2&keepalive=yes&c=WEB&txp=5535432&n=6B_qf-8pl5EfGZgOL&sparams=expire%2Cei%2Cip%2Cid%2Caitags%2Csource%2Crequiressl%2Cvprv%2Cmime%2Cns%2Cgir%2Cclen%2Cdur%2Clmt&lsparams=mh%2Cmm%2Cmn%2Cms%2Cmv%2Cmvi%2Cpl%2Cinitcwndbps&lsig=AG3C_xAwRQIhAPXRC5uR7fQ0Tm3zpraFAv-NXwpirr2Xpa1osTTFZG-KAiB9tMvToruatvVxBWqiEdBciUUGqJqbEL1EjncsHX9f7w%3D%3D&sig=AOq0QJ8wRQIhAKTk8kXJkOJI9_iF8xvEytatjRfyzY5PR1G_Yc3K_UzlAiA4tSFW5_hfJB82M6mWfmQbndBlHdsqiRX3cX6Wlw3U8Q==&ratebypass=yes", "player_url": "/s/player/7bc032d0/player_ias.vflset/en_US/base.js", "ext": "webm", "height": 144, "format_note": "144p", "container": "webm", "vcodec": "vp9", "asr": null, "filesize": 2281043, "fps": 25, "tbr": 95.848, "width": 256, "acodec": "none", "downloader_options": {"http_chunk_size": 10485760}, "format": "278 - 256x144 (144p)", "protocol": "https", "http_headers": {"User-Agent": "Mozilla/5.0 (Windows NT 10.0; Win64; x64) AppleWebKit/537.36 (KHTML, like Gecko) Chrome/70.0.3538.79 Safari/537.36", "Accept-Charset": "ISO-8859-1,utf-8;q=0.7,*;q=0.7", "Accept": "text/html,application/xhtml+xml,application/xml;q=0.9,*/*;q=0.8", "Accept-Encoding": "gzip, deflate", "Accept-Language": "en-us,en;q=0.5"}}, {"format_id": "160", "url": "https://r2---sn-5njj-u2xl.googlevideo.com/videoplayback?expire=1612167679&ei=n2UXYKnqLdDFrQSG1pbwCQ&ip=140.109.135.76&id=o-AI9CPNlvzcsGcUqzAhEkw1WyQ3XLcTYh5wjWwqnY_tTU&itag=160&aitags=133%2C134%2C135%2C136%2C137%2C160%2C242%2C243%2C244%2C247%2C248%2C278&source=youtube&requiressl=yes&mh=Yz&mm=31%2C29&mn=sn-5njj-u2xl%2Csn-un57sn7s&ms=au%2Crdu&mv=m&mvi=2&pl=16&initcwndbps=422500&vprv=1&mime=video%2Fmp4&ns=jckvYSfnDA0qR2d9ANK8A7MF&gir=yes&clen=2637875&dur=202.960&lmt=1577378967659820&mt=1612145803&fvip=2&keepalive=yes&c=WEB&txp=5535432&n=6B_qf-8pl5EfGZgOL&sparams=expire%2Cei%2Cip%2Cid%2Caitags%2Csource%2Crequiressl%2Cvprv%2Cmime%2Cns%2Cgir%2Cclen%2Cdur%2Clmt&lsparams=mh%2Cmm%2Cmn%2Cms%2Cmv%2Cmvi%2Cpl%2Cinitcwndbps&lsig=AG3C_xAwRgIhAJx1S04nsWMJjtL642WN57yWQUqpPKfz59hcxNe6oJ-zAiEA8aUtQdInxjTTh-A0_JSxroYZWTThTG7PNxaMAt3t6dM%3D&sig=AOq0QJ8wRAIgFS-AkYM1q7oeFIqmnQY7QbSViTMd4XfQXFHgchZ3RY0CIFsdUgAiOnZmv52RwHX0lkrxMZUTF-IEYBmjZlsWvz5_&ratebypass=yes", "player_url": "/s/player/7bc032d0/player_ias.vflset/en_US/base.js", "ext": "mp4", "height": 144, "format_note": "144p", "vcodec": "avc1.4d400c", "asr": null, "filesize": 2637875, "fps": 25, "tbr": 110.306, "width": 256, "acodec": "none", "downloader_options": {"http_chunk_size": 10485760}, "format": "160 - 256x144 (144p)", "protocol": "https", "http_headers": {"User-Agent": "Mozilla/5.0 (Windows NT 10.0; Win64; x64) AppleWebKit/537.36 (KHTML, like Gecko) Chrome/70.0.3538.79 Safari/537.36", "Accept-Charset": "ISO-8859-1,utf-8;q=0.7,*;q=0.7", "Accept": "text/html,application/xhtml+xml,application/xml;q=0.9,*/*;q=0.8", "Accept-Encoding": "gzip, deflate", "Accept-Language": "en-us,en;q=0.5"}}, {"format_id": "133", "url": "https://r2---sn-5njj-u2xl.googlevideo.com/videoplayback?expire=1612167679&ei=n2UXYKnqLdDFrQSG1pbwCQ&ip=140.109.135.76&id=o-AI9CPNlvzcsGcUqzAhEkw1WyQ3XLcTYh5wjWwqnY_tTU&itag=133&aitags=133%2C134%2C135%2C136%2C137%2C160%2C242%2C243%2C244%2C247%2C248%2C278&source=youtube&requiressl=yes&mh=Yz&mm=31%2C29&mn=sn-5njj-u2xl%2Csn-un57sn7s&ms=au%2Crdu&mv=m&mvi=2&pl=16&initcwndbps=422500&vprv=1&mime=video%2Fmp4&ns=jckvYSfnDA0qR2d9ANK8A7MF&gir=yes&clen=3621822&dur=202.960&lmt=1577378967659185&mt=1612145803&fvip=2&keepalive=yes&c=WEB&txp=5535432&n=6B_qf-8pl5EfGZgOL&sparams=expire%2Cei%2Cip%2Cid%2Caitags%2Csource%2Crequiressl%2Cvprv%2Cmime%2Cns%2Cgir%2Cclen%2Cdur%2Clmt&lsparams=mh%2Cmm%2Cmn%2Cms%2Cmv%2Cmvi%2Cpl%2Cinitcwndbps&lsig=AG3C_xAwRQIhAKJG1ohc9bUUucNnUIVCO4PqY4jH5MBsbWXNcWtxu8oKAiB5_AMazIy1kqDa-L_9E2XukgxEMVFDeBjIT0urD194xg%3D%3D&sig=AOq0QJ8wRQIhAMdA3ZaNSxIjVS-1dzIRSVlkB2rs4-VWOxcC4hP_4xb-AiAyg1Zcu-SRvSo_aT6fxcZRzgPBqjhor3d2P9oX3s0GIw==&ratebypass=yes", "player_url": "/s/player/7bc032d0/player_ias.vflset/en_US/base.js", "ext": "mp4", "height": 240, "format_note": "240p", "vcodec": "avc1.4d4015", "asr": null, "filesize": 3621822, "fps": 25, "tbr": 168.839, "width": 426, "acodec": "none", "downloader_options": {"http_chunk_size": 10485760}, "format": "133 - 426x240 (240p)", "protocol": "https", "http_headers": {"User-Agent": "Mozilla/5.0 (Windows NT 10.0; Win64; x64) AppleWebKit/537.36 (KHTML, like Gecko) Chrome/70.0.3538.79 Safari/537.36", "Accept-Charset": "ISO-8859-1,utf-8;q=0.7,*;q=0.7", "Accept": "text/html,application/xhtml+xml,application/xml;q=0.9,*/*;q=0.8", "Accept-Encoding": "gzip, deflate", "Accept-Language": "en-us,en;q=0.5"}}, {"format_id": "242", "url": "https://r2---sn-5njj-u2xl.googlevideo.com/videoplayback?expire=1612167679&ei=n2UXYKnqLdDFrQSG1pbwCQ&ip=140.109.135.76&id=o-AI9CPNlvzcsGcUqzAhEkw1WyQ3XLcTYh5wjWwqnY_tTU&itag=242&aitags=133%2C134%2C135%2C136%2C137%2C160%2C242%2C243%2C244%2C247%2C248%2C278&source=youtube&requiressl=yes&mh=Yz&mm=31%2C29&mn=sn-5njj-u2xl%2Csn-un57sn7s&ms=au%2Crdu&mv=m&mvi=2&pl=16&initcwndbps=422500&vprv=1&mime=video%2Fwebm&ns=jckvYSfnDA0qR2d9ANK8A7MF&gir=yes&clen=5180777&dur=202.960&lmt=1577379533238983&mt=1612145803&fvip=2&keepalive=yes&c=WEB&txp=5535432&n=6B_qf-8pl5EfGZgOL&sparams=expire%2Cei%2Cip%2Cid%2Caitags%2Csource%2Crequiressl%2Cvprv%2Cmime%2Cns%2Cgir%2Cclen%2Cdur%2Clmt&lsparams=mh%2Cmm%2Cmn%2Cms%2Cmv%2Cmvi%2Cpl%2Cinitcwndbps&lsig=AG3C_xAwRQIhAP3iDDhdD3KTo7voUwPQTIwB5id1SyJbTdUnPbqRzT-JAiBadu9MPg_ClnrchrDhKaXXAf68XjsgO9NgsH0bIoDkZg%3D%3D&sig=AOq0QJ8wRQIhAMRodJ8fZMy7vt7u28oOZA7S0TNVqMWSg3nZoy14oGWaAiACRrNGsdc7JGsYMeV-8DKYyd17NzN9HMsLJTVPwriqOg==&ratebypass=yes", "player_url": "/s/player/7bc032d0/player_ias.vflset/en_US/base.js", "ext": "webm", "height": 240, "format_note": "240p", "vcodec": "vp9", "asr": null, "filesize": 5180777, "fps": 25, "tbr": 223.559, "width": 426, "acodec": "none", "downloader_options": {"http_chunk_size": 10485760}, "format": "242 - 426x240 (240p)", "protocol": "https", "http_headers": {"User-Agent": "Mozilla/5.0 (Windows NT 10.0; Win64; x64) AppleWebKit/537.36 (KHTML, like Gecko) Chrome/70.0.3538.79 Safari/537.36", "Accept-Charset": "ISO-8859-1,utf-8;q=0.7,*;q=0.7", "Accept": "text/html,application/xhtml+xml,application/xml;q=0.9,*/*;q=0.8", "Accept-Encoding": "gzip, deflate", "Accept-Language": "en-us,en;q=0.5"}}, {"format_id": "134", "url": "https://r2---sn-5njj-u2xl.googlevideo.com/videoplayback?expire=1612167679&ei=n2UXYKnqLdDFrQSG1pbwCQ&ip=140.109.135.76&id=o-AI9CPNlvzcsGcUqzAhEkw1WyQ3XLcTYh5wjWwqnY_tTU&itag=134&aitags=133%2C134%2C135%2C136%2C137%2C160%2C242%2C243%2C244%2C247%2C248%2C278&source=youtube&requiressl=yes&mh=Yz&mm=31%2C29&mn=sn-5njj-u2xl%2Csn-un57sn7s&ms=au%2Crdu&mv=m&mvi=2&pl=16&initcwndbps=422500&vprv=1&mime=video%2Fmp4&ns=jckvYSfnDA0qR2d9ANK8A7MF&gir=yes&clen=6702948&dur=202.960&lmt=1577378967659117&mt=1612145803&fvip=2&keepalive=yes&c=WEB&txp=5535432&n=6B_qf-8pl5EfGZgOL&sparams=expire%2Cei%2Cip%2Cid%2Caitags%2Csource%2Crequiressl%2Cvprv%2Cmime%2Cns%2Cgir%2Cclen%2Cdur%2Clmt&lsparams=mh%2Cmm%2Cmn%2Cms%2Cmv%2Cmvi%2Cpl%2Cinitcwndbps&lsig=AG3C_xAwRAIgLz5ojpvRm1Pf1ueJphscplt8-oWDNJ1oKA0XsKvcnq8CIFSJQYhUWf_wDutLM783hDtgkIZvP8yR9cWLkLgtViZT&sig=AOq0QJ8wRgIhAMHJ-ok58DFpCKS1ebsDXgkkQd49jVch_cHUkTNumbGwAiEArSMpH8Bc4ELkOo06RjkRxM01dLt2bFNI8U3tzD1s_Q4=&ratebypass=yes", "player_url": "/s/player/7bc032d0/player_ias.vflset/en_US/base.js", "ext": "mp4", "height": 360, "format_note": "360p", "vcodec": "avc1.4d401e", "asr": null, "filesize": 6702948, "fps": 25, "tbr": 346.967, "width": 640, "acodec": "none", "downloader_options": {"http_chunk_size": 10485760}, "format": "134 - 640x360 (360p)", "protocol": "https", "http_headers": {"User-Agent": "Mozilla/5.0 (Windows NT 10.0; Win64; x64) AppleWebKit/537.36 (KHTML, like Gecko) Chrome/70.0.3538.79 Safari/537.36", "Accept-Charset": "ISO-8859-1,utf-8;q=0.7,*;q=0.7", "Accept": "text/html,application/xhtml+xml,application/xml;q=0.9,*/*;q=0.8", "Accept-Encoding": "gzip, deflate", "Accept-Language": "en-us,en;q=0.5"}}, {"format_id": "243", "url": "https://r2---sn-5njj-u2xl.googlevideo.com/videoplayback?expire=1612167679&ei=n2UXYKnqLdDFrQSG1pbwCQ&ip=140.109.135.76&id=o-AI9CPNlvzcsGcUqzAhEkw1WyQ3XLcTYh5wjWwqnY_tTU&itag=243&aitags=133%2C134%2C135%2C136%2C137%2C160%2C242%2C243%2C244%2C247%2C248%2C278&source=youtube&requiressl=yes&mh=Yz&mm=31%2C29&mn=sn-5njj-u2xl%2Csn-un57sn7s&ms=au%2Crdu&mv=m&mvi=2&pl=16&initcwndbps=422500&vprv=1&mime=video%2Fwebm&ns=jckvYSfnDA0qR2d9ANK8A7MF&gir=yes&clen=9252556&dur=202.960&lmt=1577379533224927&mt=1612145803&fvip=2&keepalive=yes&c=WEB&txp=5535432&n=6B_qf-8pl5EfGZgOL&sparams=expire%2Cei%2Cip%2Cid%2Caitags%2Csource%2Crequiressl%2Cvprv%2Cmime%2Cns%2Cgir%2Cclen%2Cdur%2Clmt&lsparams=mh%2Cmm%2Cmn%2Cms%2Cmv%2Cmvi%2Cpl%2Cinitcwndbps&lsig=AG3C_xAwRQIhALzPYkadYWE6kzWY8QUmSUslqNDJE3el58lCUcgaqgUHAiAfxiK4VVMFRTlgvWgCm7g_NIgSl1iQ70u9WLPSypLCgg%3D%3D&sig=AOq0QJ8wRgIhAJbfxoyxxjvqIQGXFooDE7DQfnfQL8e556WmxBswVZ-KAiEAjOTwEpLVdr1qQ3BzFKdt540HNMWoW8juu-39Y7qQN-s=&ratebypass=yes", "player_url": "/s/player/7bc032d0/player_ias.vflset/en_US/base.js", "ext": "webm", "height": 360, "format_note": "360p", "vcodec": "vp9", "asr": null, "filesize": 9252556, "fps": 25, "tbr": 405.0, "width": 640, "acodec": "none", "downloader_options": {"http_chunk_size": 10485760}, "format": "243 - 640x360 (360p)", "protocol": "https", "http_headers": {"User-Agent": "Mozilla/5.0 (Windows NT 10.0; Win64; x64) AppleWebKit/537.36 (KHTML, like Gecko) Chrome/70.0.3538.79 Safari/537.36", "Accept-Charset": "ISO-8859-1,utf-8;q=0.7,*;q=0.7", "Accept": "text/html,application/xhtml+xml,application/xml;q=0.9,*/*;q=0.8", "Accept-Encoding": "gzip, deflate", "Accept-Language": "en-us,en;q=0.5"}}, {"format_id": "135", "url": "https://r2---sn-5njj-u2xl.googlevideo.com/videoplayback?expire=1612167679&ei=n2UXYKnqLdDFrQSG1pbwCQ&ip=140.109.135.76&id=o-AI9CPNlvzcsGcUqzAhEkw1WyQ3XLcTYh5wjWwqnY_tTU&itag=135&aitags=133%2C134%2C135%2C136%2C137%2C160%2C242%2C243%2C244%2C247%2C248%2C278&source=youtube&requiressl=yes&mh=Yz&mm=31%2C29&mn=sn-5njj-u2xl%2Csn-un57sn7s&ms=au%2Crdu&mv=m&mvi=2&pl=16&initcwndbps=422500&vprv=1&mime=video%2Fmp4&ns=jckvYSfnDA0qR2d9ANK8A7MF&gir=yes&clen=9876115&dur=202.960&lmt=1577378967659773&mt=1612145803&fvip=2&keepalive=yes&c=WEB&txp=5535432&n=6B_qf-8pl5EfGZgOL&sparams=expire%2Cei%2Cip%2Cid%2Caitags%2Csource%2Crequiressl%2Cvprv%2Cmime%2Cns%2Cgir%2Cclen%2Cdur%2Clmt&lsparams=mh%2Cmm%2Cmn%2Cms%2Cmv%2Cmvi%2Cpl%2Cinitcwndbps&lsig=AG3C_xAwRQIhAIG9k_FcXJ6tLsrcBOmxpvdhK7XTNW6cHVPIK_79gzLhAiAwW9zuNYceX3Kod20S0ISVRuw8-1mRVF-D9yfGW-psXQ%3D%3D&sig=AOq0QJ8wRQIgGp0MlpiZhLq3jNmzDnON7v6FqSCsDesNr5Ij0Jh4-wECIQCiW4tl850hRNXE3koa2S4d2kIzCV9d8vxl6wNkO3toTw==&ratebypass=yes", "player_url": "/s/player/7bc032d0/player_ias.vflset/en_US/base.js", "ext": "mp4", "height": 480, "format_note": "480p", "vcodec": "avc1.4d401e", "asr": null, "filesize": 9876115, "fps": 25, "tbr": 506.21, "width": 854, "acodec": "none", "downloader_options": {"http_chunk_size": 10485760}, "format": "135 - 854x480 (480p)", "protocol": "https", "http_headers": {"User-Agent": "Mozilla/5.0 (Windows NT 10.0; Win64; x64) AppleWebKit/537.36 (KHTML, like Gecko) Chrome/70.0.3538.79 Safari/537.36", "Accept-Charset": "ISO-8859-1,utf-8;q=0.7,*;q=0.7", "Accept": "text/html,application/xhtml+xml,application/xml;q=0.9,*/*;q=0.8", "Accept-Encoding": "gzip, deflate", "Accept-Language": "en-us,en;q=0.5"}}, {"format_id": "244", "url": "https://r2---sn-5njj-u2xl.googlevideo.com/videoplayback?expire=1612167679&ei=n2UXYKnqLdDFrQSG1pbwCQ&ip=140.109.135.76&id=o-AI9CPNlvzcsGcUqzAhEkw1WyQ3XLcTYh5wjWwqnY_tTU&itag=244&aitags=133%2C134%2C135%2C136%2C137%2C160%2C242%2C243%2C244%2C247%2C248%2C278&source=youtube&requiressl=yes&mh=Yz&mm=31%2C29&mn=sn-5njj-u2xl%2Csn-un57sn7s&ms=au%2Crdu&mv=m&mvi=2&pl=16&initcwndbps=422500&vprv=1&mime=video%2Fwebm&ns=jckvYSfnDA0qR2d9ANK8A7MF&gir=yes&clen=14117031&dur=202.960&lmt=1577379533238362&mt=1612145803&fvip=2&keepalive=yes&c=WEB&txp=5535432&n=6B_qf-8pl5EfGZgOL&sparams=expire%2Cei%2Cip%2Cid%2Caitags%2Csource%2Crequiressl%2Cvprv%2Cmime%2Cns%2Cgir%2Cclen%2Cdur%2Clmt&lsparams=mh%2Cmm%2Cmn%2Cms%2Cmv%2Cmvi%2Cpl%2Cinitcwndbps&lsig=AG3C_xAwRgIhAPRzg7pd1pe57efO3GB2I8ZNOrf5EcsmlgVsnDePcg6ZAiEAtpx7S99fxDZDT1mWTh4PzUuHcoPzJSVud3eo__gMqos%3D&sig=AOq0QJ8wRQIgC5kwUTQf4dVnOlqmKIMvPQXK78oF9Q3BPDeHr4RtvtQCIQDc2bNRj0rPJl2dYd-SOuQgrUMMJtJmlRP-_Rs8ireLPg==&ratebypass=yes", "player_url": "/s/player/7bc032d0/player_ias.vflset/en_US/base.js", "ext": "webm", "height": 480, "format_note": "480p", "vcodec": "vp9", "asr": null, "filesize": 14117031, "fps": 25, "tbr": 675.295, "width": 854, "acodec": "none", "downloader_options": {"http_chunk_size": 10485760}, "format": "244 - 854x480 (480p)", "protocol": "https", "http_headers": {"User-Agent": "Mozilla/5.0 (Windows NT 10.0; Win64; x64) AppleWebKit/537.36 (KHTML, like Gecko) Chrome/70.0.3538.79 Safari/537.36", "Accept-Charset": "ISO-8859-1,utf-8;q=0.7,*;q=0.7", "Accept": "text/html,application/xhtml+xml,application/xml;q=0.9,*/*;q=0.8", "Accept-Encoding": "gzip, deflate", "Accept-Language": "en-us,en;q=0.5"}}, {"format_id": "136", "url": "https://r2---sn-5njj-u2xl.googlevideo.com/videoplayback?expire=1612167679&ei=n2UXYKnqLdDFrQSG1pbwCQ&ip=140.109.135.76&id=o-AI9CPNlvzcsGcUqzAhEkw1WyQ3XLcTYh5wjWwqnY_tTU&itag=136&aitags=133%2C134%2C135%2C136%2C137%2C160%2C242%2C243%2C244%2C247%2C248%2C278&source=youtube&requiressl=yes&mh=Yz&mm=31%2C29&mn=sn-5njj-u2xl%2Csn-un57sn7s&ms=au%2Crdu&mv=m&mvi=2&pl=16&initcwndbps=422500&vprv=1&mime=video%2Fmp4&ns=jckvYSfnDA0qR2d9ANK8A7MF&gir=yes&clen=16067662&dur=202.960&lmt=1577378967659854&mt=1612145803&fvip=2&keepalive=yes&c=WEB&txp=5535432&n=6B_qf-8pl5EfGZgOL&sparams=expire%2Cei%2Cip%2Cid%2Caitags%2Csource%2Crequiressl%2Cvprv%2Cmime%2Cns%2Cgir%2Cclen%2Cdur%2Clmt&lsparams=mh%2Cmm%2Cmn%2Cms%2Cmv%2Cmvi%2Cpl%2Cinitcwndbps&lsig=AG3C_xAwRQIgWQfp4lwvH6gCRqmIyjYsdwQ23knHJltVlkYWwxV0BfICIQC240ut_zUDvQ7pHfJftbhwztG-8CtbxoQxi3QffI5dZA%3D%3D&sig=AOq0QJ8wRAIgOqMCNGvKgdx8QNX7UzKWxjRiR98yOaOJdzfq3PMsx0oCICV80L_Mgu_NNSTK4z58N1LRgTkNXwLhWZgwirFQBF-A&ratebypass=yes", "player_url": "/s/player/7bc032d0/player_ias.vflset/en_US/base.js", "ext": "mp4", "height": 720, "format_note": "720p", "vcodec": "avc1.4d401f", "asr": null, "filesize": 16067662, "fps": 25, "tbr": 835.931, "width": 1280, "acodec": "none", "downloader_options": {"http_chunk_size": 10485760}, "format": "136 - 1280x720 (720p)", "protocol": "https", "http_headers": {"User-Agent": "Mozilla/5.0 (Windows NT 10.0; Win64; x64) AppleWebKit/537.36 (KHTML, like Gecko) Chrome/70.0.3538.79 Safari/537.36", "Accept-Charset": "ISO-8859-1,utf-8;q=0.7,*;q=0.7", "Accept": "text/html,application/xhtml+xml,application/xml;q=0.9,*/*;q=0.8", "Accept-Encoding": "gzip, deflate", "Accept-Language": "en-us,en;q=0.5"}}, {"format_id": "247", "url": "https://r2---sn-5njj-u2xl.googlevideo.com/videoplayback?expire=1612167679&ei=n2UXYKnqLdDFrQSG1pbwCQ&ip=140.109.135.76&id=o-AI9CPNlvzcsGcUqzAhEkw1WyQ3XLcTYh5wjWwqnY_tTU&itag=247&aitags=133%2C134%2C135%2C136%2C137%2C160%2C242%2C243%2C244%2C247%2C248%2C278&source=youtube&requiressl=yes&mh=Yz&mm=31%2C29&mn=sn-5njj-u2xl%2Csn-un57sn7s&ms=au%2Crdu&mv=m&mvi=2&pl=16&initcwndbps=422500&vprv=1&mime=video%2Fwebm&ns=jckvYSfnDA0qR2d9ANK8A7MF&gir=yes&clen=23975281&dur=202.960&lmt=1577379533222588&mt=1612145803&fvip=2&keepalive=yes&c=WEB&txp=5535432&n=6B_qf-8pl5EfGZgOL&sparams=expire%2Cei%2Cip%2Cid%2Caitags%2Csource%2Crequiressl%2Cvprv%2Cmime%2Cns%2Cgir%2Cclen%2Cdur%2Clmt&lsparams=mh%2Cmm%2Cmn%2Cms%2Cmv%2Cmvi%2Cpl%2Cinitcwndbps&lsig=AG3C_xAwRQIgDhsNXVJTCdv_dPwdk52lKBZgeCqR0I8VXmBX552vZEcCIQDnfMfFjm-dM547Z64xAG3MX1KIg2xcGH6RLaKwJeSaHg%3D%3D&sig=AOq0QJ8wRQIgBZMO1I3zh7Vf_re5DqQtm4WVOnes4mdoVl3eCS4uXvICIQC2D4Y1Vg9VR5HCylLQNXrKNRRPc8vWNtXeZJuUxOODFQ==&ratebypass=yes", "player_url": "/s/player/7bc032d0/player_ias.vflset/en_US/base.js", "ext": "webm", "height": 720, "format_note": "720p", "vcodec": "vp9", "asr": null, "filesize": 23975281, "fps": 25, "tbr": 1177.568, "width": 1280, "acodec": "none", "downloader_options": {"http_chunk_size": 10485760}, "format": "247 - 1280x720 (720p)", "protocol": "https", "http_headers": {"User-Agent": "Mozilla/5.0 (Windows NT 10.0; Win64; x64) AppleWebKit/537.36 (KHTML, like Gecko) Chrome/70.0.3538.79 Safari/537.36", "Accept-Charset": "ISO-8859-1,utf-8;q=0.7,*;q=0.7", "Accept": "text/html,application/xhtml+xml,application/xml;q=0.9,*/*;q=0.8", "Accept-Encoding": "gzip, deflate", "Accept-Language": "en-us,en;q=0.5"}}, {"format_id": "248", "url": "https://r2---sn-5njj-u2xl.googlevideo.com/videoplayback?expire=1612167679&ei=n2UXYKnqLdDFrQSG1pbwCQ&ip=140.109.135.76&id=o-AI9CPNlvzcsGcUqzAhEkw1WyQ3XLcTYh5wjWwqnY_tTU&itag=248&aitags=133%2C134%2C135%2C136%2C137%2C160%2C242%2C243%2C244%2C247%2C248%2C278&source=youtube&requiressl=yes&mh=Yz&mm=31%2C29&mn=sn-5njj-u2xl%2Csn-un57sn7s&ms=au%2Crdu&mv=m&mvi=2&pl=16&initcwndbps=422500&vprv=1&mime=video%2Fwebm&ns=jckvYSfnDA0qR2d9ANK8A7MF&gir=yes&clen=66276128&dur=202.960&lmt=1577379372824336&mt=1612145803&fvip=2&keepalive=yes&c=WEB&txp=5535432&n=6B_qf-8pl5EfGZgOL&sparams=expire%2Cei%2Cip%2Cid%2Caitags%2Csource%2Crequiressl%2Cvprv%2Cmime%2Cns%2Cgir%2Cclen%2Cdur%2Clmt&lsparams=mh%2Cmm%2Cmn%2Cms%2Cmv%2Cmvi%2Cpl%2Cinitcwndbps&lsig=AG3C_xAwRQIhAIi4h6_A1jTW6D079CQIxuRAseCE3qhY9fK7oOS9DiBBAiB2rcf-_hsTj0o4J4MjIItH0eEbkdDy0qKJiPOQFAwlAQ%3D%3D&sig=AOq0QJ8wRAIgdONi6pkt8gU-5wkhy39ZRU984Uobn3IeoT6ZXdInHOoCIC5wiHcdg7FBzbSoK39BVSThsc5vQL0PmaYwS3jmrP5z&ratebypass=yes", "player_url": "/s/player/7bc032d0/player_ias.vflset/en_US/base.js", "ext": "webm", "height": 1080, "format_note": "1080p", "vcodec": "vp9", "asr": null, "filesize": 66276128, "fps": 25, "tbr": 2659.703, "width": 1920, "acodec": "none", "downloader_options": {"http_chunk_size": 10485760}, "format": "248 - 1920x1080 (1080p)", "protocol": "https", "http_headers": {"User-Agent": "Mozilla/5.0 (Windows NT 10.0; Win64; x64) AppleWebKit/537.36 (KHTML, like Gecko) Chrome/70.0.3538.79 Safari/537.36", "Accept-Charset": "ISO-8859-1,utf-8;q=0.7,*;q=0.7", "Accept": "text/html,application/xhtml+xml,application/xml;q=0.9,*/*;q=0.8", "Accept-Encoding": "gzip, deflate", "Accept-Language": "en-us,en;q=0.5"}}, {"format_id": "137", "url": "https://r2---sn-5njj-u2xl.googlevideo.com/videoplayback?expire=1612167679&ei=n2UXYKnqLdDFrQSG1pbwCQ&ip=140.109.135.76&id=o-AI9CPNlvzcsGcUqzAhEkw1WyQ3XLcTYh5wjWwqnY_tTU&itag=137&aitags=133%2C134%2C135%2C136%2C137%2C160%2C242%2C243%2C244%2C247%2C248%2C278&source=youtube&requiressl=yes&mh=Yz&mm=31%2C29&mn=sn-5njj-u2xl%2Csn-un57sn7s&ms=au%2Crdu&mv=m&mvi=2&pl=16&initcwndbps=422500&vprv=1&mime=video%2Fmp4&ns=jckvYSfnDA0qR2d9ANK8A7MF&gir=yes&clen=57027478&dur=202.960&lmt=1577378970542902&mt=1612145803&fvip=2&keepalive=yes&c=WEB&txp=5535432&n=6B_qf-8pl5EfGZgOL&sparams=expire%2Cei%2Cip%2Cid%2Caitags%2Csource%2Crequiressl%2Cvprv%2Cmime%2Cns%2Cgir%2Cclen%2Cdur%2Clmt&lsparams=mh%2Cmm%2Cmn%2Cms%2Cmv%2Cmvi%2Cpl%2Cinitcwndbps&lsig=AG3C_xAwRQIgYYkQzlR-miW5uB2rSIAvCbBGNOvAL2MZFITr3DrIeoACIQCrVaziQ01PZGLGHaMT_QjHL3uSKwPis4rAMKA3dxyEmg%3D%3D&sig=AOq0QJ8wRQIgNdfN-sxN-iCtqmRgV0UgLAZDz-wuar_OgYz-WL6iS1UCIQD3t1BHUDiLtT7oWaEy8-UE9StMzoBXLaEUHFvNKRC8HA==&ratebypass=yes", "player_url": "/s/player/7bc032d0/player_ias.vflset/en_US/base.js", "ext": "mp4", "height": 1080, "format_note": "1080p", "vcodec": "avc1.640028", "asr": null, "filesize": 57027478, "fps": 25, "tbr": 2808.498, "width": 1920, "acodec": "none", "downloader_options": {"http_chunk_size": 10485760}, "format": "137 - 1920x1080 (1080p)", "protocol": "https", "http_headers": {"User-Agent": "Mozilla/5.0 (Windows NT 10.0; Win64; x64) AppleWebKit/537.36 (KHTML, like Gecko) Chrome/70.0.3538.79 Safari/537.36", "Accept-Charset": "ISO-8859-1,utf-8;q=0.7,*;q=0.7", "Accept": "text/html,application/xhtml+xml,application/xml;q=0.9,*/*;q=0.8", "Accept-Encoding": "gzip, deflate", "Accept-Language": "en-us,en;q=0.5"}}, {"format_id": "18", "url": "https://r2---sn-5njj-u2xl.googlevideo.com/videoplayback?expire=1612167679&ei=n2UXYKnqLdDFrQSG1pbwCQ&ip=140.109.135.76&id=o-AI9CPNlvzcsGcUqzAhEkw1WyQ3XLcTYh5wjWwqnY_tTU&itag=18&source=youtube&requiressl=yes&mh=Yz&mm=31%2C29&mn=sn-5njj-u2xl%2Csn-un57sn7s&ms=au%2Crdu&mv=m&mvi=2&pl=16&initcwndbps=422500&vprv=1&mime=video%2Fmp4&ns=qVuOz7skWY3zTckrpZ5MX-8F&gir=yes&clen=17805792&ratebypass=yes&dur=203.012&lmt=1577378347560763&mt=1612145803&fvip=2&c=WEB&txp=5531432&n=GOnaRZFzhMMaVHnsf&sparams=expire%2Cei%2Cip%2Cid%2Citag%2Csource%2Crequiressl%2Cvprv%2Cmime%2Cns%2Cgir%2Cclen%2Cratebypass%2Cdur%2Clmt&lsparams=mh%2Cmm%2Cmn%2Cms%2Cmv%2Cmvi%2Cpl%2Cinitcwndbps&lsig=AG3C_xAwRQIgSqVmzthtBZpVNAIvIYGTHzscEOL-y1mJY4u0G2HpKGMCIQCCNh_nWun0ceMrSIrWEp-_IuuN8vvZkUu-yJJE_SvjKA%3D%3D&sig=AOq0QJ8wRQIgdbBke1vrtNeyTATYzfb8QOeauYXSOARjCs_qwfBwlqoCIQCG1ae7YXCH5JqzarAg_6Tl79UmqQua3JGa5qcsjZ0Ebw==", "player_url": "/s/player/7bc032d0/player_ias.vflset/en_US/base.js", "ext": "mp4", "width": 640, "height": 360, "acodec": "mp4a.40.2", "abr": 96, "vcodec": "avc1.42001E", "asr": 44100, "filesize": 17805792, "format_note": "360p", "fps": 25, "tbr": 701.844, "format": "18 - 640x360 (360p)", "protocol": "https", "http_headers": {"User-Agent": "Mozilla/5.0 (Windows NT 10.0; Win64; x64) AppleWebKit/537.36 (KHTML, like Gecko) Chrome/70.0.3538.79 Safari/537.36", "Accept-Charset": "ISO-8859-1,utf-8;q=0.7,*;q=0.7", "Accept": "text/html,application/xhtml+xml,application/xml;q=0.9,*/*;q=0.8", "Accept-Encoding": "gzip, deflate", "Accept-Language": "en-us,en;q=0.5"}}], "is_live": null, "start_time": null, "end_time": null, "series": null, "season_number": null, "episode_number": null, "track": null, "artist": null, "album": null, "release_date": null, "release_year": null, "extractor": "youtube", "webpage_url_basename": "watch", "extractor_key": "Youtube", "playlist": null, "playlist_index": null, "thumbnail": "https://i.ytimg.com/vi_webp/SlsXsqotUis/maxresdefault.webp", "display_id": "SlsXsqotUis", "requested_subtitles": null, "format_id": "251", "url": "https://r2---sn-5njj-u2xl.googlevideo.com/videoplayback?expire=1612167679&ei=n2UXYKnqLdDFrQSG1pbwCQ&ip=140.109.135.76&id=o-AI9CPNlvzcsGcUqzAhEkw1WyQ3XLcTYh5wjWwqnY_tTU&itag=251&source=youtube&requiressl=yes&mh=Yz&mm=31%2C29&mn=sn-5njj-u2xl%2Csn-un57sn7s&ms=au%2Crdu&mv=m&mvi=2&pl=16&initcwndbps=422500&vprv=1&mime=audio%2Fwebm&ns=jckvYSfnDA0qR2d9ANK8A7MF&gir=yes&clen=3811992&dur=202.981&lmt=1577378528415261&mt=1612145803&fvip=2&keepalive=yes&c=WEB&txp=5531432&n=6B_qf-8pl5EfGZgOL&sparams=expire%2Cei%2Cip%2Cid%2Citag%2Csource%2Crequiressl%2Cvprv%2Cmime%2Cns%2Cgir%2Cclen%2Cdur%2Clmt&lsparams=mh%2Cmm%2Cmn%2Cms%2Cmv%2Cmvi%2Cpl%2Cinitcwndbps&lsig=AG3C_xAwRQIhAM8LGAQ4x1ovWUj1J0bwrpxWdAkdKQDIRlVF51xdjSHcAiBPqDvE2Yz8dmI4PsdCskcm9-dWl9OAC6dR5v9y-Gh1Ag%3D%3D&sig=AOq0QJ8wRQIhANwCPMTXJG--gQc4LTxFmtien_dIB3ne4dNd7Pb8dQVUAiAHD5V58jK21Zn-dRBjZIeR5bUeMsl_VrOSt7BJw7fQ0w==&ratebypass=yes", "player_url": "/s/player/7bc032d0/player_ias.vflset/en_US/base.js", "ext": "webm", "format_note": "tiny", "acodec": "opus", "abr": 160, "asr": 48000, "filesize": 3811992, "fps": null, "height": null, "tbr": 166.528, "width": null, "vcodec": "none", "downloader_options": {"http_chunk_size": 10485760}, "format": "251 - audio only (tiny)", "protocol": "https", "http_headers": {"User-Agent": "Mozilla/5.0 (Windows NT 10.0; Win64; x64) AppleWebKit/537.36 (KHTML, like Gecko) Chrome/70.0.3538.79 Safari/537.36", "Accept-Charset": "ISO-8859-1,utf-8;q=0.7,*;q=0.7", "Accept": "text/html,application/xhtml+xml,application/xml;q=0.9,*/*;q=0.8", "Accept-Encoding": "gzip, deflate", "Accept-Language": "en-us,en;q=0.5"}}