{"id": "TcFVq0leii4", "uploader": "Laurie Th\u00e9berge", "uploader_id": "UCS_eQYb7OAZJ_MOcdlKVg1w", "uploader_url": "http://www.youtube.com/channel/UCS_eQYb7OAZJ_MOcdlKVg1w", "channel_id": "UCS_eQYb7OAZJ_MOcdlKVg1w", "channel_url": "http://www.youtube.com/channel/UCS_eQYb7OAZJ_MOcdlKVg1w", "upload_date": "20201202", "license": null, "creator": null, "title": "The Queen's Gambit - Sygrayem (Piano Cover)", "alt_title": null, "thumbnails": [{"url": "https://i.ytimg.com/vi/TcFVq0leii4/hqdefault.jpg?sqp=-oaymwEbCKgBEF5IVfKriqkDDggBFQAAiEIYAXABwAEG&rs=AOn4CLCxonOfmhsD5ea8DuDIuMvSPzpx6A", "width": 168, "height": 94, "resolution": "168x94", "id": "0"}, {"url": "https://i.ytimg.com/vi/TcFVq0leii4/hqdefault.jpg?sqp=-oaymwEbCMQBEG5IVfKriqkDDggBFQAAiEIYAXABwAEG&rs=AOn4CLCtYyQ2ExHv5I8PDavSIdRQPusnDg", "width": 196, "height": 110, "resolution": "196x110", "id": "1"}, {"url": "https://i.ytimg.com/vi/TcFVq0leii4/hqdefault.jpg?sqp=-oaymwEcCPYBEIoBSFXyq4qpAw4IARUAAIhCGAFwAcABBg==&rs=AOn4CLCToNlr6z6HS5ElZW2ZjyeBQEW1IQ", "width": 246, "height": 138, "resolution": "246x138", "id": "2"}, {"url": "https://i.ytimg.com/vi/TcFVq0leii4/hqdefault.jpg?sqp=-oaymwEcCNACELwBSFXyq4qpAw4IARUAAIhCGAFwAcABBg==&rs=AOn4CLBz0YQ8WGpGD-5NsE07QSML-Mukag", "width": 336, "height": 188, "resolution": "336x188", "id": "3"}, {"url": "https://i.ytimg.com/vi_webp/TcFVq0leii4/maxresdefault.webp", "width": 1920, "height": 1080, "resolution": "1920x1080", "id": "4"}], "description": "Hey there, this is my 4th cover from this soundtrack. I don't know which other ones to cover so if you have suggestions; please and thank you.\nI am now looking into starting tutorial videos soon. I'm getting some softwares and once I get a look that I like and good work flow, I'll start uploading my older arrangement as tutorials until they are all done and you can learn them!\nI'm also looking into having them on the music platforms. I'll let you know when you can stream my covers!\nThanks a lot for watching.\nI do all my arrangement by ear so no sheets...maybe soon tho :)", "categories": ["Music"], "tags": null, "subtitles": {}, "automatic_captions": {}, "duration": 129, "age_limit": 0, "annotations": null, "chapters": null, "webpage_url": "https://www.youtube.com/watch?v=TcFVq0leii4", "view_count": 2420, "like_count": 119, "dislike_count": 2, "average_rating": 4.9666667, "formats": [{"ext": "m4a", "format_note": "DASH audio", "acodec": "mp4a.40.5", "abr": 48, "container": "m4a_dash", "format_id": "139", "manifest_url": "https://manifest.googlevideo.com/api/manifest/dash/expire/1613157514/ei/KoAmYJuXM6aA1d8P0qS_wAc/ip/61.230.12.35/id/4dc155ab495e8a2e/source/youtube/requiressl/yes/playback_host/r7---sn-ipoxu-u2x6.googlevideo.com/mh/L0/mm/31%2C29/mn/sn-ipoxu-u2x6%2Csn-un57en7e/ms/au%2Crdu/mv/m/mvi/7/pl/21/tx/9430863/txs/9417361%2C9417362%2C9430863/hfr/all/as/fmp4_audio_clear%2Cwebm_audio_clear%2Cwebm2_audio_clear%2Cfmp4_sd_hd_clear%2Cwebm2_sd_hd_clear/initcwndbps/891250/vprv/1/mt/1613135564/fvip/1/keepalive/yes/itag/0/sparams/expire%2Cei%2Cip%2Cid%2Csource%2Crequiressl%2Ctx%2Ctxs%2Chfr%2Cas%2Cvprv%2Citag/sig/AOq0QJ8wRQIgOdrZslBW7BNPgXidE5Zg7muFDh2NFJd0QtrAOh28nyICIQD2PxC9nVgysCn_B-4x9R0e9aLPDDOhHENM-GZnaxsEJg%3D%3D/lsparams/playback_host%2Cmh%2Cmm%2Cmn%2Cms%2Cmv%2Cmvi%2Cpl%2Cinitcwndbps/lsig/AG3C_xAwRQIhAK7d7BOy3QhQISOLUiBlwlTwZKzLrf83rcZOcKLz5LTFAiBoy6w-pUTSigWXP69NaCOJ7x--CKr0yg05rd7BIWEmAQ%3D%3D", "width": null, "height": null, "tbr": 49.958, "asr": 22050, "fps": null, "language": null, "filesize": null, "vcodec": "none", "url": "https://manifest.googlevideo.com/api/manifest/dash/expire/1613157514/ei/KoAmYJuXM6aA1d8P0qS_wAc/ip/61.230.12.35/id/4dc155ab495e8a2e/source/youtube/requiressl/yes/playback_host/r7---sn-ipoxu-u2x6.googlevideo.com/mh/L0/mm/31%2C29/mn/sn-ipoxu-u2x6%2Csn-un57en7e/ms/au%2Crdu/mv/m/mvi/7/pl/21/tx/9430863/txs/9417361%2C9417362%2C9430863/hfr/all/as/fmp4_audio_clear%2Cwebm_audio_clear%2Cwebm2_audio_clear%2Cfmp4_sd_hd_clear%2Cwebm2_sd_hd_clear/initcwndbps/891250/vprv/1/mt/1613135564/fvip/1/keepalive/yes/itag/0/sparams/expire%2Cei%2Cip%2Cid%2Csource%2Crequiressl%2Ctx%2Ctxs%2Chfr%2Cas%2Cvprv%2Citag/sig/AOq0QJ8wRQIgOdrZslBW7BNPgXidE5Zg7muFDh2NFJd0QtrAOh28nyICIQD2PxC9nVgysCn_B-4x9R0e9aLPDDOhHENM-GZnaxsEJg%3D%3D/lsparams/playback_host%2Cmh%2Cmm%2Cmn%2Cms%2Cmv%2Cmvi%2Cpl%2Cinitcwndbps/lsig/AG3C_xAwRQIhAK7d7BOy3QhQISOLUiBlwlTwZKzLrf83rcZOcKLz5LTFAiBoy6w-pUTSigWXP69NaCOJ7x--CKr0yg05rd7BIWEmAQ%3D%3D", "fragment_base_url": "https://r7---sn-ipoxu-u2x6.googlevideo.com/videoplayback/expire/1613157514/ei/KoAmYJuXM6aA1d8P0qS_wAc/ip/61.230.12.35/id/4dc155ab495e8a2e/itag/139/source/youtube/requiressl/yes/mh/L0/mm/31,29/mn/sn-ipoxu-u2x6,sn-un57en7e/ms/au,rdu/mv/m/mvi/7/pl/21/initcwndbps/891250/vprv/1/ratebypass/yes/mime/audio%2Fmp4/otfp/1/gir/yes/clen/786327/lmt/1606930210858548/dur/128.777/mt/1613135564/fvip/1/keepalive/yes/sparams/expire,ei,ip,id,itag,source,requiressl,vprv,ratebypass,mime,otfp,gir,clen,lmt,dur/sig/AOq0QJ8wRAIgZzvRtnhLjus_PBY8ApEYTAQbSS25pRGoHdpz8eYj6FACIB0Z1upUU9EKCSnAQlAUL21poKjwI35_U2kMr-LGZdx-/lsparams/mh,mm,mn,ms,mv,mvi,pl,initcwndbps/lsig/AG3C_xAwRgIhAI_LRKJIHChCCQw8hXLZwbbmrau5h5rnVOtrBB-t0OKVAiEAxZRdJIBw7hUzzT0csBE3d87jyB-FyMJzhFlpFddF3Ws%3D/", "fragments": [{"path": "range/0-640"}, {"path": "range/829-62354", "duration": 9.985}, {"path": "range/62355-123171", "duration": 9.984}, {"path": "range/123172-183988", "duration": 9.985}, {"path": "range/183989-244915", "duration": 9.984}, {"path": "range/244916-305744", "duration": 9.985}, {"path": "range/305745-366557", "duration": 9.984}, {"path": "range/366558-427408", "duration": 9.985}, {"path": "range/427409-488332", "duration": 9.985}, {"path": "range/488333-549243", "duration": 9.984}, {"path": "range/549244-610185", "duration": 9.985}, {"path": "range/610186-670936", "duration": 9.984}, {"path": "range/670937-731786", "duration": 9.985}, {"path": "range/731787-786326", "duration": 8.963}], "protocol": "http_dash_segments", "format": "139 - audio only (DASH audio)", "http_headers": {"User-Agent": "Mozilla/5.0 (Windows NT 10.0; Win64; x64) AppleWebKit/537.36 (KHTML, like Gecko) Chrome/74.0.3729.96 Safari/537.36", "Accept-Charset": "ISO-8859-1,utf-8;q=0.7,*;q=0.7", "Accept": "text/html,application/xhtml+xml,application/xml;q=0.9,*/*;q=0.8", "Accept-Encoding": "gzip, deflate", "Accept-Language": "en-us,en;q=0.5"}}, {"ext": "m4a", "format_note": "DASH audio", "acodec": "mp4a.40.2", "abr": 128, "container": "m4a_dash", "format_id": "140", "manifest_url": "https://manifest.googlevideo.com/api/manifest/dash/expire/1613157514/ei/KoAmYJuXM6aA1d8P0qS_wAc/ip/61.230.12.35/id/4dc155ab495e8a2e/source/youtube/requiressl/yes/playback_host/r7---sn-ipoxu-u2x6.googlevideo.com/mh/L0/mm/31%2C29/mn/sn-ipoxu-u2x6%2Csn-un57en7e/ms/au%2Crdu/mv/m/mvi/7/pl/21/tx/9430863/txs/9417361%2C9417362%2C9430863/hfr/all/as/fmp4_audio_clear%2Cwebm_audio_clear%2Cwebm2_audio_clear%2Cfmp4_sd_hd_clear%2Cwebm2_sd_hd_clear/initcwndbps/891250/vprv/1/mt/1613135564/fvip/1/keepalive/yes/itag/0/sparams/expire%2Cei%2Cip%2Cid%2Csource%2Crequiressl%2Ctx%2Ctxs%2Chfr%2Cas%2Cvprv%2Citag/sig/AOq0QJ8wRQIgOdrZslBW7BNPgXidE5Zg7muFDh2NFJd0QtrAOh28nyICIQD2PxC9nVgysCn_B-4x9R0e9aLPDDOhHENM-GZnaxsEJg%3D%3D/lsparams/playback_host%2Cmh%2Cmm%2Cmn%2Cms%2Cmv%2Cmvi%2Cpl%2Cinitcwndbps/lsig/AG3C_xAwRQIhAK7d7BOy3QhQISOLUiBlwlTwZKzLrf83rcZOcKLz5LTFAiBoy6w-pUTSigWXP69NaCOJ7x--CKr0yg05rd7BIWEmAQ%3D%3D", "width": null, "height": null, "tbr": 130.398, "asr": 44100, "fps": null, "language": null, "filesize": null, "vcodec": "none", "url": "https://manifest.googlevideo.com/api/manifest/dash/expire/1613157514/ei/KoAmYJuXM6aA1d8P0qS_wAc/ip/61.230.12.35/id/4dc155ab495e8a2e/source/youtube/requiressl/yes/playback_host/r7---sn-ipoxu-u2x6.googlevideo.com/mh/L0/mm/31%2C29/mn/sn-ipoxu-u2x6%2Csn-un57en7e/ms/au%2Crdu/mv/m/mvi/7/pl/21/tx/9430863/txs/9417361%2C9417362%2C9430863/hfr/all/as/fmp4_audio_clear%2Cwebm_audio_clear%2Cwebm2_audio_clear%2Cfmp4_sd_hd_clear%2Cwebm2_sd_hd_clear/initcwndbps/891250/vprv/1/mt/1613135564/fvip/1/keepalive/yes/itag/0/sparams/expire%2Cei%2Cip%2Cid%2Csource%2Crequiressl%2Ctx%2Ctxs%2Chfr%2Cas%2Cvprv%2Citag/sig/AOq0QJ8wRQIgOdrZslBW7BNPgXidE5Zg7muFDh2NFJd0QtrAOh28nyICIQD2PxC9nVgysCn_B-4x9R0e9aLPDDOhHENM-GZnaxsEJg%3D%3D/lsparams/playback_host%2Cmh%2Cmm%2Cmn%2Cms%2Cmv%2Cmvi%2Cpl%2Cinitcwndbps/lsig/AG3C_xAwRQIhAK7d7BOy3QhQISOLUiBlwlTwZKzLrf83rcZOcKLz5LTFAiBoy6w-pUTSigWXP69NaCOJ7x--CKr0yg05rd7BIWEmAQ%3D%3D", "fragment_base_url": "https://r7---sn-ipoxu-u2x6.googlevideo.com/videoplayback/expire/1613157514/ei/KoAmYJuXM6aA1d8P0qS_wAc/ip/61.230.12.35/id/4dc155ab495e8a2e/itag/140/source/youtube/requiressl/yes/mh/L0/mm/31,29/mn/sn-ipoxu-u2x6,sn-un57en7e/ms/au,rdu/mv/m/mvi/7/pl/21/initcwndbps/891250/vprv/1/ratebypass/yes/mime/audio%2Fmp4/otfp/1/gir/yes/clen/2083603/lmt/1606930210857868/dur/128.684/mt/1613135564/fvip/1/keepalive/yes/sparams/expire,ei,ip,id,itag,source,requiressl,vprv,ratebypass,mime,otfp,gir,clen,lmt,dur/sig/AOq0QJ8wRQIgbfNca3Ol9mIzlRC8qy-Lh1CV5d065BOhD-JtnvUGrEICIQDg4JlEI18ORh4JWdicdFCV0Wy9s0gTsD2E2AzZ3LOBxg%3D%3D/lsparams/mh,mm,mn,ms,mv,mvi,pl,initcwndbps/lsig/AG3C_xAwRgIhALvrD5zylXVGJQC-ObILHfKFByeWoFQvz-R6I_jX75C0AiEA2JE4oMiPjDlKGpndNdzvkFbVM401_T3Y-fGmovGbrPU%3D/", "fragments": [{"path": "range/0-631"}, {"path": "range/820-162753", "duration": 9.985}, {"path": "range/162754-324229", "duration": 9.984}, {"path": "range/324230-485857", "duration": 9.985}, {"path": "range/485858-647616", "duration": 9.984}, {"path": "range/647617-809018", "duration": 9.985}, {"path": "range/809019-970719", "duration": 9.984}, {"path": "range/970720-1132111", "duration": 9.985}, {"path": "range/1132112-1293732", "duration": 9.985}, {"path": "range/1293733-1455348", "duration": 9.984}, {"path": "range/1455349-1616978", "duration": 9.985}, {"path": "range/1616979-1778584", "duration": 9.984}, {"path": "range/1778585-1940020", "duration": 9.985}, {"path": "range/1940021-2083602", "duration": 8.963}], "protocol": "http_dash_segments", "format": "140 - audio only (DASH audio)", "http_headers": {"User-Agent": "Mozilla/5.0 (Windows NT 10.0; Win64; x64) AppleWebKit/537.36 (KHTML, like Gecko) Chrome/74.0.3729.96 Safari/537.36", "Accept-Charset": "ISO-8859-1,utf-8;q=0.7,*;q=0.7", "Accept": "text/html,application/xhtml+xml,application/xml;q=0.9,*/*;q=0.8", "Accept-Encoding": "gzip, deflate", "Accept-Language": "en-us,en;q=0.5"}}, {"ext": "webm", "format_note": "DASH audio", "acodec": "opus", "abr": 160, "format_id": "251", "manifest_url": "https://manifest.googlevideo.com/api/manifest/dash/expire/1613157514/ei/KoAmYJuXM6aA1d8P0qS_wAc/ip/61.230.12.35/id/4dc155ab495e8a2e/source/youtube/requiressl/yes/playback_host/r7---sn-ipoxu-u2x6.googlevideo.com/mh/L0/mm/31%2C29/mn/sn-ipoxu-u2x6%2Csn-un57en7e/ms/au%2Crdu/mv/m/mvi/7/pl/21/tx/9430863/txs/9417361%2C9417362%2C9430863/hfr/all/as/fmp4_audio_clear%2Cwebm_audio_clear%2Cwebm2_audio_clear%2Cfmp4_sd_hd_clear%2Cwebm2_sd_hd_clear/initcwndbps/891250/vprv/1/mt/1613135564/fvip/1/keepalive/yes/itag/0/sparams/expire%2Cei%2Cip%2Cid%2Csource%2Crequiressl%2Ctx%2Ctxs%2Chfr%2Cas%2Cvprv%2Citag/sig/AOq0QJ8wRQIgOdrZslBW7BNPgXidE5Zg7muFDh2NFJd0QtrAOh28nyICIQD2PxC9nVgysCn_B-4x9R0e9aLPDDOhHENM-GZnaxsEJg%3D%3D/lsparams/playback_host%2Cmh%2Cmm%2Cmn%2Cms%2Cmv%2Cmvi%2Cpl%2Cinitcwndbps/lsig/AG3C_xAwRQIhAK7d7BOy3QhQISOLUiBlwlTwZKzLrf83rcZOcKLz5LTFAiBoy6w-pUTSigWXP69NaCOJ7x--CKr0yg05rd7BIWEmAQ%3D%3D", "width": null, "height": null, "tbr": 161.252, "asr": 48000, "fps": null, "language": null, "filesize": null, "container": "webm_dash", "vcodec": "none", "url": "https://manifest.googlevideo.com/api/manifest/dash/expire/1613157514/ei/KoAmYJuXM6aA1d8P0qS_wAc/ip/61.230.12.35/id/4dc155ab495e8a2e/source/youtube/requiressl/yes/playback_host/r7---sn-ipoxu-u2x6.googlevideo.com/mh/L0/mm/31%2C29/mn/sn-ipoxu-u2x6%2Csn-un57en7e/ms/au%2Crdu/mv/m/mvi/7/pl/21/tx/9430863/txs/9417361%2C9417362%2C9430863/hfr/all/as/fmp4_audio_clear%2Cwebm_audio_clear%2Cwebm2_audio_clear%2Cfmp4_sd_hd_clear%2Cwebm2_sd_hd_clear/initcwndbps/891250/vprv/1/mt/1613135564/fvip/1/keepalive/yes/itag/0/sparams/expire%2Cei%2Cip%2Cid%2Csource%2Crequiressl%2Ctx%2Ctxs%2Chfr%2Cas%2Cvprv%2Citag/sig/AOq0QJ8wRQIgOdrZslBW7BNPgXidE5Zg7muFDh2NFJd0QtrAOh28nyICIQD2PxC9nVgysCn_B-4x9R0e9aLPDDOhHENM-GZnaxsEJg%3D%3D/lsparams/playback_host%2Cmh%2Cmm%2Cmn%2Cms%2Cmv%2Cmvi%2Cpl%2Cinitcwndbps/lsig/AG3C_xAwRQIhAK7d7BOy3QhQISOLUiBlwlTwZKzLrf83rcZOcKLz5LTFAiBoy6w-pUTSigWXP69NaCOJ7x--CKr0yg05rd7BIWEmAQ%3D%3D", "fragment_base_url": "https://r7---sn-ipoxu-u2x6.googlevideo.com/videoplayback/expire/1613157514/ei/KoAmYJuXM6aA1d8P0qS_wAc/ip/61.230.12.35/id/4dc155ab495e8a2e/itag/251/source/youtube/requiressl/yes/mh/L0/mm/31,29/mn/sn-ipoxu-u2x6,sn-un57en7e/ms/au,rdu/mv/m/mvi/7/pl/21/initcwndbps/891250/vprv/1/ratebypass/yes/mime/audio%2Fwebm/otfp/1/gir/yes/clen/2450342/lmt/1606930206153144/dur/128.661/mt/1613135564/fvip/1/keepalive/yes/sparams/expire,ei,ip,id,itag,source,requiressl,vprv,ratebypass,mime,otfp,gir,clen,lmt,dur/sig/AOq0QJ8wRgIhAPJ0wIcJ86hHwh8mWZl_x3BTWSYuEFwGx1GQBcfQzSu8AiEAiqr9HU86i_-I9NeR2keQuN_E8-UR0-IqIhVQFMA5Szc%3D/lsparams/mh,mm,mn,ms,mv,mvi,pl,initcwndbps/lsig/AG3C_xAwRQIgJ3GFVCa_W1EMo0o6Itu5_srkis9xRpDfG2KfjLx2AMMCIQCz7I4MQP9XcozHvGgz9gW26DAFDe40qWDJger_26csNA%3D%3D/", "fragments": [{"path": "range/0-258"}, {"path": "range/477-162590", "duration": 10.001}, {"path": "range/162591-364155", "duration": 10.0}, {"path": "range/364156-562930", "duration": 10.0}, {"path": "range/562931-764451", "duration": 10.0}, {"path": "range/764452-957791", "duration": 10.0}, {"path": "range/957792-1148866", "duration": 10.0}, {"path": "range/1148867-1334699", "duration": 10.0}, {"path": "range/1334700-1523047", "duration": 10.0}, {"path": "range/1523048-1716589", "duration": 10.0}, {"path": "range/1716590-1907985", "duration": 10.0}, {"path": "range/1907986-2099873", "duration": 10.0}, {"path": "range/2099874-2289907", "duration": 10.0}, {"path": "range/2289908-2450341", "duration": 8.66}], "protocol": "http_dash_segments", "format": "251 - audio only (DASH audio)", "http_headers": {"User-Agent": "Mozilla/5.0 (Windows NT 10.0; Win64; x64) AppleWebKit/537.36 (KHTML, like Gecko) Chrome/74.0.3729.96 Safari/537.36", "Accept-Charset": "ISO-8859-1,utf-8;q=0.7,*;q=0.7", "Accept": "text/html,application/xhtml+xml,application/xml;q=0.9,*/*;q=0.8", "Accept-Encoding": "gzip, deflate", "Accept-Language": "en-us,en;q=0.5"}}, {"ext": "webm", "height": 144, "format_note": "DASH video", "container": "webm_dash", "vcodec": "vp9", "format_id": "278", "manifest_url": "https://manifest.googlevideo.com/api/manifest/dash/expire/1613157514/ei/KoAmYJuXM6aA1d8P0qS_wAc/ip/61.230.12.35/id/4dc155ab495e8a2e/source/youtube/requiressl/yes/playback_host/r7---sn-ipoxu-u2x6.googlevideo.com/mh/L0/mm/31%2C29/mn/sn-ipoxu-u2x6%2Csn-un57en7e/ms/au%2Crdu/mv/m/mvi/7/pl/21/tx/9430863/txs/9417361%2C9417362%2C9430863/hfr/all/as/fmp4_audio_clear%2Cwebm_audio_clear%2Cwebm2_audio_clear%2Cfmp4_sd_hd_clear%2Cwebm2_sd_hd_clear/initcwndbps/891250/vprv/1/mt/1613135564/fvip/1/keepalive/yes/itag/0/sparams/expire%2Cei%2Cip%2Cid%2Csource%2Crequiressl%2Ctx%2Ctxs%2Chfr%2Cas%2Cvprv%2Citag/sig/AOq0QJ8wRQIgOdrZslBW7BNPgXidE5Zg7muFDh2NFJd0QtrAOh28nyICIQD2PxC9nVgysCn_B-4x9R0e9aLPDDOhHENM-GZnaxsEJg%3D%3D/lsparams/playback_host%2Cmh%2Cmm%2Cmn%2Cms%2Cmv%2Cmvi%2Cpl%2Cinitcwndbps/lsig/AG3C_xAwRQIhAK7d7BOy3QhQISOLUiBlwlTwZKzLrf83rcZOcKLz5LTFAiBoy6w-pUTSigWXP69NaCOJ7x--CKr0yg05rd7BIWEmAQ%3D%3D", "width": 256, "tbr": 95.0, "asr": null, "fps": 30, "language": null, "filesize": null, "acodec": "none", "url": "https://manifest.googlevideo.com/api/manifest/dash/expire/1613157514/ei/KoAmYJuXM6aA1d8P0qS_wAc/ip/61.230.12.35/id/4dc155ab495e8a2e/source/youtube/requiressl/yes/playback_host/r7---sn-ipoxu-u2x6.googlevideo.com/mh/L0/mm/31%2C29/mn/sn-ipoxu-u2x6%2Csn-un57en7e/ms/au%2Crdu/mv/m/mvi/7/pl/21/tx/9430863/txs/9417361%2C9417362%2C9430863/hfr/all/as/fmp4_audio_clear%2Cwebm_audio_clear%2Cwebm2_audio_clear%2Cfmp4_sd_hd_clear%2Cwebm2_sd_hd_clear/initcwndbps/891250/vprv/1/mt/1613135564/fvip/1/keepalive/yes/itag/0/sparams/expire%2Cei%2Cip%2Cid%2Csource%2Crequiressl%2Ctx%2Ctxs%2Chfr%2Cas%2Cvprv%2Citag/sig/AOq0QJ8wRQIgOdrZslBW7BNPgXidE5Zg7muFDh2NFJd0QtrAOh28nyICIQD2PxC9nVgysCn_B-4x9R0e9aLPDDOhHENM-GZnaxsEJg%3D%3D/lsparams/playback_host%2Cmh%2Cmm%2Cmn%2Cms%2Cmv%2Cmvi%2Cpl%2Cinitcwndbps/lsig/AG3C_xAwRQIhAK7d7BOy3QhQISOLUiBlwlTwZKzLrf83rcZOcKLz5LTFAiBoy6w-pUTSigWXP69NaCOJ7x--CKr0yg05rd7BIWEmAQ%3D%3D", "fragment_base_url": "https://r7---sn-ipoxu-u2x6.googlevideo.com/videoplayback/expire/1613157514/ei/KoAmYJuXM6aA1d8P0qS_wAc/ip/61.230.12.35/id/4dc155ab495e8a2e/itag/278/source/yt_otf/requiressl/yes/mh/L0/mm/31,29/mn/sn-ipoxu-u2x6,sn-un57en7e/ms/au,rdu/mv/m/mvi/7/pl/21/initcwndbps/891250/vprv/1/ratebypass/yes/mime/video%2Fwebm/otfp/1/otf/1/lmt/1606930216268536/mt/1613135564/fvip/1/keepalive/yes/sparams/expire,ei,ip,id,itag,source,requiressl,vprv,ratebypass,mime,otfp,otf,lmt/sig/AOq0QJ8wRQIhAMlCFgfh4q9AutWPo0vYJPBBDZ1jBh4Fi0o0v1oRty4CAiART9AB04Rd8AfK-lSodzb3f9mfVgKZqyIRmO7inZoNdQ%3D%3D/lsparams/mh,mm,mn,ms,mv,mvi,pl,initcwndbps/lsig/AG3C_xAwRAIgKUrKj8iqzklxDxIbyh79MoKZrNmxCaq1OEuEphGHa8gCIFk7uwTJGnpaVnqnTcv7bQcgLFYzbVkF49wQVmn9pCPr/", "fragments": [{"path": "sq/0"}, {"path": "sq/1/dur/5.072", "duration": 5.072}, {"path": "sq/2/dur/5.071", "duration": 5.071}, {"path": "sq/3/dur/5.072", "duration": 5.072}, {"path": "sq/4/dur/5.072", "duration": 5.072}, {"path": "sq/5/dur/5.072", "duration": 5.072}, {"path": "sq/6/dur/5.071", "duration": 5.071}, {"path": "sq/7/dur/5.072", "duration": 5.072}, {"path": "sq/8/dur/5.072", "duration": 5.072}, {"path": "sq/9/dur/5.072", "duration": 5.072}, {"path": "sq/10/dur/5.071", "duration": 5.071}, {"path": "sq/11/dur/5.072", "duration": 5.072}, {"path": "sq/12/dur/5.072", "duration": 5.072}, {"path": "sq/13/dur/5.072", "duration": 5.072}, {"path": "sq/14/dur/5.071", "duration": 5.071}, {"path": "sq/15/dur/5.072", "duration": 5.072}, {"path": "sq/16/dur/5.072", "duration": 5.072}, {"path": "sq/17/dur/5.071", "duration": 5.071}, {"path": "sq/18/dur/5.072", "duration": 5.072}, {"path": "sq/19/dur/5.072", "duration": 5.072}, {"path": "sq/20/dur/5.072", "duration": 5.072}, {"path": "sq/21/dur/5.071", "duration": 5.071}, {"path": "sq/22/dur/5.072", "duration": 5.072}, {"path": "sq/23/dur/5.072", "duration": 5.072}, {"path": "sq/24/dur/5.072", "duration": 5.072}, {"path": "sq/25/dur/5.071", "duration": 5.071}, {"path": "sq/26/dur/1.835", "duration": 1.835}], "protocol": "http_dash_segments", "format": "278 - 256x144 (DASH video)", "http_headers": {"User-Agent": "Mozilla/5.0 (Windows NT 10.0; Win64; x64) AppleWebKit/537.36 (KHTML, like Gecko) Chrome/74.0.3729.96 Safari/537.36", "Accept-Charset": "ISO-8859-1,utf-8;q=0.7,*;q=0.7", "Accept": "text/html,application/xhtml+xml,application/xml;q=0.9,*/*;q=0.8", "Accept-Encoding": "gzip, deflate", "Accept-Language": "en-us,en;q=0.5"}}, {"ext": "mp4", "height": 144, "format_note": "DASH video", "vcodec": "avc1.4d400b", "format_id": "160", "manifest_url": "https://manifest.googlevideo.com/api/manifest/dash/expire/1613157514/ei/KoAmYJuXM6aA1d8P0qS_wAc/ip/61.230.12.35/id/4dc155ab495e8a2e/source/youtube/requiressl/yes/playback_host/r7---sn-ipoxu-u2x6.googlevideo.com/mh/L0/mm/31%2C29/mn/sn-ipoxu-u2x6%2Csn-un57en7e/ms/au%2Crdu/mv/m/mvi/7/pl/21/tx/9430863/txs/9417361%2C9417362%2C9430863/hfr/all/as/fmp4_audio_clear%2Cwebm_audio_clear%2Cwebm2_audio_clear%2Cfmp4_sd_hd_clear%2Cwebm2_sd_hd_clear/initcwndbps/891250/vprv/1/mt/1613135564/fvip/1/keepalive/yes/itag/0/sparams/expire%2Cei%2Cip%2Cid%2Csource%2Crequiressl%2Ctx%2Ctxs%2Chfr%2Cas%2Cvprv%2Citag/sig/AOq0QJ8wRQIgOdrZslBW7BNPgXidE5Zg7muFDh2NFJd0QtrAOh28nyICIQD2PxC9nVgysCn_B-4x9R0e9aLPDDOhHENM-GZnaxsEJg%3D%3D/lsparams/playback_host%2Cmh%2Cmm%2Cmn%2Cms%2Cmv%2Cmvi%2Cpl%2Cinitcwndbps/lsig/AG3C_xAwRQIhAK7d7BOy3QhQISOLUiBlwlTwZKzLrf83rcZOcKLz5LTFAiBoy6w-pUTSigWXP69NaCOJ7x--CKr0yg05rd7BIWEmAQ%3D%3D", "width": 256, "tbr": 108.0, "asr": null, "fps": 30, "language": null, "filesize": null, "container": "mp4_dash", "acodec": "none", "url": "https://manifest.googlevideo.com/api/manifest/dash/expire/1613157514/ei/KoAmYJuXM6aA1d8P0qS_wAc/ip/61.230.12.35/id/4dc155ab495e8a2e/source/youtube/requiressl/yes/playback_host/r7---sn-ipoxu-u2x6.googlevideo.com/mh/L0/mm/31%2C29/mn/sn-ipoxu-u2x6%2Csn-un57en7e/ms/au%2Crdu/mv/m/mvi/7/pl/21/tx/9430863/txs/9417361%2C9417362%2C9430863/hfr/all/as/fmp4_audio_clear%2Cwebm_audio_clear%2Cwebm2_audio_clear%2Cfmp4_sd_hd_clear%2Cwebm2_sd_hd_clear/initcwndbps/891250/vprv/1/mt/1613135564/fvip/1/keepalive/yes/itag/0/sparams/expire%2Cei%2Cip%2Cid%2Csource%2Crequiressl%2Ctx%2Ctxs%2Chfr%2Cas%2Cvprv%2Citag/sig/AOq0QJ8wRQIgOdrZslBW7BNPgXidE5Zg7muFDh2NFJd0QtrAOh28nyICIQD2PxC9nVgysCn_B-4x9R0e9aLPDDOhHENM-GZnaxsEJg%3D%3D/lsparams/playback_host%2Cmh%2Cmm%2Cmn%2Cms%2Cmv%2Cmvi%2Cpl%2Cinitcwndbps/lsig/AG3C_xAwRQIhAK7d7BOy3QhQISOLUiBlwlTwZKzLrf83rcZOcKLz5LTFAiBoy6w-pUTSigWXP69NaCOJ7x--CKr0yg05rd7BIWEmAQ%3D%3D", "fragment_base_url": "https://r7---sn-ipoxu-u2x6.googlevideo.com/videoplayback/expire/1613157514/ei/KoAmYJuXM6aA1d8P0qS_wAc/ip/61.230.12.35/id/4dc155ab495e8a2e/itag/160/source/yt_otf/requiressl/yes/mh/L0/mm/31,29/mn/sn-ipoxu-u2x6,sn-un57en7e/ms/au,rdu/mv/m/mvi/7/pl/21/initcwndbps/891250/vprv/1/ratebypass/yes/mime/video%2Fmp4/otfp/1/otf/1/lmt/1606930216268536/mt/1613135564/fvip/1/keepalive/yes/sparams/expire,ei,ip,id,itag,source,requiressl,vprv,ratebypass,mime,otfp,otf,lmt/sig/AOq0QJ8wRgIhAI0yXeDVEiKhYUePQwEFPqUwny6cfOdi2rpmV4ya5MYRAiEAtDM-vT_XEvtcImKELItanXE5gjbd0JFc9XEuRDnm7wA%3D/lsparams/mh,mm,mn,ms,mv,mvi,pl,initcwndbps/lsig/AG3C_xAwRgIhAPmZSMIHh_GtHNnd8byGIzLiLlx8f_TWfyzg7YIBKsTCAiEAszdH3AINFRrE59ApKcQOLgxTqg1Q7Ir8gE6RRQVBIEo%3D/", "fragments": [{"path": "sq/0"}, {"path": "sq/1/dur/5.072", "duration": 5.072}, {"path": "sq/2/dur/5.071", "duration": 5.071}, {"path": "sq/3/dur/5.072", "duration": 5.072}, {"path": "sq/4/dur/5.072", "duration": 5.072}, {"path": "sq/5/dur/5.072", "duration": 5.072}, {"path": "sq/6/dur/5.071", "duration": 5.071}, {"path": "sq/7/dur/5.072", "duration": 5.072}, {"path": "sq/8/dur/5.072", "duration": 5.072}, {"path": "sq/9/dur/5.072", "duration": 5.072}, {"path": "sq/10/dur/5.071", "duration": 5.071}, {"path": "sq/11/dur/5.072", "duration": 5.072}, {"path": "sq/12/dur/5.072", "duration": 5.072}, {"path": "sq/13/dur/5.072", "duration": 5.072}, {"path": "sq/14/dur/5.071", "duration": 5.071}, {"path": "sq/15/dur/5.072", "duration": 5.072}, {"path": "sq/16/dur/5.072", "duration": 5.072}, {"path": "sq/17/dur/5.071", "duration": 5.071}, {"path": "sq/18/dur/5.072", "duration": 5.072}, {"path": "sq/19/dur/5.072", "duration": 5.072}, {"path": "sq/20/dur/5.072", "duration": 5.072}, {"path": "sq/21/dur/5.071", "duration": 5.071}, {"path": "sq/22/dur/5.072", "duration": 5.072}, {"path": "sq/23/dur/5.072", "duration": 5.072}, {"path": "sq/24/dur/5.072", "duration": 5.072}, {"path": "sq/25/dur/5.071", "duration": 5.071}, {"path": "sq/26/dur/1.835", "duration": 1.835}], "protocol": "http_dash_segments", "format": "160 - 256x144 (DASH video)", "http_headers": {"User-Agent": "Mozilla/5.0 (Windows NT 10.0; Win64; x64) AppleWebKit/537.36 (KHTML, like Gecko) Chrome/74.0.3729.96 Safari/537.36", "Accept-Charset": "ISO-8859-1,utf-8;q=0.7,*;q=0.7", "Accept": "text/html,application/xhtml+xml,application/xml;q=0.9,*/*;q=0.8", "Accept-Encoding": "gzip, deflate", "Accept-Language": "en-us,en;q=0.5"}}, {"ext": "webm", "height": 240, "format_note": "DASH video", "vcodec": "vp9", "format_id": "242", "manifest_url": "https://manifest.googlevideo.com/api/manifest/dash/expire/1613157514/ei/KoAmYJuXM6aA1d8P0qS_wAc/ip/61.230.12.35/id/4dc155ab495e8a2e/source/youtube/requiressl/yes/playback_host/r7---sn-ipoxu-u2x6.googlevideo.com/mh/L0/mm/31%2C29/mn/sn-ipoxu-u2x6%2Csn-un57en7e/ms/au%2Crdu/mv/m/mvi/7/pl/21/tx/9430863/txs/9417361%2C9417362%2C9430863/hfr/all/as/fmp4_audio_clear%2Cwebm_audio_clear%2Cwebm2_audio_clear%2Cfmp4_sd_hd_clear%2Cwebm2_sd_hd_clear/initcwndbps/891250/vprv/1/mt/1613135564/fvip/1/keepalive/yes/itag/0/sparams/expire%2Cei%2Cip%2Cid%2Csource%2Crequiressl%2Ctx%2Ctxs%2Chfr%2Cas%2Cvprv%2Citag/sig/AOq0QJ8wRQIgOdrZslBW7BNPgXidE5Zg7muFDh2NFJd0QtrAOh28nyICIQD2PxC9nVgysCn_B-4x9R0e9aLPDDOhHENM-GZnaxsEJg%3D%3D/lsparams/playback_host%2Cmh%2Cmm%2Cmn%2Cms%2Cmv%2Cmvi%2Cpl%2Cinitcwndbps/lsig/AG3C_xAwRQIhAK7d7BOy3QhQISOLUiBlwlTwZKzLrf83rcZOcKLz5LTFAiBoy6w-pUTSigWXP69NaCOJ7x--CKr0yg05rd7BIWEmAQ%3D%3D", "width": 426, "tbr": 220.5, "asr": null, "fps": 30, "language": null, "filesize": null, "container": "webm_dash", "acodec": "none", "url": "https://manifest.googlevideo.com/api/manifest/dash/expire/1613157514/ei/KoAmYJuXM6aA1d8P0qS_wAc/ip/61.230.12.35/id/4dc155ab495e8a2e/source/youtube/requiressl/yes/playback_host/r7---sn-ipoxu-u2x6.googlevideo.com/mh/L0/mm/31%2C29/mn/sn-ipoxu-u2x6%2Csn-un57en7e/ms/au%2Crdu/mv/m/mvi/7/pl/21/tx/9430863/txs/9417361%2C9417362%2C9430863/hfr/all/as/fmp4_audio_clear%2Cwebm_audio_clear%2Cwebm2_audio_clear%2Cfmp4_sd_hd_clear%2Cwebm2_sd_hd_clear/initcwndbps/891250/vprv/1/mt/1613135564/fvip/1/keepalive/yes/itag/0/sparams/expire%2Cei%2Cip%2Cid%2Csource%2Crequiressl%2Ctx%2Ctxs%2Chfr%2Cas%2Cvprv%2Citag/sig/AOq0QJ8wRQIgOdrZslBW7BNPgXidE5Zg7muFDh2NFJd0QtrAOh28nyICIQD2PxC9nVgysCn_B-4x9R0e9aLPDDOhHENM-GZnaxsEJg%3D%3D/lsparams/playback_host%2Cmh%2Cmm%2Cmn%2Cms%2Cmv%2Cmvi%2Cpl%2Cinitcwndbps/lsig/AG3C_xAwRQIhAK7d7BOy3QhQISOLUiBlwlTwZKzLrf83rcZOcKLz5LTFAiBoy6w-pUTSigWXP69NaCOJ7x--CKr0yg05rd7BIWEmAQ%3D%3D", "fragment_base_url": "https://r7---sn-ipoxu-u2x6.googlevideo.com/videoplayback/expire/1613157514/ei/KoAmYJuXM6aA1d8P0qS_wAc/ip/61.230.12.35/id/4dc155ab495e8a2e/itag/242/source/yt_otf/requiressl/yes/mh/L0/mm/31,29/mn/sn-ipoxu-u2x6,sn-un57en7e/ms/au,rdu/mv/m/mvi/7/pl/21/initcwndbps/891250/vprv/1/ratebypass/yes/mime/video%2Fwebm/otfp/1/otf/1/lmt/1606930216268536/mt/1613135564/fvip/1/keepalive/yes/sparams/expire,ei,ip,id,itag,source,requiressl,vprv,ratebypass,mime,otfp,otf,lmt/sig/AOq0QJ8wRgIhAM82qlKnBxG7FQWq6OCFptdioiruoHBT6V4N_XVrKw9kAiEAq1fCsDFfvG1v2anXXhpyFRE5_IIDywqlX8NoEEcEPcw%3D/lsparams/mh,mm,mn,ms,mv,mvi,pl,initcwndbps/lsig/AG3C_xAwRQIhAPtiBZEcv6lVhS3YUPp9oNM2ExWyPeNgVLP2gi_zwnujAiA5xfUAw6oYwDTctW62HxdLEfArpRoTEDSHFicjUGLaVQ%3D%3D/", "fragments": [{"path": "sq/0"}, {"path": "sq/1/dur/5.072", "duration": 5.072}, {"path": "sq/2/dur/5.071", "duration": 5.071}, {"path": "sq/3/dur/5.072", "duration": 5.072}, {"path": "sq/4/dur/5.072", "duration": 5.072}, {"path": "sq/5/dur/5.072", "duration": 5.072}, {"path": "sq/6/dur/5.071", "duration": 5.071}, {"path": "sq/7/dur/5.072", "duration": 5.072}, {"path": "sq/8/dur/5.072", "duration": 5.072}, {"path": "sq/9/dur/5.072", "duration": 5.072}, {"path": "sq/10/dur/5.071", "duration": 5.071}, {"path": "sq/11/dur/5.072", "duration": 5.072}, {"path": "sq/12/dur/5.072", "duration": 5.072}, {"path": "sq/13/dur/5.072", "duration": 5.072}, {"path": "sq/14/dur/5.071", "duration": 5.071}, {"path": "sq/15/dur/5.072", "duration": 5.072}, {"path": "sq/16/dur/5.072", "duration": 5.072}, {"path": "sq/17/dur/5.071", "duration": 5.071}, {"path": "sq/18/dur/5.072", "duration": 5.072}, {"path": "sq/19/dur/5.072", "duration": 5.072}, {"path": "sq/20/dur/5.072", "duration": 5.072}, {"path": "sq/21/dur/5.071", "duration": 5.071}, {"path": "sq/22/dur/5.072", "duration": 5.072}, {"path": "sq/23/dur/5.072", "duration": 5.072}, {"path": "sq/24/dur/5.072", "duration": 5.072}, {"path": "sq/25/dur/5.071", "duration": 5.071}, {"path": "sq/26/dur/1.835", "duration": 1.835}], "protocol": "http_dash_segments", "format": "242 - 426x240 (DASH video)", "http_headers": {"User-Agent": "Mozilla/5.0 (Windows NT 10.0; Win64; x64) AppleWebKit/537.36 (KHTML, like Gecko) Chrome/74.0.3729.96 Safari/537.36", "Accept-Charset": "ISO-8859-1,utf-8;q=0.7,*;q=0.7", "Accept": "text/html,application/xhtml+xml,application/xml;q=0.9,*/*;q=0.8", "Accept-Encoding": "gzip, deflate", "Accept-Language": "en-us,en;q=0.5"}}, {"ext": "mp4", "height": 240, "format_note": "DASH video", "vcodec": "avc1.4d400c", "format_id": "133", "manifest_url": "https://manifest.googlevideo.com/api/manifest/dash/expire/1613157514/ei/KoAmYJuXM6aA1d8P0qS_wAc/ip/61.230.12.35/id/4dc155ab495e8a2e/source/youtube/requiressl/yes/playback_host/r7---sn-ipoxu-u2x6.googlevideo.com/mh/L0/mm/31%2C29/mn/sn-ipoxu-u2x6%2Csn-un57en7e/ms/au%2Crdu/mv/m/mvi/7/pl/21/tx/9430863/txs/9417361%2C9417362%2C9430863/hfr/all/as/fmp4_audio_clear%2Cwebm_audio_clear%2Cwebm2_audio_clear%2Cfmp4_sd_hd_clear%2Cwebm2_sd_hd_clear/initcwndbps/891250/vprv/1/mt/1613135564/fvip/1/keepalive/yes/itag/0/sparams/expire%2Cei%2Cip%2Cid%2Csource%2Crequiressl%2Ctx%2Ctxs%2Chfr%2Cas%2Cvprv%2Citag/sig/AOq0QJ8wRQIgOdrZslBW7BNPgXidE5Zg7muFDh2NFJd0QtrAOh28nyICIQD2PxC9nVgysCn_B-4x9R0e9aLPDDOhHENM-GZnaxsEJg%3D%3D/lsparams/playback_host%2Cmh%2Cmm%2Cmn%2Cms%2Cmv%2Cmvi%2Cpl%2Cinitcwndbps/lsig/AG3C_xAwRQIhAK7d7BOy3QhQISOLUiBlwlTwZKzLrf83rcZOcKLz5LTFAiBoy6w-pUTSigWXP69NaCOJ7x--CKr0yg05rd7BIWEmAQ%3D%3D", "width": 426, "tbr": 242.0, "asr": null, "fps": 30, "language": null, "filesize": null, "container": "mp4_dash", "acodec": "none", "url": "https://manifest.googlevideo.com/api/manifest/dash/expire/1613157514/ei/KoAmYJuXM6aA1d8P0qS_wAc/ip/61.230.12.35/id/4dc155ab495e8a2e/source/youtube/requiressl/yes/playback_host/r7---sn-ipoxu-u2x6.googlevideo.com/mh/L0/mm/31%2C29/mn/sn-ipoxu-u2x6%2Csn-un57en7e/ms/au%2Crdu/mv/m/mvi/7/pl/21/tx/9430863/txs/9417361%2C9417362%2C9430863/hfr/all/as/fmp4_audio_clear%2Cwebm_audio_clear%2Cwebm2_audio_clear%2Cfmp4_sd_hd_clear%2Cwebm2_sd_hd_clear/initcwndbps/891250/vprv/1/mt/1613135564/fvip/1/keepalive/yes/itag/0/sparams/expire%2Cei%2Cip%2Cid%2Csource%2Crequiressl%2Ctx%2Ctxs%2Chfr%2Cas%2Cvprv%2Citag/sig/AOq0QJ8wRQIgOdrZslBW7BNPgXidE5Zg7muFDh2NFJd0QtrAOh28nyICIQD2PxC9nVgysCn_B-4x9R0e9aLPDDOhHENM-GZnaxsEJg%3D%3D/lsparams/playback_host%2Cmh%2Cmm%2Cmn%2Cms%2Cmv%2Cmvi%2Cpl%2Cinitcwndbps/lsig/AG3C_xAwRQIhAK7d7BOy3QhQISOLUiBlwlTwZKzLrf83rcZOcKLz5LTFAiBoy6w-pUTSigWXP69NaCOJ7x--CKr0yg05rd7BIWEmAQ%3D%3D", "fragment_base_url": "https://r7---sn-ipoxu-u2x6.googlevideo.com/videoplayback/expire/1613157514/ei/KoAmYJuXM6aA1d8P0qS_wAc/ip/61.230.12.35/id/4dc155ab495e8a2e/itag/133/source/yt_otf/requiressl/yes/mh/L0/mm/31,29/mn/sn-ipoxu-u2x6,sn-un57en7e/ms/au,rdu/mv/m/mvi/7/pl/21/initcwndbps/891250/vprv/1/ratebypass/yes/mime/video%2Fmp4/otfp/1/otf/1/lmt/1606930216268536/mt/1613135564/fvip/1/keepalive/yes/sparams/expire,ei,ip,id,itag,source,requiressl,vprv,ratebypass,mime,otfp,otf,lmt/sig/AOq0QJ8wRQIgO4sp5IqEU5A-U5TK3aNY5pZftdh47lzbOb8rIT0aSfUCIQD4y3DvoZf1lo5nh7X176ncC3N_Hi9HSWqF1sUtRkj3-A%3D%3D/lsparams/mh,mm,mn,ms,mv,mvi,pl,initcwndbps/lsig/AG3C_xAwRAIgHVMCyhzINECz1je-Cs03CSQ0Jq7KMma44_mLHlTa1U4CIHAs_G9rbyvX6DyuW0i345flLw_5nq2NqLxuNeIxl8Gl/", "fragments": [{"path": "sq/0"}, {"path": "sq/1/dur/5.072", "duration": 5.072}, {"path": "sq/2/dur/5.071", "duration": 5.071}, {"path": "sq/3/dur/5.072", "duration": 5.072}, {"path": "sq/4/dur/5.072", "duration": 5.072}, {"path": "sq/5/dur/5.072", "duration": 5.072}, {"path": "sq/6/dur/5.071", "duration": 5.071}, {"path": "sq/7/dur/5.072", "duration": 5.072}, {"path": "sq/8/dur/5.072", "duration": 5.072}, {"path": "sq/9/dur/5.072", "duration": 5.072}, {"path": "sq/10/dur/5.071", "duration": 5.071}, {"path": "sq/11/dur/5.072", "duration": 5.072}, {"path": "sq/12/dur/5.072", "duration": 5.072}, {"path": "sq/13/dur/5.072", "duration": 5.072}, {"path": "sq/14/dur/5.071", "duration": 5.071}, {"path": "sq/15/dur/5.072", "duration": 5.072}, {"path": "sq/16/dur/5.072", "duration": 5.072}, {"path": "sq/17/dur/5.071", "duration": 5.071}, {"path": "sq/18/dur/5.072", "duration": 5.072}, {"path": "sq/19/dur/5.072", "duration": 5.072}, {"path": "sq/20/dur/5.072", "duration": 5.072}, {"path": "sq/21/dur/5.071", "duration": 5.071}, {"path": "sq/22/dur/5.072", "duration": 5.072}, {"path": "sq/23/dur/5.072", "duration": 5.072}, {"path": "sq/24/dur/5.072", "duration": 5.072}, {"path": "sq/25/dur/5.071", "duration": 5.071}, {"path": "sq/26/dur/1.835", "duration": 1.835}], "protocol": "http_dash_segments", "format": "133 - 426x240 (DASH video)", "http_headers": {"User-Agent": "Mozilla/5.0 (Windows NT 10.0; Win64; x64) AppleWebKit/537.36 (KHTML, like Gecko) Chrome/74.0.3729.96 Safari/537.36", "Accept-Charset": "ISO-8859-1,utf-8;q=0.7,*;q=0.7", "Accept": "text/html,application/xhtml+xml,application/xml;q=0.9,*/*;q=0.8", "Accept-Encoding": "gzip, deflate", "Accept-Language": "en-us,en;q=0.5"}}, {"ext": "mp4", "height": 360, "format_note": "DASH video", "vcodec": "avc1.4d401e", "format_id": "134", "manifest_url": "https://manifest.googlevideo.com/api/manifest/dash/expire/1613157514/ei/KoAmYJuXM6aA1d8P0qS_wAc/ip/61.230.12.35/id/4dc155ab495e8a2e/source/youtube/requiressl/yes/playback_host/r7---sn-ipoxu-u2x6.googlevideo.com/mh/L0/mm/31%2C29/mn/sn-ipoxu-u2x6%2Csn-un57en7e/ms/au%2Crdu/mv/m/mvi/7/pl/21/tx/9430863/txs/9417361%2C9417362%2C9430863/hfr/all/as/fmp4_audio_clear%2Cwebm_audio_clear%2Cwebm2_audio_clear%2Cfmp4_sd_hd_clear%2Cwebm2_sd_hd_clear/initcwndbps/891250/vprv/1/mt/1613135564/fvip/1/keepalive/yes/itag/0/sparams/expire%2Cei%2Cip%2Cid%2Csource%2Crequiressl%2Ctx%2Ctxs%2Chfr%2Cas%2Cvprv%2Citag/sig/AOq0QJ8wRQIgOdrZslBW7BNPgXidE5Zg7muFDh2NFJd0QtrAOh28nyICIQD2PxC9nVgysCn_B-4x9R0e9aLPDDOhHENM-GZnaxsEJg%3D%3D/lsparams/playback_host%2Cmh%2Cmm%2Cmn%2Cms%2Cmv%2Cmvi%2Cpl%2Cinitcwndbps/lsig/AG3C_xAwRQIhAK7d7BOy3QhQISOLUiBlwlTwZKzLrf83rcZOcKLz5LTFAiBoy6w-pUTSigWXP69NaCOJ7x--CKr0yg05rd7BIWEmAQ%3D%3D", "width": 640, "tbr": 349.941, "asr": null, "fps": 30, "language": null, "filesize": null, "container": "mp4_dash", "acodec": "none", "url": "https://manifest.googlevideo.com/api/manifest/dash/expire/1613157514/ei/KoAmYJuXM6aA1d8P0qS_wAc/ip/61.230.12.35/id/4dc155ab495e8a2e/source/youtube/requiressl/yes/playback_host/r7---sn-ipoxu-u2x6.googlevideo.com/mh/L0/mm/31%2C29/mn/sn-ipoxu-u2x6%2Csn-un57en7e/ms/au%2Crdu/mv/m/mvi/7/pl/21/tx/9430863/txs/9417361%2C9417362%2C9430863/hfr/all/as/fmp4_audio_clear%2Cwebm_audio_clear%2Cwebm2_audio_clear%2Cfmp4_sd_hd_clear%2Cwebm2_sd_hd_clear/initcwndbps/891250/vprv/1/mt/1613135564/fvip/1/keepalive/yes/itag/0/sparams/expire%2Cei%2Cip%2Cid%2Csource%2Crequiressl%2Ctx%2Ctxs%2Chfr%2Cas%2Cvprv%2Citag/sig/AOq0QJ8wRQIgOdrZslBW7BNPgXidE5Zg7muFDh2NFJd0QtrAOh28nyICIQD2PxC9nVgysCn_B-4x9R0e9aLPDDOhHENM-GZnaxsEJg%3D%3D/lsparams/playback_host%2Cmh%2Cmm%2Cmn%2Cms%2Cmv%2Cmvi%2Cpl%2Cinitcwndbps/lsig/AG3C_xAwRQIhAK7d7BOy3QhQISOLUiBlwlTwZKzLrf83rcZOcKLz5LTFAiBoy6w-pUTSigWXP69NaCOJ7x--CKr0yg05rd7BIWEmAQ%3D%3D", "fragment_base_url": "https://r7---sn-ipoxu-u2x6.googlevideo.com/videoplayback/expire/1613157514/ei/KoAmYJuXM6aA1d8P0qS_wAc/ip/61.230.12.35/id/4dc155ab495e8a2e/itag/134/source/youtube/requiressl/yes/mh/L0/mm/31,29/mn/sn-ipoxu-u2x6,sn-un57en7e/ms/au,rdu/mv/m/mvi/7/pl/21/initcwndbps/891250/vprv/1/ratebypass/yes/mime/video%2Fmp4/otfp/1/gir/yes/clen/3755815/lmt/1606930216266457/dur/128.628/mt/1613135564/fvip/1/keepalive/yes/sparams/expire,ei,ip,id,itag,source,requiressl,vprv,ratebypass,mime,otfp,gir,clen,lmt,dur/sig/AOq0QJ8wRQIhAPxPuTTnwprqCayHJmZhwjWoS9-xLbxfC-Wo-ZdEdK-gAiAxlor_f9g7MYuvPN7kaYNQkGfP70T9_epLeS3Nf3g0DQ%3D%3D/lsparams/mh,mm,mn,ms,mv,mvi,pl,initcwndbps/lsig/AG3C_xAwRAIgBJNYm6yElYPXDek7TXvdORYLJj4H_gcbnuRsUNoSNXgCIBWOoY-qmojkQCEuH61CfcMmPyf6GAKcwUd2TEc1lic9/", "fragments": [{"path": "range/0-739"}, {"path": "range/1084-119500", "duration": 5.072}, {"path": "range/119501-246299", "duration": 5.071}, {"path": "range/246300-362201", "duration": 5.072}, {"path": "range/362202-477990", "duration": 5.072}, {"path": "range/477991-606963", "duration": 5.072}, {"path": "range/606964-729139", "duration": 5.071}, {"path": "range/729140-856266", "duration": 5.072}, {"path": "range/856267-995236", "duration": 5.072}, {"path": "range/995237-1171189", "duration": 5.072}, {"path": "range/1171190-1340959", "duration": 5.071}, {"path": "range/1340960-1508439", "duration": 5.072}, {"path": "range/1508440-1701056", "duration": 5.072}, {"path": "range/1701057-1830732", "duration": 5.072}, {"path": "range/1830733-1985848", "duration": 5.071}, {"path": "range/1985849-2131073", "duration": 5.072}, {"path": "range/2131074-2327556", "duration": 5.072}, {"path": "range/2327557-2549419", "duration": 5.071}, {"path": "range/2549420-2694519", "duration": 5.072}, {"path": "range/2694520-2891809", "duration": 5.072}, {"path": "range/2891810-3089935", "duration": 5.072}, {"path": "range/3089936-3218321", "duration": 5.071}, {"path": "range/3218322-3347618", "duration": 5.072}, {"path": "range/3347619-3501108", "duration": 5.072}, {"path": "range/3501109-3645383", "duration": 5.072}, {"path": "range/3645384-3753965", "duration": 5.071}, {"path": "range/3753966-3755814", "duration": 1.835}], "protocol": "http_dash_segments", "format": "134 - 640x360 (DASH video)", "http_headers": {"User-Agent": "Mozilla/5.0 (Windows NT 10.0; Win64; x64) AppleWebKit/537.36 (KHTML, like Gecko) Chrome/74.0.3729.96 Safari/537.36", "Accept-Charset": "ISO-8859-1,utf-8;q=0.7,*;q=0.7", "Accept": "text/html,application/xhtml+xml,application/xml;q=0.9,*/*;q=0.8", "Accept-Encoding": "gzip, deflate", "Accept-Language": "en-us,en;q=0.5"}}, {"ext": "webm", "height": 360, "format_note": "DASH video", "vcodec": "vp9", "format_id": "243", "manifest_url": "https://manifest.googlevideo.com/api/manifest/dash/expire/1613157514/ei/KoAmYJuXM6aA1d8P0qS_wAc/ip/61.230.12.35/id/4dc155ab495e8a2e/source/youtube/requiressl/yes/playback_host/r7---sn-ipoxu-u2x6.googlevideo.com/mh/L0/mm/31%2C29/mn/sn-ipoxu-u2x6%2Csn-un57en7e/ms/au%2Crdu/mv/m/mvi/7/pl/21/tx/9430863/txs/9417361%2C9417362%2C9430863/hfr/all/as/fmp4_audio_clear%2Cwebm_audio_clear%2Cwebm2_audio_clear%2Cfmp4_sd_hd_clear%2Cwebm2_sd_hd_clear/initcwndbps/891250/vprv/1/mt/1613135564/fvip/1/keepalive/yes/itag/0/sparams/expire%2Cei%2Cip%2Cid%2Csource%2Crequiressl%2Ctx%2Ctxs%2Chfr%2Cas%2Cvprv%2Citag/sig/AOq0QJ8wRQIgOdrZslBW7BNPgXidE5Zg7muFDh2NFJd0QtrAOh28nyICIQD2PxC9nVgysCn_B-4x9R0e9aLPDDOhHENM-GZnaxsEJg%3D%3D/lsparams/playback_host%2Cmh%2Cmm%2Cmn%2Cms%2Cmv%2Cmvi%2Cpl%2Cinitcwndbps/lsig/AG3C_xAwRQIhAK7d7BOy3QhQISOLUiBlwlTwZKzLrf83rcZOcKLz5LTFAiBoy6w-pUTSigWXP69NaCOJ7x--CKr0yg05rd7BIWEmAQ%3D%3D", "width": 640, "tbr": 405.72, "asr": null, "fps": 30, "language": null, "filesize": null, "container": "webm_dash", "acodec": "none", "url": "https://manifest.googlevideo.com/api/manifest/dash/expire/1613157514/ei/KoAmYJuXM6aA1d8P0qS_wAc/ip/61.230.12.35/id/4dc155ab495e8a2e/source/youtube/requiressl/yes/playback_host/r7---sn-ipoxu-u2x6.googlevideo.com/mh/L0/mm/31%2C29/mn/sn-ipoxu-u2x6%2Csn-un57en7e/ms/au%2Crdu/mv/m/mvi/7/pl/21/tx/9430863/txs/9417361%2C9417362%2C9430863/hfr/all/as/fmp4_audio_clear%2Cwebm_audio_clear%2Cwebm2_audio_clear%2Cfmp4_sd_hd_clear%2Cwebm2_sd_hd_clear/initcwndbps/891250/vprv/1/mt/1613135564/fvip/1/keepalive/yes/itag/0/sparams/expire%2Cei%2Cip%2Cid%2Csource%2Crequiressl%2Ctx%2Ctxs%2Chfr%2Cas%2Cvprv%2Citag/sig/AOq0QJ8wRQIgOdrZslBW7BNPgXidE5Zg7muFDh2NFJd0QtrAOh28nyICIQD2PxC9nVgysCn_B-4x9R0e9aLPDDOhHENM-GZnaxsEJg%3D%3D/lsparams/playback_host%2Cmh%2Cmm%2Cmn%2Cms%2Cmv%2Cmvi%2Cpl%2Cinitcwndbps/lsig/AG3C_xAwRQIhAK7d7BOy3QhQISOLUiBlwlTwZKzLrf83rcZOcKLz5LTFAiBoy6w-pUTSigWXP69NaCOJ7x--CKr0yg05rd7BIWEmAQ%3D%3D", "fragment_base_url": "https://r7---sn-ipoxu-u2x6.googlevideo.com/videoplayback/expire/1613157514/ei/KoAmYJuXM6aA1d8P0qS_wAc/ip/61.230.12.35/id/4dc155ab495e8a2e/itag/243/source/yt_otf/requiressl/yes/mh/L0/mm/31,29/mn/sn-ipoxu-u2x6,sn-un57en7e/ms/au,rdu/mv/m/mvi/7/pl/21/initcwndbps/891250/vprv/1/ratebypass/yes/mime/video%2Fwebm/otfp/1/otf/1/lmt/1606930216268536/mt/1613135564/fvip/1/keepalive/yes/sparams/expire,ei,ip,id,itag,source,requiressl,vprv,ratebypass,mime,otfp,otf,lmt/sig/AOq0QJ8wRgIhANoMlu6S1njisRjLyUzPdoyfHw-lpB5-IRRrC5jtB9taAiEAtI42NBL70EFnYpVOA2WLBL8BJMyOO5JkIK_AZidVGqc%3D/lsparams/mh,mm,mn,ms,mv,mvi,pl,initcwndbps/lsig/AG3C_xAwRgIhANNzTy279OewgOKiwczoeZ5r4stIYBy2yYsjqvRq-NgCAiEAlRsFSVgq2lbVHqbd5Rd7VXJnBom_Ub21vEs3b4zesmU%3D/", "fragments": [{"path": "sq/0"}, {"path": "sq/1/dur/5.072", "duration": 5.072}, {"path": "sq/2/dur/5.071", "duration": 5.071}, {"path": "sq/3/dur/5.072", "duration": 5.072}, {"path": "sq/4/dur/5.072", "duration": 5.072}, {"path": "sq/5/dur/5.072", "duration": 5.072}, {"path": "sq/6/dur/5.071", "duration": 5.071}, {"path": "sq/7/dur/5.072", "duration": 5.072}, {"path": "sq/8/dur/5.072", "duration": 5.072}, {"path": "sq/9/dur/5.072", "duration": 5.072}, {"path": "sq/10/dur/5.071", "duration": 5.071}, {"path": "sq/11/dur/5.072", "duration": 5.072}, {"path": "sq/12/dur/5.072", "duration": 5.072}, {"path": "sq/13/dur/5.072", "duration": 5.072}, {"path": "sq/14/dur/5.071", "duration": 5.071}, {"path": "sq/15/dur/5.072", "duration": 5.072}, {"path": "sq/16/dur/5.072", "duration": 5.072}, {"path": "sq/17/dur/5.071", "duration": 5.071}, {"path": "sq/18/dur/5.072", "duration": 5.072}, {"path": "sq/19/dur/5.072", "duration": 5.072}, {"path": "sq/20/dur/5.072", "duration": 5.072}, {"path": "sq/21/dur/5.071", "duration": 5.071}, {"path": "sq/22/dur/5.072", "duration": 5.072}, {"path": "sq/23/dur/5.072", "duration": 5.072}, {"path": "sq/24/dur/5.072", "duration": 5.072}, {"path": "sq/25/dur/5.071", "duration": 5.071}, {"path": "sq/26/dur/1.835", "duration": 1.835}], "protocol": "http_dash_segments", "format": "243 - 640x360 (DASH video)", "http_headers": {"User-Agent": "Mozilla/5.0 (Windows NT 10.0; Win64; x64) AppleWebKit/537.36 (KHTML, like Gecko) Chrome/74.0.3729.96 Safari/537.36", "Accept-Charset": "ISO-8859-1,utf-8;q=0.7,*;q=0.7", "Accept": "text/html,application/xhtml+xml,application/xml;q=0.9,*/*;q=0.8", "Accept-Encoding": "gzip, deflate", "Accept-Language": "en-us,en;q=0.5"}}, {"ext": "webm", "height": 480, "format_note": "DASH video", "vcodec": "vp9", "format_id": "244", "manifest_url": "https://manifest.googlevideo.com/api/manifest/dash/expire/1613157514/ei/KoAmYJuXM6aA1d8P0qS_wAc/ip/61.230.12.35/id/4dc155ab495e8a2e/source/youtube/requiressl/yes/playback_host/r7---sn-ipoxu-u2x6.googlevideo.com/mh/L0/mm/31%2C29/mn/sn-ipoxu-u2x6%2Csn-un57en7e/ms/au%2Crdu/mv/m/mvi/7/pl/21/tx/9430863/txs/9417361%2C9417362%2C9430863/hfr/all/as/fmp4_audio_clear%2Cwebm_audio_clear%2Cwebm2_audio_clear%2Cfmp4_sd_hd_clear%2Cwebm2_sd_hd_clear/initcwndbps/891250/vprv/1/mt/1613135564/fvip/1/keepalive/yes/itag/0/sparams/expire%2Cei%2Cip%2Cid%2Csource%2Crequiressl%2Ctx%2Ctxs%2Chfr%2Cas%2Cvprv%2Citag/sig/AOq0QJ8wRQIgOdrZslBW7BNPgXidE5Zg7muFDh2NFJd0QtrAOh28nyICIQD2PxC9nVgysCn_B-4x9R0e9aLPDDOhHENM-GZnaxsEJg%3D%3D/lsparams/playback_host%2Cmh%2Cmm%2Cmn%2Cms%2Cmv%2Cmvi%2Cpl%2Cinitcwndbps/lsig/AG3C_xAwRQIhAK7d7BOy3QhQISOLUiBlwlTwZKzLrf83rcZOcKLz5LTFAiBoy6w-pUTSigWXP69NaCOJ7x--CKr0yg05rd7BIWEmAQ%3D%3D", "width": 854, "tbr": 752.64, "asr": null, "fps": 30, "language": null, "filesize": null, "container": "webm_dash", "acodec": "none", "url": "https://manifest.googlevideo.com/api/manifest/dash/expire/1613157514/ei/KoAmYJuXM6aA1d8P0qS_wAc/ip/61.230.12.35/id/4dc155ab495e8a2e/source/youtube/requiressl/yes/playback_host/r7---sn-ipoxu-u2x6.googlevideo.com/mh/L0/mm/31%2C29/mn/sn-ipoxu-u2x6%2Csn-un57en7e/ms/au%2Crdu/mv/m/mvi/7/pl/21/tx/9430863/txs/9417361%2C9417362%2C9430863/hfr/all/as/fmp4_audio_clear%2Cwebm_audio_clear%2Cwebm2_audio_clear%2Cfmp4_sd_hd_clear%2Cwebm2_sd_hd_clear/initcwndbps/891250/vprv/1/mt/1613135564/fvip/1/keepalive/yes/itag/0/sparams/expire%2Cei%2Cip%2Cid%2Csource%2Crequiressl%2Ctx%2Ctxs%2Chfr%2Cas%2Cvprv%2Citag/sig/AOq0QJ8wRQIgOdrZslBW7BNPgXidE5Zg7muFDh2NFJd0QtrAOh28nyICIQD2PxC9nVgysCn_B-4x9R0e9aLPDDOhHENM-GZnaxsEJg%3D%3D/lsparams/playback_host%2Cmh%2Cmm%2Cmn%2Cms%2Cmv%2Cmvi%2Cpl%2Cinitcwndbps/lsig/AG3C_xAwRQIhAK7d7BOy3QhQISOLUiBlwlTwZKzLrf83rcZOcKLz5LTFAiBoy6w-pUTSigWXP69NaCOJ7x--CKr0yg05rd7BIWEmAQ%3D%3D", "fragment_base_url": "https://r7---sn-ipoxu-u2x6.googlevideo.com/videoplayback/expire/1613157514/ei/KoAmYJuXM6aA1d8P0qS_wAc/ip/61.230.12.35/id/4dc155ab495e8a2e/itag/244/source/yt_otf/requiressl/yes/mh/L0/mm/31,29/mn/sn-ipoxu-u2x6,sn-un57en7e/ms/au,rdu/mv/m/mvi/7/pl/21/initcwndbps/891250/vprv/1/ratebypass/yes/mime/video%2Fwebm/otfp/1/otf/1/lmt/1606930216268536/mt/1613135564/fvip/1/keepalive/yes/sparams/expire,ei,ip,id,itag,source,requiressl,vprv,ratebypass,mime,otfp,otf,lmt/sig/AOq0QJ8wRAIgFnXj41r2Xr4KkoznttI09f5IRE5yBG6N089y4gPdOiYCIG3a3Xxiby2_lqTyAuhKLjBRUCK4I9c3iGG6d3E6DAYM/lsparams/mh,mm,mn,ms,mv,mvi,pl,initcwndbps/lsig/AG3C_xAwRgIhAM7EpMUN5R5kLW6P4go0qLy5WZo0-mLHkZ9BlUlvK5JiAiEA1gKxy1PyVNy7auOIngz-If_fdIYoIMulEMVGfBhcxVE%3D/", "fragments": [{"path": "sq/0"}, {"path": "sq/1/dur/5.072", "duration": 5.072}, {"path": "sq/2/dur/5.071", "duration": 5.071}, {"path": "sq/3/dur/5.072", "duration": 5.072}, {"path": "sq/4/dur/5.072", "duration": 5.072}, {"path": "sq/5/dur/5.072", "duration": 5.072}, {"path": "sq/6/dur/5.071", "duration": 5.071}, {"path": "sq/7/dur/5.072", "duration": 5.072}, {"path": "sq/8/dur/5.072", "duration": 5.072}, {"path": "sq/9/dur/5.072", "duration": 5.072}, {"path": "sq/10/dur/5.071", "duration": 5.071}, {"path": "sq/11/dur/5.072", "duration": 5.072}, {"path": "sq/12/dur/5.072", "duration": 5.072}, {"path": "sq/13/dur/5.072", "duration": 5.072}, {"path": "sq/14/dur/5.071", "duration": 5.071}, {"path": "sq/15/dur/5.072", "duration": 5.072}, {"path": "sq/16/dur/5.072", "duration": 5.072}, {"path": "sq/17/dur/5.071", "duration": 5.071}, {"path": "sq/18/dur/5.072", "duration": 5.072}, {"path": "sq/19/dur/5.072", "duration": 5.072}, {"path": "sq/20/dur/5.072", "duration": 5.072}, {"path": "sq/21/dur/5.071", "duration": 5.071}, {"path": "sq/22/dur/5.072", "duration": 5.072}, {"path": "sq/23/dur/5.072", "duration": 5.072}, {"path": "sq/24/dur/5.072", "duration": 5.072}, {"path": "sq/25/dur/5.071", "duration": 5.071}, {"path": "sq/26/dur/1.835", "duration": 1.835}], "protocol": "http_dash_segments", "format": "244 - 854x480 (DASH video)", "http_headers": {"User-Agent": "Mozilla/5.0 (Windows NT 10.0; Win64; x64) AppleWebKit/537.36 (KHTML, like Gecko) Chrome/74.0.3729.96 Safari/537.36", "Accept-Charset": "ISO-8859-1,utf-8;q=0.7,*;q=0.7", "Accept": "text/html,application/xhtml+xml,application/xml;q=0.9,*/*;q=0.8", "Accept-Encoding": "gzip, deflate", "Accept-Language": "en-us,en;q=0.5"}}, {"ext": "mp4", "height": 480, "format_note": "DASH video", "vcodec": "avc1.4d4014", "format_id": "135", "manifest_url": "https://manifest.googlevideo.com/api/manifest/dash/expire/1613157514/ei/KoAmYJuXM6aA1d8P0qS_wAc/ip/61.230.12.35/id/4dc155ab495e8a2e/source/youtube/requiressl/yes/playback_host/r7---sn-ipoxu-u2x6.googlevideo.com/mh/L0/mm/31%2C29/mn/sn-ipoxu-u2x6%2Csn-un57en7e/ms/au%2Crdu/mv/m/mvi/7/pl/21/tx/9430863/txs/9417361%2C9417362%2C9430863/hfr/all/as/fmp4_audio_clear%2Cwebm_audio_clear%2Cwebm2_audio_clear%2Cfmp4_sd_hd_clear%2Cwebm2_sd_hd_clear/initcwndbps/891250/vprv/1/mt/1613135564/fvip/1/keepalive/yes/itag/0/sparams/expire%2Cei%2Cip%2Cid%2Csource%2Crequiressl%2Ctx%2Ctxs%2Chfr%2Cas%2Cvprv%2Citag/sig/AOq0QJ8wRQIgOdrZslBW7BNPgXidE5Zg7muFDh2NFJd0QtrAOh28nyICIQD2PxC9nVgysCn_B-4x9R0e9aLPDDOhHENM-GZnaxsEJg%3D%3D/lsparams/playback_host%2Cmh%2Cmm%2Cmn%2Cms%2Cmv%2Cmvi%2Cpl%2Cinitcwndbps/lsig/AG3C_xAwRQIhAK7d7BOy3QhQISOLUiBlwlTwZKzLrf83rcZOcKLz5LTFAiBoy6w-pUTSigWXP69NaCOJ7x--CKr0yg05rd7BIWEmAQ%3D%3D", "width": 854, "tbr": 1155.0, "asr": null, "fps": 30, "language": null, "filesize": null, "container": "mp4_dash", "acodec": "none", "url": "https://manifest.googlevideo.com/api/manifest/dash/expire/1613157514/ei/KoAmYJuXM6aA1d8P0qS_wAc/ip/61.230.12.35/id/4dc155ab495e8a2e/source/youtube/requiressl/yes/playback_host/r7---sn-ipoxu-u2x6.googlevideo.com/mh/L0/mm/31%2C29/mn/sn-ipoxu-u2x6%2Csn-un57en7e/ms/au%2Crdu/mv/m/mvi/7/pl/21/tx/9430863/txs/9417361%2C9417362%2C9430863/hfr/all/as/fmp4_audio_clear%2Cwebm_audio_clear%2Cwebm2_audio_clear%2Cfmp4_sd_hd_clear%2Cwebm2_sd_hd_clear/initcwndbps/891250/vprv/1/mt/1613135564/fvip/1/keepalive/yes/itag/0/sparams/expire%2Cei%2Cip%2Cid%2Csource%2Crequiressl%2Ctx%2Ctxs%2Chfr%2Cas%2Cvprv%2Citag/sig/AOq0QJ8wRQIgOdrZslBW7BNPgXidE5Zg7muFDh2NFJd0QtrAOh28nyICIQD2PxC9nVgysCn_B-4x9R0e9aLPDDOhHENM-GZnaxsEJg%3D%3D/lsparams/playback_host%2Cmh%2Cmm%2Cmn%2Cms%2Cmv%2Cmvi%2Cpl%2Cinitcwndbps/lsig/AG3C_xAwRQIhAK7d7BOy3QhQISOLUiBlwlTwZKzLrf83rcZOcKLz5LTFAiBoy6w-pUTSigWXP69NaCOJ7x--CKr0yg05rd7BIWEmAQ%3D%3D", "fragment_base_url": "https://r7---sn-ipoxu-u2x6.googlevideo.com/videoplayback/expire/1613157514/ei/KoAmYJuXM6aA1d8P0qS_wAc/ip/61.230.12.35/id/4dc155ab495e8a2e/itag/135/source/yt_otf/requiressl/yes/mh/L0/mm/31,29/mn/sn-ipoxu-u2x6,sn-un57en7e/ms/au,rdu/mv/m/mvi/7/pl/21/initcwndbps/891250/vprv/1/ratebypass/yes/mime/video%2Fmp4/otfp/1/otf/1/lmt/1606930216268536/mt/1613135564/fvip/1/keepalive/yes/sparams/expire,ei,ip,id,itag,source,requiressl,vprv,ratebypass,mime,otfp,otf,lmt/sig/AOq0QJ8wRAIgH-9GzSfurTKKA_ihBFsw_cM4jISKsFllZSFrL5CICmYCIA-NzxFhBS6jCp4K8QfiWS4kDDZQnzU_nSlpYwwedddX/lsparams/mh,mm,mn,ms,mv,mvi,pl,initcwndbps/lsig/AG3C_xAwRQIhAPKB5aAxpWQmwmdr5evQequ0CGJDQ6p9yGYMUyPHrN_ZAiAY6WVPFy7fsrHSJNFY8sUjxg7TTjdgQPHqPKy2_F6lRA%3D%3D/", "fragments": [{"path": "sq/0"}, {"path": "sq/1/dur/5.072", "duration": 5.072}, {"path": "sq/2/dur/5.071", "duration": 5.071}, {"path": "sq/3/dur/5.072", "duration": 5.072}, {"path": "sq/4/dur/5.072", "duration": 5.072}, {"path": "sq/5/dur/5.072", "duration": 5.072}, {"path": "sq/6/dur/5.071", "duration": 5.071}, {"path": "sq/7/dur/5.072", "duration": 5.072}, {"path": "sq/8/dur/5.072", "duration": 5.072}, {"path": "sq/9/dur/5.072", "duration": 5.072}, {"path": "sq/10/dur/5.071", "duration": 5.071}, {"path": "sq/11/dur/5.072", "duration": 5.072}, {"path": "sq/12/dur/5.072", "duration": 5.072}, {"path": "sq/13/dur/5.072", "duration": 5.072}, {"path": "sq/14/dur/5.071", "duration": 5.071}, {"path": "sq/15/dur/5.072", "duration": 5.072}, {"path": "sq/16/dur/5.072", "duration": 5.072}, {"path": "sq/17/dur/5.071", "duration": 5.071}, {"path": "sq/18/dur/5.072", "duration": 5.072}, {"path": "sq/19/dur/5.072", "duration": 5.072}, {"path": "sq/20/dur/5.072", "duration": 5.072}, {"path": "sq/21/dur/5.071", "duration": 5.071}, {"path": "sq/22/dur/5.072", "duration": 5.072}, {"path": "sq/23/dur/5.072", "duration": 5.072}, {"path": "sq/24/dur/5.072", "duration": 5.072}, {"path": "sq/25/dur/5.071", "duration": 5.071}, {"path": "sq/26/dur/1.835", "duration": 1.835}], "protocol": "http_dash_segments", "format": "135 - 854x480 (DASH video)", "http_headers": {"User-Agent": "Mozilla/5.0 (Windows NT 10.0; Win64; x64) AppleWebKit/537.36 (KHTML, like Gecko) Chrome/74.0.3729.96 Safari/537.36", "Accept-Charset": "ISO-8859-1,utf-8;q=0.7,*;q=0.7", "Accept": "text/html,application/xhtml+xml,application/xml;q=0.9,*/*;q=0.8", "Accept-Encoding": "gzip, deflate", "Accept-Language": "en-us,en;q=0.5"}}, {"ext": "mp4", "height": 720, "format_note": "DASH video", "vcodec": "avc1.640020", "fps": 60, "format_id": "298", "manifest_url": "https://manifest.googlevideo.com/api/manifest/dash/expire/1613157514/ei/KoAmYJuXM6aA1d8P0qS_wAc/ip/61.230.12.35/id/4dc155ab495e8a2e/source/youtube/requiressl/yes/playback_host/r7---sn-ipoxu-u2x6.googlevideo.com/mh/L0/mm/31%2C29/mn/sn-ipoxu-u2x6%2Csn-un57en7e/ms/au%2Crdu/mv/m/mvi/7/pl/21/tx/9430863/txs/9417361%2C9417362%2C9430863/hfr/all/as/fmp4_audio_clear%2Cwebm_audio_clear%2Cwebm2_audio_clear%2Cfmp4_sd_hd_clear%2Cwebm2_sd_hd_clear/initcwndbps/891250/vprv/1/mt/1613135564/fvip/1/keepalive/yes/itag/0/sparams/expire%2Cei%2Cip%2Cid%2Csource%2Crequiressl%2Ctx%2Ctxs%2Chfr%2Cas%2Cvprv%2Citag/sig/AOq0QJ8wRQIgOdrZslBW7BNPgXidE5Zg7muFDh2NFJd0QtrAOh28nyICIQD2PxC9nVgysCn_B-4x9R0e9aLPDDOhHENM-GZnaxsEJg%3D%3D/lsparams/playback_host%2Cmh%2Cmm%2Cmn%2Cms%2Cmv%2Cmvi%2Cpl%2Cinitcwndbps/lsig/AG3C_xAwRQIhAK7d7BOy3QhQISOLUiBlwlTwZKzLrf83rcZOcKLz5LTFAiBoy6w-pUTSigWXP69NaCOJ7x--CKr0yg05rd7BIWEmAQ%3D%3D", "width": 1280, "tbr": 1449.006, "asr": null, "language": null, "filesize": null, "container": "mp4_dash", "acodec": "none", "url": "https://manifest.googlevideo.com/api/manifest/dash/expire/1613157514/ei/KoAmYJuXM6aA1d8P0qS_wAc/ip/61.230.12.35/id/4dc155ab495e8a2e/source/youtube/requiressl/yes/playback_host/r7---sn-ipoxu-u2x6.googlevideo.com/mh/L0/mm/31%2C29/mn/sn-ipoxu-u2x6%2Csn-un57en7e/ms/au%2Crdu/mv/m/mvi/7/pl/21/tx/9430863/txs/9417361%2C9417362%2C9430863/hfr/all/as/fmp4_audio_clear%2Cwebm_audio_clear%2Cwebm2_audio_clear%2Cfmp4_sd_hd_clear%2Cwebm2_sd_hd_clear/initcwndbps/891250/vprv/1/mt/1613135564/fvip/1/keepalive/yes/itag/0/sparams/expire%2Cei%2Cip%2Cid%2Csource%2Crequiressl%2Ctx%2Ctxs%2Chfr%2Cas%2Cvprv%2Citag/sig/AOq0QJ8wRQIgOdrZslBW7BNPgXidE5Zg7muFDh2NFJd0QtrAOh28nyICIQD2PxC9nVgysCn_B-4x9R0e9aLPDDOhHENM-GZnaxsEJg%3D%3D/lsparams/playback_host%2Cmh%2Cmm%2Cmn%2Cms%2Cmv%2Cmvi%2Cpl%2Cinitcwndbps/lsig/AG3C_xAwRQIhAK7d7BOy3QhQISOLUiBlwlTwZKzLrf83rcZOcKLz5LTFAiBoy6w-pUTSigWXP69NaCOJ7x--CKr0yg05rd7BIWEmAQ%3D%3D", "fragment_base_url": "https://r7---sn-ipoxu-u2x6.googlevideo.com/videoplayback/expire/1613157514/ei/KoAmYJuXM6aA1d8P0qS_wAc/ip/61.230.12.35/id/4dc155ab495e8a2e/itag/298/source/youtube/requiressl/yes/mh/L0/mm/31,29/mn/sn-ipoxu-u2x6,sn-un57en7e/ms/au,rdu/mv/m/mvi/7/pl/21/initcwndbps/891250/vprv/1/ratebypass/yes/mime/video%2Fmp4/otfp/1/gir/yes/clen/16430822/lmt/1606930216268536/dur/128.628/mt/1613135564/fvip/1/keepalive/yes/sparams/expire,ei,ip,id,itag,source,requiressl,vprv,ratebypass,mime,otfp,gir,clen,lmt,dur/sig/AOq0QJ8wRAIgZ3GxSwPZ4bI4rEqbthLxSadjoyk853ou7DjKLZ3OcEYCID5f3HoGR1OS3dQNx2OkELDgz7blYO_ATmYT2-KKCmIj/lsparams/mh,mm,mn,ms,mv,mvi,pl,initcwndbps/lsig/AG3C_xAwRQIhAO8ep1FtPSfri1hgo1r1FVPjEJ338DIGERJFAmqU3LoMAiB47bZUSxNKYSwcCYnoM_j5mtQjW84DNlK-FuKcTQYbSA%3D%3D/", "fragments": [{"path": "range/0-738"}, {"path": "range/1083-548860", "duration": 5.072}, {"path": "range/548861-1137151", "duration": 5.071}, {"path": "range/1137152-1608234", "duration": 5.072}, {"path": "range/1608235-2086706", "duration": 5.072}, {"path": "range/2086707-2634644", "duration": 5.072}, {"path": "range/2634645-3148854", "duration": 5.071}, {"path": "range/3148855-3701985", "duration": 5.072}, {"path": "range/3701986-4339889", "duration": 5.072}, {"path": "range/4339890-5067596", "duration": 5.072}, {"path": "range/5067597-5865885", "duration": 5.071}, {"path": "range/5865886-6552015", "duration": 5.072}, {"path": "range/6552016-7391662", "duration": 5.072}, {"path": "range/7391663-7921277", "duration": 5.072}, {"path": "range/7921278-8617556", "duration": 5.071}, {"path": "range/8617557-9233851", "duration": 5.072}, {"path": "range/9233852-10110998", "duration": 5.072}, {"path": "range/10110999-11005196", "duration": 5.071}, {"path": "range/11005197-11634442", "duration": 5.072}, {"path": "range/11634443-12553112", "duration": 5.072}, {"path": "range/12553113-13420108", "duration": 5.072}, {"path": "range/13420109-13972448", "duration": 5.071}, {"path": "range/13972449-14577122", "duration": 5.072}, {"path": "range/14577123-15249343", "duration": 5.072}, {"path": "range/15249344-15967023", "duration": 5.072}, {"path": "range/15967024-16424389", "duration": 5.071}, {"path": "range/16424390-16430821", "duration": 1.835}], "protocol": "http_dash_segments", "format": "298 - 1280x720 (DASH video)", "http_headers": {"User-Agent": "Mozilla/5.0 (Windows NT 10.0; Win64; x64) AppleWebKit/537.36 (KHTML, like Gecko) Chrome/74.0.3729.96 Safari/537.36", "Accept-Charset": "ISO-8859-1,utf-8;q=0.7,*;q=0.7", "Accept": "text/html,application/xhtml+xml,application/xml;q=0.9,*/*;q=0.8", "Accept-Encoding": "gzip, deflate", "Accept-Language": "en-us,en;q=0.5"}}, {"ext": "webm", "height": 720, "format_note": "DASH video", "vcodec": "vp9", "format_id": "247", "manifest_url": "https://manifest.googlevideo.com/api/manifest/dash/expire/1613157514/ei/KoAmYJuXM6aA1d8P0qS_wAc/ip/61.230.12.35/id/4dc155ab495e8a2e/source/youtube/requiressl/yes/playback_host/r7---sn-ipoxu-u2x6.googlevideo.com/mh/L0/mm/31%2C29/mn/sn-ipoxu-u2x6%2Csn-un57en7e/ms/au%2Crdu/mv/m/mvi/7/pl/21/tx/9430863/txs/9417361%2C9417362%2C9430863/hfr/all/as/fmp4_audio_clear%2Cwebm_audio_clear%2Cwebm2_audio_clear%2Cfmp4_sd_hd_clear%2Cwebm2_sd_hd_clear/initcwndbps/891250/vprv/1/mt/1613135564/fvip/1/keepalive/yes/itag/0/sparams/expire%2Cei%2Cip%2Cid%2Csource%2Crequiressl%2Ctx%2Ctxs%2Chfr%2Cas%2Cvprv%2Citag/sig/AOq0QJ8wRQIgOdrZslBW7BNPgXidE5Zg7muFDh2NFJd0QtrAOh28nyICIQD2PxC9nVgysCn_B-4x9R0e9aLPDDOhHENM-GZnaxsEJg%3D%3D/lsparams/playback_host%2Cmh%2Cmm%2Cmn%2Cms%2Cmv%2Cmvi%2Cpl%2Cinitcwndbps/lsig/AG3C_xAwRQIhAK7d7BOy3QhQISOLUiBlwlTwZKzLrf83rcZOcKLz5LTFAiBoy6w-pUTSigWXP69NaCOJ7x--CKr0yg05rd7BIWEmAQ%3D%3D", "width": 1280, "tbr": 1505.28, "asr": null, "fps": 30, "language": null, "filesize": null, "container": "webm_dash", "acodec": "none", "url": "https://manifest.googlevideo.com/api/manifest/dash/expire/1613157514/ei/KoAmYJuXM6aA1d8P0qS_wAc/ip/61.230.12.35/id/4dc155ab495e8a2e/source/youtube/requiressl/yes/playback_host/r7---sn-ipoxu-u2x6.googlevideo.com/mh/L0/mm/31%2C29/mn/sn-ipoxu-u2x6%2Csn-un57en7e/ms/au%2Crdu/mv/m/mvi/7/pl/21/tx/9430863/txs/9417361%2C9417362%2C9430863/hfr/all/as/fmp4_audio_clear%2Cwebm_audio_clear%2Cwebm2_audio_clear%2Cfmp4_sd_hd_clear%2Cwebm2_sd_hd_clear/initcwndbps/891250/vprv/1/mt/1613135564/fvip/1/keepalive/yes/itag/0/sparams/expire%2Cei%2Cip%2Cid%2Csource%2Crequiressl%2Ctx%2Ctxs%2Chfr%2Cas%2Cvprv%2Citag/sig/AOq0QJ8wRQIgOdrZslBW7BNPgXidE5Zg7muFDh2NFJd0QtrAOh28nyICIQD2PxC9nVgysCn_B-4x9R0e9aLPDDOhHENM-GZnaxsEJg%3D%3D/lsparams/playback_host%2Cmh%2Cmm%2Cmn%2Cms%2Cmv%2Cmvi%2Cpl%2Cinitcwndbps/lsig/AG3C_xAwRQIhAK7d7BOy3QhQISOLUiBlwlTwZKzLrf83rcZOcKLz5LTFAiBoy6w-pUTSigWXP69NaCOJ7x--CKr0yg05rd7BIWEmAQ%3D%3D", "fragment_base_url": "https://r7---sn-ipoxu-u2x6.googlevideo.com/videoplayback/expire/1613157514/ei/KoAmYJuXM6aA1d8P0qS_wAc/ip/61.230.12.35/id/4dc155ab495e8a2e/itag/247/source/yt_otf/requiressl/yes/mh/L0/mm/31,29/mn/sn-ipoxu-u2x6,sn-un57en7e/ms/au,rdu/mv/m/mvi/7/pl/21/initcwndbps/891250/vprv/1/ratebypass/yes/mime/video%2Fwebm/otfp/1/otf/1/lmt/1606930216268536/mt/1613135564/fvip/1/keepalive/yes/sparams/expire,ei,ip,id,itag,source,requiressl,vprv,ratebypass,mime,otfp,otf,lmt/sig/AOq0QJ8wRQIgOha-uvuAEm0UGr802i-ie1V1cA8XsPmeSDB0tdWSZLYCIQDcRp-KEcJPoRZEq4Zr0SpwubRC7y_m6QeLGo5OPp25tA%3D%3D/lsparams/mh,mm,mn,ms,mv,mvi,pl,initcwndbps/lsig/AG3C_xAwRAIgH88AuNos6Ma8IJIK8Eo5708N5Yqn1IgnoSR3kCeBaiICIB2xby0XLEPOWnD4UQZ3SKnIzBGGFD559OqWlpEqghhT/", "fragments": [{"path": "sq/0"}, {"path": "sq/1/dur/5.072", "duration": 5.072}, {"path": "sq/2/dur/5.071", "duration": 5.071}, {"path": "sq/3/dur/5.072", "duration": 5.072}, {"path": "sq/4/dur/5.072", "duration": 5.072}, {"path": "sq/5/dur/5.072", "duration": 5.072}, {"path": "sq/6/dur/5.071", "duration": 5.071}, {"path": "sq/7/dur/5.072", "duration": 5.072}, {"path": "sq/8/dur/5.072", "duration": 5.072}, {"path": "sq/9/dur/5.072", "duration": 5.072}, {"path": "sq/10/dur/5.071", "duration": 5.071}, {"path": "sq/11/dur/5.072", "duration": 5.072}, {"path": "sq/12/dur/5.072", "duration": 5.072}, {"path": "sq/13/dur/5.072", "duration": 5.072}, {"path": "sq/14/dur/5.071", "duration": 5.071}, {"path": "sq/15/dur/5.072", "duration": 5.072}, {"path": "sq/16/dur/5.072", "duration": 5.072}, {"path": "sq/17/dur/5.071", "duration": 5.071}, {"path": "sq/18/dur/5.072", "duration": 5.072}, {"path": "sq/19/dur/5.072", "duration": 5.072}, {"path": "sq/20/dur/5.072", "duration": 5.072}, {"path": "sq/21/dur/5.071", "duration": 5.071}, {"path": "sq/22/dur/5.072", "duration": 5.072}, {"path": "sq/23/dur/5.072", "duration": 5.072}, {"path": "sq/24/dur/5.072", "duration": 5.072}, {"path": "sq/25/dur/5.071", "duration": 5.071}, {"path": "sq/26/dur/1.835", "duration": 1.835}], "protocol": "http_dash_segments", "format": "247 - 1280x720 (DASH video)", "http_headers": {"User-Agent": "Mozilla/5.0 (Windows NT 10.0; Win64; x64) AppleWebKit/537.36 (KHTML, like Gecko) Chrome/74.0.3729.96 Safari/537.36", "Accept-Charset": "ISO-8859-1,utf-8;q=0.7,*;q=0.7", "Accept": "text/html,application/xhtml+xml,application/xml;q=0.9,*/*;q=0.8", "Accept-Encoding": "gzip, deflate", "Accept-Language": "en-us,en;q=0.5"}}, {"ext": "mp4", "height": 720, "format_note": "DASH video", "vcodec": "avc1.4d400b", "format_id": "136", "manifest_url": "https://manifest.googlevideo.com/api/manifest/dash/expire/1613157514/ei/KoAmYJuXM6aA1d8P0qS_wAc/ip/61.230.12.35/id/4dc155ab495e8a2e/source/youtube/requiressl/yes/playback_host/r7---sn-ipoxu-u2x6.googlevideo.com/mh/L0/mm/31%2C29/mn/sn-ipoxu-u2x6%2Csn-un57en7e/ms/au%2Crdu/mv/m/mvi/7/pl/21/tx/9430863/txs/9417361%2C9417362%2C9430863/hfr/all/as/fmp4_audio_clear%2Cwebm_audio_clear%2Cwebm2_audio_clear%2Cfmp4_sd_hd_clear%2Cwebm2_sd_hd_clear/initcwndbps/891250/vprv/1/mt/1613135564/fvip/1/keepalive/yes/itag/0/sparams/expire%2Cei%2Cip%2Cid%2Csource%2Crequiressl%2Ctx%2Ctxs%2Chfr%2Cas%2Cvprv%2Citag/sig/AOq0QJ8wRQIgOdrZslBW7BNPgXidE5Zg7muFDh2NFJd0QtrAOh28nyICIQD2PxC9nVgysCn_B-4x9R0e9aLPDDOhHENM-GZnaxsEJg%3D%3D/lsparams/playback_host%2Cmh%2Cmm%2Cmn%2Cms%2Cmv%2Cmvi%2Cpl%2Cinitcwndbps/lsig/AG3C_xAwRQIhAK7d7BOy3QhQISOLUiBlwlTwZKzLrf83rcZOcKLz5LTFAiBoy6w-pUTSigWXP69NaCOJ7x--CKr0yg05rd7BIWEmAQ%3D%3D", "width": 1280, "tbr": 2310.0, "asr": null, "fps": 30, "language": null, "filesize": null, "container": "mp4_dash", "acodec": "none", "url": "https://manifest.googlevideo.com/api/manifest/dash/expire/1613157514/ei/KoAmYJuXM6aA1d8P0qS_wAc/ip/61.230.12.35/id/4dc155ab495e8a2e/source/youtube/requiressl/yes/playback_host/r7---sn-ipoxu-u2x6.googlevideo.com/mh/L0/mm/31%2C29/mn/sn-ipoxu-u2x6%2Csn-un57en7e/ms/au%2Crdu/mv/m/mvi/7/pl/21/tx/9430863/txs/9417361%2C9417362%2C9430863/hfr/all/as/fmp4_audio_clear%2Cwebm_audio_clear%2Cwebm2_audio_clear%2Cfmp4_sd_hd_clear%2Cwebm2_sd_hd_clear/initcwndbps/891250/vprv/1/mt/1613135564/fvip/1/keepalive/yes/itag/0/sparams/expire%2Cei%2Cip%2Cid%2Csource%2Crequiressl%2Ctx%2Ctxs%2Chfr%2Cas%2Cvprv%2Citag/sig/AOq0QJ8wRQIgOdrZslBW7BNPgXidE5Zg7muFDh2NFJd0QtrAOh28nyICIQD2PxC9nVgysCn_B-4x9R0e9aLPDDOhHENM-GZnaxsEJg%3D%3D/lsparams/playback_host%2Cmh%2Cmm%2Cmn%2Cms%2Cmv%2Cmvi%2Cpl%2Cinitcwndbps/lsig/AG3C_xAwRQIhAK7d7BOy3QhQISOLUiBlwlTwZKzLrf83rcZOcKLz5LTFAiBoy6w-pUTSigWXP69NaCOJ7x--CKr0yg05rd7BIWEmAQ%3D%3D", "fragment_base_url": "https://r7---sn-ipoxu-u2x6.googlevideo.com/videoplayback/expire/1613157514/ei/KoAmYJuXM6aA1d8P0qS_wAc/ip/61.230.12.35/id/4dc155ab495e8a2e/itag/136/source/yt_otf/requiressl/yes/mh/L0/mm/31,29/mn/sn-ipoxu-u2x6,sn-un57en7e/ms/au,rdu/mv/m/mvi/7/pl/21/initcwndbps/891250/vprv/1/ratebypass/yes/mime/video%2Fmp4/otfp/1/otf/1/lmt/1606930216268536/mt/1613135564/fvip/1/keepalive/yes/sparams/expire,ei,ip,id,itag,source,requiressl,vprv,ratebypass,mime,otfp,otf,lmt/sig/AOq0QJ8wRAIgGZxC9-UOCGcY3tcMgXiCWt6CCY4NcUERa7lB8O6hb84CIFXTRjJClLmZGBhtAIq3s5fagwBD2l3UM3Ic5vMPU_Kn/lsparams/mh,mm,mn,ms,mv,mvi,pl,initcwndbps/lsig/AG3C_xAwRAIgH9jC-zjB9VP3-5DKGykxELaGu3uiEnvTGBXEd0JinWYCIB9SbD5Ap2hxDTW42ZNamZzrcXfBe93xkIWSYD6KQmqz/", "fragments": [{"path": "sq/0"}, {"path": "sq/1/dur/5.072", "duration": 5.072}, {"path": "sq/2/dur/5.071", "duration": 5.071}, {"path": "sq/3/dur/5.072", "duration": 5.072}, {"path": "sq/4/dur/5.072", "duration": 5.072}, {"path": "sq/5/dur/5.072", "duration": 5.072}, {"path": "sq/6/dur/5.071", "duration": 5.071}, {"path": "sq/7/dur/5.072", "duration": 5.072}, {"path": "sq/8/dur/5.072", "duration": 5.072}, {"path": "sq/9/dur/5.072", "duration": 5.072}, {"path": "sq/10/dur/5.071", "duration": 5.071}, {"path": "sq/11/dur/5.072", "duration": 5.072}, {"path": "sq/12/dur/5.072", "duration": 5.072}, {"path": "sq/13/dur/5.072", "duration": 5.072}, {"path": "sq/14/dur/5.071", "duration": 5.071}, {"path": "sq/15/dur/5.072", "duration": 5.072}, {"path": "sq/16/dur/5.072", "duration": 5.072}, {"path": "sq/17/dur/5.071", "duration": 5.071}, {"path": "sq/18/dur/5.072", "duration": 5.072}, {"path": "sq/19/dur/5.072", "duration": 5.072}, {"path": "sq/20/dur/5.072", "duration": 5.072}, {"path": "sq/21/dur/5.071", "duration": 5.071}, {"path": "sq/22/dur/5.072", "duration": 5.072}, {"path": "sq/23/dur/5.072", "duration": 5.072}, {"path": "sq/24/dur/5.072", "duration": 5.072}, {"path": "sq/25/dur/5.071", "duration": 5.071}, {"path": "sq/26/dur/1.835", "duration": 1.835}], "protocol": "http_dash_segments", "format": "136 - 1280x720 (DASH video)", "http_headers": {"User-Agent": "Mozilla/5.0 (Windows NT 10.0; Win64; x64) AppleWebKit/537.36 (KHTML, like Gecko) Chrome/74.0.3729.96 Safari/537.36", "Accept-Charset": "ISO-8859-1,utf-8;q=0.7,*;q=0.7", "Accept": "text/html,application/xhtml+xml,application/xml;q=0.9,*/*;q=0.8", "Accept-Encoding": "gzip, deflate", "Accept-Language": "en-us,en;q=0.5"}}, {"ext": "webm", "height": 720, "format_note": "DASH video", "vcodec": "vp9", "fps": 60, "format_id": "302", "manifest_url": "https://manifest.googlevideo.com/api/manifest/dash/expire/1613157514/ei/KoAmYJuXM6aA1d8P0qS_wAc/ip/61.230.12.35/id/4dc155ab495e8a2e/source/youtube/requiressl/yes/playback_host/r7---sn-ipoxu-u2x6.googlevideo.com/mh/L0/mm/31%2C29/mn/sn-ipoxu-u2x6%2Csn-un57en7e/ms/au%2Crdu/mv/m/mvi/7/pl/21/tx/9430863/txs/9417361%2C9417362%2C9430863/hfr/all/as/fmp4_audio_clear%2Cwebm_audio_clear%2Cwebm2_audio_clear%2Cfmp4_sd_hd_clear%2Cwebm2_sd_hd_clear/initcwndbps/891250/vprv/1/mt/1613135564/fvip/1/keepalive/yes/itag/0/sparams/expire%2Cei%2Cip%2Cid%2Csource%2Crequiressl%2Ctx%2Ctxs%2Chfr%2Cas%2Cvprv%2Citag/sig/AOq0QJ8wRQIgOdrZslBW7BNPgXidE5Zg7muFDh2NFJd0QtrAOh28nyICIQD2PxC9nVgysCn_B-4x9R0e9aLPDDOhHENM-GZnaxsEJg%3D%3D/lsparams/playback_host%2Cmh%2Cmm%2Cmn%2Cms%2Cmv%2Cmvi%2Cpl%2Cinitcwndbps/lsig/AG3C_xAwRQIhAK7d7BOy3QhQISOLUiBlwlTwZKzLrf83rcZOcKLz5LTFAiBoy6w-pUTSigWXP69NaCOJ7x--CKr0yg05rd7BIWEmAQ%3D%3D", "width": 1280, "tbr": 2646.0, "asr": null, "language": null, "filesize": null, "container": "webm_dash", "acodec": "none", "url": "https://manifest.googlevideo.com/api/manifest/dash/expire/1613157514/ei/KoAmYJuXM6aA1d8P0qS_wAc/ip/61.230.12.35/id/4dc155ab495e8a2e/source/youtube/requiressl/yes/playback_host/r7---sn-ipoxu-u2x6.googlevideo.com/mh/L0/mm/31%2C29/mn/sn-ipoxu-u2x6%2Csn-un57en7e/ms/au%2Crdu/mv/m/mvi/7/pl/21/tx/9430863/txs/9417361%2C9417362%2C9430863/hfr/all/as/fmp4_audio_clear%2Cwebm_audio_clear%2Cwebm2_audio_clear%2Cfmp4_sd_hd_clear%2Cwebm2_sd_hd_clear/initcwndbps/891250/vprv/1/mt/1613135564/fvip/1/keepalive/yes/itag/0/sparams/expire%2Cei%2Cip%2Cid%2Csource%2Crequiressl%2Ctx%2Ctxs%2Chfr%2Cas%2Cvprv%2Citag/sig/AOq0QJ8wRQIgOdrZslBW7BNPgXidE5Zg7muFDh2NFJd0QtrAOh28nyICIQD2PxC9nVgysCn_B-4x9R0e9aLPDDOhHENM-GZnaxsEJg%3D%3D/lsparams/playback_host%2Cmh%2Cmm%2Cmn%2Cms%2Cmv%2Cmvi%2Cpl%2Cinitcwndbps/lsig/AG3C_xAwRQIhAK7d7BOy3QhQISOLUiBlwlTwZKzLrf83rcZOcKLz5LTFAiBoy6w-pUTSigWXP69NaCOJ7x--CKr0yg05rd7BIWEmAQ%3D%3D", "fragment_base_url": "https://r7---sn-ipoxu-u2x6.googlevideo.com/videoplayback/expire/1613157514/ei/KoAmYJuXM6aA1d8P0qS_wAc/ip/61.230.12.35/id/4dc155ab495e8a2e/itag/302/source/yt_otf/requiressl/yes/mh/L0/mm/31,29/mn/sn-ipoxu-u2x6,sn-un57en7e/ms/au,rdu/mv/m/mvi/7/pl/21/initcwndbps/891250/vprv/1/ratebypass/yes/mime/video%2Fwebm/otfp/1/otf/1/lmt/1606930216268536/mt/1613135564/fvip/1/keepalive/yes/sparams/expire,ei,ip,id,itag,source,requiressl,vprv,ratebypass,mime,otfp,otf,lmt/sig/AOq0QJ8wRgIhAJncasxNvqNOUP0gZfdlOtVniZ5eXSbTnlmOpb0Z6jwTAiEAo3Tx8eUR4Rtu_E1oz-htYVCUoix3P80EP0rEa0q6PRU%3D/lsparams/mh,mm,mn,ms,mv,mvi,pl,initcwndbps/lsig/AG3C_xAwRQIgdnRIn5mjK_-b5EWjfCsey3wNzOYZjR_Gw6VNlKRNOlECIQCGdlmjGIbHkAbTeYQoBFnadv-ZvQuFwC2Ib0UKl7Eoag%3D%3D/", "fragments": [{"path": "sq/0"}, {"path": "sq/1/dur/5.072", "duration": 5.072}, {"path": "sq/2/dur/5.071", "duration": 5.071}, {"path": "sq/3/dur/5.072", "duration": 5.072}, {"path": "sq/4/dur/5.072", "duration": 5.072}, {"path": "sq/5/dur/5.072", "duration": 5.072}, {"path": "sq/6/dur/5.071", "duration": 5.071}, {"path": "sq/7/dur/5.072", "duration": 5.072}, {"path": "sq/8/dur/5.072", "duration": 5.072}, {"path": "sq/9/dur/5.072", "duration": 5.072}, {"path": "sq/10/dur/5.071", "duration": 5.071}, {"path": "sq/11/dur/5.072", "duration": 5.072}, {"path": "sq/12/dur/5.072", "duration": 5.072}, {"path": "sq/13/dur/5.072", "duration": 5.072}, {"path": "sq/14/dur/5.071", "duration": 5.071}, {"path": "sq/15/dur/5.072", "duration": 5.072}, {"path": "sq/16/dur/5.072", "duration": 5.072}, {"path": "sq/17/dur/5.071", "duration": 5.071}, {"path": "sq/18/dur/5.072", "duration": 5.072}, {"path": "sq/19/dur/5.072", "duration": 5.072}, {"path": "sq/20/dur/5.072", "duration": 5.072}, {"path": "sq/21/dur/5.071", "duration": 5.071}, {"path": "sq/22/dur/5.072", "duration": 5.072}, {"path": "sq/23/dur/5.072", "duration": 5.072}, {"path": "sq/24/dur/5.072", "duration": 5.072}, {"path": "sq/25/dur/5.071", "duration": 5.071}, {"path": "sq/26/dur/1.835", "duration": 1.835}], "protocol": "http_dash_segments", "format": "302 - 1280x720 (DASH video)", "http_headers": {"User-Agent": "Mozilla/5.0 (Windows NT 10.0; Win64; x64) AppleWebKit/537.36 (KHTML, like Gecko) Chrome/74.0.3729.96 Safari/537.36", "Accept-Charset": "ISO-8859-1,utf-8;q=0.7,*;q=0.7", "Accept": "text/html,application/xhtml+xml,application/xml;q=0.9,*/*;q=0.8", "Accept-Encoding": "gzip, deflate", "Accept-Language": "en-us,en;q=0.5"}}, {"format_id": "18", "url": "https://r7---sn-ipoxu-u2x6.googlevideo.com/videoplayback?expire=1613157514&ei=KoAmYJuXM6aA1d8P0qS_wAc&ip=61.230.12.35&id=o-ALRjUZuI3M7tFToop9xwXoWz7af2aLIGHIIJIinFwpJB&itag=18&source=youtube&requiressl=yes&mh=L0&mm=31%2C29&mn=sn-ipoxu-u2x6%2Csn-un57en7e&ms=au%2Crdu&mv=m&mvi=7&pl=21&initcwndbps=891250&vprv=1&mime=video%2Fmp4&ns=Su5WnVqGstneUUzCiu4WrDoF&gir=yes&clen=5281581&ratebypass=yes&dur=128.684&lmt=1606930219089641&mt=1613135564&fvip=1&c=WEB&txp=6210222&n=mF38ugTcsyWxMzNo4i&sparams=expire%2Cei%2Cip%2Cid%2Citag%2Csource%2Crequiressl%2Cvprv%2Cmime%2Cns%2Cgir%2Cclen%2Cratebypass%2Cdur%2Clmt&sig=AOq0QJ8wRQIhAJ9-LKPpe8x68y8JDS7kyySTqWrTVWkb4jQIVeikgkblAiB5H6Lo6lq8urJXA4CGl87TZnxWEEoGF6vAIw5WiC-6Vw%3D%3D&lsparams=mh%2Cmm%2Cmn%2Cms%2Cmv%2Cmvi%2Cpl%2Cinitcwndbps&lsig=AG3C_xAwRQIgL3jjMuDWZSGXzlT88sshzKhjqaC-LvtO7DfoTZHmbnECIQDyABIpSlEV8QNIJTkg5UD52Fu9QeEq-GMkk3gFH-6QUA%3D%3D", "player_url": null, "ext": "mp4", "width": 640, "height": 360, "acodec": "mp4a.40.2", "abr": 96, "vcodec": "avc1.42001E", "asr": 44100, "filesize": 5281581, "format_note": "360p", "fps": 30, "tbr": 328.487, "format": "18 - 640x360 (360p)", "protocol": "https", "http_headers": {"User-Agent": "Mozilla/5.0 (Windows NT 10.0; Win64; x64) AppleWebKit/537.36 (KHTML, like Gecko) Chrome/74.0.3729.96 Safari/537.36", "Accept-Charset": "ISO-8859-1,utf-8;q=0.7,*;q=0.7", "Accept": "text/html,application/xhtml+xml,application/xml;q=0.9,*/*;q=0.8", "Accept-Encoding": "gzip, deflate", "Accept-Language": "en-us,en;q=0.5"}}], "is_live": null, "start_time": null, "end_time": null, "series": null, "season_number": null, "episode_number": null, "track": null, "artist": null, "album": null, "release_date": null, "release_year": null, "extractor": "youtube", "webpage_url_basename": "watch", "extractor_key": "Youtube", "playlist": null, "playlist_index": null, "thumbnail": "https://i.ytimg.com/vi_webp/TcFVq0leii4/maxresdefault.webp", "display_id": "TcFVq0leii4", "requested_subtitles": null, "ext": "webm", "format_note": "DASH audio", "acodec": "opus", "abr": 160, "format_id": "251", "manifest_url": "https://manifest.googlevideo.com/api/manifest/dash/expire/1613157514/ei/KoAmYJuXM6aA1d8P0qS_wAc/ip/61.230.12.35/id/4dc155ab495e8a2e/source/youtube/requiressl/yes/playback_host/r7---sn-ipoxu-u2x6.googlevideo.com/mh/L0/mm/31%2C29/mn/sn-ipoxu-u2x6%2Csn-un57en7e/ms/au%2Crdu/mv/m/mvi/7/pl/21/tx/9430863/txs/9417361%2C9417362%2C9430863/hfr/all/as/fmp4_audio_clear%2Cwebm_audio_clear%2Cwebm2_audio_clear%2Cfmp4_sd_hd_clear%2Cwebm2_sd_hd_clear/initcwndbps/891250/vprv/1/mt/1613135564/fvip/1/keepalive/yes/itag/0/sparams/expire%2Cei%2Cip%2Cid%2Csource%2Crequiressl%2Ctx%2Ctxs%2Chfr%2Cas%2Cvprv%2Citag/sig/AOq0QJ8wRQIgOdrZslBW7BNPgXidE5Zg7muFDh2NFJd0QtrAOh28nyICIQD2PxC9nVgysCn_B-4x9R0e9aLPDDOhHENM-GZnaxsEJg%3D%3D/lsparams/playback_host%2Cmh%2Cmm%2Cmn%2Cms%2Cmv%2Cmvi%2Cpl%2Cinitcwndbps/lsig/AG3C_xAwRQIhAK7d7BOy3QhQISOLUiBlwlTwZKzLrf83rcZOcKLz5LTFAiBoy6w-pUTSigWXP69NaCOJ7x--CKr0yg05rd7BIWEmAQ%3D%3D", "width": null, "height": null, "tbr": 161.252, "asr": 48000, "fps": null, "language": null, "filesize": null, "container": "webm_dash", "vcodec": "none", "url": "https://manifest.googlevideo.com/api/manifest/dash/expire/1613157514/ei/KoAmYJuXM6aA1d8P0qS_wAc/ip/61.230.12.35/id/4dc155ab495e8a2e/source/youtube/requiressl/yes/playback_host/r7---sn-ipoxu-u2x6.googlevideo.com/mh/L0/mm/31%2C29/mn/sn-ipoxu-u2x6%2Csn-un57en7e/ms/au%2Crdu/mv/m/mvi/7/pl/21/tx/9430863/txs/9417361%2C9417362%2C9430863/hfr/all/as/fmp4_audio_clear%2Cwebm_audio_clear%2Cwebm2_audio_clear%2Cfmp4_sd_hd_clear%2Cwebm2_sd_hd_clear/initcwndbps/891250/vprv/1/mt/1613135564/fvip/1/keepalive/yes/itag/0/sparams/expire%2Cei%2Cip%2Cid%2Csource%2Crequiressl%2Ctx%2Ctxs%2Chfr%2Cas%2Cvprv%2Citag/sig/AOq0QJ8wRQIgOdrZslBW7BNPgXidE5Zg7muFDh2NFJd0QtrAOh28nyICIQD2PxC9nVgysCn_B-4x9R0e9aLPDDOhHENM-GZnaxsEJg%3D%3D/lsparams/playback_host%2Cmh%2Cmm%2Cmn%2Cms%2Cmv%2Cmvi%2Cpl%2Cinitcwndbps/lsig/AG3C_xAwRQIhAK7d7BOy3QhQISOLUiBlwlTwZKzLrf83rcZOcKLz5LTFAiBoy6w-pUTSigWXP69NaCOJ7x--CKr0yg05rd7BIWEmAQ%3D%3D", "fragment_base_url": "https://r7---sn-ipoxu-u2x6.googlevideo.com/videoplayback/expire/1613157514/ei/KoAmYJuXM6aA1d8P0qS_wAc/ip/61.230.12.35/id/4dc155ab495e8a2e/itag/251/source/youtube/requiressl/yes/mh/L0/mm/31,29/mn/sn-ipoxu-u2x6,sn-un57en7e/ms/au,rdu/mv/m/mvi/7/pl/21/initcwndbps/891250/vprv/1/ratebypass/yes/mime/audio%2Fwebm/otfp/1/gir/yes/clen/2450342/lmt/1606930206153144/dur/128.661/mt/1613135564/fvip/1/keepalive/yes/sparams/expire,ei,ip,id,itag,source,requiressl,vprv,ratebypass,mime,otfp,gir,clen,lmt,dur/sig/AOq0QJ8wRgIhAPJ0wIcJ86hHwh8mWZl_x3BTWSYuEFwGx1GQBcfQzSu8AiEAiqr9HU86i_-I9NeR2keQuN_E8-UR0-IqIhVQFMA5Szc%3D/lsparams/mh,mm,mn,ms,mv,mvi,pl,initcwndbps/lsig/AG3C_xAwRQIgJ3GFVCa_W1EMo0o6Itu5_srkis9xRpDfG2KfjLx2AMMCIQCz7I4MQP9XcozHvGgz9gW26DAFDe40qWDJger_26csNA%3D%3D/", "fragments": [{"path": "range/0-258"}, {"path": "range/477-162590", "duration": 10.001}, {"path": "range/162591-364155", "duration": 10.0}, {"path": "range/364156-562930", "duration": 10.0}, {"path": "range/562931-764451", "duration": 10.0}, {"path": "range/764452-957791", "duration": 10.0}, {"path": "range/957792-1148866", "duration": 10.0}, {"path": "range/1148867-1334699", "duration": 10.0}, {"path": "range/1334700-1523047", "duration": 10.0}, {"path": "range/1523048-1716589", "duration": 10.0}, {"path": "range/1716590-1907985", "duration": 10.0}, {"path": "range/1907986-2099873", "duration": 10.0}, {"path": "range/2099874-2289907", "duration": 10.0}, {"path": "range/2289908-2450341", "duration": 8.66}], "protocol": "http_dash_segments", "format": "251 - audio only (DASH audio)", "http_headers": {"User-Agent": "Mozilla/5.0 (Windows NT 10.0; Win64; x64) AppleWebKit/537.36 (KHTML, like Gecko) Chrome/74.0.3729.96 Safari/537.36", "Accept-Charset": "ISO-8859-1,utf-8;q=0.7,*;q=0.7", "Accept": "text/html,application/xhtml+xml,application/xml;q=0.9,*/*;q=0.8", "Accept-Encoding": "gzip, deflate", "Accept-Language": "en-us,en;q=0.5"}}