{"id": "x5dmuoTR0lg", "uploader": "DooPiano", "uploader_id": "UCNoN7dpdAlglcQWUn2pFjDA", "uploader_url": "http://www.youtube.com/channel/UCNoN7dpdAlglcQWUn2pFjDA", "channel_id": "UCNoN7dpdAlglcQWUn2pFjDA", "channel_url": "http://www.youtube.com/channel/UCNoN7dpdAlglcQWUn2pFjDA", "upload_date": "20191224", "license": null, "creator": null, "title": "\ub808\ub4dc\ubca8\ubcb3 (Red Velvet) - Psycho Piano Cover", "alt_title": null, "thumbnails": [{"url": "https://i.ytimg.com/vi/x5dmuoTR0lg/hqdefault.jpg?sqp=-oaymwEYCKgBEF5IVfKriqkDCwgBFQAAiEIYAXAB&rs=AOn4CLDM9IeFB_grhuy13KenuTpC-tLRug", "width": 168, "height": 94, "resolution": "168x94", "id": "0"}, {"url": "https://i.ytimg.com/vi/x5dmuoTR0lg/hqdefault.jpg?sqp=-oaymwEYCMQBEG5IVfKriqkDCwgBFQAAiEIYAXAB&rs=AOn4CLAdAXRD9xkKGRsYUVq2QuuMIdUc5w", "width": 196, "height": 110, "resolution": "196x110", "id": "1"}, {"url": "https://i.ytimg.com/vi/x5dmuoTR0lg/hqdefault.jpg?sqp=-oaymwEZCPYBEIoBSFXyq4qpAwsIARUAAIhCGAFwAQ==&rs=AOn4CLB1sO8b1TCvKlYrpPJbWe1uULREEg", "width": 246, "height": 138, "resolution": "246x138", "id": "2"}, {"url": "https://i.ytimg.com/vi/x5dmuoTR0lg/hqdefault.jpg?sqp=-oaymwEZCNACELwBSFXyq4qpAwsIARUAAIhCGAFwAQ==&rs=AOn4CLDJ-hPR0Pr8ofxGhSTYfEJBtxzCmw", "width": 336, "height": 188, "resolution": "336x188", "id": "3"}, {"url": "https://i.ytimg.com/vi_webp/x5dmuoTR0lg/maxresdefault.webp", "width": 1920, "height": 1080, "resolution": "1920x1080", "id": "4"}], "description": "\ub808\ub4dc\ubca8\ubcb3 'Psycho' \ud53c\uc544\ub178 \ucee4\ubc84\uc785\ub2c8\ub2e4.\n\uac1c\uc778\uc801\uc73c\ub85c \ubc30\ub4dc\ubcf4\uc774\ub098 \ud53c\uce74\ubd80\uac19\uc740 \ubca8\ubcb3\ucabd \uace1\ub4e4\uc744 \ub354 \uc88b\uc544\ud558\ub294 \ud3b8\uc778\ub370 \uc624\ub79c\ub9cc\uc758 \ubca8\ubcb3 \ud0c0\uc774\ud2c0\uace1\uc774\ub77c\ub2c8 \ub108\ubb34 \ud589\ubcf5\ud569\ub2c8\ub2e4 \u314e\u314e\n\uc990\uac81\uac8c \uac10\uc0c1\ud558\uc138\uc694!\n\nPiano cover of 'Psycho' Red Velvet.\nHope you enjoy!\n\n\u266a \ud53c\uc544\ub178 \uc545\ubcf4: https://doopiano.com/sheetmusic/psycho\n\u266a Sheet Music: https://doopiano.com/en/sheetmusic/psycho\n\nPsycho MV:\nhttps://youtu.be/uR8Mrt1IpXg\n\nWebsite:\nhttps://doopiano.com", "categories": ["Music"], "tags": ["\ub808\ub4dc\ubca8\ubcb3", "psycho", "red velvet", "\uc2f8\uc774\ucf54", "psycho piano", "\ud53c\uc544\ub178"], "subtitles": {}, "automatic_captions": {}, "duration": 232, "age_limit": 0, "annotations": null, "chapters": null, "webpage_url": "https://www.youtube.com/watch?v=x5dmuoTR0lg", "view_count": 1156599, "like_count": 44361, "dislike_count": 127, "average_rating": 4.9885812, "formats": [{"format_id": "249", "url": "https://r2---sn-5njj-u2xe.googlevideo.com/videoplayback?expire=1611763674&ei=ejsRYOj-BdaDs8IP3cKLgA8&ip=140.109.135.76&id=o-AKqR6A-KAGA3_sXfxHDZDVtqq8Np1WkR0raI8zd0IFsD&itag=249&source=youtube&requiressl=yes&mh=jg&mm=31%2C29&mn=sn-5njj-u2xe%2Csn-un57sn7s&ms=au%2Crdu&mv=m&mvi=2&pl=16&initcwndbps=478750&vprv=1&mime=audio%2Fwebm&ns=hPgNI2F7gjA1u3a83WPAaSgF&gir=yes&clen=1721066&dur=231.901&lmt=1591145434561834&mt=1611741877&fvip=2&keepalive=yes&c=WEB&txp=5511222&n=d5C5mzJQ2Ht76MSsR25X&sparams=expire%2Cei%2Cip%2Cid%2Citag%2Csource%2Crequiressl%2Cvprv%2Cmime%2Cns%2Cgir%2Cclen%2Cdur%2Clmt&lsparams=mh%2Cmm%2Cmn%2Cms%2Cmv%2Cmvi%2Cpl%2Cinitcwndbps&lsig=AG3C_xAwRgIhAJpYFxIYoaIAflfJQEybgCn4AtySxKDWj8MNbfDwl3TGAiEAmOjTQF0GzFwiPqyLidb5yfj1b6NAUV-KQQF90-SsZ5o%3D&sig=AOq0QJ8wRgIhANmt-ibFlci7KbJp3rxsG39zHW-aBYR6bd91ZxSeL-H_AiEAyp8ZrsL9__ma0DsAlWnBajuWre8aRW5iGwn7Ptxc2uY=&ratebypass=yes", "player_url": "/s/player/c6df6ed7/player_ias.vflset/en_US/base.js", "ext": "webm", "format_note": "tiny", "acodec": "opus", "abr": 50, "asr": 48000, "filesize": 1721066, "fps": null, "height": null, "tbr": 64.973, "width": null, "vcodec": "none", "downloader_options": {"http_chunk_size": 10485760}, "format": "249 - audio only (tiny)", "protocol": "https", "http_headers": {"User-Agent": "Mozilla/5.0 (Windows NT 10.0; Win64; x64) AppleWebKit/537.36 (KHTML, like Gecko) Chrome/72.0.3626.85 Safari/537.36", "Accept-Charset": "ISO-8859-1,utf-8;q=0.7,*;q=0.7", "Accept": "text/html,application/xhtml+xml,application/xml;q=0.9,*/*;q=0.8", "Accept-Encoding": "gzip, deflate", "Accept-Language": "en-us,en;q=0.5"}}, {"format_id": "250", "url": "https://r2---sn-5njj-u2xe.googlevideo.com/videoplayback?expire=1611763674&ei=ejsRYOj-BdaDs8IP3cKLgA8&ip=140.109.135.76&id=o-AKqR6A-KAGA3_sXfxHDZDVtqq8Np1WkR0raI8zd0IFsD&itag=250&source=youtube&requiressl=yes&mh=jg&mm=31%2C29&mn=sn-5njj-u2xe%2Csn-un57sn7s&ms=au%2Crdu&mv=m&mvi=2&pl=16&initcwndbps=478750&vprv=1&mime=audio%2Fwebm&ns=hPgNI2F7gjA1u3a83WPAaSgF&gir=yes&clen=2249557&dur=231.901&lmt=1591145412033478&mt=1611741877&fvip=2&keepalive=yes&c=WEB&txp=5511222&n=d5C5mzJQ2Ht76MSsR25X&sparams=expire%2Cei%2Cip%2Cid%2Citag%2Csource%2Crequiressl%2Cvprv%2Cmime%2Cns%2Cgir%2Cclen%2Cdur%2Clmt&lsparams=mh%2Cmm%2Cmn%2Cms%2Cmv%2Cmvi%2Cpl%2Cinitcwndbps&lsig=AG3C_xAwRQIhALmKn9qWVpszn7087YlZVifzeOIeHK6gAdrM6UlEu8XlAiBvGw9-qExYTBYe_fCvV0Hwf4UZBlRSk-W1OuLC5Rq6bg%3D%3D&sig=AOq0QJ8wRQIhANBt-MmD_SkDZvYDs_ampNEU4anwEe5SWVh-eCi0zRuVAiApmMgRPkAbmHQS_mjJg2vNHjwsjv36APs-bnrGiaqhCA==&ratebypass=yes", "player_url": "/s/player/c6df6ed7/player_ias.vflset/en_US/base.js", "ext": "webm", "format_note": "tiny", "acodec": "opus", "abr": 70, "asr": 48000, "filesize": 2249557, "fps": null, "height": null, "tbr": 84.416, "width": null, "vcodec": "none", "downloader_options": {"http_chunk_size": 10485760}, "format": "250 - audio only (tiny)", "protocol": "https", "http_headers": {"User-Agent": "Mozilla/5.0 (Windows NT 10.0; Win64; x64) AppleWebKit/537.36 (KHTML, like Gecko) Chrome/72.0.3626.85 Safari/537.36", "Accept-Charset": "ISO-8859-1,utf-8;q=0.7,*;q=0.7", "Accept": "text/html,application/xhtml+xml,application/xml;q=0.9,*/*;q=0.8", "Accept-Encoding": "gzip, deflate", "Accept-Language": "en-us,en;q=0.5"}}, {"format_id": "140", "url": "https://r2---sn-5njj-u2xe.googlevideo.com/videoplayback?expire=1611763674&ei=ejsRYOj-BdaDs8IP3cKLgA8&ip=140.109.135.76&id=o-AKqR6A-KAGA3_sXfxHDZDVtqq8Np1WkR0raI8zd0IFsD&itag=140&source=youtube&requiressl=yes&mh=jg&mm=31%2C29&mn=sn-5njj-u2xe%2Csn-un57sn7s&ms=au%2Crdu&mv=m&mvi=2&pl=16&initcwndbps=478750&vprv=1&mime=audio%2Fmp4&ns=hPgNI2F7gjA1u3a83WPAaSgF&gir=yes&clen=3754134&dur=231.920&lmt=1577535720250551&mt=1611741877&fvip=2&keepalive=yes&c=WEB&txp=5531432&n=d5C5mzJQ2Ht76MSsR25X&sparams=expire%2Cei%2Cip%2Cid%2Citag%2Csource%2Crequiressl%2Cvprv%2Cmime%2Cns%2Cgir%2Cclen%2Cdur%2Clmt&lsparams=mh%2Cmm%2Cmn%2Cms%2Cmv%2Cmvi%2Cpl%2Cinitcwndbps&lsig=AG3C_xAwRQIgLilRypI3JcrK5Wm8fBcQixTGYXBa1km09XeDPsrsqEkCIQCNiEISOabNtZ8srViuoZmDjFebRqnGJ3_hrL8hMehZ_w%3D%3D&sig=AOq0QJ8wRQIgCyC919sVB1RNUznCEigkZbSe8wzQ36Vxi5RuJqHSKLsCIQDC8tSFyutNeh_1rsNQcUxAQcrl0PD8gvHBYj_2lpT1tw==&ratebypass=yes", "player_url": "/s/player/c6df6ed7/player_ias.vflset/en_US/base.js", "ext": "m4a", "format_note": "tiny", "acodec": "mp4a.40.2", "abr": 128, "container": "m4a_dash", "asr": 44100, "filesize": 3754134, "fps": null, "height": null, "tbr": 130.547, "width": null, "vcodec": "none", "downloader_options": {"http_chunk_size": 10485760}, "format": "140 - audio only (tiny)", "protocol": "https", "http_headers": {"User-Agent": "Mozilla/5.0 (Windows NT 10.0; Win64; x64) AppleWebKit/537.36 (KHTML, like Gecko) Chrome/72.0.3626.85 Safari/537.36", "Accept-Charset": "ISO-8859-1,utf-8;q=0.7,*;q=0.7", "Accept": "text/html,application/xhtml+xml,application/xml;q=0.9,*/*;q=0.8", "Accept-Encoding": "gzip, deflate", "Accept-Language": "en-us,en;q=0.5"}}, {"format_id": "251", "url": "https://r2---sn-5njj-u2xe.googlevideo.com/videoplayback?expire=1611763674&ei=ejsRYOj-BdaDs8IP3cKLgA8&ip=140.109.135.76&id=o-AKqR6A-KAGA3_sXfxHDZDVtqq8Np1WkR0raI8zd0IFsD&itag=251&source=youtube&requiressl=yes&mh=jg&mm=31%2C29&mn=sn-5njj-u2xe%2Csn-un57sn7s&ms=au%2Crdu&mv=m&mvi=2&pl=16&initcwndbps=478750&vprv=1&mime=audio%2Fwebm&ns=hPgNI2F7gjA1u3a83WPAaSgF&gir=yes&clen=4392169&dur=231.901&lmt=1591145414179209&mt=1611741877&fvip=2&keepalive=yes&c=WEB&txp=5511222&n=d5C5mzJQ2Ht76MSsR25X&sparams=expire%2Cei%2Cip%2Cid%2Citag%2Csource%2Crequiressl%2Cvprv%2Cmime%2Cns%2Cgir%2Cclen%2Cdur%2Clmt&lsparams=mh%2Cmm%2Cmn%2Cms%2Cmv%2Cmvi%2Cpl%2Cinitcwndbps&lsig=AG3C_xAwRgIhANuy8gg39L1RcYJtnKdVftlIzWhDUWEp-5Y8vqqMrnJkAiEAgMxGaTh2nxfEgwKWMmdiqiu3gyXJ0Vlvy0H18tf9ONk%3D&sig=AOq0QJ8wRgIhAMmfz5nDVuGjuygn9sdt87P1rJ_20I6kPueL_Sz9EjnrAiEAqJrPNrxYAJBVaKO-SlJEzbikwXJDujff7WQEhHVn534=&ratebypass=yes", "player_url": "/s/player/c6df6ed7/player_ias.vflset/en_US/base.js", "ext": "webm", "format_note": "tiny", "acodec": "opus", "abr": 160, "asr": 48000, "filesize": 4392169, "fps": null, "height": null, "tbr": 160.276, "width": null, "vcodec": "none", "downloader_options": {"http_chunk_size": 10485760}, "format": "251 - audio only (tiny)", "protocol": "https", "http_headers": {"User-Agent": "Mozilla/5.0 (Windows NT 10.0; Win64; x64) AppleWebKit/537.36 (KHTML, like Gecko) Chrome/72.0.3626.85 Safari/537.36", "Accept-Charset": "ISO-8859-1,utf-8;q=0.7,*;q=0.7", "Accept": "text/html,application/xhtml+xml,application/xml;q=0.9,*/*;q=0.8", "Accept-Encoding": "gzip, deflate", "Accept-Language": "en-us,en;q=0.5"}}, {"format_id": "160", "url": "https://r2---sn-5njj-u2xe.googlevideo.com/videoplayback?expire=1611763674&ei=ejsRYOj-BdaDs8IP3cKLgA8&ip=140.109.135.76&id=o-AKqR6A-KAGA3_sXfxHDZDVtqq8Np1WkR0raI8zd0IFsD&itag=160&aitags=133%2C134%2C135%2C136%2C137%2C160%2C242%2C243%2C244%2C247%2C248%2C278%2C394%2C395%2C396%2C397%2C398%2C399&source=youtube&requiressl=yes&mh=jg&mm=31%2C29&mn=sn-5njj-u2xe%2Csn-un57sn7s&ms=au%2Crdu&mv=m&mvi=2&pl=16&initcwndbps=478750&vprv=1&mime=video%2Fmp4&ns=hPgNI2F7gjA1u3a83WPAaSgF&gir=yes&clen=469563&dur=231.866&lmt=1577536297670441&mt=1611741877&fvip=2&keepalive=yes&c=WEB&txp=5535432&n=d5C5mzJQ2Ht76MSsR25X&sparams=expire%2Cei%2Cip%2Cid%2Caitags%2Csource%2Crequiressl%2Cvprv%2Cmime%2Cns%2Cgir%2Cclen%2Cdur%2Clmt&lsparams=mh%2Cmm%2Cmn%2Cms%2Cmv%2Cmvi%2Cpl%2Cinitcwndbps&lsig=AG3C_xAwRAIgJvo2PGq7Q9rLcKNZAnx-FVTwBwnn_Do2-loF6w0pYrICIGkZ94ztHYTc2ZKhsfgrWJkDEmRFNXELSpTJuSO8FwwH&sig=AOq0QJ8wRAIgK8U1cDoW_Ws1E0Wd6_OBUHwuISbS0UmJOY9cg3UpzCUCIHvZRCb9p3idRrbQOU_2sjXFwNpEsQ5jvlckRZNFXY9A&ratebypass=yes", "player_url": "/s/player/c6df6ed7/player_ias.vflset/en_US/base.js", "ext": "mp4", "height": 144, "format_note": "144p", "vcodec": "avc1.4d400c", "asr": null, "filesize": 469563, "fps": 30, "tbr": 22.812, "width": 256, "acodec": "none", "downloader_options": {"http_chunk_size": 10485760}, "format": "160 - 256x144 (144p)", "protocol": "https", "http_headers": {"User-Agent": "Mozilla/5.0 (Windows NT 10.0; Win64; x64) AppleWebKit/537.36 (KHTML, like Gecko) Chrome/72.0.3626.85 Safari/537.36", "Accept-Charset": "ISO-8859-1,utf-8;q=0.7,*;q=0.7", "Accept": "text/html,application/xhtml+xml,application/xml;q=0.9,*/*;q=0.8", "Accept-Encoding": "gzip, deflate", "Accept-Language": "en-us,en;q=0.5"}}, {"format_id": "133", "url": "https://r2---sn-5njj-u2xe.googlevideo.com/videoplayback?expire=1611763674&ei=ejsRYOj-BdaDs8IP3cKLgA8&ip=140.109.135.76&id=o-AKqR6A-KAGA3_sXfxHDZDVtqq8Np1WkR0raI8zd0IFsD&itag=133&aitags=133%2C134%2C135%2C136%2C137%2C160%2C242%2C243%2C244%2C247%2C248%2C278%2C394%2C395%2C396%2C397%2C398%2C399&source=youtube&requiressl=yes&mh=jg&mm=31%2C29&mn=sn-5njj-u2xe%2Csn-un57sn7s&ms=au%2Crdu&mv=m&mvi=2&pl=16&initcwndbps=478750&vprv=1&mime=video%2Fmp4&ns=hPgNI2F7gjA1u3a83WPAaSgF&gir=yes&clen=888201&dur=231.866&lmt=1577536297674067&mt=1611741877&fvip=2&keepalive=yes&c=WEB&txp=5535432&n=d5C5mzJQ2Ht76MSsR25X&sparams=expire%2Cei%2Cip%2Cid%2Caitags%2Csource%2Crequiressl%2Cvprv%2Cmime%2Cns%2Cgir%2Cclen%2Cdur%2Clmt&lsparams=mh%2Cmm%2Cmn%2Cms%2Cmv%2Cmvi%2Cpl%2Cinitcwndbps&lsig=AG3C_xAwRgIhANqUCqIglW_xwBFF8zQDCTHlDfx79Fkw_Djyho4fBzwSAiEA1W4V9RAzpsuerX5a_qMhQMIqsb1LQfzbvC8r5whj0Yo%3D&sig=AOq0QJ8wRQIhANgppl7zWcLAqQZpicvzjzbPBlmkMCJ-bhX8fDSlTkdBAiA5pmY14BO94gW4Guw8Jsn_iAMOKMHDixwrv9ffEJKCrA==&ratebypass=yes", "player_url": "/s/player/c6df6ed7/player_ias.vflset/en_US/base.js", "ext": "mp4", "height": 240, "format_note": "240p", "vcodec": "avc1.4d4015", "asr": null, "filesize": 888201, "fps": 30, "tbr": 39.646, "width": 426, "acodec": "none", "downloader_options": {"http_chunk_size": 10485760}, "format": "133 - 426x240 (240p)", "protocol": "https", "http_headers": {"User-Agent": "Mozilla/5.0 (Windows NT 10.0; Win64; x64) AppleWebKit/537.36 (KHTML, like Gecko) Chrome/72.0.3626.85 Safari/537.36", "Accept-Charset": "ISO-8859-1,utf-8;q=0.7,*;q=0.7", "Accept": "text/html,application/xhtml+xml,application/xml;q=0.9,*/*;q=0.8", "Accept-Encoding": "gzip, deflate", "Accept-Language": "en-us,en;q=0.5"}}, {"format_id": "394", "url": "https://r2---sn-5njj-u2xe.googlevideo.com/videoplayback?expire=1611763674&ei=ejsRYOj-BdaDs8IP3cKLgA8&ip=140.109.135.76&id=o-AKqR6A-KAGA3_sXfxHDZDVtqq8Np1WkR0raI8zd0IFsD&itag=394&aitags=133%2C134%2C135%2C136%2C137%2C160%2C242%2C243%2C244%2C247%2C248%2C278%2C394%2C395%2C396%2C397%2C398%2C399&source=youtube&requiressl=yes&mh=jg&mm=31%2C29&mn=sn-5njj-u2xe%2Csn-un57sn7s&ms=au%2Crdu&mv=m&mvi=2&pl=16&initcwndbps=478750&vprv=1&mime=video%2Fmp4&ns=hPgNI2F7gjA1u3a83WPAaSgF&gir=yes&clen=925006&dur=231.866&lmt=1599735435678307&mt=1611741877&fvip=2&keepalive=yes&c=WEB&txp=5531432&n=d5C5mzJQ2Ht76MSsR25X&sparams=expire%2Cei%2Cip%2Cid%2Caitags%2Csource%2Crequiressl%2Cvprv%2Cmime%2Cns%2Cgir%2Cclen%2Cdur%2Clmt&lsparams=mh%2Cmm%2Cmn%2Cms%2Cmv%2Cmvi%2Cpl%2Cinitcwndbps&lsig=AG3C_xAwRgIhAMcZa0ina8zvnL0Lkgg2a06BC1356CFVzAtqsqSpft2EAiEAnwfvtCGWuAmQ8Pm7WzSAlAhuA9qa59tpp4QPVokImkw%3D&sig=AOq0QJ8wRgIhAO4_UoaHK6exaG9b6rdILrvfAIs_bydVimcMr8ICMB38AiEAuiA3umHOHZzNSl7yxPZzBGI7u0IqJs9y3-3X_K1KG5U=&ratebypass=yes", "player_url": "/s/player/c6df6ed7/player_ias.vflset/en_US/base.js", "acodec": "none", "vcodec": "av01.0.00M.08", "asr": null, "filesize": 925006, "format_note": "144p", "fps": 30, "height": 144, "tbr": 46.555, "width": 256, "ext": "mp4", "downloader_options": {"http_chunk_size": 10485760}, "format": "394 - 256x144 (144p)", "protocol": "https", "http_headers": {"User-Agent": "Mozilla/5.0 (Windows NT 10.0; Win64; x64) AppleWebKit/537.36 (KHTML, like Gecko) Chrome/72.0.3626.85 Safari/537.36", "Accept-Charset": "ISO-8859-1,utf-8;q=0.7,*;q=0.7", "Accept": "text/html,application/xhtml+xml,application/xml;q=0.9,*/*;q=0.8", "Accept-Encoding": "gzip, deflate", "Accept-Language": "en-us,en;q=0.5"}}, {"format_id": "278", "url": "https://r2---sn-5njj-u2xe.googlevideo.com/videoplayback?expire=1611763674&ei=ejsRYOj-BdaDs8IP3cKLgA8&ip=140.109.135.76&id=o-AKqR6A-KAGA3_sXfxHDZDVtqq8Np1WkR0raI8zd0IFsD&itag=278&aitags=133%2C134%2C135%2C136%2C137%2C160%2C242%2C243%2C244%2C247%2C248%2C278%2C394%2C395%2C396%2C397%2C398%2C399&source=youtube&requiressl=yes&mh=jg&mm=31%2C29&mn=sn-5njj-u2xe%2Csn-un57sn7s&ms=au%2Crdu&mv=m&mvi=2&pl=16&initcwndbps=478750&vprv=1&mime=video%2Fwebm&ns=hPgNI2F7gjA1u3a83WPAaSgF&gir=yes&clen=1173524&dur=231.866&lmt=1577536956162179&mt=1611741877&fvip=2&keepalive=yes&c=WEB&txp=5535432&n=d5C5mzJQ2Ht76MSsR25X&sparams=expire%2Cei%2Cip%2Cid%2Caitags%2Csource%2Crequiressl%2Cvprv%2Cmime%2Cns%2Cgir%2Cclen%2Cdur%2Clmt&lsparams=mh%2Cmm%2Cmn%2Cms%2Cmv%2Cmvi%2Cpl%2Cinitcwndbps&lsig=AG3C_xAwRQIhAL8E9LrEjyFuqq1jy7LHC4swYFQIXG7nO6qjk_hkiogYAiB_bG26qOHRrS_9C1e-qe-nzo0Svqug9tpl7FhEqf3DKA%3D%3D&sig=AOq0QJ8wRAIgAZc0wQISd5b0BECFL9VVZFOeYroWl5Mlhu31zPptE60CIF26tsE6d68u8iGg1_yz5hac_UUmEm-0jpkT3C3DkhPw&ratebypass=yes", "player_url": "/s/player/c6df6ed7/player_ias.vflset/en_US/base.js", "ext": "webm", "height": 144, "format_note": "144p", "container": "webm", "vcodec": "vp9", "asr": null, "filesize": 1173524, "fps": 30, "tbr": 59.645, "width": 256, "acodec": "none", "downloader_options": {"http_chunk_size": 10485760}, "format": "278 - 256x144 (144p)", "protocol": "https", "http_headers": {"User-Agent": "Mozilla/5.0 (Windows NT 10.0; Win64; x64) AppleWebKit/537.36 (KHTML, like Gecko) Chrome/72.0.3626.85 Safari/537.36", "Accept-Charset": "ISO-8859-1,utf-8;q=0.7,*;q=0.7", "Accept": "text/html,application/xhtml+xml,application/xml;q=0.9,*/*;q=0.8", "Accept-Encoding": "gzip, deflate", "Accept-Language": "en-us,en;q=0.5"}}, {"format_id": "134", "url": "https://r2---sn-5njj-u2xe.googlevideo.com/videoplayback?expire=1611763674&ei=ejsRYOj-BdaDs8IP3cKLgA8&ip=140.109.135.76&id=o-AKqR6A-KAGA3_sXfxHDZDVtqq8Np1WkR0raI8zd0IFsD&itag=134&aitags=133%2C134%2C135%2C136%2C137%2C160%2C242%2C243%2C244%2C247%2C248%2C278%2C394%2C395%2C396%2C397%2C398%2C399&source=youtube&requiressl=yes&mh=jg&mm=31%2C29&mn=sn-5njj-u2xe%2Csn-un57sn7s&ms=au%2Crdu&mv=m&mvi=2&pl=16&initcwndbps=478750&vprv=1&mime=video%2Fmp4&ns=hPgNI2F7gjA1u3a83WPAaSgF&gir=yes&clen=1457258&dur=231.866&lmt=1577536297815961&mt=1611741877&fvip=2&keepalive=yes&c=WEB&txp=5535432&n=d5C5mzJQ2Ht76MSsR25X&sparams=expire%2Cei%2Cip%2Cid%2Caitags%2Csource%2Crequiressl%2Cvprv%2Cmime%2Cns%2Cgir%2Cclen%2Cdur%2Clmt&lsparams=mh%2Cmm%2Cmn%2Cms%2Cmv%2Cmvi%2Cpl%2Cinitcwndbps&lsig=AG3C_xAwRAIgOR8bZZ3b5I-eDCEKlmDNOuTLx1kgb4U4GlmRp_8sVBkCIHSlC7uFQ7dXO7JvsVe-wi--CW-AoR22U6DM0f4YwIh3&sig=AOq0QJ8wRQIgYW7y2-uoDIMWpqZfBU-YGRJcgoQmKynxiYgLseqRYDsCIQCyU52T5-dO8WdxvAswfpLRopdW0h8R0HJ-7urp1OhCDw==&ratebypass=yes", "player_url": "/s/player/c6df6ed7/player_ias.vflset/en_US/base.js", "ext": "mp4", "height": 360, "format_note": "360p", "vcodec": "avc1.4d401e", "asr": null, "filesize": 1457258, "fps": 30, "tbr": 73.756, "width": 640, "acodec": "none", "downloader_options": {"http_chunk_size": 10485760}, "format": "134 - 640x360 (360p)", "protocol": "https", "http_headers": {"User-Agent": "Mozilla/5.0 (Windows NT 10.0; Win64; x64) AppleWebKit/537.36 (KHTML, like Gecko) Chrome/72.0.3626.85 Safari/537.36", "Accept-Charset": "ISO-8859-1,utf-8;q=0.7,*;q=0.7", "Accept": "text/html,application/xhtml+xml,application/xml;q=0.9,*/*;q=0.8", "Accept-Encoding": "gzip, deflate", "Accept-Language": "en-us,en;q=0.5"}}, {"format_id": "395", "url": "https://r2---sn-5njj-u2xe.googlevideo.com/videoplayback?expire=1611763674&ei=ejsRYOj-BdaDs8IP3cKLgA8&ip=140.109.135.76&id=o-AKqR6A-KAGA3_sXfxHDZDVtqq8Np1WkR0raI8zd0IFsD&itag=395&aitags=133%2C134%2C135%2C136%2C137%2C160%2C242%2C243%2C244%2C247%2C248%2C278%2C394%2C395%2C396%2C397%2C398%2C399&source=youtube&requiressl=yes&mh=jg&mm=31%2C29&mn=sn-5njj-u2xe%2Csn-un57sn7s&ms=au%2Crdu&mv=m&mvi=2&pl=16&initcwndbps=478750&vprv=1&mime=video%2Fmp4&ns=hPgNI2F7gjA1u3a83WPAaSgF&gir=yes&clen=2023483&dur=231.866&lmt=1599735435671258&mt=1611741877&fvip=2&keepalive=yes&c=WEB&txp=5531432&n=d5C5mzJQ2Ht76MSsR25X&sparams=expire%2Cei%2Cip%2Cid%2Caitags%2Csource%2Crequiressl%2Cvprv%2Cmime%2Cns%2Cgir%2Cclen%2Cdur%2Clmt&lsparams=mh%2Cmm%2Cmn%2Cms%2Cmv%2Cmvi%2Cpl%2Cinitcwndbps&lsig=AG3C_xAwRQIhAL9f_5Dr0dJOW1e8xkeORcTsPnn_iQFi0YaPk3Hip3FmAiBfXYKUyCncTVlYBhHoc16jZBMpxJSZNp1_RgTfwPgkmg%3D%3D&sig=AOq0QJ8wRQIgcsLzUEDsd10ZuUk4drh5TaJKv4xu0gFdru1wiICdtR0CIQDI5S9ITmGE5UrQ8Idbb14MwLVmh2YE7i7ayRGRbyaeEA==&ratebypass=yes", "player_url": "/s/player/c6df6ed7/player_ias.vflset/en_US/base.js", "acodec": "none", "vcodec": "av01.0.00M.08", "asr": null, "filesize": 2023483, "format_note": "240p", "fps": 30, "height": 240, "tbr": 106.095, "width": 426, "ext": "mp4", "downloader_options": {"http_chunk_size": 10485760}, "format": "395 - 426x240 (240p)", "protocol": "https", "http_headers": {"User-Agent": "Mozilla/5.0 (Windows NT 10.0; Win64; x64) AppleWebKit/537.36 (KHTML, like Gecko) Chrome/72.0.3626.85 Safari/537.36", "Accept-Charset": "ISO-8859-1,utf-8;q=0.7,*;q=0.7", "Accept": "text/html,application/xhtml+xml,application/xml;q=0.9,*/*;q=0.8", "Accept-Encoding": "gzip, deflate", "Accept-Language": "en-us,en;q=0.5"}}, {"format_id": "242", "url": "https://r2---sn-5njj-u2xe.googlevideo.com/videoplayback?expire=1611763674&ei=ejsRYOj-BdaDs8IP3cKLgA8&ip=140.109.135.76&id=o-AKqR6A-KAGA3_sXfxHDZDVtqq8Np1WkR0raI8zd0IFsD&itag=242&aitags=133%2C134%2C135%2C136%2C137%2C160%2C242%2C243%2C244%2C247%2C248%2C278%2C394%2C395%2C396%2C397%2C398%2C399&source=youtube&requiressl=yes&mh=jg&mm=31%2C29&mn=sn-5njj-u2xe%2Csn-un57sn7s&ms=au%2Crdu&mv=m&mvi=2&pl=16&initcwndbps=478750&vprv=1&mime=video%2Fwebm&ns=hPgNI2F7gjA1u3a83WPAaSgF&gir=yes&clen=2037677&dur=231.866&lmt=1577536956104606&mt=1611741877&fvip=2&keepalive=yes&c=WEB&txp=5535432&n=d5C5mzJQ2Ht76MSsR25X&sparams=expire%2Cei%2Cip%2Cid%2Caitags%2Csource%2Crequiressl%2Cvprv%2Cmime%2Cns%2Cgir%2Cclen%2Cdur%2Clmt&lsparams=mh%2Cmm%2Cmn%2Cms%2Cmv%2Cmvi%2Cpl%2Cinitcwndbps&lsig=AG3C_xAwRAIgCcc30y69VDHP_CWuqcgemMAX1WChKPk6G8OuzM17nyACIDrOCNUckcWhl7humPoEsGq_Nln_V3e4aprHWOJTAfAU&sig=AOq0QJ8wRgIhAO_kLzsIOAhT6uCVuZpj94etVRAN_nAscC6aL_nZDPUYAiEAhJTovYE1Gz4FASavt4cZJKSee5Se_idzv3KkcKBHR1w=&ratebypass=yes", "player_url": "/s/player/c6df6ed7/player_ias.vflset/en_US/base.js", "ext": "webm", "height": 240, "format_note": "240p", "vcodec": "vp9", "asr": null, "filesize": 2037677, "fps": 30, "tbr": 108.393, "width": 426, "acodec": "none", "downloader_options": {"http_chunk_size": 10485760}, "format": "242 - 426x240 (240p)", "protocol": "https", "http_headers": {"User-Agent": "Mozilla/5.0 (Windows NT 10.0; Win64; x64) AppleWebKit/537.36 (KHTML, like Gecko) Chrome/72.0.3626.85 Safari/537.36", "Accept-Charset": "ISO-8859-1,utf-8;q=0.7,*;q=0.7", "Accept": "text/html,application/xhtml+xml,application/xml;q=0.9,*/*;q=0.8", "Accept-Encoding": "gzip, deflate", "Accept-Language": "en-us,en;q=0.5"}}, {"format_id": "135", "url": "https://r2---sn-5njj-u2xe.googlevideo.com/videoplayback?expire=1611763674&ei=ejsRYOj-BdaDs8IP3cKLgA8&ip=140.109.135.76&id=o-AKqR6A-KAGA3_sXfxHDZDVtqq8Np1WkR0raI8zd0IFsD&itag=135&aitags=133%2C134%2C135%2C136%2C137%2C160%2C242%2C243%2C244%2C247%2C248%2C278%2C394%2C395%2C396%2C397%2C398%2C399&source=youtube&requiressl=yes&mh=jg&mm=31%2C29&mn=sn-5njj-u2xe%2Csn-un57sn7s&ms=au%2Crdu&mv=m&mvi=2&pl=16&initcwndbps=478750&vprv=1&mime=video%2Fmp4&ns=hPgNI2F7gjA1u3a83WPAaSgF&gir=yes&clen=2090939&dur=231.866&lmt=1577536297775480&mt=1611741877&fvip=2&keepalive=yes&c=WEB&txp=5535432&n=d5C5mzJQ2Ht76MSsR25X&sparams=expire%2Cei%2Cip%2Cid%2Caitags%2Csource%2Crequiressl%2Cvprv%2Cmime%2Cns%2Cgir%2Cclen%2Cdur%2Clmt&lsparams=mh%2Cmm%2Cmn%2Cms%2Cmv%2Cmvi%2Cpl%2Cinitcwndbps&lsig=AG3C_xAwRgIhAIoz9q_R5kCSj-22mB4TdSZf5TBK923-euncokaIRSV1AiEAtBBU7Ny-lEXOT2RrPegdAKSyXOW8QGpLrVU4PnNt6f4%3D&sig=AOq0QJ8wRgIhAJ2dRsrPzIgomM2ChSpbV_3g7wf_7tL3YR-ZDBLSiyrvAiEAq3JdyHC2sGgVTIcvNyEOJlS9zAik69W-Fp3ephH8X90=&ratebypass=yes", "player_url": "/s/player/c6df6ed7/player_ias.vflset/en_US/base.js", "ext": "mp4", "height": 480, "format_note": "480p", "vcodec": "avc1.4d401f", "asr": null, "filesize": 2090939, "fps": 30, "tbr": 110.61, "width": 854, "acodec": "none", "downloader_options": {"http_chunk_size": 10485760}, "format": "135 - 854x480 (480p)", "protocol": "https", "http_headers": {"User-Agent": "Mozilla/5.0 (Windows NT 10.0; Win64; x64) AppleWebKit/537.36 (KHTML, like Gecko) Chrome/72.0.3626.85 Safari/537.36", "Accept-Charset": "ISO-8859-1,utf-8;q=0.7,*;q=0.7", "Accept": "text/html,application/xhtml+xml,application/xml;q=0.9,*/*;q=0.8", "Accept-Encoding": "gzip, deflate", "Accept-Language": "en-us,en;q=0.5"}}, {"format_id": "243", "url": "https://r2---sn-5njj-u2xe.googlevideo.com/videoplayback?expire=1611763674&ei=ejsRYOj-BdaDs8IP3cKLgA8&ip=140.109.135.76&id=o-AKqR6A-KAGA3_sXfxHDZDVtqq8Np1WkR0raI8zd0IFsD&itag=243&aitags=133%2C134%2C135%2C136%2C137%2C160%2C242%2C243%2C244%2C247%2C248%2C278%2C394%2C395%2C396%2C397%2C398%2C399&source=youtube&requiressl=yes&mh=jg&mm=31%2C29&mn=sn-5njj-u2xe%2Csn-un57sn7s&ms=au%2Crdu&mv=m&mvi=2&pl=16&initcwndbps=478750&vprv=1&mime=video%2Fwebm&ns=hPgNI2F7gjA1u3a83WPAaSgF&gir=yes&clen=4358219&dur=231.866&lmt=1577536956104928&mt=1611741877&fvip=2&keepalive=yes&c=WEB&txp=5535432&n=d5C5mzJQ2Ht76MSsR25X&sparams=expire%2Cei%2Cip%2Cid%2Caitags%2Csource%2Crequiressl%2Cvprv%2Cmime%2Cns%2Cgir%2Cclen%2Cdur%2Clmt&lsparams=mh%2Cmm%2Cmn%2Cms%2Cmv%2Cmvi%2Cpl%2Cinitcwndbps&lsig=AG3C_xAwRAIgXnhCCVv5uVh8BLYicRnG_6QoUcT6BzLLuZLxdpEUoDsCIBCJ0gsfkXyiKqvgVN96_XVA_gzjB_aUmu2_lSMu7qNf&sig=AOq0QJ8wRgIhAMHSyg_DyKLNFiGAVVunll3ZS8784jgSfvR7PSuBEC50AiEAlB1lTgX5orhoC7F81HVYtbjFIWDOqpcyS5MvB6JRWZc=&ratebypass=yes", "player_url": "/s/player/c6df6ed7/player_ias.vflset/en_US/base.js", "ext": "webm", "height": 360, "format_note": "360p", "vcodec": "vp9", "asr": null, "filesize": 4358219, "fps": 30, "tbr": 202.321, "width": 640, "acodec": "none", "downloader_options": {"http_chunk_size": 10485760}, "format": "243 - 640x360 (360p)", "protocol": "https", "http_headers": {"User-Agent": "Mozilla/5.0 (Windows NT 10.0; Win64; x64) AppleWebKit/537.36 (KHTML, like Gecko) Chrome/72.0.3626.85 Safari/537.36", "Accept-Charset": "ISO-8859-1,utf-8;q=0.7,*;q=0.7", "Accept": "text/html,application/xhtml+xml,application/xml;q=0.9,*/*;q=0.8", "Accept-Encoding": "gzip, deflate", "Accept-Language": "en-us,en;q=0.5"}}, {"format_id": "396", "url": "https://r2---sn-5njj-u2xe.googlevideo.com/videoplayback?expire=1611763674&ei=ejsRYOj-BdaDs8IP3cKLgA8&ip=140.109.135.76&id=o-AKqR6A-KAGA3_sXfxHDZDVtqq8Np1WkR0raI8zd0IFsD&itag=396&aitags=133%2C134%2C135%2C136%2C137%2C160%2C242%2C243%2C244%2C247%2C248%2C278%2C394%2C395%2C396%2C397%2C398%2C399&source=youtube&requiressl=yes&mh=jg&mm=31%2C29&mn=sn-5njj-u2xe%2Csn-un57sn7s&ms=au%2Crdu&mv=m&mvi=2&pl=16&initcwndbps=478750&vprv=1&mime=video%2Fmp4&ns=hPgNI2F7gjA1u3a83WPAaSgF&gir=yes&clen=4286618&dur=231.866&lmt=1599735716143436&mt=1611741877&fvip=2&keepalive=yes&c=WEB&txp=5531432&n=d5C5mzJQ2Ht76MSsR25X&sparams=expire%2Cei%2Cip%2Cid%2Caitags%2Csource%2Crequiressl%2Cvprv%2Cmime%2Cns%2Cgir%2Cclen%2Cdur%2Clmt&lsparams=mh%2Cmm%2Cmn%2Cms%2Cmv%2Cmvi%2Cpl%2Cinitcwndbps&lsig=AG3C_xAwRgIhAMJA2EO7JG28lkAYplyVM7p1nXm6UrjJEYvhYW_FJ_hCAiEAx3bziei0RIropGLGsFAQNWTI_EK-FXb4r0LOoUhiKpY%3D&sig=AOq0QJ8wRgIhAN0y99ShIbmds855DrQS1jLCbsNYMmN86SlqHD-qi6KdAiEAyGC3BbgkySz3S6N2U7m3NWDjkHF6JcJSC3rKbmj50dg=&ratebypass=yes", "player_url": "/s/player/c6df6ed7/player_ias.vflset/en_US/base.js", "acodec": "none", "vcodec": "av01.0.01M.08", "asr": null, "filesize": 4286618, "format_note": "360p", "fps": 30, "height": 360, "tbr": 221.12, "width": 640, "ext": "mp4", "downloader_options": {"http_chunk_size": 10485760}, "format": "396 - 640x360 (360p)", "protocol": "https", "http_headers": {"User-Agent": "Mozilla/5.0 (Windows NT 10.0; Win64; x64) AppleWebKit/537.36 (KHTML, like Gecko) Chrome/72.0.3626.85 Safari/537.36", "Accept-Charset": "ISO-8859-1,utf-8;q=0.7,*;q=0.7", "Accept": "text/html,application/xhtml+xml,application/xml;q=0.9,*/*;q=0.8", "Accept-Encoding": "gzip, deflate", "Accept-Language": "en-us,en;q=0.5"}}, {"format_id": "136", "url": "https://r2---sn-5njj-u2xe.googlevideo.com/videoplayback?expire=1611763674&ei=ejsRYOj-BdaDs8IP3cKLgA8&ip=140.109.135.76&id=o-AKqR6A-KAGA3_sXfxHDZDVtqq8Np1WkR0raI8zd0IFsD&itag=136&aitags=133%2C134%2C135%2C136%2C137%2C160%2C242%2C243%2C244%2C247%2C248%2C278%2C394%2C395%2C396%2C397%2C398%2C399&source=youtube&requiressl=yes&mh=jg&mm=31%2C29&mn=sn-5njj-u2xe%2Csn-un57sn7s&ms=au%2Crdu&mv=m&mvi=2&pl=16&initcwndbps=478750&vprv=1&mime=video%2Fmp4&ns=hPgNI2F7gjA1u3a83WPAaSgF&gir=yes&clen=4086046&dur=231.866&lmt=1577536297671019&mt=1611741877&fvip=2&keepalive=yes&c=WEB&txp=5535432&n=d5C5mzJQ2Ht76MSsR25X&sparams=expire%2Cei%2Cip%2Cid%2Caitags%2Csource%2Crequiressl%2Cvprv%2Cmime%2Cns%2Cgir%2Cclen%2Cdur%2Clmt&lsparams=mh%2Cmm%2Cmn%2Cms%2Cmv%2Cmvi%2Cpl%2Cinitcwndbps&lsig=AG3C_xAwRgIhAOEa2r-fnzOTWC8M58x1v9VIWwouux3S4I_H8R-0lkbGAiEA-k9iVnAN5J2hnx-l0iVAtEl6vsmp1aciS_J041hWHrY%3D&sig=AOq0QJ8wRQIgCEol6R3422UkJmkUMDBRHqgs6Hd1y1Bv785f8HXNv60CIQDW2SOUGOadGZL_ix7wMxphi8PxSutZ5VwuJAsLmpK-3g==&ratebypass=yes", "player_url": "/s/player/c6df6ed7/player_ias.vflset/en_US/base.js", "ext": "mp4", "height": 720, "format_note": "720p", "vcodec": "avc1.4d401f", "asr": null, "filesize": 4086046, "fps": 30, "tbr": 235.057, "width": 1280, "acodec": "none", "downloader_options": {"http_chunk_size": 10485760}, "format": "136 - 1280x720 (720p)", "protocol": "https", "http_headers": {"User-Agent": "Mozilla/5.0 (Windows NT 10.0; Win64; x64) AppleWebKit/537.36 (KHTML, like Gecko) Chrome/72.0.3626.85 Safari/537.36", "Accept-Charset": "ISO-8859-1,utf-8;q=0.7,*;q=0.7", "Accept": "text/html,application/xhtml+xml,application/xml;q=0.9,*/*;q=0.8", "Accept-Encoding": "gzip, deflate", "Accept-Language": "en-us,en;q=0.5"}}, {"format_id": "244", "url": "https://r2---sn-5njj-u2xe.googlevideo.com/videoplayback?expire=1611763674&ei=ejsRYOj-BdaDs8IP3cKLgA8&ip=140.109.135.76&id=o-AKqR6A-KAGA3_sXfxHDZDVtqq8Np1WkR0raI8zd0IFsD&itag=244&aitags=133%2C134%2C135%2C136%2C137%2C160%2C242%2C243%2C244%2C247%2C248%2C278%2C394%2C395%2C396%2C397%2C398%2C399&source=youtube&requiressl=yes&mh=jg&mm=31%2C29&mn=sn-5njj-u2xe%2Csn-un57sn7s&ms=au%2Crdu&mv=m&mvi=2&pl=16&initcwndbps=478750&vprv=1&mime=video%2Fwebm&ns=hPgNI2F7gjA1u3a83WPAaSgF&gir=yes&clen=7162961&dur=231.866&lmt=1577536956191662&mt=1611741877&fvip=2&keepalive=yes&c=WEB&txp=5535432&n=d5C5mzJQ2Ht76MSsR25X&sparams=expire%2Cei%2Cip%2Cid%2Caitags%2Csource%2Crequiressl%2Cvprv%2Cmime%2Cns%2Cgir%2Cclen%2Cdur%2Clmt&lsparams=mh%2Cmm%2Cmn%2Cms%2Cmv%2Cmvi%2Cpl%2Cinitcwndbps&lsig=AG3C_xAwRAIgPohst_PUcXEigECDHQQV9gKmH_FU2YCiIbwQGY_omMwCIGUmL2PGH-_g8S7HUIBiHUs0HoRcfbgwzVfiAr6LN_g9&sig=AOq0QJ8wRgIhALi3UV8Ck4Ld5C7Y_mzP3ju_8VRWbY8udJuNiDDPu0SUAiEAoZoGdpmj5AfDgpH4FjMfSSiSPPfcS21iGK9zYTVaD-g=&ratebypass=yes", "player_url": "/s/player/c6df6ed7/player_ias.vflset/en_US/base.js", "ext": "webm", "height": 480, "format_note": "480p", "vcodec": "vp9", "asr": null, "filesize": 7162961, "fps": 30, "tbr": 367.639, "width": 854, "acodec": "none", "downloader_options": {"http_chunk_size": 10485760}, "format": "244 - 854x480 (480p)", "protocol": "https", "http_headers": {"User-Agent": "Mozilla/5.0 (Windows NT 10.0; Win64; x64) AppleWebKit/537.36 (KHTML, like Gecko) Chrome/72.0.3626.85 Safari/537.36", "Accept-Charset": "ISO-8859-1,utf-8;q=0.7,*;q=0.7", "Accept": "text/html,application/xhtml+xml,application/xml;q=0.9,*/*;q=0.8", "Accept-Encoding": "gzip, deflate", "Accept-Language": "en-us,en;q=0.5"}}, {"format_id": "397", "url": "https://r2---sn-5njj-u2xe.googlevideo.com/videoplayback?expire=1611763674&ei=ejsRYOj-BdaDs8IP3cKLgA8&ip=140.109.135.76&id=o-AKqR6A-KAGA3_sXfxHDZDVtqq8Np1WkR0raI8zd0IFsD&itag=397&aitags=133%2C134%2C135%2C136%2C137%2C160%2C242%2C243%2C244%2C247%2C248%2C278%2C394%2C395%2C396%2C397%2C398%2C399&source=youtube&requiressl=yes&mh=jg&mm=31%2C29&mn=sn-5njj-u2xe%2Csn-un57sn7s&ms=au%2Crdu&mv=m&mvi=2&pl=16&initcwndbps=478750&vprv=1&mime=video%2Fmp4&ns=hPgNI2F7gjA1u3a83WPAaSgF&gir=yes&clen=7996990&dur=231.866&lmt=1599735783775123&mt=1611741877&fvip=2&keepalive=yes&c=WEB&txp=5531432&n=d5C5mzJQ2Ht76MSsR25X&sparams=expire%2Cei%2Cip%2Cid%2Caitags%2Csource%2Crequiressl%2Cvprv%2Cmime%2Cns%2Cgir%2Cclen%2Cdur%2Clmt&lsparams=mh%2Cmm%2Cmn%2Cms%2Cmv%2Cmvi%2Cpl%2Cinitcwndbps&lsig=AG3C_xAwRAIgKaSaYm8m_AS5FEOq16YmUewkWv-CmiNxMFv1kFsuNPwCIDWF8lV23UbIHFT1lJgNR7qI_kWcCJTGx1A9t7mGFB_2&sig=AOq0QJ8wRQIgTr_4NdKzQ5U3o2FR-WfrpAyHBO3-vY1quzcnoxAkdAkCIQDOaOmvYHWaOt0ykShT7YRJ8M-TybnflIkKJM1ofiX4Vg==&ratebypass=yes", "player_url": "/s/player/c6df6ed7/player_ias.vflset/en_US/base.js", "acodec": "none", "vcodec": "av01.0.04M.08", "asr": null, "filesize": 7996990, "format_note": "480p", "fps": 30, "height": 480, "tbr": 404.002, "width": 854, "ext": "mp4", "downloader_options": {"http_chunk_size": 10485760}, "format": "397 - 854x480 (480p)", "protocol": "https", "http_headers": {"User-Agent": "Mozilla/5.0 (Windows NT 10.0; Win64; x64) AppleWebKit/537.36 (KHTML, like Gecko) Chrome/72.0.3626.85 Safari/537.36", "Accept-Charset": "ISO-8859-1,utf-8;q=0.7,*;q=0.7", "Accept": "text/html,application/xhtml+xml,application/xml;q=0.9,*/*;q=0.8", "Accept-Encoding": "gzip, deflate", "Accept-Language": "en-us,en;q=0.5"}}, {"format_id": "398", "url": "https://r2---sn-5njj-u2xe.googlevideo.com/videoplayback?expire=1611763674&ei=ejsRYOj-BdaDs8IP3cKLgA8&ip=140.109.135.76&id=o-AKqR6A-KAGA3_sXfxHDZDVtqq8Np1WkR0raI8zd0IFsD&itag=398&aitags=133%2C134%2C135%2C136%2C137%2C160%2C242%2C243%2C244%2C247%2C248%2C278%2C394%2C395%2C396%2C397%2C398%2C399&source=youtube&requiressl=yes&mh=jg&mm=31%2C29&mn=sn-5njj-u2xe%2Csn-un57sn7s&ms=au%2Crdu&mv=m&mvi=2&pl=16&initcwndbps=478750&vprv=1&mime=video%2Fmp4&ns=hPgNI2F7gjA1u3a83WPAaSgF&gir=yes&clen=14786213&dur=231.866&lmt=1599735771749126&mt=1611741877&fvip=2&keepalive=yes&c=WEB&txp=5531432&n=d5C5mzJQ2Ht76MSsR25X&sparams=expire%2Cei%2Cip%2Cid%2Caitags%2Csource%2Crequiressl%2Cvprv%2Cmime%2Cns%2Cgir%2Cclen%2Cdur%2Clmt&lsparams=mh%2Cmm%2Cmn%2Cms%2Cmv%2Cmvi%2Cpl%2Cinitcwndbps&lsig=AG3C_xAwRQIgUUB6XcEginq4B_wsKjOEcnnkuOA-65FBOyjesStb5QcCIQDVtGNKnFbENLw4lK41LqgVmt7xEtt45MAtyTdNoOyetw%3D%3D&sig=AOq0QJ8wRgIhANRSC_ZPaaUfY-1Lo8fXR1TVgPqmu33nL2xn-OfgAJylAiEAl14GYWLxgRIWw52SRVypmdMleW-kRUEIG0BxqSqKXl4=&ratebypass=yes", "player_url": "/s/player/c6df6ed7/player_ias.vflset/en_US/base.js", "asr": null, "filesize": 14786213, "format_note": "720p", "fps": 30, "height": 720, "tbr": 786.039, "width": 1280, "ext": "mp4", "vcodec": "av01.0.05M.08", "acodec": "none", "downloader_options": {"http_chunk_size": 10485760}, "format": "398 - 1280x720 (720p)", "protocol": "https", "http_headers": {"User-Agent": "Mozilla/5.0 (Windows NT 10.0; Win64; x64) AppleWebKit/537.36 (KHTML, like Gecko) Chrome/72.0.3626.85 Safari/537.36", "Accept-Charset": "ISO-8859-1,utf-8;q=0.7,*;q=0.7", "Accept": "text/html,application/xhtml+xml,application/xml;q=0.9,*/*;q=0.8", "Accept-Encoding": "gzip, deflate", "Accept-Language": "en-us,en;q=0.5"}}, {"format_id": "247", "url": "https://r2---sn-5njj-u2xe.googlevideo.com/videoplayback?expire=1611763674&ei=ejsRYOj-BdaDs8IP3cKLgA8&ip=140.109.135.76&id=o-AKqR6A-KAGA3_sXfxHDZDVtqq8Np1WkR0raI8zd0IFsD&itag=247&aitags=133%2C134%2C135%2C136%2C137%2C160%2C242%2C243%2C244%2C247%2C248%2C278%2C394%2C395%2C396%2C397%2C398%2C399&source=youtube&requiressl=yes&mh=jg&mm=31%2C29&mn=sn-5njj-u2xe%2Csn-un57sn7s&ms=au%2Crdu&mv=m&mvi=2&pl=16&initcwndbps=478750&vprv=1&mime=video%2Fwebm&ns=hPgNI2F7gjA1u3a83WPAaSgF&gir=yes&clen=15063994&dur=231.866&lmt=1577536956112761&mt=1611741877&fvip=2&keepalive=yes&c=WEB&txp=5535432&n=d5C5mzJQ2Ht76MSsR25X&sparams=expire%2Cei%2Cip%2Cid%2Caitags%2Csource%2Crequiressl%2Cvprv%2Cmime%2Cns%2Cgir%2Cclen%2Cdur%2Clmt&lsparams=mh%2Cmm%2Cmn%2Cms%2Cmv%2Cmvi%2Cpl%2Cinitcwndbps&lsig=AG3C_xAwRQIhALPqFoO_UYQnEPI_MCkfxQ7IXOQWhYjD-b73RB_dg3-SAiBI4W0A2OtZzCYsedygP8DyA9rdbBYgQZKn60onMpOF9A%3D%3D&sig=AOq0QJ8wRAIgCcuT7Hlh01h8dDaUhTqGhF37rdiDgQfEn7cqB6AdgWoCIGJKM9bW8O4f0M_Q7PE4yTOpfwbyq1i2CGHGcAna8X6l&ratebypass=yes", "player_url": "/s/player/c6df6ed7/player_ias.vflset/en_US/base.js", "ext": "webm", "height": 720, "format_note": "720p", "vcodec": "vp9", "asr": null, "filesize": 15063994, "fps": 30, "tbr": 813.767, "width": 1280, "acodec": "none", "downloader_options": {"http_chunk_size": 10485760}, "format": "247 - 1280x720 (720p)", "protocol": "https", "http_headers": {"User-Agent": "Mozilla/5.0 (Windows NT 10.0; Win64; x64) AppleWebKit/537.36 (KHTML, like Gecko) Chrome/72.0.3626.85 Safari/537.36", "Accept-Charset": "ISO-8859-1,utf-8;q=0.7,*;q=0.7", "Accept": "text/html,application/xhtml+xml,application/xml;q=0.9,*/*;q=0.8", "Accept-Encoding": "gzip, deflate", "Accept-Language": "en-us,en;q=0.5"}}, {"format_id": "137", "url": "https://r2---sn-5njj-u2xe.googlevideo.com/videoplayback?expire=1611763674&ei=ejsRYOj-BdaDs8IP3cKLgA8&ip=140.109.135.76&id=o-AKqR6A-KAGA3_sXfxHDZDVtqq8Np1WkR0raI8zd0IFsD&itag=137&aitags=133%2C134%2C135%2C136%2C137%2C160%2C242%2C243%2C244%2C247%2C248%2C278%2C394%2C395%2C396%2C397%2C398%2C399&source=youtube&requiressl=yes&mh=jg&mm=31%2C29&mn=sn-5njj-u2xe%2Csn-un57sn7s&ms=au%2Crdu&mv=m&mvi=2&pl=16&initcwndbps=478750&vprv=1&mime=video%2Fmp4&ns=hPgNI2F7gjA1u3a83WPAaSgF&gir=yes&clen=15561782&dur=231.866&lmt=1577536252443749&mt=1611741877&fvip=2&keepalive=yes&c=WEB&txp=5535432&n=d5C5mzJQ2Ht76MSsR25X&sparams=expire%2Cei%2Cip%2Cid%2Caitags%2Csource%2Crequiressl%2Cvprv%2Cmime%2Cns%2Cgir%2Cclen%2Cdur%2Clmt&lsparams=mh%2Cmm%2Cmn%2Cms%2Cmv%2Cmvi%2Cpl%2Cinitcwndbps&lsig=AG3C_xAwRQIhAOj1IndsVH1vzP9ZE8XRVxNX64LLAuZNwAiO1DKQeKiZAiAeMY3ydcVz_L2jng7ibgiD5vIXhZxMk2149eAfbMAPFQ%3D%3D&sig=AOq0QJ8wRgIhAMGFzWgk8aLT8zjY6osrVfeHccaKpvA_aM3hP1irbS3PAiEAvNpuPKT42NypJRzxJSZL7M2x8333oFGFerH9vJ0sByM=&ratebypass=yes", "player_url": "/s/player/c6df6ed7/player_ias.vflset/en_US/base.js", "ext": "mp4", "height": 1080, "format_note": "1080p", "vcodec": "avc1.640028", "asr": null, "filesize": 15561782, "fps": 30, "tbr": 924.99, "width": 1920, "acodec": "none", "downloader_options": {"http_chunk_size": 10485760}, "format": "137 - 1920x1080 (1080p)", "protocol": "https", "http_headers": {"User-Agent": "Mozilla/5.0 (Windows NT 10.0; Win64; x64) AppleWebKit/537.36 (KHTML, like Gecko) Chrome/72.0.3626.85 Safari/537.36", "Accept-Charset": "ISO-8859-1,utf-8;q=0.7,*;q=0.7", "Accept": "text/html,application/xhtml+xml,application/xml;q=0.9,*/*;q=0.8", "Accept-Encoding": "gzip, deflate", "Accept-Language": "en-us,en;q=0.5"}}, {"format_id": "399", "url": "https://r2---sn-5njj-u2xe.googlevideo.com/videoplayback?expire=1611763674&ei=ejsRYOj-BdaDs8IP3cKLgA8&ip=140.109.135.76&id=o-AKqR6A-KAGA3_sXfxHDZDVtqq8Np1WkR0raI8zd0IFsD&itag=399&aitags=133%2C134%2C135%2C136%2C137%2C160%2C242%2C243%2C244%2C247%2C248%2C278%2C394%2C395%2C396%2C397%2C398%2C399&source=youtube&requiressl=yes&mh=jg&mm=31%2C29&mn=sn-5njj-u2xe%2Csn-un57sn7s&ms=au%2Crdu&mv=m&mvi=2&pl=16&initcwndbps=478750&vprv=1&mime=video%2Fmp4&ns=hPgNI2F7gjA1u3a83WPAaSgF&gir=yes&clen=28378028&dur=231.866&lmt=1599736516458490&mt=1611741877&fvip=2&keepalive=yes&c=WEB&txp=5531432&n=d5C5mzJQ2Ht76MSsR25X&sparams=expire%2Cei%2Cip%2Cid%2Caitags%2Csource%2Crequiressl%2Cvprv%2Cmime%2Cns%2Cgir%2Cclen%2Cdur%2Clmt&lsparams=mh%2Cmm%2Cmn%2Cms%2Cmv%2Cmvi%2Cpl%2Cinitcwndbps&lsig=AG3C_xAwRgIhAOusPgS9GoKx1VdpnqpUc0Fl8Zbs2uw9qpSgmIgKNZ0VAiEA9TGJGceHoAfUqgpIjsqIIEI2vl54MFAPyZj0Wn6_LMg%3D&sig=AOq0QJ8wRAIgSxbVQI6XNtu3_ckReW000zwG2CR63EX0PWINga3TDmsCIHb1XbeP5Syq86dvthykU_ywrYniuGlCX9eX89y4b_g5&ratebypass=yes", "player_url": "/s/player/c6df6ed7/player_ias.vflset/en_US/base.js", "asr": null, "filesize": 28378028, "format_note": "1080p", "fps": 30, "height": 1080, "tbr": 1392.128, "width": 1920, "ext": "mp4", "vcodec": "av01.0.08M.08", "acodec": "none", "downloader_options": {"http_chunk_size": 10485760}, "format": "399 - 1920x1080 (1080p)", "protocol": "https", "http_headers": {"User-Agent": "Mozilla/5.0 (Windows NT 10.0; Win64; x64) AppleWebKit/537.36 (KHTML, like Gecko) Chrome/72.0.3626.85 Safari/537.36", "Accept-Charset": "ISO-8859-1,utf-8;q=0.7,*;q=0.7", "Accept": "text/html,application/xhtml+xml,application/xml;q=0.9,*/*;q=0.8", "Accept-Encoding": "gzip, deflate", "Accept-Language": "en-us,en;q=0.5"}}, {"format_id": "248", "url": "https://r2---sn-5njj-u2xe.googlevideo.com/videoplayback?expire=1611763674&ei=ejsRYOj-BdaDs8IP3cKLgA8&ip=140.109.135.76&id=o-AKqR6A-KAGA3_sXfxHDZDVtqq8Np1WkR0raI8zd0IFsD&itag=248&aitags=133%2C134%2C135%2C136%2C137%2C160%2C242%2C243%2C244%2C247%2C248%2C278%2C394%2C395%2C396%2C397%2C398%2C399&source=youtube&requiressl=yes&mh=jg&mm=31%2C29&mn=sn-5njj-u2xe%2Csn-un57sn7s&ms=au%2Crdu&mv=m&mvi=2&pl=16&initcwndbps=478750&vprv=1&mime=video%2Fwebm&ns=hPgNI2F7gjA1u3a83WPAaSgF&gir=yes&clen=22727501&dur=231.866&lmt=1577536795156048&mt=1611741877&fvip=2&keepalive=yes&c=WEB&txp=5535432&n=d5C5mzJQ2Ht76MSsR25X&sparams=expire%2Cei%2Cip%2Cid%2Caitags%2Csource%2Crequiressl%2Cvprv%2Cmime%2Cns%2Cgir%2Cclen%2Cdur%2Clmt&lsparams=mh%2Cmm%2Cmn%2Cms%2Cmv%2Cmvi%2Cpl%2Cinitcwndbps&lsig=AG3C_xAwRgIhAN85_vH8yU0PhR-cyEs7AecVYEUzoYU-qSvLgUVzlIvcAiEAzOG2t6UQsEmSSkDuhHu43_HOFdUn-HDtmYi8tvtHTno%3D&sig=AOq0QJ8wRQIhAMN769IZsBxE_vaul9KCKQayqSB6_431iwwzDKGeJiGRAiA4Bl63oE69CmwFbL-zHmUBNgbI6RjwWiaERsrcmawxjw==&ratebypass=yes", "player_url": "/s/player/c6df6ed7/player_ias.vflset/en_US/base.js", "ext": "webm", "height": 1080, "format_note": "1080p", "vcodec": "vp9", "asr": null, "filesize": 22727501, "fps": 30, "tbr": 1487.286, "width": 1920, "acodec": "none", "downloader_options": {"http_chunk_size": 10485760}, "format": "248 - 1920x1080 (1080p)", "protocol": "https", "http_headers": {"User-Agent": "Mozilla/5.0 (Windows NT 10.0; Win64; x64) AppleWebKit/537.36 (KHTML, like Gecko) Chrome/72.0.3626.85 Safari/537.36", "Accept-Charset": "ISO-8859-1,utf-8;q=0.7,*;q=0.7", "Accept": "text/html,application/xhtml+xml,application/xml;q=0.9,*/*;q=0.8", "Accept-Encoding": "gzip, deflate", "Accept-Language": "en-us,en;q=0.5"}}, {"format_id": "18", "url": "https://r2---sn-5njj-u2xe.googlevideo.com/videoplayback?expire=1611763674&ei=ejsRYOj-BdaDs8IP3cKLgA8&ip=140.109.135.76&id=o-AKqR6A-KAGA3_sXfxHDZDVtqq8Np1WkR0raI8zd0IFsD&itag=18&source=youtube&requiressl=yes&mh=jg&mm=31%2C29&mn=sn-5njj-u2xe%2Csn-un57sn7s&ms=au%2Crdu&mv=m&mvi=2&pl=16&initcwndbps=478750&vprv=1&mime=video%2Fmp4&ns=xz3_YwJZfwllZTZzvxK2DBMF&gir=yes&clen=10182840&ratebypass=yes&dur=231.920&lmt=1577535537172233&mt=1611741877&fvip=2&c=WEB&txp=5531432&n=K8NEJ1ZR-T92qTv80pfg&sparams=expire%2Cei%2Cip%2Cid%2Citag%2Csource%2Crequiressl%2Cvprv%2Cmime%2Cns%2Cgir%2Cclen%2Cratebypass%2Cdur%2Clmt&lsparams=mh%2Cmm%2Cmn%2Cms%2Cmv%2Cmvi%2Cpl%2Cinitcwndbps&lsig=AG3C_xAwRgIhAOgVB2hn2tQ23_OATtO15U-Co2VkM8TciNe52q1g_acqAiEAhV9-Ku6mNNZlj5NvNOG1Y9-KlzodB234iTIAzQf1bPw%3D&sig=AOq0QJ8wRAIgES_u5NqYCxujLe5tgLoYWredXXAKn9o-1b8uQ_oYgVICIB7EjhV4Zoux8rKIOzdqlrFablfWwKH6UN0f69uwQGvc", "player_url": "/s/player/c6df6ed7/player_ias.vflset/en_US/base.js", "ext": "mp4", "width": 640, "height": 360, "acodec": "mp4a.40.2", "abr": 96, "vcodec": "avc1.42001E", "asr": 44100, "filesize": 10182840, "format_note": "360p", "fps": 30, "tbr": 351.335, "format": "18 - 640x360 (360p)", "protocol": "https", "http_headers": {"User-Agent": "Mozilla/5.0 (Windows NT 10.0; Win64; x64) AppleWebKit/537.36 (KHTML, like Gecko) Chrome/72.0.3626.85 Safari/537.36", "Accept-Charset": "ISO-8859-1,utf-8;q=0.7,*;q=0.7", "Accept": "text/html,application/xhtml+xml,application/xml;q=0.9,*/*;q=0.8", "Accept-Encoding": "gzip, deflate", "Accept-Language": "en-us,en;q=0.5"}}], "is_live": null, "start_time": null, "end_time": null, "series": null, "season_number": null, "episode_number": null, "track": null, "artist": null, "album": null, "release_date": null, "release_year": null, "extractor": "youtube", "webpage_url_basename": "watch", "extractor_key": "Youtube", "playlist": null, "playlist_index": null, "thumbnail": "https://i.ytimg.com/vi_webp/x5dmuoTR0lg/maxresdefault.webp", "display_id": "x5dmuoTR0lg", "requested_subtitles": null, "format_id": "251", "url": "https://r2---sn-5njj-u2xe.googlevideo.com/videoplayback?expire=1611763674&ei=ejsRYOj-BdaDs8IP3cKLgA8&ip=140.109.135.76&id=o-AKqR6A-KAGA3_sXfxHDZDVtqq8Np1WkR0raI8zd0IFsD&itag=251&source=youtube&requiressl=yes&mh=jg&mm=31%2C29&mn=sn-5njj-u2xe%2Csn-un57sn7s&ms=au%2Crdu&mv=m&mvi=2&pl=16&initcwndbps=478750&vprv=1&mime=audio%2Fwebm&ns=hPgNI2F7gjA1u3a83WPAaSgF&gir=yes&clen=4392169&dur=231.901&lmt=1591145414179209&mt=1611741877&fvip=2&keepalive=yes&c=WEB&txp=5511222&n=d5C5mzJQ2Ht76MSsR25X&sparams=expire%2Cei%2Cip%2Cid%2Citag%2Csource%2Crequiressl%2Cvprv%2Cmime%2Cns%2Cgir%2Cclen%2Cdur%2Clmt&lsparams=mh%2Cmm%2Cmn%2Cms%2Cmv%2Cmvi%2Cpl%2Cinitcwndbps&lsig=AG3C_xAwRgIhANuy8gg39L1RcYJtnKdVftlIzWhDUWEp-5Y8vqqMrnJkAiEAgMxGaTh2nxfEgwKWMmdiqiu3gyXJ0Vlvy0H18tf9ONk%3D&sig=AOq0QJ8wRgIhAMmfz5nDVuGjuygn9sdt87P1rJ_20I6kPueL_Sz9EjnrAiEAqJrPNrxYAJBVaKO-SlJEzbikwXJDujff7WQEhHVn534=&ratebypass=yes", "player_url": "/s/player/c6df6ed7/player_ias.vflset/en_US/base.js", "ext": "webm", "format_note": "tiny", "acodec": "opus", "abr": 160, "asr": 48000, "filesize": 4392169, "fps": null, "height": null, "tbr": 160.276, "width": null, "vcodec": "none", "downloader_options": {"http_chunk_size": 10485760}, "format": "251 - audio only (tiny)", "protocol": "https", "http_headers": {"User-Agent": "Mozilla/5.0 (Windows NT 10.0; Win64; x64) AppleWebKit/537.36 (KHTML, like Gecko) Chrome/72.0.3626.85 Safari/537.36", "Accept-Charset": "ISO-8859-1,utf-8;q=0.7,*;q=0.7", "Accept": "text/html,application/xhtml+xml,application/xml;q=0.9,*/*;q=0.8", "Accept-Encoding": "gzip, deflate", "Accept-Language": "en-us,en;q=0.5"}}