{"id": "5CEAeMiXKaA", "uploader": "Laurie Th\u00e9berge", "uploader_id": "UCS_eQYb7OAZJ_MOcdlKVg1w", "uploader_url": "http://www.youtube.com/channel/UCS_eQYb7OAZJ_MOcdlKVg1w", "channel_id": "UCS_eQYb7OAZJ_MOcdlKVg1w", "channel_url": "http://www.youtube.com/channel/UCS_eQYb7OAZJ_MOcdlKVg1w", "upload_date": "20201124", "license": null, "creator": null, "title": "The Queen's Gambit - You're Gloating (Piano Cover)", "alt_title": null, "thumbnails": [{"url": "https://i.ytimg.com/vi/5CEAeMiXKaA/hqdefault.jpg?sqp=-oaymwEYCKgBEF5IVfKriqkDCwgBFQAAiEIYAXAB&rs=AOn4CLDmVXlg8ZG6bvqO3KHr0dTuFPcWcw", "width": 168, "height": 94, "resolution": "168x94", "id": "0"}, {"url": "https://i.ytimg.com/vi/5CEAeMiXKaA/hqdefault.jpg?sqp=-oaymwEYCMQBEG5IVfKriqkDCwgBFQAAiEIYAXAB&rs=AOn4CLBIgLFC6LGoYoVocj5V35cwNp82rg", "width": 196, "height": 110, "resolution": "196x110", "id": "1"}, {"url": "https://i.ytimg.com/vi/5CEAeMiXKaA/hqdefault.jpg?sqp=-oaymwEZCPYBEIoBSFXyq4qpAwsIARUAAIhCGAFwAQ==&rs=AOn4CLBPFFcK01wGSO9-WUIZz_D2lvaUpw", "width": 246, "height": 138, "resolution": "246x138", "id": "2"}, {"url": "https://i.ytimg.com/vi/5CEAeMiXKaA/hqdefault.jpg?sqp=-oaymwEZCNACELwBSFXyq4qpAwsIARUAAIhCGAFwAQ==&rs=AOn4CLCXbOgWg92gJghR6871HT_vglwaig", "width": 336, "height": 188, "resolution": "336x188", "id": "3"}, {"url": "https://i.ytimg.com/vi_webp/5CEAeMiXKaA/maxresdefault.webp", "width": 1920, "height": 1080, "resolution": "1920x1080", "id": "4"}], "description": "This is my second arrangement from this wonderful soundtrack. I got a few more I'd want to do, including The Final Game and Sygrayem (Let's Play). I'm starting my end of semester here so I'll do them as fast as possible.\nAgain, please leave suggestions in the comments!\nI do all my arrangements by ear so no sheets sorry.\nThanks a lot for watching", "categories": ["Music"], "tags": null, "subtitles": {}, "automatic_captions": {}, "duration": 64, "age_limit": 0, "annotations": null, "chapters": null, "webpage_url": "https://www.youtube.com/watch?v=5CEAeMiXKaA", "view_count": 922, "like_count": 75, "dislike_count": null, "average_rating": 5.0, "formats": [{"ext": "m4a", "format_note": "DASH audio", "acodec": "mp4a.40.5", "abr": 48, "container": "m4a_dash", "format_id": "139", "manifest_url": "https://manifest.googlevideo.com/api/manifest/dash/expire/1608485377/ei/oTXfX63TMcHNqAGm6bbgAQ/ip/140.109.135.76/id/e4210078c89729a0/source/youtube/requiressl/yes/playback_host/r4---sn-5njj-u2xl.googlevideo.com/mh/ib/mm/31%2C29/mn/sn-5njj-u2xl%2Csn-un57en7e/ms/au%2Crdu/mv/m/mvi/4/pcm2cms/yes/pl/16/hfr/all/as/fmp4_audio_clear%2Cwebm_audio_clear%2Cwebm2_audio_clear%2Cfmp4_sd_hd_clear%2Cwebm2_sd_hd_clear/initcwndbps/690000/vprv/1/mt/1608463244/fvip/4/keepalive/yes/itag/0/sparams/expire%2Cei%2Cip%2Cid%2Csource%2Crequiressl%2Chfr%2Cas%2Cvprv%2Citag/sig/AOq0QJ8wRQIhALXJIwx6467qO-qHa0zxDgY7BK8HwpWyI0VuMpDm0cv0AiAhq1EOxcRqGX0Yf8emmg9IRMW34e4vVsWXxCOY9TWD1g%3D%3D/lsparams/playback_host%2Cmh%2Cmm%2Cmn%2Cms%2Cmv%2Cmvi%2Cpcm2cms%2Cpl%2Cinitcwndbps/lsig/AG3C_xAwRQIhAM5aCD3Iurm8wNXD5DQU8PHY9edbTPikAnEm0FHBlXn0AiAMoh4ftrmhH-eOFHWuVBSwGF94mnjDRjVzrwKbIrODZQ%3D%3D", "width": null, "height": null, "tbr": 49.875, "asr": 22050, "fps": null, "language": null, "filesize": null, "vcodec": "none", "url": "https://manifest.googlevideo.com/api/manifest/dash/expire/1608485377/ei/oTXfX63TMcHNqAGm6bbgAQ/ip/140.109.135.76/id/e4210078c89729a0/source/youtube/requiressl/yes/playback_host/r4---sn-5njj-u2xl.googlevideo.com/mh/ib/mm/31%2C29/mn/sn-5njj-u2xl%2Csn-un57en7e/ms/au%2Crdu/mv/m/mvi/4/pcm2cms/yes/pl/16/hfr/all/as/fmp4_audio_clear%2Cwebm_audio_clear%2Cwebm2_audio_clear%2Cfmp4_sd_hd_clear%2Cwebm2_sd_hd_clear/initcwndbps/690000/vprv/1/mt/1608463244/fvip/4/keepalive/yes/itag/0/sparams/expire%2Cei%2Cip%2Cid%2Csource%2Crequiressl%2Chfr%2Cas%2Cvprv%2Citag/sig/AOq0QJ8wRQIhALXJIwx6467qO-qHa0zxDgY7BK8HwpWyI0VuMpDm0cv0AiAhq1EOxcRqGX0Yf8emmg9IRMW34e4vVsWXxCOY9TWD1g%3D%3D/lsparams/playback_host%2Cmh%2Cmm%2Cmn%2Cms%2Cmv%2Cmvi%2Cpcm2cms%2Cpl%2Cinitcwndbps/lsig/AG3C_xAwRQIhAM5aCD3Iurm8wNXD5DQU8PHY9edbTPikAnEm0FHBlXn0AiAMoh4ftrmhH-eOFHWuVBSwGF94mnjDRjVzrwKbIrODZQ%3D%3D", "fragment_base_url": "https://r4---sn-5njj-u2xl.googlevideo.com/videoplayback/expire/1608485377/ei/oTXfX63TMcHNqAGm6bbgAQ/ip/140.109.135.76/id/e4210078c89729a0/itag/139/source/youtube/requiressl/yes/mh/ib/mm/31,29/mn/sn-5njj-u2xl,sn-un57en7e/ms/au,rdu/mv/m/mvi/4/pcm2cms/yes/pl/16/initcwndbps/690000/vprv/1/ratebypass/yes/mime/audio%2Fmp4/otfp/1/gir/yes/clen/393897/lmt/1606228554011302/dur/64.412/mt/1608463244/fvip/4/keepalive/yes/sparams/expire,ei,ip,id,itag,source,requiressl,vprv,ratebypass,mime,otfp,gir,clen,lmt,dur/sig/AOq0QJ8wRQIgA2Vz2BzE4Eaz9fIDvyPBx0WYoijgLotTR9bT0W3z3o4CIQC7YqlzgFRKgE-Kd6pMBCT9KdCRNqq2cRtQLzqLwcI2qg%3D%3D/lsparams/mh,mm,mn,ms,mv,mvi,pcm2cms,pl,initcwndbps/lsig/AG3C_xAwRgIhAPh19uz28eqqW-AD3GK6g_A4XnBp5kzdzvGhXNLnmRSCAiEA5tq2-e5NMp1pAGwmS8RwOBXB78HTMWYF6ovPlq7zEL0%3D/", "fragments": [{"path": "range/0-640"}, {"path": "range/757-62250", "duration": 9.985}, {"path": "range/62251-123199", "duration": 9.984}, {"path": "range/123200-183913", "duration": 9.985}, {"path": "range/183914-244825", "duration": 9.984}, {"path": "range/244826-305677", "duration": 9.985}, {"path": "range/305678-366709", "duration": 9.984}, {"path": "range/366710-393896", "duration": 4.505}], "protocol": "http_dash_segments", "format": "139 - audio only (DASH audio)", "http_headers": {"User-Agent": "Mozilla/5.0 (Windows NT 10.0; Win64; x64) AppleWebKit/537.36 (KHTML, like Gecko) Chrome/70.0.3538.31 Safari/537.36", "Accept-Charset": "ISO-8859-1,utf-8;q=0.7,*;q=0.7", "Accept": "text/html,application/xhtml+xml,application/xml;q=0.9,*/*;q=0.8", "Accept-Encoding": "gzip, deflate", "Accept-Language": "en-us,en;q=0.5"}}, {"ext": "m4a", "format_note": "DASH audio", "acodec": "mp4a.40.2", "abr": 128, "container": "m4a_dash", "format_id": "140", "manifest_url": "https://manifest.googlevideo.com/api/manifest/dash/expire/1608485377/ei/oTXfX63TMcHNqAGm6bbgAQ/ip/140.109.135.76/id/e4210078c89729a0/source/youtube/requiressl/yes/playback_host/r4---sn-5njj-u2xl.googlevideo.com/mh/ib/mm/31%2C29/mn/sn-5njj-u2xl%2Csn-un57en7e/ms/au%2Crdu/mv/m/mvi/4/pcm2cms/yes/pl/16/hfr/all/as/fmp4_audio_clear%2Cwebm_audio_clear%2Cwebm2_audio_clear%2Cfmp4_sd_hd_clear%2Cwebm2_sd_hd_clear/initcwndbps/690000/vprv/1/mt/1608463244/fvip/4/keepalive/yes/itag/0/sparams/expire%2Cei%2Cip%2Cid%2Csource%2Crequiressl%2Chfr%2Cas%2Cvprv%2Citag/sig/AOq0QJ8wRQIhALXJIwx6467qO-qHa0zxDgY7BK8HwpWyI0VuMpDm0cv0AiAhq1EOxcRqGX0Yf8emmg9IRMW34e4vVsWXxCOY9TWD1g%3D%3D/lsparams/playback_host%2Cmh%2Cmm%2Cmn%2Cms%2Cmv%2Cmvi%2Cpcm2cms%2Cpl%2Cinitcwndbps/lsig/AG3C_xAwRQIhAM5aCD3Iurm8wNXD5DQU8PHY9edbTPikAnEm0FHBlXn0AiAMoh4ftrmhH-eOFHWuVBSwGF94mnjDRjVzrwKbIrODZQ%3D%3D", "width": null, "height": null, "tbr": 130.289, "asr": 44100, "fps": null, "language": null, "filesize": null, "vcodec": "none", "url": "https://manifest.googlevideo.com/api/manifest/dash/expire/1608485377/ei/oTXfX63TMcHNqAGm6bbgAQ/ip/140.109.135.76/id/e4210078c89729a0/source/youtube/requiressl/yes/playback_host/r4---sn-5njj-u2xl.googlevideo.com/mh/ib/mm/31%2C29/mn/sn-5njj-u2xl%2Csn-un57en7e/ms/au%2Crdu/mv/m/mvi/4/pcm2cms/yes/pl/16/hfr/all/as/fmp4_audio_clear%2Cwebm_audio_clear%2Cwebm2_audio_clear%2Cfmp4_sd_hd_clear%2Cwebm2_sd_hd_clear/initcwndbps/690000/vprv/1/mt/1608463244/fvip/4/keepalive/yes/itag/0/sparams/expire%2Cei%2Cip%2Cid%2Csource%2Crequiressl%2Chfr%2Cas%2Cvprv%2Citag/sig/AOq0QJ8wRQIhALXJIwx6467qO-qHa0zxDgY7BK8HwpWyI0VuMpDm0cv0AiAhq1EOxcRqGX0Yf8emmg9IRMW34e4vVsWXxCOY9TWD1g%3D%3D/lsparams/playback_host%2Cmh%2Cmm%2Cmn%2Cms%2Cmv%2Cmvi%2Cpcm2cms%2Cpl%2Cinitcwndbps/lsig/AG3C_xAwRQIhAM5aCD3Iurm8wNXD5DQU8PHY9edbTPikAnEm0FHBlXn0AiAMoh4ftrmhH-eOFHWuVBSwGF94mnjDRjVzrwKbIrODZQ%3D%3D", "fragment_base_url": "https://r4---sn-5njj-u2xl.googlevideo.com/videoplayback/expire/1608485377/ei/oTXfX63TMcHNqAGm6bbgAQ/ip/140.109.135.76/id/e4210078c89729a0/itag/140/source/youtube/requiressl/yes/mh/ib/mm/31,29/mn/sn-5njj-u2xl,sn-un57en7e/ms/au,rdu/mv/m/mvi/4/pcm2cms/yes/pl/16/initcwndbps/690000/vprv/1/ratebypass/yes/mime/audio%2Fmp4/otfp/1/gir/yes/clen/1042012/lmt/1606228554011431/dur/64.319/mt/1608463244/fvip/4/keepalive/yes/sparams/expire,ei,ip,id,itag,source,requiressl,vprv,ratebypass,mime,otfp,gir,clen,lmt,dur/sig/AOq0QJ8wRgIhAJuawPwOps4dm8i4sjLKn3D_7Jq-c1Bcm10w4H2JK1sbAiEAjTv12YusWRzzCPb723bDlBM1IWWmIfJ1l07TW4H1Ues%3D/lsparams/mh,mm,mn,ms,mv,mvi,pcm2cms,pl,initcwndbps/lsig/AG3C_xAwRQIgGtl9A0f5KxXTq4SyWO0rg82npNH51ykUNDcvzED5kjMCIQDfGf-lm1HrI29USAVLYv7hYuc-PyTLPBlp1b7lc1dS0w%3D%3D/", "fragments": [{"path": "range/0-631"}, {"path": "range/748-162617", "duration": 9.985}, {"path": "range/162618-324245", "duration": 9.984}, {"path": "range/324246-485702", "duration": 9.985}, {"path": "range/485703-647328", "duration": 9.984}, {"path": "range/647329-808994", "duration": 9.985}, {"path": "range/808995-970604", "duration": 9.984}, {"path": "range/970605-1042011", "duration": 4.505}], "protocol": "http_dash_segments", "format": "140 - audio only (DASH audio)", "http_headers": {"User-Agent": "Mozilla/5.0 (Windows NT 10.0; Win64; x64) AppleWebKit/537.36 (KHTML, like Gecko) Chrome/70.0.3538.31 Safari/537.36", "Accept-Charset": "ISO-8859-1,utf-8;q=0.7,*;q=0.7", "Accept": "text/html,application/xhtml+xml,application/xml;q=0.9,*/*;q=0.8", "Accept-Encoding": "gzip, deflate", "Accept-Language": "en-us,en;q=0.5"}}, {"ext": "webm", "format_note": "DASH audio", "acodec": "opus", "abr": 160, "format_id": "251", "manifest_url": "https://manifest.googlevideo.com/api/manifest/dash/expire/1608485377/ei/oTXfX63TMcHNqAGm6bbgAQ/ip/140.109.135.76/id/e4210078c89729a0/source/youtube/requiressl/yes/playback_host/r4---sn-5njj-u2xl.googlevideo.com/mh/ib/mm/31%2C29/mn/sn-5njj-u2xl%2Csn-un57en7e/ms/au%2Crdu/mv/m/mvi/4/pcm2cms/yes/pl/16/hfr/all/as/fmp4_audio_clear%2Cwebm_audio_clear%2Cwebm2_audio_clear%2Cfmp4_sd_hd_clear%2Cwebm2_sd_hd_clear/initcwndbps/690000/vprv/1/mt/1608463244/fvip/4/keepalive/yes/itag/0/sparams/expire%2Cei%2Cip%2Cid%2Csource%2Crequiressl%2Chfr%2Cas%2Cvprv%2Citag/sig/AOq0QJ8wRQIhALXJIwx6467qO-qHa0zxDgY7BK8HwpWyI0VuMpDm0cv0AiAhq1EOxcRqGX0Yf8emmg9IRMW34e4vVsWXxCOY9TWD1g%3D%3D/lsparams/playback_host%2Cmh%2Cmm%2Cmn%2Cms%2Cmv%2Cmvi%2Cpcm2cms%2Cpl%2Cinitcwndbps/lsig/AG3C_xAwRQIhAM5aCD3Iurm8wNXD5DQU8PHY9edbTPikAnEm0FHBlXn0AiAMoh4ftrmhH-eOFHWuVBSwGF94mnjDRjVzrwKbIrODZQ%3D%3D", "width": null, "height": null, "tbr": 164.888, "asr": 48000, "fps": null, "language": null, "filesize": null, "container": "webm_dash", "vcodec": "none", "url": "https://manifest.googlevideo.com/api/manifest/dash/expire/1608485377/ei/oTXfX63TMcHNqAGm6bbgAQ/ip/140.109.135.76/id/e4210078c89729a0/source/youtube/requiressl/yes/playback_host/r4---sn-5njj-u2xl.googlevideo.com/mh/ib/mm/31%2C29/mn/sn-5njj-u2xl%2Csn-un57en7e/ms/au%2Crdu/mv/m/mvi/4/pcm2cms/yes/pl/16/hfr/all/as/fmp4_audio_clear%2Cwebm_audio_clear%2Cwebm2_audio_clear%2Cfmp4_sd_hd_clear%2Cwebm2_sd_hd_clear/initcwndbps/690000/vprv/1/mt/1608463244/fvip/4/keepalive/yes/itag/0/sparams/expire%2Cei%2Cip%2Cid%2Csource%2Crequiressl%2Chfr%2Cas%2Cvprv%2Citag/sig/AOq0QJ8wRQIhALXJIwx6467qO-qHa0zxDgY7BK8HwpWyI0VuMpDm0cv0AiAhq1EOxcRqGX0Yf8emmg9IRMW34e4vVsWXxCOY9TWD1g%3D%3D/lsparams/playback_host%2Cmh%2Cmm%2Cmn%2Cms%2Cmv%2Cmvi%2Cpcm2cms%2Cpl%2Cinitcwndbps/lsig/AG3C_xAwRQIhAM5aCD3Iurm8wNXD5DQU8PHY9edbTPikAnEm0FHBlXn0AiAMoh4ftrmhH-eOFHWuVBSwGF94mnjDRjVzrwKbIrODZQ%3D%3D", "fragment_base_url": "https://r4---sn-5njj-u2xl.googlevideo.com/videoplayback/expire/1608485377/ei/oTXfX63TMcHNqAGm6bbgAQ/ip/140.109.135.76/id/e4210078c89729a0/itag/251/source/youtube/requiressl/yes/mh/ib/mm/31,29/mn/sn-5njj-u2xl,sn-un57en7e/ms/au,rdu/mv/m/mvi/4/pcm2cms/yes/pl/16/initcwndbps/690000/vprv/1/ratebypass/yes/mime/audio%2Fwebm/otfp/1/gir/yes/clen/1246968/lmt/1606228551614622/dur/64.281/mt/1608463244/fvip/4/keepalive/yes/sparams/expire,ei,ip,id,itag,source,requiressl,vprv,ratebypass,mime,otfp,gir,clen,lmt,dur/sig/AOq0QJ8wRgIhAPo34wGmGgB0Zmxf17YkqBFJgv-6InghFEcuPjm0xv5UAiEAzxozCxWIuwCBnNwewDm5TlcU-47eyynLXCu865NSo1s%3D/lsparams/mh,mm,mn,ms,mv,mvi,pcm2cms,pl,initcwndbps/lsig/AG3C_xAwRAIgUgCcc8B6ke0ucikw2WuNlzg6J1bvEQEXe70hrUu1Ov8CIAd0ajSuCG-QTkzdCcRuIghAR0hECQmEkFN-1ZHLnEmd/", "fragments": [{"path": "range/0-258"}, {"path": "range/374-169409", "duration": 10.001}, {"path": "range/169410-375519", "duration": 10.0}, {"path": "range/375520-578281", "duration": 10.0}, {"path": "range/578282-770700", "duration": 10.0}, {"path": "range/770701-971482", "duration": 10.0}, {"path": "range/971483-1164320", "duration": 10.0}, {"path": "range/1164321-1246967", "duration": 4.28}], "protocol": "http_dash_segments", "format": "251 - audio only (DASH audio)", "http_headers": {"User-Agent": "Mozilla/5.0 (Windows NT 10.0; Win64; x64) AppleWebKit/537.36 (KHTML, like Gecko) Chrome/70.0.3538.31 Safari/537.36", "Accept-Charset": "ISO-8859-1,utf-8;q=0.7,*;q=0.7", "Accept": "text/html,application/xhtml+xml,application/xml;q=0.9,*/*;q=0.8", "Accept-Encoding": "gzip, deflate", "Accept-Language": "en-us,en;q=0.5"}}, {"ext": "webm", "height": 144, "format_note": "DASH video", "container": "webm_dash", "vcodec": "vp9", "format_id": "278", "manifest_url": "https://manifest.googlevideo.com/api/manifest/dash/expire/1608485377/ei/oTXfX63TMcHNqAGm6bbgAQ/ip/140.109.135.76/id/e4210078c89729a0/source/youtube/requiressl/yes/playback_host/r4---sn-5njj-u2xl.googlevideo.com/mh/ib/mm/31%2C29/mn/sn-5njj-u2xl%2Csn-un57en7e/ms/au%2Crdu/mv/m/mvi/4/pcm2cms/yes/pl/16/hfr/all/as/fmp4_audio_clear%2Cwebm_audio_clear%2Cwebm2_audio_clear%2Cfmp4_sd_hd_clear%2Cwebm2_sd_hd_clear/initcwndbps/690000/vprv/1/mt/1608463244/fvip/4/keepalive/yes/itag/0/sparams/expire%2Cei%2Cip%2Cid%2Csource%2Crequiressl%2Chfr%2Cas%2Cvprv%2Citag/sig/AOq0QJ8wRQIhALXJIwx6467qO-qHa0zxDgY7BK8HwpWyI0VuMpDm0cv0AiAhq1EOxcRqGX0Yf8emmg9IRMW34e4vVsWXxCOY9TWD1g%3D%3D/lsparams/playback_host%2Cmh%2Cmm%2Cmn%2Cms%2Cmv%2Cmvi%2Cpcm2cms%2Cpl%2Cinitcwndbps/lsig/AG3C_xAwRQIhAM5aCD3Iurm8wNXD5DQU8PHY9edbTPikAnEm0FHBlXn0AiAMoh4ftrmhH-eOFHWuVBSwGF94mnjDRjVzrwKbIrODZQ%3D%3D", "width": 256, "tbr": 95.0, "asr": null, "fps": 30, "language": null, "filesize": null, "acodec": "none", "url": "https://manifest.googlevideo.com/api/manifest/dash/expire/1608485377/ei/oTXfX63TMcHNqAGm6bbgAQ/ip/140.109.135.76/id/e4210078c89729a0/source/youtube/requiressl/yes/playback_host/r4---sn-5njj-u2xl.googlevideo.com/mh/ib/mm/31%2C29/mn/sn-5njj-u2xl%2Csn-un57en7e/ms/au%2Crdu/mv/m/mvi/4/pcm2cms/yes/pl/16/hfr/all/as/fmp4_audio_clear%2Cwebm_audio_clear%2Cwebm2_audio_clear%2Cfmp4_sd_hd_clear%2Cwebm2_sd_hd_clear/initcwndbps/690000/vprv/1/mt/1608463244/fvip/4/keepalive/yes/itag/0/sparams/expire%2Cei%2Cip%2Cid%2Csource%2Crequiressl%2Chfr%2Cas%2Cvprv%2Citag/sig/AOq0QJ8wRQIhALXJIwx6467qO-qHa0zxDgY7BK8HwpWyI0VuMpDm0cv0AiAhq1EOxcRqGX0Yf8emmg9IRMW34e4vVsWXxCOY9TWD1g%3D%3D/lsparams/playback_host%2Cmh%2Cmm%2Cmn%2Cms%2Cmv%2Cmvi%2Cpcm2cms%2Cpl%2Cinitcwndbps/lsig/AG3C_xAwRQIhAM5aCD3Iurm8wNXD5DQU8PHY9edbTPikAnEm0FHBlXn0AiAMoh4ftrmhH-eOFHWuVBSwGF94mnjDRjVzrwKbIrODZQ%3D%3D", "fragment_base_url": "https://r4---sn-5njj-u2xl.googlevideo.com/videoplayback/expire/1608485377/ei/oTXfX63TMcHNqAGm6bbgAQ/ip/140.109.135.76/id/e4210078c89729a0/itag/278/source/yt_otf/requiressl/yes/mh/ib/mm/31,29/mn/sn-5njj-u2xl,sn-un57en7e/ms/au,rdu/mv/m/mvi/4/pcm2cms/yes/pl/16/initcwndbps/690000/vprv/1/ratebypass/yes/mime/video%2Fwebm/otfp/1/otf/1/lmt/1606228560643546/mt/1608463244/fvip/4/keepalive/yes/sparams/expire,ei,ip,id,itag,source,requiressl,vprv,ratebypass,mime,otfp,otf,lmt/sig/AOq0QJ8wRgIhAKV4hKw6ShG4pXZ91YOCU2eZfBgJzpaIzIxf_pNvicLiAiEAho4WxFwCR_Zd1X7TeSFxjRAB2AZla_cSHPSqvovRi4A%3D/lsparams/mh,mm,mn,ms,mv,mvi,pcm2cms,pl,initcwndbps/lsig/AG3C_xAwRQIhAOkNU7wBJEBgNazdGeZrXyaAGs0JoOXF6nyltNgpKjmZAiB-a9-gY3-8JxGjbqhm25o5-K75RP7I-61GAtFf2RtiEA%3D%3D/", "fragments": [{"path": "sq/0"}, {"path": "sq/1/dur/5.072", "duration": 5.072}, {"path": "sq/2/dur/5.071", "duration": 5.071}, {"path": "sq/3/dur/5.072", "duration": 5.072}, {"path": "sq/4/dur/5.072", "duration": 5.072}, {"path": "sq/5/dur/5.072", "duration": 5.072}, {"path": "sq/6/dur/5.071", "duration": 5.071}, {"path": "sq/7/dur/5.072", "duration": 5.072}, {"path": "sq/8/dur/5.072", "duration": 5.072}, {"path": "sq/9/dur/5.072", "duration": 5.072}, {"path": "sq/10/dur/5.071", "duration": 5.071}, {"path": "sq/11/dur/5.072", "duration": 5.072}, {"path": "sq/12/dur/5.072", "duration": 5.072}, {"path": "sq/13/dur/3.403", "duration": 3.403}], "protocol": "http_dash_segments", "format": "278 - 256x144 (DASH video)", "http_headers": {"User-Agent": "Mozilla/5.0 (Windows NT 10.0; Win64; x64) AppleWebKit/537.36 (KHTML, like Gecko) Chrome/70.0.3538.31 Safari/537.36", "Accept-Charset": "ISO-8859-1,utf-8;q=0.7,*;q=0.7", "Accept": "text/html,application/xhtml+xml,application/xml;q=0.9,*/*;q=0.8", "Accept-Encoding": "gzip, deflate", "Accept-Language": "en-us,en;q=0.5"}}, {"ext": "mp4", "height": 144, "format_note": "DASH video", "vcodec": "avc1.4d400b", "format_id": "160", "manifest_url": "https://manifest.googlevideo.com/api/manifest/dash/expire/1608485377/ei/oTXfX63TMcHNqAGm6bbgAQ/ip/140.109.135.76/id/e4210078c89729a0/source/youtube/requiressl/yes/playback_host/r4---sn-5njj-u2xl.googlevideo.com/mh/ib/mm/31%2C29/mn/sn-5njj-u2xl%2Csn-un57en7e/ms/au%2Crdu/mv/m/mvi/4/pcm2cms/yes/pl/16/hfr/all/as/fmp4_audio_clear%2Cwebm_audio_clear%2Cwebm2_audio_clear%2Cfmp4_sd_hd_clear%2Cwebm2_sd_hd_clear/initcwndbps/690000/vprv/1/mt/1608463244/fvip/4/keepalive/yes/itag/0/sparams/expire%2Cei%2Cip%2Cid%2Csource%2Crequiressl%2Chfr%2Cas%2Cvprv%2Citag/sig/AOq0QJ8wRQIhALXJIwx6467qO-qHa0zxDgY7BK8HwpWyI0VuMpDm0cv0AiAhq1EOxcRqGX0Yf8emmg9IRMW34e4vVsWXxCOY9TWD1g%3D%3D/lsparams/playback_host%2Cmh%2Cmm%2Cmn%2Cms%2Cmv%2Cmvi%2Cpcm2cms%2Cpl%2Cinitcwndbps/lsig/AG3C_xAwRQIhAM5aCD3Iurm8wNXD5DQU8PHY9edbTPikAnEm0FHBlXn0AiAMoh4ftrmhH-eOFHWuVBSwGF94mnjDRjVzrwKbIrODZQ%3D%3D", "width": 256, "tbr": 108.0, "asr": null, "fps": 30, "language": null, "filesize": null, "container": "mp4_dash", "acodec": "none", "url": "https://manifest.googlevideo.com/api/manifest/dash/expire/1608485377/ei/oTXfX63TMcHNqAGm6bbgAQ/ip/140.109.135.76/id/e4210078c89729a0/source/youtube/requiressl/yes/playback_host/r4---sn-5njj-u2xl.googlevideo.com/mh/ib/mm/31%2C29/mn/sn-5njj-u2xl%2Csn-un57en7e/ms/au%2Crdu/mv/m/mvi/4/pcm2cms/yes/pl/16/hfr/all/as/fmp4_audio_clear%2Cwebm_audio_clear%2Cwebm2_audio_clear%2Cfmp4_sd_hd_clear%2Cwebm2_sd_hd_clear/initcwndbps/690000/vprv/1/mt/1608463244/fvip/4/keepalive/yes/itag/0/sparams/expire%2Cei%2Cip%2Cid%2Csource%2Crequiressl%2Chfr%2Cas%2Cvprv%2Citag/sig/AOq0QJ8wRQIhALXJIwx6467qO-qHa0zxDgY7BK8HwpWyI0VuMpDm0cv0AiAhq1EOxcRqGX0Yf8emmg9IRMW34e4vVsWXxCOY9TWD1g%3D%3D/lsparams/playback_host%2Cmh%2Cmm%2Cmn%2Cms%2Cmv%2Cmvi%2Cpcm2cms%2Cpl%2Cinitcwndbps/lsig/AG3C_xAwRQIhAM5aCD3Iurm8wNXD5DQU8PHY9edbTPikAnEm0FHBlXn0AiAMoh4ftrmhH-eOFHWuVBSwGF94mnjDRjVzrwKbIrODZQ%3D%3D", "fragment_base_url": "https://r4---sn-5njj-u2xl.googlevideo.com/videoplayback/expire/1608485377/ei/oTXfX63TMcHNqAGm6bbgAQ/ip/140.109.135.76/id/e4210078c89729a0/itag/160/source/yt_otf/requiressl/yes/mh/ib/mm/31,29/mn/sn-5njj-u2xl,sn-un57en7e/ms/au,rdu/mv/m/mvi/4/pcm2cms/yes/pl/16/initcwndbps/690000/vprv/1/ratebypass/yes/mime/video%2Fmp4/otfp/1/otf/1/lmt/1606228560643546/mt/1608463244/fvip/4/keepalive/yes/sparams/expire,ei,ip,id,itag,source,requiressl,vprv,ratebypass,mime,otfp,otf,lmt/sig/AOq0QJ8wRQIhAMU5WVlRWfXSVTUSjK15uDOpW5q3WHRoJRbyj6IBTjcUAiA6_z4CygZtMS21Tlnd0S1ZeZCQTAg6C14iJxtO737goA%3D%3D/lsparams/mh,mm,mn,ms,mv,mvi,pcm2cms,pl,initcwndbps/lsig/AG3C_xAwRgIhAPoyikrONyJ-2R8K1_PNBIHD5lVtHP_GCL5WvnK3b7tSAiEA_vrFmjFM_hkFiZZWpNzYCBBVYk8EtMDc2V7HaV716KM%3D/", "fragments": [{"path": "sq/0"}, {"path": "sq/1/dur/5.072", "duration": 5.072}, {"path": "sq/2/dur/5.071", "duration": 5.071}, {"path": "sq/3/dur/5.072", "duration": 5.072}, {"path": "sq/4/dur/5.072", "duration": 5.072}, {"path": "sq/5/dur/5.072", "duration": 5.072}, {"path": "sq/6/dur/5.071", "duration": 5.071}, {"path": "sq/7/dur/5.072", "duration": 5.072}, {"path": "sq/8/dur/5.072", "duration": 5.072}, {"path": "sq/9/dur/5.072", "duration": 5.072}, {"path": "sq/10/dur/5.071", "duration": 5.071}, {"path": "sq/11/dur/5.072", "duration": 5.072}, {"path": "sq/12/dur/5.072", "duration": 5.072}, {"path": "sq/13/dur/3.403", "duration": 3.403}], "protocol": "http_dash_segments", "format": "160 - 256x144 (DASH video)", "http_headers": {"User-Agent": "Mozilla/5.0 (Windows NT 10.0; Win64; x64) AppleWebKit/537.36 (KHTML, like Gecko) Chrome/70.0.3538.31 Safari/537.36", "Accept-Charset": "ISO-8859-1,utf-8;q=0.7,*;q=0.7", "Accept": "text/html,application/xhtml+xml,application/xml;q=0.9,*/*;q=0.8", "Accept-Encoding": "gzip, deflate", "Accept-Language": "en-us,en;q=0.5"}}, {"ext": "webm", "height": 240, "format_note": "DASH video", "vcodec": "vp9", "format_id": "242", "manifest_url": "https://manifest.googlevideo.com/api/manifest/dash/expire/1608485377/ei/oTXfX63TMcHNqAGm6bbgAQ/ip/140.109.135.76/id/e4210078c89729a0/source/youtube/requiressl/yes/playback_host/r4---sn-5njj-u2xl.googlevideo.com/mh/ib/mm/31%2C29/mn/sn-5njj-u2xl%2Csn-un57en7e/ms/au%2Crdu/mv/m/mvi/4/pcm2cms/yes/pl/16/hfr/all/as/fmp4_audio_clear%2Cwebm_audio_clear%2Cwebm2_audio_clear%2Cfmp4_sd_hd_clear%2Cwebm2_sd_hd_clear/initcwndbps/690000/vprv/1/mt/1608463244/fvip/4/keepalive/yes/itag/0/sparams/expire%2Cei%2Cip%2Cid%2Csource%2Crequiressl%2Chfr%2Cas%2Cvprv%2Citag/sig/AOq0QJ8wRQIhALXJIwx6467qO-qHa0zxDgY7BK8HwpWyI0VuMpDm0cv0AiAhq1EOxcRqGX0Yf8emmg9IRMW34e4vVsWXxCOY9TWD1g%3D%3D/lsparams/playback_host%2Cmh%2Cmm%2Cmn%2Cms%2Cmv%2Cmvi%2Cpcm2cms%2Cpl%2Cinitcwndbps/lsig/AG3C_xAwRQIhAM5aCD3Iurm8wNXD5DQU8PHY9edbTPikAnEm0FHBlXn0AiAMoh4ftrmhH-eOFHWuVBSwGF94mnjDRjVzrwKbIrODZQ%3D%3D", "width": 426, "tbr": 220.5, "asr": null, "fps": 30, "language": null, "filesize": null, "container": "webm_dash", "acodec": "none", "url": "https://manifest.googlevideo.com/api/manifest/dash/expire/1608485377/ei/oTXfX63TMcHNqAGm6bbgAQ/ip/140.109.135.76/id/e4210078c89729a0/source/youtube/requiressl/yes/playback_host/r4---sn-5njj-u2xl.googlevideo.com/mh/ib/mm/31%2C29/mn/sn-5njj-u2xl%2Csn-un57en7e/ms/au%2Crdu/mv/m/mvi/4/pcm2cms/yes/pl/16/hfr/all/as/fmp4_audio_clear%2Cwebm_audio_clear%2Cwebm2_audio_clear%2Cfmp4_sd_hd_clear%2Cwebm2_sd_hd_clear/initcwndbps/690000/vprv/1/mt/1608463244/fvip/4/keepalive/yes/itag/0/sparams/expire%2Cei%2Cip%2Cid%2Csource%2Crequiressl%2Chfr%2Cas%2Cvprv%2Citag/sig/AOq0QJ8wRQIhALXJIwx6467qO-qHa0zxDgY7BK8HwpWyI0VuMpDm0cv0AiAhq1EOxcRqGX0Yf8emmg9IRMW34e4vVsWXxCOY9TWD1g%3D%3D/lsparams/playback_host%2Cmh%2Cmm%2Cmn%2Cms%2Cmv%2Cmvi%2Cpcm2cms%2Cpl%2Cinitcwndbps/lsig/AG3C_xAwRQIhAM5aCD3Iurm8wNXD5DQU8PHY9edbTPikAnEm0FHBlXn0AiAMoh4ftrmhH-eOFHWuVBSwGF94mnjDRjVzrwKbIrODZQ%3D%3D", "fragment_base_url": "https://r4---sn-5njj-u2xl.googlevideo.com/videoplayback/expire/1608485377/ei/oTXfX63TMcHNqAGm6bbgAQ/ip/140.109.135.76/id/e4210078c89729a0/itag/242/source/yt_otf/requiressl/yes/mh/ib/mm/31,29/mn/sn-5njj-u2xl,sn-un57en7e/ms/au,rdu/mv/m/mvi/4/pcm2cms/yes/pl/16/initcwndbps/690000/vprv/1/ratebypass/yes/mime/video%2Fwebm/otfp/1/otf/1/lmt/1606228560643546/mt/1608463244/fvip/4/keepalive/yes/sparams/expire,ei,ip,id,itag,source,requiressl,vprv,ratebypass,mime,otfp,otf,lmt/sig/AOq0QJ8wRgIhAL4OAgWcg_YaR5lFWIahzqc9RaroKitVkqJ79pWfAkhBAiEAmXSHuzo75FtxdbhEcgo-q5JFJSEw6j6gCLgR7TBHOn8%3D/lsparams/mh,mm,mn,ms,mv,mvi,pcm2cms,pl,initcwndbps/lsig/AG3C_xAwRQIhAITRaVsSbUM4sVDUe29zuk5VUfh4rp3PdVwAkwBoQDmRAiB1F8ZtRrnQCkPVnsAwBxVe4J-cy2_kVMWLBLnS2U_kbA%3D%3D/", "fragments": [{"path": "sq/0"}, {"path": "sq/1/dur/5.072", "duration": 5.072}, {"path": "sq/2/dur/5.071", "duration": 5.071}, {"path": "sq/3/dur/5.072", "duration": 5.072}, {"path": "sq/4/dur/5.072", "duration": 5.072}, {"path": "sq/5/dur/5.072", "duration": 5.072}, {"path": "sq/6/dur/5.071", "duration": 5.071}, {"path": "sq/7/dur/5.072", "duration": 5.072}, {"path": "sq/8/dur/5.072", "duration": 5.072}, {"path": "sq/9/dur/5.072", "duration": 5.072}, {"path": "sq/10/dur/5.071", "duration": 5.071}, {"path": "sq/11/dur/5.072", "duration": 5.072}, {"path": "sq/12/dur/5.072", "duration": 5.072}, {"path": "sq/13/dur/3.403", "duration": 3.403}], "protocol": "http_dash_segments", "format": "242 - 426x240 (DASH video)", "http_headers": {"User-Agent": "Mozilla/5.0 (Windows NT 10.0; Win64; x64) AppleWebKit/537.36 (KHTML, like Gecko) Chrome/70.0.3538.31 Safari/537.36", "Accept-Charset": "ISO-8859-1,utf-8;q=0.7,*;q=0.7", "Accept": "text/html,application/xhtml+xml,application/xml;q=0.9,*/*;q=0.8", "Accept-Encoding": "gzip, deflate", "Accept-Language": "en-us,en;q=0.5"}}, {"ext": "mp4", "height": 240, "format_note": "DASH video", "vcodec": "avc1.4d400c", "format_id": "133", "manifest_url": "https://manifest.googlevideo.com/api/manifest/dash/expire/1608485377/ei/oTXfX63TMcHNqAGm6bbgAQ/ip/140.109.135.76/id/e4210078c89729a0/source/youtube/requiressl/yes/playback_host/r4---sn-5njj-u2xl.googlevideo.com/mh/ib/mm/31%2C29/mn/sn-5njj-u2xl%2Csn-un57en7e/ms/au%2Crdu/mv/m/mvi/4/pcm2cms/yes/pl/16/hfr/all/as/fmp4_audio_clear%2Cwebm_audio_clear%2Cwebm2_audio_clear%2Cfmp4_sd_hd_clear%2Cwebm2_sd_hd_clear/initcwndbps/690000/vprv/1/mt/1608463244/fvip/4/keepalive/yes/itag/0/sparams/expire%2Cei%2Cip%2Cid%2Csource%2Crequiressl%2Chfr%2Cas%2Cvprv%2Citag/sig/AOq0QJ8wRQIhALXJIwx6467qO-qHa0zxDgY7BK8HwpWyI0VuMpDm0cv0AiAhq1EOxcRqGX0Yf8emmg9IRMW34e4vVsWXxCOY9TWD1g%3D%3D/lsparams/playback_host%2Cmh%2Cmm%2Cmn%2Cms%2Cmv%2Cmvi%2Cpcm2cms%2Cpl%2Cinitcwndbps/lsig/AG3C_xAwRQIhAM5aCD3Iurm8wNXD5DQU8PHY9edbTPikAnEm0FHBlXn0AiAMoh4ftrmhH-eOFHWuVBSwGF94mnjDRjVzrwKbIrODZQ%3D%3D", "width": 426, "tbr": 242.0, "asr": null, "fps": 30, "language": null, "filesize": null, "container": "mp4_dash", "acodec": "none", "url": "https://manifest.googlevideo.com/api/manifest/dash/expire/1608485377/ei/oTXfX63TMcHNqAGm6bbgAQ/ip/140.109.135.76/id/e4210078c89729a0/source/youtube/requiressl/yes/playback_host/r4---sn-5njj-u2xl.googlevideo.com/mh/ib/mm/31%2C29/mn/sn-5njj-u2xl%2Csn-un57en7e/ms/au%2Crdu/mv/m/mvi/4/pcm2cms/yes/pl/16/hfr/all/as/fmp4_audio_clear%2Cwebm_audio_clear%2Cwebm2_audio_clear%2Cfmp4_sd_hd_clear%2Cwebm2_sd_hd_clear/initcwndbps/690000/vprv/1/mt/1608463244/fvip/4/keepalive/yes/itag/0/sparams/expire%2Cei%2Cip%2Cid%2Csource%2Crequiressl%2Chfr%2Cas%2Cvprv%2Citag/sig/AOq0QJ8wRQIhALXJIwx6467qO-qHa0zxDgY7BK8HwpWyI0VuMpDm0cv0AiAhq1EOxcRqGX0Yf8emmg9IRMW34e4vVsWXxCOY9TWD1g%3D%3D/lsparams/playback_host%2Cmh%2Cmm%2Cmn%2Cms%2Cmv%2Cmvi%2Cpcm2cms%2Cpl%2Cinitcwndbps/lsig/AG3C_xAwRQIhAM5aCD3Iurm8wNXD5DQU8PHY9edbTPikAnEm0FHBlXn0AiAMoh4ftrmhH-eOFHWuVBSwGF94mnjDRjVzrwKbIrODZQ%3D%3D", "fragment_base_url": "https://r4---sn-5njj-u2xl.googlevideo.com/videoplayback/expire/1608485377/ei/oTXfX63TMcHNqAGm6bbgAQ/ip/140.109.135.76/id/e4210078c89729a0/itag/133/source/yt_otf/requiressl/yes/mh/ib/mm/31,29/mn/sn-5njj-u2xl,sn-un57en7e/ms/au,rdu/mv/m/mvi/4/pcm2cms/yes/pl/16/initcwndbps/690000/vprv/1/ratebypass/yes/mime/video%2Fmp4/otfp/1/otf/1/lmt/1606228560643546/mt/1608463244/fvip/4/keepalive/yes/sparams/expire,ei,ip,id,itag,source,requiressl,vprv,ratebypass,mime,otfp,otf,lmt/sig/AOq0QJ8wRQIgbrLLsqVHjm0vtiyDxq41BNtG5Lk9tezSz5laR4GI7C0CIQDeY1u9Pjgk_gQ0u3Sq_7-YrffjbLtnm55cgerYiWpuJQ%3D%3D/lsparams/mh,mm,mn,ms,mv,mvi,pcm2cms,pl,initcwndbps/lsig/AG3C_xAwRgIhAMe3cCBCXhRhj39tJCKFkHu0pEnaME6ZpC26MH8kKLc8AiEAqsjxaP7dC8ZkYrGTana8S6nzCt5TnlA52QC3lVJP0RY%3D/", "fragments": [{"path": "sq/0"}, {"path": "sq/1/dur/5.072", "duration": 5.072}, {"path": "sq/2/dur/5.071", "duration": 5.071}, {"path": "sq/3/dur/5.072", "duration": 5.072}, {"path": "sq/4/dur/5.072", "duration": 5.072}, {"path": "sq/5/dur/5.072", "duration": 5.072}, {"path": "sq/6/dur/5.071", "duration": 5.071}, {"path": "sq/7/dur/5.072", "duration": 5.072}, {"path": "sq/8/dur/5.072", "duration": 5.072}, {"path": "sq/9/dur/5.072", "duration": 5.072}, {"path": "sq/10/dur/5.071", "duration": 5.071}, {"path": "sq/11/dur/5.072", "duration": 5.072}, {"path": "sq/12/dur/5.072", "duration": 5.072}, {"path": "sq/13/dur/3.403", "duration": 3.403}], "protocol": "http_dash_segments", "format": "133 - 426x240 (DASH video)", "http_headers": {"User-Agent": "Mozilla/5.0 (Windows NT 10.0; Win64; x64) AppleWebKit/537.36 (KHTML, like Gecko) Chrome/70.0.3538.31 Safari/537.36", "Accept-Charset": "ISO-8859-1,utf-8;q=0.7,*;q=0.7", "Accept": "text/html,application/xhtml+xml,application/xml;q=0.9,*/*;q=0.8", "Accept-Encoding": "gzip, deflate", "Accept-Language": "en-us,en;q=0.5"}}, {"ext": "mp4", "height": 360, "format_note": "DASH video", "vcodec": "avc1.4d401e", "format_id": "134", "manifest_url": "https://manifest.googlevideo.com/api/manifest/dash/expire/1608485377/ei/oTXfX63TMcHNqAGm6bbgAQ/ip/140.109.135.76/id/e4210078c89729a0/source/youtube/requiressl/yes/playback_host/r4---sn-5njj-u2xl.googlevideo.com/mh/ib/mm/31%2C29/mn/sn-5njj-u2xl%2Csn-un57en7e/ms/au%2Crdu/mv/m/mvi/4/pcm2cms/yes/pl/16/hfr/all/as/fmp4_audio_clear%2Cwebm_audio_clear%2Cwebm2_audio_clear%2Cfmp4_sd_hd_clear%2Cwebm2_sd_hd_clear/initcwndbps/690000/vprv/1/mt/1608463244/fvip/4/keepalive/yes/itag/0/sparams/expire%2Cei%2Cip%2Cid%2Csource%2Crequiressl%2Chfr%2Cas%2Cvprv%2Citag/sig/AOq0QJ8wRQIhALXJIwx6467qO-qHa0zxDgY7BK8HwpWyI0VuMpDm0cv0AiAhq1EOxcRqGX0Yf8emmg9IRMW34e4vVsWXxCOY9TWD1g%3D%3D/lsparams/playback_host%2Cmh%2Cmm%2Cmn%2Cms%2Cmv%2Cmvi%2Cpcm2cms%2Cpl%2Cinitcwndbps/lsig/AG3C_xAwRQIhAM5aCD3Iurm8wNXD5DQU8PHY9edbTPikAnEm0FHBlXn0AiAMoh4ftrmhH-eOFHWuVBSwGF94mnjDRjVzrwKbIrODZQ%3D%3D", "width": 640, "tbr": 296.777, "asr": null, "fps": 30, "language": null, "filesize": null, "container": "mp4_dash", "acodec": "none", "url": "https://manifest.googlevideo.com/api/manifest/dash/expire/1608485377/ei/oTXfX63TMcHNqAGm6bbgAQ/ip/140.109.135.76/id/e4210078c89729a0/source/youtube/requiressl/yes/playback_host/r4---sn-5njj-u2xl.googlevideo.com/mh/ib/mm/31%2C29/mn/sn-5njj-u2xl%2Csn-un57en7e/ms/au%2Crdu/mv/m/mvi/4/pcm2cms/yes/pl/16/hfr/all/as/fmp4_audio_clear%2Cwebm_audio_clear%2Cwebm2_audio_clear%2Cfmp4_sd_hd_clear%2Cwebm2_sd_hd_clear/initcwndbps/690000/vprv/1/mt/1608463244/fvip/4/keepalive/yes/itag/0/sparams/expire%2Cei%2Cip%2Cid%2Csource%2Crequiressl%2Chfr%2Cas%2Cvprv%2Citag/sig/AOq0QJ8wRQIhALXJIwx6467qO-qHa0zxDgY7BK8HwpWyI0VuMpDm0cv0AiAhq1EOxcRqGX0Yf8emmg9IRMW34e4vVsWXxCOY9TWD1g%3D%3D/lsparams/playback_host%2Cmh%2Cmm%2Cmn%2Cms%2Cmv%2Cmvi%2Cpcm2cms%2Cpl%2Cinitcwndbps/lsig/AG3C_xAwRQIhAM5aCD3Iurm8wNXD5DQU8PHY9edbTPikAnEm0FHBlXn0AiAMoh4ftrmhH-eOFHWuVBSwGF94mnjDRjVzrwKbIrODZQ%3D%3D", "fragment_base_url": "https://r4---sn-5njj-u2xl.googlevideo.com/videoplayback/expire/1608485377/ei/oTXfX63TMcHNqAGm6bbgAQ/ip/140.109.135.76/id/e4210078c89729a0/itag/134/source/youtube/requiressl/yes/mh/ib/mm/31,29/mn/sn-5njj-u2xl,sn-un57en7e/ms/au,rdu/mv/m/mvi/4/pcm2cms/yes/pl/16/initcwndbps/690000/vprv/1/ratebypass/yes/mime/video%2Fmp4/otfp/1/gir/yes/clen/1889652/lmt/1606228560551606/dur/64.264/mt/1608463244/fvip/4/keepalive/yes/sparams/expire,ei,ip,id,itag,source,requiressl,vprv,ratebypass,mime,otfp,gir,clen,lmt,dur/sig/AOq0QJ8wRgIhANqc3qQp8lrCfpHqvr2m30PX6FgRNCnuzbjjChkyJKqvAiEA-Kuv9Cychevyr_JNbWAd4GftoewKPUeB4FUOpq6rGjU%3D/lsparams/mh,mm,mn,ms,mv,mvi,pcm2cms,pl,initcwndbps/lsig/AG3C_xAwRQIgHMv6XNMuttoshF1w7VKUwN0rQtRdeAeWN4TrwYEXUQcCIQCNINg_UA2sqQx7NCWCKdLFIMtigl-fgduguCvHd0dLlg%3D%3D/", "fragments": [{"path": "range/0-739"}, {"path": "range/928-119784", "duration": 5.072}, {"path": "range/119785-249667", "duration": 5.071}, {"path": "range/249668-380121", "duration": 5.072}, {"path": "range/380122-549558", "duration": 5.072}, {"path": "range/549559-715243", "duration": 5.072}, {"path": "range/715244-903400", "duration": 5.071}, {"path": "range/903401-1077257", "duration": 5.072}, {"path": "range/1077258-1243260", "duration": 5.072}, {"path": "range/1243261-1419810", "duration": 5.072}, {"path": "range/1419811-1560291", "duration": 5.071}, {"path": "range/1560292-1688013", "duration": 5.072}, {"path": "range/1688014-1804937", "duration": 5.072}, {"path": "range/1804938-1889651", "duration": 3.403}], "protocol": "http_dash_segments", "format": "134 - 640x360 (DASH video)", "http_headers": {"User-Agent": "Mozilla/5.0 (Windows NT 10.0; Win64; x64) AppleWebKit/537.36 (KHTML, like Gecko) Chrome/70.0.3538.31 Safari/537.36", "Accept-Charset": "ISO-8859-1,utf-8;q=0.7,*;q=0.7", "Accept": "text/html,application/xhtml+xml,application/xml;q=0.9,*/*;q=0.8", "Accept-Encoding": "gzip, deflate", "Accept-Language": "en-us,en;q=0.5"}}, {"ext": "webm", "height": 360, "format_note": "DASH video", "vcodec": "vp9", "format_id": "243", "manifest_url": "https://manifest.googlevideo.com/api/manifest/dash/expire/1608485377/ei/oTXfX63TMcHNqAGm6bbgAQ/ip/140.109.135.76/id/e4210078c89729a0/source/youtube/requiressl/yes/playback_host/r4---sn-5njj-u2xl.googlevideo.com/mh/ib/mm/31%2C29/mn/sn-5njj-u2xl%2Csn-un57en7e/ms/au%2Crdu/mv/m/mvi/4/pcm2cms/yes/pl/16/hfr/all/as/fmp4_audio_clear%2Cwebm_audio_clear%2Cwebm2_audio_clear%2Cfmp4_sd_hd_clear%2Cwebm2_sd_hd_clear/initcwndbps/690000/vprv/1/mt/1608463244/fvip/4/keepalive/yes/itag/0/sparams/expire%2Cei%2Cip%2Cid%2Csource%2Crequiressl%2Chfr%2Cas%2Cvprv%2Citag/sig/AOq0QJ8wRQIhALXJIwx6467qO-qHa0zxDgY7BK8HwpWyI0VuMpDm0cv0AiAhq1EOxcRqGX0Yf8emmg9IRMW34e4vVsWXxCOY9TWD1g%3D%3D/lsparams/playback_host%2Cmh%2Cmm%2Cmn%2Cms%2Cmv%2Cmvi%2Cpcm2cms%2Cpl%2Cinitcwndbps/lsig/AG3C_xAwRQIhAM5aCD3Iurm8wNXD5DQU8PHY9edbTPikAnEm0FHBlXn0AiAMoh4ftrmhH-eOFHWuVBSwGF94mnjDRjVzrwKbIrODZQ%3D%3D", "width": 640, "tbr": 405.72, "asr": null, "fps": 30, "language": null, "filesize": null, "container": "webm_dash", "acodec": "none", "url": "https://manifest.googlevideo.com/api/manifest/dash/expire/1608485377/ei/oTXfX63TMcHNqAGm6bbgAQ/ip/140.109.135.76/id/e4210078c89729a0/source/youtube/requiressl/yes/playback_host/r4---sn-5njj-u2xl.googlevideo.com/mh/ib/mm/31%2C29/mn/sn-5njj-u2xl%2Csn-un57en7e/ms/au%2Crdu/mv/m/mvi/4/pcm2cms/yes/pl/16/hfr/all/as/fmp4_audio_clear%2Cwebm_audio_clear%2Cwebm2_audio_clear%2Cfmp4_sd_hd_clear%2Cwebm2_sd_hd_clear/initcwndbps/690000/vprv/1/mt/1608463244/fvip/4/keepalive/yes/itag/0/sparams/expire%2Cei%2Cip%2Cid%2Csource%2Crequiressl%2Chfr%2Cas%2Cvprv%2Citag/sig/AOq0QJ8wRQIhALXJIwx6467qO-qHa0zxDgY7BK8HwpWyI0VuMpDm0cv0AiAhq1EOxcRqGX0Yf8emmg9IRMW34e4vVsWXxCOY9TWD1g%3D%3D/lsparams/playback_host%2Cmh%2Cmm%2Cmn%2Cms%2Cmv%2Cmvi%2Cpcm2cms%2Cpl%2Cinitcwndbps/lsig/AG3C_xAwRQIhAM5aCD3Iurm8wNXD5DQU8PHY9edbTPikAnEm0FHBlXn0AiAMoh4ftrmhH-eOFHWuVBSwGF94mnjDRjVzrwKbIrODZQ%3D%3D", "fragment_base_url": "https://r4---sn-5njj-u2xl.googlevideo.com/videoplayback/expire/1608485377/ei/oTXfX63TMcHNqAGm6bbgAQ/ip/140.109.135.76/id/e4210078c89729a0/itag/243/source/yt_otf/requiressl/yes/mh/ib/mm/31,29/mn/sn-5njj-u2xl,sn-un57en7e/ms/au,rdu/mv/m/mvi/4/pcm2cms/yes/pl/16/initcwndbps/690000/vprv/1/ratebypass/yes/mime/video%2Fwebm/otfp/1/otf/1/lmt/1606228560643546/mt/1608463244/fvip/4/keepalive/yes/sparams/expire,ei,ip,id,itag,source,requiressl,vprv,ratebypass,mime,otfp,otf,lmt/sig/AOq0QJ8wRQIhAMIGzmUP--OsyKp3k2mGC5T1yEwobkK03L0sZJvC-B8HAiBL8k3W6ZzucCyzEHUuo_h6_AfrvyU5xKqpVUN0OiAKiA%3D%3D/lsparams/mh,mm,mn,ms,mv,mvi,pcm2cms,pl,initcwndbps/lsig/AG3C_xAwRAIgYEqsO7GuScAh9BiDr-nWb0ST2g-3apnGORGdyrX9kUQCIEx--yxMIR6VADP7H1TObGFgUAoIfN0gdeB6vtjUdpT3/", "fragments": [{"path": "sq/0"}, {"path": "sq/1/dur/5.072", "duration": 5.072}, {"path": "sq/2/dur/5.071", "duration": 5.071}, {"path": "sq/3/dur/5.072", "duration": 5.072}, {"path": "sq/4/dur/5.072", "duration": 5.072}, {"path": "sq/5/dur/5.072", "duration": 5.072}, {"path": "sq/6/dur/5.071", "duration": 5.071}, {"path": "sq/7/dur/5.072", "duration": 5.072}, {"path": "sq/8/dur/5.072", "duration": 5.072}, {"path": "sq/9/dur/5.072", "duration": 5.072}, {"path": "sq/10/dur/5.071", "duration": 5.071}, {"path": "sq/11/dur/5.072", "duration": 5.072}, {"path": "sq/12/dur/5.072", "duration": 5.072}, {"path": "sq/13/dur/3.403", "duration": 3.403}], "protocol": "http_dash_segments", "format": "243 - 640x360 (DASH video)", "http_headers": {"User-Agent": "Mozilla/5.0 (Windows NT 10.0; Win64; x64) AppleWebKit/537.36 (KHTML, like Gecko) Chrome/70.0.3538.31 Safari/537.36", "Accept-Charset": "ISO-8859-1,utf-8;q=0.7,*;q=0.7", "Accept": "text/html,application/xhtml+xml,application/xml;q=0.9,*/*;q=0.8", "Accept-Encoding": "gzip, deflate", "Accept-Language": "en-us,en;q=0.5"}}, {"ext": "webm", "height": 480, "format_note": "DASH video", "vcodec": "vp9", "format_id": "244", "manifest_url": "https://manifest.googlevideo.com/api/manifest/dash/expire/1608485377/ei/oTXfX63TMcHNqAGm6bbgAQ/ip/140.109.135.76/id/e4210078c89729a0/source/youtube/requiressl/yes/playback_host/r4---sn-5njj-u2xl.googlevideo.com/mh/ib/mm/31%2C29/mn/sn-5njj-u2xl%2Csn-un57en7e/ms/au%2Crdu/mv/m/mvi/4/pcm2cms/yes/pl/16/hfr/all/as/fmp4_audio_clear%2Cwebm_audio_clear%2Cwebm2_audio_clear%2Cfmp4_sd_hd_clear%2Cwebm2_sd_hd_clear/initcwndbps/690000/vprv/1/mt/1608463244/fvip/4/keepalive/yes/itag/0/sparams/expire%2Cei%2Cip%2Cid%2Csource%2Crequiressl%2Chfr%2Cas%2Cvprv%2Citag/sig/AOq0QJ8wRQIhALXJIwx6467qO-qHa0zxDgY7BK8HwpWyI0VuMpDm0cv0AiAhq1EOxcRqGX0Yf8emmg9IRMW34e4vVsWXxCOY9TWD1g%3D%3D/lsparams/playback_host%2Cmh%2Cmm%2Cmn%2Cms%2Cmv%2Cmvi%2Cpcm2cms%2Cpl%2Cinitcwndbps/lsig/AG3C_xAwRQIhAM5aCD3Iurm8wNXD5DQU8PHY9edbTPikAnEm0FHBlXn0AiAMoh4ftrmhH-eOFHWuVBSwGF94mnjDRjVzrwKbIrODZQ%3D%3D", "width": 854, "tbr": 752.64, "asr": null, "fps": 30, "language": null, "filesize": null, "container": "webm_dash", "acodec": "none", "url": "https://manifest.googlevideo.com/api/manifest/dash/expire/1608485377/ei/oTXfX63TMcHNqAGm6bbgAQ/ip/140.109.135.76/id/e4210078c89729a0/source/youtube/requiressl/yes/playback_host/r4---sn-5njj-u2xl.googlevideo.com/mh/ib/mm/31%2C29/mn/sn-5njj-u2xl%2Csn-un57en7e/ms/au%2Crdu/mv/m/mvi/4/pcm2cms/yes/pl/16/hfr/all/as/fmp4_audio_clear%2Cwebm_audio_clear%2Cwebm2_audio_clear%2Cfmp4_sd_hd_clear%2Cwebm2_sd_hd_clear/initcwndbps/690000/vprv/1/mt/1608463244/fvip/4/keepalive/yes/itag/0/sparams/expire%2Cei%2Cip%2Cid%2Csource%2Crequiressl%2Chfr%2Cas%2Cvprv%2Citag/sig/AOq0QJ8wRQIhALXJIwx6467qO-qHa0zxDgY7BK8HwpWyI0VuMpDm0cv0AiAhq1EOxcRqGX0Yf8emmg9IRMW34e4vVsWXxCOY9TWD1g%3D%3D/lsparams/playback_host%2Cmh%2Cmm%2Cmn%2Cms%2Cmv%2Cmvi%2Cpcm2cms%2Cpl%2Cinitcwndbps/lsig/AG3C_xAwRQIhAM5aCD3Iurm8wNXD5DQU8PHY9edbTPikAnEm0FHBlXn0AiAMoh4ftrmhH-eOFHWuVBSwGF94mnjDRjVzrwKbIrODZQ%3D%3D", "fragment_base_url": "https://r4---sn-5njj-u2xl.googlevideo.com/videoplayback/expire/1608485377/ei/oTXfX63TMcHNqAGm6bbgAQ/ip/140.109.135.76/id/e4210078c89729a0/itag/244/source/yt_otf/requiressl/yes/mh/ib/mm/31,29/mn/sn-5njj-u2xl,sn-un57en7e/ms/au,rdu/mv/m/mvi/4/pcm2cms/yes/pl/16/initcwndbps/690000/vprv/1/ratebypass/yes/mime/video%2Fwebm/otfp/1/otf/1/lmt/1606228560643546/mt/1608463244/fvip/4/keepalive/yes/sparams/expire,ei,ip,id,itag,source,requiressl,vprv,ratebypass,mime,otfp,otf,lmt/sig/AOq0QJ8wRAIgYs6Hpukg3OhrTPMgj9XsMT2n4zxlXCtjhTP6JPDih0sCIGfKtelxO7yErQ6INwI1NWwvBbkR8WHU7N-HBgZ44Imx/lsparams/mh,mm,mn,ms,mv,mvi,pcm2cms,pl,initcwndbps/lsig/AG3C_xAwRQIhAJsi6N1EJTxHqYbcR4TyUAUtIik-zAeJRwnGdKKmJhtzAiAUrkzHTpq7qyQBWwF66qhR1iV0ulanwAaABwPATIoN7g%3D%3D/", "fragments": [{"path": "sq/0"}, {"path": "sq/1/dur/5.072", "duration": 5.072}, {"path": "sq/2/dur/5.071", "duration": 5.071}, {"path": "sq/3/dur/5.072", "duration": 5.072}, {"path": "sq/4/dur/5.072", "duration": 5.072}, {"path": "sq/5/dur/5.072", "duration": 5.072}, {"path": "sq/6/dur/5.071", "duration": 5.071}, {"path": "sq/7/dur/5.072", "duration": 5.072}, {"path": "sq/8/dur/5.072", "duration": 5.072}, {"path": "sq/9/dur/5.072", "duration": 5.072}, {"path": "sq/10/dur/5.071", "duration": 5.071}, {"path": "sq/11/dur/5.072", "duration": 5.072}, {"path": "sq/12/dur/5.072", "duration": 5.072}, {"path": "sq/13/dur/3.403", "duration": 3.403}], "protocol": "http_dash_segments", "format": "244 - 854x480 (DASH video)", "http_headers": {"User-Agent": "Mozilla/5.0 (Windows NT 10.0; Win64; x64) AppleWebKit/537.36 (KHTML, like Gecko) Chrome/70.0.3538.31 Safari/537.36", "Accept-Charset": "ISO-8859-1,utf-8;q=0.7,*;q=0.7", "Accept": "text/html,application/xhtml+xml,application/xml;q=0.9,*/*;q=0.8", "Accept-Encoding": "gzip, deflate", "Accept-Language": "en-us,en;q=0.5"}}, {"ext": "mp4", "height": 480, "format_note": "DASH video", "vcodec": "avc1.4d4014", "format_id": "135", "manifest_url": "https://manifest.googlevideo.com/api/manifest/dash/expire/1608485377/ei/oTXfX63TMcHNqAGm6bbgAQ/ip/140.109.135.76/id/e4210078c89729a0/source/youtube/requiressl/yes/playback_host/r4---sn-5njj-u2xl.googlevideo.com/mh/ib/mm/31%2C29/mn/sn-5njj-u2xl%2Csn-un57en7e/ms/au%2Crdu/mv/m/mvi/4/pcm2cms/yes/pl/16/hfr/all/as/fmp4_audio_clear%2Cwebm_audio_clear%2Cwebm2_audio_clear%2Cfmp4_sd_hd_clear%2Cwebm2_sd_hd_clear/initcwndbps/690000/vprv/1/mt/1608463244/fvip/4/keepalive/yes/itag/0/sparams/expire%2Cei%2Cip%2Cid%2Csource%2Crequiressl%2Chfr%2Cas%2Cvprv%2Citag/sig/AOq0QJ8wRQIhALXJIwx6467qO-qHa0zxDgY7BK8HwpWyI0VuMpDm0cv0AiAhq1EOxcRqGX0Yf8emmg9IRMW34e4vVsWXxCOY9TWD1g%3D%3D/lsparams/playback_host%2Cmh%2Cmm%2Cmn%2Cms%2Cmv%2Cmvi%2Cpcm2cms%2Cpl%2Cinitcwndbps/lsig/AG3C_xAwRQIhAM5aCD3Iurm8wNXD5DQU8PHY9edbTPikAnEm0FHBlXn0AiAMoh4ftrmhH-eOFHWuVBSwGF94mnjDRjVzrwKbIrODZQ%3D%3D", "width": 854, "tbr": 1155.0, "asr": null, "fps": 30, "language": null, "filesize": null, "container": "mp4_dash", "acodec": "none", "url": "https://manifest.googlevideo.com/api/manifest/dash/expire/1608485377/ei/oTXfX63TMcHNqAGm6bbgAQ/ip/140.109.135.76/id/e4210078c89729a0/source/youtube/requiressl/yes/playback_host/r4---sn-5njj-u2xl.googlevideo.com/mh/ib/mm/31%2C29/mn/sn-5njj-u2xl%2Csn-un57en7e/ms/au%2Crdu/mv/m/mvi/4/pcm2cms/yes/pl/16/hfr/all/as/fmp4_audio_clear%2Cwebm_audio_clear%2Cwebm2_audio_clear%2Cfmp4_sd_hd_clear%2Cwebm2_sd_hd_clear/initcwndbps/690000/vprv/1/mt/1608463244/fvip/4/keepalive/yes/itag/0/sparams/expire%2Cei%2Cip%2Cid%2Csource%2Crequiressl%2Chfr%2Cas%2Cvprv%2Citag/sig/AOq0QJ8wRQIhALXJIwx6467qO-qHa0zxDgY7BK8HwpWyI0VuMpDm0cv0AiAhq1EOxcRqGX0Yf8emmg9IRMW34e4vVsWXxCOY9TWD1g%3D%3D/lsparams/playback_host%2Cmh%2Cmm%2Cmn%2Cms%2Cmv%2Cmvi%2Cpcm2cms%2Cpl%2Cinitcwndbps/lsig/AG3C_xAwRQIhAM5aCD3Iurm8wNXD5DQU8PHY9edbTPikAnEm0FHBlXn0AiAMoh4ftrmhH-eOFHWuVBSwGF94mnjDRjVzrwKbIrODZQ%3D%3D", "fragment_base_url": "https://r4---sn-5njj-u2xl.googlevideo.com/videoplayback/expire/1608485377/ei/oTXfX63TMcHNqAGm6bbgAQ/ip/140.109.135.76/id/e4210078c89729a0/itag/135/source/yt_otf/requiressl/yes/mh/ib/mm/31,29/mn/sn-5njj-u2xl,sn-un57en7e/ms/au,rdu/mv/m/mvi/4/pcm2cms/yes/pl/16/initcwndbps/690000/vprv/1/ratebypass/yes/mime/video%2Fmp4/otfp/1/otf/1/lmt/1606228560643546/mt/1608463244/fvip/4/keepalive/yes/sparams/expire,ei,ip,id,itag,source,requiressl,vprv,ratebypass,mime,otfp,otf,lmt/sig/AOq0QJ8wRQIgD4VOtm6SWYJgIpSuCz5xLaYYQKJuPsWoKSuJuQarHIsCIQDjNhlIe2RUmW9mEfUrcEyrs9CrCJ2jo9DsGGAab7utqw%3D%3D/lsparams/mh,mm,mn,ms,mv,mvi,pcm2cms,pl,initcwndbps/lsig/AG3C_xAwRAIgIlD9J7cwHbmuolpT59ib8pQti7J4sDhrb-qforww48kCIANc6tTkufaXDQtjRT43YzbNAFznCI1xjc3XRMTlIZ6p/", "fragments": [{"path": "sq/0"}, {"path": "sq/1/dur/5.072", "duration": 5.072}, {"path": "sq/2/dur/5.071", "duration": 5.071}, {"path": "sq/3/dur/5.072", "duration": 5.072}, {"path": "sq/4/dur/5.072", "duration": 5.072}, {"path": "sq/5/dur/5.072", "duration": 5.072}, {"path": "sq/6/dur/5.071", "duration": 5.071}, {"path": "sq/7/dur/5.072", "duration": 5.072}, {"path": "sq/8/dur/5.072", "duration": 5.072}, {"path": "sq/9/dur/5.072", "duration": 5.072}, {"path": "sq/10/dur/5.071", "duration": 5.071}, {"path": "sq/11/dur/5.072", "duration": 5.072}, {"path": "sq/12/dur/5.072", "duration": 5.072}, {"path": "sq/13/dur/3.403", "duration": 3.403}], "protocol": "http_dash_segments", "format": "135 - 854x480 (DASH video)", "http_headers": {"User-Agent": "Mozilla/5.0 (Windows NT 10.0; Win64; x64) AppleWebKit/537.36 (KHTML, like Gecko) Chrome/70.0.3538.31 Safari/537.36", "Accept-Charset": "ISO-8859-1,utf-8;q=0.7,*;q=0.7", "Accept": "text/html,application/xhtml+xml,application/xml;q=0.9,*/*;q=0.8", "Accept-Encoding": "gzip, deflate", "Accept-Language": "en-us,en;q=0.5"}}, {"ext": "mp4", "height": 720, "format_note": "DASH video", "vcodec": "avc1.640020", "fps": 60, "format_id": "298", "manifest_url": "https://manifest.googlevideo.com/api/manifest/dash/expire/1608485377/ei/oTXfX63TMcHNqAGm6bbgAQ/ip/140.109.135.76/id/e4210078c89729a0/source/youtube/requiressl/yes/playback_host/r4---sn-5njj-u2xl.googlevideo.com/mh/ib/mm/31%2C29/mn/sn-5njj-u2xl%2Csn-un57en7e/ms/au%2Crdu/mv/m/mvi/4/pcm2cms/yes/pl/16/hfr/all/as/fmp4_audio_clear%2Cwebm_audio_clear%2Cwebm2_audio_clear%2Cfmp4_sd_hd_clear%2Cwebm2_sd_hd_clear/initcwndbps/690000/vprv/1/mt/1608463244/fvip/4/keepalive/yes/itag/0/sparams/expire%2Cei%2Cip%2Cid%2Csource%2Crequiressl%2Chfr%2Cas%2Cvprv%2Citag/sig/AOq0QJ8wRQIhALXJIwx6467qO-qHa0zxDgY7BK8HwpWyI0VuMpDm0cv0AiAhq1EOxcRqGX0Yf8emmg9IRMW34e4vVsWXxCOY9TWD1g%3D%3D/lsparams/playback_host%2Cmh%2Cmm%2Cmn%2Cms%2Cmv%2Cmvi%2Cpcm2cms%2Cpl%2Cinitcwndbps/lsig/AG3C_xAwRQIhAM5aCD3Iurm8wNXD5DQU8PHY9edbTPikAnEm0FHBlXn0AiAMoh4ftrmhH-eOFHWuVBSwGF94mnjDRjVzrwKbIrODZQ%3D%3D", "width": 1280, "tbr": 1393.957, "asr": null, "language": null, "filesize": null, "container": "mp4_dash", "acodec": "none", "url": "https://manifest.googlevideo.com/api/manifest/dash/expire/1608485377/ei/oTXfX63TMcHNqAGm6bbgAQ/ip/140.109.135.76/id/e4210078c89729a0/source/youtube/requiressl/yes/playback_host/r4---sn-5njj-u2xl.googlevideo.com/mh/ib/mm/31%2C29/mn/sn-5njj-u2xl%2Csn-un57en7e/ms/au%2Crdu/mv/m/mvi/4/pcm2cms/yes/pl/16/hfr/all/as/fmp4_audio_clear%2Cwebm_audio_clear%2Cwebm2_audio_clear%2Cfmp4_sd_hd_clear%2Cwebm2_sd_hd_clear/initcwndbps/690000/vprv/1/mt/1608463244/fvip/4/keepalive/yes/itag/0/sparams/expire%2Cei%2Cip%2Cid%2Csource%2Crequiressl%2Chfr%2Cas%2Cvprv%2Citag/sig/AOq0QJ8wRQIhALXJIwx6467qO-qHa0zxDgY7BK8HwpWyI0VuMpDm0cv0AiAhq1EOxcRqGX0Yf8emmg9IRMW34e4vVsWXxCOY9TWD1g%3D%3D/lsparams/playback_host%2Cmh%2Cmm%2Cmn%2Cms%2Cmv%2Cmvi%2Cpcm2cms%2Cpl%2Cinitcwndbps/lsig/AG3C_xAwRQIhAM5aCD3Iurm8wNXD5DQU8PHY9edbTPikAnEm0FHBlXn0AiAMoh4ftrmhH-eOFHWuVBSwGF94mnjDRjVzrwKbIrODZQ%3D%3D", "fragment_base_url": "https://r4---sn-5njj-u2xl.googlevideo.com/videoplayback/expire/1608485377/ei/oTXfX63TMcHNqAGm6bbgAQ/ip/140.109.135.76/id/e4210078c89729a0/itag/298/source/youtube/requiressl/yes/mh/ib/mm/31,29/mn/sn-5njj-u2xl,sn-un57en7e/ms/au,rdu/mv/m/mvi/4/pcm2cms/yes/pl/16/initcwndbps/690000/vprv/1/ratebypass/yes/mime/video%2Fmp4/otfp/1/gir/yes/clen/7945819/lmt/1606228560643546/dur/64.264/mt/1608463244/fvip/4/keepalive/yes/sparams/expire,ei,ip,id,itag,source,requiressl,vprv,ratebypass,mime,otfp,gir,clen,lmt,dur/sig/AOq0QJ8wRQIhAP0IRaLPnbONuF5mmIpoI4wSuB5lAzESD4lAijgiV1haAiBetHQFthl40TPJpZprg9hGjoW1gfpeyfurUaYjh4J2yA%3D%3D/lsparams/mh,mm,mn,ms,mv,mvi,pcm2cms,pl,initcwndbps/lsig/AG3C_xAwRgIhAJKJyhEb1KpeCbgeQJUj7edxJH4HbABtb7xMp-krE7SNAiEAqUsoEtMIO1lGexdkZs-BKpnh_ONqh_JewReaUbf-N78%3D/", "fragments": [{"path": "range/0-738"}, {"path": "range/927-490008", "duration": 5.072}, {"path": "range/490009-1016671", "duration": 5.071}, {"path": "range/1016672-1567215", "duration": 5.072}, {"path": "range/1567216-2336504", "duration": 5.072}, {"path": "range/2336505-2973478", "duration": 5.072}, {"path": "range/2973479-3857247", "duration": 5.071}, {"path": "range/3857248-4646823", "duration": 5.072}, {"path": "range/4646824-5309801", "duration": 5.072}, {"path": "range/5309802-6084702", "duration": 5.072}, {"path": "range/6084703-6627300", "duration": 5.071}, {"path": "range/6627301-7138480", "duration": 5.072}, {"path": "range/7138481-7593783", "duration": 5.072}, {"path": "range/7593784-7945818", "duration": 3.403}], "protocol": "http_dash_segments", "format": "298 - 1280x720 (DASH video)", "http_headers": {"User-Agent": "Mozilla/5.0 (Windows NT 10.0; Win64; x64) AppleWebKit/537.36 (KHTML, like Gecko) Chrome/70.0.3538.31 Safari/537.36", "Accept-Charset": "ISO-8859-1,utf-8;q=0.7,*;q=0.7", "Accept": "text/html,application/xhtml+xml,application/xml;q=0.9,*/*;q=0.8", "Accept-Encoding": "gzip, deflate", "Accept-Language": "en-us,en;q=0.5"}}, {"ext": "webm", "height": 720, "format_note": "DASH video", "vcodec": "vp9", "format_id": "247", "manifest_url": "https://manifest.googlevideo.com/api/manifest/dash/expire/1608485377/ei/oTXfX63TMcHNqAGm6bbgAQ/ip/140.109.135.76/id/e4210078c89729a0/source/youtube/requiressl/yes/playback_host/r4---sn-5njj-u2xl.googlevideo.com/mh/ib/mm/31%2C29/mn/sn-5njj-u2xl%2Csn-un57en7e/ms/au%2Crdu/mv/m/mvi/4/pcm2cms/yes/pl/16/hfr/all/as/fmp4_audio_clear%2Cwebm_audio_clear%2Cwebm2_audio_clear%2Cfmp4_sd_hd_clear%2Cwebm2_sd_hd_clear/initcwndbps/690000/vprv/1/mt/1608463244/fvip/4/keepalive/yes/itag/0/sparams/expire%2Cei%2Cip%2Cid%2Csource%2Crequiressl%2Chfr%2Cas%2Cvprv%2Citag/sig/AOq0QJ8wRQIhALXJIwx6467qO-qHa0zxDgY7BK8HwpWyI0VuMpDm0cv0AiAhq1EOxcRqGX0Yf8emmg9IRMW34e4vVsWXxCOY9TWD1g%3D%3D/lsparams/playback_host%2Cmh%2Cmm%2Cmn%2Cms%2Cmv%2Cmvi%2Cpcm2cms%2Cpl%2Cinitcwndbps/lsig/AG3C_xAwRQIhAM5aCD3Iurm8wNXD5DQU8PHY9edbTPikAnEm0FHBlXn0AiAMoh4ftrmhH-eOFHWuVBSwGF94mnjDRjVzrwKbIrODZQ%3D%3D", "width": 1280, "tbr": 1505.28, "asr": null, "fps": 30, "language": null, "filesize": null, "container": "webm_dash", "acodec": "none", "url": "https://manifest.googlevideo.com/api/manifest/dash/expire/1608485377/ei/oTXfX63TMcHNqAGm6bbgAQ/ip/140.109.135.76/id/e4210078c89729a0/source/youtube/requiressl/yes/playback_host/r4---sn-5njj-u2xl.googlevideo.com/mh/ib/mm/31%2C29/mn/sn-5njj-u2xl%2Csn-un57en7e/ms/au%2Crdu/mv/m/mvi/4/pcm2cms/yes/pl/16/hfr/all/as/fmp4_audio_clear%2Cwebm_audio_clear%2Cwebm2_audio_clear%2Cfmp4_sd_hd_clear%2Cwebm2_sd_hd_clear/initcwndbps/690000/vprv/1/mt/1608463244/fvip/4/keepalive/yes/itag/0/sparams/expire%2Cei%2Cip%2Cid%2Csource%2Crequiressl%2Chfr%2Cas%2Cvprv%2Citag/sig/AOq0QJ8wRQIhALXJIwx6467qO-qHa0zxDgY7BK8HwpWyI0VuMpDm0cv0AiAhq1EOxcRqGX0Yf8emmg9IRMW34e4vVsWXxCOY9TWD1g%3D%3D/lsparams/playback_host%2Cmh%2Cmm%2Cmn%2Cms%2Cmv%2Cmvi%2Cpcm2cms%2Cpl%2Cinitcwndbps/lsig/AG3C_xAwRQIhAM5aCD3Iurm8wNXD5DQU8PHY9edbTPikAnEm0FHBlXn0AiAMoh4ftrmhH-eOFHWuVBSwGF94mnjDRjVzrwKbIrODZQ%3D%3D", "fragment_base_url": "https://r4---sn-5njj-u2xl.googlevideo.com/videoplayback/expire/1608485377/ei/oTXfX63TMcHNqAGm6bbgAQ/ip/140.109.135.76/id/e4210078c89729a0/itag/247/source/yt_otf/requiressl/yes/mh/ib/mm/31,29/mn/sn-5njj-u2xl,sn-un57en7e/ms/au,rdu/mv/m/mvi/4/pcm2cms/yes/pl/16/initcwndbps/690000/vprv/1/ratebypass/yes/mime/video%2Fwebm/otfp/1/otf/1/lmt/1606228560643546/mt/1608463244/fvip/4/keepalive/yes/sparams/expire,ei,ip,id,itag,source,requiressl,vprv,ratebypass,mime,otfp,otf,lmt/sig/AOq0QJ8wRgIhAKC2z_xw_1pZBAV3iz-RfNBtqC_6YfbyaLumzlrZcSZGAiEA-iC_WVnTD9b4S1ndOq2ru3hTp21FpuDhYtAPVupEQaY%3D/lsparams/mh,mm,mn,ms,mv,mvi,pcm2cms,pl,initcwndbps/lsig/AG3C_xAwRAIgLARl6OS5T29E__WUYev78cnAqXB8jEuZtpj_aq0jd1sCIGcI_NhwAAJTbQxMe_tWefICGVwzxDTjmDO-7zZm5vYe/", "fragments": [{"path": "sq/0"}, {"path": "sq/1/dur/5.072", "duration": 5.072}, {"path": "sq/2/dur/5.071", "duration": 5.071}, {"path": "sq/3/dur/5.072", "duration": 5.072}, {"path": "sq/4/dur/5.072", "duration": 5.072}, {"path": "sq/5/dur/5.072", "duration": 5.072}, {"path": "sq/6/dur/5.071", "duration": 5.071}, {"path": "sq/7/dur/5.072", "duration": 5.072}, {"path": "sq/8/dur/5.072", "duration": 5.072}, {"path": "sq/9/dur/5.072", "duration": 5.072}, {"path": "sq/10/dur/5.071", "duration": 5.071}, {"path": "sq/11/dur/5.072", "duration": 5.072}, {"path": "sq/12/dur/5.072", "duration": 5.072}, {"path": "sq/13/dur/3.403", "duration": 3.403}], "protocol": "http_dash_segments", "format": "247 - 1280x720 (DASH video)", "http_headers": {"User-Agent": "Mozilla/5.0 (Windows NT 10.0; Win64; x64) AppleWebKit/537.36 (KHTML, like Gecko) Chrome/70.0.3538.31 Safari/537.36", "Accept-Charset": "ISO-8859-1,utf-8;q=0.7,*;q=0.7", "Accept": "text/html,application/xhtml+xml,application/xml;q=0.9,*/*;q=0.8", "Accept-Encoding": "gzip, deflate", "Accept-Language": "en-us,en;q=0.5"}}, {"ext": "mp4", "height": 720, "format_note": "DASH video", "vcodec": "avc1.4d400b", "format_id": "136", "manifest_url": "https://manifest.googlevideo.com/api/manifest/dash/expire/1608485377/ei/oTXfX63TMcHNqAGm6bbgAQ/ip/140.109.135.76/id/e4210078c89729a0/source/youtube/requiressl/yes/playback_host/r4---sn-5njj-u2xl.googlevideo.com/mh/ib/mm/31%2C29/mn/sn-5njj-u2xl%2Csn-un57en7e/ms/au%2Crdu/mv/m/mvi/4/pcm2cms/yes/pl/16/hfr/all/as/fmp4_audio_clear%2Cwebm_audio_clear%2Cwebm2_audio_clear%2Cfmp4_sd_hd_clear%2Cwebm2_sd_hd_clear/initcwndbps/690000/vprv/1/mt/1608463244/fvip/4/keepalive/yes/itag/0/sparams/expire%2Cei%2Cip%2Cid%2Csource%2Crequiressl%2Chfr%2Cas%2Cvprv%2Citag/sig/AOq0QJ8wRQIhALXJIwx6467qO-qHa0zxDgY7BK8HwpWyI0VuMpDm0cv0AiAhq1EOxcRqGX0Yf8emmg9IRMW34e4vVsWXxCOY9TWD1g%3D%3D/lsparams/playback_host%2Cmh%2Cmm%2Cmn%2Cms%2Cmv%2Cmvi%2Cpcm2cms%2Cpl%2Cinitcwndbps/lsig/AG3C_xAwRQIhAM5aCD3Iurm8wNXD5DQU8PHY9edbTPikAnEm0FHBlXn0AiAMoh4ftrmhH-eOFHWuVBSwGF94mnjDRjVzrwKbIrODZQ%3D%3D", "width": 1280, "tbr": 2310.0, "asr": null, "fps": 30, "language": null, "filesize": null, "container": "mp4_dash", "acodec": "none", "url": "https://manifest.googlevideo.com/api/manifest/dash/expire/1608485377/ei/oTXfX63TMcHNqAGm6bbgAQ/ip/140.109.135.76/id/e4210078c89729a0/source/youtube/requiressl/yes/playback_host/r4---sn-5njj-u2xl.googlevideo.com/mh/ib/mm/31%2C29/mn/sn-5njj-u2xl%2Csn-un57en7e/ms/au%2Crdu/mv/m/mvi/4/pcm2cms/yes/pl/16/hfr/all/as/fmp4_audio_clear%2Cwebm_audio_clear%2Cwebm2_audio_clear%2Cfmp4_sd_hd_clear%2Cwebm2_sd_hd_clear/initcwndbps/690000/vprv/1/mt/1608463244/fvip/4/keepalive/yes/itag/0/sparams/expire%2Cei%2Cip%2Cid%2Csource%2Crequiressl%2Chfr%2Cas%2Cvprv%2Citag/sig/AOq0QJ8wRQIhALXJIwx6467qO-qHa0zxDgY7BK8HwpWyI0VuMpDm0cv0AiAhq1EOxcRqGX0Yf8emmg9IRMW34e4vVsWXxCOY9TWD1g%3D%3D/lsparams/playback_host%2Cmh%2Cmm%2Cmn%2Cms%2Cmv%2Cmvi%2Cpcm2cms%2Cpl%2Cinitcwndbps/lsig/AG3C_xAwRQIhAM5aCD3Iurm8wNXD5DQU8PHY9edbTPikAnEm0FHBlXn0AiAMoh4ftrmhH-eOFHWuVBSwGF94mnjDRjVzrwKbIrODZQ%3D%3D", "fragment_base_url": "https://r4---sn-5njj-u2xl.googlevideo.com/videoplayback/expire/1608485377/ei/oTXfX63TMcHNqAGm6bbgAQ/ip/140.109.135.76/id/e4210078c89729a0/itag/136/source/yt_otf/requiressl/yes/mh/ib/mm/31,29/mn/sn-5njj-u2xl,sn-un57en7e/ms/au,rdu/mv/m/mvi/4/pcm2cms/yes/pl/16/initcwndbps/690000/vprv/1/ratebypass/yes/mime/video%2Fmp4/otfp/1/otf/1/lmt/1606228560643546/mt/1608463244/fvip/4/keepalive/yes/sparams/expire,ei,ip,id,itag,source,requiressl,vprv,ratebypass,mime,otfp,otf,lmt/sig/AOq0QJ8wRQIgaKItXTsCpRkYK146v-iI_4uehJeimffIPZ-b0CaWTp4CIQD_w5Go9aTas4N7S9Wgrlcf6E9CHoX6aW3ND_D62zYMIw%3D%3D/lsparams/mh,mm,mn,ms,mv,mvi,pcm2cms,pl,initcwndbps/lsig/AG3C_xAwRQIgaBKpDhuiihXq5IAOGSG7V2lXk33qioau1vSPb9FPi-8CIQDWncf0FYfkaDEiwX6pYmqrwGGr5DRhPmn5jCKcgzI3EQ%3D%3D/", "fragments": [{"path": "sq/0"}, {"path": "sq/1/dur/5.072", "duration": 5.072}, {"path": "sq/2/dur/5.071", "duration": 5.071}, {"path": "sq/3/dur/5.072", "duration": 5.072}, {"path": "sq/4/dur/5.072", "duration": 5.072}, {"path": "sq/5/dur/5.072", "duration": 5.072}, {"path": "sq/6/dur/5.071", "duration": 5.071}, {"path": "sq/7/dur/5.072", "duration": 5.072}, {"path": "sq/8/dur/5.072", "duration": 5.072}, {"path": "sq/9/dur/5.072", "duration": 5.072}, {"path": "sq/10/dur/5.071", "duration": 5.071}, {"path": "sq/11/dur/5.072", "duration": 5.072}, {"path": "sq/12/dur/5.072", "duration": 5.072}, {"path": "sq/13/dur/3.403", "duration": 3.403}], "protocol": "http_dash_segments", "format": "136 - 1280x720 (DASH video)", "http_headers": {"User-Agent": "Mozilla/5.0 (Windows NT 10.0; Win64; x64) AppleWebKit/537.36 (KHTML, like Gecko) Chrome/70.0.3538.31 Safari/537.36", "Accept-Charset": "ISO-8859-1,utf-8;q=0.7,*;q=0.7", "Accept": "text/html,application/xhtml+xml,application/xml;q=0.9,*/*;q=0.8", "Accept-Encoding": "gzip, deflate", "Accept-Language": "en-us,en;q=0.5"}}, {"ext": "webm", "height": 720, "format_note": "DASH video", "vcodec": "vp9", "fps": 60, "format_id": "302", "manifest_url": "https://manifest.googlevideo.com/api/manifest/dash/expire/1608485377/ei/oTXfX63TMcHNqAGm6bbgAQ/ip/140.109.135.76/id/e4210078c89729a0/source/youtube/requiressl/yes/playback_host/r4---sn-5njj-u2xl.googlevideo.com/mh/ib/mm/31%2C29/mn/sn-5njj-u2xl%2Csn-un57en7e/ms/au%2Crdu/mv/m/mvi/4/pcm2cms/yes/pl/16/hfr/all/as/fmp4_audio_clear%2Cwebm_audio_clear%2Cwebm2_audio_clear%2Cfmp4_sd_hd_clear%2Cwebm2_sd_hd_clear/initcwndbps/690000/vprv/1/mt/1608463244/fvip/4/keepalive/yes/itag/0/sparams/expire%2Cei%2Cip%2Cid%2Csource%2Crequiressl%2Chfr%2Cas%2Cvprv%2Citag/sig/AOq0QJ8wRQIhALXJIwx6467qO-qHa0zxDgY7BK8HwpWyI0VuMpDm0cv0AiAhq1EOxcRqGX0Yf8emmg9IRMW34e4vVsWXxCOY9TWD1g%3D%3D/lsparams/playback_host%2Cmh%2Cmm%2Cmn%2Cms%2Cmv%2Cmvi%2Cpcm2cms%2Cpl%2Cinitcwndbps/lsig/AG3C_xAwRQIhAM5aCD3Iurm8wNXD5DQU8PHY9edbTPikAnEm0FHBlXn0AiAMoh4ftrmhH-eOFHWuVBSwGF94mnjDRjVzrwKbIrODZQ%3D%3D", "width": 1280, "tbr": 2646.0, "asr": null, "language": null, "filesize": null, "container": "webm_dash", "acodec": "none", "url": "https://manifest.googlevideo.com/api/manifest/dash/expire/1608485377/ei/oTXfX63TMcHNqAGm6bbgAQ/ip/140.109.135.76/id/e4210078c89729a0/source/youtube/requiressl/yes/playback_host/r4---sn-5njj-u2xl.googlevideo.com/mh/ib/mm/31%2C29/mn/sn-5njj-u2xl%2Csn-un57en7e/ms/au%2Crdu/mv/m/mvi/4/pcm2cms/yes/pl/16/hfr/all/as/fmp4_audio_clear%2Cwebm_audio_clear%2Cwebm2_audio_clear%2Cfmp4_sd_hd_clear%2Cwebm2_sd_hd_clear/initcwndbps/690000/vprv/1/mt/1608463244/fvip/4/keepalive/yes/itag/0/sparams/expire%2Cei%2Cip%2Cid%2Csource%2Crequiressl%2Chfr%2Cas%2Cvprv%2Citag/sig/AOq0QJ8wRQIhALXJIwx6467qO-qHa0zxDgY7BK8HwpWyI0VuMpDm0cv0AiAhq1EOxcRqGX0Yf8emmg9IRMW34e4vVsWXxCOY9TWD1g%3D%3D/lsparams/playback_host%2Cmh%2Cmm%2Cmn%2Cms%2Cmv%2Cmvi%2Cpcm2cms%2Cpl%2Cinitcwndbps/lsig/AG3C_xAwRQIhAM5aCD3Iurm8wNXD5DQU8PHY9edbTPikAnEm0FHBlXn0AiAMoh4ftrmhH-eOFHWuVBSwGF94mnjDRjVzrwKbIrODZQ%3D%3D", "fragment_base_url": "https://r4---sn-5njj-u2xl.googlevideo.com/videoplayback/expire/1608485377/ei/oTXfX63TMcHNqAGm6bbgAQ/ip/140.109.135.76/id/e4210078c89729a0/itag/302/source/yt_otf/requiressl/yes/mh/ib/mm/31,29/mn/sn-5njj-u2xl,sn-un57en7e/ms/au,rdu/mv/m/mvi/4/pcm2cms/yes/pl/16/initcwndbps/690000/vprv/1/ratebypass/yes/mime/video%2Fwebm/otfp/1/otf/1/lmt/1606228560643546/mt/1608463244/fvip/4/keepalive/yes/sparams/expire,ei,ip,id,itag,source,requiressl,vprv,ratebypass,mime,otfp,otf,lmt/sig/AOq0QJ8wRgIhAMjRF0-YTmxmnpl82zl1q-pVujUUrZlNZ8YpgsZ1bGOXAiEAlCP4ylhTbhlz09Q-g91ZsBEfCPkQYQXHNmGXCgkDR2o%3D/lsparams/mh,mm,mn,ms,mv,mvi,pcm2cms,pl,initcwndbps/lsig/AG3C_xAwRgIhAIyHhRpiQSijtdFV3HKGa9SP_QHXrqPR_zbGI8At375TAiEAjytPGRipcynWzEIjagdpSCzVeHIVQLYE4EEx6oo--GM%3D/", "fragments": [{"path": "sq/0"}, {"path": "sq/1/dur/5.072", "duration": 5.072}, {"path": "sq/2/dur/5.071", "duration": 5.071}, {"path": "sq/3/dur/5.072", "duration": 5.072}, {"path": "sq/4/dur/5.072", "duration": 5.072}, {"path": "sq/5/dur/5.072", "duration": 5.072}, {"path": "sq/6/dur/5.071", "duration": 5.071}, {"path": "sq/7/dur/5.072", "duration": 5.072}, {"path": "sq/8/dur/5.072", "duration": 5.072}, {"path": "sq/9/dur/5.072", "duration": 5.072}, {"path": "sq/10/dur/5.071", "duration": 5.071}, {"path": "sq/11/dur/5.072", "duration": 5.072}, {"path": "sq/12/dur/5.072", "duration": 5.072}, {"path": "sq/13/dur/3.403", "duration": 3.403}], "protocol": "http_dash_segments", "format": "302 - 1280x720 (DASH video)", "http_headers": {"User-Agent": "Mozilla/5.0 (Windows NT 10.0; Win64; x64) AppleWebKit/537.36 (KHTML, like Gecko) Chrome/70.0.3538.31 Safari/537.36", "Accept-Charset": "ISO-8859-1,utf-8;q=0.7,*;q=0.7", "Accept": "text/html,application/xhtml+xml,application/xml;q=0.9,*/*;q=0.8", "Accept-Encoding": "gzip, deflate", "Accept-Language": "en-us,en;q=0.5"}}, {"format_id": "18", "url": "https://r4---sn-5njj-u2xl.googlevideo.com/videoplayback?expire=1608485377&ei=oTXfX63TMcHNqAGm6bbgAQ&ip=140.109.135.76&id=o-AAKrAtpKTLm040BMcU8qxeyav7-eP4x-BgSYn2n-Oo_j&itag=18&source=youtube&requiressl=yes&mh=ib&mm=31%2C29&mn=sn-5njj-u2xl%2Csn-un57en7e&ms=au%2Crdu&mv=m&mvi=4&pcm2cms=yes&pl=16&initcwndbps=690000&vprv=1&mime=video%2Fmp4&ns=ro_s-xenJvvJX0Z4Uwcix00F&gir=yes&clen=2602678&ratebypass=yes&dur=64.319&lmt=1606228566647857&mt=1608463244&fvip=4&c=WEB&txp=6210222&n=6g6v4JBNke2JRPlTJ&sparams=expire%2Cei%2Cip%2Cid%2Citag%2Csource%2Crequiressl%2Cvprv%2Cmime%2Cns%2Cgir%2Cclen%2Cratebypass%2Cdur%2Clmt&sig=AOq0QJ8wRQIhAMU6NebA81it8mfQAT5_AX2_l0P5NCW_Z5lKFV4gYIDbAiBMK_F2THMmZLDkzeKupSaMGTOlHAbBhLDwFwudWtJ4xw%3D%3D&lsparams=mh%2Cmm%2Cmn%2Cms%2Cmv%2Cmvi%2Cpcm2cms%2Cpl%2Cinitcwndbps&lsig=AG3C_xAwRQIhAMUJ0tZqtYH_N3a3WzqoXufF6fPpYXWwPi9CivdXnQ_8AiBAe0WvHAhIZXe_4MMkftZRAhFyWTMEmgsskhdXOUQkgg%3D%3D", "player_url": null, "ext": "mp4", "width": 640, "height": 360, "acodec": "mp4a.40.2", "abr": 96, "vcodec": "avc1.42001E", "asr": 44100, "filesize": 2602678, "format_note": "360p", "fps": 30, "tbr": 323.998, "format": "18 - 640x360 (360p)", "protocol": "https", "http_headers": {"User-Agent": "Mozilla/5.0 (Windows NT 10.0; Win64; x64) AppleWebKit/537.36 (KHTML, like Gecko) Chrome/70.0.3538.31 Safari/537.36", "Accept-Charset": "ISO-8859-1,utf-8;q=0.7,*;q=0.7", "Accept": "text/html,application/xhtml+xml,application/xml;q=0.9,*/*;q=0.8", "Accept-Encoding": "gzip, deflate", "Accept-Language": "en-us,en;q=0.5"}}], "is_live": null, "start_time": null, "end_time": null, "series": null, "season_number": null, "episode_number": null, "track": null, "artist": null, "album": null, "release_date": null, "release_year": null, "extractor": "youtube", "webpage_url_basename": "watch", "extractor_key": "Youtube", "playlist": null, "playlist_index": null, "thumbnail": "https://i.ytimg.com/vi_webp/5CEAeMiXKaA/maxresdefault.webp", "display_id": "5CEAeMiXKaA", "requested_subtitles": null, "ext": "webm", "format_note": "DASH audio", "acodec": "opus", "abr": 160, "format_id": "251", "manifest_url": "https://manifest.googlevideo.com/api/manifest/dash/expire/1608485377/ei/oTXfX63TMcHNqAGm6bbgAQ/ip/140.109.135.76/id/e4210078c89729a0/source/youtube/requiressl/yes/playback_host/r4---sn-5njj-u2xl.googlevideo.com/mh/ib/mm/31%2C29/mn/sn-5njj-u2xl%2Csn-un57en7e/ms/au%2Crdu/mv/m/mvi/4/pcm2cms/yes/pl/16/hfr/all/as/fmp4_audio_clear%2Cwebm_audio_clear%2Cwebm2_audio_clear%2Cfmp4_sd_hd_clear%2Cwebm2_sd_hd_clear/initcwndbps/690000/vprv/1/mt/1608463244/fvip/4/keepalive/yes/itag/0/sparams/expire%2Cei%2Cip%2Cid%2Csource%2Crequiressl%2Chfr%2Cas%2Cvprv%2Citag/sig/AOq0QJ8wRQIhALXJIwx6467qO-qHa0zxDgY7BK8HwpWyI0VuMpDm0cv0AiAhq1EOxcRqGX0Yf8emmg9IRMW34e4vVsWXxCOY9TWD1g%3D%3D/lsparams/playback_host%2Cmh%2Cmm%2Cmn%2Cms%2Cmv%2Cmvi%2Cpcm2cms%2Cpl%2Cinitcwndbps/lsig/AG3C_xAwRQIhAM5aCD3Iurm8wNXD5DQU8PHY9edbTPikAnEm0FHBlXn0AiAMoh4ftrmhH-eOFHWuVBSwGF94mnjDRjVzrwKbIrODZQ%3D%3D", "width": null, "height": null, "tbr": 164.888, "asr": 48000, "fps": null, "language": null, "filesize": null, "container": "webm_dash", "vcodec": "none", "url": "https://manifest.googlevideo.com/api/manifest/dash/expire/1608485377/ei/oTXfX63TMcHNqAGm6bbgAQ/ip/140.109.135.76/id/e4210078c89729a0/source/youtube/requiressl/yes/playback_host/r4---sn-5njj-u2xl.googlevideo.com/mh/ib/mm/31%2C29/mn/sn-5njj-u2xl%2Csn-un57en7e/ms/au%2Crdu/mv/m/mvi/4/pcm2cms/yes/pl/16/hfr/all/as/fmp4_audio_clear%2Cwebm_audio_clear%2Cwebm2_audio_clear%2Cfmp4_sd_hd_clear%2Cwebm2_sd_hd_clear/initcwndbps/690000/vprv/1/mt/1608463244/fvip/4/keepalive/yes/itag/0/sparams/expire%2Cei%2Cip%2Cid%2Csource%2Crequiressl%2Chfr%2Cas%2Cvprv%2Citag/sig/AOq0QJ8wRQIhALXJIwx6467qO-qHa0zxDgY7BK8HwpWyI0VuMpDm0cv0AiAhq1EOxcRqGX0Yf8emmg9IRMW34e4vVsWXxCOY9TWD1g%3D%3D/lsparams/playback_host%2Cmh%2Cmm%2Cmn%2Cms%2Cmv%2Cmvi%2Cpcm2cms%2Cpl%2Cinitcwndbps/lsig/AG3C_xAwRQIhAM5aCD3Iurm8wNXD5DQU8PHY9edbTPikAnEm0FHBlXn0AiAMoh4ftrmhH-eOFHWuVBSwGF94mnjDRjVzrwKbIrODZQ%3D%3D", "fragment_base_url": "https://r4---sn-5njj-u2xl.googlevideo.com/videoplayback/expire/1608485377/ei/oTXfX63TMcHNqAGm6bbgAQ/ip/140.109.135.76/id/e4210078c89729a0/itag/251/source/youtube/requiressl/yes/mh/ib/mm/31,29/mn/sn-5njj-u2xl,sn-un57en7e/ms/au,rdu/mv/m/mvi/4/pcm2cms/yes/pl/16/initcwndbps/690000/vprv/1/ratebypass/yes/mime/audio%2Fwebm/otfp/1/gir/yes/clen/1246968/lmt/1606228551614622/dur/64.281/mt/1608463244/fvip/4/keepalive/yes/sparams/expire,ei,ip,id,itag,source,requiressl,vprv,ratebypass,mime,otfp,gir,clen,lmt,dur/sig/AOq0QJ8wRgIhAPo34wGmGgB0Zmxf17YkqBFJgv-6InghFEcuPjm0xv5UAiEAzxozCxWIuwCBnNwewDm5TlcU-47eyynLXCu865NSo1s%3D/lsparams/mh,mm,mn,ms,mv,mvi,pcm2cms,pl,initcwndbps/lsig/AG3C_xAwRAIgUgCcc8B6ke0ucikw2WuNlzg6J1bvEQEXe70hrUu1Ov8CIAd0ajSuCG-QTkzdCcRuIghAR0hECQmEkFN-1ZHLnEmd/", "fragments": [{"path": "range/0-258"}, {"path": "range/374-169409", "duration": 10.001}, {"path": "range/169410-375519", "duration": 10.0}, {"path": "range/375520-578281", "duration": 10.0}, {"path": "range/578282-770700", "duration": 10.0}, {"path": "range/770701-971482", "duration": 10.0}, {"path": "range/971483-1164320", "duration": 10.0}, {"path": "range/1164321-1246967", "duration": 4.28}], "protocol": "http_dash_segments", "format": "251 - audio only (DASH audio)", "http_headers": {"User-Agent": "Mozilla/5.0 (Windows NT 10.0; Win64; x64) AppleWebKit/537.36 (KHTML, like Gecko) Chrome/70.0.3538.31 Safari/537.36", "Accept-Charset": "ISO-8859-1,utf-8;q=0.7,*;q=0.7", "Accept": "text/html,application/xhtml+xml,application/xml;q=0.9,*/*;q=0.8", "Accept-Encoding": "gzip, deflate", "Accept-Language": "en-us,en;q=0.5"}}