{"id": "5AhuZ2tgI9w", "uploader": "Jarrod Radnich", "uploader_id": "JarrodRadnichMusic", "uploader_url": "http://www.youtube.com/user/JarrodRadnichMusic", "channel_id": "UCrR9q7XWIqB5LhazlKYi-Og", "channel_url": "http://www.youtube.com/channel/UCrR9q7XWIqB5LhazlKYi-Og", "upload_date": "20210115", "license": null, "creator": null, "title": "Jarrod Radnich - A Mad Russian's Christmas - VPS", "alt_title": null, "thumbnails": [{"url": "https://i.ytimg.com/vi/5AhuZ2tgI9w/hqdefault.jpg?sqp=-oaymwEbCKgBEF5IVfKriqkDDggBFQAAiEIYAXABwAEG&rs=AOn4CLAEsYmivopL6j3_LqgKNuHO09NwtQ", "width": 168, "height": 94, "resolution": "168x94", "id": "0"}, {"url": "https://i.ytimg.com/vi/5AhuZ2tgI9w/hqdefault.jpg?sqp=-oaymwEbCMQBEG5IVfKriqkDDggBFQAAiEIYAXABwAEG&rs=AOn4CLA4RdEsCs-1psqhy8anAbBQ2CCleQ", "width": 196, "height": 110, "resolution": "196x110", "id": "1"}, {"url": "https://i.ytimg.com/vi/5AhuZ2tgI9w/hqdefault.jpg?sqp=-oaymwEcCPYBEIoBSFXyq4qpAw4IARUAAIhCGAFwAcABBg==&rs=AOn4CLDilzUrEzeQZSPMPeP1R8VrF4nGdw", "width": 246, "height": 138, "resolution": "246x138", "id": "2"}, {"url": "https://i.ytimg.com/vi/5AhuZ2tgI9w/hqdefault.jpg?sqp=-oaymwEcCNACELwBSFXyq4qpAw4IARUAAIhCGAFwAcABBg==&rs=AOn4CLAPdHsQtgKTBT-8KzZhpv-4j-5m3Q", "width": 336, "height": 188, "resolution": "336x188", "id": "3"}, {"url": "https://i.ytimg.com/vi_webp/5AhuZ2tgI9w/maxresdefault.webp", "width": 1920, "height": 1080, "resolution": "1920x1080", "id": "4"}], "description": "SHEET MUSIC available online for immediate download at Musicnotes.com: https://www.musicnotes.com/l/dhLqS\n\nThis video is entirely filmed and edited at Jarrod's NEW Mastermind Studios music studio in Joshua Tree, California! ... and Jarrod is wearing his new custom-designed tee while performing his virtuosic piano solo arrangement adapted from \"A Mad Russian's Christmas,\" which is an adaptation of Peter Ilyich Tchaikovsky's famed \"The Nutcracker\" by Paul O'Neill and Robert Kinkel (a perennial favorite made popular by the Trans-Siberian Orchestra. Look for tutorials coming soon, so subscribe to this channel and to Jarrod's mailing list to keep up to date. \n\nThe cool T-shirt he's wearing is part of the new Jarrod Radnich collection, designed by Jarrod and exclusively available at the Jarrod Radnich online store: www.JarrodRadnich.com in the Merchandise section, (and soon Amazon.com).", "categories": ["Music"], "tags": ["TSO", "Trans-Siberian Orchestra", "Jarrod Radnich", "keyboard", "piano", "virtuosic", "piano solo", "Tchaikovsky", "Paul O'Neill", "Robert Kinkel", "The Nutcracker", "Nutcracker", "radnich"], "subtitles": {}, "automatic_captions": {}, "duration": 302, "age_limit": 0, "annotations": null, "chapters": null, "webpage_url": "https://www.youtube.com/watch?v=5AhuZ2tgI9w", "view_count": 19423, "like_count": 1555, "dislike_count": 14, "average_rating": 4.9643083, "formats": [{"format_id": "249", "url": "https://r5---sn-5njj-u2xe.googlevideo.com/videoplayback?expire=1612426900&ei=NFobYIuIJ4_MgQPP_IjABA&ip=140.109.135.76&id=o-ACBlS9zmI6HDe3lv3W_z4ATsXI_tNolsRUtoGRFUarzI&itag=249&source=youtube&requiressl=yes&mh=du&mm=31%2C29&mn=sn-5njj-u2xe%2Csn-un57sn7s&ms=au%2Crdu&mv=m&mvi=5&pcm2cms=yes&pl=16&initcwndbps=487500&vprv=1&mime=audio%2Fwebm&ns=4q8lQh6BM71-6NV9fSA4DG8F&gir=yes&clen=1984657&dur=302.241&lmt=1610799797504896&mt=1612404299&fvip=5&keepalive=yes&c=WEB&txp=5432434&n=q97ABOGezRoS8su_q&sparams=expire%2Cei%2Cip%2Cid%2Citag%2Csource%2Crequiressl%2Cvprv%2Cmime%2Cns%2Cgir%2Cclen%2Cdur%2Clmt&lsparams=mh%2Cmm%2Cmn%2Cms%2Cmv%2Cmvi%2Cpcm2cms%2Cpl%2Cinitcwndbps&lsig=AG3C_xAwRQIgIgnlpki11APe3CtJVLBMwVhL9oxJGK1WKmrefEaBVVUCIQDLkQMXjmUzVtp0YlxdwC1UKQMDZ5Aj7BF934XRJ973yA%3D%3D&sig=AOq0QJ8wRQIhAIAqorLMrnd2Yu7Z9fTuZLZzuNwd_zUSPrSDxMfZQF5nAiB-pVd04JaWsASRq4PzKqX8Llm2gllbEQcOYESM5ELbNA==&ratebypass=yes", "player_url": "/s/player/4bc55fd6/player_ias.vflset/en_US/base.js", "ext": "webm", "format_note": "tiny", "acodec": "opus", "abr": 50, "asr": 48000, "filesize": 1984657, "fps": null, "height": null, "tbr": 57.678, "width": null, "vcodec": "none", "downloader_options": {"http_chunk_size": 10485760}, "format": "249 - audio only (tiny)", "protocol": "https", "http_headers": {"User-Agent": "Mozilla/5.0 (Windows NT 10.0; Win64; x64) AppleWebKit/537.36 (KHTML, like Gecko) Chrome/73.0.3664.4 Safari/537.36", "Accept-Charset": "ISO-8859-1,utf-8;q=0.7,*;q=0.7", "Accept": "text/html,application/xhtml+xml,application/xml;q=0.9,*/*;q=0.8", "Accept-Encoding": "gzip, deflate", "Accept-Language": "en-us,en;q=0.5"}}, {"format_id": "250", "url": "https://r5---sn-5njj-u2xe.googlevideo.com/videoplayback?expire=1612426900&ei=NFobYIuIJ4_MgQPP_IjABA&ip=140.109.135.76&id=o-ACBlS9zmI6HDe3lv3W_z4ATsXI_tNolsRUtoGRFUarzI&itag=250&source=youtube&requiressl=yes&mh=du&mm=31%2C29&mn=sn-5njj-u2xe%2Csn-un57sn7s&ms=au%2Crdu&mv=m&mvi=5&pcm2cms=yes&pl=16&initcwndbps=487500&vprv=1&mime=audio%2Fwebm&ns=4q8lQh6BM71-6NV9fSA4DG8F&gir=yes&clen=2642750&dur=302.241&lmt=1610798740481909&mt=1612404299&fvip=5&keepalive=yes&c=WEB&txp=5432434&n=q97ABOGezRoS8su_q&sparams=expire%2Cei%2Cip%2Cid%2Citag%2Csource%2Crequiressl%2Cvprv%2Cmime%2Cns%2Cgir%2Cclen%2Cdur%2Clmt&lsparams=mh%2Cmm%2Cmn%2Cms%2Cmv%2Cmvi%2Cpcm2cms%2Cpl%2Cinitcwndbps&lsig=AG3C_xAwRAIgFGuo2qI3HTkYU6WMEgXiBBVS4JCLa77yYDiEMrInGzICIAE-kbBs_9fhQzbD4yNLMtTLrQ_gKk7b4jeEtROZuf62&sig=AOq0QJ8wRAIgOGM1T3QdkicyCAVxeOKsOW-DPXWNt1x0vC279EeNX1UCIAND2MN9YWedXfUg9yf8O27wyIHe56wRM6vAvWNqCL-W&ratebypass=yes", "player_url": "/s/player/4bc55fd6/player_ias.vflset/en_US/base.js", "ext": "webm", "format_note": "tiny", "acodec": "opus", "abr": 70, "asr": 48000, "filesize": 2642750, "fps": null, "height": null, "tbr": 76.219, "width": null, "vcodec": "none", "downloader_options": {"http_chunk_size": 10485760}, "format": "250 - audio only (tiny)", "protocol": "https", "http_headers": {"User-Agent": "Mozilla/5.0 (Windows NT 10.0; Win64; x64) AppleWebKit/537.36 (KHTML, like Gecko) Chrome/73.0.3664.4 Safari/537.36", "Accept-Charset": "ISO-8859-1,utf-8;q=0.7,*;q=0.7", "Accept": "text/html,application/xhtml+xml,application/xml;q=0.9,*/*;q=0.8", "Accept-Encoding": "gzip, deflate", "Accept-Language": "en-us,en;q=0.5"}}, {"format_id": "140", "url": "https://r5---sn-5njj-u2xe.googlevideo.com/videoplayback?expire=1612426900&ei=NFobYIuIJ4_MgQPP_IjABA&ip=140.109.135.76&id=o-ACBlS9zmI6HDe3lv3W_z4ATsXI_tNolsRUtoGRFUarzI&itag=140&source=youtube&requiressl=yes&mh=du&mm=31%2C29&mn=sn-5njj-u2xe%2Csn-un57sn7s&ms=au%2Crdu&mv=m&mvi=5&pcm2cms=yes&pl=16&initcwndbps=487500&vprv=1&mime=audio%2Fmp4&ns=4q8lQh6BM71-6NV9fSA4DG8F&gir=yes&clen=4892769&dur=302.277&lmt=1610800562116871&mt=1612404299&fvip=5&keepalive=yes&c=WEB&txp=5432434&n=q97ABOGezRoS8su_q&sparams=expire%2Cei%2Cip%2Cid%2Citag%2Csource%2Crequiressl%2Cvprv%2Cmime%2Cns%2Cgir%2Cclen%2Cdur%2Clmt&lsparams=mh%2Cmm%2Cmn%2Cms%2Cmv%2Cmvi%2Cpcm2cms%2Cpl%2Cinitcwndbps&lsig=AG3C_xAwRgIhAJ2eaaHPg_tkQa5Pys57Y7laU6iPll0opo0x-ob7ep9WAiEA7uzPW-J7v1GaDtLLQhPUDVOtye8wP8dAh-Z41ciBRKw%3D&sig=AOq0QJ8wRQIgSrKKNuvrQ3BqvblpNc-EAWJjK4XrQPTc-XbP1dY6UEMCIQD6UaDpXyFLqvJMXDuvA9Gkc7eUi55hW0aMDgFYgLcm_A==&ratebypass=yes", "player_url": "/s/player/4bc55fd6/player_ias.vflset/en_US/base.js", "ext": "m4a", "format_note": "tiny", "acodec": "mp4a.40.2", "abr": 128, "container": "m4a_dash", "asr": 44100, "filesize": 4892769, "fps": null, "height": null, "tbr": 130.491, "width": null, "vcodec": "none", "downloader_options": {"http_chunk_size": 10485760}, "format": "140 - audio only (tiny)", "protocol": "https", "http_headers": {"User-Agent": "Mozilla/5.0 (Windows NT 10.0; Win64; x64) AppleWebKit/537.36 (KHTML, like Gecko) Chrome/73.0.3664.4 Safari/537.36", "Accept-Charset": "ISO-8859-1,utf-8;q=0.7,*;q=0.7", "Accept": "text/html,application/xhtml+xml,application/xml;q=0.9,*/*;q=0.8", "Accept-Encoding": "gzip, deflate", "Accept-Language": "en-us,en;q=0.5"}}, {"format_id": "251", "url": "https://r5---sn-5njj-u2xe.googlevideo.com/videoplayback?expire=1612426900&ei=NFobYIuIJ4_MgQPP_IjABA&ip=140.109.135.76&id=o-ACBlS9zmI6HDe3lv3W_z4ATsXI_tNolsRUtoGRFUarzI&itag=251&source=youtube&requiressl=yes&mh=du&mm=31%2C29&mn=sn-5njj-u2xe%2Csn-un57sn7s&ms=au%2Crdu&mv=m&mvi=5&pcm2cms=yes&pl=16&initcwndbps=487500&vprv=1&mime=audio%2Fwebm&ns=4q8lQh6BM71-6NV9fSA4DG8F&gir=yes&clen=5207026&dur=302.241&lmt=1610798985806126&mt=1612404299&fvip=5&keepalive=yes&c=WEB&txp=5432434&n=q97ABOGezRoS8su_q&sparams=expire%2Cei%2Cip%2Cid%2Citag%2Csource%2Crequiressl%2Cvprv%2Cmime%2Cns%2Cgir%2Cclen%2Cdur%2Clmt&lsparams=mh%2Cmm%2Cmn%2Cms%2Cmv%2Cmvi%2Cpcm2cms%2Cpl%2Cinitcwndbps&lsig=AG3C_xAwRQIgI-RnZKCBAADdDQu2NFvBpjD-akVtAiQw-L-rQzgXGKYCIQC5AyMqqdYq2WF3W1EkXqiBTLKc8V3TEiBi84Gs9QKtqA%3D%3D&sig=AOq0QJ8wRQIgWe0af_ql40B-Szj-3fzENT7LaDmXfEMu-35RvMnBJ5QCIQCNZNCbGg3HGottJ8U38NYZ7o9ilcUEQn3bB8HgKegTkA==&ratebypass=yes", "player_url": "/s/player/4bc55fd6/player_ias.vflset/en_US/base.js", "ext": "webm", "format_note": "tiny", "acodec": "opus", "abr": 160, "asr": 48000, "filesize": 5207026, "fps": null, "height": null, "tbr": 148.942, "width": null, "vcodec": "none", "downloader_options": {"http_chunk_size": 10485760}, "format": "251 - audio only (tiny)", "protocol": "https", "http_headers": {"User-Agent": "Mozilla/5.0 (Windows NT 10.0; Win64; x64) AppleWebKit/537.36 (KHTML, like Gecko) Chrome/73.0.3664.4 Safari/537.36", "Accept-Charset": "ISO-8859-1,utf-8;q=0.7,*;q=0.7", "Accept": "text/html,application/xhtml+xml,application/xml;q=0.9,*/*;q=0.8", "Accept-Encoding": "gzip, deflate", "Accept-Language": "en-us,en;q=0.5"}}, {"format_id": "160", "url": "https://r5---sn-5njj-u2xe.googlevideo.com/videoplayback?expire=1612426900&ei=NFobYIuIJ4_MgQPP_IjABA&ip=140.109.135.76&id=o-ACBlS9zmI6HDe3lv3W_z4ATsXI_tNolsRUtoGRFUarzI&itag=160&aitags=133%2C134%2C135%2C136%2C137%2C160%2C242%2C243%2C244%2C247%2C248%2C278&source=youtube&requiressl=yes&mh=du&mm=31%2C29&mn=sn-5njj-u2xe%2Csn-un57sn7s&ms=au%2Crdu&mv=m&mvi=5&pcm2cms=yes&pl=16&initcwndbps=487500&vprv=1&mime=video%2Fmp4&ns=4q8lQh6BM71-6NV9fSA4DG8F&gir=yes&clen=1923441&dur=302.218&lmt=1610824194572950&mt=1612404299&fvip=5&keepalive=yes&c=WEB&txp=5432434&n=q97ABOGezRoS8su_q&sparams=expire%2Cei%2Cip%2Cid%2Caitags%2Csource%2Crequiressl%2Cvprv%2Cmime%2Cns%2Cgir%2Cclen%2Cdur%2Clmt&lsparams=mh%2Cmm%2Cmn%2Cms%2Cmv%2Cmvi%2Cpcm2cms%2Cpl%2Cinitcwndbps&lsig=AG3C_xAwRQIgTR3aN_VlC-qdxqfWDoZkcDRRnksGorFFRJl0eWMH4l4CIQDwRjOPMsNvQT4yj6V40x85mFMPQwfHCSQVQiI_oD-Z8A%3D%3D&sig=AOq0QJ8wRgIhAPYtGC4ybz5Gyou-p1aTqHNY0V4IO5XS2pl7gSTg0S7SAiEA-RFUtm_r0CYASNh52A32kmzxyDcvnJhFNE-qDDyZ_5Y=&ratebypass=yes", "player_url": "/s/player/4bc55fd6/player_ias.vflset/en_US/base.js", "ext": "mp4", "height": 144, "format_note": "144p", "vcodec": "avc1.4d400c", "asr": null, "filesize": 1923441, "fps": 24, "tbr": 77.541, "width": 256, "acodec": "none", "downloader_options": {"http_chunk_size": 10485760}, "format": "160 - 256x144 (144p)", "protocol": "https", "http_headers": {"User-Agent": "Mozilla/5.0 (Windows NT 10.0; Win64; x64) AppleWebKit/537.36 (KHTML, like Gecko) Chrome/73.0.3664.4 Safari/537.36", "Accept-Charset": "ISO-8859-1,utf-8;q=0.7,*;q=0.7", "Accept": "text/html,application/xhtml+xml,application/xml;q=0.9,*/*;q=0.8", "Accept-Encoding": "gzip, deflate", "Accept-Language": "en-us,en;q=0.5"}}, {"format_id": "278", "url": "https://r5---sn-5njj-u2xe.googlevideo.com/videoplayback?expire=1612426900&ei=NFobYIuIJ4_MgQPP_IjABA&ip=140.109.135.76&id=o-ACBlS9zmI6HDe3lv3W_z4ATsXI_tNolsRUtoGRFUarzI&itag=278&aitags=133%2C134%2C135%2C136%2C137%2C160%2C242%2C243%2C244%2C247%2C248%2C278&source=youtube&requiressl=yes&mh=du&mm=31%2C29&mn=sn-5njj-u2xe%2Csn-un57sn7s&ms=au%2Crdu&mv=m&mvi=5&pcm2cms=yes&pl=16&initcwndbps=487500&vprv=1&mime=video%2Fwebm&ns=4q8lQh6BM71-6NV9fSA4DG8F&gir=yes&clen=3079217&dur=302.218&lmt=1610844451195634&mt=1612404299&fvip=5&keepalive=yes&c=WEB&txp=5432434&n=q97ABOGezRoS8su_q&sparams=expire%2Cei%2Cip%2Cid%2Caitags%2Csource%2Crequiressl%2Cvprv%2Cmime%2Cns%2Cgir%2Cclen%2Cdur%2Clmt&lsparams=mh%2Cmm%2Cmn%2Cms%2Cmv%2Cmvi%2Cpcm2cms%2Cpl%2Cinitcwndbps&lsig=AG3C_xAwRgIhAM7PRlh4l5PwU62Fih0v4baZSE1m8Pb254rZPfGJ0LbqAiEA4UZYc7ijmPchOVhATcRRTaxEzPHfQVy3oBt-M3XcjxQ%3D&sig=AOq0QJ8wRQIhAIr92nJTkYfdkqZ5GNgNe-EvGlsj6jsiI1xW_Y6gCiP7AiAhKdlYIZbOEvkepn7eZXWdd6x-kbJiGcLUvePXPY_FWw==&ratebypass=yes", "player_url": "/s/player/4bc55fd6/player_ias.vflset/en_US/base.js", "ext": "webm", "height": 144, "format_note": "144p", "container": "webm", "vcodec": "vp9", "asr": null, "filesize": 3079217, "fps": 24, "tbr": 88.589, "width": 256, "acodec": "none", "downloader_options": {"http_chunk_size": 10485760}, "format": "278 - 256x144 (144p)", "protocol": "https", "http_headers": {"User-Agent": "Mozilla/5.0 (Windows NT 10.0; Win64; x64) AppleWebKit/537.36 (KHTML, like Gecko) Chrome/73.0.3664.4 Safari/537.36", "Accept-Charset": "ISO-8859-1,utf-8;q=0.7,*;q=0.7", "Accept": "text/html,application/xhtml+xml,application/xml;q=0.9,*/*;q=0.8", "Accept-Encoding": "gzip, deflate", "Accept-Language": "en-us,en;q=0.5"}}, {"format_id": "133", "url": "https://r5---sn-5njj-u2xe.googlevideo.com/videoplayback?expire=1612426900&ei=NFobYIuIJ4_MgQPP_IjABA&ip=140.109.135.76&id=o-ACBlS9zmI6HDe3lv3W_z4ATsXI_tNolsRUtoGRFUarzI&itag=133&aitags=133%2C134%2C135%2C136%2C137%2C160%2C242%2C243%2C244%2C247%2C248%2C278&source=youtube&requiressl=yes&mh=du&mm=31%2C29&mn=sn-5njj-u2xe%2Csn-un57sn7s&ms=au%2Crdu&mv=m&mvi=5&pcm2cms=yes&pl=16&initcwndbps=487500&vprv=1&mime=video%2Fmp4&ns=4q8lQh6BM71-6NV9fSA4DG8F&gir=yes&clen=4035620&dur=302.218&lmt=1610826315306240&mt=1612404299&fvip=5&keepalive=yes&c=WEB&txp=5432434&n=q97ABOGezRoS8su_q&sparams=expire%2Cei%2Cip%2Cid%2Caitags%2Csource%2Crequiressl%2Cvprv%2Cmime%2Cns%2Cgir%2Cclen%2Cdur%2Clmt&lsparams=mh%2Cmm%2Cmn%2Cms%2Cmv%2Cmvi%2Cpcm2cms%2Cpl%2Cinitcwndbps&lsig=AG3C_xAwRQIgFrKpUUaO8B4I82MY-pBVbl-KFAyJurm2BfsI4ryoCp8CIQDgSZTE7XQl8po-czwNEtJSNJgrkEjJo-G7FypraMoE6w%3D%3D&sig=AOq0QJ8wRQIhAO4k_fH-OFi_BzvuTEyHVp7yDJ1fIX4AcfDB0jyrEuBdAiBuNXfCVugxhAhMmYE8WEOyt83AR2T4S2MVzYEYXYLwGg==&ratebypass=yes", "player_url": "/s/player/4bc55fd6/player_ias.vflset/en_US/base.js", "ext": "mp4", "height": 240, "format_note": "240p", "vcodec": "avc1.4d4015", "asr": null, "filesize": 4035620, "fps": 24, "tbr": 168.768, "width": 426, "acodec": "none", "downloader_options": {"http_chunk_size": 10485760}, "format": "133 - 426x240 (240p)", "protocol": "https", "http_headers": {"User-Agent": "Mozilla/5.0 (Windows NT 10.0; Win64; x64) AppleWebKit/537.36 (KHTML, like Gecko) Chrome/73.0.3664.4 Safari/537.36", "Accept-Charset": "ISO-8859-1,utf-8;q=0.7,*;q=0.7", "Accept": "text/html,application/xhtml+xml,application/xml;q=0.9,*/*;q=0.8", "Accept-Encoding": "gzip, deflate", "Accept-Language": "en-us,en;q=0.5"}}, {"format_id": "242", "url": "https://r5---sn-5njj-u2xe.googlevideo.com/videoplayback?expire=1612426900&ei=NFobYIuIJ4_MgQPP_IjABA&ip=140.109.135.76&id=o-ACBlS9zmI6HDe3lv3W_z4ATsXI_tNolsRUtoGRFUarzI&itag=242&aitags=133%2C134%2C135%2C136%2C137%2C160%2C242%2C243%2C244%2C247%2C248%2C278&source=youtube&requiressl=yes&mh=du&mm=31%2C29&mn=sn-5njj-u2xe%2Csn-un57sn7s&ms=au%2Crdu&mv=m&mvi=5&pcm2cms=yes&pl=16&initcwndbps=487500&vprv=1&mime=video%2Fwebm&ns=4q8lQh6BM71-6NV9fSA4DG8F&gir=yes&clen=5134771&dur=302.218&lmt=1610844448136135&mt=1612404299&fvip=5&keepalive=yes&c=WEB&txp=5432434&n=q97ABOGezRoS8su_q&sparams=expire%2Cei%2Cip%2Cid%2Caitags%2Csource%2Crequiressl%2Cvprv%2Cmime%2Cns%2Cgir%2Cclen%2Cdur%2Clmt&lsparams=mh%2Cmm%2Cmn%2Cms%2Cmv%2Cmvi%2Cpcm2cms%2Cpl%2Cinitcwndbps&lsig=AG3C_xAwRQIgDL3FqdN2kLFzBhPGz4h9viJJuW6HiuANhKn14LfrTbQCIQDApRi4ZgD5DFYEU2I8QqcoxX_4Fkqsm7e63AHdVKEL5Q%3D%3D&sig=AOq0QJ8wRQIhAMciydeCnKdDUKrkeMkN6Ut3iBLxmGXDxh0R0p_BdE4XAiB3en3pA7iivZEoVb25hXbExm4Cu_YjJgN9-aAVxgFORA==&ratebypass=yes", "player_url": "/s/player/4bc55fd6/player_ias.vflset/en_US/base.js", "ext": "webm", "height": 240, "format_note": "240p", "vcodec": "vp9", "asr": null, "filesize": 5134771, "fps": 24, "tbr": 197.274, "width": 426, "acodec": "none", "downloader_options": {"http_chunk_size": 10485760}, "format": "242 - 426x240 (240p)", "protocol": "https", "http_headers": {"User-Agent": "Mozilla/5.0 (Windows NT 10.0; Win64; x64) AppleWebKit/537.36 (KHTML, like Gecko) Chrome/73.0.3664.4 Safari/537.36", "Accept-Charset": "ISO-8859-1,utf-8;q=0.7,*;q=0.7", "Accept": "text/html,application/xhtml+xml,application/xml;q=0.9,*/*;q=0.8", "Accept-Encoding": "gzip, deflate", "Accept-Language": "en-us,en;q=0.5"}}, {"format_id": "134", "url": "https://r5---sn-5njj-u2xe.googlevideo.com/videoplayback?expire=1612426900&ei=NFobYIuIJ4_MgQPP_IjABA&ip=140.109.135.76&id=o-ACBlS9zmI6HDe3lv3W_z4ATsXI_tNolsRUtoGRFUarzI&itag=134&aitags=133%2C134%2C135%2C136%2C137%2C160%2C242%2C243%2C244%2C247%2C248%2C278&source=youtube&requiressl=yes&mh=du&mm=31%2C29&mn=sn-5njj-u2xe%2Csn-un57sn7s&ms=au%2Crdu&mv=m&mvi=5&pcm2cms=yes&pl=16&initcwndbps=487500&vprv=1&mime=video%2Fmp4&ns=4q8lQh6BM71-6NV9fSA4DG8F&gir=yes&clen=7815500&dur=302.218&lmt=1610825765270493&mt=1612404299&fvip=5&keepalive=yes&c=WEB&txp=5432434&n=q97ABOGezRoS8su_q&sparams=expire%2Cei%2Cip%2Cid%2Caitags%2Csource%2Crequiressl%2Cvprv%2Cmime%2Cns%2Cgir%2Cclen%2Cdur%2Clmt&lsparams=mh%2Cmm%2Cmn%2Cms%2Cmv%2Cmvi%2Cpcm2cms%2Cpl%2Cinitcwndbps&lsig=AG3C_xAwRAIgahlwoTGgMLPxXGmJe1EO2UL70Wn7QU4cap_-ip5gc8ACIGkL874909AiYea-UU9wEy8sJHiI38Zj1sdS_b1rVk24&sig=AOq0QJ8wRQIhAI467DRTKdSwQ_69J-9hgiH2j95k7wjmEfdx3ThdZAbFAiBqqoP4RmscSDpAPfaJfxDXWZOGhPC1KmWqsTUp5tRNiA==&ratebypass=yes", "player_url": "/s/player/4bc55fd6/player_ias.vflset/en_US/base.js", "ext": "mp4", "height": 360, "format_note": "360p", "vcodec": "avc1.4d401e", "asr": null, "filesize": 7815500, "fps": 24, "tbr": 301.072, "width": 640, "acodec": "none", "downloader_options": {"http_chunk_size": 10485760}, "format": "134 - 640x360 (360p)", "protocol": "https", "http_headers": {"User-Agent": "Mozilla/5.0 (Windows NT 10.0; Win64; x64) AppleWebKit/537.36 (KHTML, like Gecko) Chrome/73.0.3664.4 Safari/537.36", "Accept-Charset": "ISO-8859-1,utf-8;q=0.7,*;q=0.7", "Accept": "text/html,application/xhtml+xml,application/xml;q=0.9,*/*;q=0.8", "Accept-Encoding": "gzip, deflate", "Accept-Language": "en-us,en;q=0.5"}}, {"format_id": "243", "url": "https://r5---sn-5njj-u2xe.googlevideo.com/videoplayback?expire=1612426900&ei=NFobYIuIJ4_MgQPP_IjABA&ip=140.109.135.76&id=o-ACBlS9zmI6HDe3lv3W_z4ATsXI_tNolsRUtoGRFUarzI&itag=243&aitags=133%2C134%2C135%2C136%2C137%2C160%2C242%2C243%2C244%2C247%2C248%2C278&source=youtube&requiressl=yes&mh=du&mm=31%2C29&mn=sn-5njj-u2xe%2Csn-un57sn7s&ms=au%2Crdu&mv=m&mvi=5&pcm2cms=yes&pl=16&initcwndbps=487500&vprv=1&mime=video%2Fwebm&ns=4q8lQh6BM71-6NV9fSA4DG8F&gir=yes&clen=10378895&dur=302.218&lmt=1610844511408202&mt=1612404299&fvip=5&keepalive=yes&c=WEB&txp=5432434&n=q97ABOGezRoS8su_q&sparams=expire%2Cei%2Cip%2Cid%2Caitags%2Csource%2Crequiressl%2Cvprv%2Cmime%2Cns%2Cgir%2Cclen%2Cdur%2Clmt&lsparams=mh%2Cmm%2Cmn%2Cms%2Cmv%2Cmvi%2Cpcm2cms%2Cpl%2Cinitcwndbps&lsig=AG3C_xAwRQIhAIrLxnINqJBjbOrzR2tJrngdcMakbkA5G9HA8EOl-o82AiAugYQo7skEVkvB_ch6KTyw3VhuHC60aIOdWHxUJYeoqw%3D%3D&sig=AOq0QJ8wRAIgDs1GP6SgUiZmOcEjmSvMsqnp9qOfECtBPPMXRphlREYCIDEe-IhJiAb6-X2jcQHUBxnfLMMP5xvaIhL8FcczWHEQ&ratebypass=yes", "player_url": "/s/player/4bc55fd6/player_ias.vflset/en_US/base.js", "ext": "webm", "height": 360, "format_note": "360p", "vcodec": "vp9", "asr": null, "filesize": 10378895, "fps": 24, "tbr": 414.381, "width": 640, "acodec": "none", "downloader_options": {"http_chunk_size": 10485760}, "format": "243 - 640x360 (360p)", "protocol": "https", "http_headers": {"User-Agent": "Mozilla/5.0 (Windows NT 10.0; Win64; x64) AppleWebKit/537.36 (KHTML, like Gecko) Chrome/73.0.3664.4 Safari/537.36", "Accept-Charset": "ISO-8859-1,utf-8;q=0.7,*;q=0.7", "Accept": "text/html,application/xhtml+xml,application/xml;q=0.9,*/*;q=0.8", "Accept-Encoding": "gzip, deflate", "Accept-Language": "en-us,en;q=0.5"}}, {"format_id": "135", "url": "https://r5---sn-5njj-u2xe.googlevideo.com/videoplayback?expire=1612426900&ei=NFobYIuIJ4_MgQPP_IjABA&ip=140.109.135.76&id=o-ACBlS9zmI6HDe3lv3W_z4ATsXI_tNolsRUtoGRFUarzI&itag=135&aitags=133%2C134%2C135%2C136%2C137%2C160%2C242%2C243%2C244%2C247%2C248%2C278&source=youtube&requiressl=yes&mh=du&mm=31%2C29&mn=sn-5njj-u2xe%2Csn-un57sn7s&ms=au%2Crdu&mv=m&mvi=5&pcm2cms=yes&pl=16&initcwndbps=487500&vprv=1&mime=video%2Fmp4&ns=4q8lQh6BM71-6NV9fSA4DG8F&gir=yes&clen=15526213&dur=302.218&lmt=1610825754613611&mt=1612404299&fvip=5&keepalive=yes&c=WEB&txp=5432434&n=q97ABOGezRoS8su_q&sparams=expire%2Cei%2Cip%2Cid%2Caitags%2Csource%2Crequiressl%2Cvprv%2Cmime%2Cns%2Cgir%2Cclen%2Cdur%2Clmt&lsparams=mh%2Cmm%2Cmn%2Cms%2Cmv%2Cmvi%2Cpcm2cms%2Cpl%2Cinitcwndbps&lsig=AG3C_xAwRQIhAOYgzi2Io1F2HDG_3pQaGyExINaySOq_3hf1RdYKeqd3AiAJ52KS5EU-yHU-QN_4i4Wtdny-UE9C3H-2PeeF8jMAJw%3D%3D&sig=AOq0QJ8wRgIhAJFDjZFxaigkj6g0GdAl6tcZihJarc-SeQPJvL_VW8UhAiEA22Ayqs9RKAgROMyrLR2eQhckAgcMlBIt_KaX5fymNEw=&ratebypass=yes", "player_url": "/s/player/4bc55fd6/player_ias.vflset/en_US/base.js", "ext": "mp4", "height": 480, "format_note": "480p", "vcodec": "avc1.4d401e", "asr": null, "filesize": 15526213, "fps": 24, "tbr": 530.862, "width": 854, "acodec": "none", "downloader_options": {"http_chunk_size": 10485760}, "format": "135 - 854x480 (480p)", "protocol": "https", "http_headers": {"User-Agent": "Mozilla/5.0 (Windows NT 10.0; Win64; x64) AppleWebKit/537.36 (KHTML, like Gecko) Chrome/73.0.3664.4 Safari/537.36", "Accept-Charset": "ISO-8859-1,utf-8;q=0.7,*;q=0.7", "Accept": "text/html,application/xhtml+xml,application/xml;q=0.9,*/*;q=0.8", "Accept-Encoding": "gzip, deflate", "Accept-Language": "en-us,en;q=0.5"}}, {"format_id": "244", "url": "https://r5---sn-5njj-u2xe.googlevideo.com/videoplayback?expire=1612426900&ei=NFobYIuIJ4_MgQPP_IjABA&ip=140.109.135.76&id=o-ACBlS9zmI6HDe3lv3W_z4ATsXI_tNolsRUtoGRFUarzI&itag=244&aitags=133%2C134%2C135%2C136%2C137%2C160%2C242%2C243%2C244%2C247%2C248%2C278&source=youtube&requiressl=yes&mh=du&mm=31%2C29&mn=sn-5njj-u2xe%2Csn-un57sn7s&ms=au%2Crdu&mv=m&mvi=5&pcm2cms=yes&pl=16&initcwndbps=487500&vprv=1&mime=video%2Fwebm&ns=4q8lQh6BM71-6NV9fSA4DG8F&gir=yes&clen=16795641&dur=302.218&lmt=1610844637456020&mt=1612404299&fvip=5&keepalive=yes&c=WEB&txp=5432434&n=q97ABOGezRoS8su_q&sparams=expire%2Cei%2Cip%2Cid%2Caitags%2Csource%2Crequiressl%2Cvprv%2Cmime%2Cns%2Cgir%2Cclen%2Cdur%2Clmt&lsparams=mh%2Cmm%2Cmn%2Cms%2Cmv%2Cmvi%2Cpcm2cms%2Cpl%2Cinitcwndbps&lsig=AG3C_xAwRQIgArD2lhfSTgs-VFRAmM50wc8ojPFw7Uyk3KS1oJxvKEkCIQDlS_TREI8Wz47RWjxsodEOpuEmGIzkR6F9jeHlwLiYkg%3D%3D&sig=AOq0QJ8wRQIgEsxymmqUXxUlkcnXfNIAIICAIt8r9p63Sw-_Cv0kWnUCIQCpmRv-NHSTU5M_1N9IvW6J_Cd2VaHJjf-QO1vshR8fQA==&ratebypass=yes", "player_url": "/s/player/4bc55fd6/player_ias.vflset/en_US/base.js", "ext": "webm", "height": 480, "format_note": "480p", "vcodec": "vp9", "asr": null, "filesize": 16795641, "fps": 24, "tbr": 692.07, "width": 854, "acodec": "none", "downloader_options": {"http_chunk_size": 10485760}, "format": "244 - 854x480 (480p)", "protocol": "https", "http_headers": {"User-Agent": "Mozilla/5.0 (Windows NT 10.0; Win64; x64) AppleWebKit/537.36 (KHTML, like Gecko) Chrome/73.0.3664.4 Safari/537.36", "Accept-Charset": "ISO-8859-1,utf-8;q=0.7,*;q=0.7", "Accept": "text/html,application/xhtml+xml,application/xml;q=0.9,*/*;q=0.8", "Accept-Encoding": "gzip, deflate", "Accept-Language": "en-us,en;q=0.5"}}, {"format_id": "136", "url": "https://r5---sn-5njj-u2xe.googlevideo.com/videoplayback?expire=1612426900&ei=NFobYIuIJ4_MgQPP_IjABA&ip=140.109.135.76&id=o-ACBlS9zmI6HDe3lv3W_z4ATsXI_tNolsRUtoGRFUarzI&itag=136&aitags=133%2C134%2C135%2C136%2C137%2C160%2C242%2C243%2C244%2C247%2C248%2C278&source=youtube&requiressl=yes&mh=du&mm=31%2C29&mn=sn-5njj-u2xe%2Csn-un57sn7s&ms=au%2Crdu&mv=m&mvi=5&pcm2cms=yes&pl=16&initcwndbps=487500&vprv=1&mime=video%2Fmp4&ns=4q8lQh6BM71-6NV9fSA4DG8F&gir=yes&clen=28981303&dur=302.218&lmt=1610825744879308&mt=1612404299&fvip=5&keepalive=yes&c=WEB&txp=5432434&n=q97ABOGezRoS8su_q&sparams=expire%2Cei%2Cip%2Cid%2Caitags%2Csource%2Crequiressl%2Cvprv%2Cmime%2Cns%2Cgir%2Cclen%2Cdur%2Clmt&lsparams=mh%2Cmm%2Cmn%2Cms%2Cmv%2Cmvi%2Cpcm2cms%2Cpl%2Cinitcwndbps&lsig=AG3C_xAwRQIhAIetEtNzXZkAXXX_eFwqiUelfz5yRvoDNhK0HUri9bI7AiBrbA4W7fcu7jHkY5frZyT14kJTHKUPpI57eQIn5SDyeQ%3D%3D&sig=AOq0QJ8wRAIgaApAH1cSRvmaN-Q1BoVt1em9C2hph5V2TK8F7a9bdu0CIEGQKjqjI-eJ7Nt__6pL0NUME6IL4Cq8bpIt-ltan2L6&ratebypass=yes", "player_url": "/s/player/4bc55fd6/player_ias.vflset/en_US/base.js", "ext": "mp4", "height": 720, "format_note": "720p", "vcodec": "avc1.4d401f", "asr": null, "filesize": 28981303, "fps": 24, "tbr": 1072.532, "width": 1280, "acodec": "none", "downloader_options": {"http_chunk_size": 10485760}, "format": "136 - 1280x720 (720p)", "protocol": "https", "http_headers": {"User-Agent": "Mozilla/5.0 (Windows NT 10.0; Win64; x64) AppleWebKit/537.36 (KHTML, like Gecko) Chrome/73.0.3664.4 Safari/537.36", "Accept-Charset": "ISO-8859-1,utf-8;q=0.7,*;q=0.7", "Accept": "text/html,application/xhtml+xml,application/xml;q=0.9,*/*;q=0.8", "Accept-Encoding": "gzip, deflate", "Accept-Language": "en-us,en;q=0.5"}}, {"format_id": "247", "url": "https://r5---sn-5njj-u2xe.googlevideo.com/videoplayback?expire=1612426900&ei=NFobYIuIJ4_MgQPP_IjABA&ip=140.109.135.76&id=o-ACBlS9zmI6HDe3lv3W_z4ATsXI_tNolsRUtoGRFUarzI&itag=247&aitags=133%2C134%2C135%2C136%2C137%2C160%2C242%2C243%2C244%2C247%2C248%2C278&source=youtube&requiressl=yes&mh=du&mm=31%2C29&mn=sn-5njj-u2xe%2Csn-un57sn7s&ms=au%2Crdu&mv=m&mvi=5&pcm2cms=yes&pl=16&initcwndbps=487500&vprv=1&mime=video%2Fwebm&ns=4q8lQh6BM71-6NV9fSA4DG8F&gir=yes&clen=29013376&dur=302.218&lmt=1610844464802652&mt=1612404299&fvip=5&keepalive=yes&c=WEB&txp=5432434&n=q97ABOGezRoS8su_q&sparams=expire%2Cei%2Cip%2Cid%2Caitags%2Csource%2Crequiressl%2Cvprv%2Cmime%2Cns%2Cgir%2Cclen%2Cdur%2Clmt&lsparams=mh%2Cmm%2Cmn%2Cms%2Cmv%2Cmvi%2Cpcm2cms%2Cpl%2Cinitcwndbps&lsig=AG3C_xAwRQIhAPibC809Oqo9lujNdzOXO9reO_qbk_dNFGWZmG2ay_MGAiBeDZzL2lnADUFc8VuvJI1Fvhne6TbD6mE2ecgRVbWo9A%3D%3D&sig=AOq0QJ8wRQIgQP3HzTWR_cj4sfqdrWi2F5I1zGo60dV29VVkvfXcWN4CIQD5bcXkI9nD4YOrMgg1EQGwJ1sUsV9RKCRvb5LVZ0nY8A==&ratebypass=yes", "player_url": "/s/player/4bc55fd6/player_ias.vflset/en_US/base.js", "ext": "webm", "height": 720, "format_note": "720p", "vcodec": "vp9", "asr": null, "filesize": 29013376, "fps": 24, "tbr": 1160.011, "width": 1280, "acodec": "none", "downloader_options": {"http_chunk_size": 10485760}, "format": "247 - 1280x720 (720p)", "protocol": "https", "http_headers": {"User-Agent": "Mozilla/5.0 (Windows NT 10.0; Win64; x64) AppleWebKit/537.36 (KHTML, like Gecko) Chrome/73.0.3664.4 Safari/537.36", "Accept-Charset": "ISO-8859-1,utf-8;q=0.7,*;q=0.7", "Accept": "text/html,application/xhtml+xml,application/xml;q=0.9,*/*;q=0.8", "Accept-Encoding": "gzip, deflate", "Accept-Language": "en-us,en;q=0.5"}}, {"format_id": "248", "url": "https://r5---sn-5njj-u2xe.googlevideo.com/videoplayback?expire=1612426900&ei=NFobYIuIJ4_MgQPP_IjABA&ip=140.109.135.76&id=o-ACBlS9zmI6HDe3lv3W_z4ATsXI_tNolsRUtoGRFUarzI&itag=248&aitags=133%2C134%2C135%2C136%2C137%2C160%2C242%2C243%2C244%2C247%2C248%2C278&source=youtube&requiressl=yes&mh=du&mm=31%2C29&mn=sn-5njj-u2xe%2Csn-un57sn7s&ms=au%2Crdu&mv=m&mvi=5&pcm2cms=yes&pl=16&initcwndbps=487500&vprv=1&mime=video%2Fwebm&ns=4q8lQh6BM71-6NV9fSA4DG8F&gir=yes&clen=49378148&dur=302.218&lmt=1610827428716320&mt=1612404299&fvip=5&keepalive=yes&c=WEB&txp=5432434&n=q97ABOGezRoS8su_q&sparams=expire%2Cei%2Cip%2Cid%2Caitags%2Csource%2Crequiressl%2Cvprv%2Cmime%2Cns%2Cgir%2Cclen%2Cdur%2Clmt&lsparams=mh%2Cmm%2Cmn%2Cms%2Cmv%2Cmvi%2Cpcm2cms%2Cpl%2Cinitcwndbps&lsig=AG3C_xAwRAIgFxx8UUpVNk9utS0r-xj8ia6gxJxrkUZdt3H8Au_GFt4CIFQqliI8n9LyJdLqFCnjM6j8LMjsoxLQH3OB0WbME7QH&sig=AOq0QJ8wRQIhAO--pUOuwZlaIjCLuf8bFIGfQBSd80b3hyA5DBp_-C_BAiAudFqTxK19VPlCBGc9JQKcTT7FWqq-R9edAobBc4V9Yg==&ratebypass=yes", "player_url": "/s/player/4bc55fd6/player_ias.vflset/en_US/base.js", "ext": "webm", "height": 1080, "format_note": "1080p", "vcodec": "vp9", "asr": null, "filesize": 49378148, "fps": 24, "tbr": 1925.889, "width": 1920, "acodec": "none", "downloader_options": {"http_chunk_size": 10485760}, "format": "248 - 1920x1080 (1080p)", "protocol": "https", "http_headers": {"User-Agent": "Mozilla/5.0 (Windows NT 10.0; Win64; x64) AppleWebKit/537.36 (KHTML, like Gecko) Chrome/73.0.3664.4 Safari/537.36", "Accept-Charset": "ISO-8859-1,utf-8;q=0.7,*;q=0.7", "Accept": "text/html,application/xhtml+xml,application/xml;q=0.9,*/*;q=0.8", "Accept-Encoding": "gzip, deflate", "Accept-Language": "en-us,en;q=0.5"}}, {"format_id": "137", "url": "https://r5---sn-5njj-u2xe.googlevideo.com/videoplayback?expire=1612426900&ei=NFobYIuIJ4_MgQPP_IjABA&ip=140.109.135.76&id=o-ACBlS9zmI6HDe3lv3W_z4ATsXI_tNolsRUtoGRFUarzI&itag=137&aitags=133%2C134%2C135%2C136%2C137%2C160%2C242%2C243%2C244%2C247%2C248%2C278&source=youtube&requiressl=yes&mh=du&mm=31%2C29&mn=sn-5njj-u2xe%2Csn-un57sn7s&ms=au%2Crdu&mv=m&mvi=5&pcm2cms=yes&pl=16&initcwndbps=487500&vprv=1&mime=video%2Fmp4&ns=4q8lQh6BM71-6NV9fSA4DG8F&gir=yes&clen=62621543&dur=302.218&lmt=1610828714896636&mt=1612404299&fvip=5&keepalive=yes&c=WEB&txp=5432434&n=q97ABOGezRoS8su_q&sparams=expire%2Cei%2Cip%2Cid%2Caitags%2Csource%2Crequiressl%2Cvprv%2Cmime%2Cns%2Cgir%2Cclen%2Cdur%2Clmt&lsparams=mh%2Cmm%2Cmn%2Cms%2Cmv%2Cmvi%2Cpcm2cms%2Cpl%2Cinitcwndbps&lsig=AG3C_xAwRgIhALafZR2q32-fugIQMKr_TLu8PMlqOqNZAdkHCYtaACqjAiEAzXiGIcrUbcMG6RW9iRFj4s6QQnJJ0oZSZuWbfN65EfE%3D&sig=AOq0QJ8wRgIhAIVlSXNzvBwdzNxB3N8WXnmhyNJWRowIRIvD1SoYxQYVAiEAm53im4fQ9_vJUHQJimTX4W3YhX_-BJngnuYodeNuF4o=&ratebypass=yes", "player_url": "/s/player/4bc55fd6/player_ias.vflset/en_US/base.js", "ext": "mp4", "height": 1080, "format_note": "1080p", "vcodec": "avc1.640028", "asr": null, "filesize": 62621543, "fps": 24, "tbr": 2184.699, "width": 1920, "acodec": "none", "downloader_options": {"http_chunk_size": 10485760}, "format": "137 - 1920x1080 (1080p)", "protocol": "https", "http_headers": {"User-Agent": "Mozilla/5.0 (Windows NT 10.0; Win64; x64) AppleWebKit/537.36 (KHTML, like Gecko) Chrome/73.0.3664.4 Safari/537.36", "Accept-Charset": "ISO-8859-1,utf-8;q=0.7,*;q=0.7", "Accept": "text/html,application/xhtml+xml,application/xml;q=0.9,*/*;q=0.8", "Accept-Encoding": "gzip, deflate", "Accept-Language": "en-us,en;q=0.5"}}, {"format_id": "18", "url": "https://r5---sn-5njj-u2xe.googlevideo.com/videoplayback?expire=1612426900&ei=NFobYIuIJ4_MgQPP_IjABA&ip=140.109.135.76&id=o-ACBlS9zmI6HDe3lv3W_z4ATsXI_tNolsRUtoGRFUarzI&itag=18&source=youtube&requiressl=yes&mh=du&mm=31%2C29&mn=sn-5njj-u2xe%2Csn-un57sn7s&ms=au%2Crdu&mv=m&mvi=5&pcm2cms=yes&pl=16&initcwndbps=487500&vprv=1&mime=video%2Fmp4&ns=t49rz7iB_kUxZQo0q5bCLQEF&gir=yes&clen=20462048&ratebypass=yes&dur=302.277&lmt=1610815557561276&mt=1612404299&fvip=5&c=WEB&txp=5430434&n=PJL-fhUZUTOAorN8Y&sparams=expire%2Cei%2Cip%2Cid%2Citag%2Csource%2Crequiressl%2Cvprv%2Cmime%2Cns%2Cgir%2Cclen%2Cratebypass%2Cdur%2Clmt&lsparams=mh%2Cmm%2Cmn%2Cms%2Cmv%2Cmvi%2Cpcm2cms%2Cpl%2Cinitcwndbps&lsig=AG3C_xAwRAIgT_O1jLZrTLYku-RQozx-mmPhewS0HxdRGarx4DNAb-YCICaWYc3DyBBgtvUaM4AnYTDh7aBCQ8m8ZYimEwTw8CuL&sig=AOq0QJ8wRQIgS5YXHeqMu8-hxDrng1gOPSOnzZtbInSzCNeaX7iavysCIQD7XNZ25dlX57LenuUfHaaXc-vHFdE03gwEvH3xugNb6g==", "player_url": "/s/player/4bc55fd6/player_ias.vflset/en_US/base.js", "ext": "mp4", "width": 640, "height": 360, "acodec": "mp4a.40.2", "abr": 96, "vcodec": "avc1.42001E", "asr": 44100, "filesize": 20462048, "format_note": "360p", "fps": 24, "tbr": 541.65, "format": "18 - 640x360 (360p)", "protocol": "https", "http_headers": {"User-Agent": "Mozilla/5.0 (Windows NT 10.0; Win64; x64) AppleWebKit/537.36 (KHTML, like Gecko) Chrome/73.0.3664.4 Safari/537.36", "Accept-Charset": "ISO-8859-1,utf-8;q=0.7,*;q=0.7", "Accept": "text/html,application/xhtml+xml,application/xml;q=0.9,*/*;q=0.8", "Accept-Encoding": "gzip, deflate", "Accept-Language": "en-us,en;q=0.5"}}], "is_live": null, "start_time": null, "end_time": null, "series": null, "season_number": null, "episode_number": null, "track": null, "artist": null, "album": null, "release_date": null, "release_year": null, "extractor": "youtube", "webpage_url_basename": "watch", "extractor_key": "Youtube", "playlist": null, "playlist_index": null, "thumbnail": "https://i.ytimg.com/vi_webp/5AhuZ2tgI9w/maxresdefault.webp", "display_id": "5AhuZ2tgI9w", "requested_subtitles": null, "format_id": "251", "url": "https://r5---sn-5njj-u2xe.googlevideo.com/videoplayback?expire=1612426900&ei=NFobYIuIJ4_MgQPP_IjABA&ip=140.109.135.76&id=o-ACBlS9zmI6HDe3lv3W_z4ATsXI_tNolsRUtoGRFUarzI&itag=251&source=youtube&requiressl=yes&mh=du&mm=31%2C29&mn=sn-5njj-u2xe%2Csn-un57sn7s&ms=au%2Crdu&mv=m&mvi=5&pcm2cms=yes&pl=16&initcwndbps=487500&vprv=1&mime=audio%2Fwebm&ns=4q8lQh6BM71-6NV9fSA4DG8F&gir=yes&clen=5207026&dur=302.241&lmt=1610798985806126&mt=1612404299&fvip=5&keepalive=yes&c=WEB&txp=5432434&n=q97ABOGezRoS8su_q&sparams=expire%2Cei%2Cip%2Cid%2Citag%2Csource%2Crequiressl%2Cvprv%2Cmime%2Cns%2Cgir%2Cclen%2Cdur%2Clmt&lsparams=mh%2Cmm%2Cmn%2Cms%2Cmv%2Cmvi%2Cpcm2cms%2Cpl%2Cinitcwndbps&lsig=AG3C_xAwRQIgI-RnZKCBAADdDQu2NFvBpjD-akVtAiQw-L-rQzgXGKYCIQC5AyMqqdYq2WF3W1EkXqiBTLKc8V3TEiBi84Gs9QKtqA%3D%3D&sig=AOq0QJ8wRQIgWe0af_ql40B-Szj-3fzENT7LaDmXfEMu-35RvMnBJ5QCIQCNZNCbGg3HGottJ8U38NYZ7o9ilcUEQn3bB8HgKegTkA==&ratebypass=yes", "player_url": "/s/player/4bc55fd6/player_ias.vflset/en_US/base.js", "ext": "webm", "format_note": "tiny", "acodec": "opus", "abr": 160, "asr": 48000, "filesize": 5207026, "fps": null, "height": null, "tbr": 148.942, "width": null, "vcodec": "none", "downloader_options": {"http_chunk_size": 10485760}, "format": "251 - audio only (tiny)", "protocol": "https", "http_headers": {"User-Agent": "Mozilla/5.0 (Windows NT 10.0; Win64; x64) AppleWebKit/537.36 (KHTML, like Gecko) Chrome/73.0.3664.4 Safari/537.36", "Accept-Charset": "ISO-8859-1,utf-8;q=0.7,*;q=0.7", "Accept": "text/html,application/xhtml+xml,application/xml;q=0.9,*/*;q=0.8", "Accept-Encoding": "gzip, deflate", "Accept-Language": "en-us,en;q=0.5"}}