{"id": "61EA0xRX8gE", "uploader": "Samuel Fu Reborn", "uploader_id": "UC3-KJSW0feyMsbI2OJdKFig", "uploader_url": "http://www.youtube.com/channel/UC3-KJSW0feyMsbI2OJdKFig", "channel_id": "UC3-KJSW0feyMsbI2OJdKFig", "channel_url": "http://www.youtube.com/channel/UC3-KJSW0feyMsbI2OJdKFig", "upload_date": "20201020", "license": null, "creator": null, "title": "Spider-Man Trio Theme Epic Piano Mashup/Medley [MCU Live Action Spider-Verse] (Piano Cover)", "alt_title": null, "thumbnails": [{"url": "https://i.ytimg.com/vi/61EA0xRX8gE/hqdefault.jpg?sqp=-oaymwEYCKgBEF5IVfKriqkDCwgBFQAAiEIYAXAB&rs=AOn4CLAz055_cg3rzqZA2Q3FYwHLDYjUnA", "width": 168, "height": 94, "resolution": "168x94", "id": "0"}, {"url": "https://i.ytimg.com/vi/61EA0xRX8gE/hqdefault.jpg?sqp=-oaymwEYCMQBEG5IVfKriqkDCwgBFQAAiEIYAXAB&rs=AOn4CLCEhHzpn4cpfAUXIYuU9U5yiDd4lQ", "width": 196, "height": 110, "resolution": "196x110", "id": "1"}, {"url": "https://i.ytimg.com/vi/61EA0xRX8gE/hqdefault.jpg?sqp=-oaymwEZCPYBEIoBSFXyq4qpAwsIARUAAIhCGAFwAQ==&rs=AOn4CLBoB0_g3OAmcwlPv17xGq-6jDwtGg", "width": 246, "height": 138, "resolution": "246x138", "id": "2"}, {"url": "https://i.ytimg.com/vi/61EA0xRX8gE/hqdefault.jpg?sqp=-oaymwEZCNACELwBSFXyq4qpAwsIARUAAIhCGAFwAQ==&rs=AOn4CLDD-ktogB2wo7T4Bg7MuxpA0TjMlQ", "width": 336, "height": 188, "resolution": "336x188", "id": "3"}, {"url": "https://i.ytimg.com/vi_webp/61EA0xRX8gE/maxresdefault.webp", "width": 1920, "height": 1080, "resolution": "1920x1080", "id": "4"}], "description": "\ud83c\udfb5Sheet Music \u25b8 https://www.musicnotes.com/l/lk9QQ\n\ud83c\udfb5MIDI \u25b8 coming soon...\n\nRecently internet is filled with news and rumors that the three spider-mans are gonna team up in the upcoming MCU Spider-Man 3 film. It's gonna be a MCU's live action spider-verse movie with Tobey Maguire Spider-Man from Sam Raimi's Trilogy, Andrew Garfield's amazing Spider-Man and Tom Holland's MCU Spider-Man. With this much hype, I've made a fan cover of a mashup for the three spider-man with their own themes mashing up together.\n\n\ud83c\udfb5Musicnotes - Find all my sheets here \u25b8https://www.musicnotes.com/sheet-music/artist/samuel-fu\n\ud83c\udfb5Flowkey - Easiest Way to Learn Piano here\u25b8 http://tinyurl.com/SamuelFu-flowkey\n\nConnect with Sam:\n\u25cf Instagram \u25b8 http://instagram.com/samthepiano_\n\u25cf Facebook \u25b8 https://www.facebook.com/samthepiano\n\u25cf Twitter \u25b8 https://twitter.com/Sam_the_piano\n\u25cf Soundcloud \u25b8https://soundcloud.com/user-168085771\n\nFor collabs, business or bookings, please email:\nsamuelfucollab2002@gmail.com", "categories": ["Music"], "tags": ["piano cover", "synthesia", "samuel fu", "samuel fu piano", "spiderverse mcu piano", "mcu spiderverse piano cover", "spiderman trio theme", "spiderman mashup piano"], "subtitles": {}, "automatic_captions": {}, "duration": 322, "age_limit": 0, "annotations": null, "chapters": null, "webpage_url": "https://www.youtube.com/watch?v=61EA0xRX8gE", "view_count": 31797, "like_count": 1923, "dislike_count": 9, "average_rating": 4.9813666, "formats": [{"format_id": "249", "url": "https://r7---sn-5njj-u2xl.googlevideo.com/videoplayback?expire=1610981546&ei=SkwFYJCBJIqWqQHM8L_wDg&ip=140.109.135.76&id=o-AC-iZZy86mJ3R-LcZeAb02u0r2Eg9P023OUlgDtInbDH&itag=249&source=youtube&requiressl=yes&mh=T_&mm=31%2C29&mn=sn-5njj-u2xl%2Csn-un57sn7s&ms=au%2Crdu&mv=m&mvi=7&pl=16&initcwndbps=450000&vprv=1&mime=audio%2Fwebm&ns=GBUrSMa7SWKdzJs_oI8p1I4F&gir=yes&clen=2255411&dur=322.041&lmt=1603216370972884&mt=1610959485&fvip=2&keepalive=yes&c=WEB&txp=5432434&n=wKMo-XdB7hvQgN&sparams=expire%2Cei%2Cip%2Cid%2Citag%2Csource%2Crequiressl%2Cvprv%2Cmime%2Cns%2Cgir%2Cclen%2Cdur%2Clmt&lsparams=mh%2Cmm%2Cmn%2Cms%2Cmv%2Cmvi%2Cpl%2Cinitcwndbps&lsig=AG3C_xAwRAIgUe5ZYidfaGkLi0Ia_x_6TArBcOsp2RpmhCH7FvtxvcMCIGheEvyANtU-DjzLZbSG86WrQYhZi6SVA0VPAbVomC6s&sig=AOq0QJ8wRAIgctp3x9aVXYlT1TuXPCAKqJpaxGX-MMOJPevoFCkvA7sCIDDfKVv7-2YJMBCcyURUAvMxopyRTHra5ndUB6Ud23Lt&ratebypass=yes", "player_url": "/s/player/9f996d3e/player_ias.vflset/en_US/base.js", "ext": "webm", "format_note": "tiny", "acodec": "opus", "abr": 50, "asr": 48000, "filesize": 2255411, "fps": null, "height": null, "tbr": 58.864, "width": null, "vcodec": "none", "downloader_options": {"http_chunk_size": 10485760}, "format": "249 - audio only (tiny)", "protocol": "https", "http_headers": {"User-Agent": "Mozilla/5.0 (Windows NT 10.0; Win64; x64) AppleWebKit/537.36 (KHTML, like Gecko) Chrome/74.0.3729.120 Safari/537.36", "Accept-Charset": "ISO-8859-1,utf-8;q=0.7,*;q=0.7", "Accept": "text/html,application/xhtml+xml,application/xml;q=0.9,*/*;q=0.8", "Accept-Encoding": "gzip, deflate", "Accept-Language": "en-us,en;q=0.5"}}, {"format_id": "250", "url": "https://r7---sn-5njj-u2xl.googlevideo.com/videoplayback?expire=1610981546&ei=SkwFYJCBJIqWqQHM8L_wDg&ip=140.109.135.76&id=o-AC-iZZy86mJ3R-LcZeAb02u0r2Eg9P023OUlgDtInbDH&itag=250&source=youtube&requiressl=yes&mh=T_&mm=31%2C29&mn=sn-5njj-u2xl%2Csn-un57sn7s&ms=au%2Crdu&mv=m&mvi=7&pl=16&initcwndbps=450000&vprv=1&mime=audio%2Fwebm&ns=GBUrSMa7SWKdzJs_oI8p1I4F&gir=yes&clen=2995765&dur=322.041&lmt=1603216370741478&mt=1610959485&fvip=2&keepalive=yes&c=WEB&txp=5432434&n=wKMo-XdB7hvQgN&sparams=expire%2Cei%2Cip%2Cid%2Citag%2Csource%2Crequiressl%2Cvprv%2Cmime%2Cns%2Cgir%2Cclen%2Cdur%2Clmt&lsparams=mh%2Cmm%2Cmn%2Cms%2Cmv%2Cmvi%2Cpl%2Cinitcwndbps&lsig=AG3C_xAwRQIgE8u43uq5eHuDkEx_Oe2UN6kLtBQN9P6aZXmhMvnRcv4CIQDZCENGtLkxlfOLdDet6J_jEe-HVVopGj9IE4VjynIomQ%3D%3D&sig=AOq0QJ8wRgIhALpQGOmnZPZCzGOShv3T6DGWVXvExN_r31lsVsGX3ujdAiEApuraw5CCK8V8fKKlT1pJITKR24Ae8vb_wZLF0HNPMKk=&ratebypass=yes", "player_url": "/s/player/9f996d3e/player_ias.vflset/en_US/base.js", "ext": "webm", "format_note": "tiny", "acodec": "opus", "abr": 70, "asr": 48000, "filesize": 2995765, "fps": null, "height": null, "tbr": 77.734, "width": null, "vcodec": "none", "downloader_options": {"http_chunk_size": 10485760}, "format": "250 - audio only (tiny)", "protocol": "https", "http_headers": {"User-Agent": "Mozilla/5.0 (Windows NT 10.0; Win64; x64) AppleWebKit/537.36 (KHTML, like Gecko) Chrome/74.0.3729.120 Safari/537.36", "Accept-Charset": "ISO-8859-1,utf-8;q=0.7,*;q=0.7", "Accept": "text/html,application/xhtml+xml,application/xml;q=0.9,*/*;q=0.8", "Accept-Encoding": "gzip, deflate", "Accept-Language": "en-us,en;q=0.5"}}, {"format_id": "140", "url": "https://r7---sn-5njj-u2xl.googlevideo.com/videoplayback?expire=1610981546&ei=SkwFYJCBJIqWqQHM8L_wDg&ip=140.109.135.76&id=o-AC-iZZy86mJ3R-LcZeAb02u0r2Eg9P023OUlgDtInbDH&itag=140&source=youtube&requiressl=yes&mh=T_&mm=31%2C29&mn=sn-5njj-u2xl%2Csn-un57sn7s&ms=au%2Crdu&mv=m&mvi=7&pl=16&initcwndbps=450000&vprv=1&mime=audio%2Fmp4&ns=GBUrSMa7SWKdzJs_oI8p1I4F&gir=yes&clen=5213676&dur=322.083&lmt=1603216374948232&mt=1610959485&fvip=2&keepalive=yes&c=WEB&txp=5432434&n=wKMo-XdB7hvQgN&sparams=expire%2Cei%2Cip%2Cid%2Citag%2Csource%2Crequiressl%2Cvprv%2Cmime%2Cns%2Cgir%2Cclen%2Cdur%2Clmt&lsparams=mh%2Cmm%2Cmn%2Cms%2Cmv%2Cmvi%2Cpl%2Cinitcwndbps&lsig=AG3C_xAwRQIgD5K4Q2OxHL5_CbQYjMCPGhak_Gw6vlTfhRBAtmcTd5cCIQDxDIfRL7vgZ-pJLG_mOlL0HsXCqjm6hEsEOAlTolKz6w%3D%3D&sig=AOq0QJ8wRgIhAMi6G06wAtFpyIOt2A7W9qtF-xuUHUaRWVhdUA5yHmeLAiEA4-CphkV2g3Y4Hfil-dFuEoiQDkOWRRF-PlmdFxyHH0o=&ratebypass=yes", "player_url": "/s/player/9f996d3e/player_ias.vflset/en_US/base.js", "ext": "m4a", "format_note": "tiny", "acodec": "mp4a.40.2", "abr": 128, "container": "m4a_dash", "asr": 44100, "filesize": 5213676, "fps": null, "height": null, "tbr": 130.643, "width": null, "vcodec": "none", "downloader_options": {"http_chunk_size": 10485760}, "format": "140 - audio only (tiny)", "protocol": "https", "http_headers": {"User-Agent": "Mozilla/5.0 (Windows NT 10.0; Win64; x64) AppleWebKit/537.36 (KHTML, like Gecko) Chrome/74.0.3729.120 Safari/537.36", "Accept-Charset": "ISO-8859-1,utf-8;q=0.7,*;q=0.7", "Accept": "text/html,application/xhtml+xml,application/xml;q=0.9,*/*;q=0.8", "Accept-Encoding": "gzip, deflate", "Accept-Language": "en-us,en;q=0.5"}}, {"format_id": "251", "url": "https://r7---sn-5njj-u2xl.googlevideo.com/videoplayback?expire=1610981546&ei=SkwFYJCBJIqWqQHM8L_wDg&ip=140.109.135.76&id=o-AC-iZZy86mJ3R-LcZeAb02u0r2Eg9P023OUlgDtInbDH&itag=251&source=youtube&requiressl=yes&mh=T_&mm=31%2C29&mn=sn-5njj-u2xl%2Csn-un57sn7s&ms=au%2Crdu&mv=m&mvi=7&pl=16&initcwndbps=450000&vprv=1&mime=audio%2Fwebm&ns=GBUrSMa7SWKdzJs_oI8p1I4F&gir=yes&clen=5879573&dur=322.041&lmt=1603216370922007&mt=1610959485&fvip=2&keepalive=yes&c=WEB&txp=5432434&n=wKMo-XdB7hvQgN&sparams=expire%2Cei%2Cip%2Cid%2Citag%2Csource%2Crequiressl%2Cvprv%2Cmime%2Cns%2Cgir%2Cclen%2Cdur%2Clmt&lsparams=mh%2Cmm%2Cmn%2Cms%2Cmv%2Cmvi%2Cpl%2Cinitcwndbps&lsig=AG3C_xAwRQIgHpH9xANo7TwWtBQ4lUpmfY2ni_TCBIJussPzksnm7KwCIQC8QADDi8Nrk5CUDspSJE2NyJzmJZ5gJKYYyb5OzKDT_Q%3D%3D&sig=AOq0QJ8wRQIgaSjVTQlJBf9QlyJ7gGyWWl7M4AYV3IDydQhCy7nYczoCIQC2Dg5D57yVlOiCY0SKA44LXOxMDnLfIOgWg0hlvoz1_Q==&ratebypass=yes", "player_url": "/s/player/9f996d3e/player_ias.vflset/en_US/base.js", "ext": "webm", "format_note": "tiny", "acodec": "opus", "abr": 160, "asr": 48000, "filesize": 5879573, "fps": null, "height": null, "tbr": 150.98, "width": null, "vcodec": "none", "downloader_options": {"http_chunk_size": 10485760}, "format": "251 - audio only (tiny)", "protocol": "https", "http_headers": {"User-Agent": "Mozilla/5.0 (Windows NT 10.0; Win64; x64) AppleWebKit/537.36 (KHTML, like Gecko) Chrome/74.0.3729.120 Safari/537.36", "Accept-Charset": "ISO-8859-1,utf-8;q=0.7,*;q=0.7", "Accept": "text/html,application/xhtml+xml,application/xml;q=0.9,*/*;q=0.8", "Accept-Encoding": "gzip, deflate", "Accept-Language": "en-us,en;q=0.5"}}, {"format_id": "278", "url": "https://r7---sn-5njj-u2xl.googlevideo.com/videoplayback?expire=1610981546&ei=SkwFYJCBJIqWqQHM8L_wDg&ip=140.109.135.76&id=o-AC-iZZy86mJ3R-LcZeAb02u0r2Eg9P023OUlgDtInbDH&itag=278&aitags=133%2C134%2C135%2C136%2C137%2C160%2C242%2C243%2C244%2C247%2C248%2C278&source=youtube&requiressl=yes&mh=T_&mm=31%2C29&mn=sn-5njj-u2xl%2Csn-un57sn7s&ms=au%2Crdu&mv=m&mvi=7&pl=16&initcwndbps=450000&vprv=1&mime=video%2Fwebm&ns=GBUrSMa7SWKdzJs_oI8p1I4F&gir=yes&clen=3020352&dur=322.022&lmt=1603216764013298&mt=1610959485&fvip=2&keepalive=yes&c=WEB&txp=5432434&n=wKMo-XdB7hvQgN&sparams=expire%2Cei%2Cip%2Cid%2Caitags%2Csource%2Crequiressl%2Cvprv%2Cmime%2Cns%2Cgir%2Cclen%2Cdur%2Clmt&lsparams=mh%2Cmm%2Cmn%2Cms%2Cmv%2Cmvi%2Cpl%2Cinitcwndbps&lsig=AG3C_xAwRAIgUVuYW10hiobZRLm_LnUI5QEtFiY_kkbMjRxMbF_kcXQCICESqvi4DHNAXug0aXvqrcJt0xAyx1_j6fSXOeuRC2G4&sig=AOq0QJ8wRAIgIWZ9nOyQK1fe3Sfmc1KC_m04xebYmwVVe7J7Nb-gwT8CIDetYN3HjMrMhq_fH21PyBDODDYdlPA_3kUKYTJzy46V&ratebypass=yes", "player_url": "/s/player/9f996d3e/player_ias.vflset/en_US/base.js", "ext": "webm", "height": 144, "format_note": "144p", "container": "webm", "vcodec": "vp9", "asr": null, "filesize": 3020352, "fps": 30, "tbr": 86.919, "width": 256, "acodec": "none", "downloader_options": {"http_chunk_size": 10485760}, "format": "278 - 256x144 (144p)", "protocol": "https", "http_headers": {"User-Agent": "Mozilla/5.0 (Windows NT 10.0; Win64; x64) AppleWebKit/537.36 (KHTML, like Gecko) Chrome/74.0.3729.120 Safari/537.36", "Accept-Charset": "ISO-8859-1,utf-8;q=0.7,*;q=0.7", "Accept": "text/html,application/xhtml+xml,application/xml;q=0.9,*/*;q=0.8", "Accept-Encoding": "gzip, deflate", "Accept-Language": "en-us,en;q=0.5"}}, {"format_id": "160", "url": "https://r7---sn-5njj-u2xl.googlevideo.com/videoplayback?expire=1610981546&ei=SkwFYJCBJIqWqQHM8L_wDg&ip=140.109.135.76&id=o-AC-iZZy86mJ3R-LcZeAb02u0r2Eg9P023OUlgDtInbDH&itag=160&aitags=133%2C134%2C135%2C136%2C137%2C160%2C242%2C243%2C244%2C247%2C248%2C278&source=youtube&requiressl=yes&mh=T_&mm=31%2C29&mn=sn-5njj-u2xl%2Csn-un57sn7s&ms=au%2Crdu&mv=m&mvi=7&pl=16&initcwndbps=450000&vprv=1&mime=video%2Fmp4&ns=GBUrSMa7SWKdzJs_oI8p1I4F&gir=yes&clen=2778193&dur=322.021&lmt=1603216700200507&mt=1610959485&fvip=2&keepalive=yes&c=WEB&txp=5432434&n=wKMo-XdB7hvQgN&sparams=expire%2Cei%2Cip%2Cid%2Caitags%2Csource%2Crequiressl%2Cvprv%2Cmime%2Cns%2Cgir%2Cclen%2Cdur%2Clmt&lsparams=mh%2Cmm%2Cmn%2Cms%2Cmv%2Cmvi%2Cpl%2Cinitcwndbps&lsig=AG3C_xAwRQIhAI5ZFTmVftuAWW1o5Got_ENf0x4rEC0jJxNVqIFRHPJ3AiASB41IervuBXLhscHj6FMW4JeHVB8jf_QkOHx12o3QbQ%3D%3D&sig=AOq0QJ8wRQIgSSy5jYAUzLNOaVKxBuJfEER-SdI2SZrwQVZphOwO28ACIQCK741T6Gl2MQV0lRl5nxrDWOlp2AnhfAccMwlwicRAGw==&ratebypass=yes", "player_url": "/s/player/9f996d3e/player_ias.vflset/en_US/base.js", "ext": "mp4", "height": 144, "format_note": "144p", "vcodec": "avc1.4d400c", "asr": null, "filesize": 2778193, "fps": 30, "tbr": 98.713, "width": 256, "acodec": "none", "downloader_options": {"http_chunk_size": 10485760}, "format": "160 - 256x144 (144p)", "protocol": "https", "http_headers": {"User-Agent": "Mozilla/5.0 (Windows NT 10.0; Win64; x64) AppleWebKit/537.36 (KHTML, like Gecko) Chrome/74.0.3729.120 Safari/537.36", "Accept-Charset": "ISO-8859-1,utf-8;q=0.7,*;q=0.7", "Accept": "text/html,application/xhtml+xml,application/xml;q=0.9,*/*;q=0.8", "Accept-Encoding": "gzip, deflate", "Accept-Language": "en-us,en;q=0.5"}}, {"format_id": "242", "url": "https://r7---sn-5njj-u2xl.googlevideo.com/videoplayback?expire=1610981546&ei=SkwFYJCBJIqWqQHM8L_wDg&ip=140.109.135.76&id=o-AC-iZZy86mJ3R-LcZeAb02u0r2Eg9P023OUlgDtInbDH&itag=242&aitags=133%2C134%2C135%2C136%2C137%2C160%2C242%2C243%2C244%2C247%2C248%2C278&source=youtube&requiressl=yes&mh=T_&mm=31%2C29&mn=sn-5njj-u2xl%2Csn-un57sn7s&ms=au%2Crdu&mv=m&mvi=7&pl=16&initcwndbps=450000&vprv=1&mime=video%2Fwebm&ns=GBUrSMa7SWKdzJs_oI8p1I4F&gir=yes&clen=6257137&dur=322.022&lmt=1603216763933770&mt=1610959485&fvip=2&keepalive=yes&c=WEB&txp=5432434&n=wKMo-XdB7hvQgN&sparams=expire%2Cei%2Cip%2Cid%2Caitags%2Csource%2Crequiressl%2Cvprv%2Cmime%2Cns%2Cgir%2Cclen%2Cdur%2Clmt&lsparams=mh%2Cmm%2Cmn%2Cms%2Cmv%2Cmvi%2Cpl%2Cinitcwndbps&lsig=AG3C_xAwRgIhAKTj8AtP4hA6s1S3WiyjsVRUPLQvJXpHWPFhMnAsjvEbAiEAiZrBBNiYrXWEko53kDkOkFm77AdLPUjliUR-YROpL_4%3D&sig=AOq0QJ8wRQIgC15WNyevph0GVLx2wT3pRTPk7vo1d1kU0bSrG1oQ3DACIQDz3gVkfbfnlKYVLPDQDo5rRexC-ULmEIo9oXv7wpd9iw==&ratebypass=yes", "player_url": "/s/player/9f996d3e/player_ias.vflset/en_US/base.js", "ext": "webm", "height": 240, "format_note": "240p", "vcodec": "vp9", "asr": null, "filesize": 6257137, "fps": 30, "tbr": 191.399, "width": 426, "acodec": "none", "downloader_options": {"http_chunk_size": 10485760}, "format": "242 - 426x240 (240p)", "protocol": "https", "http_headers": {"User-Agent": "Mozilla/5.0 (Windows NT 10.0; Win64; x64) AppleWebKit/537.36 (KHTML, like Gecko) Chrome/74.0.3729.120 Safari/537.36", "Accept-Charset": "ISO-8859-1,utf-8;q=0.7,*;q=0.7", "Accept": "text/html,application/xhtml+xml,application/xml;q=0.9,*/*;q=0.8", "Accept-Encoding": "gzip, deflate", "Accept-Language": "en-us,en;q=0.5"}}, {"format_id": "133", "url": "https://r7---sn-5njj-u2xl.googlevideo.com/videoplayback?expire=1610981546&ei=SkwFYJCBJIqWqQHM8L_wDg&ip=140.109.135.76&id=o-AC-iZZy86mJ3R-LcZeAb02u0r2Eg9P023OUlgDtInbDH&itag=133&aitags=133%2C134%2C135%2C136%2C137%2C160%2C242%2C243%2C244%2C247%2C248%2C278&source=youtube&requiressl=yes&mh=T_&mm=31%2C29&mn=sn-5njj-u2xl%2Csn-un57sn7s&ms=au%2Crdu&mv=m&mvi=7&pl=16&initcwndbps=450000&vprv=1&mime=video%2Fmp4&ns=GBUrSMa7SWKdzJs_oI8p1I4F&gir=yes&clen=5661156&dur=322.021&lmt=1603216699736594&mt=1610959485&fvip=2&keepalive=yes&c=WEB&txp=5432434&n=wKMo-XdB7hvQgN&sparams=expire%2Cei%2Cip%2Cid%2Caitags%2Csource%2Crequiressl%2Cvprv%2Cmime%2Cns%2Cgir%2Cclen%2Cdur%2Clmt&lsparams=mh%2Cmm%2Cmn%2Cms%2Cmv%2Cmvi%2Cpl%2Cinitcwndbps&lsig=AG3C_xAwRgIhAOe8BuRVh4pAzrgDMT5gyz5TC_VdiUyE0vho1xlce6ZbAiEA9keXgBxZvQoGAzzI4FY3GsHddicmSJ1VoKw2L21qmsE%3D&sig=AOq0QJ8wRQIhAOYZnWVXv2HG8HT9svRaWJiU91YDQ313YWnC-scpDxNUAiBeVU6r0KofOfNXrIezmxtztK8vy5Qx4VRCcjW6dEC5Pw==&ratebypass=yes", "player_url": "/s/player/9f996d3e/player_ias.vflset/en_US/base.js", "ext": "mp4", "height": 240, "format_note": "240p", "vcodec": "avc1.4d4015", "asr": null, "filesize": 5661156, "fps": 30, "tbr": 202.616, "width": 426, "acodec": "none", "downloader_options": {"http_chunk_size": 10485760}, "format": "133 - 426x240 (240p)", "protocol": "https", "http_headers": {"User-Agent": "Mozilla/5.0 (Windows NT 10.0; Win64; x64) AppleWebKit/537.36 (KHTML, like Gecko) Chrome/74.0.3729.120 Safari/537.36", "Accept-Charset": "ISO-8859-1,utf-8;q=0.7,*;q=0.7", "Accept": "text/html,application/xhtml+xml,application/xml;q=0.9,*/*;q=0.8", "Accept-Encoding": "gzip, deflate", "Accept-Language": "en-us,en;q=0.5"}}, {"format_id": "134", "url": "https://r7---sn-5njj-u2xl.googlevideo.com/videoplayback?expire=1610981546&ei=SkwFYJCBJIqWqQHM8L_wDg&ip=140.109.135.76&id=o-AC-iZZy86mJ3R-LcZeAb02u0r2Eg9P023OUlgDtInbDH&itag=134&aitags=133%2C134%2C135%2C136%2C137%2C160%2C242%2C243%2C244%2C247%2C248%2C278&source=youtube&requiressl=yes&mh=T_&mm=31%2C29&mn=sn-5njj-u2xl%2Csn-un57sn7s&ms=au%2Crdu&mv=m&mvi=7&pl=16&initcwndbps=450000&vprv=1&mime=video%2Fmp4&ns=GBUrSMa7SWKdzJs_oI8p1I4F&gir=yes&clen=10058496&dur=322.021&lmt=1603216699797227&mt=1610959485&fvip=2&keepalive=yes&c=WEB&txp=5432434&n=wKMo-XdB7hvQgN&sparams=expire%2Cei%2Cip%2Cid%2Caitags%2Csource%2Crequiressl%2Cvprv%2Cmime%2Cns%2Cgir%2Cclen%2Cdur%2Clmt&lsparams=mh%2Cmm%2Cmn%2Cms%2Cmv%2Cmvi%2Cpl%2Cinitcwndbps&lsig=AG3C_xAwRQIgR1OnEiBbL5ULb54ySolj22rzeFC07ZisLhrbU75nXfMCIQCUiTvl8bcgstsbOTJIHvakxzy5iruvhyORJz79lZrPUg%3D%3D&sig=AOq0QJ8wRAIgIZoNs_bIuCSIfGWBIy2wIBrQPbGw2_F1lxiAAcVm_pUCICRZf5VUKfB0kDCZ37LdVTQr_GMKYVDcC5XuUGFjCIOi&ratebypass=yes", "player_url": "/s/player/9f996d3e/player_ias.vflset/en_US/base.js", "ext": "mp4", "height": 360, "format_note": "360p", "vcodec": "avc1.4d401e", "asr": null, "filesize": 10058496, "fps": 30, "tbr": 356.686, "width": 640, "acodec": "none", "downloader_options": {"http_chunk_size": 10485760}, "format": "134 - 640x360 (360p)", "protocol": "https", "http_headers": {"User-Agent": "Mozilla/5.0 (Windows NT 10.0; Win64; x64) AppleWebKit/537.36 (KHTML, like Gecko) Chrome/74.0.3729.120 Safari/537.36", "Accept-Charset": "ISO-8859-1,utf-8;q=0.7,*;q=0.7", "Accept": "text/html,application/xhtml+xml,application/xml;q=0.9,*/*;q=0.8", "Accept-Encoding": "gzip, deflate", "Accept-Language": "en-us,en;q=0.5"}}, {"format_id": "243", "url": "https://r7---sn-5njj-u2xl.googlevideo.com/videoplayback?expire=1610981546&ei=SkwFYJCBJIqWqQHM8L_wDg&ip=140.109.135.76&id=o-AC-iZZy86mJ3R-LcZeAb02u0r2Eg9P023OUlgDtInbDH&itag=243&aitags=133%2C134%2C135%2C136%2C137%2C160%2C242%2C243%2C244%2C247%2C248%2C278&source=youtube&requiressl=yes&mh=T_&mm=31%2C29&mn=sn-5njj-u2xl%2Csn-un57sn7s&ms=au%2Crdu&mv=m&mvi=7&pl=16&initcwndbps=450000&vprv=1&mime=video%2Fwebm&ns=GBUrSMa7SWKdzJs_oI8p1I4F&gir=yes&clen=12146028&dur=322.022&lmt=1603216764072016&mt=1610959485&fvip=2&keepalive=yes&c=WEB&txp=5432434&n=wKMo-XdB7hvQgN&sparams=expire%2Cei%2Cip%2Cid%2Caitags%2Csource%2Crequiressl%2Cvprv%2Cmime%2Cns%2Cgir%2Cclen%2Cdur%2Clmt&lsparams=mh%2Cmm%2Cmn%2Cms%2Cmv%2Cmvi%2Cpl%2Cinitcwndbps&lsig=AG3C_xAwRgIhAPfevnBAzz3G5hHMki4-Qee5YWU1YuY55wOGBhDuJuK3AiEAs-6CojwOD4IpPsbpUaPFU-HzdWRmZ_KSV1wd0p1U05Q%3D&sig=AOq0QJ8wRgIhALmZtEZDIm1n4nmLtlOt7xD_cn5OjWCYXc4ftMERbgQpAiEA7WMcBfbEaZuBBlZ3TEzCfZuG69ulBtS1JFyW3jo4-iM=&ratebypass=yes", "player_url": "/s/player/9f996d3e/player_ias.vflset/en_US/base.js", "ext": "webm", "height": 360, "format_note": "360p", "vcodec": "vp9", "asr": null, "filesize": 12146028, "fps": 30, "tbr": 408.544, "width": 640, "acodec": "none", "downloader_options": {"http_chunk_size": 10485760}, "format": "243 - 640x360 (360p)", "protocol": "https", "http_headers": {"User-Agent": "Mozilla/5.0 (Windows NT 10.0; Win64; x64) AppleWebKit/537.36 (KHTML, like Gecko) Chrome/74.0.3729.120 Safari/537.36", "Accept-Charset": "ISO-8859-1,utf-8;q=0.7,*;q=0.7", "Accept": "text/html,application/xhtml+xml,application/xml;q=0.9,*/*;q=0.8", "Accept-Encoding": "gzip, deflate", "Accept-Language": "en-us,en;q=0.5"}}, {"format_id": "135", "url": "https://r7---sn-5njj-u2xl.googlevideo.com/videoplayback?expire=1610981546&ei=SkwFYJCBJIqWqQHM8L_wDg&ip=140.109.135.76&id=o-AC-iZZy86mJ3R-LcZeAb02u0r2Eg9P023OUlgDtInbDH&itag=135&aitags=133%2C134%2C135%2C136%2C137%2C160%2C242%2C243%2C244%2C247%2C248%2C278&source=youtube&requiressl=yes&mh=T_&mm=31%2C29&mn=sn-5njj-u2xl%2Csn-un57sn7s&ms=au%2Crdu&mv=m&mvi=7&pl=16&initcwndbps=450000&vprv=1&mime=video%2Fmp4&ns=GBUrSMa7SWKdzJs_oI8p1I4F&gir=yes&clen=17921937&dur=322.021&lmt=1603216700475033&mt=1610959485&fvip=2&keepalive=yes&c=WEB&txp=5432434&n=wKMo-XdB7hvQgN&sparams=expire%2Cei%2Cip%2Cid%2Caitags%2Csource%2Crequiressl%2Cvprv%2Cmime%2Cns%2Cgir%2Cclen%2Cdur%2Clmt&lsparams=mh%2Cmm%2Cmn%2Cms%2Cmv%2Cmvi%2Cpl%2Cinitcwndbps&lsig=AG3C_xAwRAIgCCPF6byBRhu2jRsH947vdEdulquOnnwUQASlUnYLdr0CIC45k6JhGBEy_DBXXZ2YE-tXtyN8deRDLvqapQUYO3kQ&sig=AOq0QJ8wRAIgGXGAJw7mslDTv0aZQP0DFxZQgBVFLgf1NroBJRlesN0CIGTbJwHmo0SYNrsG7KT2KGUeON3lq84-36lTloJHvYZv&ratebypass=yes", "player_url": "/s/player/9f996d3e/player_ias.vflset/en_US/base.js", "ext": "mp4", "height": 480, "format_note": "480p", "vcodec": "avc1.4d401f", "asr": null, "filesize": 17921937, "fps": 30, "tbr": 528.607, "width": 854, "acodec": "none", "downloader_options": {"http_chunk_size": 10485760}, "format": "135 - 854x480 (480p)", "protocol": "https", "http_headers": {"User-Agent": "Mozilla/5.0 (Windows NT 10.0; Win64; x64) AppleWebKit/537.36 (KHTML, like Gecko) Chrome/74.0.3729.120 Safari/537.36", "Accept-Charset": "ISO-8859-1,utf-8;q=0.7,*;q=0.7", "Accept": "text/html,application/xhtml+xml,application/xml;q=0.9,*/*;q=0.8", "Accept-Encoding": "gzip, deflate", "Accept-Language": "en-us,en;q=0.5"}}, {"format_id": "244", "url": "https://r7---sn-5njj-u2xl.googlevideo.com/videoplayback?expire=1610981546&ei=SkwFYJCBJIqWqQHM8L_wDg&ip=140.109.135.76&id=o-AC-iZZy86mJ3R-LcZeAb02u0r2Eg9P023OUlgDtInbDH&itag=244&aitags=133%2C134%2C135%2C136%2C137%2C160%2C242%2C243%2C244%2C247%2C248%2C278&source=youtube&requiressl=yes&mh=T_&mm=31%2C29&mn=sn-5njj-u2xl%2Csn-un57sn7s&ms=au%2Crdu&mv=m&mvi=7&pl=16&initcwndbps=450000&vprv=1&mime=video%2Fwebm&ns=GBUrSMa7SWKdzJs_oI8p1I4F&gir=yes&clen=19736038&dur=322.022&lmt=1603216765181036&mt=1610959485&fvip=2&keepalive=yes&c=WEB&txp=5432434&n=wKMo-XdB7hvQgN&sparams=expire%2Cei%2Cip%2Cid%2Caitags%2Csource%2Crequiressl%2Cvprv%2Cmime%2Cns%2Cgir%2Cclen%2Cdur%2Clmt&lsparams=mh%2Cmm%2Cmn%2Cms%2Cmv%2Cmvi%2Cpl%2Cinitcwndbps&lsig=AG3C_xAwRAIgA6FGs8BK_DrmGva3vkz8evmzFe4qX9fc0SDfE6fnuIQCIB-T7griqG0UA7s_yYOsBQ80bUyIUbizCQr4GPSIC9gW&sig=AOq0QJ8wRQIhAO-9r2V32XTzw7oYrSy8NTwCUvsyf7SbanjFfn2qslSxAiBWbRnHGQkBZfyG7xVXj4lWvPQFOuIlqlJ1nc36i5XUmA==&ratebypass=yes", "player_url": "/s/player/9f996d3e/player_ias.vflset/en_US/base.js", "ext": "webm", "height": 480, "format_note": "480p", "vcodec": "vp9", "asr": null, "filesize": 19736038, "fps": 30, "tbr": 736.804, "width": 854, "acodec": "none", "downloader_options": {"http_chunk_size": 10485760}, "format": "244 - 854x480 (480p)", "protocol": "https", "http_headers": {"User-Agent": "Mozilla/5.0 (Windows NT 10.0; Win64; x64) AppleWebKit/537.36 (KHTML, like Gecko) Chrome/74.0.3729.120 Safari/537.36", "Accept-Charset": "ISO-8859-1,utf-8;q=0.7,*;q=0.7", "Accept": "text/html,application/xhtml+xml,application/xml;q=0.9,*/*;q=0.8", "Accept-Encoding": "gzip, deflate", "Accept-Language": "en-us,en;q=0.5"}}, {"format_id": "136", "url": "https://r7---sn-5njj-u2xl.googlevideo.com/videoplayback?expire=1610981546&ei=SkwFYJCBJIqWqQHM8L_wDg&ip=140.109.135.76&id=o-AC-iZZy86mJ3R-LcZeAb02u0r2Eg9P023OUlgDtInbDH&itag=136&aitags=133%2C134%2C135%2C136%2C137%2C160%2C242%2C243%2C244%2C247%2C248%2C278&source=youtube&requiressl=yes&mh=T_&mm=31%2C29&mn=sn-5njj-u2xl%2Csn-un57sn7s&ms=au%2Crdu&mv=m&mvi=7&pl=16&initcwndbps=450000&vprv=1&mime=video%2Fmp4&ns=GBUrSMa7SWKdzJs_oI8p1I4F&gir=yes&clen=35667505&dur=322.021&lmt=1603216700905018&mt=1610959485&fvip=2&keepalive=yes&c=WEB&txp=5432434&n=wKMo-XdB7hvQgN&sparams=expire%2Cei%2Cip%2Cid%2Caitags%2Csource%2Crequiressl%2Cvprv%2Cmime%2Cns%2Cgir%2Cclen%2Cdur%2Clmt&lsparams=mh%2Cmm%2Cmn%2Cms%2Cmv%2Cmvi%2Cpl%2Cinitcwndbps&lsig=AG3C_xAwRAIgLNxVM4tN0kECYALdvrtpHYCNo2veLKqbR2ucFTvj1U0CIF6yoF8E381OUBcaTaAfc9xEMBKVG77cDXo9AYFmeH8d&sig=AOq0QJ8wRAIgAk56Sb1H_QK6DSQMUzriOdxuIw8IdEXu22IMnenQ_AECICvC7Kr5ZKh6-OoIOOsZTBqUiTms8fKJw5rxPSK-cwGr&ratebypass=yes", "player_url": "/s/player/9f996d3e/player_ias.vflset/en_US/base.js", "ext": "mp4", "height": 720, "format_note": "720p", "vcodec": "avc1.4d401f", "asr": null, "filesize": 35667505, "fps": 30, "tbr": 1040.247, "width": 1280, "acodec": "none", "downloader_options": {"http_chunk_size": 10485760}, "format": "136 - 1280x720 (720p)", "protocol": "https", "http_headers": {"User-Agent": "Mozilla/5.0 (Windows NT 10.0; Win64; x64) AppleWebKit/537.36 (KHTML, like Gecko) Chrome/74.0.3729.120 Safari/537.36", "Accept-Charset": "ISO-8859-1,utf-8;q=0.7,*;q=0.7", "Accept": "text/html,application/xhtml+xml,application/xml;q=0.9,*/*;q=0.8", "Accept-Encoding": "gzip, deflate", "Accept-Language": "en-us,en;q=0.5"}}, {"format_id": "247", "url": "https://r7---sn-5njj-u2xl.googlevideo.com/videoplayback?expire=1610981546&ei=SkwFYJCBJIqWqQHM8L_wDg&ip=140.109.135.76&id=o-AC-iZZy86mJ3R-LcZeAb02u0r2Eg9P023OUlgDtInbDH&itag=247&aitags=133%2C134%2C135%2C136%2C137%2C160%2C242%2C243%2C244%2C247%2C248%2C278&source=youtube&requiressl=yes&mh=T_&mm=31%2C29&mn=sn-5njj-u2xl%2Csn-un57sn7s&ms=au%2Crdu&mv=m&mvi=7&pl=16&initcwndbps=450000&vprv=1&mime=video%2Fwebm&ns=GBUrSMa7SWKdzJs_oI8p1I4F&gir=yes&clen=35151935&dur=322.022&lmt=1603216765562556&mt=1610959485&fvip=2&keepalive=yes&c=WEB&txp=5432434&n=wKMo-XdB7hvQgN&sparams=expire%2Cei%2Cip%2Cid%2Caitags%2Csource%2Crequiressl%2Cvprv%2Cmime%2Cns%2Cgir%2Cclen%2Cdur%2Clmt&lsparams=mh%2Cmm%2Cmn%2Cms%2Cmv%2Cmvi%2Cpl%2Cinitcwndbps&lsig=AG3C_xAwRAIgLfO84nvppe6oyA3ZvokiBauOvVktWBzakxDKW9N2fbgCICTJQrIRyTJ2bsdEp059ApM327pWFyk1wemFvmg4QrM7&sig=AOq0QJ8wRgIhAMVetejN8eeRp_xy1AabOVkUWmlMYdDGA94ijsTVmp1qAiEAq0zwAk9_vgink2cayTCsd8hWPoqvpqm65f-6B5oPX8s=&ratebypass=yes", "player_url": "/s/player/9f996d3e/player_ias.vflset/en_US/base.js", "ext": "webm", "height": 720, "format_note": "720p", "vcodec": "vp9", "asr": null, "filesize": 35151935, "fps": 30, "tbr": 1349.134, "width": 1280, "acodec": "none", "downloader_options": {"http_chunk_size": 10485760}, "format": "247 - 1280x720 (720p)", "protocol": "https", "http_headers": {"User-Agent": "Mozilla/5.0 (Windows NT 10.0; Win64; x64) AppleWebKit/537.36 (KHTML, like Gecko) Chrome/74.0.3729.120 Safari/537.36", "Accept-Charset": "ISO-8859-1,utf-8;q=0.7,*;q=0.7", "Accept": "text/html,application/xhtml+xml,application/xml;q=0.9,*/*;q=0.8", "Accept-Encoding": "gzip, deflate", "Accept-Language": "en-us,en;q=0.5"}}, {"format_id": "248", "url": "https://r7---sn-5njj-u2xl.googlevideo.com/videoplayback?expire=1610981546&ei=SkwFYJCBJIqWqQHM8L_wDg&ip=140.109.135.76&id=o-AC-iZZy86mJ3R-LcZeAb02u0r2Eg9P023OUlgDtInbDH&itag=248&aitags=133%2C134%2C135%2C136%2C137%2C160%2C242%2C243%2C244%2C247%2C248%2C278&source=youtube&requiressl=yes&mh=T_&mm=31%2C29&mn=sn-5njj-u2xl%2Csn-un57sn7s&ms=au%2Crdu&mv=m&mvi=7&pl=16&initcwndbps=450000&vprv=1&mime=video%2Fwebm&ns=GBUrSMa7SWKdzJs_oI8p1I4F&gir=yes&clen=69504642&dur=322.022&lmt=1603216682666822&mt=1610959485&fvip=2&keepalive=yes&c=WEB&txp=5432434&n=wKMo-XdB7hvQgN&sparams=expire%2Cei%2Cip%2Cid%2Caitags%2Csource%2Crequiressl%2Cvprv%2Cmime%2Cns%2Cgir%2Cclen%2Cdur%2Clmt&lsparams=mh%2Cmm%2Cmn%2Cms%2Cmv%2Cmvi%2Cpl%2Cinitcwndbps&lsig=AG3C_xAwRQIhAPfYKm4rhDWgJ4TmB1hOMr0CRE1Nig2LrG4JhbyiVfOtAiANj5I7SbvWdweFVt-klzDOierw9NPTeJh6N-Yhp6KR3A%3D%3D&sig=AOq0QJ8wRgIhAL98tjFXGcWRIvPi2-4t4jvIIPfaZoMpmha-RsNBmCT9AiEAygQ-6lkQa8xR8qQUJSyCjnzPXBhbT_vKkcWi1gzixkE=&ratebypass=yes", "player_url": "/s/player/9f996d3e/player_ias.vflset/en_US/base.js", "ext": "webm", "height": 1080, "format_note": "1080p", "vcodec": "vp9", "asr": null, "filesize": 69504642, "fps": 30, "tbr": 2421.908, "width": 1920, "acodec": "none", "downloader_options": {"http_chunk_size": 10485760}, "format": "248 - 1920x1080 (1080p)", "protocol": "https", "http_headers": {"User-Agent": "Mozilla/5.0 (Windows NT 10.0; Win64; x64) AppleWebKit/537.36 (KHTML, like Gecko) Chrome/74.0.3729.120 Safari/537.36", "Accept-Charset": "ISO-8859-1,utf-8;q=0.7,*;q=0.7", "Accept": "text/html,application/xhtml+xml,application/xml;q=0.9,*/*;q=0.8", "Accept-Encoding": "gzip, deflate", "Accept-Language": "en-us,en;q=0.5"}}, {"format_id": "137", "url": "https://r7---sn-5njj-u2xl.googlevideo.com/videoplayback?expire=1610981546&ei=SkwFYJCBJIqWqQHM8L_wDg&ip=140.109.135.76&id=o-AC-iZZy86mJ3R-LcZeAb02u0r2Eg9P023OUlgDtInbDH&itag=137&aitags=133%2C134%2C135%2C136%2C137%2C160%2C242%2C243%2C244%2C247%2C248%2C278&source=youtube&requiressl=yes&mh=T_&mm=31%2C29&mn=sn-5njj-u2xl%2Csn-un57sn7s&ms=au%2Crdu&mv=m&mvi=7&pl=16&initcwndbps=450000&vprv=1&mime=video%2Fmp4&ns=GBUrSMa7SWKdzJs_oI8p1I4F&gir=yes&clen=76685842&dur=322.021&lmt=1603216623795023&mt=1610959485&fvip=2&keepalive=yes&c=WEB&txp=5432434&n=wKMo-XdB7hvQgN&sparams=expire%2Cei%2Cip%2Cid%2Caitags%2Csource%2Crequiressl%2Cvprv%2Cmime%2Cns%2Cgir%2Cclen%2Cdur%2Clmt&lsparams=mh%2Cmm%2Cmn%2Cms%2Cmv%2Cmvi%2Cpl%2Cinitcwndbps&lsig=AG3C_xAwRAIgZO9z9CJdTxOvxgA2WE5nkx94Fv3KJWYIc8woy85B_30CICF2K6vstKd0wRr6vKFfGrTqxasB3DvrtUrNTL00hc_q&sig=AOq0QJ8wRQIhAKiXG6k3iBeCvu0vgFT3My_MdoA0mSNL1ApkUjtjgLM2AiBmls-bYDaDYmmFgyexDag5OGxezVuG1jwR5Y_VKWEF3Q==&ratebypass=yes", "player_url": "/s/player/9f996d3e/player_ias.vflset/en_US/base.js", "ext": "mp4", "height": 1080, "format_note": "1080p", "vcodec": "avc1.640028", "asr": null, "filesize": 76685842, "fps": 30, "tbr": 2553.834, "width": 1920, "acodec": "none", "downloader_options": {"http_chunk_size": 10485760}, "format": "137 - 1920x1080 (1080p)", "protocol": "https", "http_headers": {"User-Agent": "Mozilla/5.0 (Windows NT 10.0; Win64; x64) AppleWebKit/537.36 (KHTML, like Gecko) Chrome/74.0.3729.120 Safari/537.36", "Accept-Charset": "ISO-8859-1,utf-8;q=0.7,*;q=0.7", "Accept": "text/html,application/xhtml+xml,application/xml;q=0.9,*/*;q=0.8", "Accept-Encoding": "gzip, deflate", "Accept-Language": "en-us,en;q=0.5"}}, {"format_id": "18", "url": "https://r7---sn-5njj-u2xl.googlevideo.com/videoplayback?expire=1610981546&ei=SkwFYJCBJIqWqQHM8L_wDg&ip=140.109.135.76&id=o-AC-iZZy86mJ3R-LcZeAb02u0r2Eg9P023OUlgDtInbDH&itag=18&source=youtube&requiressl=yes&mh=T_&mm=31%2C29&mn=sn-5njj-u2xl%2Csn-un57sn7s&ms=au%2Crdu&mv=m&mvi=7&pl=16&initcwndbps=450000&vprv=1&mime=video%2Fmp4&ns=wXLURH9_gIbgV4jarp346NkF&gir=yes&clen=23299649&ratebypass=yes&dur=322.083&lmt=1603216621787525&mt=1610959485&fvip=2&c=WEB&txp=5430434&n=4X2mx6HnjpGQhx&sparams=expire%2Cei%2Cip%2Cid%2Citag%2Csource%2Crequiressl%2Cvprv%2Cmime%2Cns%2Cgir%2Cclen%2Cratebypass%2Cdur%2Clmt&lsparams=mh%2Cmm%2Cmn%2Cms%2Cmv%2Cmvi%2Cpl%2Cinitcwndbps&lsig=AG3C_xAwRQIgORyIBeS1IHtNzJSToJn97Ck5HtRt_yEUzrGtkr24MW4CIQCCFNmmuygxrZSo4XiEu5Khmw5AUoWr30PcpvIGXtPhtg%3D%3D&sig=AOq0QJ8wRQIgX6CMsuxh95sSD8JucoOJEYLm5y2UXlutJPY8tZXaIjYCIQC6EDY9D181B924Sjcl8U5g0i5rgqdU_RU1DYZV2LNA7w==", "player_url": "/s/player/9f996d3e/player_ias.vflset/en_US/base.js", "ext": "mp4", "width": 640, "height": 360, "acodec": "mp4a.40.2", "abr": 96, "vcodec": "avc1.42001E", "asr": 44100, "filesize": 23299649, "format_note": "360p", "fps": 30, "tbr": 578.835, "format": "18 - 640x360 (360p)", "protocol": "https", "http_headers": {"User-Agent": "Mozilla/5.0 (Windows NT 10.0; Win64; x64) AppleWebKit/537.36 (KHTML, like Gecko) Chrome/74.0.3729.120 Safari/537.36", "Accept-Charset": "ISO-8859-1,utf-8;q=0.7,*;q=0.7", "Accept": "text/html,application/xhtml+xml,application/xml;q=0.9,*/*;q=0.8", "Accept-Encoding": "gzip, deflate", "Accept-Language": "en-us,en;q=0.5"}}], "is_live": null, "start_time": null, "end_time": null, "series": null, "season_number": null, "episode_number": null, "track": null, "artist": null, "album": null, "release_date": null, "release_year": null, "extractor": "youtube", "webpage_url_basename": "watch", "extractor_key": "Youtube", "playlist": null, "playlist_index": null, "thumbnail": "https://i.ytimg.com/vi_webp/61EA0xRX8gE/maxresdefault.webp", "display_id": "61EA0xRX8gE", "requested_subtitles": null, "format_id": "251", "url": "https://r7---sn-5njj-u2xl.googlevideo.com/videoplayback?expire=1610981546&ei=SkwFYJCBJIqWqQHM8L_wDg&ip=140.109.135.76&id=o-AC-iZZy86mJ3R-LcZeAb02u0r2Eg9P023OUlgDtInbDH&itag=251&source=youtube&requiressl=yes&mh=T_&mm=31%2C29&mn=sn-5njj-u2xl%2Csn-un57sn7s&ms=au%2Crdu&mv=m&mvi=7&pl=16&initcwndbps=450000&vprv=1&mime=audio%2Fwebm&ns=GBUrSMa7SWKdzJs_oI8p1I4F&gir=yes&clen=5879573&dur=322.041&lmt=1603216370922007&mt=1610959485&fvip=2&keepalive=yes&c=WEB&txp=5432434&n=wKMo-XdB7hvQgN&sparams=expire%2Cei%2Cip%2Cid%2Citag%2Csource%2Crequiressl%2Cvprv%2Cmime%2Cns%2Cgir%2Cclen%2Cdur%2Clmt&lsparams=mh%2Cmm%2Cmn%2Cms%2Cmv%2Cmvi%2Cpl%2Cinitcwndbps&lsig=AG3C_xAwRQIgHpH9xANo7TwWtBQ4lUpmfY2ni_TCBIJussPzksnm7KwCIQC8QADDi8Nrk5CUDspSJE2NyJzmJZ5gJKYYyb5OzKDT_Q%3D%3D&sig=AOq0QJ8wRQIgaSjVTQlJBf9QlyJ7gGyWWl7M4AYV3IDydQhCy7nYczoCIQC2Dg5D57yVlOiCY0SKA44LXOxMDnLfIOgWg0hlvoz1_Q==&ratebypass=yes", "player_url": "/s/player/9f996d3e/player_ias.vflset/en_US/base.js", "ext": "webm", "format_note": "tiny", "acodec": "opus", "abr": 160, "asr": 48000, "filesize": 5879573, "fps": null, "height": null, "tbr": 150.98, "width": null, "vcodec": "none", "downloader_options": {"http_chunk_size": 10485760}, "format": "251 - audio only (tiny)", "protocol": "https", "http_headers": {"User-Agent": "Mozilla/5.0 (Windows NT 10.0; Win64; x64) AppleWebKit/537.36 (KHTML, like Gecko) Chrome/74.0.3729.120 Safari/537.36", "Accept-Charset": "ISO-8859-1,utf-8;q=0.7,*;q=0.7", "Accept": "text/html,application/xhtml+xml,application/xml;q=0.9,*/*;q=0.8", "Accept-Encoding": "gzip, deflate", "Accept-Language": "en-us,en;q=0.5"}}