{"id": "dtS02mrDMsM", "uploader": "MusicalBasics", "uploader_id": "musicalbasics", "uploader_url": "http://www.youtube.com/user/musicalbasics", "channel_id": "UCDjwdhrPW_MPEleDnPXOYTA", "channel_url": "http://www.youtube.com/channel/UCDjwdhrPW_MPEleDnPXOYTA", "upload_date": "20190303", "license": null, "creator": null, "title": "Epic Dark Piano | Vengeance | Lionel Yu", "alt_title": null, "thumbnails": [{"url": "https://i.ytimg.com/vi/dtS02mrDMsM/hqdefault.jpg?sqp=-oaymwEYCKgBEF5IVfKriqkDCwgBFQAAiEIYAXAB&rs=AOn4CLA2E5PJ8ztfNb0vDVI21laa3CQiCg", "width": 168, "height": 94, "resolution": "168x94", "id": "0"}, {"url": "https://i.ytimg.com/vi/dtS02mrDMsM/hqdefault.jpg?sqp=-oaymwEYCMQBEG5IVfKriqkDCwgBFQAAiEIYAXAB&rs=AOn4CLBIriApTIJmP2lqR5_-fI5cZTSDOA", "width": 196, "height": 110, "resolution": "196x110", "id": "1"}, {"url": "https://i.ytimg.com/vi/dtS02mrDMsM/hqdefault.jpg?sqp=-oaymwEZCPYBEIoBSFXyq4qpAwsIARUAAIhCGAFwAQ==&rs=AOn4CLC4MeXLYcoHOTQlZON6gbmR7m33-w", "width": 246, "height": 138, "resolution": "246x138", "id": "2"}, {"url": "https://i.ytimg.com/vi/dtS02mrDMsM/hqdefault.jpg?sqp=-oaymwEZCNACELwBSFXyq4qpAwsIARUAAIhCGAFwAQ==&rs=AOn4CLB-xjnvSkumVfO1L_xTimGjBB6sEQ", "width": 336, "height": 188, "resolution": "336x188", "id": "3"}, {"url": "https://i.ytimg.com/vi_webp/dtS02mrDMsM/maxresdefault.webp", "width": 1920, "height": 1080, "resolution": "1920x1080", "id": "4"}], "description": "Sheet music for this piece can be found here: http://bit.ly/2RACdJ1\n\n\ud83c\udfb5 Vengeance \ud83c\udfb5 \nDark Classical Piano by Lionel Yu (MUSICALBASICS)\n\nThere are times in your life, though rare, when you can only feel that shaking hatred in your heart, those vivid memories of past wrongs.  And you can't do anything but simmer in that feeling of coldness, of injustice, of defiance, until the point where it consumes your every thought and desire.\n\nAnd then, you realize that vengeance... vengeance... is the only thing left worth living for. \n\nClick the \ud83d\udd14bell to join the notification squad! Special thanks to Jake for his help with the visuals for this video. Please leave any suggestions for future songs in the \ncomments! \n\n\ud83c\udfb5 Support Me on Patreon \u25ba https://www.patreon.com/musicalbasics\n(Patreon Members get access to sheet music, tutorials, behind-the-scenes, and more)\n\ud83c\udfb5 My Sheet Music \u25ba https://www.musicalbasics.com/store\n\ud83c\udfb5 My Original Piano Channel \u25ba https://www.youtube.com/lionelyupiano\n\ud83c\udfb5 MusicalBasics Covers Channel \u25ba https://www.youtube.com/musicalbasicscovers\n\n\ud83c\udfa7 All My Music is Available Here \ud83c\udfa7\n\u25ba Spotify: http://bit.ly/Musicalbasics_Spotify\n\u25ba Apple Music: https://bit.ly/MB_AppleMusic\n\u25ba Amazon: https://bit.ly/MB_AmazonMusic\n\u25ba Google: http://bit.ly/MusicalBasics_Google\n\u25ba Deezer: http://bit.ly/MusicalBasics_Deezer\n\u25ba Tidal: http://bit.ly/MusicalBasics_Tidal\n\n\ud83c\udf89Social Media\ud83c\udf89\n\u25ba Discord: http://bit.ly/MusicalBasics_Discord\n\u25ba Instagram: http://bit.ly/MusicalBasics_Instagram\n\u25ba Facebook: http://bit.ly/MusicalBasics_Facebook\n\u25ba Reddit: https://www.reddit.com/r/musicalbasics\n\nWhat I Use to Make Music & Videos (Gear Recommendations)!\n\ud83c\udfb9 Piano / Camera / Headphones: https://www.amazon.com/shop/musicalbasics\n\ud83d\udcf9 My Grand Piano: http://bit.ly/MB_PianoOutlet", "categories": ["Music"], "tags": ["piano", "evil", "dark", "classical music", "dark piano", "evil piano", "musicalbasics", "virtuoso", "piano music", "epic music", "dramatic piano", "vengeance", "lionel yu"], "subtitles": {}, "automatic_captions": {}, "duration": 310, "age_limit": 0, "annotations": null, "chapters": null, "webpage_url": "https://www.youtube.com/watch?v=dtS02mrDMsM", "view_count": 168267, "like_count": 4640, "dislike_count": 59, "average_rating": 4.9497766, "formats": [{"format_id": "249", "url": "https://r1---sn-5njj-u2xe.googlevideo.com/videoplayback?expire=1612299200&ei=YGcZYLLGMMv6gQP65J-IAw&ip=140.109.135.76&id=o-AKgGLH1cK_uqZBskbm4UvudfKjWCZ_9GcXdQe8QNwYvL&itag=249&source=youtube&requiressl=yes&mh=pH&mm=31%2C29&mn=sn-5njj-u2xe%2Csn-un57en7s&ms=au%2Crdu&mv=m&mvi=1&pl=16&initcwndbps=391250&vprv=1&mime=audio%2Fwebm&ns=sRXJTWcxxn8fixURgX-VqYgF&gir=yes&clen=2145068&dur=309.501&lmt=1551659991212480&mt=1612277347&fvip=1&keepalive=yes&c=WEB&txp=5411222&n=jW_DzJjdKM7rsddCj&sparams=expire%2Cei%2Cip%2Cid%2Citag%2Csource%2Crequiressl%2Cvprv%2Cmime%2Cns%2Cgir%2Cclen%2Cdur%2Clmt&sig=AOq0QJ8wRgIhAORWmpRn03Z1WVOwg5ndaoQnrzfSNbbYqUIIvP4nNSO7AiEA6gLimOG7X_-26Ik1kxXvyb4M2JhOrXlJFvlwACwLkLw%3D&lsparams=mh%2Cmm%2Cmn%2Cms%2Cmv%2Cmvi%2Cpl%2Cinitcwndbps&lsig=AG3C_xAwRQIhAMNNAa9oh7QDjskIvoizuqytaydXQ5tvWuRYyHLkHaN-AiAsaKLiWfPbPvo0nMnj2zQ9G82lGea25oMCpyjJJFcvmQ%3D%3D&ratebypass=yes", "player_url": null, "ext": "webm", "format_note": "tiny", "acodec": "opus", "abr": 50, "asr": 48000, "filesize": 2145068, "fps": null, "height": null, "tbr": 63.38, "width": null, "vcodec": "none", "downloader_options": {"http_chunk_size": 10485760}, "format": "249 - audio only (tiny)", "protocol": "https", "http_headers": {"User-Agent": "Mozilla/5.0 (Windows NT 10.0; Win64; x64) AppleWebKit/537.36 (KHTML, like Gecko) Chrome/69.0.3497.117 Safari/537.36", "Accept-Charset": "ISO-8859-1,utf-8;q=0.7,*;q=0.7", "Accept": "text/html,application/xhtml+xml,application/xml;q=0.9,*/*;q=0.8", "Accept-Encoding": "gzip, deflate", "Accept-Language": "en-us,en;q=0.5"}}, {"format_id": "250", "url": "https://r1---sn-5njj-u2xe.googlevideo.com/videoplayback?expire=1612299200&ei=YGcZYLLGMMv6gQP65J-IAw&ip=140.109.135.76&id=o-AKgGLH1cK_uqZBskbm4UvudfKjWCZ_9GcXdQe8QNwYvL&itag=250&source=youtube&requiressl=yes&mh=pH&mm=31%2C29&mn=sn-5njj-u2xe%2Csn-un57en7s&ms=au%2Crdu&mv=m&mvi=1&pl=16&initcwndbps=391250&vprv=1&mime=audio%2Fwebm&ns=sRXJTWcxxn8fixURgX-VqYgF&gir=yes&clen=2881863&dur=309.501&lmt=1551659992507884&mt=1612277347&fvip=1&keepalive=yes&c=WEB&txp=5411222&n=jW_DzJjdKM7rsddCj&sparams=expire%2Cei%2Cip%2Cid%2Citag%2Csource%2Crequiressl%2Cvprv%2Cmime%2Cns%2Cgir%2Cclen%2Cdur%2Clmt&sig=AOq0QJ8wRQIhAIdGkpeGurP8jczhXlFcKEJEcAqo_kV0sobnPxELWdnCAiBy_g3pVwBwlINoJvKBAKGyuUwfqCROTGK-s5lO5taffg%3D%3D&lsparams=mh%2Cmm%2Cmn%2Cms%2Cmv%2Cmvi%2Cpl%2Cinitcwndbps&lsig=AG3C_xAwRQIhAMNNAa9oh7QDjskIvoizuqytaydXQ5tvWuRYyHLkHaN-AiAsaKLiWfPbPvo0nMnj2zQ9G82lGea25oMCpyjJJFcvmQ%3D%3D&ratebypass=yes", "player_url": null, "ext": "webm", "format_note": "tiny", "acodec": "opus", "abr": 70, "asr": 48000, "filesize": 2881863, "fps": null, "height": null, "tbr": 84.759, "width": null, "vcodec": "none", "downloader_options": {"http_chunk_size": 10485760}, "format": "250 - audio only (tiny)", "protocol": "https", "http_headers": {"User-Agent": "Mozilla/5.0 (Windows NT 10.0; Win64; x64) AppleWebKit/537.36 (KHTML, like Gecko) Chrome/69.0.3497.117 Safari/537.36", "Accept-Charset": "ISO-8859-1,utf-8;q=0.7,*;q=0.7", "Accept": "text/html,application/xhtml+xml,application/xml;q=0.9,*/*;q=0.8", "Accept-Encoding": "gzip, deflate", "Accept-Language": "en-us,en;q=0.5"}}, {"format_id": "140", "url": "https://r1---sn-5njj-u2xe.googlevideo.com/videoplayback?expire=1612299200&ei=YGcZYLLGMMv6gQP65J-IAw&ip=140.109.135.76&id=o-AKgGLH1cK_uqZBskbm4UvudfKjWCZ_9GcXdQe8QNwYvL&itag=140&source=youtube&requiressl=yes&mh=pH&mm=31%2C29&mn=sn-5njj-u2xe%2Csn-un57en7s&ms=au%2Crdu&mv=m&mvi=1&pl=16&initcwndbps=391250&vprv=1&mime=audio%2Fmp4&ns=sRXJTWcxxn8fixURgX-VqYgF&gir=yes&clen=5009955&dur=309.521&lmt=1551657305840533&mt=1612277347&fvip=1&keepalive=yes&c=WEB&txp=5431432&n=jW_DzJjdKM7rsddCj&sparams=expire%2Cei%2Cip%2Cid%2Citag%2Csource%2Crequiressl%2Cvprv%2Cmime%2Cns%2Cgir%2Cclen%2Cdur%2Clmt&sig=AOq0QJ8wRAIgKuTA_7XEsag7T_9CdzPHwyOqn-wujA4QzGropWxClu0CIDfxAaLBv89SkBozJd99DF_ZxF96Y8f0FTb3sy9mK5aj&lsparams=mh%2Cmm%2Cmn%2Cms%2Cmv%2Cmvi%2Cpl%2Cinitcwndbps&lsig=AG3C_xAwRQIhAMNNAa9oh7QDjskIvoizuqytaydXQ5tvWuRYyHLkHaN-AiAsaKLiWfPbPvo0nMnj2zQ9G82lGea25oMCpyjJJFcvmQ%3D%3D&ratebypass=yes", "player_url": null, "ext": "m4a", "format_note": "tiny", "acodec": "mp4a.40.2", "abr": 128, "container": "m4a_dash", "asr": 44100, "filesize": 5009955, "fps": null, "height": null, "tbr": 130.557, "width": null, "vcodec": "none", "downloader_options": {"http_chunk_size": 10485760}, "format": "140 - audio only (tiny)", "protocol": "https", "http_headers": {"User-Agent": "Mozilla/5.0 (Windows NT 10.0; Win64; x64) AppleWebKit/537.36 (KHTML, like Gecko) Chrome/69.0.3497.117 Safari/537.36", "Accept-Charset": "ISO-8859-1,utf-8;q=0.7,*;q=0.7", "Accept": "text/html,application/xhtml+xml,application/xml;q=0.9,*/*;q=0.8", "Accept-Encoding": "gzip, deflate", "Accept-Language": "en-us,en;q=0.5"}}, {"format_id": "251", "url": "https://r1---sn-5njj-u2xe.googlevideo.com/videoplayback?expire=1612299200&ei=YGcZYLLGMMv6gQP65J-IAw&ip=140.109.135.76&id=o-AKgGLH1cK_uqZBskbm4UvudfKjWCZ_9GcXdQe8QNwYvL&itag=251&source=youtube&requiressl=yes&mh=pH&mm=31%2C29&mn=sn-5njj-u2xe%2Csn-un57en7s&ms=au%2Crdu&mv=m&mvi=1&pl=16&initcwndbps=391250&vprv=1&mime=audio%2Fwebm&ns=sRXJTWcxxn8fixURgX-VqYgF&gir=yes&clen=5568021&dur=309.501&lmt=1551659992307693&mt=1612277347&fvip=1&keepalive=yes&c=WEB&txp=5411222&n=jW_DzJjdKM7rsddCj&sparams=expire%2Cei%2Cip%2Cid%2Citag%2Csource%2Crequiressl%2Cvprv%2Cmime%2Cns%2Cgir%2Cclen%2Cdur%2Clmt&sig=AOq0QJ8wRgIhAP-jxJQZ8aoZTuelhXY85Ikpz-N34ool5PwJgmQiWEN3AiEAyze9BG8bcPRH9SqUiCPKz2H5u0P4lWmca_6WswiDcB8%3D&lsparams=mh%2Cmm%2Cmn%2Cms%2Cmv%2Cmvi%2Cpl%2Cinitcwndbps&lsig=AG3C_xAwRQIhAMNNAa9oh7QDjskIvoizuqytaydXQ5tvWuRYyHLkHaN-AiAsaKLiWfPbPvo0nMnj2zQ9G82lGea25oMCpyjJJFcvmQ%3D%3D&ratebypass=yes", "player_url": null, "ext": "webm", "format_note": "tiny", "acodec": "opus", "abr": 160, "asr": 48000, "filesize": 5568021, "fps": null, "height": null, "tbr": 161.024, "width": null, "vcodec": "none", "downloader_options": {"http_chunk_size": 10485760}, "format": "251 - audio only (tiny)", "protocol": "https", "http_headers": {"User-Agent": "Mozilla/5.0 (Windows NT 10.0; Win64; x64) AppleWebKit/537.36 (KHTML, like Gecko) Chrome/69.0.3497.117 Safari/537.36", "Accept-Charset": "ISO-8859-1,utf-8;q=0.7,*;q=0.7", "Accept": "text/html,application/xhtml+xml,application/xml;q=0.9,*/*;q=0.8", "Accept-Encoding": "gzip, deflate", "Accept-Language": "en-us,en;q=0.5"}}, {"format_id": "160", "url": "https://r1---sn-5njj-u2xe.googlevideo.com/videoplayback?expire=1612299200&ei=YGcZYLLGMMv6gQP65J-IAw&ip=140.109.135.76&id=o-AKgGLH1cK_uqZBskbm4UvudfKjWCZ_9GcXdQe8QNwYvL&itag=160&aitags=133%2C134%2C135%2C136%2C160%2C242%2C243%2C244%2C247%2C278%2C298%2C299%2C302%2C303&source=youtube&requiressl=yes&mh=pH&mm=31%2C29&mn=sn-5njj-u2xe%2Csn-un57en7s&ms=au%2Crdu&mv=m&mvi=1&pl=16&initcwndbps=391250&vprv=1&mime=video%2Fmp4&ns=sRXJTWcxxn8fixURgX-VqYgF&gir=yes&clen=2194066&dur=309.466&lmt=1551657567899609&mt=1612277347&fvip=1&keepalive=yes&c=WEB&txp=5432432&n=jW_DzJjdKM7rsddCj&sparams=expire%2Cei%2Cip%2Cid%2Caitags%2Csource%2Crequiressl%2Cvprv%2Cmime%2Cns%2Cgir%2Cclen%2Cdur%2Clmt&sig=AOq0QJ8wRgIhAOkJ-ioC53Vb4y2rXg7YtwhfrUE9ljQQVB_5bctAhjl4AiEApmLke8aaLRautZUHz62ArOCDGidn1_eqgvxQaK7Okrg%3D&lsparams=mh%2Cmm%2Cmn%2Cms%2Cmv%2Cmvi%2Cpl%2Cinitcwndbps&lsig=AG3C_xAwRQIhAMNNAa9oh7QDjskIvoizuqytaydXQ5tvWuRYyHLkHaN-AiAsaKLiWfPbPvo0nMnj2zQ9G82lGea25oMCpyjJJFcvmQ%3D%3D&ratebypass=yes", "player_url": null, "ext": "mp4", "height": 144, "format_note": "144p", "vcodec": "avc1.4d400c", "asr": null, "filesize": 2194066, "fps": 30, "tbr": 81.47, "width": 256, "acodec": "none", "downloader_options": {"http_chunk_size": 10485760}, "format": "160 - 256x144 (144p)", "protocol": "https", "http_headers": {"User-Agent": "Mozilla/5.0 (Windows NT 10.0; Win64; x64) AppleWebKit/537.36 (KHTML, like Gecko) Chrome/69.0.3497.117 Safari/537.36", "Accept-Charset": "ISO-8859-1,utf-8;q=0.7,*;q=0.7", "Accept": "text/html,application/xhtml+xml,application/xml;q=0.9,*/*;q=0.8", "Accept-Encoding": "gzip, deflate", "Accept-Language": "en-us,en;q=0.5"}}, {"format_id": "278", "url": "https://r1---sn-5njj-u2xe.googlevideo.com/videoplayback?expire=1612299200&ei=YGcZYLLGMMv6gQP65J-IAw&ip=140.109.135.76&id=o-AKgGLH1cK_uqZBskbm4UvudfKjWCZ_9GcXdQe8QNwYvL&itag=278&aitags=133%2C134%2C135%2C136%2C160%2C242%2C243%2C244%2C247%2C278%2C298%2C299%2C302%2C303&source=youtube&requiressl=yes&mh=pH&mm=31%2C29&mn=sn-5njj-u2xe%2Csn-un57en7s&ms=au%2Crdu&mv=m&mvi=1&pl=16&initcwndbps=391250&vprv=1&mime=video%2Fwebm&ns=sRXJTWcxxn8fixURgX-VqYgF&gir=yes&clen=3278864&dur=309.467&lmt=1551657737032761&mt=1612277347&fvip=1&keepalive=yes&c=WEB&txp=5431432&n=jW_DzJjdKM7rsddCj&sparams=expire%2Cei%2Cip%2Cid%2Caitags%2Csource%2Crequiressl%2Cvprv%2Cmime%2Cns%2Cgir%2Cclen%2Cdur%2Clmt&sig=AOq0QJ8wRQIhAOCYBe4VtDWbeNp-Wyp5KBWuhno2D5XR-HUBxySUJCQEAiAnzso_MHB7HZk_Y1VNV82qxBCPWZw2ZjCP36jkYZyxjg%3D%3D&lsparams=mh%2Cmm%2Cmn%2Cms%2Cmv%2Cmvi%2Cpl%2Cinitcwndbps&lsig=AG3C_xAwRQIhAMNNAa9oh7QDjskIvoizuqytaydXQ5tvWuRYyHLkHaN-AiAsaKLiWfPbPvo0nMnj2zQ9G82lGea25oMCpyjJJFcvmQ%3D%3D&ratebypass=yes", "player_url": null, "ext": "webm", "height": 144, "format_note": "144p", "container": "webm", "vcodec": "vp9", "asr": null, "filesize": 3278864, "fps": 30, "tbr": 96.934, "width": 256, "acodec": "none", "downloader_options": {"http_chunk_size": 10485760}, "format": "278 - 256x144 (144p)", "protocol": "https", "http_headers": {"User-Agent": "Mozilla/5.0 (Windows NT 10.0; Win64; x64) AppleWebKit/537.36 (KHTML, like Gecko) Chrome/69.0.3497.117 Safari/537.36", "Accept-Charset": "ISO-8859-1,utf-8;q=0.7,*;q=0.7", "Accept": "text/html,application/xhtml+xml,application/xml;q=0.9,*/*;q=0.8", "Accept-Encoding": "gzip, deflate", "Accept-Language": "en-us,en;q=0.5"}}, {"format_id": "133", "url": "https://r1---sn-5njj-u2xe.googlevideo.com/videoplayback?expire=1612299200&ei=YGcZYLLGMMv6gQP65J-IAw&ip=140.109.135.76&id=o-AKgGLH1cK_uqZBskbm4UvudfKjWCZ_9GcXdQe8QNwYvL&itag=133&aitags=133%2C134%2C135%2C136%2C160%2C242%2C243%2C244%2C247%2C278%2C298%2C299%2C302%2C303&source=youtube&requiressl=yes&mh=pH&mm=31%2C29&mn=sn-5njj-u2xe%2Csn-un57en7s&ms=au%2Crdu&mv=m&mvi=1&pl=16&initcwndbps=391250&vprv=1&mime=video%2Fmp4&ns=sRXJTWcxxn8fixURgX-VqYgF&gir=yes&clen=3846717&dur=309.466&lmt=1551657567849309&mt=1612277347&fvip=1&keepalive=yes&c=WEB&txp=5432432&n=jW_DzJjdKM7rsddCj&sparams=expire%2Cei%2Cip%2Cid%2Caitags%2Csource%2Crequiressl%2Cvprv%2Cmime%2Cns%2Cgir%2Cclen%2Cdur%2Clmt&sig=AOq0QJ8wRAIgOV2kgy2nQoJc7YSmeomo4HVfnZcYeULnoas9R-Q8jVkCIH9MVTW8QGRmpa9HwVuKQWlIDuk4sdDU6098yBz-OWFt&lsparams=mh%2Cmm%2Cmn%2Cms%2Cmv%2Cmvi%2Cpl%2Cinitcwndbps&lsig=AG3C_xAwRQIhAMNNAa9oh7QDjskIvoizuqytaydXQ5tvWuRYyHLkHaN-AiAsaKLiWfPbPvo0nMnj2zQ9G82lGea25oMCpyjJJFcvmQ%3D%3D&ratebypass=yes", "player_url": null, "ext": "mp4", "height": 240, "format_note": "240p", "vcodec": "avc1.4d4015", "asr": null, "filesize": 3846717, "fps": 30, "tbr": 147.749, "width": 426, "acodec": "none", "downloader_options": {"http_chunk_size": 10485760}, "format": "133 - 426x240 (240p)", "protocol": "https", "http_headers": {"User-Agent": "Mozilla/5.0 (Windows NT 10.0; Win64; x64) AppleWebKit/537.36 (KHTML, like Gecko) Chrome/69.0.3497.117 Safari/537.36", "Accept-Charset": "ISO-8859-1,utf-8;q=0.7,*;q=0.7", "Accept": "text/html,application/xhtml+xml,application/xml;q=0.9,*/*;q=0.8", "Accept-Encoding": "gzip, deflate", "Accept-Language": "en-us,en;q=0.5"}}, {"format_id": "242", "url": "https://r1---sn-5njj-u2xe.googlevideo.com/videoplayback?expire=1612299200&ei=YGcZYLLGMMv6gQP65J-IAw&ip=140.109.135.76&id=o-AKgGLH1cK_uqZBskbm4UvudfKjWCZ_9GcXdQe8QNwYvL&itag=242&aitags=133%2C134%2C135%2C136%2C160%2C242%2C243%2C244%2C247%2C278%2C298%2C299%2C302%2C303&source=youtube&requiressl=yes&mh=pH&mm=31%2C29&mn=sn-5njj-u2xe%2Csn-un57en7s&ms=au%2Crdu&mv=m&mvi=1&pl=16&initcwndbps=391250&vprv=1&mime=video%2Fwebm&ns=sRXJTWcxxn8fixURgX-VqYgF&gir=yes&clen=5866266&dur=309.467&lmt=1551657737025127&mt=1612277347&fvip=1&keepalive=yes&c=WEB&txp=5431432&n=jW_DzJjdKM7rsddCj&sparams=expire%2Cei%2Cip%2Cid%2Caitags%2Csource%2Crequiressl%2Cvprv%2Cmime%2Cns%2Cgir%2Cclen%2Cdur%2Clmt&sig=AOq0QJ8wRgIhAKLEH6PijLqMHGkwhIVX9EUZsMjWmAgLV6LRWkOA3EX1AiEA74oEtiKsxZNVjTykiZElxyS_vf4v1YD11g9mnNEVxqI%3D&lsparams=mh%2Cmm%2Cmn%2Cms%2Cmv%2Cmvi%2Cpl%2Cinitcwndbps&lsig=AG3C_xAwRQIhAMNNAa9oh7QDjskIvoizuqytaydXQ5tvWuRYyHLkHaN-AiAsaKLiWfPbPvo0nMnj2zQ9G82lGea25oMCpyjJJFcvmQ%3D%3D&ratebypass=yes", "player_url": null, "ext": "webm", "height": 240, "format_note": "240p", "vcodec": "vp9", "asr": null, "filesize": 5866266, "fps": 30, "tbr": 205.606, "width": 426, "acodec": "none", "downloader_options": {"http_chunk_size": 10485760}, "format": "242 - 426x240 (240p)", "protocol": "https", "http_headers": {"User-Agent": "Mozilla/5.0 (Windows NT 10.0; Win64; x64) AppleWebKit/537.36 (KHTML, like Gecko) Chrome/69.0.3497.117 Safari/537.36", "Accept-Charset": "ISO-8859-1,utf-8;q=0.7,*;q=0.7", "Accept": "text/html,application/xhtml+xml,application/xml;q=0.9,*/*;q=0.8", "Accept-Encoding": "gzip, deflate", "Accept-Language": "en-us,en;q=0.5"}}, {"format_id": "134", "url": "https://r1---sn-5njj-u2xe.googlevideo.com/videoplayback?expire=1612299200&ei=YGcZYLLGMMv6gQP65J-IAw&ip=140.109.135.76&id=o-AKgGLH1cK_uqZBskbm4UvudfKjWCZ_9GcXdQe8QNwYvL&itag=134&aitags=133%2C134%2C135%2C136%2C160%2C242%2C243%2C244%2C247%2C278%2C298%2C299%2C302%2C303&source=youtube&requiressl=yes&mh=pH&mm=31%2C29&mn=sn-5njj-u2xe%2Csn-un57en7s&ms=au%2Crdu&mv=m&mvi=1&pl=16&initcwndbps=391250&vprv=1&mime=video%2Fmp4&ns=sRXJTWcxxn8fixURgX-VqYgF&gir=yes&clen=9193321&dur=309.466&lmt=1551657567703422&mt=1612277347&fvip=1&keepalive=yes&c=WEB&txp=5432432&n=jW_DzJjdKM7rsddCj&sparams=expire%2Cei%2Cip%2Cid%2Caitags%2Csource%2Crequiressl%2Cvprv%2Cmime%2Cns%2Cgir%2Cclen%2Cdur%2Clmt&sig=AOq0QJ8wRgIhAOSp3FhbJL7GC2dKJUS8BGw_tJ_Bs3bDSr55J9TF5tfyAiEAiRhFrdii8YfqhnAKuJlaF9mVWRByT_EPJTrOFiAwZhE%3D&lsparams=mh%2Cmm%2Cmn%2Cms%2Cmv%2Cmvi%2Cpl%2Cinitcwndbps&lsig=AG3C_xAwRQIhAMNNAa9oh7QDjskIvoizuqytaydXQ5tvWuRYyHLkHaN-AiAsaKLiWfPbPvo0nMnj2zQ9G82lGea25oMCpyjJJFcvmQ%3D%3D&ratebypass=yes", "player_url": null, "ext": "mp4", "height": 360, "format_note": "360p", "vcodec": "avc1.4d401e", "asr": null, "filesize": 9193321, "fps": 30, "tbr": 356.115, "width": 640, "acodec": "none", "downloader_options": {"http_chunk_size": 10485760}, "format": "134 - 640x360 (360p)", "protocol": "https", "http_headers": {"User-Agent": "Mozilla/5.0 (Windows NT 10.0; Win64; x64) AppleWebKit/537.36 (KHTML, like Gecko) Chrome/69.0.3497.117 Safari/537.36", "Accept-Charset": "ISO-8859-1,utf-8;q=0.7,*;q=0.7", "Accept": "text/html,application/xhtml+xml,application/xml;q=0.9,*/*;q=0.8", "Accept-Encoding": "gzip, deflate", "Accept-Language": "en-us,en;q=0.5"}}, {"format_id": "243", "url": "https://r1---sn-5njj-u2xe.googlevideo.com/videoplayback?expire=1612299200&ei=YGcZYLLGMMv6gQP65J-IAw&ip=140.109.135.76&id=o-AKgGLH1cK_uqZBskbm4UvudfKjWCZ_9GcXdQe8QNwYvL&itag=243&aitags=133%2C134%2C135%2C136%2C160%2C242%2C243%2C244%2C247%2C278%2C298%2C299%2C302%2C303&source=youtube&requiressl=yes&mh=pH&mm=31%2C29&mn=sn-5njj-u2xe%2Csn-un57en7s&ms=au%2Crdu&mv=m&mvi=1&pl=16&initcwndbps=391250&vprv=1&mime=video%2Fwebm&ns=sRXJTWcxxn8fixURgX-VqYgF&gir=yes&clen=11273916&dur=309.467&lmt=1551657737027340&mt=1612277347&fvip=1&keepalive=yes&c=WEB&txp=5431432&n=jW_DzJjdKM7rsddCj&sparams=expire%2Cei%2Cip%2Cid%2Caitags%2Csource%2Crequiressl%2Cvprv%2Cmime%2Cns%2Cgir%2Cclen%2Cdur%2Clmt&sig=AOq0QJ8wRAIgcMrG3_fzZJiwqehVvEsZcV8til-5EKQ-xe6fMP56kcYCIB-4-DVcapzUcKNS1X6zp8M1U6xokXBLk4-48Cw5h7v_&lsparams=mh%2Cmm%2Cmn%2Cms%2Cmv%2Cmvi%2Cpl%2Cinitcwndbps&lsig=AG3C_xAwRQIhAMNNAa9oh7QDjskIvoizuqytaydXQ5tvWuRYyHLkHaN-AiAsaKLiWfPbPvo0nMnj2zQ9G82lGea25oMCpyjJJFcvmQ%3D%3D&ratebypass=yes", "player_url": null, "ext": "webm", "height": 360, "format_note": "360p", "vcodec": "vp9", "asr": null, "filesize": 11273916, "fps": 30, "tbr": 381.092, "width": 640, "acodec": "none", "downloader_options": {"http_chunk_size": 10485760}, "format": "243 - 640x360 (360p)", "protocol": "https", "http_headers": {"User-Agent": "Mozilla/5.0 (Windows NT 10.0; Win64; x64) AppleWebKit/537.36 (KHTML, like Gecko) Chrome/69.0.3497.117 Safari/537.36", "Accept-Charset": "ISO-8859-1,utf-8;q=0.7,*;q=0.7", "Accept": "text/html,application/xhtml+xml,application/xml;q=0.9,*/*;q=0.8", "Accept-Encoding": "gzip, deflate", "Accept-Language": "en-us,en;q=0.5"}}, {"format_id": "244", "url": "https://r1---sn-5njj-u2xe.googlevideo.com/videoplayback?expire=1612299200&ei=YGcZYLLGMMv6gQP65J-IAw&ip=140.109.135.76&id=o-AKgGLH1cK_uqZBskbm4UvudfKjWCZ_9GcXdQe8QNwYvL&itag=244&aitags=133%2C134%2C135%2C136%2C160%2C242%2C243%2C244%2C247%2C278%2C298%2C299%2C302%2C303&source=youtube&requiressl=yes&mh=pH&mm=31%2C29&mn=sn-5njj-u2xe%2Csn-un57en7s&ms=au%2Crdu&mv=m&mvi=1&pl=16&initcwndbps=391250&vprv=1&mime=video%2Fwebm&ns=sRXJTWcxxn8fixURgX-VqYgF&gir=yes&clen=20406954&dur=309.467&lmt=1551657737027446&mt=1612277347&fvip=1&keepalive=yes&c=WEB&txp=5431432&n=jW_DzJjdKM7rsddCj&sparams=expire%2Cei%2Cip%2Cid%2Caitags%2Csource%2Crequiressl%2Cvprv%2Cmime%2Cns%2Cgir%2Cclen%2Cdur%2Clmt&sig=AOq0QJ8wRQIgXdut595mq5Rw4H5_e8jtGl17pNEm-8y3TniFJTS5BWwCIQC5ZHDDp3-XaYgwH8q9JKnS0scdaXysyNkRHV_zqEcT3g%3D%3D&lsparams=mh%2Cmm%2Cmn%2Cms%2Cmv%2Cmvi%2Cpl%2Cinitcwndbps&lsig=AG3C_xAwRQIhAMNNAa9oh7QDjskIvoizuqytaydXQ5tvWuRYyHLkHaN-AiAsaKLiWfPbPvo0nMnj2zQ9G82lGea25oMCpyjJJFcvmQ%3D%3D&ratebypass=yes", "player_url": null, "ext": "webm", "height": 480, "format_note": "480p", "vcodec": "vp9", "asr": null, "filesize": 20406954, "fps": 30, "tbr": 697.763, "width": 854, "acodec": "none", "downloader_options": {"http_chunk_size": 10485760}, "format": "244 - 854x480 (480p)", "protocol": "https", "http_headers": {"User-Agent": "Mozilla/5.0 (Windows NT 10.0; Win64; x64) AppleWebKit/537.36 (KHTML, like Gecko) Chrome/69.0.3497.117 Safari/537.36", "Accept-Charset": "ISO-8859-1,utf-8;q=0.7,*;q=0.7", "Accept": "text/html,application/xhtml+xml,application/xml;q=0.9,*/*;q=0.8", "Accept-Encoding": "gzip, deflate", "Accept-Language": "en-us,en;q=0.5"}}, {"format_id": "135", "url": "https://r1---sn-5njj-u2xe.googlevideo.com/videoplayback?expire=1612299200&ei=YGcZYLLGMMv6gQP65J-IAw&ip=140.109.135.76&id=o-AKgGLH1cK_uqZBskbm4UvudfKjWCZ_9GcXdQe8QNwYvL&itag=135&aitags=133%2C134%2C135%2C136%2C160%2C242%2C243%2C244%2C247%2C278%2C298%2C299%2C302%2C303&source=youtube&requiressl=yes&mh=pH&mm=31%2C29&mn=sn-5njj-u2xe%2Csn-un57en7s&ms=au%2Crdu&mv=m&mvi=1&pl=16&initcwndbps=391250&vprv=1&mime=video%2Fmp4&ns=sRXJTWcxxn8fixURgX-VqYgF&gir=yes&clen=18074685&dur=309.466&lmt=1551657567660566&mt=1612277347&fvip=1&keepalive=yes&c=WEB&txp=5432432&n=jW_DzJjdKM7rsddCj&sparams=expire%2Cei%2Cip%2Cid%2Caitags%2Csource%2Crequiressl%2Cvprv%2Cmime%2Cns%2Cgir%2Cclen%2Cdur%2Clmt&sig=AOq0QJ8wRQIhALWi3osP4ZqE0xaNLUQC7T-XkY2M8e8ugN7SBfl97VozAiAFrXShiO9V-Gr6x42NQZO2y_hB-ib6WoP9ok1mcp8FHA%3D%3D&lsparams=mh%2Cmm%2Cmn%2Cms%2Cmv%2Cmvi%2Cpl%2Cinitcwndbps&lsig=AG3C_xAwRQIhAMNNAa9oh7QDjskIvoizuqytaydXQ5tvWuRYyHLkHaN-AiAsaKLiWfPbPvo0nMnj2zQ9G82lGea25oMCpyjJJFcvmQ%3D%3D&ratebypass=yes", "player_url": null, "ext": "mp4", "height": 480, "format_note": "480p", "vcodec": "avc1.4d401f", "asr": null, "filesize": 18074685, "fps": 30, "tbr": 697.869, "width": 854, "acodec": "none", "downloader_options": {"http_chunk_size": 10485760}, "format": "135 - 854x480 (480p)", "protocol": "https", "http_headers": {"User-Agent": "Mozilla/5.0 (Windows NT 10.0; Win64; x64) AppleWebKit/537.36 (KHTML, like Gecko) Chrome/69.0.3497.117 Safari/537.36", "Accept-Charset": "ISO-8859-1,utf-8;q=0.7,*;q=0.7", "Accept": "text/html,application/xhtml+xml,application/xml;q=0.9,*/*;q=0.8", "Accept-Encoding": "gzip, deflate", "Accept-Language": "en-us,en;q=0.5"}}, {"format_id": "136", "url": "https://r1---sn-5njj-u2xe.googlevideo.com/videoplayback?expire=1612299200&ei=YGcZYLLGMMv6gQP65J-IAw&ip=140.109.135.76&id=o-AKgGLH1cK_uqZBskbm4UvudfKjWCZ_9GcXdQe8QNwYvL&itag=136&aitags=133%2C134%2C135%2C136%2C160%2C242%2C243%2C244%2C247%2C278%2C298%2C299%2C302%2C303&source=youtube&requiressl=yes&mh=pH&mm=31%2C29&mn=sn-5njj-u2xe%2Csn-un57en7s&ms=au%2Crdu&mv=m&mvi=1&pl=16&initcwndbps=391250&vprv=1&mime=video%2Fmp4&ns=sRXJTWcxxn8fixURgX-VqYgF&gir=yes&clen=32472201&dur=309.466&lmt=1551657567661733&mt=1612277347&fvip=1&keepalive=yes&c=WEB&txp=5432432&n=jW_DzJjdKM7rsddCj&sparams=expire%2Cei%2Cip%2Cid%2Caitags%2Csource%2Crequiressl%2Cvprv%2Cmime%2Cns%2Cgir%2Cclen%2Cdur%2Clmt&sig=AOq0QJ8wRAIgdEz4fLyg_mqMdLCmc7YbyPQxd_eMQobo5-ZR25493PACIC1w1hxno6_xgr67hAIpfh0c1DmGzzoP-0_3OszYngEi&lsparams=mh%2Cmm%2Cmn%2Cms%2Cmv%2Cmvi%2Cpl%2Cinitcwndbps&lsig=AG3C_xAwRQIhAMNNAa9oh7QDjskIvoizuqytaydXQ5tvWuRYyHLkHaN-AiAsaKLiWfPbPvo0nMnj2zQ9G82lGea25oMCpyjJJFcvmQ%3D%3D&ratebypass=yes", "player_url": null, "ext": "mp4", "height": 720, "format_note": "720p", "vcodec": "avc1.4d401f", "asr": null, "filesize": 32472201, "fps": 30, "tbr": 1222.189, "width": 1280, "acodec": "none", "downloader_options": {"http_chunk_size": 10485760}, "format": "136 - 1280x720 (720p)", "protocol": "https", "http_headers": {"User-Agent": "Mozilla/5.0 (Windows NT 10.0; Win64; x64) AppleWebKit/537.36 (KHTML, like Gecko) Chrome/69.0.3497.117 Safari/537.36", "Accept-Charset": "ISO-8859-1,utf-8;q=0.7,*;q=0.7", "Accept": "text/html,application/xhtml+xml,application/xml;q=0.9,*/*;q=0.8", "Accept-Encoding": "gzip, deflate", "Accept-Language": "en-us,en;q=0.5"}}, {"format_id": "247", "url": "https://r1---sn-5njj-u2xe.googlevideo.com/videoplayback?expire=1612299200&ei=YGcZYLLGMMv6gQP65J-IAw&ip=140.109.135.76&id=o-AKgGLH1cK_uqZBskbm4UvudfKjWCZ_9GcXdQe8QNwYvL&itag=247&aitags=133%2C134%2C135%2C136%2C160%2C242%2C243%2C244%2C247%2C278%2C298%2C299%2C302%2C303&source=youtube&requiressl=yes&mh=pH&mm=31%2C29&mn=sn-5njj-u2xe%2Csn-un57en7s&ms=au%2Crdu&mv=m&mvi=1&pl=16&initcwndbps=391250&vprv=1&mime=video%2Fwebm&ns=sRXJTWcxxn8fixURgX-VqYgF&gir=yes&clen=40652178&dur=309.467&lmt=1551657737023983&mt=1612277347&fvip=1&keepalive=yes&c=WEB&txp=5431432&n=jW_DzJjdKM7rsddCj&sparams=expire%2Cei%2Cip%2Cid%2Caitags%2Csource%2Crequiressl%2Cvprv%2Cmime%2Cns%2Cgir%2Cclen%2Cdur%2Clmt&sig=AOq0QJ8wRQIgf68TLPJPZVNiIs_9q6hJxQgGlTGLYxisXrvdoiMxjwYCIQDgckvNMvjAGVLElFJNdiC4usedeGfXRPZarOhBiTNTeg%3D%3D&lsparams=mh%2Cmm%2Cmn%2Cms%2Cmv%2Cmvi%2Cpl%2Cinitcwndbps&lsig=AG3C_xAwRQIhAMNNAa9oh7QDjskIvoizuqytaydXQ5tvWuRYyHLkHaN-AiAsaKLiWfPbPvo0nMnj2zQ9G82lGea25oMCpyjJJFcvmQ%3D%3D&ratebypass=yes", "player_url": null, "ext": "webm", "height": 720, "format_note": "720p", "vcodec": "vp9", "asr": null, "filesize": 40652178, "fps": 30, "tbr": 1356.752, "width": 1280, "acodec": "none", "downloader_options": {"http_chunk_size": 10485760}, "format": "247 - 1280x720 (720p)", "protocol": "https", "http_headers": {"User-Agent": "Mozilla/5.0 (Windows NT 10.0; Win64; x64) AppleWebKit/537.36 (KHTML, like Gecko) Chrome/69.0.3497.117 Safari/537.36", "Accept-Charset": "ISO-8859-1,utf-8;q=0.7,*;q=0.7", "Accept": "text/html,application/xhtml+xml,application/xml;q=0.9,*/*;q=0.8", "Accept-Encoding": "gzip, deflate", "Accept-Language": "en-us,en;q=0.5"}}, {"format_id": "298", "url": "https://r1---sn-5njj-u2xe.googlevideo.com/videoplayback?expire=1612299200&ei=YGcZYLLGMMv6gQP65J-IAw&ip=140.109.135.76&id=o-AKgGLH1cK_uqZBskbm4UvudfKjWCZ_9GcXdQe8QNwYvL&itag=298&aitags=133%2C134%2C135%2C136%2C160%2C242%2C243%2C244%2C247%2C278%2C298%2C299%2C302%2C303&source=youtube&requiressl=yes&mh=pH&mm=31%2C29&mn=sn-5njj-u2xe%2Csn-un57en7s&ms=au%2Crdu&mv=m&mvi=1&pl=16&initcwndbps=391250&vprv=1&mime=video%2Fmp4&ns=sRXJTWcxxn8fixURgX-VqYgF&gir=yes&clen=55564009&dur=309.466&lmt=1551657351683042&mt=1612277347&fvip=1&keepalive=yes&c=WEB&txp=5432432&n=jW_DzJjdKM7rsddCj&sparams=expire%2Cei%2Cip%2Cid%2Caitags%2Csource%2Crequiressl%2Cvprv%2Cmime%2Cns%2Cgir%2Cclen%2Cdur%2Clmt&sig=AOq0QJ8wRQIgSqqrntYMDUyLftQh9_GhNNXFN_jza4f_eKY2UZTLD10CIQD2udPltLXPKcVEmAMyyd2_kjQ6MFPTgWzsy1JhmQT8Vg%3D%3D&lsparams=mh%2Cmm%2Cmn%2Cms%2Cmv%2Cmvi%2Cpl%2Cinitcwndbps&lsig=AG3C_xAwRQIhAMNNAa9oh7QDjskIvoizuqytaydXQ5tvWuRYyHLkHaN-AiAsaKLiWfPbPvo0nMnj2zQ9G82lGea25oMCpyjJJFcvmQ%3D%3D&ratebypass=yes", "player_url": null, "ext": "mp4", "height": 720, "format_note": "720p60", "vcodec": "avc1.4d4020", "fps": 60, "asr": null, "filesize": 55564009, "tbr": 2010.428, "width": 1280, "acodec": "none", "downloader_options": {"http_chunk_size": 10485760}, "format": "298 - 1280x720 (720p60)", "protocol": "https", "http_headers": {"User-Agent": "Mozilla/5.0 (Windows NT 10.0; Win64; x64) AppleWebKit/537.36 (KHTML, like Gecko) Chrome/69.0.3497.117 Safari/537.36", "Accept-Charset": "ISO-8859-1,utf-8;q=0.7,*;q=0.7", "Accept": "text/html,application/xhtml+xml,application/xml;q=0.9,*/*;q=0.8", "Accept-Encoding": "gzip, deflate", "Accept-Language": "en-us,en;q=0.5"}}, {"format_id": "302", "url": "https://r1---sn-5njj-u2xe.googlevideo.com/videoplayback?expire=1612299200&ei=YGcZYLLGMMv6gQP65J-IAw&ip=140.109.135.76&id=o-AKgGLH1cK_uqZBskbm4UvudfKjWCZ_9GcXdQe8QNwYvL&itag=302&aitags=133%2C134%2C135%2C136%2C160%2C242%2C243%2C244%2C247%2C278%2C298%2C299%2C302%2C303&source=youtube&requiressl=yes&mh=pH&mm=31%2C29&mn=sn-5njj-u2xe%2Csn-un57en7s&ms=au%2Crdu&mv=m&mvi=1&pl=16&initcwndbps=391250&vprv=1&mime=video%2Fwebm&ns=sRXJTWcxxn8fixURgX-VqYgF&gir=yes&clen=63293646&dur=309.466&lmt=1551657441856265&mt=1612277347&fvip=1&keepalive=yes&c=WEB&txp=5431432&n=jW_DzJjdKM7rsddCj&sparams=expire%2Cei%2Cip%2Cid%2Caitags%2Csource%2Crequiressl%2Cvprv%2Cmime%2Cns%2Cgir%2Cclen%2Cdur%2Clmt&sig=AOq0QJ8wRgIhAJDp75njKS6Sm5G9rowey-NrohFuKBVaYKT4vtwUcJkDAiEAw95OlK0GJTO16tEgUnHNkmAB9yPfz1rLrvMG0Miu_lM%3D&lsparams=mh%2Cmm%2Cmn%2Cms%2Cmv%2Cmvi%2Cpl%2Cinitcwndbps&lsig=AG3C_xAwRQIhAMNNAa9oh7QDjskIvoizuqytaydXQ5tvWuRYyHLkHaN-AiAsaKLiWfPbPvo0nMnj2zQ9G82lGea25oMCpyjJJFcvmQ%3D%3D&ratebypass=yes", "player_url": null, "ext": "webm", "height": 720, "format_note": "720p60", "vcodec": "vp9", "fps": 60, "asr": null, "filesize": 63293646, "tbr": 2235.377, "width": 1280, "acodec": "none", "downloader_options": {"http_chunk_size": 10485760}, "format": "302 - 1280x720 (720p60)", "protocol": "https", "http_headers": {"User-Agent": "Mozilla/5.0 (Windows NT 10.0; Win64; x64) AppleWebKit/537.36 (KHTML, like Gecko) Chrome/69.0.3497.117 Safari/537.36", "Accept-Charset": "ISO-8859-1,utf-8;q=0.7,*;q=0.7", "Accept": "text/html,application/xhtml+xml,application/xml;q=0.9,*/*;q=0.8", "Accept-Encoding": "gzip, deflate", "Accept-Language": "en-us,en;q=0.5"}}, {"format_id": "299", "url": "https://r1---sn-5njj-u2xe.googlevideo.com/videoplayback?expire=1612299200&ei=YGcZYLLGMMv6gQP65J-IAw&ip=140.109.135.76&id=o-AKgGLH1cK_uqZBskbm4UvudfKjWCZ_9GcXdQe8QNwYvL&itag=299&aitags=133%2C134%2C135%2C136%2C160%2C242%2C243%2C244%2C247%2C278%2C298%2C299%2C302%2C303&source=youtube&requiressl=yes&mh=pH&mm=31%2C29&mn=sn-5njj-u2xe%2Csn-un57en7s&ms=au%2Crdu&mv=m&mvi=1&pl=16&initcwndbps=391250&vprv=1&mime=video%2Fmp4&ns=sRXJTWcxxn8fixURgX-VqYgF&gir=yes&clen=101681883&dur=309.466&lmt=1551657396522067&mt=1612277347&fvip=1&keepalive=yes&c=WEB&txp=5432432&n=jW_DzJjdKM7rsddCj&sparams=expire%2Cei%2Cip%2Cid%2Caitags%2Csource%2Crequiressl%2Cvprv%2Cmime%2Cns%2Cgir%2Cclen%2Cdur%2Clmt&sig=AOq0QJ8wRQIhAN4tafbaoDvVm9QAoDEtIqrN16Jq1vtwH5-M8H_dlrvUAiAYqHvmXQextj7r-mi4FZZrBc357N32Iw_T4AiWZbA9vw%3D%3D&lsparams=mh%2Cmm%2Cmn%2Cms%2Cmv%2Cmvi%2Cpl%2Cinitcwndbps&lsig=AG3C_xAwRQIhAMNNAa9oh7QDjskIvoizuqytaydXQ5tvWuRYyHLkHaN-AiAsaKLiWfPbPvo0nMnj2zQ9G82lGea25oMCpyjJJFcvmQ%3D%3D&ratebypass=yes", "player_url": null, "ext": "mp4", "height": 1080, "format_note": "1080p60", "vcodec": "avc1.64002a", "fps": 60, "asr": null, "filesize": 101681883, "tbr": 3565.873, "width": 1920, "acodec": "none", "downloader_options": {"http_chunk_size": 10485760}, "format": "299 - 1920x1080 (1080p60)", "protocol": "https", "http_headers": {"User-Agent": "Mozilla/5.0 (Windows NT 10.0; Win64; x64) AppleWebKit/537.36 (KHTML, like Gecko) Chrome/69.0.3497.117 Safari/537.36", "Accept-Charset": "ISO-8859-1,utf-8;q=0.7,*;q=0.7", "Accept": "text/html,application/xhtml+xml,application/xml;q=0.9,*/*;q=0.8", "Accept-Encoding": "gzip, deflate", "Accept-Language": "en-us,en;q=0.5"}}, {"format_id": "303", "url": "https://r1---sn-5njj-u2xe.googlevideo.com/videoplayback?expire=1612299200&ei=YGcZYLLGMMv6gQP65J-IAw&ip=140.109.135.76&id=o-AKgGLH1cK_uqZBskbm4UvudfKjWCZ_9GcXdQe8QNwYvL&itag=303&aitags=133%2C134%2C135%2C136%2C160%2C242%2C243%2C244%2C247%2C278%2C298%2C299%2C302%2C303&source=youtube&requiressl=yes&mh=pH&mm=31%2C29&mn=sn-5njj-u2xe%2Csn-un57en7s&ms=au%2Crdu&mv=m&mvi=1&pl=16&initcwndbps=391250&vprv=1&mime=video%2Fwebm&ns=sRXJTWcxxn8fixURgX-VqYgF&gir=yes&clen=108535070&dur=309.466&lmt=1551657482805442&mt=1612277347&fvip=1&keepalive=yes&c=WEB&txp=5431432&n=jW_DzJjdKM7rsddCj&sparams=expire%2Cei%2Cip%2Cid%2Caitags%2Csource%2Crequiressl%2Cvprv%2Cmime%2Cns%2Cgir%2Cclen%2Cdur%2Clmt&sig=AOq0QJ8wRQIhAKPK5HdBn7dt3VeWOtOnh_nXciRjRov-vKowZG9GGZ5OAiAezR2SRgEAMpXtR7YJpyvYzhnLhw518Gz-5TQPxGn5Bg%3D%3D&lsparams=mh%2Cmm%2Cmn%2Cms%2Cmv%2Cmvi%2Cpl%2Cinitcwndbps&lsig=AG3C_xAwRQIhAMNNAa9oh7QDjskIvoizuqytaydXQ5tvWuRYyHLkHaN-AiAsaKLiWfPbPvo0nMnj2zQ9G82lGea25oMCpyjJJFcvmQ%3D%3D&ratebypass=yes", "player_url": null, "ext": "webm", "height": 1080, "format_note": "1080p60", "vcodec": "vp9", "fps": 60, "asr": null, "filesize": 108535070, "tbr": 3716.997, "width": 1920, "acodec": "none", "downloader_options": {"http_chunk_size": 10485760}, "format": "303 - 1920x1080 (1080p60)", "protocol": "https", "http_headers": {"User-Agent": "Mozilla/5.0 (Windows NT 10.0; Win64; x64) AppleWebKit/537.36 (KHTML, like Gecko) Chrome/69.0.3497.117 Safari/537.36", "Accept-Charset": "ISO-8859-1,utf-8;q=0.7,*;q=0.7", "Accept": "text/html,application/xhtml+xml,application/xml;q=0.9,*/*;q=0.8", "Accept-Encoding": "gzip, deflate", "Accept-Language": "en-us,en;q=0.5"}}, {"format_id": "18", "url": "https://r1---sn-5njj-u2xe.googlevideo.com/videoplayback?expire=1612299200&ei=YGcZYLLGMMv6gQP65J-IAw&ip=140.109.135.76&id=o-AKgGLH1cK_uqZBskbm4UvudfKjWCZ_9GcXdQe8QNwYvL&itag=18&source=youtube&requiressl=yes&mh=pH&mm=31%2C29&mn=sn-5njj-u2xe%2Csn-un57en7s&ms=au%2Crdu&mv=m&mvi=1&pl=16&initcwndbps=391250&vprv=1&mime=video%2Fmp4&ns=RE0_TgA260L1RIQziHnnumQF&gir=yes&clen=17654908&ratebypass=yes&dur=309.521&lmt=1551657348771922&mt=1612277347&fvip=1&c=WEB&txp=5431432&n=R90FVX0bBynDi7cup&sparams=expire%2Cei%2Cip%2Cid%2Citag%2Csource%2Crequiressl%2Cvprv%2Cmime%2Cns%2Cgir%2Cclen%2Cratebypass%2Cdur%2Clmt&sig=AOq0QJ8wRAIgHkymOLt7RS_0tPL8pJqQsQXcI9C5KKKeSS505_QlPvYCIAr-PtwvqpVsqSRaSqPPOB0eDtNq09NQ14WSUupUMc-n&lsparams=mh%2Cmm%2Cmn%2Cms%2Cmv%2Cmvi%2Cpl%2Cinitcwndbps&lsig=AG3C_xAwRQIhAMNNAa9oh7QDjskIvoizuqytaydXQ5tvWuRYyHLkHaN-AiAsaKLiWfPbPvo0nMnj2zQ9G82lGea25oMCpyjJJFcvmQ%3D%3D", "player_url": null, "ext": "mp4", "width": 640, "height": 360, "acodec": "mp4a.40.2", "abr": 96, "vcodec": "avc1.42001E", "asr": 44100, "filesize": 17654908, "format_note": "360p", "fps": 30, "tbr": 456.396, "format": "18 - 640x360 (360p)", "protocol": "https", "http_headers": {"User-Agent": "Mozilla/5.0 (Windows NT 10.0; Win64; x64) AppleWebKit/537.36 (KHTML, like Gecko) Chrome/69.0.3497.117 Safari/537.36", "Accept-Charset": "ISO-8859-1,utf-8;q=0.7,*;q=0.7", "Accept": "text/html,application/xhtml+xml,application/xml;q=0.9,*/*;q=0.8", "Accept-Encoding": "gzip, deflate", "Accept-Language": "en-us,en;q=0.5"}}], "is_live": null, "start_time": null, "end_time": null, "series": null, "season_number": null, "episode_number": null, "track": null, "artist": null, "album": null, "release_date": null, "release_year": null, "extractor": "youtube", "webpage_url_basename": "watch", "extractor_key": "Youtube", "playlist": null, "playlist_index": null, "thumbnail": "https://i.ytimg.com/vi_webp/dtS02mrDMsM/maxresdefault.webp", "display_id": "dtS02mrDMsM", "requested_subtitles": null, "format_id": "251", "url": "https://r1---sn-5njj-u2xe.googlevideo.com/videoplayback?expire=1612299200&ei=YGcZYLLGMMv6gQP65J-IAw&ip=140.109.135.76&id=o-AKgGLH1cK_uqZBskbm4UvudfKjWCZ_9GcXdQe8QNwYvL&itag=251&source=youtube&requiressl=yes&mh=pH&mm=31%2C29&mn=sn-5njj-u2xe%2Csn-un57en7s&ms=au%2Crdu&mv=m&mvi=1&pl=16&initcwndbps=391250&vprv=1&mime=audio%2Fwebm&ns=sRXJTWcxxn8fixURgX-VqYgF&gir=yes&clen=5568021&dur=309.501&lmt=1551659992307693&mt=1612277347&fvip=1&keepalive=yes&c=WEB&txp=5411222&n=jW_DzJjdKM7rsddCj&sparams=expire%2Cei%2Cip%2Cid%2Citag%2Csource%2Crequiressl%2Cvprv%2Cmime%2Cns%2Cgir%2Cclen%2Cdur%2Clmt&sig=AOq0QJ8wRgIhAP-jxJQZ8aoZTuelhXY85Ikpz-N34ool5PwJgmQiWEN3AiEAyze9BG8bcPRH9SqUiCPKz2H5u0P4lWmca_6WswiDcB8%3D&lsparams=mh%2Cmm%2Cmn%2Cms%2Cmv%2Cmvi%2Cpl%2Cinitcwndbps&lsig=AG3C_xAwRQIhAMNNAa9oh7QDjskIvoizuqytaydXQ5tvWuRYyHLkHaN-AiAsaKLiWfPbPvo0nMnj2zQ9G82lGea25oMCpyjJJFcvmQ%3D%3D&ratebypass=yes", "player_url": null, "ext": "webm", "format_note": "tiny", "acodec": "opus", "abr": 160, "asr": 48000, "filesize": 5568021, "fps": null, "height": null, "tbr": 161.024, "width": null, "vcodec": "none", "downloader_options": {"http_chunk_size": 10485760}, "format": "251 - audio only (tiny)", "protocol": "https", "http_headers": {"User-Agent": "Mozilla/5.0 (Windows NT 10.0; Win64; x64) AppleWebKit/537.36 (KHTML, like Gecko) Chrome/69.0.3497.117 Safari/537.36", "Accept-Charset": "ISO-8859-1,utf-8;q=0.7,*;q=0.7", "Accept": "text/html,application/xhtml+xml,application/xml;q=0.9,*/*;q=0.8", "Accept-Encoding": "gzip, deflate", "Accept-Language": "en-us,en;q=0.5"}}