{"id": "D-gDPh9ZpFk", "uploader": "Animenz Piano Sheets", "uploader_id": "Animenzzz", "uploader_url": "http://www.youtube.com/user/Animenzzz", "channel_id": "UCyW-leqPXUunrXXxFjpZ7VA", "channel_url": "http://www.youtube.com/channel/UCyW-leqPXUunrXXxFjpZ7VA", "upload_date": "20131119", "license": null, "creator": null, "title": "The Reluctant Heroes - Attack on Titan OST [Piano]", "alt_title": null, "thumbnails": [{"url": "https://i.ytimg.com/vi/D-gDPh9ZpFk/hqdefault.jpg?sqp=-oaymwEbCKgBEF5IVfKriqkDDggBFQAAiEIYAXABwAEG&rs=AOn4CLB8pTFQ01_xH00Kx-KbgQxVzJgv0w", "width": 168, "height": 94, "resolution": "168x94", "id": "0"}, {"url": "https://i.ytimg.com/vi/D-gDPh9ZpFk/hqdefault.jpg?sqp=-oaymwEbCMQBEG5IVfKriqkDDggBFQAAiEIYAXABwAEG&rs=AOn4CLAau29wQz8F5DBh0Di-gHfKDzw0hw", "width": 196, "height": 110, "resolution": "196x110", "id": "1"}, {"url": "https://i.ytimg.com/vi/D-gDPh9ZpFk/hqdefault.jpg?sqp=-oaymwEcCPYBEIoBSFXyq4qpAw4IARUAAIhCGAFwAcABBg==&rs=AOn4CLAFfEYfXs3h6MpB1K1wHzDdES6o4w", "width": 246, "height": 138, "resolution": "246x138", "id": "2"}, {"url": "https://i.ytimg.com/vi/D-gDPh9ZpFk/hqdefault.jpg?sqp=-oaymwEcCNACELwBSFXyq4qpAw4IARUAAIhCGAFwAcABBg==&rs=AOn4CLCcGBwcPrQkayMz3zMWVP5hjvKJuA", "width": 336, "height": 188, "resolution": "336x188", "id": "3"}, {"url": "https://i.ytimg.com/vi_webp/D-gDPh9ZpFk/maxresdefault.webp", "width": 1920, "height": 1080, "resolution": "1920x1080", "id": "4"}], "description": "100,000 Subscribers! Thank you, everyone!\nTo celebrate this special achievement, I decided to upload a special video especially for you:\nA piano arrangement of \"The Reluctant Heroes\", one of the most memorable track of the Shingeki no Kyojin Soundtrack. \n\nThis transcription is ranked among my top 5 most difficult transcriptions I ever made. \nMainly because I included a new technique in the transcription: the note repetitions in the right hand in 2:15.   \nI needed several takes for this piece because I always made a mistake in the final double hand run in 4:15. I think this is even the most difficult passage of this entire transcription. (saving the best till last, lol)\n\nI hope you enjoyed this special video and I'll return again in the next anime season (since there are no current OP/ED of this season I am interest into)\n\nSee you then!\n\nAnimenz\n\n- - - - - - - - - - - - - - - - - - - - - - - - - - - - - - - - - \n\nMy facebook page:\nhttp://www.facebook.com/Animenz\n\nFollow me on twitter!\nhttps://twitter.com/Animenzzz\n\nI am using Instagram as well!\nhttps://www.instagram.com/animenz_off...\n\n- - - - - - - - - - - - - - - - - - - - - - - - - - - - - - - -\nPiano arrangement by Animenz\n\nOriginal Song: The Reluctant Heroes\nAnime: Shingeki no Kyojin\nPublished by: Pony Canyon\nComposed by: Hiroyuki Sawano\nPerformed by: mpi\n\n#AttackOnTitan #TheReluctantHeroes #HiroyukiSawano #Piano", "categories": ["Entertainment"], "tags": ["The Reluctant Heroes", "\u9032\u6483\u306e\u5de8\u4eba", "Attack on Titan", "\u30d4\u30a2\u30ce", "piano", "cover", "\u30ab\u30d0\u30fc", "OST", "\u30b5\u30a6\u30f3\u30c9\u30c8\u30e9\u30c3\u30af", "\u30b5\u30f3\u30c8\u30e9", "Levi", "\u30ea\u30f4\u30a1\u30a4"], "subtitles": {}, "automatic_captions": {}, "duration": 265, "age_limit": 0, "annotations": null, "chapters": null, "webpage_url": "https://www.youtube.com/watch?v=D-gDPh9ZpFk", "view_count": 4566134, "like_count": 56080, "dislike_count": 304, "average_rating": 4.9784336, "formats": [{"format_id": "249", "url": "https://r6---sn-5njj-u2xl.googlevideo.com/videoplayback?expire=1611764429&ei=bT4RYMeUM9Wfs8IPy5-G6Aw&ip=140.109.135.76&id=o-AEhfH9k5QmfL6htmYB-IzSlFG9N28EW3jPerZ4NuXbps&itag=249&source=youtube&requiressl=yes&mh=jb&mm=31%2C29&mn=sn-5njj-u2xl%2Csn-un57sn7s&ms=au%2Crdu&mv=m&mvi=6&pcm2cms=yes&pl=16&initcwndbps=546250&vprv=1&mime=audio%2Fwebm&ns=HaXUEQHxsXzONr2BPypubAQF&gir=yes&clen=1952975&dur=264.541&lmt=1541420685011438&mt=1611742362&fvip=6&keepalive=yes&c=WEB&txp=5411222&n=hpWzeALdvFyNRBJHP1cE&sparams=expire%2Cei%2Cip%2Cid%2Citag%2Csource%2Crequiressl%2Cvprv%2Cmime%2Cns%2Cgir%2Cclen%2Cdur%2Clmt&sig=AOq0QJ8wRgIhALQMxBHAt6wVsfXnH6Bjuy5B6npNukaub2BGZwXc5exLAiEA9MoaW9B7s11fo3iElKgU5Acj-hQL27_Rw30TE0ekHPE%3D&lsparams=mh%2Cmm%2Cmn%2Cms%2Cmv%2Cmvi%2Cpcm2cms%2Cpl%2Cinitcwndbps&lsig=AG3C_xAwRAIgYy0x7IdazT5kA-klzaKTqNBqQ8hrllPlEhcXQXPbsxECIHaUEZpDFeQ1BqiQWT55hPWTk2CY7jFXzPAa4nG9yz7t&ratebypass=yes", "player_url": null, "ext": "webm", "format_note": "tiny", "acodec": "opus", "abr": 50, "asr": 48000, "filesize": 1952975, "fps": null, "height": null, "tbr": 64.877, "width": null, "vcodec": "none", "downloader_options": {"http_chunk_size": 10485760}, "format": "249 - audio only (tiny)", "protocol": "https", "http_headers": {"User-Agent": "Mozilla/5.0 (Windows NT 10.0; Win64; x64) AppleWebKit/537.36 (KHTML, like Gecko) Chrome/72.0.3626.25 Safari/537.36", "Accept-Charset": "ISO-8859-1,utf-8;q=0.7,*;q=0.7", "Accept": "text/html,application/xhtml+xml,application/xml;q=0.9,*/*;q=0.8", "Accept-Encoding": "gzip, deflate", "Accept-Language": "en-us,en;q=0.5"}}, {"format_id": "250", "url": "https://r6---sn-5njj-u2xl.googlevideo.com/videoplayback?expire=1611764429&ei=bT4RYMeUM9Wfs8IPy5-G6Aw&ip=140.109.135.76&id=o-AEhfH9k5QmfL6htmYB-IzSlFG9N28EW3jPerZ4NuXbps&itag=250&source=youtube&requiressl=yes&mh=jb&mm=31%2C29&mn=sn-5njj-u2xl%2Csn-un57sn7s&ms=au%2Crdu&mv=m&mvi=6&pcm2cms=yes&pl=16&initcwndbps=546250&vprv=1&mime=audio%2Fwebm&ns=HaXUEQHxsXzONr2BPypubAQF&gir=yes&clen=2607271&dur=264.541&lmt=1541420684325677&mt=1611742362&fvip=6&keepalive=yes&c=WEB&txp=5411222&n=hpWzeALdvFyNRBJHP1cE&sparams=expire%2Cei%2Cip%2Cid%2Citag%2Csource%2Crequiressl%2Cvprv%2Cmime%2Cns%2Cgir%2Cclen%2Cdur%2Clmt&sig=AOq0QJ8wRAIffB0t7D2dRgthXbvkcbDRoQ3DYfEKRFGOHVhhHcAyrgIhAMDVuBMIumyGedWiBiETXe51BnXn2gf2O3l2NQEjzUwZ&lsparams=mh%2Cmm%2Cmn%2Cms%2Cmv%2Cmvi%2Cpcm2cms%2Cpl%2Cinitcwndbps&lsig=AG3C_xAwRAIgYy0x7IdazT5kA-klzaKTqNBqQ8hrllPlEhcXQXPbsxECIHaUEZpDFeQ1BqiQWT55hPWTk2CY7jFXzPAa4nG9yz7t&ratebypass=yes", "player_url": null, "ext": "webm", "format_note": "tiny", "acodec": "opus", "abr": 70, "asr": 48000, "filesize": 2607271, "fps": null, "height": null, "tbr": 86.681, "width": null, "vcodec": "none", "downloader_options": {"http_chunk_size": 10485760}, "format": "250 - audio only (tiny)", "protocol": "https", "http_headers": {"User-Agent": "Mozilla/5.0 (Windows NT 10.0; Win64; x64) AppleWebKit/537.36 (KHTML, like Gecko) Chrome/72.0.3626.25 Safari/537.36", "Accept-Charset": "ISO-8859-1,utf-8;q=0.7,*;q=0.7", "Accept": "text/html,application/xhtml+xml,application/xml;q=0.9,*/*;q=0.8", "Accept-Encoding": "gzip, deflate", "Accept-Language": "en-us,en;q=0.5"}}, {"format_id": "140", "url": "https://r6---sn-5njj-u2xl.googlevideo.com/videoplayback?expire=1611764429&ei=bT4RYMeUM9Wfs8IPy5-G6Aw&ip=140.109.135.76&id=o-AEhfH9k5QmfL6htmYB-IzSlFG9N28EW3jPerZ4NuXbps&itag=140&source=youtube&requiressl=yes&mh=jb&mm=31%2C29&mn=sn-5njj-u2xl%2Csn-un57sn7s&ms=au%2Crdu&mv=m&mvi=6&pcm2cms=yes&pl=16&initcwndbps=546250&vprv=1&mime=audio%2Fmp4&ns=HaXUEQHxsXzONr2BPypubAQF&gir=yes&clen=4282838&dur=264.591&lmt=1607136947121450&mt=1611742362&fvip=6&keepalive=yes&c=WEB&txp=5431432&n=hpWzeALdvFyNRBJHP1cE&sparams=expire%2Cei%2Cip%2Cid%2Citag%2Csource%2Crequiressl%2Cvprv%2Cmime%2Cns%2Cgir%2Cclen%2Cdur%2Clmt&sig=AOq0QJ8wRAIgKKqNFF_9DtOJwHQOKs-pAsMAU3_e7nwSFFWyloI_gmQCIGyuh2ERjdKgmka2ZKwwXWgyvoGg9sSsJ7wvkh0_KU23&lsparams=mh%2Cmm%2Cmn%2Cms%2Cmv%2Cmvi%2Cpcm2cms%2Cpl%2Cinitcwndbps&lsig=AG3C_xAwRAIgYy0x7IdazT5kA-klzaKTqNBqQ8hrllPlEhcXQXPbsxECIHaUEZpDFeQ1BqiQWT55hPWTk2CY7jFXzPAa4nG9yz7t&ratebypass=yes", "player_url": null, "ext": "m4a", "format_note": "tiny", "acodec": "mp4a.40.2", "abr": 128, "container": "m4a_dash", "asr": 44100, "filesize": 4282838, "fps": null, "height": null, "tbr": 130.639, "width": null, "vcodec": "none", "downloader_options": {"http_chunk_size": 10485760}, "format": "140 - audio only (tiny)", "protocol": "https", "http_headers": {"User-Agent": "Mozilla/5.0 (Windows NT 10.0; Win64; x64) AppleWebKit/537.36 (KHTML, like Gecko) Chrome/72.0.3626.25 Safari/537.36", "Accept-Charset": "ISO-8859-1,utf-8;q=0.7,*;q=0.7", "Accept": "text/html,application/xhtml+xml,application/xml;q=0.9,*/*;q=0.8", "Accept-Encoding": "gzip, deflate", "Accept-Language": "en-us,en;q=0.5"}}, {"format_id": "251", "url": "https://r6---sn-5njj-u2xl.googlevideo.com/videoplayback?expire=1611764429&ei=bT4RYMeUM9Wfs8IPy5-G6Aw&ip=140.109.135.76&id=o-AEhfH9k5QmfL6htmYB-IzSlFG9N28EW3jPerZ4NuXbps&itag=251&source=youtube&requiressl=yes&mh=jb&mm=31%2C29&mn=sn-5njj-u2xl%2Csn-un57sn7s&ms=au%2Crdu&mv=m&mvi=6&pcm2cms=yes&pl=16&initcwndbps=546250&vprv=1&mime=audio%2Fwebm&ns=HaXUEQHxsXzONr2BPypubAQF&gir=yes&clen=4982031&dur=264.541&lmt=1541420685125489&mt=1611742362&fvip=6&keepalive=yes&c=WEB&txp=5411222&n=hpWzeALdvFyNRBJHP1cE&sparams=expire%2Cei%2Cip%2Cid%2Citag%2Csource%2Crequiressl%2Cvprv%2Cmime%2Cns%2Cgir%2Cclen%2Cdur%2Clmt&sig=AOq0QJ8wRQIhALyVk8Qiju_S_7f6nqR5xRWw7pXlSFJunHpIvGdUgywmAiApWU5KnJrJ4uLfxXmTcKLyg1tfaDGwCJ3doAFmoli7aQ%3D%3D&lsparams=mh%2Cmm%2Cmn%2Cms%2Cmv%2Cmvi%2Cpcm2cms%2Cpl%2Cinitcwndbps&lsig=AG3C_xAwRAIgYy0x7IdazT5kA-klzaKTqNBqQ8hrllPlEhcXQXPbsxECIHaUEZpDFeQ1BqiQWT55hPWTk2CY7jFXzPAa4nG9yz7t&ratebypass=yes", "player_url": null, "ext": "webm", "format_note": "tiny", "acodec": "opus", "abr": 160, "asr": 48000, "filesize": 4982031, "fps": null, "height": null, "tbr": 163.272, "width": null, "vcodec": "none", "downloader_options": {"http_chunk_size": 10485760}, "format": "251 - audio only (tiny)", "protocol": "https", "http_headers": {"User-Agent": "Mozilla/5.0 (Windows NT 10.0; Win64; x64) AppleWebKit/537.36 (KHTML, like Gecko) Chrome/72.0.3626.25 Safari/537.36", "Accept-Charset": "ISO-8859-1,utf-8;q=0.7,*;q=0.7", "Accept": "text/html,application/xhtml+xml,application/xml;q=0.9,*/*;q=0.8", "Accept-Encoding": "gzip, deflate", "Accept-Language": "en-us,en;q=0.5"}}, {"format_id": "160", "url": "https://r6---sn-5njj-u2xl.googlevideo.com/videoplayback?expire=1611764429&ei=bT4RYMeUM9Wfs8IPy5-G6Aw&ip=140.109.135.76&id=o-AEhfH9k5QmfL6htmYB-IzSlFG9N28EW3jPerZ4NuXbps&itag=160&aitags=133%2C134%2C135%2C136%2C137%2C160%2C242%2C243%2C244%2C247%2C248%2C278&source=youtube&requiressl=yes&mh=jb&mm=31%2C29&mn=sn-5njj-u2xl%2Csn-un57sn7s&ms=au%2Crdu&mv=m&mvi=6&pcm2cms=yes&pl=16&initcwndbps=546250&vprv=1&mime=video%2Fmp4&ns=HaXUEQHxsXzONr2BPypubAQF&gir=yes&clen=1594024&dur=264.520&lmt=1607137181383616&mt=1611742362&fvip=6&keepalive=yes&c=WEB&txp=5432432&n=hpWzeALdvFyNRBJHP1cE&sparams=expire%2Cei%2Cip%2Cid%2Caitags%2Csource%2Crequiressl%2Cvprv%2Cmime%2Cns%2Cgir%2Cclen%2Cdur%2Clmt&sig=AOq0QJ8wRgIhAK7gSyCdZroCl-wpVOJ1dUQREpofqEslzPVza_M3nRaCAiEA2csBE4VAqmuBD14_8lkE6tzsjQNVeLqFasgeTS8U7UI%3D&lsparams=mh%2Cmm%2Cmn%2Cms%2Cmv%2Cmvi%2Cpcm2cms%2Cpl%2Cinitcwndbps&lsig=AG3C_xAwRAIgYy0x7IdazT5kA-klzaKTqNBqQ8hrllPlEhcXQXPbsxECIHaUEZpDFeQ1BqiQWT55hPWTk2CY7jFXzPAa4nG9yz7t&ratebypass=yes", "player_url": null, "ext": "mp4", "height": 144, "format_note": "144p", "vcodec": "avc1.4d400c", "asr": null, "filesize": 1594024, "fps": 25, "tbr": 60.502, "width": 256, "acodec": "none", "downloader_options": {"http_chunk_size": 10485760}, "format": "160 - 256x144 (144p)", "protocol": "https", "http_headers": {"User-Agent": "Mozilla/5.0 (Windows NT 10.0; Win64; x64) AppleWebKit/537.36 (KHTML, like Gecko) Chrome/72.0.3626.25 Safari/537.36", "Accept-Charset": "ISO-8859-1,utf-8;q=0.7,*;q=0.7", "Accept": "text/html,application/xhtml+xml,application/xml;q=0.9,*/*;q=0.8", "Accept-Encoding": "gzip, deflate", "Accept-Language": "en-us,en;q=0.5"}}, {"format_id": "278", "url": "https://r6---sn-5njj-u2xl.googlevideo.com/videoplayback?expire=1611764429&ei=bT4RYMeUM9Wfs8IPy5-G6Aw&ip=140.109.135.76&id=o-AEhfH9k5QmfL6htmYB-IzSlFG9N28EW3jPerZ4NuXbps&itag=278&aitags=133%2C134%2C135%2C136%2C137%2C160%2C242%2C243%2C244%2C247%2C248%2C278&source=youtube&requiressl=yes&mh=jb&mm=31%2C29&mn=sn-5njj-u2xl%2Csn-un57sn7s&ms=au%2Crdu&mv=m&mvi=6&pcm2cms=yes&pl=16&initcwndbps=546250&vprv=1&mime=video%2Fwebm&ns=HaXUEQHxsXzONr2BPypubAQF&gir=yes&clen=2698472&dur=264.520&lmt=1541420346528025&mt=1611742362&fvip=6&keepalive=yes&c=WEB&txp=5432432&n=hpWzeALdvFyNRBJHP1cE&sparams=expire%2Cei%2Cip%2Cid%2Caitags%2Csource%2Crequiressl%2Cvprv%2Cmime%2Cns%2Cgir%2Cclen%2Cdur%2Clmt&sig=AOq0QJ8wRQIgD0NtETfTNDVatyM1UYsrVuV6fsqjbQQmncVomtjZEKYCIQC9KfTBURd0wUSFAd90PLbNn43uYoECqOEnWKAAS95POA%3D%3D&lsparams=mh%2Cmm%2Cmn%2Cms%2Cmv%2Cmvi%2Cpcm2cms%2Cpl%2Cinitcwndbps&lsig=AG3C_xAwRAIgYy0x7IdazT5kA-klzaKTqNBqQ8hrllPlEhcXQXPbsxECIHaUEZpDFeQ1BqiQWT55hPWTk2CY7jFXzPAa4nG9yz7t&ratebypass=yes", "player_url": null, "ext": "webm", "height": 144, "format_note": "144p", "container": "webm", "vcodec": "vp9", "asr": null, "filesize": 2698472, "fps": 25, "tbr": 93.746, "width": 256, "acodec": "none", "downloader_options": {"http_chunk_size": 10485760}, "format": "278 - 256x144 (144p)", "protocol": "https", "http_headers": {"User-Agent": "Mozilla/5.0 (Windows NT 10.0; Win64; x64) AppleWebKit/537.36 (KHTML, like Gecko) Chrome/72.0.3626.25 Safari/537.36", "Accept-Charset": "ISO-8859-1,utf-8;q=0.7,*;q=0.7", "Accept": "text/html,application/xhtml+xml,application/xml;q=0.9,*/*;q=0.8", "Accept-Encoding": "gzip, deflate", "Accept-Language": "en-us,en;q=0.5"}}, {"format_id": "133", "url": "https://r6---sn-5njj-u2xl.googlevideo.com/videoplayback?expire=1611764429&ei=bT4RYMeUM9Wfs8IPy5-G6Aw&ip=140.109.135.76&id=o-AEhfH9k5QmfL6htmYB-IzSlFG9N28EW3jPerZ4NuXbps&itag=133&aitags=133%2C134%2C135%2C136%2C137%2C160%2C242%2C243%2C244%2C247%2C248%2C278&source=youtube&requiressl=yes&mh=jb&mm=31%2C29&mn=sn-5njj-u2xl%2Csn-un57sn7s&ms=au%2Crdu&mv=m&mvi=6&pcm2cms=yes&pl=16&initcwndbps=546250&vprv=1&mime=video%2Fmp4&ns=HaXUEQHxsXzONr2BPypubAQF&gir=yes&clen=3139821&dur=264.520&lmt=1607137181349562&mt=1611742362&fvip=6&keepalive=yes&c=WEB&txp=5432432&n=hpWzeALdvFyNRBJHP1cE&sparams=expire%2Cei%2Cip%2Cid%2Caitags%2Csource%2Crequiressl%2Cvprv%2Cmime%2Cns%2Cgir%2Cclen%2Cdur%2Clmt&sig=AOq0QJ8wRQIhAKw8q6FmTMIZXSDZFmkj_96QnRkh7ZAGzFMgegzjCgxrAiBWWQdbK_kIWV50egto2AIiODKtRijiMuSishUXE23e1w%3D%3D&lsparams=mh%2Cmm%2Cmn%2Cms%2Cmv%2Cmvi%2Cpcm2cms%2Cpl%2Cinitcwndbps&lsig=AG3C_xAwRAIgYy0x7IdazT5kA-klzaKTqNBqQ8hrllPlEhcXQXPbsxECIHaUEZpDFeQ1BqiQWT55hPWTk2CY7jFXzPAa4nG9yz7t&ratebypass=yes", "player_url": null, "ext": "mp4", "height": 240, "format_note": "240p", "vcodec": "avc1.4d4015", "asr": null, "filesize": 3139821, "fps": 25, "tbr": 120.571, "width": 426, "acodec": "none", "downloader_options": {"http_chunk_size": 10485760}, "format": "133 - 426x240 (240p)", "protocol": "https", "http_headers": {"User-Agent": "Mozilla/5.0 (Windows NT 10.0; Win64; x64) AppleWebKit/537.36 (KHTML, like Gecko) Chrome/72.0.3626.25 Safari/537.36", "Accept-Charset": "ISO-8859-1,utf-8;q=0.7,*;q=0.7", "Accept": "text/html,application/xhtml+xml,application/xml;q=0.9,*/*;q=0.8", "Accept-Encoding": "gzip, deflate", "Accept-Language": "en-us,en;q=0.5"}}, {"format_id": "242", "url": "https://r6---sn-5njj-u2xl.googlevideo.com/videoplayback?expire=1611764429&ei=bT4RYMeUM9Wfs8IPy5-G6Aw&ip=140.109.135.76&id=o-AEhfH9k5QmfL6htmYB-IzSlFG9N28EW3jPerZ4NuXbps&itag=242&aitags=133%2C134%2C135%2C136%2C137%2C160%2C242%2C243%2C244%2C247%2C248%2C278&source=youtube&requiressl=yes&mh=jb&mm=31%2C29&mn=sn-5njj-u2xl%2Csn-un57sn7s&ms=au%2Crdu&mv=m&mvi=6&pcm2cms=yes&pl=16&initcwndbps=546250&vprv=1&mime=video%2Fwebm&ns=HaXUEQHxsXzONr2BPypubAQF&gir=yes&clen=5272078&dur=264.520&lmt=1541420346497617&mt=1611742362&fvip=6&keepalive=yes&c=WEB&txp=5432432&n=hpWzeALdvFyNRBJHP1cE&sparams=expire%2Cei%2Cip%2Cid%2Caitags%2Csource%2Crequiressl%2Cvprv%2Cmime%2Cns%2Cgir%2Cclen%2Cdur%2Clmt&sig=AOq0QJ8wRQIgTo5la1-WKZs48MZnJqxX-LxzFQe8xH1WkmdytPgzVpwCIQDi2RelL9zpJaeHVjmEOhDKU4dUkTttf927LoJh1RdoAw%3D%3D&lsparams=mh%2Cmm%2Cmn%2Cms%2Cmv%2Cmvi%2Cpcm2cms%2Cpl%2Cinitcwndbps&lsig=AG3C_xAwRAIgYy0x7IdazT5kA-klzaKTqNBqQ8hrllPlEhcXQXPbsxECIHaUEZpDFeQ1BqiQWT55hPWTk2CY7jFXzPAa4nG9yz7t&ratebypass=yes", "player_url": null, "ext": "webm", "height": 240, "format_note": "240p", "vcodec": "vp9", "asr": null, "filesize": 5272078, "fps": 25, "tbr": 182.639, "width": 426, "acodec": "none", "downloader_options": {"http_chunk_size": 10485760}, "format": "242 - 426x240 (240p)", "protocol": "https", "http_headers": {"User-Agent": "Mozilla/5.0 (Windows NT 10.0; Win64; x64) AppleWebKit/537.36 (KHTML, like Gecko) Chrome/72.0.3626.25 Safari/537.36", "Accept-Charset": "ISO-8859-1,utf-8;q=0.7,*;q=0.7", "Accept": "text/html,application/xhtml+xml,application/xml;q=0.9,*/*;q=0.8", "Accept-Encoding": "gzip, deflate", "Accept-Language": "en-us,en;q=0.5"}}, {"format_id": "134", "url": "https://r6---sn-5njj-u2xl.googlevideo.com/videoplayback?expire=1611764429&ei=bT4RYMeUM9Wfs8IPy5-G6Aw&ip=140.109.135.76&id=o-AEhfH9k5QmfL6htmYB-IzSlFG9N28EW3jPerZ4NuXbps&itag=134&aitags=133%2C134%2C135%2C136%2C137%2C160%2C242%2C243%2C244%2C247%2C248%2C278&source=youtube&requiressl=yes&mh=jb&mm=31%2C29&mn=sn-5njj-u2xl%2Csn-un57sn7s&ms=au%2Crdu&mv=m&mvi=6&pcm2cms=yes&pl=16&initcwndbps=546250&vprv=1&mime=video%2Fmp4&ns=HaXUEQHxsXzONr2BPypubAQF&gir=yes&clen=5898168&dur=264.520&lmt=1607137181352624&mt=1611742362&fvip=6&keepalive=yes&c=WEB&txp=5432432&n=hpWzeALdvFyNRBJHP1cE&sparams=expire%2Cei%2Cip%2Cid%2Caitags%2Csource%2Crequiressl%2Cvprv%2Cmime%2Cns%2Cgir%2Cclen%2Cdur%2Clmt&sig=AOq0QJ8wRQIgFqwsrI_Xg28ygoxLC8eilMh6voUDiDIgtmNuREIuBIwCIQC1JIczpmMZDYeTXiuHyb8JhftjfJKxsang_mKCAPgf3Q%3D%3D&lsparams=mh%2Cmm%2Cmn%2Cms%2Cmv%2Cmvi%2Cpcm2cms%2Cpl%2Cinitcwndbps&lsig=AG3C_xAwRAIgYy0x7IdazT5kA-klzaKTqNBqQ8hrllPlEhcXQXPbsxECIHaUEZpDFeQ1BqiQWT55hPWTk2CY7jFXzPAa4nG9yz7t&ratebypass=yes", "player_url": null, "ext": "mp4", "height": 360, "format_note": "360p", "vcodec": "avc1.4d401e", "asr": null, "filesize": 5898168, "fps": 25, "tbr": 231.632, "width": 640, "acodec": "none", "downloader_options": {"http_chunk_size": 10485760}, "format": "134 - 640x360 (360p)", "protocol": "https", "http_headers": {"User-Agent": "Mozilla/5.0 (Windows NT 10.0; Win64; x64) AppleWebKit/537.36 (KHTML, like Gecko) Chrome/72.0.3626.25 Safari/537.36", "Accept-Charset": "ISO-8859-1,utf-8;q=0.7,*;q=0.7", "Accept": "text/html,application/xhtml+xml,application/xml;q=0.9,*/*;q=0.8", "Accept-Encoding": "gzip, deflate", "Accept-Language": "en-us,en;q=0.5"}}, {"format_id": "243", "url": "https://r6---sn-5njj-u2xl.googlevideo.com/videoplayback?expire=1611764429&ei=bT4RYMeUM9Wfs8IPy5-G6Aw&ip=140.109.135.76&id=o-AEhfH9k5QmfL6htmYB-IzSlFG9N28EW3jPerZ4NuXbps&itag=243&aitags=133%2C134%2C135%2C136%2C137%2C160%2C242%2C243%2C244%2C247%2C248%2C278&source=youtube&requiressl=yes&mh=jb&mm=31%2C29&mn=sn-5njj-u2xl%2Csn-un57sn7s&ms=au%2Crdu&mv=m&mvi=6&pcm2cms=yes&pl=16&initcwndbps=546250&vprv=1&mime=video%2Fwebm&ns=HaXUEQHxsXzONr2BPypubAQF&gir=yes&clen=10402600&dur=264.520&lmt=1541420346466342&mt=1611742362&fvip=6&keepalive=yes&c=WEB&txp=5432432&n=hpWzeALdvFyNRBJHP1cE&sparams=expire%2Cei%2Cip%2Cid%2Caitags%2Csource%2Crequiressl%2Cvprv%2Cmime%2Cns%2Cgir%2Cclen%2Cdur%2Clmt&sig=AOq0QJ8wRQIgfZhSCrIJZA2PnqT67tU4phICZBCdzbENkiq2phcuAdcCIQDzebOn1FcPpKAuCGVTqdRjpuuDhDcYwOzE3HLnXjfhfw%3D%3D&lsparams=mh%2Cmm%2Cmn%2Cms%2Cmv%2Cmvi%2Cpcm2cms%2Cpl%2Cinitcwndbps&lsig=AG3C_xAwRAIgYy0x7IdazT5kA-klzaKTqNBqQ8hrllPlEhcXQXPbsxECIHaUEZpDFeQ1BqiQWT55hPWTk2CY7jFXzPAa4nG9yz7t&ratebypass=yes", "player_url": null, "ext": "webm", "height": 360, "format_note": "360p", "vcodec": "vp9", "asr": null, "filesize": 10402600, "fps": 25, "tbr": 359.504, "width": 640, "acodec": "none", "downloader_options": {"http_chunk_size": 10485760}, "format": "243 - 640x360 (360p)", "protocol": "https", "http_headers": {"User-Agent": "Mozilla/5.0 (Windows NT 10.0; Win64; x64) AppleWebKit/537.36 (KHTML, like Gecko) Chrome/72.0.3626.25 Safari/537.36", "Accept-Charset": "ISO-8859-1,utf-8;q=0.7,*;q=0.7", "Accept": "text/html,application/xhtml+xml,application/xml;q=0.9,*/*;q=0.8", "Accept-Encoding": "gzip, deflate", "Accept-Language": "en-us,en;q=0.5"}}, {"format_id": "135", "url": "https://r6---sn-5njj-u2xl.googlevideo.com/videoplayback?expire=1611764429&ei=bT4RYMeUM9Wfs8IPy5-G6Aw&ip=140.109.135.76&id=o-AEhfH9k5QmfL6htmYB-IzSlFG9N28EW3jPerZ4NuXbps&itag=135&aitags=133%2C134%2C135%2C136%2C137%2C160%2C242%2C243%2C244%2C247%2C248%2C278&source=youtube&requiressl=yes&mh=jb&mm=31%2C29&mn=sn-5njj-u2xl%2Csn-un57sn7s&ms=au%2Crdu&mv=m&mvi=6&pcm2cms=yes&pl=16&initcwndbps=546250&vprv=1&mime=video%2Fmp4&ns=HaXUEQHxsXzONr2BPypubAQF&gir=yes&clen=10771725&dur=264.520&lmt=1607137181332807&mt=1611742362&fvip=6&keepalive=yes&c=WEB&txp=5432432&n=hpWzeALdvFyNRBJHP1cE&sparams=expire%2Cei%2Cip%2Cid%2Caitags%2Csource%2Crequiressl%2Cvprv%2Cmime%2Cns%2Cgir%2Cclen%2Cdur%2Clmt&sig=AOq0QJ8wRgIhAIvWYyQFeio7igsFWJpOauk9P0O0Elh9sXSgYRW0zjMsAiEAq1rr8pYXgv_3moqAu1wqJysoacz3bA5dspVscZcUolM%3D&lsparams=mh%2Cmm%2Cmn%2Cms%2Cmv%2Cmvi%2Cpcm2cms%2Cpl%2Cinitcwndbps&lsig=AG3C_xAwRAIgYy0x7IdazT5kA-klzaKTqNBqQ8hrllPlEhcXQXPbsxECIHaUEZpDFeQ1BqiQWT55hPWTk2CY7jFXzPAa4nG9yz7t&ratebypass=yes", "player_url": null, "ext": "mp4", "height": 480, "format_note": "480p", "vcodec": "avc1.4d401e", "asr": null, "filesize": 10771725, "fps": 25, "tbr": 517.604, "width": 854, "acodec": "none", "downloader_options": {"http_chunk_size": 10485760}, "format": "135 - 854x480 (480p)", "protocol": "https", "http_headers": {"User-Agent": "Mozilla/5.0 (Windows NT 10.0; Win64; x64) AppleWebKit/537.36 (KHTML, like Gecko) Chrome/72.0.3626.25 Safari/537.36", "Accept-Charset": "ISO-8859-1,utf-8;q=0.7,*;q=0.7", "Accept": "text/html,application/xhtml+xml,application/xml;q=0.9,*/*;q=0.8", "Accept-Encoding": "gzip, deflate", "Accept-Language": "en-us,en;q=0.5"}}, {"format_id": "244", "url": "https://r6---sn-5njj-u2xl.googlevideo.com/videoplayback?expire=1611764429&ei=bT4RYMeUM9Wfs8IPy5-G6Aw&ip=140.109.135.76&id=o-AEhfH9k5QmfL6htmYB-IzSlFG9N28EW3jPerZ4NuXbps&itag=244&aitags=133%2C134%2C135%2C136%2C137%2C160%2C242%2C243%2C244%2C247%2C248%2C278&source=youtube&requiressl=yes&mh=jb&mm=31%2C29&mn=sn-5njj-u2xl%2Csn-un57sn7s&ms=au%2Crdu&mv=m&mvi=6&pcm2cms=yes&pl=16&initcwndbps=546250&vprv=1&mime=video%2Fwebm&ns=HaXUEQHxsXzONr2BPypubAQF&gir=yes&clen=19231179&dur=264.520&lmt=1541420346468392&mt=1611742362&fvip=6&keepalive=yes&c=WEB&txp=5432432&n=hpWzeALdvFyNRBJHP1cE&sparams=expire%2Cei%2Cip%2Cid%2Caitags%2Csource%2Crequiressl%2Cvprv%2Cmime%2Cns%2Cgir%2Cclen%2Cdur%2Clmt&sig=AOq0QJ8wRQIhAMp-O3CzWjC1rxJZaB_hKIRzZI7pamjnunqTVlBeZ9l_AiAnU1vvJ3PgEk5ZpT-J9gZzkLYba32CU3mIbIcg4EykoA%3D%3D&lsparams=mh%2Cmm%2Cmn%2Cms%2Cmv%2Cmvi%2Cpcm2cms%2Cpl%2Cinitcwndbps&lsig=AG3C_xAwRAIgYy0x7IdazT5kA-klzaKTqNBqQ8hrllPlEhcXQXPbsxECIHaUEZpDFeQ1BqiQWT55hPWTk2CY7jFXzPAa4nG9yz7t&ratebypass=yes", "player_url": null, "ext": "webm", "height": 480, "format_note": "480p", "vcodec": "vp9", "asr": null, "filesize": 19231179, "fps": 25, "tbr": 668.823, "width": 854, "acodec": "none", "downloader_options": {"http_chunk_size": 10485760}, "format": "244 - 854x480 (480p)", "protocol": "https", "http_headers": {"User-Agent": "Mozilla/5.0 (Windows NT 10.0; Win64; x64) AppleWebKit/537.36 (KHTML, like Gecko) Chrome/72.0.3626.25 Safari/537.36", "Accept-Charset": "ISO-8859-1,utf-8;q=0.7,*;q=0.7", "Accept": "text/html,application/xhtml+xml,application/xml;q=0.9,*/*;q=0.8", "Accept-Encoding": "gzip, deflate", "Accept-Language": "en-us,en;q=0.5"}}, {"format_id": "136", "url": "https://r6---sn-5njj-u2xl.googlevideo.com/videoplayback?expire=1611764429&ei=bT4RYMeUM9Wfs8IPy5-G6Aw&ip=140.109.135.76&id=o-AEhfH9k5QmfL6htmYB-IzSlFG9N28EW3jPerZ4NuXbps&itag=136&aitags=133%2C134%2C135%2C136%2C137%2C160%2C242%2C243%2C244%2C247%2C248%2C278&source=youtube&requiressl=yes&mh=jb&mm=31%2C29&mn=sn-5njj-u2xl%2Csn-un57sn7s&ms=au%2Crdu&mv=m&mvi=6&pcm2cms=yes&pl=16&initcwndbps=546250&vprv=1&mime=video%2Fmp4&ns=HaXUEQHxsXzONr2BPypubAQF&gir=yes&clen=19062845&dur=264.520&lmt=1607137181304637&mt=1611742362&fvip=6&keepalive=yes&c=WEB&txp=5432432&n=hpWzeALdvFyNRBJHP1cE&sparams=expire%2Cei%2Cip%2Cid%2Caitags%2Csource%2Crequiressl%2Cvprv%2Cmime%2Cns%2Cgir%2Cclen%2Cdur%2Clmt&sig=AOq0QJ8wRQIgSXITYlF7Uq778UL9t4yUvgd2htjwj93mep-wp0pDC4UCIQCsUV0PLwa5fXmehqsHtycX75iSLQfxoYOvSc-NyKmoew%3D%3D&lsparams=mh%2Cmm%2Cmn%2Cms%2Cmv%2Cmvi%2Cpcm2cms%2Cpl%2Cinitcwndbps&lsig=AG3C_xAwRAIgYy0x7IdazT5kA-klzaKTqNBqQ8hrllPlEhcXQXPbsxECIHaUEZpDFeQ1BqiQWT55hPWTk2CY7jFXzPAa4nG9yz7t&ratebypass=yes", "player_url": null, "ext": "mp4", "height": 720, "format_note": "720p", "vcodec": "avc1.4d401f", "asr": null, "filesize": 19062845, "fps": 25, "tbr": 1093.262, "width": 1280, "acodec": "none", "downloader_options": {"http_chunk_size": 10485760}, "format": "136 - 1280x720 (720p)", "protocol": "https", "http_headers": {"User-Agent": "Mozilla/5.0 (Windows NT 10.0; Win64; x64) AppleWebKit/537.36 (KHTML, like Gecko) Chrome/72.0.3626.25 Safari/537.36", "Accept-Charset": "ISO-8859-1,utf-8;q=0.7,*;q=0.7", "Accept": "text/html,application/xhtml+xml,application/xml;q=0.9,*/*;q=0.8", "Accept-Encoding": "gzip, deflate", "Accept-Language": "en-us,en;q=0.5"}}, {"format_id": "247", "url": "https://r6---sn-5njj-u2xl.googlevideo.com/videoplayback?expire=1611764429&ei=bT4RYMeUM9Wfs8IPy5-G6Aw&ip=140.109.135.76&id=o-AEhfH9k5QmfL6htmYB-IzSlFG9N28EW3jPerZ4NuXbps&itag=247&aitags=133%2C134%2C135%2C136%2C137%2C160%2C242%2C243%2C244%2C247%2C248%2C278&source=youtube&requiressl=yes&mh=jb&mm=31%2C29&mn=sn-5njj-u2xl%2Csn-un57sn7s&ms=au%2Crdu&mv=m&mvi=6&pcm2cms=yes&pl=16&initcwndbps=546250&vprv=1&mime=video%2Fwebm&ns=HaXUEQHxsXzONr2BPypubAQF&gir=yes&clen=44362722&dur=264.520&lmt=1541420346478015&mt=1611742362&fvip=6&keepalive=yes&c=WEB&txp=5432432&n=hpWzeALdvFyNRBJHP1cE&sparams=expire%2Cei%2Cip%2Cid%2Caitags%2Csource%2Crequiressl%2Cvprv%2Cmime%2Cns%2Cgir%2Cclen%2Cdur%2Clmt&sig=AOq0QJ8wRQIgWp2Cb9tD5NGwwBPhzbhlYmkXhcDYj1btFaxgu3YTWagCIQC139ae3Wfjf-JNQsPRLPKVG043hVxPp_IfrfX0Acx52w%3D%3D&lsparams=mh%2Cmm%2Cmn%2Cms%2Cmv%2Cmvi%2Cpcm2cms%2Cpl%2Cinitcwndbps&lsig=AG3C_xAwRAIgYy0x7IdazT5kA-klzaKTqNBqQ8hrllPlEhcXQXPbsxECIHaUEZpDFeQ1BqiQWT55hPWTk2CY7jFXzPAa4nG9yz7t&ratebypass=yes", "player_url": null, "ext": "webm", "height": 720, "format_note": "720p", "vcodec": "vp9", "asr": null, "filesize": 44362722, "fps": 25, "tbr": 1467.829, "width": 1280, "acodec": "none", "downloader_options": {"http_chunk_size": 10485760}, "format": "247 - 1280x720 (720p)", "protocol": "https", "http_headers": {"User-Agent": "Mozilla/5.0 (Windows NT 10.0; Win64; x64) AppleWebKit/537.36 (KHTML, like Gecko) Chrome/72.0.3626.25 Safari/537.36", "Accept-Charset": "ISO-8859-1,utf-8;q=0.7,*;q=0.7", "Accept": "text/html,application/xhtml+xml,application/xml;q=0.9,*/*;q=0.8", "Accept-Encoding": "gzip, deflate", "Accept-Language": "en-us,en;q=0.5"}}, {"format_id": "137", "url": "https://r6---sn-5njj-u2xl.googlevideo.com/videoplayback?expire=1611764429&ei=bT4RYMeUM9Wfs8IPy5-G6Aw&ip=140.109.135.76&id=o-AEhfH9k5QmfL6htmYB-IzSlFG9N28EW3jPerZ4NuXbps&itag=137&aitags=133%2C134%2C135%2C136%2C137%2C160%2C242%2C243%2C244%2C247%2C248%2C278&source=youtube&requiressl=yes&mh=jb&mm=31%2C29&mn=sn-5njj-u2xl%2Csn-un57sn7s&ms=au%2Crdu&mv=m&mvi=6&pcm2cms=yes&pl=16&initcwndbps=546250&vprv=1&mime=video%2Fmp4&ns=HaXUEQHxsXzONr2BPypubAQF&gir=yes&clen=64970961&dur=264.520&lmt=1607137120730245&mt=1611742362&fvip=6&keepalive=yes&c=WEB&txp=5432432&n=hpWzeALdvFyNRBJHP1cE&sparams=expire%2Cei%2Cip%2Cid%2Caitags%2Csource%2Crequiressl%2Cvprv%2Cmime%2Cns%2Cgir%2Cclen%2Cdur%2Clmt&sig=AOq0QJ8wRQIgQNl5OwjHvl0sa2EQOSJlCyhoeHZvZo2b4Z7K42cZmrgCIQClJAF0rYiHOhf7NwCW4rsDgo_9jTUU_2TUOx0t5K2j-g%3D%3D&lsparams=mh%2Cmm%2Cmn%2Cms%2Cmv%2Cmvi%2Cpcm2cms%2Cpl%2Cinitcwndbps&lsig=AG3C_xAwRAIgYy0x7IdazT5kA-klzaKTqNBqQ8hrllPlEhcXQXPbsxECIHaUEZpDFeQ1BqiQWT55hPWTk2CY7jFXzPAa4nG9yz7t&ratebypass=yes", "player_url": null, "ext": "mp4", "height": 1080, "format_note": "1080p", "vcodec": "avc1.640028", "asr": null, "filesize": 64970961, "fps": 25, "tbr": 2436.348, "width": 1920, "acodec": "none", "downloader_options": {"http_chunk_size": 10485760}, "format": "137 - 1920x1080 (1080p)", "protocol": "https", "http_headers": {"User-Agent": "Mozilla/5.0 (Windows NT 10.0; Win64; x64) AppleWebKit/537.36 (KHTML, like Gecko) Chrome/72.0.3626.25 Safari/537.36", "Accept-Charset": "ISO-8859-1,utf-8;q=0.7,*;q=0.7", "Accept": "text/html,application/xhtml+xml,application/xml;q=0.9,*/*;q=0.8", "Accept-Encoding": "gzip, deflate", "Accept-Language": "en-us,en;q=0.5"}}, {"format_id": "248", "url": "https://r6---sn-5njj-u2xl.googlevideo.com/videoplayback?expire=1611764429&ei=bT4RYMeUM9Wfs8IPy5-G6Aw&ip=140.109.135.76&id=o-AEhfH9k5QmfL6htmYB-IzSlFG9N28EW3jPerZ4NuXbps&itag=248&aitags=133%2C134%2C135%2C136%2C137%2C160%2C242%2C243%2C244%2C247%2C248%2C278&source=youtube&requiressl=yes&mh=jb&mm=31%2C29&mn=sn-5njj-u2xl%2Csn-un57sn7s&ms=au%2Crdu&mv=m&mvi=6&pcm2cms=yes&pl=16&initcwndbps=546250&vprv=1&mime=video%2Fwebm&ns=HaXUEQHxsXzONr2BPypubAQF&gir=yes&clen=81533434&dur=264.520&lmt=1541418785284147&mt=1611742362&fvip=6&keepalive=yes&c=WEB&txp=5432432&n=hpWzeALdvFyNRBJHP1cE&sparams=expire%2Cei%2Cip%2Cid%2Caitags%2Csource%2Crequiressl%2Cvprv%2Cmime%2Cns%2Cgir%2Cclen%2Cdur%2Clmt&sig=AOq0QJ8wRgIhAMM0IY21Z60k_SlUQVfid1rdtARQC5H2cq3CL5xjBzwgAiEArFqJIW5DWu9bV8Nw0bevKjZ_7V7irlon1NfYpTxJXaM%3D&lsparams=mh%2Cmm%2Cmn%2Cms%2Cmv%2Cmvi%2Cpcm2cms%2Cpl%2Cinitcwndbps&lsig=AG3C_xAwRAIgYy0x7IdazT5kA-klzaKTqNBqQ8hrllPlEhcXQXPbsxECIHaUEZpDFeQ1BqiQWT55hPWTk2CY7jFXzPAa4nG9yz7t&ratebypass=yes", "player_url": null, "ext": "webm", "height": 1080, "format_note": "1080p", "vcodec": "vp9", "asr": null, "filesize": 81533434, "fps": 25, "tbr": 2617.796, "width": 1920, "acodec": "none", "downloader_options": {"http_chunk_size": 10485760}, "format": "248 - 1920x1080 (1080p)", "protocol": "https", "http_headers": {"User-Agent": "Mozilla/5.0 (Windows NT 10.0; Win64; x64) AppleWebKit/537.36 (KHTML, like Gecko) Chrome/72.0.3626.25 Safari/537.36", "Accept-Charset": "ISO-8859-1,utf-8;q=0.7,*;q=0.7", "Accept": "text/html,application/xhtml+xml,application/xml;q=0.9,*/*;q=0.8", "Accept-Encoding": "gzip, deflate", "Accept-Language": "en-us,en;q=0.5"}}, {"format_id": "18", "url": "https://r6---sn-5njj-u2xl.googlevideo.com/videoplayback?expire=1611764429&ei=bT4RYMeUM9Wfs8IPy5-G6Aw&ip=140.109.135.76&id=o-AEhfH9k5QmfL6htmYB-IzSlFG9N28EW3jPerZ4NuXbps&itag=18&source=youtube&requiressl=yes&mh=jb&mm=31%2C29&mn=sn-5njj-u2xl%2Csn-un57sn7s&ms=au%2Crdu&mv=m&mvi=6&pcm2cms=yes&pl=16&initcwndbps=546250&vprv=1&mime=video%2Fmp4&ns=7ClTR59XiLnTxFm5cLlp2SgF&gir=yes&clen=19208492&ratebypass=yes&dur=264.591&lmt=1541418326089854&mt=1611742362&fvip=6&c=WEB&txp=5431432&n=_HWv4ZZW0Q1tBSn7RP2N&sparams=expire%2Cei%2Cip%2Cid%2Citag%2Csource%2Crequiressl%2Cvprv%2Cmime%2Cns%2Cgir%2Cclen%2Cratebypass%2Cdur%2Clmt&sig=AOq0QJ8wRAIgeEICax-MRLXv6JbIEEdZAofkQGuO3s2cw0i6kPFKuP4CIAGnApi9TeX1rUNtvHpyp2INn-XQ5DGsXIsFOCeQWiHC&lsparams=mh%2Cmm%2Cmn%2Cms%2Cmv%2Cmvi%2Cpcm2cms%2Cpl%2Cinitcwndbps&lsig=AG3C_xAwRAIgYy0x7IdazT5kA-klzaKTqNBqQ8hrllPlEhcXQXPbsxECIHaUEZpDFeQ1BqiQWT55hPWTk2CY7jFXzPAa4nG9yz7t", "player_url": null, "ext": "mp4", "width": 640, "height": 360, "acodec": "mp4a.40.2", "abr": 96, "vcodec": "avc1.42001E", "asr": 44100, "filesize": 19208492, "format_note": "360p", "fps": 25, "tbr": 580.931, "format": "18 - 640x360 (360p)", "protocol": "https", "http_headers": {"User-Agent": "Mozilla/5.0 (Windows NT 10.0; Win64; x64) AppleWebKit/537.36 (KHTML, like Gecko) Chrome/72.0.3626.25 Safari/537.36", "Accept-Charset": "ISO-8859-1,utf-8;q=0.7,*;q=0.7", "Accept": "text/html,application/xhtml+xml,application/xml;q=0.9,*/*;q=0.8", "Accept-Encoding": "gzip, deflate", "Accept-Language": "en-us,en;q=0.5"}}], "is_live": null, "start_time": null, "end_time": null, "series": null, "season_number": null, "episode_number": null, "track": null, "artist": null, "album": null, "release_date": null, "release_year": null, "extractor": "youtube", "webpage_url_basename": "watch", "extractor_key": "Youtube", "playlist": null, "playlist_index": null, "thumbnail": "https://i.ytimg.com/vi_webp/D-gDPh9ZpFk/maxresdefault.webp", "display_id": "D-gDPh9ZpFk", "requested_subtitles": null, "format_id": "251", "url": "https://r6---sn-5njj-u2xl.googlevideo.com/videoplayback?expire=1611764429&ei=bT4RYMeUM9Wfs8IPy5-G6Aw&ip=140.109.135.76&id=o-AEhfH9k5QmfL6htmYB-IzSlFG9N28EW3jPerZ4NuXbps&itag=251&source=youtube&requiressl=yes&mh=jb&mm=31%2C29&mn=sn-5njj-u2xl%2Csn-un57sn7s&ms=au%2Crdu&mv=m&mvi=6&pcm2cms=yes&pl=16&initcwndbps=546250&vprv=1&mime=audio%2Fwebm&ns=HaXUEQHxsXzONr2BPypubAQF&gir=yes&clen=4982031&dur=264.541&lmt=1541420685125489&mt=1611742362&fvip=6&keepalive=yes&c=WEB&txp=5411222&n=hpWzeALdvFyNRBJHP1cE&sparams=expire%2Cei%2Cip%2Cid%2Citag%2Csource%2Crequiressl%2Cvprv%2Cmime%2Cns%2Cgir%2Cclen%2Cdur%2Clmt&sig=AOq0QJ8wRQIhALyVk8Qiju_S_7f6nqR5xRWw7pXlSFJunHpIvGdUgywmAiApWU5KnJrJ4uLfxXmTcKLyg1tfaDGwCJ3doAFmoli7aQ%3D%3D&lsparams=mh%2Cmm%2Cmn%2Cms%2Cmv%2Cmvi%2Cpcm2cms%2Cpl%2Cinitcwndbps&lsig=AG3C_xAwRAIgYy0x7IdazT5kA-klzaKTqNBqQ8hrllPlEhcXQXPbsxECIHaUEZpDFeQ1BqiQWT55hPWTk2CY7jFXzPAa4nG9yz7t&ratebypass=yes", "player_url": null, "ext": "webm", "format_note": "tiny", "acodec": "opus", "abr": 160, "asr": 48000, "filesize": 4982031, "fps": null, "height": null, "tbr": 163.272, "width": null, "vcodec": "none", "downloader_options": {"http_chunk_size": 10485760}, "format": "251 - audio only (tiny)", "protocol": "https", "http_headers": {"User-Agent": "Mozilla/5.0 (Windows NT 10.0; Win64; x64) AppleWebKit/537.36 (KHTML, like Gecko) Chrome/72.0.3626.25 Safari/537.36", "Accept-Charset": "ISO-8859-1,utf-8;q=0.7,*;q=0.7", "Accept": "text/html,application/xhtml+xml,application/xml;q=0.9,*/*;q=0.8", "Accept-Encoding": "gzip, deflate", "Accept-Language": "en-us,en;q=0.5"}}