{"id": "DYBBfpEx-JI", "uploader": "Jason Lam Music", "uploader_id": "TheJasonlam1995", "uploader_url": "http://www.youtube.com/user/TheJasonlam1995", "channel_id": "UChRZQXtKLgpyFacVHOxgPCA", "channel_url": "http://www.youtube.com/channel/UChRZQXtKLgpyFacVHOxgPCA", "upload_date": "20171111", "license": null, "creator": null, "title": "Main Themes- Thor Medley (Piano)", "alt_title": null, "thumbnails": [{"url": "https://i.ytimg.com/vi/DYBBfpEx-JI/hqdefault.jpg?sqp=-oaymwEYCKgBEF5IVfKriqkDCwgBFQAAiEIYAXAB&rs=AOn4CLDfEKaEKa_3tU5DvmFllxuGcJUm6w", "width": 168, "height": 94, "resolution": "168x94", "id": "0"}, {"url": "https://i.ytimg.com/vi/DYBBfpEx-JI/hqdefault.jpg?sqp=-oaymwEYCMQBEG5IVfKriqkDCwgBFQAAiEIYAXAB&rs=AOn4CLDUttwwPLudVareIxqwd2FQw8iMKQ", "width": 196, "height": 110, "resolution": "196x110", "id": "1"}, {"url": "https://i.ytimg.com/vi/DYBBfpEx-JI/hqdefault.jpg?sqp=-oaymwEZCPYBEIoBSFXyq4qpAwsIARUAAIhCGAFwAQ==&rs=AOn4CLDXR7ElA1zxrYm4monpO34lQCDiPQ", "width": 246, "height": 138, "resolution": "246x138", "id": "2"}, {"url": "https://i.ytimg.com/vi/DYBBfpEx-JI/hqdefault.jpg?sqp=-oaymwEZCNACELwBSFXyq4qpAwsIARUAAIhCGAFwAQ==&rs=AOn4CLBrR8pDd9qKAubDNcDuTLnOGFcNFA", "width": 336, "height": 188, "resolution": "336x188", "id": "3"}, {"url": "https://i.ytimg.com/vi_webp/DYBBfpEx-JI/maxresdefault.webp", "width": 1920, "height": 1080, "resolution": "1920x1080", "id": "4"}], "description": "Main Themes from Thor, Thor: The Dark World and Thor: Ragnarok are composed by Patrick Doyle, Brian Tyler and Mark Mothersbaugh, cover arranged for solo piano.\n\nSheet music available for purchase: https://payhip.com/jasonlammusic\n\nLearn how to play piano through Flowkey \u25ba https://tinyurl.com/jasonlam-flowkey\n\n\nSubscribe to my YouTube: https://www.youtube.com/c/JasonLamArrangements \nLike my Facebook: https://www.facebook.com/jasonlammusic", "categories": ["Music"], "tags": null, "subtitles": {}, "automatic_captions": {}, "duration": 267, "age_limit": 0, "annotations": null, "chapters": null, "webpage_url": "https://www.youtube.com/watch?v=DYBBfpEx-JI", "view_count": 23520, "like_count": 442, "dislike_count": 14, "average_rating": 4.877193, "formats": [{"format_id": "249", "url": "https://r3---sn-5njj-u2xe.googlevideo.com/videoplayback?expire=1610981538&ei=QkwFYKf-CI2DrQTahLe4CQ&ip=140.109.135.76&id=o-AG77EZYlaqZETaVuAo1AXtShL0Fxt0IXBVnT1L2a2o4R&itag=249&source=youtube&requiressl=yes&mh=aq&mm=31%2C29&mn=sn-5njj-u2xe%2Csn-un57en7e&ms=au%2Crdu&mv=m&mvi=3&pl=16&initcwndbps=535000&vprv=1&mime=audio%2Fwebm&ns=CnV-mJSLSl-1jPPVQLa3ZfQF&gir=yes&clen=1917188&dur=266.661&lmt=1509499871558825&mt=1610959485&fvip=3&keepalive=yes&c=WEB&n=VjCrOdd_wHQBNp&sparams=expire%2Cei%2Cip%2Cid%2Citag%2Csource%2Crequiressl%2Cvprv%2Cmime%2Cns%2Cgir%2Cclen%2Cdur%2Clmt&sig=AOq0QJ8wRQIgT1QI8j1q8bV4nnpnC2v0ZjXEENJw1HxU6xLqNKnbMjkCIQDHwfvR5oDLSSrKWXFXf1di8y1EeXWr0VMhbT-eQHTiUQ%3D%3D&lsparams=mh%2Cmm%2Cmn%2Cms%2Cmv%2Cmvi%2Cpl%2Cinitcwndbps&lsig=AG3C_xAwRgIhAIRL0hMr8rJVnta-hn7funAn-2PyrGJBFFEyIF5ZhB1MAiEAlv8Zt2TlnZtyR-qrVS3nANPUexrx_y1Ua15GwYrPgFA%3D&ratebypass=yes", "player_url": null, "ext": "webm", "format_note": "tiny", "acodec": "opus", "abr": 50, "asr": 48000, "filesize": 1917188, "fps": null, "height": null, "tbr": 67.083, "width": null, "vcodec": "none", "downloader_options": {"http_chunk_size": 10485760}, "format": "249 - audio only (tiny)", "protocol": "https", "http_headers": {"User-Agent": "Mozilla/5.0 (Windows NT 10.0; Win64; x64) AppleWebKit/537.36 (KHTML, like Gecko) Chrome/74.0.3729.120 Safari/537.36", "Accept-Charset": "ISO-8859-1,utf-8;q=0.7,*;q=0.7", "Accept": "text/html,application/xhtml+xml,application/xml;q=0.9,*/*;q=0.8", "Accept-Encoding": "gzip, deflate", "Accept-Language": "en-us,en;q=0.5"}}, {"format_id": "250", "url": "https://r3---sn-5njj-u2xe.googlevideo.com/videoplayback?expire=1610981538&ei=QkwFYKf-CI2DrQTahLe4CQ&ip=140.109.135.76&id=o-AG77EZYlaqZETaVuAo1AXtShL0Fxt0IXBVnT1L2a2o4R&itag=250&source=youtube&requiressl=yes&mh=aq&mm=31%2C29&mn=sn-5njj-u2xe%2Csn-un57en7e&ms=au%2Crdu&mv=m&mvi=3&pl=16&initcwndbps=535000&vprv=1&mime=audio%2Fwebm&ns=CnV-mJSLSl-1jPPVQLa3ZfQF&gir=yes&clen=2554752&dur=266.661&lmt=1509499867616510&mt=1610959485&fvip=3&keepalive=yes&c=WEB&n=VjCrOdd_wHQBNp&sparams=expire%2Cei%2Cip%2Cid%2Citag%2Csource%2Crequiressl%2Cvprv%2Cmime%2Cns%2Cgir%2Cclen%2Cdur%2Clmt&sig=AOq0QJ8wRQIgJ-97ElDQPB_tYxWPVHV_j8Hp4tABfl0bumg9OQa0S24CIQDekla4kcYQoWa5_GueYHJ23MIJzS670SJBkK9mJpnY5w%3D%3D&lsparams=mh%2Cmm%2Cmn%2Cms%2Cmv%2Cmvi%2Cpl%2Cinitcwndbps&lsig=AG3C_xAwRgIhAIRL0hMr8rJVnta-hn7funAn-2PyrGJBFFEyIF5ZhB1MAiEAlv8Zt2TlnZtyR-qrVS3nANPUexrx_y1Ua15GwYrPgFA%3D&ratebypass=yes", "player_url": null, "ext": "webm", "format_note": "tiny", "acodec": "opus", "abr": 70, "asr": 48000, "filesize": 2554752, "fps": null, "height": null, "tbr": 88.041, "width": null, "vcodec": "none", "downloader_options": {"http_chunk_size": 10485760}, "format": "250 - audio only (tiny)", "protocol": "https", "http_headers": {"User-Agent": "Mozilla/5.0 (Windows NT 10.0; Win64; x64) AppleWebKit/537.36 (KHTML, like Gecko) Chrome/74.0.3729.120 Safari/537.36", "Accept-Charset": "ISO-8859-1,utf-8;q=0.7,*;q=0.7", "Accept": "text/html,application/xhtml+xml,application/xml;q=0.9,*/*;q=0.8", "Accept-Encoding": "gzip, deflate", "Accept-Language": "en-us,en;q=0.5"}}, {"format_id": "140", "url": "https://r3---sn-5njj-u2xe.googlevideo.com/videoplayback?expire=1610981538&ei=QkwFYKf-CI2DrQTahLe4CQ&ip=140.109.135.76&id=o-AG77EZYlaqZETaVuAo1AXtShL0Fxt0IXBVnT1L2a2o4R&itag=140&source=youtube&requiressl=yes&mh=aq&mm=31%2C29&mn=sn-5njj-u2xe%2Csn-un57en7e&ms=au%2Crdu&mv=m&mvi=3&pl=16&initcwndbps=535000&vprv=1&mime=audio%2Fmp4&ns=CnV-mJSLSl-1jPPVQLa3ZfQF&gir=yes&clen=4236568&dur=266.704&lmt=1509496533335688&mt=1610959485&fvip=3&keepalive=yes&c=WEB&n=VjCrOdd_wHQBNp&sparams=expire%2Cei%2Cip%2Cid%2Citag%2Csource%2Crequiressl%2Cvprv%2Cmime%2Cns%2Cgir%2Cclen%2Cdur%2Clmt&sig=AOq0QJ8wRQIhAPL1J-uRRVJBGOPDZxi9lAJ-NRuCTgx_3yTabLbZWtUOAiAuTlJ-9ukMXXhJmQ0378z3nn2uQ8yAjziIMQsnnMl0Dw%3D%3D&lsparams=mh%2Cmm%2Cmn%2Cms%2Cmv%2Cmvi%2Cpl%2Cinitcwndbps&lsig=AG3C_xAwRgIhAIRL0hMr8rJVnta-hn7funAn-2PyrGJBFFEyIF5ZhB1MAiEAlv8Zt2TlnZtyR-qrVS3nANPUexrx_y1Ua15GwYrPgFA%3D&ratebypass=yes", "player_url": null, "ext": "m4a", "format_note": "tiny", "acodec": "mp4a.40.2", "abr": 128, "container": "m4a_dash", "asr": 44100, "filesize": 4236568, "fps": null, "height": null, "tbr": 128.076, "width": null, "vcodec": "none", "downloader_options": {"http_chunk_size": 10485760}, "format": "140 - audio only (tiny)", "protocol": "https", "http_headers": {"User-Agent": "Mozilla/5.0 (Windows NT 10.0; Win64; x64) AppleWebKit/537.36 (KHTML, like Gecko) Chrome/74.0.3729.120 Safari/537.36", "Accept-Charset": "ISO-8859-1,utf-8;q=0.7,*;q=0.7", "Accept": "text/html,application/xhtml+xml,application/xml;q=0.9,*/*;q=0.8", "Accept-Encoding": "gzip, deflate", "Accept-Language": "en-us,en;q=0.5"}}, {"format_id": "251", "url": "https://r3---sn-5njj-u2xe.googlevideo.com/videoplayback?expire=1610981538&ei=QkwFYKf-CI2DrQTahLe4CQ&ip=140.109.135.76&id=o-AG77EZYlaqZETaVuAo1AXtShL0Fxt0IXBVnT1L2a2o4R&itag=251&source=youtube&requiressl=yes&mh=aq&mm=31%2C29&mn=sn-5njj-u2xe%2Csn-un57en7e&ms=au%2Crdu&mv=m&mvi=3&pl=16&initcwndbps=535000&vprv=1&mime=audio%2Fwebm&ns=CnV-mJSLSl-1jPPVQLa3ZfQF&gir=yes&clen=4907272&dur=266.661&lmt=1509499873569878&mt=1610959485&fvip=3&keepalive=yes&c=WEB&n=VjCrOdd_wHQBNp&sparams=expire%2Cei%2Cip%2Cid%2Citag%2Csource%2Crequiressl%2Cvprv%2Cmime%2Cns%2Cgir%2Cclen%2Cdur%2Clmt&sig=AOq0QJ8wRgIhAPgeRhJv2yMY-qEtPKQGDoKm8JHoOHHsbOVQS_lMD5-pAiEAgn_t4RtOPsSdmAHZFPFcB7dPzGI56ve_fNKqrMM45Bw%3D&lsparams=mh%2Cmm%2Cmn%2Cms%2Cmv%2Cmvi%2Cpl%2Cinitcwndbps&lsig=AG3C_xAwRgIhAIRL0hMr8rJVnta-hn7funAn-2PyrGJBFFEyIF5ZhB1MAiEAlv8Zt2TlnZtyR-qrVS3nANPUexrx_y1Ua15GwYrPgFA%3D&ratebypass=yes", "player_url": null, "ext": "webm", "format_note": "tiny", "acodec": "opus", "abr": 160, "asr": 48000, "filesize": 4907272, "fps": null, "height": null, "tbr": 165.439, "width": null, "vcodec": "none", "downloader_options": {"http_chunk_size": 10485760}, "format": "251 - audio only (tiny)", "protocol": "https", "http_headers": {"User-Agent": "Mozilla/5.0 (Windows NT 10.0; Win64; x64) AppleWebKit/537.36 (KHTML, like Gecko) Chrome/74.0.3729.120 Safari/537.36", "Accept-Charset": "ISO-8859-1,utf-8;q=0.7,*;q=0.7", "Accept": "text/html,application/xhtml+xml,application/xml;q=0.9,*/*;q=0.8", "Accept-Encoding": "gzip, deflate", "Accept-Language": "en-us,en;q=0.5"}}, {"format_id": "160", "url": "https://r3---sn-5njj-u2xe.googlevideo.com/videoplayback?expire=1610981538&ei=QkwFYKf-CI2DrQTahLe4CQ&ip=140.109.135.76&id=o-AG77EZYlaqZETaVuAo1AXtShL0Fxt0IXBVnT1L2a2o4R&itag=160&aitags=133%2C134%2C135%2C136%2C137%2C160%2C242%2C243%2C244%2C247%2C248%2C271%2C278%2C313&source=youtube&requiressl=yes&mh=aq&mm=31%2C29&mn=sn-5njj-u2xe%2Csn-un57en7e&ms=au%2Crdu&mv=m&mvi=3&pl=16&initcwndbps=535000&vprv=1&mime=video%2Fmp4&ns=CnV-mJSLSl-1jPPVQLa3ZfQF&gir=yes&clen=1690868&dur=266.640&lmt=1509496498191419&mt=1610959485&fvip=3&keepalive=yes&c=WEB&n=VjCrOdd_wHQBNp&sparams=expire%2Cei%2Cip%2Cid%2Caitags%2Csource%2Crequiressl%2Cvprv%2Cmime%2Cns%2Cgir%2Cclen%2Cdur%2Clmt&sig=AOq0QJ8wRgIhAJPsrh1fI7-PmkxCl1uzONW3a1QFmrIAgDR9vUNKmZvGAiEA9HmNtHY20B61jnFpTT1udfqqHukFgrgm5722IwnYuyU%3D&lsparams=mh%2Cmm%2Cmn%2Cms%2Cmv%2Cmvi%2Cpl%2Cinitcwndbps&lsig=AG3C_xAwRgIhAIRL0hMr8rJVnta-hn7funAn-2PyrGJBFFEyIF5ZhB1MAiEAlv8Zt2TlnZtyR-qrVS3nANPUexrx_y1Ua15GwYrPgFA%3D&ratebypass=yes", "player_url": null, "ext": "mp4", "height": 144, "format_note": "144p", "vcodec": "avc1.4d400c", "asr": null, "filesize": 1690868, "fps": 25, "tbr": 78.34, "width": 256, "acodec": "none", "downloader_options": {"http_chunk_size": 10485760}, "format": "160 - 256x144 (144p)", "protocol": "https", "http_headers": {"User-Agent": "Mozilla/5.0 (Windows NT 10.0; Win64; x64) AppleWebKit/537.36 (KHTML, like Gecko) Chrome/74.0.3729.120 Safari/537.36", "Accept-Charset": "ISO-8859-1,utf-8;q=0.7,*;q=0.7", "Accept": "text/html,application/xhtml+xml,application/xml;q=0.9,*/*;q=0.8", "Accept-Encoding": "gzip, deflate", "Accept-Language": "en-us,en;q=0.5"}}, {"format_id": "278", "url": "https://r3---sn-5njj-u2xe.googlevideo.com/videoplayback?expire=1610981538&ei=QkwFYKf-CI2DrQTahLe4CQ&ip=140.109.135.76&id=o-AG77EZYlaqZETaVuAo1AXtShL0Fxt0IXBVnT1L2a2o4R&itag=278&aitags=133%2C134%2C135%2C136%2C137%2C160%2C242%2C243%2C244%2C247%2C248%2C271%2C278%2C313&source=youtube&requiressl=yes&mh=aq&mm=31%2C29&mn=sn-5njj-u2xe%2Csn-un57en7e&ms=au%2Crdu&mv=m&mvi=3&pl=16&initcwndbps=535000&vprv=1&mime=video%2Fwebm&ns=CnV-mJSLSl-1jPPVQLa3ZfQF&gir=yes&clen=2838955&dur=266.640&lmt=1509497642754660&mt=1610959485&fvip=3&keepalive=yes&c=WEB&n=VjCrOdd_wHQBNp&sparams=expire%2Cei%2Cip%2Cid%2Caitags%2Csource%2Crequiressl%2Cvprv%2Cmime%2Cns%2Cgir%2Cclen%2Cdur%2Clmt&sig=AOq0QJ8wRgIhAIBCMW44hN0w5ABfu9r8kmDnd1FD7o-etn6opNn2IWDkAiEAijFlKtFLPCPyx12DRUDI7iym5Q-N538IjRHxalrxUr0%3D&lsparams=mh%2Cmm%2Cmn%2Cms%2Cmv%2Cmvi%2Cpl%2Cinitcwndbps&lsig=AG3C_xAwRgIhAIRL0hMr8rJVnta-hn7funAn-2PyrGJBFFEyIF5ZhB1MAiEAlv8Zt2TlnZtyR-qrVS3nANPUexrx_y1Ua15GwYrPgFA%3D&ratebypass=yes", "player_url": null, "ext": "webm", "height": 144, "format_note": "144p", "container": "webm", "vcodec": "vp9", "asr": null, "filesize": 2838955, "fps": 25, "tbr": 97.273, "width": 256, "acodec": "none", "downloader_options": {"http_chunk_size": 10485760}, "format": "278 - 256x144 (144p)", "protocol": "https", "http_headers": {"User-Agent": "Mozilla/5.0 (Windows NT 10.0; Win64; x64) AppleWebKit/537.36 (KHTML, like Gecko) Chrome/74.0.3729.120 Safari/537.36", "Accept-Charset": "ISO-8859-1,utf-8;q=0.7,*;q=0.7", "Accept": "text/html,application/xhtml+xml,application/xml;q=0.9,*/*;q=0.8", "Accept-Encoding": "gzip, deflate", "Accept-Language": "en-us,en;q=0.5"}}, {"format_id": "242", "url": "https://r3---sn-5njj-u2xe.googlevideo.com/videoplayback?expire=1610981538&ei=QkwFYKf-CI2DrQTahLe4CQ&ip=140.109.135.76&id=o-AG77EZYlaqZETaVuAo1AXtShL0Fxt0IXBVnT1L2a2o4R&itag=242&aitags=133%2C134%2C135%2C136%2C137%2C160%2C242%2C243%2C244%2C247%2C248%2C271%2C278%2C313&source=youtube&requiressl=yes&mh=aq&mm=31%2C29&mn=sn-5njj-u2xe%2Csn-un57en7e&ms=au%2Crdu&mv=m&mvi=3&pl=16&initcwndbps=535000&vprv=1&mime=video%2Fwebm&ns=CnV-mJSLSl-1jPPVQLa3ZfQF&gir=yes&clen=3529186&dur=266.640&lmt=1509497640830898&mt=1610959485&fvip=3&keepalive=yes&c=WEB&n=VjCrOdd_wHQBNp&sparams=expire%2Cei%2Cip%2Cid%2Caitags%2Csource%2Crequiressl%2Cvprv%2Cmime%2Cns%2Cgir%2Cclen%2Cdur%2Clmt&sig=AOq0QJ8wRQIhAN3nkIOlC6Wn4xTcKc5qgQ26_YfTDzfi3LS4ZIkkPxdVAiAD-EZyKHzma6QtgsvtB1QiSd_Xo8oIHjnIN0J_xtOXcQ%3D%3D&lsparams=mh%2Cmm%2Cmn%2Cms%2Cmv%2Cmvi%2Cpl%2Cinitcwndbps&lsig=AG3C_xAwRgIhAIRL0hMr8rJVnta-hn7funAn-2PyrGJBFFEyIF5ZhB1MAiEAlv8Zt2TlnZtyR-qrVS3nANPUexrx_y1Ua15GwYrPgFA%3D&ratebypass=yes", "player_url": null, "ext": "webm", "height": 240, "format_note": "240p", "vcodec": "vp9", "asr": null, "filesize": 3529186, "fps": 25, "tbr": 153.029, "width": 426, "acodec": "none", "downloader_options": {"http_chunk_size": 10485760}, "format": "242 - 426x240 (240p)", "protocol": "https", "http_headers": {"User-Agent": "Mozilla/5.0 (Windows NT 10.0; Win64; x64) AppleWebKit/537.36 (KHTML, like Gecko) Chrome/74.0.3729.120 Safari/537.36", "Accept-Charset": "ISO-8859-1,utf-8;q=0.7,*;q=0.7", "Accept": "text/html,application/xhtml+xml,application/xml;q=0.9,*/*;q=0.8", "Accept-Encoding": "gzip, deflate", "Accept-Language": "en-us,en;q=0.5"}}, {"format_id": "133", "url": "https://r3---sn-5njj-u2xe.googlevideo.com/videoplayback?expire=1610981538&ei=QkwFYKf-CI2DrQTahLe4CQ&ip=140.109.135.76&id=o-AG77EZYlaqZETaVuAo1AXtShL0Fxt0IXBVnT1L2a2o4R&itag=133&aitags=133%2C134%2C135%2C136%2C137%2C160%2C242%2C243%2C244%2C247%2C248%2C271%2C278%2C313&source=youtube&requiressl=yes&mh=aq&mm=31%2C29&mn=sn-5njj-u2xe%2Csn-un57en7e&ms=au%2Crdu&mv=m&mvi=3&pl=16&initcwndbps=535000&vprv=1&mime=video%2Fmp4&ns=CnV-mJSLSl-1jPPVQLa3ZfQF&gir=yes&clen=3453631&dur=266.640&lmt=1509496498190931&mt=1610959485&fvip=3&keepalive=yes&c=WEB&n=VjCrOdd_wHQBNp&sparams=expire%2Cei%2Cip%2Cid%2Caitags%2Csource%2Crequiressl%2Cvprv%2Cmime%2Cns%2Cgir%2Cclen%2Cdur%2Clmt&sig=AOq0QJ8wRQIhAPDnp-m0uJTR1VgFJ4dWpGTtceD5sJ-ZxEYsgbbf4PJ3AiBqIO6K3_QVO8QEpGWaNOwGj67d9Feq9oBe9g2vUu6SHA%3D%3D&lsparams=mh%2Cmm%2Cmn%2Cms%2Cmv%2Cmvi%2Cpl%2Cinitcwndbps&lsig=AG3C_xAwRgIhAIRL0hMr8rJVnta-hn7funAn-2PyrGJBFFEyIF5ZhB1MAiEAlv8Zt2TlnZtyR-qrVS3nANPUexrx_y1Ua15GwYrPgFA%3D&ratebypass=yes", "player_url": null, "ext": "mp4", "height": 240, "format_note": "240p", "vcodec": "avc1.4d4015", "asr": null, "filesize": 3453631, "fps": 25, "tbr": 160.323, "width": 426, "acodec": "none", "downloader_options": {"http_chunk_size": 10485760}, "format": "133 - 426x240 (240p)", "protocol": "https", "http_headers": {"User-Agent": "Mozilla/5.0 (Windows NT 10.0; Win64; x64) AppleWebKit/537.36 (KHTML, like Gecko) Chrome/74.0.3729.120 Safari/537.36", "Accept-Charset": "ISO-8859-1,utf-8;q=0.7,*;q=0.7", "Accept": "text/html,application/xhtml+xml,application/xml;q=0.9,*/*;q=0.8", "Accept-Encoding": "gzip, deflate", "Accept-Language": "en-us,en;q=0.5"}}, {"format_id": "134", "url": "https://r3---sn-5njj-u2xe.googlevideo.com/videoplayback?expire=1610981538&ei=QkwFYKf-CI2DrQTahLe4CQ&ip=140.109.135.76&id=o-AG77EZYlaqZETaVuAo1AXtShL0Fxt0IXBVnT1L2a2o4R&itag=134&aitags=133%2C134%2C135%2C136%2C137%2C160%2C242%2C243%2C244%2C247%2C248%2C271%2C278%2C313&source=youtube&requiressl=yes&mh=aq&mm=31%2C29&mn=sn-5njj-u2xe%2Csn-un57en7e&ms=au%2Crdu&mv=m&mvi=3&pl=16&initcwndbps=535000&vprv=1&mime=video%2Fmp4&ns=CnV-mJSLSl-1jPPVQLa3ZfQF&gir=yes&clen=5127435&dur=266.640&lmt=1509496498197514&mt=1610959485&fvip=3&keepalive=yes&c=WEB&n=VjCrOdd_wHQBNp&sparams=expire%2Cei%2Cip%2Cid%2Caitags%2Csource%2Crequiressl%2Cvprv%2Cmime%2Cns%2Cgir%2Cclen%2Cdur%2Clmt&sig=AOq0QJ8wRgIhAPaDltiVx_cyO0iLQrBf1oQb3PiBqs9HNtAHCkL5vp2WAiEAsNjb97YmXpxx2j6jCX0NQXzA5Ov3SbN-aeM0qO1SuUA%3D&lsparams=mh%2Cmm%2Cmn%2Cms%2Cmv%2Cmvi%2Cpl%2Cinitcwndbps&lsig=AG3C_xAwRgIhAIRL0hMr8rJVnta-hn7funAn-2PyrGJBFFEyIF5ZhB1MAiEAlv8Zt2TlnZtyR-qrVS3nANPUexrx_y1Ua15GwYrPgFA%3D&ratebypass=yes", "player_url": null, "ext": "mp4", "height": 360, "format_note": "360p", "vcodec": "avc1.4d401e", "asr": null, "filesize": 5127435, "fps": 25, "tbr": 231.051, "width": 640, "acodec": "none", "downloader_options": {"http_chunk_size": 10485760}, "format": "134 - 640x360 (360p)", "protocol": "https", "http_headers": {"User-Agent": "Mozilla/5.0 (Windows NT 10.0; Win64; x64) AppleWebKit/537.36 (KHTML, like Gecko) Chrome/74.0.3729.120 Safari/537.36", "Accept-Charset": "ISO-8859-1,utf-8;q=0.7,*;q=0.7", "Accept": "text/html,application/xhtml+xml,application/xml;q=0.9,*/*;q=0.8", "Accept-Encoding": "gzip, deflate", "Accept-Language": "en-us,en;q=0.5"}}, {"format_id": "243", "url": "https://r3---sn-5njj-u2xe.googlevideo.com/videoplayback?expire=1610981538&ei=QkwFYKf-CI2DrQTahLe4CQ&ip=140.109.135.76&id=o-AG77EZYlaqZETaVuAo1AXtShL0Fxt0IXBVnT1L2a2o4R&itag=243&aitags=133%2C134%2C135%2C136%2C137%2C160%2C242%2C243%2C244%2C247%2C248%2C271%2C278%2C313&source=youtube&requiressl=yes&mh=aq&mm=31%2C29&mn=sn-5njj-u2xe%2Csn-un57en7e&ms=au%2Crdu&mv=m&mvi=3&pl=16&initcwndbps=535000&vprv=1&mime=video%2Fwebm&ns=CnV-mJSLSl-1jPPVQLa3ZfQF&gir=yes&clen=6533098&dur=266.640&lmt=1509497640957434&mt=1610959485&fvip=3&keepalive=yes&c=WEB&n=VjCrOdd_wHQBNp&sparams=expire%2Cei%2Cip%2Cid%2Caitags%2Csource%2Crequiressl%2Cvprv%2Cmime%2Cns%2Cgir%2Cclen%2Cdur%2Clmt&sig=AOq0QJ8wRQIhALVLslYuY6jDjoUsvERu8SMCbqB0g970XyJYntyurzoHAiBz6M9wdVexVbZsLAWpi7YV_kWK9852PLnUaCrmqk7IDA%3D%3D&lsparams=mh%2Cmm%2Cmn%2Cms%2Cmv%2Cmvi%2Cpl%2Cinitcwndbps&lsig=AG3C_xAwRgIhAIRL0hMr8rJVnta-hn7funAn-2PyrGJBFFEyIF5ZhB1MAiEAlv8Zt2TlnZtyR-qrVS3nANPUexrx_y1Ua15GwYrPgFA%3D&ratebypass=yes", "player_url": null, "ext": "webm", "height": 360, "format_note": "360p", "vcodec": "vp9", "asr": null, "filesize": 6533098, "fps": 25, "tbr": 273.101, "width": 640, "acodec": "none", "downloader_options": {"http_chunk_size": 10485760}, "format": "243 - 640x360 (360p)", "protocol": "https", "http_headers": {"User-Agent": "Mozilla/5.0 (Windows NT 10.0; Win64; x64) AppleWebKit/537.36 (KHTML, like Gecko) Chrome/74.0.3729.120 Safari/537.36", "Accept-Charset": "ISO-8859-1,utf-8;q=0.7,*;q=0.7", "Accept": "text/html,application/xhtml+xml,application/xml;q=0.9,*/*;q=0.8", "Accept-Encoding": "gzip, deflate", "Accept-Language": "en-us,en;q=0.5"}}, {"format_id": "244", "url": "https://r3---sn-5njj-u2xe.googlevideo.com/videoplayback?expire=1610981538&ei=QkwFYKf-CI2DrQTahLe4CQ&ip=140.109.135.76&id=o-AG77EZYlaqZETaVuAo1AXtShL0Fxt0IXBVnT1L2a2o4R&itag=244&aitags=133%2C134%2C135%2C136%2C137%2C160%2C242%2C243%2C244%2C247%2C248%2C271%2C278%2C313&source=youtube&requiressl=yes&mh=aq&mm=31%2C29&mn=sn-5njj-u2xe%2Csn-un57en7e&ms=au%2Crdu&mv=m&mvi=3&pl=16&initcwndbps=535000&vprv=1&mime=video%2Fwebm&ns=CnV-mJSLSl-1jPPVQLa3ZfQF&gir=yes&clen=10177567&dur=266.640&lmt=1509497641123316&mt=1610959485&fvip=3&keepalive=yes&c=WEB&n=VjCrOdd_wHQBNp&sparams=expire%2Cei%2Cip%2Cid%2Caitags%2Csource%2Crequiressl%2Cvprv%2Cmime%2Cns%2Cgir%2Cclen%2Cdur%2Clmt&sig=AOq0QJ8wRAIgUeKQonyY9rvGmcjCbxFeaN-HKUMpdwCAjq6N2xCjJCACIFuqj1ffqFKioOJ0LAvVrIPn57dcFo7G9lqrRbiIcAvd&lsparams=mh%2Cmm%2Cmn%2Cms%2Cmv%2Cmvi%2Cpl%2Cinitcwndbps&lsig=AG3C_xAwRgIhAIRL0hMr8rJVnta-hn7funAn-2PyrGJBFFEyIF5ZhB1MAiEAlv8Zt2TlnZtyR-qrVS3nANPUexrx_y1Ua15GwYrPgFA%3D&ratebypass=yes", "player_url": null, "ext": "webm", "height": 480, "format_note": "480p", "vcodec": "vp9", "asr": null, "filesize": 10177567, "fps": 25, "tbr": 426.434, "width": 854, "acodec": "none", "downloader_options": {"http_chunk_size": 10485760}, "format": "244 - 854x480 (480p)", "protocol": "https", "http_headers": {"User-Agent": "Mozilla/5.0 (Windows NT 10.0; Win64; x64) AppleWebKit/537.36 (KHTML, like Gecko) Chrome/74.0.3729.120 Safari/537.36", "Accept-Charset": "ISO-8859-1,utf-8;q=0.7,*;q=0.7", "Accept": "text/html,application/xhtml+xml,application/xml;q=0.9,*/*;q=0.8", "Accept-Encoding": "gzip, deflate", "Accept-Language": "en-us,en;q=0.5"}}, {"format_id": "135", "url": "https://r3---sn-5njj-u2xe.googlevideo.com/videoplayback?expire=1610981538&ei=QkwFYKf-CI2DrQTahLe4CQ&ip=140.109.135.76&id=o-AG77EZYlaqZETaVuAo1AXtShL0Fxt0IXBVnT1L2a2o4R&itag=135&aitags=133%2C134%2C135%2C136%2C137%2C160%2C242%2C243%2C244%2C247%2C248%2C271%2C278%2C313&source=youtube&requiressl=yes&mh=aq&mm=31%2C29&mn=sn-5njj-u2xe%2Csn-un57en7e&ms=au%2Crdu&mv=m&mvi=3&pl=16&initcwndbps=535000&vprv=1&mime=video%2Fmp4&ns=CnV-mJSLSl-1jPPVQLa3ZfQF&gir=yes&clen=9990267&dur=266.640&lmt=1509496498197455&mt=1610959485&fvip=3&keepalive=yes&c=WEB&n=VjCrOdd_wHQBNp&sparams=expire%2Cei%2Cip%2Cid%2Caitags%2Csource%2Crequiressl%2Cvprv%2Cmime%2Cns%2Cgir%2Cclen%2Cdur%2Clmt&sig=AOq0QJ8wRQIhAITmkpva5lVt1i-as44lkeZo3A66-aUrHG8VhwmpfDc_AiBeAvJBLTEmaQzyzj1VzdVHfnXHi7DBOxyFN78BuzHjEA%3D%3D&lsparams=mh%2Cmm%2Cmn%2Cms%2Cmv%2Cmvi%2Cpl%2Cinitcwndbps&lsig=AG3C_xAwRgIhAIRL0hMr8rJVnta-hn7funAn-2PyrGJBFFEyIF5ZhB1MAiEAlv8Zt2TlnZtyR-qrVS3nANPUexrx_y1Ua15GwYrPgFA%3D&ratebypass=yes", "player_url": null, "ext": "mp4", "height": 480, "format_note": "480p", "vcodec": "avc1.4d401e", "asr": null, "filesize": 9990267, "fps": 25, "tbr": 444.589, "width": 854, "acodec": "none", "downloader_options": {"http_chunk_size": 10485760}, "format": "135 - 854x480 (480p)", "protocol": "https", "http_headers": {"User-Agent": "Mozilla/5.0 (Windows NT 10.0; Win64; x64) AppleWebKit/537.36 (KHTML, like Gecko) Chrome/74.0.3729.120 Safari/537.36", "Accept-Charset": "ISO-8859-1,utf-8;q=0.7,*;q=0.7", "Accept": "text/html,application/xhtml+xml,application/xml;q=0.9,*/*;q=0.8", "Accept-Encoding": "gzip, deflate", "Accept-Language": "en-us,en;q=0.5"}}, {"format_id": "136", "url": "https://r3---sn-5njj-u2xe.googlevideo.com/videoplayback?expire=1610981538&ei=QkwFYKf-CI2DrQTahLe4CQ&ip=140.109.135.76&id=o-AG77EZYlaqZETaVuAo1AXtShL0Fxt0IXBVnT1L2a2o4R&itag=136&aitags=133%2C134%2C135%2C136%2C137%2C160%2C242%2C243%2C244%2C247%2C248%2C271%2C278%2C313&source=youtube&requiressl=yes&mh=aq&mm=31%2C29&mn=sn-5njj-u2xe%2Csn-un57en7e&ms=au%2Crdu&mv=m&mvi=3&pl=16&initcwndbps=535000&vprv=1&mime=video%2Fmp4&ns=CnV-mJSLSl-1jPPVQLa3ZfQF&gir=yes&clen=19780716&dur=266.640&lmt=1509496498389577&mt=1610959485&fvip=3&keepalive=yes&c=WEB&n=VjCrOdd_wHQBNp&sparams=expire%2Cei%2Cip%2Cid%2Caitags%2Csource%2Crequiressl%2Cvprv%2Cmime%2Cns%2Cgir%2Cclen%2Cdur%2Clmt&sig=AOq0QJ8wRgIhAK61VQ2hA71KX3kRZpBOAmAs5anYTnp34ZbZn33AOVKeAiEA6ScV3SIHEr1jMrWE9wgvh32naFmG7UwrnvabHJ22J2U%3D&lsparams=mh%2Cmm%2Cmn%2Cms%2Cmv%2Cmvi%2Cpl%2Cinitcwndbps&lsig=AG3C_xAwRgIhAIRL0hMr8rJVnta-hn7funAn-2PyrGJBFFEyIF5ZhB1MAiEAlv8Zt2TlnZtyR-qrVS3nANPUexrx_y1Ua15GwYrPgFA%3D&ratebypass=yes", "player_url": null, "ext": "mp4", "height": 720, "format_note": "720p", "vcodec": "avc1.4d401f", "asr": null, "filesize": 19780716, "fps": 25, "tbr": 858.081, "width": 1280, "acodec": "none", "downloader_options": {"http_chunk_size": 10485760}, "format": "136 - 1280x720 (720p)", "protocol": "https", "http_headers": {"User-Agent": "Mozilla/5.0 (Windows NT 10.0; Win64; x64) AppleWebKit/537.36 (KHTML, like Gecko) Chrome/74.0.3729.120 Safari/537.36", "Accept-Charset": "ISO-8859-1,utf-8;q=0.7,*;q=0.7", "Accept": "text/html,application/xhtml+xml,application/xml;q=0.9,*/*;q=0.8", "Accept-Encoding": "gzip, deflate", "Accept-Language": "en-us,en;q=0.5"}}, {"format_id": "247", "url": "https://r3---sn-5njj-u2xe.googlevideo.com/videoplayback?expire=1610981538&ei=QkwFYKf-CI2DrQTahLe4CQ&ip=140.109.135.76&id=o-AG77EZYlaqZETaVuAo1AXtShL0Fxt0IXBVnT1L2a2o4R&itag=247&aitags=133%2C134%2C135%2C136%2C137%2C160%2C242%2C243%2C244%2C247%2C248%2C271%2C278%2C313&source=youtube&requiressl=yes&mh=aq&mm=31%2C29&mn=sn-5njj-u2xe%2Csn-un57en7e&ms=au%2Crdu&mv=m&mvi=3&pl=16&initcwndbps=535000&vprv=1&mime=video%2Fwebm&ns=CnV-mJSLSl-1jPPVQLa3ZfQF&gir=yes&clen=22089474&dur=266.640&lmt=1509497641366565&mt=1610959485&fvip=3&keepalive=yes&c=WEB&n=VjCrOdd_wHQBNp&sparams=expire%2Cei%2Cip%2Cid%2Caitags%2Csource%2Crequiressl%2Cvprv%2Cmime%2Cns%2Cgir%2Cclen%2Cdur%2Clmt&sig=AOq0QJ8wRQIhAIPo86mgtQ7-Z_X0kbh7PWggBlfZ-rMhzPeXxQclrO4DAiBfHO20GR2hDt2Kg27SMK1d4AWHZ1vI3UbpVpP4GXomtw%3D%3D&lsparams=mh%2Cmm%2Cmn%2Cms%2Cmv%2Cmvi%2Cpl%2Cinitcwndbps&lsig=AG3C_xAwRgIhAIRL0hMr8rJVnta-hn7funAn-2PyrGJBFFEyIF5ZhB1MAiEAlv8Zt2TlnZtyR-qrVS3nANPUexrx_y1Ua15GwYrPgFA%3D&ratebypass=yes", "player_url": null, "ext": "webm", "height": 720, "format_note": "720p", "vcodec": "vp9", "asr": null, "filesize": 22089474, "fps": 25, "tbr": 877.735, "width": 1280, "acodec": "none", "downloader_options": {"http_chunk_size": 10485760}, "format": "247 - 1280x720 (720p)", "protocol": "https", "http_headers": {"User-Agent": "Mozilla/5.0 (Windows NT 10.0; Win64; x64) AppleWebKit/537.36 (KHTML, like Gecko) Chrome/74.0.3729.120 Safari/537.36", "Accept-Charset": "ISO-8859-1,utf-8;q=0.7,*;q=0.7", "Accept": "text/html,application/xhtml+xml,application/xml;q=0.9,*/*;q=0.8", "Accept-Encoding": "gzip, deflate", "Accept-Language": "en-us,en;q=0.5"}}, {"format_id": "248", "url": "https://r3---sn-5njj-u2xe.googlevideo.com/videoplayback?expire=1610981538&ei=QkwFYKf-CI2DrQTahLe4CQ&ip=140.109.135.76&id=o-AG77EZYlaqZETaVuAo1AXtShL0Fxt0IXBVnT1L2a2o4R&itag=248&aitags=133%2C134%2C135%2C136%2C137%2C160%2C242%2C243%2C244%2C247%2C248%2C271%2C278%2C313&source=youtube&requiressl=yes&mh=aq&mm=31%2C29&mn=sn-5njj-u2xe%2Csn-un57en7e&ms=au%2Crdu&mv=m&mvi=3&pl=16&initcwndbps=535000&vprv=1&mime=video%2Fwebm&ns=CnV-mJSLSl-1jPPVQLa3ZfQF&gir=yes&clen=50149472&dur=266.640&lmt=1509497455330628&mt=1610959485&fvip=3&keepalive=yes&c=WEB&n=VjCrOdd_wHQBNp&sparams=expire%2Cei%2Cip%2Cid%2Caitags%2Csource%2Crequiressl%2Cvprv%2Cmime%2Cns%2Cgir%2Cclen%2Cdur%2Clmt&sig=AOq0QJ8wRgIhAOzQVapmeknLCCJMRPBM-qBXLXWNpgBL5pP-Dgw98mMJAiEA4gJGT6eMGZc1RcY3KVhDt7q77ArTQ-LOYYwXz6qoCDc%3D&lsparams=mh%2Cmm%2Cmn%2Cms%2Cmv%2Cmvi%2Cpl%2Cinitcwndbps&lsig=AG3C_xAwRgIhAIRL0hMr8rJVnta-hn7funAn-2PyrGJBFFEyIF5ZhB1MAiEAlv8Zt2TlnZtyR-qrVS3nANPUexrx_y1Ua15GwYrPgFA%3D&ratebypass=yes", "player_url": null, "ext": "webm", "height": 1080, "format_note": "1080p", "vcodec": "vp9", "asr": null, "filesize": 50149472, "fps": 25, "tbr": 1831.134, "width": 1920, "acodec": "none", "downloader_options": {"http_chunk_size": 10485760}, "format": "248 - 1920x1080 (1080p)", "protocol": "https", "http_headers": {"User-Agent": "Mozilla/5.0 (Windows NT 10.0; Win64; x64) AppleWebKit/537.36 (KHTML, like Gecko) Chrome/74.0.3729.120 Safari/537.36", "Accept-Charset": "ISO-8859-1,utf-8;q=0.7,*;q=0.7", "Accept": "text/html,application/xhtml+xml,application/xml;q=0.9,*/*;q=0.8", "Accept-Encoding": "gzip, deflate", "Accept-Language": "en-us,en;q=0.5"}}, {"format_id": "137", "url": "https://r3---sn-5njj-u2xe.googlevideo.com/videoplayback?expire=1610981538&ei=QkwFYKf-CI2DrQTahLe4CQ&ip=140.109.135.76&id=o-AG77EZYlaqZETaVuAo1AXtShL0Fxt0IXBVnT1L2a2o4R&itag=137&aitags=133%2C134%2C135%2C136%2C137%2C160%2C242%2C243%2C244%2C247%2C248%2C271%2C278%2C313&source=youtube&requiressl=yes&mh=aq&mm=31%2C29&mn=sn-5njj-u2xe%2Csn-un57en7e&ms=au%2Crdu&mv=m&mvi=3&pl=16&initcwndbps=535000&vprv=1&mime=video%2Fmp4&ns=CnV-mJSLSl-1jPPVQLa3ZfQF&gir=yes&clen=84728017&dur=266.640&lmt=1509496458280323&mt=1610959485&fvip=3&keepalive=yes&c=WEB&n=VjCrOdd_wHQBNp&sparams=expire%2Cei%2Cip%2Cid%2Caitags%2Csource%2Crequiressl%2Cvprv%2Cmime%2Cns%2Cgir%2Cclen%2Cdur%2Clmt&sig=AOq0QJ8wRQIhAOJkbNw44pG7aSTZd3_VQNWJRhqTVBBwMwKSbko3DN4zAiAJjrbOIJI9zSChK5wr4VHhJ8KYAk0v3skfiwCR--KC5g%3D%3D&lsparams=mh%2Cmm%2Cmn%2Cms%2Cmv%2Cmvi%2Cpl%2Cinitcwndbps&lsig=AG3C_xAwRgIhAIRL0hMr8rJVnta-hn7funAn-2PyrGJBFFEyIF5ZhB1MAiEAlv8Zt2TlnZtyR-qrVS3nANPUexrx_y1Ua15GwYrPgFA%3D&ratebypass=yes", "player_url": null, "ext": "mp4", "height": 1080, "format_note": "1080p", "vcodec": "avc1.640028", "asr": null, "filesize": 84728017, "fps": 25, "tbr": 2848.545, "width": 1920, "acodec": "none", "downloader_options": {"http_chunk_size": 10485760}, "format": "137 - 1920x1080 (1080p)", "protocol": "https", "http_headers": {"User-Agent": "Mozilla/5.0 (Windows NT 10.0; Win64; x64) AppleWebKit/537.36 (KHTML, like Gecko) Chrome/74.0.3729.120 Safari/537.36", "Accept-Charset": "ISO-8859-1,utf-8;q=0.7,*;q=0.7", "Accept": "text/html,application/xhtml+xml,application/xml;q=0.9,*/*;q=0.8", "Accept-Encoding": "gzip, deflate", "Accept-Language": "en-us,en;q=0.5"}}, {"format_id": "271", "url": "https://r3---sn-5njj-u2xe.googlevideo.com/videoplayback?expire=1610981538&ei=QkwFYKf-CI2DrQTahLe4CQ&ip=140.109.135.76&id=o-AG77EZYlaqZETaVuAo1AXtShL0Fxt0IXBVnT1L2a2o4R&itag=271&aitags=133%2C134%2C135%2C136%2C137%2C160%2C242%2C243%2C244%2C247%2C248%2C271%2C278%2C313&source=youtube&requiressl=yes&mh=aq&mm=31%2C29&mn=sn-5njj-u2xe%2Csn-un57en7e&ms=au%2Crdu&mv=m&mvi=3&pl=16&initcwndbps=535000&vprv=1&mime=video%2Fwebm&ns=CnV-mJSLSl-1jPPVQLa3ZfQF&gir=yes&clen=152042586&dur=266.640&lmt=1509497561144872&mt=1610959485&fvip=3&keepalive=yes&c=WEB&n=VjCrOdd_wHQBNp&sparams=expire%2Cei%2Cip%2Cid%2Caitags%2Csource%2Crequiressl%2Cvprv%2Cmime%2Cns%2Cgir%2Cclen%2Cdur%2Clmt&sig=AOq0QJ8wRQIhALBkIINxnsJ7cDhTzTn30nimxQyuVUV_mbyxlsYOmH26AiATbunPk0y8oaCTF7R1NzBaPsG1YfTlQY7Ae4zPEFmkkA%3D%3D&lsparams=mh%2Cmm%2Cmn%2Cms%2Cmv%2Cmvi%2Cpl%2Cinitcwndbps&lsig=AG3C_xAwRgIhAIRL0hMr8rJVnta-hn7funAn-2PyrGJBFFEyIF5ZhB1MAiEAlv8Zt2TlnZtyR-qrVS3nANPUexrx_y1Ua15GwYrPgFA%3D&ratebypass=yes", "player_url": null, "ext": "webm", "height": 1440, "format_note": "1440p", "vcodec": "vp9", "asr": null, "filesize": 152042586, "fps": 25, "tbr": 5402.432, "width": 2560, "acodec": "none", "downloader_options": {"http_chunk_size": 10485760}, "format": "271 - 2560x1440 (1440p)", "protocol": "https", "http_headers": {"User-Agent": "Mozilla/5.0 (Windows NT 10.0; Win64; x64) AppleWebKit/537.36 (KHTML, like Gecko) Chrome/74.0.3729.120 Safari/537.36", "Accept-Charset": "ISO-8859-1,utf-8;q=0.7,*;q=0.7", "Accept": "text/html,application/xhtml+xml,application/xml;q=0.9,*/*;q=0.8", "Accept-Encoding": "gzip, deflate", "Accept-Language": "en-us,en;q=0.5"}}, {"format_id": "313", "url": "https://r3---sn-5njj-u2xe.googlevideo.com/videoplayback?expire=1610981538&ei=QkwFYKf-CI2DrQTahLe4CQ&ip=140.109.135.76&id=o-AG77EZYlaqZETaVuAo1AXtShL0Fxt0IXBVnT1L2a2o4R&itag=313&aitags=133%2C134%2C135%2C136%2C137%2C160%2C242%2C243%2C244%2C247%2C248%2C271%2C278%2C313&source=youtube&requiressl=yes&mh=aq&mm=31%2C29&mn=sn-5njj-u2xe%2Csn-un57en7e&ms=au%2Crdu&mv=m&mvi=3&pl=16&initcwndbps=535000&vprv=1&mime=video%2Fwebm&ns=CnV-mJSLSl-1jPPVQLa3ZfQF&gir=yes&clen=568509026&dur=266.640&lmt=1509497934297380&mt=1610959485&fvip=3&keepalive=yes&c=WEB&n=VjCrOdd_wHQBNp&sparams=expire%2Cei%2Cip%2Cid%2Caitags%2Csource%2Crequiressl%2Cvprv%2Cmime%2Cns%2Cgir%2Cclen%2Cdur%2Clmt&sig=AOq0QJ8wRQIhAL-OREbGdT-OFkUp-hpnHVV3LNQhWCXcYzRb55tev_vKAiBNIOJGxNuDzYZB94lcrTwkL0W5ZevnX6DOlhSpORCtBA%3D%3D&lsparams=mh%2Cmm%2Cmn%2Cms%2Cmv%2Cmvi%2Cpl%2Cinitcwndbps&lsig=AG3C_xAwRgIhAIRL0hMr8rJVnta-hn7funAn-2PyrGJBFFEyIF5ZhB1MAiEAlv8Zt2TlnZtyR-qrVS3nANPUexrx_y1Ua15GwYrPgFA%3D&ratebypass=yes", "player_url": null, "ext": "webm", "height": 2160, "format_note": "2160p", "vcodec": "vp9", "asr": null, "filesize": 568509026, "fps": 25, "tbr": 17689.148, "width": 3840, "acodec": "none", "downloader_options": {"http_chunk_size": 10485760}, "format": "313 - 3840x2160 (2160p)", "protocol": "https", "http_headers": {"User-Agent": "Mozilla/5.0 (Windows NT 10.0; Win64; x64) AppleWebKit/537.36 (KHTML, like Gecko) Chrome/74.0.3729.120 Safari/537.36", "Accept-Charset": "ISO-8859-1,utf-8;q=0.7,*;q=0.7", "Accept": "text/html,application/xhtml+xml,application/xml;q=0.9,*/*;q=0.8", "Accept-Encoding": "gzip, deflate", "Accept-Language": "en-us,en;q=0.5"}}, {"format_id": "18", "url": "https://r3---sn-5njj-u2xe.googlevideo.com/videoplayback?expire=1610981538&ei=QkwFYKf-CI2DrQTahLe4CQ&ip=140.109.135.76&id=o-AG77EZYlaqZETaVuAo1AXtShL0Fxt0IXBVnT1L2a2o4R&itag=18&source=youtube&requiressl=yes&mh=aq&mm=31%2C29&mn=sn-5njj-u2xe%2Csn-un57en7e&ms=au%2Crdu&mv=m&mvi=3&pl=16&initcwndbps=535000&vprv=1&mime=video%2Fmp4&ns=AZCEO8WzsgsMGE4QG74qezQF&gir=yes&clen=12931756&ratebypass=yes&dur=266.704&lmt=1509496407495877&mt=1610959485&fvip=3&c=WEB&n=MdVen6deHrn1SZ&sparams=expire%2Cei%2Cip%2Cid%2Citag%2Csource%2Crequiressl%2Cvprv%2Cmime%2Cns%2Cgir%2Cclen%2Cratebypass%2Cdur%2Clmt&sig=AOq0QJ8wRAIgZ226ulTQfsEd0H0Fwj0NloStphFjsxj69TAohlQIUx0CIHdWJdpNhzu3SQM1ftDnp5Uhu256vwUyJxG8fGVNu1yr&lsparams=mh%2Cmm%2Cmn%2Cms%2Cmv%2Cmvi%2Cpl%2Cinitcwndbps&lsig=AG3C_xAwRgIhAIRL0hMr8rJVnta-hn7funAn-2PyrGJBFFEyIF5ZhB1MAiEAlv8Zt2TlnZtyR-qrVS3nANPUexrx_y1Ua15GwYrPgFA%3D", "player_url": null, "ext": "mp4", "width": 640, "height": 360, "acodec": "mp4a.40.2", "abr": 96, "vcodec": "avc1.42001E", "asr": 44100, "filesize": 12931756, "format_note": "360p", "fps": 25, "tbr": 387.991, "format": "18 - 640x360 (360p)", "protocol": "https", "http_headers": {"User-Agent": "Mozilla/5.0 (Windows NT 10.0; Win64; x64) AppleWebKit/537.36 (KHTML, like Gecko) Chrome/74.0.3729.120 Safari/537.36", "Accept-Charset": "ISO-8859-1,utf-8;q=0.7,*;q=0.7", "Accept": "text/html,application/xhtml+xml,application/xml;q=0.9,*/*;q=0.8", "Accept-Encoding": "gzip, deflate", "Accept-Language": "en-us,en;q=0.5"}}], "is_live": null, "start_time": null, "end_time": null, "series": null, "season_number": null, "episode_number": null, "track": null, "artist": null, "album": null, "release_date": null, "release_year": null, "extractor": "youtube", "webpage_url_basename": "watch", "extractor_key": "Youtube", "playlist": null, "playlist_index": null, "thumbnail": "https://i.ytimg.com/vi_webp/DYBBfpEx-JI/maxresdefault.webp", "display_id": "DYBBfpEx-JI", "requested_subtitles": null, "format_id": "251", "url": "https://r3---sn-5njj-u2xe.googlevideo.com/videoplayback?expire=1610981538&ei=QkwFYKf-CI2DrQTahLe4CQ&ip=140.109.135.76&id=o-AG77EZYlaqZETaVuAo1AXtShL0Fxt0IXBVnT1L2a2o4R&itag=251&source=youtube&requiressl=yes&mh=aq&mm=31%2C29&mn=sn-5njj-u2xe%2Csn-un57en7e&ms=au%2Crdu&mv=m&mvi=3&pl=16&initcwndbps=535000&vprv=1&mime=audio%2Fwebm&ns=CnV-mJSLSl-1jPPVQLa3ZfQF&gir=yes&clen=4907272&dur=266.661&lmt=1509499873569878&mt=1610959485&fvip=3&keepalive=yes&c=WEB&n=VjCrOdd_wHQBNp&sparams=expire%2Cei%2Cip%2Cid%2Citag%2Csource%2Crequiressl%2Cvprv%2Cmime%2Cns%2Cgir%2Cclen%2Cdur%2Clmt&sig=AOq0QJ8wRgIhAPgeRhJv2yMY-qEtPKQGDoKm8JHoOHHsbOVQS_lMD5-pAiEAgn_t4RtOPsSdmAHZFPFcB7dPzGI56ve_fNKqrMM45Bw%3D&lsparams=mh%2Cmm%2Cmn%2Cms%2Cmv%2Cmvi%2Cpl%2Cinitcwndbps&lsig=AG3C_xAwRgIhAIRL0hMr8rJVnta-hn7funAn-2PyrGJBFFEyIF5ZhB1MAiEAlv8Zt2TlnZtyR-qrVS3nANPUexrx_y1Ua15GwYrPgFA%3D&ratebypass=yes", "player_url": null, "ext": "webm", "format_note": "tiny", "acodec": "opus", "abr": 160, "asr": 48000, "filesize": 4907272, "fps": null, "height": null, "tbr": 165.439, "width": null, "vcodec": "none", "downloader_options": {"http_chunk_size": 10485760}, "format": "251 - audio only (tiny)", "protocol": "https", "http_headers": {"User-Agent": "Mozilla/5.0 (Windows NT 10.0; Win64; x64) AppleWebKit/537.36 (KHTML, like Gecko) Chrome/74.0.3729.120 Safari/537.36", "Accept-Charset": "ISO-8859-1,utf-8;q=0.7,*;q=0.7", "Accept": "text/html,application/xhtml+xml,application/xml;q=0.9,*/*;q=0.8", "Accept-Encoding": "gzip, deflate", "Accept-Language": "en-us,en;q=0.5"}}