{"id": "Er-F1K1xV-k", "uploader": "Elijah Bossenbroek - Topic", "uploader_id": "UC8jRonjEOx88dSAK9dxxYgQ", "uploader_url": "http://www.youtube.com/channel/UC8jRonjEOx88dSAK9dxxYgQ", "channel_id": "UC8jRonjEOx88dSAK9dxxYgQ", "channel_url": "http://www.youtube.com/channel/UC8jRonjEOx88dSAK9dxxYgQ", "upload_date": "20171119", "license": null, "creator": "Elijah Bossenbroek", "title": "Last Wave", "alt_title": "Last Wave", "thumbnails": [{"url": "https://i.ytimg.com/vi/Er-F1K1xV-k/hqdefault.jpg?sqp=-oaymwEYCKgBEF5IVfKriqkDCwgBFQAAiEIYAXAB&rs=AOn4CLBLbF8mLzOsaSfryGDBJSa6tOy47w", "width": 168, "height": 94, "resolution": "168x94", "id": "0"}, {"url": "https://i.ytimg.com/vi/Er-F1K1xV-k/hqdefault.jpg?sqp=-oaymwEYCMQBEG5IVfKriqkDCwgBFQAAiEIYAXAB&rs=AOn4CLCzinImtV_uWatsn-0qFrsN6VPZ4g", "width": 196, "height": 110, "resolution": "196x110", "id": "1"}, {"url": "https://i.ytimg.com/vi/Er-F1K1xV-k/hqdefault.jpg?sqp=-oaymwEZCPYBEIoBSFXyq4qpAwsIARUAAIhCGAFwAQ==&rs=AOn4CLDqOdlWLCPSwVVvHS0gD1emcdy91A", "width": 246, "height": 138, "resolution": "246x138", "id": "2"}, {"url": "https://i.ytimg.com/vi/Er-F1K1xV-k/hqdefault.jpg?sqp=-oaymwEZCNACELwBSFXyq4qpAwsIARUAAIhCGAFwAQ==&rs=AOn4CLCLRLDh4o7zD7xXM9g9u1SMi9dhqQ", "width": 336, "height": 188, "resolution": "336x188", "id": "3"}, {"url": "https://i.ytimg.com/vi_webp/Er-F1K1xV-k/maxresdefault.webp", "width": 1920, "height": 1080, "resolution": "1920x1080", "id": "4"}], "description": "Provided to YouTube by The Orchard Enterprises\n\nLast Wave \u00b7 Elijah Bossenbroek\n\n7: 12 AM\n\n\u2117 2017 Elijah Bossenbroek\n\nReleased on: 2017-10-16\n\nAuto-generated by YouTube.", "categories": ["Music"], "tags": ["Elijah", "Bossenbroek", "7:", "12", "AM", "Last", "Wave"], "subtitles": {}, "automatic_captions": {}, "duration": 264, "age_limit": 0, "annotations": null, "chapters": null, "webpage_url": "https://www.youtube.com/watch?v=Er-F1K1xV-k", "view_count": 5422, "like_count": 74, "dislike_count": 6, "average_rating": 4.6999998, "formats": [{"format_id": "249", "url": "https://r1---sn-5njj-u2xl.googlevideo.com/videoplayback?expire=1611764233&ei=qT0RYIkuhvLjAoKXkqgF&ip=140.109.135.76&id=o-AAp9TEoyVbH3dFuhpyv0E-63jx2zT0act9Lx3emrlvMl&itag=249&source=youtube&requiressl=yes&mh=5W&mm=31%2C29&mn=sn-5njj-u2xl%2Csn-un57sn7s&ms=au%2Crdu&mv=m&mvi=1&pl=16&gcr=tw&initcwndbps=546250&vprv=1&mime=audio%2Fwebm&ns=5DKuOVUxjzKgMVPDjuzJL9kF&gir=yes&clen=1800204&dur=264.481&lmt=1570962261264210&mt=1611742362&fvip=1&keepalive=yes&c=WEB&txp=1301222&n=ZGjLU5_wXwLnFgCDfGsp&sparams=expire%2Cei%2Cip%2Cid%2Citag%2Csource%2Crequiressl%2Cgcr%2Cvprv%2Cmime%2Cns%2Cgir%2Cclen%2Cdur%2Clmt&lsparams=mh%2Cmm%2Cmn%2Cms%2Cmv%2Cmvi%2Cpl%2Cinitcwndbps&lsig=AG3C_xAwRQIgDnRVe8r6m335hJcIAF2QhMZ4_BuR6B6qjRw0TCI0H6ICIQDe3kUknX5hRHjDodRIVYgZN1iwGG4zXU7QT-D6CKHr-g%3D%3D&sig=AOq0QJ8wRAIgVJ7-3bysFBc02olqgLyOXnzj9Il6NDj3v9oelSR2ZOwCIDsxQuAerRwgTXF65FWxIki7anvzIOdaEdGCd_10jAFM&ratebypass=yes", "player_url": "/s/player/c6df6ed7/player_ias.vflset/en_US/base.js", "ext": "webm", "format_note": "tiny", "acodec": "opus", "abr": 50, "asr": 48000, "filesize": 1800204, "fps": null, "height": null, "tbr": 65.695, "width": null, "vcodec": "none", "downloader_options": {"http_chunk_size": 10485760}, "format": "249 - audio only (tiny)", "protocol": "https", "http_headers": {"User-Agent": "Mozilla/5.0 (Windows NT 10.0; Win64; x64) AppleWebKit/537.36 (KHTML, like Gecko) Chrome/72.0.3626.25 Safari/537.36", "Accept-Charset": "ISO-8859-1,utf-8;q=0.7,*;q=0.7", "Accept": "text/html,application/xhtml+xml,application/xml;q=0.9,*/*;q=0.8", "Accept-Encoding": "gzip, deflate", "Accept-Language": "en-us,en;q=0.5"}}, {"format_id": "250", "url": "https://r1---sn-5njj-u2xl.googlevideo.com/videoplayback?expire=1611764233&ei=qT0RYIkuhvLjAoKXkqgF&ip=140.109.135.76&id=o-AAp9TEoyVbH3dFuhpyv0E-63jx2zT0act9Lx3emrlvMl&itag=250&source=youtube&requiressl=yes&mh=5W&mm=31%2C29&mn=sn-5njj-u2xl%2Csn-un57sn7s&ms=au%2Crdu&mv=m&mvi=1&pl=16&gcr=tw&initcwndbps=546250&vprv=1&mime=audio%2Fwebm&ns=5DKuOVUxjzKgMVPDjuzJL9kF&gir=yes&clen=2424166&dur=264.481&lmt=1570962262171431&mt=1611742362&fvip=1&keepalive=yes&c=WEB&txp=1301222&n=ZGjLU5_wXwLnFgCDfGsp&sparams=expire%2Cei%2Cip%2Cid%2Citag%2Csource%2Crequiressl%2Cgcr%2Cvprv%2Cmime%2Cns%2Cgir%2Cclen%2Cdur%2Clmt&lsparams=mh%2Cmm%2Cmn%2Cms%2Cmv%2Cmvi%2Cpl%2Cinitcwndbps&lsig=AG3C_xAwRQIgXEfdPPbY5XE2gzezskgHvosO0Ede5AwjrJJdBBSoRO4CIQCWFFg8AXjR5scmFrQsnEkhjbnBh96CGWxrMjULw273jg%3D%3D&sig=AOq0QJ8wRgIhALQj202FcbJDBXoIq85mgYMk_GWcziuQqmCC6AoBqIt5AiEAhaF3DPN8J5OvgSomFYX_6W8dRMUhJv5T3uTZlTjkT84=&ratebypass=yes", "player_url": "/s/player/c6df6ed7/player_ias.vflset/en_US/base.js", "ext": "webm", "format_note": "tiny", "acodec": "opus", "abr": 70, "asr": 48000, "filesize": 2424166, "fps": null, "height": null, "tbr": 87.04, "width": null, "vcodec": "none", "downloader_options": {"http_chunk_size": 10485760}, "format": "250 - audio only (tiny)", "protocol": "https", "http_headers": {"User-Agent": "Mozilla/5.0 (Windows NT 10.0; Win64; x64) AppleWebKit/537.36 (KHTML, like Gecko) Chrome/72.0.3626.25 Safari/537.36", "Accept-Charset": "ISO-8859-1,utf-8;q=0.7,*;q=0.7", "Accept": "text/html,application/xhtml+xml,application/xml;q=0.9,*/*;q=0.8", "Accept-Encoding": "gzip, deflate", "Accept-Language": "en-us,en;q=0.5"}}, {"format_id": "140", "url": "https://r1---sn-5njj-u2xl.googlevideo.com/videoplayback?expire=1611764233&ei=qT0RYIkuhvLjAoKXkqgF&ip=140.109.135.76&id=o-AAp9TEoyVbH3dFuhpyv0E-63jx2zT0act9Lx3emrlvMl&itag=140&source=youtube&requiressl=yes&mh=5W&mm=31%2C29&mn=sn-5njj-u2xl%2Csn-un57sn7s&ms=au%2Crdu&mv=m&mvi=1&pl=16&gcr=tw&initcwndbps=546250&vprv=1&mime=audio%2Fmp4&ns=5DKuOVUxjzKgMVPDjuzJL9kF&gir=yes&clen=4282591&dur=264.469&lmt=1570962088221170&mt=1611742362&fvip=1&keepalive=yes&c=WEB&txp=1311222&n=ZGjLU5_wXwLnFgCDfGsp&sparams=expire%2Cei%2Cip%2Cid%2Citag%2Csource%2Crequiressl%2Cgcr%2Cvprv%2Cmime%2Cns%2Cgir%2Cclen%2Cdur%2Clmt&lsparams=mh%2Cmm%2Cmn%2Cms%2Cmv%2Cmvi%2Cpl%2Cinitcwndbps&lsig=AG3C_xAwRQIhAMdJR50AV3GY4x1nOzPiw8MHjDVOJIjU3_2l_tuwnHq5AiBSdwqFH0ZjNdpiHPo7MGRDRZsW0Hme91gmrfXLpUaguw%3D%3D&sig=AOq0QJ8wRAIgZcYJIxhCL4etXKgijB6BqdreT8D3A8Nayen7ujTboXICIAkNxxpag5NOWPT9bvWmhR-aZ4vJeNceGnnCQ7usxjoC&ratebypass=yes", "player_url": "/s/player/c6df6ed7/player_ias.vflset/en_US/base.js", "ext": "m4a", "format_note": "tiny", "acodec": "mp4a.40.2", "abr": 128, "container": "m4a_dash", "asr": 44100, "filesize": 4282591, "fps": null, "height": null, "tbr": 131.107, "width": null, "vcodec": "none", "downloader_options": {"http_chunk_size": 10485760}, "format": "140 - audio only (tiny)", "protocol": "https", "http_headers": {"User-Agent": "Mozilla/5.0 (Windows NT 10.0; Win64; x64) AppleWebKit/537.36 (KHTML, like Gecko) Chrome/72.0.3626.25 Safari/537.36", "Accept-Charset": "ISO-8859-1,utf-8;q=0.7,*;q=0.7", "Accept": "text/html,application/xhtml+xml,application/xml;q=0.9,*/*;q=0.8", "Accept-Encoding": "gzip, deflate", "Accept-Language": "en-us,en;q=0.5"}}, {"format_id": "251", "url": "https://r1---sn-5njj-u2xl.googlevideo.com/videoplayback?expire=1611764233&ei=qT0RYIkuhvLjAoKXkqgF&ip=140.109.135.76&id=o-AAp9TEoyVbH3dFuhpyv0E-63jx2zT0act9Lx3emrlvMl&itag=251&source=youtube&requiressl=yes&mh=5W&mm=31%2C29&mn=sn-5njj-u2xl%2Csn-un57sn7s&ms=au%2Crdu&mv=m&mvi=1&pl=16&gcr=tw&initcwndbps=546250&vprv=1&mime=audio%2Fwebm&ns=5DKuOVUxjzKgMVPDjuzJL9kF&gir=yes&clen=4719046&dur=264.481&lmt=1570962266771799&mt=1611742362&fvip=1&keepalive=yes&c=WEB&txp=1301222&n=ZGjLU5_wXwLnFgCDfGsp&sparams=expire%2Cei%2Cip%2Cid%2Citag%2Csource%2Crequiressl%2Cgcr%2Cvprv%2Cmime%2Cns%2Cgir%2Cclen%2Cdur%2Clmt&lsparams=mh%2Cmm%2Cmn%2Cms%2Cmv%2Cmvi%2Cpl%2Cinitcwndbps&lsig=AG3C_xAwRAIgKgLjJgwPDeYKMyr4Aq4kgccjXTVWk3QZXxrNRzTBI_oCICQrp1dMinRnFJf3-c8JaIj07C0EFUih26OVOQ6sBwhS&sig=AOq0QJ8wRQIgLSHfzXO5WwxbMjG_RdRnhgbHqjl9Chr6ibF8pB3_NYACIQC8nmxKLIxZpdoxpEPJz1EFakayXpNia4VY5rRfhz9b0Q==&ratebypass=yes", "player_url": "/s/player/c6df6ed7/player_ias.vflset/en_US/base.js", "ext": "webm", "format_note": "tiny", "acodec": "opus", "abr": 160, "asr": 48000, "filesize": 4719046, "fps": null, "height": null, "tbr": 160.663, "width": null, "vcodec": "none", "downloader_options": {"http_chunk_size": 10485760}, "format": "251 - audio only (tiny)", "protocol": "https", "http_headers": {"User-Agent": "Mozilla/5.0 (Windows NT 10.0; Win64; x64) AppleWebKit/537.36 (KHTML, like Gecko) Chrome/72.0.3626.25 Safari/537.36", "Accept-Charset": "ISO-8859-1,utf-8;q=0.7,*;q=0.7", "Accept": "text/html,application/xhtml+xml,application/xml;q=0.9,*/*;q=0.8", "Accept-Encoding": "gzip, deflate", "Accept-Language": "en-us,en;q=0.5"}}, {"format_id": "278", "url": "https://r1---sn-5njj-u2xl.googlevideo.com/videoplayback?expire=1611764233&ei=qT0RYIkuhvLjAoKXkqgF&ip=140.109.135.76&id=o-AAp9TEoyVbH3dFuhpyv0E-63jx2zT0act9Lx3emrlvMl&itag=278&aitags=133%2C134%2C135%2C136%2C137%2C160%2C242%2C243%2C244%2C247%2C248%2C278&source=youtube&requiressl=yes&mh=5W&mm=31%2C29&mn=sn-5njj-u2xl%2Csn-un57sn7s&ms=au%2Crdu&mv=m&mvi=1&pl=16&gcr=tw&initcwndbps=546250&vprv=1&mime=video%2Fwebm&ns=5DKuOVUxjzKgMVPDjuzJL9kF&gir=yes&clen=328710&dur=264.440&lmt=1570962295304194&mt=1611742362&fvip=1&keepalive=yes&c=WEB&txp=1301222&n=ZGjLU5_wXwLnFgCDfGsp&sparams=expire%2Cei%2Cip%2Cid%2Caitags%2Csource%2Crequiressl%2Cgcr%2Cvprv%2Cmime%2Cns%2Cgir%2Cclen%2Cdur%2Clmt&lsparams=mh%2Cmm%2Cmn%2Cms%2Cmv%2Cmvi%2Cpl%2Cinitcwndbps&lsig=AG3C_xAwRQIgDN9UpD7a-xMR0JoQyO-9otA1TCL8kq53E2Tbe3hH_FcCIQDc4se_xDBaa_mE0SbpeyGQhESYF4bbRujpU4sLbQpDcA%3D%3D&sig=AOq0QJ8wRQIhAO0iWjm90tcj_UVS2LQwEtoOlyTBN6BIqVl9PnkSkH9rAiAR6I3siH0TuyKJ80hZN1H_LzuAx5ZQgmLj_-6eqjTW7w==&ratebypass=yes", "player_url": "/s/player/c6df6ed7/player_ias.vflset/en_US/base.js", "ext": "webm", "height": 144, "format_note": "144p", "container": "webm", "vcodec": "vp9", "asr": null, "filesize": 328710, "fps": 25, "tbr": 12.86, "width": 144, "acodec": "none", "downloader_options": {"http_chunk_size": 10485760}, "format": "278 - 144x144 (144p)", "protocol": "https", "http_headers": {"User-Agent": "Mozilla/5.0 (Windows NT 10.0; Win64; x64) AppleWebKit/537.36 (KHTML, like Gecko) Chrome/72.0.3626.25 Safari/537.36", "Accept-Charset": "ISO-8859-1,utf-8;q=0.7,*;q=0.7", "Accept": "text/html,application/xhtml+xml,application/xml;q=0.9,*/*;q=0.8", "Accept-Encoding": "gzip, deflate", "Accept-Language": "en-us,en;q=0.5"}}, {"format_id": "134", "url": "https://r1---sn-5njj-u2xl.googlevideo.com/videoplayback?expire=1611764233&ei=qT0RYIkuhvLjAoKXkqgF&ip=140.109.135.76&id=o-AAp9TEoyVbH3dFuhpyv0E-63jx2zT0act9Lx3emrlvMl&itag=134&aitags=133%2C134%2C135%2C136%2C137%2C160%2C242%2C243%2C244%2C247%2C248%2C278&source=youtube&requiressl=yes&mh=5W&mm=31%2C29&mn=sn-5njj-u2xl%2Csn-un57sn7s&ms=au%2Crdu&mv=m&mvi=1&pl=16&gcr=tw&initcwndbps=546250&vprv=1&mime=video%2Fmp4&ns=5DKuOVUxjzKgMVPDjuzJL9kF&gir=yes&clen=427336&dur=264.440&lmt=1570962085413640&mt=1611742362&fvip=1&keepalive=yes&c=WEB&txp=1311222&n=ZGjLU5_wXwLnFgCDfGsp&sparams=expire%2Cei%2Cip%2Cid%2Caitags%2Csource%2Crequiressl%2Cgcr%2Cvprv%2Cmime%2Cns%2Cgir%2Cclen%2Cdur%2Clmt&lsparams=mh%2Cmm%2Cmn%2Cms%2Cmv%2Cmvi%2Cpl%2Cinitcwndbps&lsig=AG3C_xAwRgIhANzcHf__VAsXD8VaMRv-aUxFha0HaG_BreNe9wGph0AlAiEAip5dYVRfNYuCRJORBdIsE-Fzu9u7lhFtIiWHsD3_s3A%3D&sig=AOq0QJ8wRQIgesyesCKZtPAh5bz7upiGNKe9ITAIyjSNzrO5NWFfxnoCIQDPDUCqErXHziyQmUs-JFnvxQxrpsVt9TqkTiP54GAeVA==&ratebypass=yes", "player_url": "/s/player/c6df6ed7/player_ias.vflset/en_US/base.js", "ext": "mp4", "height": 360, "format_note": "360p", "vcodec": "avc1.4d4015", "asr": null, "filesize": 427336, "fps": 25, "tbr": 16.612, "width": 360, "acodec": "none", "downloader_options": {"http_chunk_size": 10485760}, "format": "134 - 360x360 (360p)", "protocol": "https", "http_headers": {"User-Agent": "Mozilla/5.0 (Windows NT 10.0; Win64; x64) AppleWebKit/537.36 (KHTML, like Gecko) Chrome/72.0.3626.25 Safari/537.36", "Accept-Charset": "ISO-8859-1,utf-8;q=0.7,*;q=0.7", "Accept": "text/html,application/xhtml+xml,application/xml;q=0.9,*/*;q=0.8", "Accept-Encoding": "gzip, deflate", "Accept-Language": "en-us,en;q=0.5"}}, {"format_id": "160", "url": "https://r1---sn-5njj-u2xl.googlevideo.com/videoplayback?expire=1611764233&ei=qT0RYIkuhvLjAoKXkqgF&ip=140.109.135.76&id=o-AAp9TEoyVbH3dFuhpyv0E-63jx2zT0act9Lx3emrlvMl&itag=160&aitags=133%2C134%2C135%2C136%2C137%2C160%2C242%2C243%2C244%2C247%2C248%2C278&source=youtube&requiressl=yes&mh=5W&mm=31%2C29&mn=sn-5njj-u2xl%2Csn-un57sn7s&ms=au%2Crdu&mv=m&mvi=1&pl=16&gcr=tw&initcwndbps=546250&vprv=1&mime=video%2Fmp4&ns=5DKuOVUxjzKgMVPDjuzJL9kF&gir=yes&clen=451533&dur=264.440&lmt=1570962085415680&mt=1611742362&fvip=1&keepalive=yes&c=WEB&txp=1311222&n=ZGjLU5_wXwLnFgCDfGsp&sparams=expire%2Cei%2Cip%2Cid%2Caitags%2Csource%2Crequiressl%2Cgcr%2Cvprv%2Cmime%2Cns%2Cgir%2Cclen%2Cdur%2Clmt&lsparams=mh%2Cmm%2Cmn%2Cms%2Cmv%2Cmvi%2Cpl%2Cinitcwndbps&lsig=AG3C_xAwRQIgXsbdB2_5jE_rT2kiGHiAUkrNaJEc5JXcZn-Mpiead_8CIQCSyqwGf91F_YzZ89fkG6scS4PMd5P9jCsut1YUmJkwVQ%3D%3D&sig=AOq0QJ8wRQIhAKot035AKcDHoomKSB72ZVomvf0UOB0cGE9GMmjcdt8_AiA_lii2SjmklPzlDY73aUPiIfsuX623ZBZ5UHc75I3vGg==&ratebypass=yes", "player_url": "/s/player/c6df6ed7/player_ias.vflset/en_US/base.js", "ext": "mp4", "height": 144, "format_note": "144p", "vcodec": "avc1.4d400b", "asr": null, "filesize": 451533, "fps": 25, "tbr": 19.725, "width": 144, "acodec": "none", "downloader_options": {"http_chunk_size": 10485760}, "format": "160 - 144x144 (144p)", "protocol": "https", "http_headers": {"User-Agent": "Mozilla/5.0 (Windows NT 10.0; Win64; x64) AppleWebKit/537.36 (KHTML, like Gecko) Chrome/72.0.3626.25 Safari/537.36", "Accept-Charset": "ISO-8859-1,utf-8;q=0.7,*;q=0.7", "Accept": "text/html,application/xhtml+xml,application/xml;q=0.9,*/*;q=0.8", "Accept-Encoding": "gzip, deflate", "Accept-Language": "en-us,en;q=0.5"}}, {"format_id": "242", "url": "https://r1---sn-5njj-u2xl.googlevideo.com/videoplayback?expire=1611764233&ei=qT0RYIkuhvLjAoKXkqgF&ip=140.109.135.76&id=o-AAp9TEoyVbH3dFuhpyv0E-63jx2zT0act9Lx3emrlvMl&itag=242&aitags=133%2C134%2C135%2C136%2C137%2C160%2C242%2C243%2C244%2C247%2C248%2C278&source=youtube&requiressl=yes&mh=5W&mm=31%2C29&mn=sn-5njj-u2xl%2Csn-un57sn7s&ms=au%2Crdu&mv=m&mvi=1&pl=16&gcr=tw&initcwndbps=546250&vprv=1&mime=video%2Fwebm&ns=5DKuOVUxjzKgMVPDjuzJL9kF&gir=yes&clen=478860&dur=264.440&lmt=1570962295292000&mt=1611742362&fvip=1&keepalive=yes&c=WEB&txp=1301222&n=ZGjLU5_wXwLnFgCDfGsp&sparams=expire%2Cei%2Cip%2Cid%2Caitags%2Csource%2Crequiressl%2Cgcr%2Cvprv%2Cmime%2Cns%2Cgir%2Cclen%2Cdur%2Clmt&lsparams=mh%2Cmm%2Cmn%2Cms%2Cmv%2Cmvi%2Cpl%2Cinitcwndbps&lsig=AG3C_xAwRQIgLLPRIXFFv4M0A_6UgaBertkVbgdca2pn9-d0LTq-lI0CIQCHE8cnhyNFQdvsSZQhXxqrcuJhtTlHdF3V_59VGAemzg%3D%3D&sig=AOq0QJ8wRQIhAMuK2uE-1d91ITqkqav-zPwS5tLKocxSRRYXjIWEExzAAiAVPuRHbpijXptsfCUQEolT22FS62fShbDwfCM2hHITog==&ratebypass=yes", "player_url": "/s/player/c6df6ed7/player_ias.vflset/en_US/base.js", "ext": "webm", "height": 240, "format_note": "240p", "vcodec": "vp9", "asr": null, "filesize": 478860, "fps": 25, "tbr": 19.893, "width": 240, "acodec": "none", "downloader_options": {"http_chunk_size": 10485760}, "format": "242 - 240x240 (240p)", "protocol": "https", "http_headers": {"User-Agent": "Mozilla/5.0 (Windows NT 10.0; Win64; x64) AppleWebKit/537.36 (KHTML, like Gecko) Chrome/72.0.3626.25 Safari/537.36", "Accept-Charset": "ISO-8859-1,utf-8;q=0.7,*;q=0.7", "Accept": "text/html,application/xhtml+xml,application/xml;q=0.9,*/*;q=0.8", "Accept-Encoding": "gzip, deflate", "Accept-Language": "en-us,en;q=0.5"}}, {"format_id": "135", "url": "https://r1---sn-5njj-u2xl.googlevideo.com/videoplayback?expire=1611764233&ei=qT0RYIkuhvLjAoKXkqgF&ip=140.109.135.76&id=o-AAp9TEoyVbH3dFuhpyv0E-63jx2zT0act9Lx3emrlvMl&itag=135&aitags=133%2C134%2C135%2C136%2C137%2C160%2C242%2C243%2C244%2C247%2C248%2C278&source=youtube&requiressl=yes&mh=5W&mm=31%2C29&mn=sn-5njj-u2xl%2Csn-un57sn7s&ms=au%2Crdu&mv=m&mvi=1&pl=16&gcr=tw&initcwndbps=546250&vprv=1&mime=video%2Fmp4&ns=5DKuOVUxjzKgMVPDjuzJL9kF&gir=yes&clen=611577&dur=264.440&lmt=1570962090014246&mt=1611742362&fvip=1&keepalive=yes&c=WEB&txp=1311222&n=ZGjLU5_wXwLnFgCDfGsp&sparams=expire%2Cei%2Cip%2Cid%2Caitags%2Csource%2Crequiressl%2Cgcr%2Cvprv%2Cmime%2Cns%2Cgir%2Cclen%2Cdur%2Clmt&lsparams=mh%2Cmm%2Cmn%2Cms%2Cmv%2Cmvi%2Cpl%2Cinitcwndbps&lsig=AG3C_xAwRQIgV66ZqBHDh16lGS_vVJAvlRLp-roLCSC_j24LXDv3fUICIQDLgSEmDm1ECUB5ZXptGElfIKCYbbfGXchJdVK_cIadQw%3D%3D&sig=AOq0QJ8wRQIhAL6IE09I-G_KAP8r1fD_nd2Ka-tdincvWJQb73u0mOCSAiAPRBqTSMVsK1bfYCOoTEVh-BN2IHO3n6H_lkaIDhgrEQ==&ratebypass=yes", "player_url": "/s/player/c6df6ed7/player_ias.vflset/en_US/base.js", "ext": "mp4", "height": 480, "format_note": "480p", "vcodec": "avc1.4d401e", "asr": null, "filesize": 611577, "fps": 25, "tbr": 23.361, "width": 480, "acodec": "none", "downloader_options": {"http_chunk_size": 10485760}, "format": "135 - 480x480 (480p)", "protocol": "https", "http_headers": {"User-Agent": "Mozilla/5.0 (Windows NT 10.0; Win64; x64) AppleWebKit/537.36 (KHTML, like Gecko) Chrome/72.0.3626.25 Safari/537.36", "Accept-Charset": "ISO-8859-1,utf-8;q=0.7,*;q=0.7", "Accept": "text/html,application/xhtml+xml,application/xml;q=0.9,*/*;q=0.8", "Accept-Encoding": "gzip, deflate", "Accept-Language": "en-us,en;q=0.5"}}, {"format_id": "243", "url": "https://r1---sn-5njj-u2xl.googlevideo.com/videoplayback?expire=1611764233&ei=qT0RYIkuhvLjAoKXkqgF&ip=140.109.135.76&id=o-AAp9TEoyVbH3dFuhpyv0E-63jx2zT0act9Lx3emrlvMl&itag=243&aitags=133%2C134%2C135%2C136%2C137%2C160%2C242%2C243%2C244%2C247%2C248%2C278&source=youtube&requiressl=yes&mh=5W&mm=31%2C29&mn=sn-5njj-u2xl%2Csn-un57sn7s&ms=au%2Crdu&mv=m&mvi=1&pl=16&gcr=tw&initcwndbps=546250&vprv=1&mime=video%2Fwebm&ns=5DKuOVUxjzKgMVPDjuzJL9kF&gir=yes&clen=632546&dur=264.440&lmt=1570962295309664&mt=1611742362&fvip=1&keepalive=yes&c=WEB&txp=1301222&n=ZGjLU5_wXwLnFgCDfGsp&sparams=expire%2Cei%2Cip%2Cid%2Caitags%2Csource%2Crequiressl%2Cgcr%2Cvprv%2Cmime%2Cns%2Cgir%2Cclen%2Cdur%2Clmt&lsparams=mh%2Cmm%2Cmn%2Cms%2Cmv%2Cmvi%2Cpl%2Cinitcwndbps&lsig=AG3C_xAwRQIhAJ9UeoLUUMWf_0bqXmt7Ck1OqevmCA3ZSGtMfBO9infXAiAlUUAYV6i7R0xQ1sHm-B-V1ezvjPnAg8sF4AJBUzAM3w%3D%3D&sig=AOq0QJ8wRQIhAIGUvBZuopzIS2uIRdGD5ZB5jekiSEebnb7GDoi999EJAiAx68nMIIltXbtVyzDtLnBNJBiy1AQUXVVEbv3ts3TUgg==&ratebypass=yes", "player_url": "/s/player/c6df6ed7/player_ias.vflset/en_US/base.js", "ext": "webm", "height": 360, "format_note": "360p", "vcodec": "vp9", "asr": null, "filesize": 632546, "fps": 25, "tbr": 26.819, "width": 360, "acodec": "none", "downloader_options": {"http_chunk_size": 10485760}, "format": "243 - 360x360 (360p)", "protocol": "https", "http_headers": {"User-Agent": "Mozilla/5.0 (Windows NT 10.0; Win64; x64) AppleWebKit/537.36 (KHTML, like Gecko) Chrome/72.0.3626.25 Safari/537.36", "Accept-Charset": "ISO-8859-1,utf-8;q=0.7,*;q=0.7", "Accept": "text/html,application/xhtml+xml,application/xml;q=0.9,*/*;q=0.8", "Accept-Encoding": "gzip, deflate", "Accept-Language": "en-us,en;q=0.5"}}, {"format_id": "133", "url": "https://r1---sn-5njj-u2xl.googlevideo.com/videoplayback?expire=1611764233&ei=qT0RYIkuhvLjAoKXkqgF&ip=140.109.135.76&id=o-AAp9TEoyVbH3dFuhpyv0E-63jx2zT0act9Lx3emrlvMl&itag=133&aitags=133%2C134%2C135%2C136%2C137%2C160%2C242%2C243%2C244%2C247%2C248%2C278&source=youtube&requiressl=yes&mh=5W&mm=31%2C29&mn=sn-5njj-u2xl%2Csn-un57sn7s&ms=au%2Crdu&mv=m&mvi=1&pl=16&gcr=tw&initcwndbps=546250&vprv=1&mime=video%2Fmp4&ns=5DKuOVUxjzKgMVPDjuzJL9kF&gir=yes&clen=701113&dur=264.440&lmt=1570962085213438&mt=1611742362&fvip=1&keepalive=yes&c=WEB&txp=1311222&n=ZGjLU5_wXwLnFgCDfGsp&sparams=expire%2Cei%2Cip%2Cid%2Caitags%2Csource%2Crequiressl%2Cgcr%2Cvprv%2Cmime%2Cns%2Cgir%2Cclen%2Cdur%2Clmt&lsparams=mh%2Cmm%2Cmn%2Cms%2Cmv%2Cmvi%2Cpl%2Cinitcwndbps&lsig=AG3C_xAwRgIhAKlb9QksiMLWPcoHj1tZkN6YMWdrNeB6CHO96D7ZPehtAiEA35ctaNDXqU9c993c0Riu3tbjHBVQAoCgyKOGf4VLjVo%3D&sig=AOq0QJ8wRQIgN9gn1LUyBCiUQ5tSVvvwBBruw2eSdZZpEww6W4o-BH0CIQDXwOr-Mj8fKxHCJE4X-R1WHwQzkQn5uxdamifk9deUVQ==&ratebypass=yes", "player_url": "/s/player/c6df6ed7/player_ias.vflset/en_US/base.js", "ext": "mp4", "height": 240, "format_note": "240p", "vcodec": "avc1.4d400c", "asr": null, "filesize": 701113, "fps": 25, "tbr": 32.93, "width": 240, "acodec": "none", "downloader_options": {"http_chunk_size": 10485760}, "format": "133 - 240x240 (240p)", "protocol": "https", "http_headers": {"User-Agent": "Mozilla/5.0 (Windows NT 10.0; Win64; x64) AppleWebKit/537.36 (KHTML, like Gecko) Chrome/72.0.3626.25 Safari/537.36", "Accept-Charset": "ISO-8859-1,utf-8;q=0.7,*;q=0.7", "Accept": "text/html,application/xhtml+xml,application/xml;q=0.9,*/*;q=0.8", "Accept-Encoding": "gzip, deflate", "Accept-Language": "en-us,en;q=0.5"}}, {"format_id": "136", "url": "https://r1---sn-5njj-u2xl.googlevideo.com/videoplayback?expire=1611764233&ei=qT0RYIkuhvLjAoKXkqgF&ip=140.109.135.76&id=o-AAp9TEoyVbH3dFuhpyv0E-63jx2zT0act9Lx3emrlvMl&itag=136&aitags=133%2C134%2C135%2C136%2C137%2C160%2C242%2C243%2C244%2C247%2C248%2C278&source=youtube&requiressl=yes&mh=5W&mm=31%2C29&mn=sn-5njj-u2xl%2Csn-un57sn7s&ms=au%2Crdu&mv=m&mvi=1&pl=16&gcr=tw&initcwndbps=546250&vprv=1&mime=video%2Fmp4&ns=5DKuOVUxjzKgMVPDjuzJL9kF&gir=yes&clen=850308&dur=264.440&lmt=1570962088917256&mt=1611742362&fvip=1&keepalive=yes&c=WEB&txp=1311222&n=ZGjLU5_wXwLnFgCDfGsp&sparams=expire%2Cei%2Cip%2Cid%2Caitags%2Csource%2Crequiressl%2Cgcr%2Cvprv%2Cmime%2Cns%2Cgir%2Cclen%2Cdur%2Clmt&lsparams=mh%2Cmm%2Cmn%2Cms%2Cmv%2Cmvi%2Cpl%2Cinitcwndbps&lsig=AG3C_xAwRQIhAKH0gkUhmPHmfk9X2dFU9Qp7_fsTNJpjgAMURou9px8cAiAmNLFtYncnvQGllqF093daiIMpFfWs7bgXtRLlNYyC7w%3D%3D&sig=AOq0QJ8wRgIhALNBEJ2lHsis5zrPgwxJd-77ZrxXRwHSAVAATDbgxAKaAiEA_7osmwiKQzkCFL0EZu9aAasFp1_frNGRVcZOs0PZGnc=&ratebypass=yes", "player_url": "/s/player/c6df6ed7/player_ias.vflset/en_US/base.js", "ext": "mp4", "height": 720, "format_note": "720p", "vcodec": "avc1.4d401f", "asr": null, "filesize": 850308, "fps": 25, "tbr": 35.149, "width": 720, "acodec": "none", "downloader_options": {"http_chunk_size": 10485760}, "format": "136 - 720x720 (720p)", "protocol": "https", "http_headers": {"User-Agent": "Mozilla/5.0 (Windows NT 10.0; Win64; x64) AppleWebKit/537.36 (KHTML, like Gecko) Chrome/72.0.3626.25 Safari/537.36", "Accept-Charset": "ISO-8859-1,utf-8;q=0.7,*;q=0.7", "Accept": "text/html,application/xhtml+xml,application/xml;q=0.9,*/*;q=0.8", "Accept-Encoding": "gzip, deflate", "Accept-Language": "en-us,en;q=0.5"}}, {"format_id": "244", "url": "https://r1---sn-5njj-u2xl.googlevideo.com/videoplayback?expire=1611764233&ei=qT0RYIkuhvLjAoKXkqgF&ip=140.109.135.76&id=o-AAp9TEoyVbH3dFuhpyv0E-63jx2zT0act9Lx3emrlvMl&itag=244&aitags=133%2C134%2C135%2C136%2C137%2C160%2C242%2C243%2C244%2C247%2C248%2C278&source=youtube&requiressl=yes&mh=5W&mm=31%2C29&mn=sn-5njj-u2xl%2Csn-un57sn7s&ms=au%2Crdu&mv=m&mvi=1&pl=16&gcr=tw&initcwndbps=546250&vprv=1&mime=video%2Fwebm&ns=5DKuOVUxjzKgMVPDjuzJL9kF&gir=yes&clen=830570&dur=264.440&lmt=1570962295304154&mt=1611742362&fvip=1&keepalive=yes&c=WEB&txp=1301222&n=ZGjLU5_wXwLnFgCDfGsp&sparams=expire%2Cei%2Cip%2Cid%2Caitags%2Csource%2Crequiressl%2Cgcr%2Cvprv%2Cmime%2Cns%2Cgir%2Cclen%2Cdur%2Clmt&lsparams=mh%2Cmm%2Cmn%2Cms%2Cmv%2Cmvi%2Cpl%2Cinitcwndbps&lsig=AG3C_xAwRQIhAJwvRISZyJ_XYvs15bH6SaAerUNMMzsUSmwpLD2YC-CjAiBcF9CjvCEfLOfoaW1ig35mpMM4LTkvt3aTBPen4a03HQ%3D%3D&sig=AOq0QJ8wRgIhANwl7nHkpXfqjsC3N74Nc93-5bM9iZ0aGZ7a05KRwXpDAiEAwgao4Ca-81UYny1j4xAl7vDFCGIStJjT0Rexyf8YtP8=&ratebypass=yes", "player_url": "/s/player/c6df6ed7/player_ias.vflset/en_US/base.js", "ext": "webm", "height": 480, "format_note": "480p", "vcodec": "vp9", "asr": null, "filesize": 830570, "fps": 25, "tbr": 35.992, "width": 480, "acodec": "none", "downloader_options": {"http_chunk_size": 10485760}, "format": "244 - 480x480 (480p)", "protocol": "https", "http_headers": {"User-Agent": "Mozilla/5.0 (Windows NT 10.0; Win64; x64) AppleWebKit/537.36 (KHTML, like Gecko) Chrome/72.0.3626.25 Safari/537.36", "Accept-Charset": "ISO-8859-1,utf-8;q=0.7,*;q=0.7", "Accept": "text/html,application/xhtml+xml,application/xml;q=0.9,*/*;q=0.8", "Accept-Encoding": "gzip, deflate", "Accept-Language": "en-us,en;q=0.5"}}, {"format_id": "247", "url": "https://r1---sn-5njj-u2xl.googlevideo.com/videoplayback?expire=1611764233&ei=qT0RYIkuhvLjAoKXkqgF&ip=140.109.135.76&id=o-AAp9TEoyVbH3dFuhpyv0E-63jx2zT0act9Lx3emrlvMl&itag=247&aitags=133%2C134%2C135%2C136%2C137%2C160%2C242%2C243%2C244%2C247%2C248%2C278&source=youtube&requiressl=yes&mh=5W&mm=31%2C29&mn=sn-5njj-u2xl%2Csn-un57sn7s&ms=au%2Crdu&mv=m&mvi=1&pl=16&gcr=tw&initcwndbps=546250&vprv=1&mime=video%2Fwebm&ns=5DKuOVUxjzKgMVPDjuzJL9kF&gir=yes&clen=1369342&dur=264.440&lmt=1570962295307192&mt=1611742362&fvip=1&keepalive=yes&c=WEB&txp=1301222&n=ZGjLU5_wXwLnFgCDfGsp&sparams=expire%2Cei%2Cip%2Cid%2Caitags%2Csource%2Crequiressl%2Cgcr%2Cvprv%2Cmime%2Cns%2Cgir%2Cclen%2Cdur%2Clmt&lsparams=mh%2Cmm%2Cmn%2Cms%2Cmv%2Cmvi%2Cpl%2Cinitcwndbps&lsig=AG3C_xAwRQIgE0ryLGyAAnOQoRYb8yigLooJCfK-A5HL1M1Y2PNr2lsCIQDCAWE1HeoHO3YYgohXVMZxT4cOuU3A-Y08fYkS-QabyA%3D%3D&sig=AOq0QJ8wRgIhAMxaUSrXqDArw8vJxYgGzX6mmGvawz1xUsS3EB6StL-YAiEAhbEjEgegzNrmBvdw846RjNOKvpzXWYwho1u1gVjaH34=&ratebypass=yes", "player_url": "/s/player/c6df6ed7/player_ias.vflset/en_US/base.js", "ext": "webm", "height": 720, "format_note": "720p", "vcodec": "vp9", "asr": null, "filesize": 1369342, "fps": 25, "tbr": 59.568, "width": 720, "acodec": "none", "downloader_options": {"http_chunk_size": 10485760}, "format": "247 - 720x720 (720p)", "protocol": "https", "http_headers": {"User-Agent": "Mozilla/5.0 (Windows NT 10.0; Win64; x64) AppleWebKit/537.36 (KHTML, like Gecko) Chrome/72.0.3626.25 Safari/537.36", "Accept-Charset": "ISO-8859-1,utf-8;q=0.7,*;q=0.7", "Accept": "text/html,application/xhtml+xml,application/xml;q=0.9,*/*;q=0.8", "Accept-Encoding": "gzip, deflate", "Accept-Language": "en-us,en;q=0.5"}}, {"format_id": "137", "url": "https://r1---sn-5njj-u2xl.googlevideo.com/videoplayback?expire=1611764233&ei=qT0RYIkuhvLjAoKXkqgF&ip=140.109.135.76&id=o-AAp9TEoyVbH3dFuhpyv0E-63jx2zT0act9Lx3emrlvMl&itag=137&aitags=133%2C134%2C135%2C136%2C137%2C160%2C242%2C243%2C244%2C247%2C248%2C278&source=youtube&requiressl=yes&mh=5W&mm=31%2C29&mn=sn-5njj-u2xl%2Csn-un57sn7s&ms=au%2Crdu&mv=m&mvi=1&pl=16&gcr=tw&initcwndbps=546250&vprv=1&mime=video%2Fmp4&ns=5DKuOVUxjzKgMVPDjuzJL9kF&gir=yes&clen=1605757&dur=264.440&lmt=1570962090524644&mt=1611742362&fvip=1&keepalive=yes&c=WEB&txp=1311222&n=ZGjLU5_wXwLnFgCDfGsp&sparams=expire%2Cei%2Cip%2Cid%2Caitags%2Csource%2Crequiressl%2Cgcr%2Cvprv%2Cmime%2Cns%2Cgir%2Cclen%2Cdur%2Clmt&lsparams=mh%2Cmm%2Cmn%2Cms%2Cmv%2Cmvi%2Cpl%2Cinitcwndbps&lsig=AG3C_xAwRgIhAL8voYI39OOq4jyKp6EioapEEy2VcREiI977496b0w9BAiEA7yJC9QoMVED_goav-Xn_UxvCL7gB-FzvZV_8fS2E-8o%3D&sig=AOq0QJ8wRAIgHym6BOdQeA90WI-fW7sXw4G8nzJVvb6w3qQnY9BXRFkCIEYc4EgRDjXgM7D-pGjf6P3j8kt9RkrRtPpYIKlP_C2v&ratebypass=yes", "player_url": "/s/player/c6df6ed7/player_ias.vflset/en_US/base.js", "ext": "mp4", "height": 1080, "format_note": "1080p", "vcodec": "avc1.640020", "asr": null, "filesize": 1605757, "fps": 25, "tbr": 60.481, "width": 1080, "acodec": "none", "downloader_options": {"http_chunk_size": 10485760}, "format": "137 - 1080x1080 (1080p)", "protocol": "https", "http_headers": {"User-Agent": "Mozilla/5.0 (Windows NT 10.0; Win64; x64) AppleWebKit/537.36 (KHTML, like Gecko) Chrome/72.0.3626.25 Safari/537.36", "Accept-Charset": "ISO-8859-1,utf-8;q=0.7,*;q=0.7", "Accept": "text/html,application/xhtml+xml,application/xml;q=0.9,*/*;q=0.8", "Accept-Encoding": "gzip, deflate", "Accept-Language": "en-us,en;q=0.5"}}, {"format_id": "248", "url": "https://r1---sn-5njj-u2xl.googlevideo.com/videoplayback?expire=1611764233&ei=qT0RYIkuhvLjAoKXkqgF&ip=140.109.135.76&id=o-AAp9TEoyVbH3dFuhpyv0E-63jx2zT0act9Lx3emrlvMl&itag=248&aitags=133%2C134%2C135%2C136%2C137%2C160%2C242%2C243%2C244%2C247%2C248%2C278&source=youtube&requiressl=yes&mh=5W&mm=31%2C29&mn=sn-5njj-u2xl%2Csn-un57sn7s&ms=au%2Crdu&mv=m&mvi=1&pl=16&gcr=tw&initcwndbps=546250&vprv=1&mime=video%2Fwebm&ns=5DKuOVUxjzKgMVPDjuzJL9kF&gir=yes&clen=2061802&dur=264.440&lmt=1570962275190788&mt=1611742362&fvip=1&keepalive=yes&c=WEB&txp=1301222&n=ZGjLU5_wXwLnFgCDfGsp&sparams=expire%2Cei%2Cip%2Cid%2Caitags%2Csource%2Crequiressl%2Cgcr%2Cvprv%2Cmime%2Cns%2Cgir%2Cclen%2Cdur%2Clmt&lsparams=mh%2Cmm%2Cmn%2Cms%2Cmv%2Cmvi%2Cpl%2Cinitcwndbps&lsig=AG3C_xAwRQIhAMP7Xzcs25Yn5tL2IeqUqnCCQpgaAUCp93r0liE19HUqAiAckkNiMFXFwXCslNiCgNhXb-EjUqopQSfnpL1sgGRwRw%3D%3D&sig=AOq0QJ8wRgIhAOOigBU-VSeyz6IaoFkkShxfpkFwRRLWeYDZ-x-YB23GAiEA3WYfx_PTg2o3W8fpLooVvL7Jgv52P2Atl73-9oDefZ4=&ratebypass=yes", "player_url": "/s/player/c6df6ed7/player_ias.vflset/en_US/base.js", "ext": "webm", "height": 1080, "format_note": "1080p", "vcodec": "vp9", "asr": null, "filesize": 2061802, "fps": 25, "tbr": 91.592, "width": 1080, "acodec": "none", "downloader_options": {"http_chunk_size": 10485760}, "format": "248 - 1080x1080 (1080p)", "protocol": "https", "http_headers": {"User-Agent": "Mozilla/5.0 (Windows NT 10.0; Win64; x64) AppleWebKit/537.36 (KHTML, like Gecko) Chrome/72.0.3626.25 Safari/537.36", "Accept-Charset": "ISO-8859-1,utf-8;q=0.7,*;q=0.7", "Accept": "text/html,application/xhtml+xml,application/xml;q=0.9,*/*;q=0.8", "Accept-Encoding": "gzip, deflate", "Accept-Language": "en-us,en;q=0.5"}}, {"format_id": "18", "url": "https://r1---sn-5njj-u2xl.googlevideo.com/videoplayback?expire=1611764233&ei=qT0RYIkuhvLjAoKXkqgF&ip=140.109.135.76&id=o-AAp9TEoyVbH3dFuhpyv0E-63jx2zT0act9Lx3emrlvMl&itag=18&source=youtube&requiressl=yes&mh=5W&mm=31%2C29&mn=sn-5njj-u2xl%2Csn-un57sn7s&ms=au%2Crdu&mv=m&mvi=1&pl=16&gcr=tw&initcwndbps=546250&vprv=1&mime=video%2Fmp4&ns=KFm4eDTnP73GSbqJn_AiTBcF&gir=yes&clen=4437242&ratebypass=yes&dur=264.521&lmt=1570962078994417&mt=1611742362&fvip=1&c=WEB&txp=1311222&n=Jzynl0hqmCnD-hH3C184&sparams=expire%2Cei%2Cip%2Cid%2Citag%2Csource%2Crequiressl%2Cgcr%2Cvprv%2Cmime%2Cns%2Cgir%2Cclen%2Cratebypass%2Cdur%2Clmt&lsparams=mh%2Cmm%2Cmn%2Cms%2Cmv%2Cmvi%2Cpl%2Cinitcwndbps&lsig=AG3C_xAwRgIhALIi-0ImP8BDi3L8mpMV-DxTZkz6VQEEGZb_BPCaPbwnAiEA8AZ224tM7P2cqm5H3aHtvG--icNTPstSTdU_JUDY97A%3D&sig=AOq0QJ8wRQIhAJeDdZIM5EnY_Yzfj-IsyLJruCHwvwpv2s-eXYNjLKiyAiAdujLU1BjoJOoYN0AO-858GboHHCTSBU7LdyEsNCSx-Q==", "player_url": "/s/player/c6df6ed7/player_ias.vflset/en_US/base.js", "ext": "mp4", "width": 360, "height": 360, "acodec": "mp4a.40.2", "abr": 96, "vcodec": "avc1.42001E", "asr": 44100, "filesize": 4437242, "format_note": "360p", "fps": 25, "tbr": 134.238, "format": "18 - 360x360 (360p)", "protocol": "https", "http_headers": {"User-Agent": "Mozilla/5.0 (Windows NT 10.0; Win64; x64) AppleWebKit/537.36 (KHTML, like Gecko) Chrome/72.0.3626.25 Safari/537.36", "Accept-Charset": "ISO-8859-1,utf-8;q=0.7,*;q=0.7", "Accept": "text/html,application/xhtml+xml,application/xml;q=0.9,*/*;q=0.8", "Accept-Encoding": "gzip, deflate", "Accept-Language": "en-us,en;q=0.5"}}], "is_live": null, "start_time": null, "end_time": null, "series": null, "season_number": null, "episode_number": null, "track": "Last Wave", "artist": "Elijah Bossenbroek", "album": "7: 12 AM", "release_date": "20171016", "release_year": 2017, "extractor": "youtube", "webpage_url_basename": "watch", "extractor_key": "Youtube", "playlist": null, "playlist_index": null, "thumbnail": "https://i.ytimg.com/vi_webp/Er-F1K1xV-k/maxresdefault.webp", "display_id": "Er-F1K1xV-k", "requested_subtitles": null, "format_id": "251", "url": "https://r1---sn-5njj-u2xl.googlevideo.com/videoplayback?expire=1611764233&ei=qT0RYIkuhvLjAoKXkqgF&ip=140.109.135.76&id=o-AAp9TEoyVbH3dFuhpyv0E-63jx2zT0act9Lx3emrlvMl&itag=251&source=youtube&requiressl=yes&mh=5W&mm=31%2C29&mn=sn-5njj-u2xl%2Csn-un57sn7s&ms=au%2Crdu&mv=m&mvi=1&pl=16&gcr=tw&initcwndbps=546250&vprv=1&mime=audio%2Fwebm&ns=5DKuOVUxjzKgMVPDjuzJL9kF&gir=yes&clen=4719046&dur=264.481&lmt=1570962266771799&mt=1611742362&fvip=1&keepalive=yes&c=WEB&txp=1301222&n=ZGjLU5_wXwLnFgCDfGsp&sparams=expire%2Cei%2Cip%2Cid%2Citag%2Csource%2Crequiressl%2Cgcr%2Cvprv%2Cmime%2Cns%2Cgir%2Cclen%2Cdur%2Clmt&lsparams=mh%2Cmm%2Cmn%2Cms%2Cmv%2Cmvi%2Cpl%2Cinitcwndbps&lsig=AG3C_xAwRAIgKgLjJgwPDeYKMyr4Aq4kgccjXTVWk3QZXxrNRzTBI_oCICQrp1dMinRnFJf3-c8JaIj07C0EFUih26OVOQ6sBwhS&sig=AOq0QJ8wRQIgLSHfzXO5WwxbMjG_RdRnhgbHqjl9Chr6ibF8pB3_NYACIQC8nmxKLIxZpdoxpEPJz1EFakayXpNia4VY5rRfhz9b0Q==&ratebypass=yes", "player_url": "/s/player/c6df6ed7/player_ias.vflset/en_US/base.js", "ext": "webm", "format_note": "tiny", "acodec": "opus", "abr": 160, "asr": 48000, "filesize": 4719046, "fps": null, "height": null, "tbr": 160.663, "width": null, "vcodec": "none", "downloader_options": {"http_chunk_size": 10485760}, "format": "251 - audio only (tiny)", "protocol": "https", "http_headers": {"User-Agent": "Mozilla/5.0 (Windows NT 10.0; Win64; x64) AppleWebKit/537.36 (KHTML, like Gecko) Chrome/72.0.3626.25 Safari/537.36", "Accept-Charset": "ISO-8859-1,utf-8;q=0.7,*;q=0.7", "Accept": "text/html,application/xhtml+xml,application/xml;q=0.9,*/*;q=0.8", "Accept-Encoding": "gzip, deflate", "Accept-Language": "en-us,en;q=0.5"}}