{"id": "ijfxkQPAQdE", "uploader": "Laurie Th\u00e9berge", "uploader_id": "UCS_eQYb7OAZJ_MOcdlKVg1w", "uploader_url": "http://www.youtube.com/channel/UCS_eQYb7OAZJ_MOcdlKVg1w", "channel_id": "UCS_eQYb7OAZJ_MOcdlKVg1w", "channel_url": "http://www.youtube.com/channel/UCS_eQYb7OAZJ_MOcdlKVg1w", "upload_date": "20200413", "license": null, "creator": null, "title": "Interstellar - Quantifiable connection (Piano Cover)", "alt_title": null, "thumbnails": [{"url": "https://i.ytimg.com/vi/ijfxkQPAQdE/hqdefault.jpg?sqp=-oaymwEYCKgBEF5IVfKriqkDCwgBFQAAiEIYAXAB&rs=AOn4CLAZCn4V4NHIwDMXrwU5FNu3eZQwSA", "width": 168, "height": 94, "resolution": "168x94", "id": "0"}, {"url": "https://i.ytimg.com/vi/ijfxkQPAQdE/hqdefault.jpg?sqp=-oaymwEYCMQBEG5IVfKriqkDCwgBFQAAiEIYAXAB&rs=AOn4CLCSR_LJ6kMeCWitqeRBjyHGZZHIaQ", "width": 196, "height": 110, "resolution": "196x110", "id": "1"}, {"url": "https://i.ytimg.com/vi/ijfxkQPAQdE/hqdefault.jpg?sqp=-oaymwEZCPYBEIoBSFXyq4qpAwsIARUAAIhCGAFwAQ==&rs=AOn4CLB12P3d2iQ-MSd4cfeeaKZHaxi3xg", "width": 246, "height": 138, "resolution": "246x138", "id": "2"}, {"url": "https://i.ytimg.com/vi/ijfxkQPAQdE/hqdefault.jpg?sqp=-oaymwEZCNACELwBSFXyq4qpAwsIARUAAIhCGAFwAQ==&rs=AOn4CLAufxTWWux4CDWW-PM5nkOfMThaKw", "width": 336, "height": 188, "resolution": "336x188", "id": "3"}, {"url": "https://i.ytimg.com/vi_webp/ijfxkQPAQdE/maxresdefault.webp", "width": 1920, "height": 1080, "resolution": "1920x1080", "id": "4"}], "description": "Hello there,\nSo I really love this unreleased piece of music from the movie Interstellar. It is when Cooper, trapped in the 5th dimension, finds out that he brought himself to Nasa to begin the mission, and transmit the data from the blackhole to Murph via morse code in the watch. Very good moment and the music is so pretty and full of hope.\nI worked hard during the last week to make an arrangment since I can't find any already existing. I am happy with it and hope you like it too. Since it is the main theme over and over again during 4min, it was hard to manage to make it sound a bit different every time and make it sound as though there is a progression happening. I hope I did not fail to that.\nI hope you like it!", "categories": ["Music"], "tags": null, "subtitles": {}, "automatic_captions": {}, "duration": 215, "age_limit": 0, "annotations": null, "chapters": null, "webpage_url": "https://www.youtube.com/watch?v=ijfxkQPAQdE", "view_count": 2093, "like_count": 105, "dislike_count": 2, "average_rating": 4.9622641, "formats": [{"ext": "m4a", "format_note": "DASH audio", "acodec": "mp4a.40.5", "abr": 48, "container": "m4a_dash", "format_id": "139", "manifest_url": "https://manifest.googlevideo.com/api/manifest/dash/expire/1608485383/ei/pzXfX5aeKLavs8IPjY6ZoAo/ip/140.109.135.76/id/8a37f19103c041d1/source/youtube/requiressl/yes/playback_host/r6---sn-5njj-u2xl.googlevideo.com/mh/CV/mm/31%2C29/mn/sn-5njj-u2xl%2Csn-un57en7e/ms/au%2Crdu/mv/m/mvi/6/pcm2cms/yes/pl/16/hfr/all/as/fmp4_audio_clear%2Cwebm_audio_clear%2Cwebm2_audio_clear%2Cfmp4_sd_hd_clear%2Cwebm2_sd_hd_clear/initcwndbps/690000/vprv/1/mt/1608463244/fvip/6/keepalive/yes/itag/0/sparams/expire%2Cei%2Cip%2Cid%2Csource%2Crequiressl%2Chfr%2Cas%2Cvprv%2Citag/sig/AOq0QJ8wRQIhAIlMHndjkogODdqj-dkdK-Ys1LTLq85vvWr4FIN91B9nAiAj-msbI1kBWtlG-Rr_86j0B_KLxpOpDTa_t4RcO-Ibew%3D%3D/lsparams/playback_host%2Cmh%2Cmm%2Cmn%2Cms%2Cmv%2Cmvi%2Cpcm2cms%2Cpl%2Cinitcwndbps/lsig/AG3C_xAwRgIhAOSMlxDHitfBxBFfLo2XSk5GP60BKExbh8Gn6Wu8c8oWAiEA93P5hAEu-hFS1OnQiYoRrEYY9_P7ZOF9fPz9HaM_Zro%3D", "width": null, "height": null, "tbr": 50.05, "asr": 22050, "fps": null, "language": null, "filesize": null, "vcodec": "none", "url": "https://manifest.googlevideo.com/api/manifest/dash/expire/1608485383/ei/pzXfX5aeKLavs8IPjY6ZoAo/ip/140.109.135.76/id/8a37f19103c041d1/source/youtube/requiressl/yes/playback_host/r6---sn-5njj-u2xl.googlevideo.com/mh/CV/mm/31%2C29/mn/sn-5njj-u2xl%2Csn-un57en7e/ms/au%2Crdu/mv/m/mvi/6/pcm2cms/yes/pl/16/hfr/all/as/fmp4_audio_clear%2Cwebm_audio_clear%2Cwebm2_audio_clear%2Cfmp4_sd_hd_clear%2Cwebm2_sd_hd_clear/initcwndbps/690000/vprv/1/mt/1608463244/fvip/6/keepalive/yes/itag/0/sparams/expire%2Cei%2Cip%2Cid%2Csource%2Crequiressl%2Chfr%2Cas%2Cvprv%2Citag/sig/AOq0QJ8wRQIhAIlMHndjkogODdqj-dkdK-Ys1LTLq85vvWr4FIN91B9nAiAj-msbI1kBWtlG-Rr_86j0B_KLxpOpDTa_t4RcO-Ibew%3D%3D/lsparams/playback_host%2Cmh%2Cmm%2Cmn%2Cms%2Cmv%2Cmvi%2Cpcm2cms%2Cpl%2Cinitcwndbps/lsig/AG3C_xAwRgIhAOSMlxDHitfBxBFfLo2XSk5GP60BKExbh8Gn6Wu8c8oWAiEA93P5hAEu-hFS1OnQiYoRrEYY9_P7ZOF9fPz9HaM_Zro%3D", "fragment_base_url": "https://r6---sn-5njj-u2xl.googlevideo.com/videoplayback/expire/1608485383/ei/pzXfX5aeKLavs8IPjY6ZoAo/ip/140.109.135.76/id/8a37f19103c041d1/itag/139/source/youtube/requiressl/yes/mh/CV/mm/31,29/mn/sn-5njj-u2xl,sn-un57en7e/ms/au,rdu/mv/m/mvi/6/pcm2cms/yes/pl/16/initcwndbps/690000/vprv/1/ratebypass/yes/mime/audio%2Fmp4/otfp/1/gir/yes/clen/1311829/lmt/1586814083589372/dur/214.923/mt/1608463244/fvip/6/keepalive/yes/sparams/expire,ei,ip,id,itag,source,requiressl,vprv,ratebypass,mime,otfp,gir,clen,lmt,dur/sig/AOq0QJ8wRgIhAONRmQo0xD3G6qS_ahwCFexNtfgVBdfWitWoYJtHGmXwAiEAhVhLdkUZ3l4RHltg91YzQTPyXhaAvuk8gZ691TxQDX8%3D/lsparams/mh,mm,mn,ms,mv,mvi,pcm2cms,pl,initcwndbps/lsig/AG3C_xAwRgIhAJ6U-yZvcJcgIT3FQTIotWpwnCcP_asGdxzOXRNWTWOMAiEA1j7UQC7aUWISWqmMHTdncLVORz9EWLxha_FYjGl2nFA%3D/", "fragments": [{"path": "range/0-640"}, {"path": "range/937-62468", "duration": 9.985}, {"path": "range/62469-123135", "duration": 9.984}, {"path": "range/123136-184061", "duration": 9.985}, {"path": "range/184062-244884", "duration": 9.984}, {"path": "range/244885-305671", "duration": 9.985}, {"path": "range/305672-366673", "duration": 9.984}, {"path": "range/366674-427569", "duration": 9.985}, {"path": "range/427570-488417", "duration": 9.985}, {"path": "range/488418-549232", "duration": 9.984}, {"path": "range/549233-610213", "duration": 9.985}, {"path": "range/610214-670996", "duration": 9.984}, {"path": "range/670997-731887", "duration": 9.985}, {"path": "range/731888-792896", "duration": 9.985}, {"path": "range/792897-853552", "duration": 9.984}, {"path": "range/853553-914561", "duration": 9.985}, {"path": "range/914562-975490", "duration": 9.984}, {"path": "range/975491-1036310", "duration": 9.985}, {"path": "range/1036311-1097199", "duration": 9.984}, {"path": "range/1097200-1158081", "duration": 9.985}, {"path": "range/1158082-1218942", "duration": 9.985}, {"path": "range/1218943-1279886", "duration": 9.984}, {"path": "range/1279887-1311828", "duration": 5.248}], "protocol": "http_dash_segments", "format": "139 - audio only (DASH audio)", "http_headers": {"User-Agent": "Mozilla/5.0 (Windows NT 10.0; Win64; x64) AppleWebKit/537.36 (KHTML, like Gecko) Chrome/70.0.3538.31 Safari/537.36", "Accept-Charset": "ISO-8859-1,utf-8;q=0.7,*;q=0.7", "Accept": "text/html,application/xhtml+xml,application/xml;q=0.9,*/*;q=0.8", "Accept-Encoding": "gzip, deflate", "Accept-Language": "en-us,en;q=0.5"}}, {"ext": "m4a", "format_note": "DASH audio", "acodec": "mp4a.40.2", "abr": 128, "container": "m4a_dash", "format_id": "140", "manifest_url": "https://manifest.googlevideo.com/api/manifest/dash/expire/1608485383/ei/pzXfX5aeKLavs8IPjY6ZoAo/ip/140.109.135.76/id/8a37f19103c041d1/source/youtube/requiressl/yes/playback_host/r6---sn-5njj-u2xl.googlevideo.com/mh/CV/mm/31%2C29/mn/sn-5njj-u2xl%2Csn-un57en7e/ms/au%2Crdu/mv/m/mvi/6/pcm2cms/yes/pl/16/hfr/all/as/fmp4_audio_clear%2Cwebm_audio_clear%2Cwebm2_audio_clear%2Cfmp4_sd_hd_clear%2Cwebm2_sd_hd_clear/initcwndbps/690000/vprv/1/mt/1608463244/fvip/6/keepalive/yes/itag/0/sparams/expire%2Cei%2Cip%2Cid%2Csource%2Crequiressl%2Chfr%2Cas%2Cvprv%2Citag/sig/AOq0QJ8wRQIhAIlMHndjkogODdqj-dkdK-Ys1LTLq85vvWr4FIN91B9nAiAj-msbI1kBWtlG-Rr_86j0B_KLxpOpDTa_t4RcO-Ibew%3D%3D/lsparams/playback_host%2Cmh%2Cmm%2Cmn%2Cms%2Cmv%2Cmvi%2Cpcm2cms%2Cpl%2Cinitcwndbps/lsig/AG3C_xAwRgIhAOSMlxDHitfBxBFfLo2XSk5GP60BKExbh8Gn6Wu8c8oWAiEA93P5hAEu-hFS1OnQiYoRrEYY9_P7ZOF9fPz9HaM_Zro%3D", "width": null, "height": null, "tbr": 130.455, "asr": 44100, "fps": null, "language": null, "filesize": null, "vcodec": "none", "url": "https://manifest.googlevideo.com/api/manifest/dash/expire/1608485383/ei/pzXfX5aeKLavs8IPjY6ZoAo/ip/140.109.135.76/id/8a37f19103c041d1/source/youtube/requiressl/yes/playback_host/r6---sn-5njj-u2xl.googlevideo.com/mh/CV/mm/31%2C29/mn/sn-5njj-u2xl%2Csn-un57en7e/ms/au%2Crdu/mv/m/mvi/6/pcm2cms/yes/pl/16/hfr/all/as/fmp4_audio_clear%2Cwebm_audio_clear%2Cwebm2_audio_clear%2Cfmp4_sd_hd_clear%2Cwebm2_sd_hd_clear/initcwndbps/690000/vprv/1/mt/1608463244/fvip/6/keepalive/yes/itag/0/sparams/expire%2Cei%2Cip%2Cid%2Csource%2Crequiressl%2Chfr%2Cas%2Cvprv%2Citag/sig/AOq0QJ8wRQIhAIlMHndjkogODdqj-dkdK-Ys1LTLq85vvWr4FIN91B9nAiAj-msbI1kBWtlG-Rr_86j0B_KLxpOpDTa_t4RcO-Ibew%3D%3D/lsparams/playback_host%2Cmh%2Cmm%2Cmn%2Cms%2Cmv%2Cmvi%2Cpcm2cms%2Cpl%2Cinitcwndbps/lsig/AG3C_xAwRgIhAOSMlxDHitfBxBFfLo2XSk5GP60BKExbh8Gn6Wu8c8oWAiEA93P5hAEu-hFS1OnQiYoRrEYY9_P7ZOF9fPz9HaM_Zro%3D", "fragment_base_url": "https://r6---sn-5njj-u2xl.googlevideo.com/videoplayback/expire/1608485383/ei/pzXfX5aeKLavs8IPjY6ZoAo/ip/140.109.135.76/id/8a37f19103c041d1/itag/140/source/youtube/requiressl/yes/mh/CV/mm/31,29/mn/sn-5njj-u2xl,sn-un57en7e/ms/au,rdu/mv/m/mvi/6/pcm2cms/yes/pl/16/initcwndbps/690000/vprv/1/ratebypass/yes/mime/audio%2Fmp4/otfp/1/gir/yes/clen/3478481/lmt/1586814083593974/dur/214.877/mt/1608463244/fvip/6/keepalive/yes/sparams/expire,ei,ip,id,itag,source,requiressl,vprv,ratebypass,mime,otfp,gir,clen,lmt,dur/sig/AOq0QJ8wRQIhAM_BCQ_aY3rdoyTclzmksIK7LKphc9-r8hd3bQz_dUDRAiAnTfWeC2ocFk5U9OX7If8jobyAx51vGmjN2NO8rCbayw%3D%3D/lsparams/mh,mm,mn,ms,mv,mvi,pcm2cms,pl,initcwndbps/lsig/AG3C_xAwRQIgYNWO3g80NwRToXorR177nefuBaLW9_QKqB6qkk5DvzUCIQDBPh8ceRiRnfJ43b9J0QHqMRXT0mNKi2BJ8sTbcBc9OA%3D%3D/", "fragments": [{"path": "range/0-631"}, {"path": "range/928-162824", "duration": 9.985}, {"path": "range/162825-324311", "duration": 9.984}, {"path": "range/324312-485853", "duration": 9.985}, {"path": "range/485854-647479", "duration": 9.984}, {"path": "range/647480-809029", "duration": 9.985}, {"path": "range/809030-970636", "duration": 9.984}, {"path": "range/970637-1132328", "duration": 9.985}, {"path": "range/1132329-1293794", "duration": 9.985}, {"path": "range/1293795-1455330", "duration": 9.984}, {"path": "range/1455331-1617083", "duration": 9.985}, {"path": "range/1617084-1778525", "duration": 9.984}, {"path": "range/1778526-1940090", "duration": 9.985}, {"path": "range/1940091-2101808", "duration": 9.985}, {"path": "range/2101809-2263178", "duration": 9.984}, {"path": "range/2263179-2424806", "duration": 9.985}, {"path": "range/2424807-2586479", "duration": 9.984}, {"path": "range/2586480-2747970", "duration": 9.985}, {"path": "range/2747971-2909627", "duration": 9.984}, {"path": "range/2909628-3071265", "duration": 9.985}, {"path": "range/3071266-3232747", "duration": 9.985}, {"path": "range/3232748-3394440", "duration": 9.984}, {"path": "range/3394441-3478480", "duration": 5.248}], "protocol": "http_dash_segments", "format": "140 - audio only (DASH audio)", "http_headers": {"User-Agent": "Mozilla/5.0 (Windows NT 10.0; Win64; x64) AppleWebKit/537.36 (KHTML, like Gecko) Chrome/70.0.3538.31 Safari/537.36", "Accept-Charset": "ISO-8859-1,utf-8;q=0.7,*;q=0.7", "Accept": "text/html,application/xhtml+xml,application/xml;q=0.9,*/*;q=0.8", "Accept-Encoding": "gzip, deflate", "Accept-Language": "en-us,en;q=0.5"}}, {"ext": "webm", "format_note": "DASH audio", "acodec": "opus", "abr": 160, "format_id": "251", "manifest_url": "https://manifest.googlevideo.com/api/manifest/dash/expire/1608485383/ei/pzXfX5aeKLavs8IPjY6ZoAo/ip/140.109.135.76/id/8a37f19103c041d1/source/youtube/requiressl/yes/playback_host/r6---sn-5njj-u2xl.googlevideo.com/mh/CV/mm/31%2C29/mn/sn-5njj-u2xl%2Csn-un57en7e/ms/au%2Crdu/mv/m/mvi/6/pcm2cms/yes/pl/16/hfr/all/as/fmp4_audio_clear%2Cwebm_audio_clear%2Cwebm2_audio_clear%2Cfmp4_sd_hd_clear%2Cwebm2_sd_hd_clear/initcwndbps/690000/vprv/1/mt/1608463244/fvip/6/keepalive/yes/itag/0/sparams/expire%2Cei%2Cip%2Cid%2Csource%2Crequiressl%2Chfr%2Cas%2Cvprv%2Citag/sig/AOq0QJ8wRQIhAIlMHndjkogODdqj-dkdK-Ys1LTLq85vvWr4FIN91B9nAiAj-msbI1kBWtlG-Rr_86j0B_KLxpOpDTa_t4RcO-Ibew%3D%3D/lsparams/playback_host%2Cmh%2Cmm%2Cmn%2Cms%2Cmv%2Cmvi%2Cpcm2cms%2Cpl%2Cinitcwndbps/lsig/AG3C_xAwRgIhAOSMlxDHitfBxBFfLo2XSk5GP60BKExbh8Gn6Wu8c8oWAiEA93P5hAEu-hFS1OnQiYoRrEYY9_P7ZOF9fPz9HaM_Zro%3D", "width": null, "height": null, "tbr": 164.973, "asr": 48000, "fps": null, "language": null, "filesize": null, "container": "webm_dash", "vcodec": "none", "url": "https://manifest.googlevideo.com/api/manifest/dash/expire/1608485383/ei/pzXfX5aeKLavs8IPjY6ZoAo/ip/140.109.135.76/id/8a37f19103c041d1/source/youtube/requiressl/yes/playback_host/r6---sn-5njj-u2xl.googlevideo.com/mh/CV/mm/31%2C29/mn/sn-5njj-u2xl%2Csn-un57en7e/ms/au%2Crdu/mv/m/mvi/6/pcm2cms/yes/pl/16/hfr/all/as/fmp4_audio_clear%2Cwebm_audio_clear%2Cwebm2_audio_clear%2Cfmp4_sd_hd_clear%2Cwebm2_sd_hd_clear/initcwndbps/690000/vprv/1/mt/1608463244/fvip/6/keepalive/yes/itag/0/sparams/expire%2Cei%2Cip%2Cid%2Csource%2Crequiressl%2Chfr%2Cas%2Cvprv%2Citag/sig/AOq0QJ8wRQIhAIlMHndjkogODdqj-dkdK-Ys1LTLq85vvWr4FIN91B9nAiAj-msbI1kBWtlG-Rr_86j0B_KLxpOpDTa_t4RcO-Ibew%3D%3D/lsparams/playback_host%2Cmh%2Cmm%2Cmn%2Cms%2Cmv%2Cmvi%2Cpcm2cms%2Cpl%2Cinitcwndbps/lsig/AG3C_xAwRgIhAOSMlxDHitfBxBFfLo2XSk5GP60BKExbh8Gn6Wu8c8oWAiEA93P5hAEu-hFS1OnQiYoRrEYY9_P7ZOF9fPz9HaM_Zro%3D", "fragment_base_url": "https://r6---sn-5njj-u2xl.googlevideo.com/videoplayback/expire/1608485383/ei/pzXfX5aeKLavs8IPjY6ZoAo/ip/140.109.135.76/id/8a37f19103c041d1/itag/251/source/youtube/requiressl/yes/mh/CV/mm/31,29/mn/sn-5njj-u2xl,sn-un57en7e/ms/au,rdu/mv/m/mvi/6/pcm2cms/yes/pl/16/initcwndbps/690000/vprv/1/ratebypass/yes/mime/audio%2Fwebm/otfp/1/gir/yes/clen/4076432/lmt/1586814076870531/dur/214.841/mt/1608463244/fvip/6/keepalive/yes/sparams/expire,ei,ip,id,itag,source,requiressl,vprv,ratebypass,mime,otfp,gir,clen,lmt,dur/sig/AOq0QJ8wRQIgB3TRVbte5WawAHEV4OAv9uZGXRypOSx3bBZJuuaimKgCIQC2xgo4b0Ua19yGMCL-2IYPPfuFb0Q4kbJPyzW6UmEYXw%3D%3D/lsparams/mh,mm,mn,ms,mv,mvi,pcm2cms,pl,initcwndbps/lsig/AG3C_xAwRQIhAObwDO_yVhk0HfmfNKMFm-32Y_doLgQY27lDAd0Ij1BrAiA188OdrzvOe_9GGJzCmWduPxTVCbsEFyf0kQHC6r_kqA%3D%3D/", "fragments": [{"path": "range/0-258"}, {"path": "range/630-141915", "duration": 10.001}, {"path": "range/141916-338009", "duration": 10.0}, {"path": "range/338010-527486", "duration": 10.0}, {"path": "range/527487-713312", "duration": 10.0}, {"path": "range/713313-900854", "duration": 10.0}, {"path": "range/900855-1089848", "duration": 10.0}, {"path": "range/1089849-1280983", "duration": 10.0}, {"path": "range/1280984-1469428", "duration": 10.0}, {"path": "range/1469429-1658153", "duration": 10.0}, {"path": "range/1658154-1846444", "duration": 10.0}, {"path": "range/1846445-2034535", "duration": 10.0}, {"path": "range/2034536-2223675", "duration": 10.0}, {"path": "range/2223676-2416552", "duration": 10.0}, {"path": "range/2416553-2610734", "duration": 10.0}, {"path": "range/2610735-2796425", "duration": 10.0}, {"path": "range/2796426-2987371", "duration": 10.0}, {"path": "range/2987372-3180098", "duration": 10.0}, {"path": "range/3180099-3377622", "duration": 10.0}, {"path": "range/3377623-3577715", "duration": 10.0}, {"path": "range/3577716-3777588", "duration": 10.0}, {"path": "range/3777589-3983805", "duration": 10.0}, {"path": "range/3983806-4076431", "duration": 4.84}], "protocol": "http_dash_segments", "format": "251 - audio only (DASH audio)", "http_headers": {"User-Agent": "Mozilla/5.0 (Windows NT 10.0; Win64; x64) AppleWebKit/537.36 (KHTML, like Gecko) Chrome/70.0.3538.31 Safari/537.36", "Accept-Charset": "ISO-8859-1,utf-8;q=0.7,*;q=0.7", "Accept": "text/html,application/xhtml+xml,application/xml;q=0.9,*/*;q=0.8", "Accept-Encoding": "gzip, deflate", "Accept-Language": "en-us,en;q=0.5"}}, {"ext": "webm", "height": 144, "format_note": "DASH video", "container": "webm_dash", "vcodec": "vp9", "format_id": "278", "manifest_url": "https://manifest.googlevideo.com/api/manifest/dash/expire/1608485383/ei/pzXfX5aeKLavs8IPjY6ZoAo/ip/140.109.135.76/id/8a37f19103c041d1/source/youtube/requiressl/yes/playback_host/r6---sn-5njj-u2xl.googlevideo.com/mh/CV/mm/31%2C29/mn/sn-5njj-u2xl%2Csn-un57en7e/ms/au%2Crdu/mv/m/mvi/6/pcm2cms/yes/pl/16/hfr/all/as/fmp4_audio_clear%2Cwebm_audio_clear%2Cwebm2_audio_clear%2Cfmp4_sd_hd_clear%2Cwebm2_sd_hd_clear/initcwndbps/690000/vprv/1/mt/1608463244/fvip/6/keepalive/yes/itag/0/sparams/expire%2Cei%2Cip%2Cid%2Csource%2Crequiressl%2Chfr%2Cas%2Cvprv%2Citag/sig/AOq0QJ8wRQIhAIlMHndjkogODdqj-dkdK-Ys1LTLq85vvWr4FIN91B9nAiAj-msbI1kBWtlG-Rr_86j0B_KLxpOpDTa_t4RcO-Ibew%3D%3D/lsparams/playback_host%2Cmh%2Cmm%2Cmn%2Cms%2Cmv%2Cmvi%2Cpcm2cms%2Cpl%2Cinitcwndbps/lsig/AG3C_xAwRgIhAOSMlxDHitfBxBFfLo2XSk5GP60BKExbh8Gn6Wu8c8oWAiEA93P5hAEu-hFS1OnQiYoRrEYY9_P7ZOF9fPz9HaM_Zro%3D", "width": 256, "tbr": 95.0, "asr": null, "fps": 30, "language": null, "filesize": null, "acodec": "none", "url": "https://manifest.googlevideo.com/api/manifest/dash/expire/1608485383/ei/pzXfX5aeKLavs8IPjY6ZoAo/ip/140.109.135.76/id/8a37f19103c041d1/source/youtube/requiressl/yes/playback_host/r6---sn-5njj-u2xl.googlevideo.com/mh/CV/mm/31%2C29/mn/sn-5njj-u2xl%2Csn-un57en7e/ms/au%2Crdu/mv/m/mvi/6/pcm2cms/yes/pl/16/hfr/all/as/fmp4_audio_clear%2Cwebm_audio_clear%2Cwebm2_audio_clear%2Cfmp4_sd_hd_clear%2Cwebm2_sd_hd_clear/initcwndbps/690000/vprv/1/mt/1608463244/fvip/6/keepalive/yes/itag/0/sparams/expire%2Cei%2Cip%2Cid%2Csource%2Crequiressl%2Chfr%2Cas%2Cvprv%2Citag/sig/AOq0QJ8wRQIhAIlMHndjkogODdqj-dkdK-Ys1LTLq85vvWr4FIN91B9nAiAj-msbI1kBWtlG-Rr_86j0B_KLxpOpDTa_t4RcO-Ibew%3D%3D/lsparams/playback_host%2Cmh%2Cmm%2Cmn%2Cms%2Cmv%2Cmvi%2Cpcm2cms%2Cpl%2Cinitcwndbps/lsig/AG3C_xAwRgIhAOSMlxDHitfBxBFfLo2XSk5GP60BKExbh8Gn6Wu8c8oWAiEA93P5hAEu-hFS1OnQiYoRrEYY9_P7ZOF9fPz9HaM_Zro%3D", "fragment_base_url": "https://r6---sn-5njj-u2xl.googlevideo.com/videoplayback/expire/1608485383/ei/pzXfX5aeKLavs8IPjY6ZoAo/ip/140.109.135.76/id/8a37f19103c041d1/itag/278/source/yt_otf/requiressl/yes/mh/CV/mm/31,29/mn/sn-5njj-u2xl,sn-un57en7e/ms/au,rdu/mv/m/mvi/6/pcm2cms/yes/pl/16/initcwndbps/690000/vprv/1/ratebypass/yes/mime/video%2Fwebm/otfp/1/otf/1/lmt/1586817451078848/mt/1608463244/fvip/6/keepalive/yes/sparams/expire,ei,ip,id,itag,source,requiressl,vprv,ratebypass,mime,otfp,otf,lmt/sig/AOq0QJ8wRQIhANJ_KZWPZXwNTK3VsyvU9jA0U1xACd8MF0P1l9GJP0ZvAiBN_bNbeviM46xZ4XwpqbJlNjhxpYQsfcobDUUdrEfpJg%3D%3D/lsparams/mh,mm,mn,ms,mv,mvi,pcm2cms,pl,initcwndbps/lsig/AG3C_xAwRQIhAPwDMlPIcR9VT63LoYjycd8ANJJ0mwwjMkO-ow6AL6P2AiB1LA2altzTe0SeyDzCGbUb1CYCloq6WYiemwRqtVSBjw%3D%3D/", "fragments": [{"path": "sq/0"}, {"path": "sq/1/dur/5.339", "duration": 5.339}, {"path": "sq/2/dur/5.338", "duration": 5.338}, {"path": "sq/3/dur/5.339", "duration": 5.339}, {"path": "sq/4/dur/5.339", "duration": 5.339}, {"path": "sq/5/dur/5.338", "duration": 5.338}, {"path": "sq/6/dur/5.339", "duration": 5.339}, {"path": "sq/7/dur/5.339", "duration": 5.339}, {"path": "sq/8/dur/5.338", "duration": 5.338}, {"path": "sq/9/dur/5.339", "duration": 5.339}, {"path": "sq/10/dur/5.339", "duration": 5.339}, {"path": "sq/11/dur/5.338", "duration": 5.338}, {"path": "sq/12/dur/5.339", "duration": 5.339}, {"path": "sq/13/dur/5.339", "duration": 5.339}, {"path": "sq/14/dur/5.338", "duration": 5.338}, {"path": "sq/15/dur/5.339", "duration": 5.339}, {"path": "sq/16/dur/5.339", "duration": 5.339}, {"path": "sq/17/dur/5.338", "duration": 5.338}, {"path": "sq/18/dur/5.339", "duration": 5.339}, {"path": "sq/19/dur/5.339", "duration": 5.339}, {"path": "sq/20/dur/5.338", "duration": 5.338}, {"path": "sq/21/dur/5.339", "duration": 5.339}, {"path": "sq/22/dur/5.339", "duration": 5.339}, {"path": "sq/23/dur/5.338", "duration": 5.338}, {"path": "sq/24/dur/5.339", "duration": 5.339}, {"path": "sq/25/dur/5.339", "duration": 5.339}, {"path": "sq/26/dur/5.338", "duration": 5.338}, {"path": "sq/27/dur/5.339", "duration": 5.339}, {"path": "sq/28/dur/5.339", "duration": 5.339}, {"path": "sq/29/dur/5.338", "duration": 5.338}, {"path": "sq/30/dur/5.339", "duration": 5.339}, {"path": "sq/31/dur/5.339", "duration": 5.339}, {"path": "sq/32/dur/5.338", "duration": 5.338}, {"path": "sq/33/dur/5.339", "duration": 5.339}, {"path": "sq/34/dur/5.339", "duration": 5.339}, {"path": "sq/35/dur/5.338", "duration": 5.338}, {"path": "sq/36/dur/5.339", "duration": 5.339}, {"path": "sq/37/dur/5.339", "duration": 5.339}, {"path": "sq/38/dur/5.338", "duration": 5.338}, {"path": "sq/39/dur/5.339", "duration": 5.339}, {"path": "sq/40/dur/5.339", "duration": 5.339}, {"path": "sq/41/dur/1.268", "duration": 1.268}], "protocol": "http_dash_segments", "format": "278 - 256x144 (DASH video)", "http_headers": {"User-Agent": "Mozilla/5.0 (Windows NT 10.0; Win64; x64) AppleWebKit/537.36 (KHTML, like Gecko) Chrome/70.0.3538.31 Safari/537.36", "Accept-Charset": "ISO-8859-1,utf-8;q=0.7,*;q=0.7", "Accept": "text/html,application/xhtml+xml,application/xml;q=0.9,*/*;q=0.8", "Accept-Encoding": "gzip, deflate", "Accept-Language": "en-us,en;q=0.5"}}, {"ext": "mp4", "height": 144, "format_note": "DASH video", "vcodec": "avc1.4d400b", "format_id": "160", "manifest_url": "https://manifest.googlevideo.com/api/manifest/dash/expire/1608485383/ei/pzXfX5aeKLavs8IPjY6ZoAo/ip/140.109.135.76/id/8a37f19103c041d1/source/youtube/requiressl/yes/playback_host/r6---sn-5njj-u2xl.googlevideo.com/mh/CV/mm/31%2C29/mn/sn-5njj-u2xl%2Csn-un57en7e/ms/au%2Crdu/mv/m/mvi/6/pcm2cms/yes/pl/16/hfr/all/as/fmp4_audio_clear%2Cwebm_audio_clear%2Cwebm2_audio_clear%2Cfmp4_sd_hd_clear%2Cwebm2_sd_hd_clear/initcwndbps/690000/vprv/1/mt/1608463244/fvip/6/keepalive/yes/itag/0/sparams/expire%2Cei%2Cip%2Cid%2Csource%2Crequiressl%2Chfr%2Cas%2Cvprv%2Citag/sig/AOq0QJ8wRQIhAIlMHndjkogODdqj-dkdK-Ys1LTLq85vvWr4FIN91B9nAiAj-msbI1kBWtlG-Rr_86j0B_KLxpOpDTa_t4RcO-Ibew%3D%3D/lsparams/playback_host%2Cmh%2Cmm%2Cmn%2Cms%2Cmv%2Cmvi%2Cpcm2cms%2Cpl%2Cinitcwndbps/lsig/AG3C_xAwRgIhAOSMlxDHitfBxBFfLo2XSk5GP60BKExbh8Gn6Wu8c8oWAiEA93P5hAEu-hFS1OnQiYoRrEYY9_P7ZOF9fPz9HaM_Zro%3D", "width": 256, "tbr": 108.0, "asr": null, "fps": 30, "language": null, "filesize": null, "container": "mp4_dash", "acodec": "none", "url": "https://manifest.googlevideo.com/api/manifest/dash/expire/1608485383/ei/pzXfX5aeKLavs8IPjY6ZoAo/ip/140.109.135.76/id/8a37f19103c041d1/source/youtube/requiressl/yes/playback_host/r6---sn-5njj-u2xl.googlevideo.com/mh/CV/mm/31%2C29/mn/sn-5njj-u2xl%2Csn-un57en7e/ms/au%2Crdu/mv/m/mvi/6/pcm2cms/yes/pl/16/hfr/all/as/fmp4_audio_clear%2Cwebm_audio_clear%2Cwebm2_audio_clear%2Cfmp4_sd_hd_clear%2Cwebm2_sd_hd_clear/initcwndbps/690000/vprv/1/mt/1608463244/fvip/6/keepalive/yes/itag/0/sparams/expire%2Cei%2Cip%2Cid%2Csource%2Crequiressl%2Chfr%2Cas%2Cvprv%2Citag/sig/AOq0QJ8wRQIhAIlMHndjkogODdqj-dkdK-Ys1LTLq85vvWr4FIN91B9nAiAj-msbI1kBWtlG-Rr_86j0B_KLxpOpDTa_t4RcO-Ibew%3D%3D/lsparams/playback_host%2Cmh%2Cmm%2Cmn%2Cms%2Cmv%2Cmvi%2Cpcm2cms%2Cpl%2Cinitcwndbps/lsig/AG3C_xAwRgIhAOSMlxDHitfBxBFfLo2XSk5GP60BKExbh8Gn6Wu8c8oWAiEA93P5hAEu-hFS1OnQiYoRrEYY9_P7ZOF9fPz9HaM_Zro%3D", "fragment_base_url": "https://r6---sn-5njj-u2xl.googlevideo.com/videoplayback/expire/1608485383/ei/pzXfX5aeKLavs8IPjY6ZoAo/ip/140.109.135.76/id/8a37f19103c041d1/itag/160/source/yt_otf/requiressl/yes/mh/CV/mm/31,29/mn/sn-5njj-u2xl,sn-un57en7e/ms/au,rdu/mv/m/mvi/6/pcm2cms/yes/pl/16/initcwndbps/690000/vprv/1/ratebypass/yes/mime/video%2Fmp4/otfp/1/otf/1/lmt/1586817451078848/mt/1608463244/fvip/6/keepalive/yes/sparams/expire,ei,ip,id,itag,source,requiressl,vprv,ratebypass,mime,otfp,otf,lmt/sig/AOq0QJ8wRQIhALidqnZbwD9q9XpgrLyWX8nDCuwAqKkbmLqGaLwhKC7qAiAysO6pFD2w0Tr5ivATcYhuKVQFvijLEWa5cFqkTsx1Dg%3D%3D/lsparams/mh,mm,mn,ms,mv,mvi,pcm2cms,pl,initcwndbps/lsig/AG3C_xAwRAIgds90Hl_bAVE0JGGxzEB46_Kr2iVjklza7yslkomR8-cCIHsboIg85FioZCui-i5x614FyOvNiCaVpj99MT2IFS3H/", "fragments": [{"path": "sq/0"}, {"path": "sq/1/dur/5.339", "duration": 5.339}, {"path": "sq/2/dur/5.338", "duration": 5.338}, {"path": "sq/3/dur/5.339", "duration": 5.339}, {"path": "sq/4/dur/5.339", "duration": 5.339}, {"path": "sq/5/dur/5.338", "duration": 5.338}, {"path": "sq/6/dur/5.339", "duration": 5.339}, {"path": "sq/7/dur/5.339", "duration": 5.339}, {"path": "sq/8/dur/5.338", "duration": 5.338}, {"path": "sq/9/dur/5.339", "duration": 5.339}, {"path": "sq/10/dur/5.339", "duration": 5.339}, {"path": "sq/11/dur/5.338", "duration": 5.338}, {"path": "sq/12/dur/5.339", "duration": 5.339}, {"path": "sq/13/dur/5.339", "duration": 5.339}, {"path": "sq/14/dur/5.338", "duration": 5.338}, {"path": "sq/15/dur/5.339", "duration": 5.339}, {"path": "sq/16/dur/5.339", "duration": 5.339}, {"path": "sq/17/dur/5.338", "duration": 5.338}, {"path": "sq/18/dur/5.339", "duration": 5.339}, {"path": "sq/19/dur/5.339", "duration": 5.339}, {"path": "sq/20/dur/5.338", "duration": 5.338}, {"path": "sq/21/dur/5.339", "duration": 5.339}, {"path": "sq/22/dur/5.339", "duration": 5.339}, {"path": "sq/23/dur/5.338", "duration": 5.338}, {"path": "sq/24/dur/5.339", "duration": 5.339}, {"path": "sq/25/dur/5.339", "duration": 5.339}, {"path": "sq/26/dur/5.338", "duration": 5.338}, {"path": "sq/27/dur/5.339", "duration": 5.339}, {"path": "sq/28/dur/5.339", "duration": 5.339}, {"path": "sq/29/dur/5.338", "duration": 5.338}, {"path": "sq/30/dur/5.339", "duration": 5.339}, {"path": "sq/31/dur/5.339", "duration": 5.339}, {"path": "sq/32/dur/5.338", "duration": 5.338}, {"path": "sq/33/dur/5.339", "duration": 5.339}, {"path": "sq/34/dur/5.339", "duration": 5.339}, {"path": "sq/35/dur/5.338", "duration": 5.338}, {"path": "sq/36/dur/5.339", "duration": 5.339}, {"path": "sq/37/dur/5.339", "duration": 5.339}, {"path": "sq/38/dur/5.338", "duration": 5.338}, {"path": "sq/39/dur/5.339", "duration": 5.339}, {"path": "sq/40/dur/5.339", "duration": 5.339}, {"path": "sq/41/dur/1.268", "duration": 1.268}], "protocol": "http_dash_segments", "format": "160 - 256x144 (DASH video)", "http_headers": {"User-Agent": "Mozilla/5.0 (Windows NT 10.0; Win64; x64) AppleWebKit/537.36 (KHTML, like Gecko) Chrome/70.0.3538.31 Safari/537.36", "Accept-Charset": "ISO-8859-1,utf-8;q=0.7,*;q=0.7", "Accept": "text/html,application/xhtml+xml,application/xml;q=0.9,*/*;q=0.8", "Accept-Encoding": "gzip, deflate", "Accept-Language": "en-us,en;q=0.5"}}, {"ext": "webm", "height": 240, "format_note": "DASH video", "vcodec": "vp9", "format_id": "242", "manifest_url": "https://manifest.googlevideo.com/api/manifest/dash/expire/1608485383/ei/pzXfX5aeKLavs8IPjY6ZoAo/ip/140.109.135.76/id/8a37f19103c041d1/source/youtube/requiressl/yes/playback_host/r6---sn-5njj-u2xl.googlevideo.com/mh/CV/mm/31%2C29/mn/sn-5njj-u2xl%2Csn-un57en7e/ms/au%2Crdu/mv/m/mvi/6/pcm2cms/yes/pl/16/hfr/all/as/fmp4_audio_clear%2Cwebm_audio_clear%2Cwebm2_audio_clear%2Cfmp4_sd_hd_clear%2Cwebm2_sd_hd_clear/initcwndbps/690000/vprv/1/mt/1608463244/fvip/6/keepalive/yes/itag/0/sparams/expire%2Cei%2Cip%2Cid%2Csource%2Crequiressl%2Chfr%2Cas%2Cvprv%2Citag/sig/AOq0QJ8wRQIhAIlMHndjkogODdqj-dkdK-Ys1LTLq85vvWr4FIN91B9nAiAj-msbI1kBWtlG-Rr_86j0B_KLxpOpDTa_t4RcO-Ibew%3D%3D/lsparams/playback_host%2Cmh%2Cmm%2Cmn%2Cms%2Cmv%2Cmvi%2Cpcm2cms%2Cpl%2Cinitcwndbps/lsig/AG3C_xAwRgIhAOSMlxDHitfBxBFfLo2XSk5GP60BKExbh8Gn6Wu8c8oWAiEA93P5hAEu-hFS1OnQiYoRrEYY9_P7ZOF9fPz9HaM_Zro%3D", "width": 426, "tbr": 220.5, "asr": null, "fps": 30, "language": null, "filesize": null, "container": "webm_dash", "acodec": "none", "url": "https://manifest.googlevideo.com/api/manifest/dash/expire/1608485383/ei/pzXfX5aeKLavs8IPjY6ZoAo/ip/140.109.135.76/id/8a37f19103c041d1/source/youtube/requiressl/yes/playback_host/r6---sn-5njj-u2xl.googlevideo.com/mh/CV/mm/31%2C29/mn/sn-5njj-u2xl%2Csn-un57en7e/ms/au%2Crdu/mv/m/mvi/6/pcm2cms/yes/pl/16/hfr/all/as/fmp4_audio_clear%2Cwebm_audio_clear%2Cwebm2_audio_clear%2Cfmp4_sd_hd_clear%2Cwebm2_sd_hd_clear/initcwndbps/690000/vprv/1/mt/1608463244/fvip/6/keepalive/yes/itag/0/sparams/expire%2Cei%2Cip%2Cid%2Csource%2Crequiressl%2Chfr%2Cas%2Cvprv%2Citag/sig/AOq0QJ8wRQIhAIlMHndjkogODdqj-dkdK-Ys1LTLq85vvWr4FIN91B9nAiAj-msbI1kBWtlG-Rr_86j0B_KLxpOpDTa_t4RcO-Ibew%3D%3D/lsparams/playback_host%2Cmh%2Cmm%2Cmn%2Cms%2Cmv%2Cmvi%2Cpcm2cms%2Cpl%2Cinitcwndbps/lsig/AG3C_xAwRgIhAOSMlxDHitfBxBFfLo2XSk5GP60BKExbh8Gn6Wu8c8oWAiEA93P5hAEu-hFS1OnQiYoRrEYY9_P7ZOF9fPz9HaM_Zro%3D", "fragment_base_url": "https://r6---sn-5njj-u2xl.googlevideo.com/videoplayback/expire/1608485383/ei/pzXfX5aeKLavs8IPjY6ZoAo/ip/140.109.135.76/id/8a37f19103c041d1/itag/242/source/yt_otf/requiressl/yes/mh/CV/mm/31,29/mn/sn-5njj-u2xl,sn-un57en7e/ms/au,rdu/mv/m/mvi/6/pcm2cms/yes/pl/16/initcwndbps/690000/vprv/1/ratebypass/yes/mime/video%2Fwebm/otfp/1/otf/1/lmt/1586817451078848/mt/1608463244/fvip/6/keepalive/yes/sparams/expire,ei,ip,id,itag,source,requiressl,vprv,ratebypass,mime,otfp,otf,lmt/sig/AOq0QJ8wRgIhALmBs-S0hmq2hcUDDROaLJDlZdlZqP97u_xnaDgia8opAiEA23bwMPcO0aUoZVDYiTpXGNBRODFWjHln04ZW-jjG4Gg%3D/lsparams/mh,mm,mn,ms,mv,mvi,pcm2cms,pl,initcwndbps/lsig/AG3C_xAwRQIhAPDgPKd4x0bzd-9vSl8LpOJgGfc_e1HookPKEzttb0nXAiBLEQ1gUcJ7GcbVQWp5j995kluuIc30AqLPsn4gS441sw%3D%3D/", "fragments": [{"path": "sq/0"}, {"path": "sq/1/dur/5.339", "duration": 5.339}, {"path": "sq/2/dur/5.338", "duration": 5.338}, {"path": "sq/3/dur/5.339", "duration": 5.339}, {"path": "sq/4/dur/5.339", "duration": 5.339}, {"path": "sq/5/dur/5.338", "duration": 5.338}, {"path": "sq/6/dur/5.339", "duration": 5.339}, {"path": "sq/7/dur/5.339", "duration": 5.339}, {"path": "sq/8/dur/5.338", "duration": 5.338}, {"path": "sq/9/dur/5.339", "duration": 5.339}, {"path": "sq/10/dur/5.339", "duration": 5.339}, {"path": "sq/11/dur/5.338", "duration": 5.338}, {"path": "sq/12/dur/5.339", "duration": 5.339}, {"path": "sq/13/dur/5.339", "duration": 5.339}, {"path": "sq/14/dur/5.338", "duration": 5.338}, {"path": "sq/15/dur/5.339", "duration": 5.339}, {"path": "sq/16/dur/5.339", "duration": 5.339}, {"path": "sq/17/dur/5.338", "duration": 5.338}, {"path": "sq/18/dur/5.339", "duration": 5.339}, {"path": "sq/19/dur/5.339", "duration": 5.339}, {"path": "sq/20/dur/5.338", "duration": 5.338}, {"path": "sq/21/dur/5.339", "duration": 5.339}, {"path": "sq/22/dur/5.339", "duration": 5.339}, {"path": "sq/23/dur/5.338", "duration": 5.338}, {"path": "sq/24/dur/5.339", "duration": 5.339}, {"path": "sq/25/dur/5.339", "duration": 5.339}, {"path": "sq/26/dur/5.338", "duration": 5.338}, {"path": "sq/27/dur/5.339", "duration": 5.339}, {"path": "sq/28/dur/5.339", "duration": 5.339}, {"path": "sq/29/dur/5.338", "duration": 5.338}, {"path": "sq/30/dur/5.339", "duration": 5.339}, {"path": "sq/31/dur/5.339", "duration": 5.339}, {"path": "sq/32/dur/5.338", "duration": 5.338}, {"path": "sq/33/dur/5.339", "duration": 5.339}, {"path": "sq/34/dur/5.339", "duration": 5.339}, {"path": "sq/35/dur/5.338", "duration": 5.338}, {"path": "sq/36/dur/5.339", "duration": 5.339}, {"path": "sq/37/dur/5.339", "duration": 5.339}, {"path": "sq/38/dur/5.338", "duration": 5.338}, {"path": "sq/39/dur/5.339", "duration": 5.339}, {"path": "sq/40/dur/5.339", "duration": 5.339}, {"path": "sq/41/dur/1.268", "duration": 1.268}], "protocol": "http_dash_segments", "format": "242 - 426x240 (DASH video)", "http_headers": {"User-Agent": "Mozilla/5.0 (Windows NT 10.0; Win64; x64) AppleWebKit/537.36 (KHTML, like Gecko) Chrome/70.0.3538.31 Safari/537.36", "Accept-Charset": "ISO-8859-1,utf-8;q=0.7,*;q=0.7", "Accept": "text/html,application/xhtml+xml,application/xml;q=0.9,*/*;q=0.8", "Accept-Encoding": "gzip, deflate", "Accept-Language": "en-us,en;q=0.5"}}, {"ext": "mp4", "height": 240, "format_note": "DASH video", "vcodec": "avc1.4d400c", "format_id": "133", "manifest_url": "https://manifest.googlevideo.com/api/manifest/dash/expire/1608485383/ei/pzXfX5aeKLavs8IPjY6ZoAo/ip/140.109.135.76/id/8a37f19103c041d1/source/youtube/requiressl/yes/playback_host/r6---sn-5njj-u2xl.googlevideo.com/mh/CV/mm/31%2C29/mn/sn-5njj-u2xl%2Csn-un57en7e/ms/au%2Crdu/mv/m/mvi/6/pcm2cms/yes/pl/16/hfr/all/as/fmp4_audio_clear%2Cwebm_audio_clear%2Cwebm2_audio_clear%2Cfmp4_sd_hd_clear%2Cwebm2_sd_hd_clear/initcwndbps/690000/vprv/1/mt/1608463244/fvip/6/keepalive/yes/itag/0/sparams/expire%2Cei%2Cip%2Cid%2Csource%2Crequiressl%2Chfr%2Cas%2Cvprv%2Citag/sig/AOq0QJ8wRQIhAIlMHndjkogODdqj-dkdK-Ys1LTLq85vvWr4FIN91B9nAiAj-msbI1kBWtlG-Rr_86j0B_KLxpOpDTa_t4RcO-Ibew%3D%3D/lsparams/playback_host%2Cmh%2Cmm%2Cmn%2Cms%2Cmv%2Cmvi%2Cpcm2cms%2Cpl%2Cinitcwndbps/lsig/AG3C_xAwRgIhAOSMlxDHitfBxBFfLo2XSk5GP60BKExbh8Gn6Wu8c8oWAiEA93P5hAEu-hFS1OnQiYoRrEYY9_P7ZOF9fPz9HaM_Zro%3D", "width": 426, "tbr": 242.0, "asr": null, "fps": 30, "language": null, "filesize": null, "container": "mp4_dash", "acodec": "none", "url": "https://manifest.googlevideo.com/api/manifest/dash/expire/1608485383/ei/pzXfX5aeKLavs8IPjY6ZoAo/ip/140.109.135.76/id/8a37f19103c041d1/source/youtube/requiressl/yes/playback_host/r6---sn-5njj-u2xl.googlevideo.com/mh/CV/mm/31%2C29/mn/sn-5njj-u2xl%2Csn-un57en7e/ms/au%2Crdu/mv/m/mvi/6/pcm2cms/yes/pl/16/hfr/all/as/fmp4_audio_clear%2Cwebm_audio_clear%2Cwebm2_audio_clear%2Cfmp4_sd_hd_clear%2Cwebm2_sd_hd_clear/initcwndbps/690000/vprv/1/mt/1608463244/fvip/6/keepalive/yes/itag/0/sparams/expire%2Cei%2Cip%2Cid%2Csource%2Crequiressl%2Chfr%2Cas%2Cvprv%2Citag/sig/AOq0QJ8wRQIhAIlMHndjkogODdqj-dkdK-Ys1LTLq85vvWr4FIN91B9nAiAj-msbI1kBWtlG-Rr_86j0B_KLxpOpDTa_t4RcO-Ibew%3D%3D/lsparams/playback_host%2Cmh%2Cmm%2Cmn%2Cms%2Cmv%2Cmvi%2Cpcm2cms%2Cpl%2Cinitcwndbps/lsig/AG3C_xAwRgIhAOSMlxDHitfBxBFfLo2XSk5GP60BKExbh8Gn6Wu8c8oWAiEA93P5hAEu-hFS1OnQiYoRrEYY9_P7ZOF9fPz9HaM_Zro%3D", "fragment_base_url": "https://r6---sn-5njj-u2xl.googlevideo.com/videoplayback/expire/1608485383/ei/pzXfX5aeKLavs8IPjY6ZoAo/ip/140.109.135.76/id/8a37f19103c041d1/itag/133/source/yt_otf/requiressl/yes/mh/CV/mm/31,29/mn/sn-5njj-u2xl,sn-un57en7e/ms/au,rdu/mv/m/mvi/6/pcm2cms/yes/pl/16/initcwndbps/690000/vprv/1/ratebypass/yes/mime/video%2Fmp4/otfp/1/otf/1/lmt/1586817451078848/mt/1608463244/fvip/6/keepalive/yes/sparams/expire,ei,ip,id,itag,source,requiressl,vprv,ratebypass,mime,otfp,otf,lmt/sig/AOq0QJ8wRQIhAMygBuAWLr2zUsZKSFudsb_vR4HdiNMEZJ1UD6NrWlAqAiBOxd1ySOvyufJnkriyrllXFvIQU_COZA6NjbdygwWGEg%3D%3D/lsparams/mh,mm,mn,ms,mv,mvi,pcm2cms,pl,initcwndbps/lsig/AG3C_xAwRAIgeE_XyCTDpKvAIwcvkdVaNChMBfzvOKWJvIFfam3hfYQCIHOG9V2NGFXKeEeuTzlgxNr609P8_YKG-nABBiLxezFf/", "fragments": [{"path": "sq/0"}, {"path": "sq/1/dur/5.339", "duration": 5.339}, {"path": "sq/2/dur/5.338", "duration": 5.338}, {"path": "sq/3/dur/5.339", "duration": 5.339}, {"path": "sq/4/dur/5.339", "duration": 5.339}, {"path": "sq/5/dur/5.338", "duration": 5.338}, {"path": "sq/6/dur/5.339", "duration": 5.339}, {"path": "sq/7/dur/5.339", "duration": 5.339}, {"path": "sq/8/dur/5.338", "duration": 5.338}, {"path": "sq/9/dur/5.339", "duration": 5.339}, {"path": "sq/10/dur/5.339", "duration": 5.339}, {"path": "sq/11/dur/5.338", "duration": 5.338}, {"path": "sq/12/dur/5.339", "duration": 5.339}, {"path": "sq/13/dur/5.339", "duration": 5.339}, {"path": "sq/14/dur/5.338", "duration": 5.338}, {"path": "sq/15/dur/5.339", "duration": 5.339}, {"path": "sq/16/dur/5.339", "duration": 5.339}, {"path": "sq/17/dur/5.338", "duration": 5.338}, {"path": "sq/18/dur/5.339", "duration": 5.339}, {"path": "sq/19/dur/5.339", "duration": 5.339}, {"path": "sq/20/dur/5.338", "duration": 5.338}, {"path": "sq/21/dur/5.339", "duration": 5.339}, {"path": "sq/22/dur/5.339", "duration": 5.339}, {"path": "sq/23/dur/5.338", "duration": 5.338}, {"path": "sq/24/dur/5.339", "duration": 5.339}, {"path": "sq/25/dur/5.339", "duration": 5.339}, {"path": "sq/26/dur/5.338", "duration": 5.338}, {"path": "sq/27/dur/5.339", "duration": 5.339}, {"path": "sq/28/dur/5.339", "duration": 5.339}, {"path": "sq/29/dur/5.338", "duration": 5.338}, {"path": "sq/30/dur/5.339", "duration": 5.339}, {"path": "sq/31/dur/5.339", "duration": 5.339}, {"path": "sq/32/dur/5.338", "duration": 5.338}, {"path": "sq/33/dur/5.339", "duration": 5.339}, {"path": "sq/34/dur/5.339", "duration": 5.339}, {"path": "sq/35/dur/5.338", "duration": 5.338}, {"path": "sq/36/dur/5.339", "duration": 5.339}, {"path": "sq/37/dur/5.339", "duration": 5.339}, {"path": "sq/38/dur/5.338", "duration": 5.338}, {"path": "sq/39/dur/5.339", "duration": 5.339}, {"path": "sq/40/dur/5.339", "duration": 5.339}, {"path": "sq/41/dur/1.268", "duration": 1.268}], "protocol": "http_dash_segments", "format": "133 - 426x240 (DASH video)", "http_headers": {"User-Agent": "Mozilla/5.0 (Windows NT 10.0; Win64; x64) AppleWebKit/537.36 (KHTML, like Gecko) Chrome/70.0.3538.31 Safari/537.36", "Accept-Charset": "ISO-8859-1,utf-8;q=0.7,*;q=0.7", "Accept": "text/html,application/xhtml+xml,application/xml;q=0.9,*/*;q=0.8", "Accept-Encoding": "gzip, deflate", "Accept-Language": "en-us,en;q=0.5"}}, {"ext": "webm", "height": 360, "format_note": "DASH video", "vcodec": "vp9", "format_id": "243", "manifest_url": "https://manifest.googlevideo.com/api/manifest/dash/expire/1608485383/ei/pzXfX5aeKLavs8IPjY6ZoAo/ip/140.109.135.76/id/8a37f19103c041d1/source/youtube/requiressl/yes/playback_host/r6---sn-5njj-u2xl.googlevideo.com/mh/CV/mm/31%2C29/mn/sn-5njj-u2xl%2Csn-un57en7e/ms/au%2Crdu/mv/m/mvi/6/pcm2cms/yes/pl/16/hfr/all/as/fmp4_audio_clear%2Cwebm_audio_clear%2Cwebm2_audio_clear%2Cfmp4_sd_hd_clear%2Cwebm2_sd_hd_clear/initcwndbps/690000/vprv/1/mt/1608463244/fvip/6/keepalive/yes/itag/0/sparams/expire%2Cei%2Cip%2Cid%2Csource%2Crequiressl%2Chfr%2Cas%2Cvprv%2Citag/sig/AOq0QJ8wRQIhAIlMHndjkogODdqj-dkdK-Ys1LTLq85vvWr4FIN91B9nAiAj-msbI1kBWtlG-Rr_86j0B_KLxpOpDTa_t4RcO-Ibew%3D%3D/lsparams/playback_host%2Cmh%2Cmm%2Cmn%2Cms%2Cmv%2Cmvi%2Cpcm2cms%2Cpl%2Cinitcwndbps/lsig/AG3C_xAwRgIhAOSMlxDHitfBxBFfLo2XSk5GP60BKExbh8Gn6Wu8c8oWAiEA93P5hAEu-hFS1OnQiYoRrEYY9_P7ZOF9fPz9HaM_Zro%3D", "width": 640, "tbr": 405.72, "asr": null, "fps": 30, "language": null, "filesize": null, "container": "webm_dash", "acodec": "none", "url": "https://manifest.googlevideo.com/api/manifest/dash/expire/1608485383/ei/pzXfX5aeKLavs8IPjY6ZoAo/ip/140.109.135.76/id/8a37f19103c041d1/source/youtube/requiressl/yes/playback_host/r6---sn-5njj-u2xl.googlevideo.com/mh/CV/mm/31%2C29/mn/sn-5njj-u2xl%2Csn-un57en7e/ms/au%2Crdu/mv/m/mvi/6/pcm2cms/yes/pl/16/hfr/all/as/fmp4_audio_clear%2Cwebm_audio_clear%2Cwebm2_audio_clear%2Cfmp4_sd_hd_clear%2Cwebm2_sd_hd_clear/initcwndbps/690000/vprv/1/mt/1608463244/fvip/6/keepalive/yes/itag/0/sparams/expire%2Cei%2Cip%2Cid%2Csource%2Crequiressl%2Chfr%2Cas%2Cvprv%2Citag/sig/AOq0QJ8wRQIhAIlMHndjkogODdqj-dkdK-Ys1LTLq85vvWr4FIN91B9nAiAj-msbI1kBWtlG-Rr_86j0B_KLxpOpDTa_t4RcO-Ibew%3D%3D/lsparams/playback_host%2Cmh%2Cmm%2Cmn%2Cms%2Cmv%2Cmvi%2Cpcm2cms%2Cpl%2Cinitcwndbps/lsig/AG3C_xAwRgIhAOSMlxDHitfBxBFfLo2XSk5GP60BKExbh8Gn6Wu8c8oWAiEA93P5hAEu-hFS1OnQiYoRrEYY9_P7ZOF9fPz9HaM_Zro%3D", "fragment_base_url": "https://r6---sn-5njj-u2xl.googlevideo.com/videoplayback/expire/1608485383/ei/pzXfX5aeKLavs8IPjY6ZoAo/ip/140.109.135.76/id/8a37f19103c041d1/itag/243/source/yt_otf/requiressl/yes/mh/CV/mm/31,29/mn/sn-5njj-u2xl,sn-un57en7e/ms/au,rdu/mv/m/mvi/6/pcm2cms/yes/pl/16/initcwndbps/690000/vprv/1/ratebypass/yes/mime/video%2Fwebm/otfp/1/otf/1/lmt/1586817451078848/mt/1608463244/fvip/6/keepalive/yes/sparams/expire,ei,ip,id,itag,source,requiressl,vprv,ratebypass,mime,otfp,otf,lmt/sig/AOq0QJ8wRQIhAMEg2Zzqfqz18rhYe7TqrtSwuCcTr-DGKxME7yPZkR4YAiBHEA1DLkFaL2gHfSaysqHDRADbkcuZSJNTeR6hsuQAXA%3D%3D/lsparams/mh,mm,mn,ms,mv,mvi,pcm2cms,pl,initcwndbps/lsig/AG3C_xAwRQIhAJkJhMy_MajM_VBDXwHqXSfk1yeftyl4szn-31pnxZJCAiAvnaG0lZy-pHJhsPbiiNkozSTeo_24KqRBp4MJJhmKeQ%3D%3D/", "fragments": [{"path": "sq/0"}, {"path": "sq/1/dur/5.339", "duration": 5.339}, {"path": "sq/2/dur/5.338", "duration": 5.338}, {"path": "sq/3/dur/5.339", "duration": 5.339}, {"path": "sq/4/dur/5.339", "duration": 5.339}, {"path": "sq/5/dur/5.338", "duration": 5.338}, {"path": "sq/6/dur/5.339", "duration": 5.339}, {"path": "sq/7/dur/5.339", "duration": 5.339}, {"path": "sq/8/dur/5.338", "duration": 5.338}, {"path": "sq/9/dur/5.339", "duration": 5.339}, {"path": "sq/10/dur/5.339", "duration": 5.339}, {"path": "sq/11/dur/5.338", "duration": 5.338}, {"path": "sq/12/dur/5.339", "duration": 5.339}, {"path": "sq/13/dur/5.339", "duration": 5.339}, {"path": "sq/14/dur/5.338", "duration": 5.338}, {"path": "sq/15/dur/5.339", "duration": 5.339}, {"path": "sq/16/dur/5.339", "duration": 5.339}, {"path": "sq/17/dur/5.338", "duration": 5.338}, {"path": "sq/18/dur/5.339", "duration": 5.339}, {"path": "sq/19/dur/5.339", "duration": 5.339}, {"path": "sq/20/dur/5.338", "duration": 5.338}, {"path": "sq/21/dur/5.339", "duration": 5.339}, {"path": "sq/22/dur/5.339", "duration": 5.339}, {"path": "sq/23/dur/5.338", "duration": 5.338}, {"path": "sq/24/dur/5.339", "duration": 5.339}, {"path": "sq/25/dur/5.339", "duration": 5.339}, {"path": "sq/26/dur/5.338", "duration": 5.338}, {"path": "sq/27/dur/5.339", "duration": 5.339}, {"path": "sq/28/dur/5.339", "duration": 5.339}, {"path": "sq/29/dur/5.338", "duration": 5.338}, {"path": "sq/30/dur/5.339", "duration": 5.339}, {"path": "sq/31/dur/5.339", "duration": 5.339}, {"path": "sq/32/dur/5.338", "duration": 5.338}, {"path": "sq/33/dur/5.339", "duration": 5.339}, {"path": "sq/34/dur/5.339", "duration": 5.339}, {"path": "sq/35/dur/5.338", "duration": 5.338}, {"path": "sq/36/dur/5.339", "duration": 5.339}, {"path": "sq/37/dur/5.339", "duration": 5.339}, {"path": "sq/38/dur/5.338", "duration": 5.338}, {"path": "sq/39/dur/5.339", "duration": 5.339}, {"path": "sq/40/dur/5.339", "duration": 5.339}, {"path": "sq/41/dur/1.268", "duration": 1.268}], "protocol": "http_dash_segments", "format": "243 - 640x360 (DASH video)", "http_headers": {"User-Agent": "Mozilla/5.0 (Windows NT 10.0; Win64; x64) AppleWebKit/537.36 (KHTML, like Gecko) Chrome/70.0.3538.31 Safari/537.36", "Accept-Charset": "ISO-8859-1,utf-8;q=0.7,*;q=0.7", "Accept": "text/html,application/xhtml+xml,application/xml;q=0.9,*/*;q=0.8", "Accept-Encoding": "gzip, deflate", "Accept-Language": "en-us,en;q=0.5"}}, {"ext": "mp4", "height": 360, "format_note": "DASH video", "vcodec": "avc1.4d401e", "format_id": "134", "manifest_url": "https://manifest.googlevideo.com/api/manifest/dash/expire/1608485383/ei/pzXfX5aeKLavs8IPjY6ZoAo/ip/140.109.135.76/id/8a37f19103c041d1/source/youtube/requiressl/yes/playback_host/r6---sn-5njj-u2xl.googlevideo.com/mh/CV/mm/31%2C29/mn/sn-5njj-u2xl%2Csn-un57en7e/ms/au%2Crdu/mv/m/mvi/6/pcm2cms/yes/pl/16/hfr/all/as/fmp4_audio_clear%2Cwebm_audio_clear%2Cwebm2_audio_clear%2Cfmp4_sd_hd_clear%2Cwebm2_sd_hd_clear/initcwndbps/690000/vprv/1/mt/1608463244/fvip/6/keepalive/yes/itag/0/sparams/expire%2Cei%2Cip%2Cid%2Csource%2Crequiressl%2Chfr%2Cas%2Cvprv%2Citag/sig/AOq0QJ8wRQIhAIlMHndjkogODdqj-dkdK-Ys1LTLq85vvWr4FIN91B9nAiAj-msbI1kBWtlG-Rr_86j0B_KLxpOpDTa_t4RcO-Ibew%3D%3D/lsparams/playback_host%2Cmh%2Cmm%2Cmn%2Cms%2Cmv%2Cmvi%2Cpcm2cms%2Cpl%2Cinitcwndbps/lsig/AG3C_xAwRgIhAOSMlxDHitfBxBFfLo2XSk5GP60BKExbh8Gn6Wu8c8oWAiEA93P5hAEu-hFS1OnQiYoRrEYY9_P7ZOF9fPz9HaM_Zro%3D", "width": 640, "tbr": 460.706, "asr": null, "fps": 30, "language": null, "filesize": null, "container": "mp4_dash", "acodec": "none", "url": "https://manifest.googlevideo.com/api/manifest/dash/expire/1608485383/ei/pzXfX5aeKLavs8IPjY6ZoAo/ip/140.109.135.76/id/8a37f19103c041d1/source/youtube/requiressl/yes/playback_host/r6---sn-5njj-u2xl.googlevideo.com/mh/CV/mm/31%2C29/mn/sn-5njj-u2xl%2Csn-un57en7e/ms/au%2Crdu/mv/m/mvi/6/pcm2cms/yes/pl/16/hfr/all/as/fmp4_audio_clear%2Cwebm_audio_clear%2Cwebm2_audio_clear%2Cfmp4_sd_hd_clear%2Cwebm2_sd_hd_clear/initcwndbps/690000/vprv/1/mt/1608463244/fvip/6/keepalive/yes/itag/0/sparams/expire%2Cei%2Cip%2Cid%2Csource%2Crequiressl%2Chfr%2Cas%2Cvprv%2Citag/sig/AOq0QJ8wRQIhAIlMHndjkogODdqj-dkdK-Ys1LTLq85vvWr4FIN91B9nAiAj-msbI1kBWtlG-Rr_86j0B_KLxpOpDTa_t4RcO-Ibew%3D%3D/lsparams/playback_host%2Cmh%2Cmm%2Cmn%2Cms%2Cmv%2Cmvi%2Cpcm2cms%2Cpl%2Cinitcwndbps/lsig/AG3C_xAwRgIhAOSMlxDHitfBxBFfLo2XSk5GP60BKExbh8Gn6Wu8c8oWAiEA93P5hAEu-hFS1OnQiYoRrEYY9_P7ZOF9fPz9HaM_Zro%3D", "fragment_base_url": "https://r6---sn-5njj-u2xl.googlevideo.com/videoplayback/expire/1608485383/ei/pzXfX5aeKLavs8IPjY6ZoAo/ip/140.109.135.76/id/8a37f19103c041d1/itag/134/source/youtube/requiressl/yes/mh/CV/mm/31,29/mn/sn-5njj-u2xl,sn-un57en7e/ms/au,rdu/mv/m/mvi/6/pcm2cms/yes/pl/16/initcwndbps/690000/vprv/1/ratebypass/yes/mime/video%2Fmp4/otfp/1/gir/yes/clen/8063738/lmt/1586817456082924/dur/214.814/mt/1608463244/fvip/6/keepalive/yes/sparams/expire,ei,ip,id,itag,source,requiressl,vprv,ratebypass,mime,otfp,gir,clen,lmt,dur/sig/AOq0QJ8wRQIhAKFExTxleCB3G_hI14-1FtQt9jCkbrfU_BYORpM9dFw2AiBYXxqdF3Vf4xyRLANGt-ROC-vsuymLT5XEDlsoVkwTJQ%3D%3D/lsparams/mh,mm,mn,ms,mv,mvi,pcm2cms,pl,initcwndbps/lsig/AG3C_xAwRgIhAKPuol7tA7gIdB3QVD6jiI7CE8DVDOK7TTKxRVwddCuuAiEA7DfCRFqxsWNm3DXfpWiTwVoOffXweK9Kfi1OzONbR8I%3D/", "fragments": [{"path": "range/0-738"}, {"path": "range/1263-198185", "duration": 5.339}, {"path": "range/198186-414248", "duration": 5.338}, {"path": "range/414249-615687", "duration": 5.339}, {"path": "range/615688-820443", "duration": 5.339}, {"path": "range/820444-1025547", "duration": 5.338}, {"path": "range/1025548-1226422", "duration": 5.339}, {"path": "range/1226423-1427879", "duration": 5.339}, {"path": "range/1427880-1626313", "duration": 5.338}, {"path": "range/1626314-1822965", "duration": 5.339}, {"path": "range/1822966-2022578", "duration": 5.339}, {"path": "range/2022579-2219890", "duration": 5.338}, {"path": "range/2219891-2416775", "duration": 5.339}, {"path": "range/2416776-2616092", "duration": 5.339}, {"path": "range/2616093-2814782", "duration": 5.338}, {"path": "range/2814783-3014029", "duration": 5.339}, {"path": "range/3014030-3210643", "duration": 5.339}, {"path": "range/3210644-3409473", "duration": 5.338}, {"path": "range/3409474-3609977", "duration": 5.339}, {"path": "range/3609978-3808381", "duration": 5.339}, {"path": "range/3808382-4005497", "duration": 5.338}, {"path": "range/4005498-4202700", "duration": 5.339}, {"path": "range/4202701-4399759", "duration": 5.339}, {"path": "range/4399760-4598472", "duration": 5.338}, {"path": "range/4598473-4797880", "duration": 5.339}, {"path": "range/4797881-4995716", "duration": 5.339}, {"path": "range/4995717-5192689", "duration": 5.338}, {"path": "range/5192690-5396416", "duration": 5.339}, {"path": "range/5396417-5604338", "duration": 5.339}, {"path": "range/5604339-5807776", "duration": 5.338}, {"path": "range/5807777-6003917", "duration": 5.339}, {"path": "range/6003918-6200957", "duration": 5.339}, {"path": "range/6200958-6398151", "duration": 5.338}, {"path": "range/6398152-6597446", "duration": 5.339}, {"path": "range/6597447-6800020", "duration": 5.339}, {"path": "range/6800021-7002787", "duration": 5.338}, {"path": "range/7002788-7205752", "duration": 5.339}, {"path": "range/7205753-7409300", "duration": 5.339}, {"path": "range/7409301-7612631", "duration": 5.338}, {"path": "range/7612632-7818456", "duration": 5.339}, {"path": "range/7818457-7990715", "duration": 5.339}, {"path": "range/7990716-8063737", "duration": 1.268}], "protocol": "http_dash_segments", "format": "134 - 640x360 (DASH video)", "http_headers": {"User-Agent": "Mozilla/5.0 (Windows NT 10.0; Win64; x64) AppleWebKit/537.36 (KHTML, like Gecko) Chrome/70.0.3538.31 Safari/537.36", "Accept-Charset": "ISO-8859-1,utf-8;q=0.7,*;q=0.7", "Accept": "text/html,application/xhtml+xml,application/xml;q=0.9,*/*;q=0.8", "Accept-Encoding": "gzip, deflate", "Accept-Language": "en-us,en;q=0.5"}}, {"ext": "webm", "height": 480, "format_note": "DASH video", "vcodec": "vp9", "format_id": "244", "manifest_url": "https://manifest.googlevideo.com/api/manifest/dash/expire/1608485383/ei/pzXfX5aeKLavs8IPjY6ZoAo/ip/140.109.135.76/id/8a37f19103c041d1/source/youtube/requiressl/yes/playback_host/r6---sn-5njj-u2xl.googlevideo.com/mh/CV/mm/31%2C29/mn/sn-5njj-u2xl%2Csn-un57en7e/ms/au%2Crdu/mv/m/mvi/6/pcm2cms/yes/pl/16/hfr/all/as/fmp4_audio_clear%2Cwebm_audio_clear%2Cwebm2_audio_clear%2Cfmp4_sd_hd_clear%2Cwebm2_sd_hd_clear/initcwndbps/690000/vprv/1/mt/1608463244/fvip/6/keepalive/yes/itag/0/sparams/expire%2Cei%2Cip%2Cid%2Csource%2Crequiressl%2Chfr%2Cas%2Cvprv%2Citag/sig/AOq0QJ8wRQIhAIlMHndjkogODdqj-dkdK-Ys1LTLq85vvWr4FIN91B9nAiAj-msbI1kBWtlG-Rr_86j0B_KLxpOpDTa_t4RcO-Ibew%3D%3D/lsparams/playback_host%2Cmh%2Cmm%2Cmn%2Cms%2Cmv%2Cmvi%2Cpcm2cms%2Cpl%2Cinitcwndbps/lsig/AG3C_xAwRgIhAOSMlxDHitfBxBFfLo2XSk5GP60BKExbh8Gn6Wu8c8oWAiEA93P5hAEu-hFS1OnQiYoRrEYY9_P7ZOF9fPz9HaM_Zro%3D", "width": 854, "tbr": 752.64, "asr": null, "fps": 30, "language": null, "filesize": null, "container": "webm_dash", "acodec": "none", "url": "https://manifest.googlevideo.com/api/manifest/dash/expire/1608485383/ei/pzXfX5aeKLavs8IPjY6ZoAo/ip/140.109.135.76/id/8a37f19103c041d1/source/youtube/requiressl/yes/playback_host/r6---sn-5njj-u2xl.googlevideo.com/mh/CV/mm/31%2C29/mn/sn-5njj-u2xl%2Csn-un57en7e/ms/au%2Crdu/mv/m/mvi/6/pcm2cms/yes/pl/16/hfr/all/as/fmp4_audio_clear%2Cwebm_audio_clear%2Cwebm2_audio_clear%2Cfmp4_sd_hd_clear%2Cwebm2_sd_hd_clear/initcwndbps/690000/vprv/1/mt/1608463244/fvip/6/keepalive/yes/itag/0/sparams/expire%2Cei%2Cip%2Cid%2Csource%2Crequiressl%2Chfr%2Cas%2Cvprv%2Citag/sig/AOq0QJ8wRQIhAIlMHndjkogODdqj-dkdK-Ys1LTLq85vvWr4FIN91B9nAiAj-msbI1kBWtlG-Rr_86j0B_KLxpOpDTa_t4RcO-Ibew%3D%3D/lsparams/playback_host%2Cmh%2Cmm%2Cmn%2Cms%2Cmv%2Cmvi%2Cpcm2cms%2Cpl%2Cinitcwndbps/lsig/AG3C_xAwRgIhAOSMlxDHitfBxBFfLo2XSk5GP60BKExbh8Gn6Wu8c8oWAiEA93P5hAEu-hFS1OnQiYoRrEYY9_P7ZOF9fPz9HaM_Zro%3D", "fragment_base_url": "https://r6---sn-5njj-u2xl.googlevideo.com/videoplayback/expire/1608485383/ei/pzXfX5aeKLavs8IPjY6ZoAo/ip/140.109.135.76/id/8a37f19103c041d1/itag/244/source/yt_otf/requiressl/yes/mh/CV/mm/31,29/mn/sn-5njj-u2xl,sn-un57en7e/ms/au,rdu/mv/m/mvi/6/pcm2cms/yes/pl/16/initcwndbps/690000/vprv/1/ratebypass/yes/mime/video%2Fwebm/otfp/1/otf/1/lmt/1586817451078848/mt/1608463244/fvip/6/keepalive/yes/sparams/expire,ei,ip,id,itag,source,requiressl,vprv,ratebypass,mime,otfp,otf,lmt/sig/AOq0QJ8wRQIgdYSpi2jutfo0fUazFiFcJi8j3BqbFHivptc5HG4PlWUCIQDSi2UqomlRQXxaLLNFMjen0I6jCa9rjv3GoS35Z2-7JA%3D%3D/lsparams/mh,mm,mn,ms,mv,mvi,pcm2cms,pl,initcwndbps/lsig/AG3C_xAwRQIhANpBMiOvjrVj3EM4WGFxyJwptlueejm2VR5OD-RtrbkUAiAN6tmIcNBEK_1uCTmc-nf9THWrkkBkM_1AyjzimVmAmA%3D%3D/", "fragments": [{"path": "sq/0"}, {"path": "sq/1/dur/5.339", "duration": 5.339}, {"path": "sq/2/dur/5.338", "duration": 5.338}, {"path": "sq/3/dur/5.339", "duration": 5.339}, {"path": "sq/4/dur/5.339", "duration": 5.339}, {"path": "sq/5/dur/5.338", "duration": 5.338}, {"path": "sq/6/dur/5.339", "duration": 5.339}, {"path": "sq/7/dur/5.339", "duration": 5.339}, {"path": "sq/8/dur/5.338", "duration": 5.338}, {"path": "sq/9/dur/5.339", "duration": 5.339}, {"path": "sq/10/dur/5.339", "duration": 5.339}, {"path": "sq/11/dur/5.338", "duration": 5.338}, {"path": "sq/12/dur/5.339", "duration": 5.339}, {"path": "sq/13/dur/5.339", "duration": 5.339}, {"path": "sq/14/dur/5.338", "duration": 5.338}, {"path": "sq/15/dur/5.339", "duration": 5.339}, {"path": "sq/16/dur/5.339", "duration": 5.339}, {"path": "sq/17/dur/5.338", "duration": 5.338}, {"path": "sq/18/dur/5.339", "duration": 5.339}, {"path": "sq/19/dur/5.339", "duration": 5.339}, {"path": "sq/20/dur/5.338", "duration": 5.338}, {"path": "sq/21/dur/5.339", "duration": 5.339}, {"path": "sq/22/dur/5.339", "duration": 5.339}, {"path": "sq/23/dur/5.338", "duration": 5.338}, {"path": "sq/24/dur/5.339", "duration": 5.339}, {"path": "sq/25/dur/5.339", "duration": 5.339}, {"path": "sq/26/dur/5.338", "duration": 5.338}, {"path": "sq/27/dur/5.339", "duration": 5.339}, {"path": "sq/28/dur/5.339", "duration": 5.339}, {"path": "sq/29/dur/5.338", "duration": 5.338}, {"path": "sq/30/dur/5.339", "duration": 5.339}, {"path": "sq/31/dur/5.339", "duration": 5.339}, {"path": "sq/32/dur/5.338", "duration": 5.338}, {"path": "sq/33/dur/5.339", "duration": 5.339}, {"path": "sq/34/dur/5.339", "duration": 5.339}, {"path": "sq/35/dur/5.338", "duration": 5.338}, {"path": "sq/36/dur/5.339", "duration": 5.339}, {"path": "sq/37/dur/5.339", "duration": 5.339}, {"path": "sq/38/dur/5.338", "duration": 5.338}, {"path": "sq/39/dur/5.339", "duration": 5.339}, {"path": "sq/40/dur/5.339", "duration": 5.339}, {"path": "sq/41/dur/1.268", "duration": 1.268}], "protocol": "http_dash_segments", "format": "244 - 854x480 (DASH video)", "http_headers": {"User-Agent": "Mozilla/5.0 (Windows NT 10.0; Win64; x64) AppleWebKit/537.36 (KHTML, like Gecko) Chrome/70.0.3538.31 Safari/537.36", "Accept-Charset": "ISO-8859-1,utf-8;q=0.7,*;q=0.7", "Accept": "text/html,application/xhtml+xml,application/xml;q=0.9,*/*;q=0.8", "Accept-Encoding": "gzip, deflate", "Accept-Language": "en-us,en;q=0.5"}}, {"ext": "mp4", "height": 480, "format_note": "DASH video", "vcodec": "avc1.4d4014", "format_id": "135", "manifest_url": "https://manifest.googlevideo.com/api/manifest/dash/expire/1608485383/ei/pzXfX5aeKLavs8IPjY6ZoAo/ip/140.109.135.76/id/8a37f19103c041d1/source/youtube/requiressl/yes/playback_host/r6---sn-5njj-u2xl.googlevideo.com/mh/CV/mm/31%2C29/mn/sn-5njj-u2xl%2Csn-un57en7e/ms/au%2Crdu/mv/m/mvi/6/pcm2cms/yes/pl/16/hfr/all/as/fmp4_audio_clear%2Cwebm_audio_clear%2Cwebm2_audio_clear%2Cfmp4_sd_hd_clear%2Cwebm2_sd_hd_clear/initcwndbps/690000/vprv/1/mt/1608463244/fvip/6/keepalive/yes/itag/0/sparams/expire%2Cei%2Cip%2Cid%2Csource%2Crequiressl%2Chfr%2Cas%2Cvprv%2Citag/sig/AOq0QJ8wRQIhAIlMHndjkogODdqj-dkdK-Ys1LTLq85vvWr4FIN91B9nAiAj-msbI1kBWtlG-Rr_86j0B_KLxpOpDTa_t4RcO-Ibew%3D%3D/lsparams/playback_host%2Cmh%2Cmm%2Cmn%2Cms%2Cmv%2Cmvi%2Cpcm2cms%2Cpl%2Cinitcwndbps/lsig/AG3C_xAwRgIhAOSMlxDHitfBxBFfLo2XSk5GP60BKExbh8Gn6Wu8c8oWAiEA93P5hAEu-hFS1OnQiYoRrEYY9_P7ZOF9fPz9HaM_Zro%3D", "width": 854, "tbr": 1155.0, "asr": null, "fps": 30, "language": null, "filesize": null, "container": "mp4_dash", "acodec": "none", "url": "https://manifest.googlevideo.com/api/manifest/dash/expire/1608485383/ei/pzXfX5aeKLavs8IPjY6ZoAo/ip/140.109.135.76/id/8a37f19103c041d1/source/youtube/requiressl/yes/playback_host/r6---sn-5njj-u2xl.googlevideo.com/mh/CV/mm/31%2C29/mn/sn-5njj-u2xl%2Csn-un57en7e/ms/au%2Crdu/mv/m/mvi/6/pcm2cms/yes/pl/16/hfr/all/as/fmp4_audio_clear%2Cwebm_audio_clear%2Cwebm2_audio_clear%2Cfmp4_sd_hd_clear%2Cwebm2_sd_hd_clear/initcwndbps/690000/vprv/1/mt/1608463244/fvip/6/keepalive/yes/itag/0/sparams/expire%2Cei%2Cip%2Cid%2Csource%2Crequiressl%2Chfr%2Cas%2Cvprv%2Citag/sig/AOq0QJ8wRQIhAIlMHndjkogODdqj-dkdK-Ys1LTLq85vvWr4FIN91B9nAiAj-msbI1kBWtlG-Rr_86j0B_KLxpOpDTa_t4RcO-Ibew%3D%3D/lsparams/playback_host%2Cmh%2Cmm%2Cmn%2Cms%2Cmv%2Cmvi%2Cpcm2cms%2Cpl%2Cinitcwndbps/lsig/AG3C_xAwRgIhAOSMlxDHitfBxBFfLo2XSk5GP60BKExbh8Gn6Wu8c8oWAiEA93P5hAEu-hFS1OnQiYoRrEYY9_P7ZOF9fPz9HaM_Zro%3D", "fragment_base_url": "https://r6---sn-5njj-u2xl.googlevideo.com/videoplayback/expire/1608485383/ei/pzXfX5aeKLavs8IPjY6ZoAo/ip/140.109.135.76/id/8a37f19103c041d1/itag/135/source/yt_otf/requiressl/yes/mh/CV/mm/31,29/mn/sn-5njj-u2xl,sn-un57en7e/ms/au,rdu/mv/m/mvi/6/pcm2cms/yes/pl/16/initcwndbps/690000/vprv/1/ratebypass/yes/mime/video%2Fmp4/otfp/1/otf/1/lmt/1586817451078848/mt/1608463244/fvip/6/keepalive/yes/sparams/expire,ei,ip,id,itag,source,requiressl,vprv,ratebypass,mime,otfp,otf,lmt/sig/AOq0QJ8wRAIgXr-KlmR8uLCfkwXBcsPtLVyAgY69AfG7blmQ3x2-LyYCID7c8oOrvc04PP3GgNvrd8u_utPzPH45wUhyOwkTdxnU/lsparams/mh,mm,mn,ms,mv,mvi,pcm2cms,pl,initcwndbps/lsig/AG3C_xAwRgIhALYThdk71NG5u0W6BBUKWSy84ucaQPbfTUgeNP7ivdAMAiEA9aj1zKBaCyiaoXfCwUzm7mQsrCANo2y6XL6T3o36AF0%3D/", "fragments": [{"path": "sq/0"}, {"path": "sq/1/dur/5.339", "duration": 5.339}, {"path": "sq/2/dur/5.338", "duration": 5.338}, {"path": "sq/3/dur/5.339", "duration": 5.339}, {"path": "sq/4/dur/5.339", "duration": 5.339}, {"path": "sq/5/dur/5.338", "duration": 5.338}, {"path": "sq/6/dur/5.339", "duration": 5.339}, {"path": "sq/7/dur/5.339", "duration": 5.339}, {"path": "sq/8/dur/5.338", "duration": 5.338}, {"path": "sq/9/dur/5.339", "duration": 5.339}, {"path": "sq/10/dur/5.339", "duration": 5.339}, {"path": "sq/11/dur/5.338", "duration": 5.338}, {"path": "sq/12/dur/5.339", "duration": 5.339}, {"path": "sq/13/dur/5.339", "duration": 5.339}, {"path": "sq/14/dur/5.338", "duration": 5.338}, {"path": "sq/15/dur/5.339", "duration": 5.339}, {"path": "sq/16/dur/5.339", "duration": 5.339}, {"path": "sq/17/dur/5.338", "duration": 5.338}, {"path": "sq/18/dur/5.339", "duration": 5.339}, {"path": "sq/19/dur/5.339", "duration": 5.339}, {"path": "sq/20/dur/5.338", "duration": 5.338}, {"path": "sq/21/dur/5.339", "duration": 5.339}, {"path": "sq/22/dur/5.339", "duration": 5.339}, {"path": "sq/23/dur/5.338", "duration": 5.338}, {"path": "sq/24/dur/5.339", "duration": 5.339}, {"path": "sq/25/dur/5.339", "duration": 5.339}, {"path": "sq/26/dur/5.338", "duration": 5.338}, {"path": "sq/27/dur/5.339", "duration": 5.339}, {"path": "sq/28/dur/5.339", "duration": 5.339}, {"path": "sq/29/dur/5.338", "duration": 5.338}, {"path": "sq/30/dur/5.339", "duration": 5.339}, {"path": "sq/31/dur/5.339", "duration": 5.339}, {"path": "sq/32/dur/5.338", "duration": 5.338}, {"path": "sq/33/dur/5.339", "duration": 5.339}, {"path": "sq/34/dur/5.339", "duration": 5.339}, {"path": "sq/35/dur/5.338", "duration": 5.338}, {"path": "sq/36/dur/5.339", "duration": 5.339}, {"path": "sq/37/dur/5.339", "duration": 5.339}, {"path": "sq/38/dur/5.338", "duration": 5.338}, {"path": "sq/39/dur/5.339", "duration": 5.339}, {"path": "sq/40/dur/5.339", "duration": 5.339}, {"path": "sq/41/dur/1.268", "duration": 1.268}], "protocol": "http_dash_segments", "format": "135 - 854x480 (DASH video)", "http_headers": {"User-Agent": "Mozilla/5.0 (Windows NT 10.0; Win64; x64) AppleWebKit/537.36 (KHTML, like Gecko) Chrome/70.0.3538.31 Safari/537.36", "Accept-Charset": "ISO-8859-1,utf-8;q=0.7,*;q=0.7", "Accept": "text/html,application/xhtml+xml,application/xml;q=0.9,*/*;q=0.8", "Accept-Encoding": "gzip, deflate", "Accept-Language": "en-us,en;q=0.5"}}, {"ext": "webm", "height": 720, "format_note": "DASH video", "vcodec": "vp9", "format_id": "247", "manifest_url": "https://manifest.googlevideo.com/api/manifest/dash/expire/1608485383/ei/pzXfX5aeKLavs8IPjY6ZoAo/ip/140.109.135.76/id/8a37f19103c041d1/source/youtube/requiressl/yes/playback_host/r6---sn-5njj-u2xl.googlevideo.com/mh/CV/mm/31%2C29/mn/sn-5njj-u2xl%2Csn-un57en7e/ms/au%2Crdu/mv/m/mvi/6/pcm2cms/yes/pl/16/hfr/all/as/fmp4_audio_clear%2Cwebm_audio_clear%2Cwebm2_audio_clear%2Cfmp4_sd_hd_clear%2Cwebm2_sd_hd_clear/initcwndbps/690000/vprv/1/mt/1608463244/fvip/6/keepalive/yes/itag/0/sparams/expire%2Cei%2Cip%2Cid%2Csource%2Crequiressl%2Chfr%2Cas%2Cvprv%2Citag/sig/AOq0QJ8wRQIhAIlMHndjkogODdqj-dkdK-Ys1LTLq85vvWr4FIN91B9nAiAj-msbI1kBWtlG-Rr_86j0B_KLxpOpDTa_t4RcO-Ibew%3D%3D/lsparams/playback_host%2Cmh%2Cmm%2Cmn%2Cms%2Cmv%2Cmvi%2Cpcm2cms%2Cpl%2Cinitcwndbps/lsig/AG3C_xAwRgIhAOSMlxDHitfBxBFfLo2XSk5GP60BKExbh8Gn6Wu8c8oWAiEA93P5hAEu-hFS1OnQiYoRrEYY9_P7ZOF9fPz9HaM_Zro%3D", "width": 1280, "tbr": 1505.28, "asr": null, "fps": 30, "language": null, "filesize": null, "container": "webm_dash", "acodec": "none", "url": "https://manifest.googlevideo.com/api/manifest/dash/expire/1608485383/ei/pzXfX5aeKLavs8IPjY6ZoAo/ip/140.109.135.76/id/8a37f19103c041d1/source/youtube/requiressl/yes/playback_host/r6---sn-5njj-u2xl.googlevideo.com/mh/CV/mm/31%2C29/mn/sn-5njj-u2xl%2Csn-un57en7e/ms/au%2Crdu/mv/m/mvi/6/pcm2cms/yes/pl/16/hfr/all/as/fmp4_audio_clear%2Cwebm_audio_clear%2Cwebm2_audio_clear%2Cfmp4_sd_hd_clear%2Cwebm2_sd_hd_clear/initcwndbps/690000/vprv/1/mt/1608463244/fvip/6/keepalive/yes/itag/0/sparams/expire%2Cei%2Cip%2Cid%2Csource%2Crequiressl%2Chfr%2Cas%2Cvprv%2Citag/sig/AOq0QJ8wRQIhAIlMHndjkogODdqj-dkdK-Ys1LTLq85vvWr4FIN91B9nAiAj-msbI1kBWtlG-Rr_86j0B_KLxpOpDTa_t4RcO-Ibew%3D%3D/lsparams/playback_host%2Cmh%2Cmm%2Cmn%2Cms%2Cmv%2Cmvi%2Cpcm2cms%2Cpl%2Cinitcwndbps/lsig/AG3C_xAwRgIhAOSMlxDHitfBxBFfLo2XSk5GP60BKExbh8Gn6Wu8c8oWAiEA93P5hAEu-hFS1OnQiYoRrEYY9_P7ZOF9fPz9HaM_Zro%3D", "fragment_base_url": "https://r6---sn-5njj-u2xl.googlevideo.com/videoplayback/expire/1608485383/ei/pzXfX5aeKLavs8IPjY6ZoAo/ip/140.109.135.76/id/8a37f19103c041d1/itag/247/source/yt_otf/requiressl/yes/mh/CV/mm/31,29/mn/sn-5njj-u2xl,sn-un57en7e/ms/au,rdu/mv/m/mvi/6/pcm2cms/yes/pl/16/initcwndbps/690000/vprv/1/ratebypass/yes/mime/video%2Fwebm/otfp/1/otf/1/lmt/1586817451078848/mt/1608463244/fvip/6/keepalive/yes/sparams/expire,ei,ip,id,itag,source,requiressl,vprv,ratebypass,mime,otfp,otf,lmt/sig/AOq0QJ8wRQIgQTKZblZXFqov9UUn-ZfrnmLmOSRTzPPlWY4A1CmbzUACIQCVks3asMbjxi-RyjcwRutBObEAdA_j5q6yUVBBuHb8fw%3D%3D/lsparams/mh,mm,mn,ms,mv,mvi,pcm2cms,pl,initcwndbps/lsig/AG3C_xAwRQIhAM-mKZHq_HlMVLf0cBjq2wtjYL3al14CgzkQzChBMklFAiBcyOHYK3Lb7GcV2_ThcfpchbTSBMB_u-oCSllWj4xdKA%3D%3D/", "fragments": [{"path": "sq/0"}, {"path": "sq/1/dur/5.339", "duration": 5.339}, {"path": "sq/2/dur/5.338", "duration": 5.338}, {"path": "sq/3/dur/5.339", "duration": 5.339}, {"path": "sq/4/dur/5.339", "duration": 5.339}, {"path": "sq/5/dur/5.338", "duration": 5.338}, {"path": "sq/6/dur/5.339", "duration": 5.339}, {"path": "sq/7/dur/5.339", "duration": 5.339}, {"path": "sq/8/dur/5.338", "duration": 5.338}, {"path": "sq/9/dur/5.339", "duration": 5.339}, {"path": "sq/10/dur/5.339", "duration": 5.339}, {"path": "sq/11/dur/5.338", "duration": 5.338}, {"path": "sq/12/dur/5.339", "duration": 5.339}, {"path": "sq/13/dur/5.339", "duration": 5.339}, {"path": "sq/14/dur/5.338", "duration": 5.338}, {"path": "sq/15/dur/5.339", "duration": 5.339}, {"path": "sq/16/dur/5.339", "duration": 5.339}, {"path": "sq/17/dur/5.338", "duration": 5.338}, {"path": "sq/18/dur/5.339", "duration": 5.339}, {"path": "sq/19/dur/5.339", "duration": 5.339}, {"path": "sq/20/dur/5.338", "duration": 5.338}, {"path": "sq/21/dur/5.339", "duration": 5.339}, {"path": "sq/22/dur/5.339", "duration": 5.339}, {"path": "sq/23/dur/5.338", "duration": 5.338}, {"path": "sq/24/dur/5.339", "duration": 5.339}, {"path": "sq/25/dur/5.339", "duration": 5.339}, {"path": "sq/26/dur/5.338", "duration": 5.338}, {"path": "sq/27/dur/5.339", "duration": 5.339}, {"path": "sq/28/dur/5.339", "duration": 5.339}, {"path": "sq/29/dur/5.338", "duration": 5.338}, {"path": "sq/30/dur/5.339", "duration": 5.339}, {"path": "sq/31/dur/5.339", "duration": 5.339}, {"path": "sq/32/dur/5.338", "duration": 5.338}, {"path": "sq/33/dur/5.339", "duration": 5.339}, {"path": "sq/34/dur/5.339", "duration": 5.339}, {"path": "sq/35/dur/5.338", "duration": 5.338}, {"path": "sq/36/dur/5.339", "duration": 5.339}, {"path": "sq/37/dur/5.339", "duration": 5.339}, {"path": "sq/38/dur/5.338", "duration": 5.338}, {"path": "sq/39/dur/5.339", "duration": 5.339}, {"path": "sq/40/dur/5.339", "duration": 5.339}, {"path": "sq/41/dur/1.268", "duration": 1.268}], "protocol": "http_dash_segments", "format": "247 - 1280x720 (DASH video)", "http_headers": {"User-Agent": "Mozilla/5.0 (Windows NT 10.0; Win64; x64) AppleWebKit/537.36 (KHTML, like Gecko) Chrome/70.0.3538.31 Safari/537.36", "Accept-Charset": "ISO-8859-1,utf-8;q=0.7,*;q=0.7", "Accept": "text/html,application/xhtml+xml,application/xml;q=0.9,*/*;q=0.8", "Accept-Encoding": "gzip, deflate", "Accept-Language": "en-us,en;q=0.5"}}, {"ext": "mp4", "height": 720, "format_note": "DASH video", "vcodec": "avc1.4d4016", "format_id": "136", "manifest_url": "https://manifest.googlevideo.com/api/manifest/dash/expire/1608485383/ei/pzXfX5aeKLavs8IPjY6ZoAo/ip/140.109.135.76/id/8a37f19103c041d1/source/youtube/requiressl/yes/playback_host/r6---sn-5njj-u2xl.googlevideo.com/mh/CV/mm/31%2C29/mn/sn-5njj-u2xl%2Csn-un57en7e/ms/au%2Crdu/mv/m/mvi/6/pcm2cms/yes/pl/16/hfr/all/as/fmp4_audio_clear%2Cwebm_audio_clear%2Cwebm2_audio_clear%2Cfmp4_sd_hd_clear%2Cwebm2_sd_hd_clear/initcwndbps/690000/vprv/1/mt/1608463244/fvip/6/keepalive/yes/itag/0/sparams/expire%2Cei%2Cip%2Cid%2Csource%2Crequiressl%2Chfr%2Cas%2Cvprv%2Citag/sig/AOq0QJ8wRQIhAIlMHndjkogODdqj-dkdK-Ys1LTLq85vvWr4FIN91B9nAiAj-msbI1kBWtlG-Rr_86j0B_KLxpOpDTa_t4RcO-Ibew%3D%3D/lsparams/playback_host%2Cmh%2Cmm%2Cmn%2Cms%2Cmv%2Cmvi%2Cpcm2cms%2Cpl%2Cinitcwndbps/lsig/AG3C_xAwRgIhAOSMlxDHitfBxBFfLo2XSk5GP60BKExbh8Gn6Wu8c8oWAiEA93P5hAEu-hFS1OnQiYoRrEYY9_P7ZOF9fPz9HaM_Zro%3D", "width": 1280, "tbr": 2310.0, "asr": null, "fps": 30, "language": null, "filesize": null, "container": "mp4_dash", "acodec": "none", "url": "https://manifest.googlevideo.com/api/manifest/dash/expire/1608485383/ei/pzXfX5aeKLavs8IPjY6ZoAo/ip/140.109.135.76/id/8a37f19103c041d1/source/youtube/requiressl/yes/playback_host/r6---sn-5njj-u2xl.googlevideo.com/mh/CV/mm/31%2C29/mn/sn-5njj-u2xl%2Csn-un57en7e/ms/au%2Crdu/mv/m/mvi/6/pcm2cms/yes/pl/16/hfr/all/as/fmp4_audio_clear%2Cwebm_audio_clear%2Cwebm2_audio_clear%2Cfmp4_sd_hd_clear%2Cwebm2_sd_hd_clear/initcwndbps/690000/vprv/1/mt/1608463244/fvip/6/keepalive/yes/itag/0/sparams/expire%2Cei%2Cip%2Cid%2Csource%2Crequiressl%2Chfr%2Cas%2Cvprv%2Citag/sig/AOq0QJ8wRQIhAIlMHndjkogODdqj-dkdK-Ys1LTLq85vvWr4FIN91B9nAiAj-msbI1kBWtlG-Rr_86j0B_KLxpOpDTa_t4RcO-Ibew%3D%3D/lsparams/playback_host%2Cmh%2Cmm%2Cmn%2Cms%2Cmv%2Cmvi%2Cpcm2cms%2Cpl%2Cinitcwndbps/lsig/AG3C_xAwRgIhAOSMlxDHitfBxBFfLo2XSk5GP60BKExbh8Gn6Wu8c8oWAiEA93P5hAEu-hFS1OnQiYoRrEYY9_P7ZOF9fPz9HaM_Zro%3D", "fragment_base_url": "https://r6---sn-5njj-u2xl.googlevideo.com/videoplayback/expire/1608485383/ei/pzXfX5aeKLavs8IPjY6ZoAo/ip/140.109.135.76/id/8a37f19103c041d1/itag/136/source/yt_otf/requiressl/yes/mh/CV/mm/31,29/mn/sn-5njj-u2xl,sn-un57en7e/ms/au,rdu/mv/m/mvi/6/pcm2cms/yes/pl/16/initcwndbps/690000/vprv/1/ratebypass/yes/mime/video%2Fmp4/otfp/1/otf/1/lmt/1586817451078848/mt/1608463244/fvip/6/keepalive/yes/sparams/expire,ei,ip,id,itag,source,requiressl,vprv,ratebypass,mime,otfp,otf,lmt/sig/AOq0QJ8wRAIgXBeM7jKYi6tiV142ki9-R9F-TxnxRQ0ZpzyrVxpMOIACIHmCEvRMBoMt-w9cBr7ZR8P1rpZhvVzR0mcjrKm7-m5c/lsparams/mh,mm,mn,ms,mv,mvi,pcm2cms,pl,initcwndbps/lsig/AG3C_xAwRAIgGWNJ3LG8gMoABpJ6JZSr5PVv2ux214F_T3QMFTeOyw8CID4XoFxHQbiheFHACXHFU83k-h4GDRWSPYU8tl9R570l/", "fragments": [{"path": "sq/0"}, {"path": "sq/1/dur/5.339", "duration": 5.339}, {"path": "sq/2/dur/5.338", "duration": 5.338}, {"path": "sq/3/dur/5.339", "duration": 5.339}, {"path": "sq/4/dur/5.339", "duration": 5.339}, {"path": "sq/5/dur/5.338", "duration": 5.338}, {"path": "sq/6/dur/5.339", "duration": 5.339}, {"path": "sq/7/dur/5.339", "duration": 5.339}, {"path": "sq/8/dur/5.338", "duration": 5.338}, {"path": "sq/9/dur/5.339", "duration": 5.339}, {"path": "sq/10/dur/5.339", "duration": 5.339}, {"path": "sq/11/dur/5.338", "duration": 5.338}, {"path": "sq/12/dur/5.339", "duration": 5.339}, {"path": "sq/13/dur/5.339", "duration": 5.339}, {"path": "sq/14/dur/5.338", "duration": 5.338}, {"path": "sq/15/dur/5.339", "duration": 5.339}, {"path": "sq/16/dur/5.339", "duration": 5.339}, {"path": "sq/17/dur/5.338", "duration": 5.338}, {"path": "sq/18/dur/5.339", "duration": 5.339}, {"path": "sq/19/dur/5.339", "duration": 5.339}, {"path": "sq/20/dur/5.338", "duration": 5.338}, {"path": "sq/21/dur/5.339", "duration": 5.339}, {"path": "sq/22/dur/5.339", "duration": 5.339}, {"path": "sq/23/dur/5.338", "duration": 5.338}, {"path": "sq/24/dur/5.339", "duration": 5.339}, {"path": "sq/25/dur/5.339", "duration": 5.339}, {"path": "sq/26/dur/5.338", "duration": 5.338}, {"path": "sq/27/dur/5.339", "duration": 5.339}, {"path": "sq/28/dur/5.339", "duration": 5.339}, {"path": "sq/29/dur/5.338", "duration": 5.338}, {"path": "sq/30/dur/5.339", "duration": 5.339}, {"path": "sq/31/dur/5.339", "duration": 5.339}, {"path": "sq/32/dur/5.338", "duration": 5.338}, {"path": "sq/33/dur/5.339", "duration": 5.339}, {"path": "sq/34/dur/5.339", "duration": 5.339}, {"path": "sq/35/dur/5.338", "duration": 5.338}, {"path": "sq/36/dur/5.339", "duration": 5.339}, {"path": "sq/37/dur/5.339", "duration": 5.339}, {"path": "sq/38/dur/5.338", "duration": 5.338}, {"path": "sq/39/dur/5.339", "duration": 5.339}, {"path": "sq/40/dur/5.339", "duration": 5.339}, {"path": "sq/41/dur/1.268", "duration": 1.268}], "protocol": "http_dash_segments", "format": "136 - 1280x720 (DASH video)", "http_headers": {"User-Agent": "Mozilla/5.0 (Windows NT 10.0; Win64; x64) AppleWebKit/537.36 (KHTML, like Gecko) Chrome/70.0.3538.31 Safari/537.36", "Accept-Charset": "ISO-8859-1,utf-8;q=0.7,*;q=0.7", "Accept": "text/html,application/xhtml+xml,application/xml;q=0.9,*/*;q=0.8", "Accept-Encoding": "gzip, deflate", "Accept-Language": "en-us,en;q=0.5"}}, {"ext": "webm", "height": 1080, "format_note": "DASH video", "vcodec": "vp9", "format_id": "248", "manifest_url": "https://manifest.googlevideo.com/api/manifest/dash/expire/1608485383/ei/pzXfX5aeKLavs8IPjY6ZoAo/ip/140.109.135.76/id/8a37f19103c041d1/source/youtube/requiressl/yes/playback_host/r6---sn-5njj-u2xl.googlevideo.com/mh/CV/mm/31%2C29/mn/sn-5njj-u2xl%2Csn-un57en7e/ms/au%2Crdu/mv/m/mvi/6/pcm2cms/yes/pl/16/hfr/all/as/fmp4_audio_clear%2Cwebm_audio_clear%2Cwebm2_audio_clear%2Cfmp4_sd_hd_clear%2Cwebm2_sd_hd_clear/initcwndbps/690000/vprv/1/mt/1608463244/fvip/6/keepalive/yes/itag/0/sparams/expire%2Cei%2Cip%2Cid%2Csource%2Crequiressl%2Chfr%2Cas%2Cvprv%2Citag/sig/AOq0QJ8wRQIhAIlMHndjkogODdqj-dkdK-Ys1LTLq85vvWr4FIN91B9nAiAj-msbI1kBWtlG-Rr_86j0B_KLxpOpDTa_t4RcO-Ibew%3D%3D/lsparams/playback_host%2Cmh%2Cmm%2Cmn%2Cms%2Cmv%2Cmvi%2Cpcm2cms%2Cpl%2Cinitcwndbps/lsig/AG3C_xAwRgIhAOSMlxDHitfBxBFfLo2XSk5GP60BKExbh8Gn6Wu8c8oWAiEA93P5hAEu-hFS1OnQiYoRrEYY9_P7ZOF9fPz9HaM_Zro%3D", "width": 1920, "tbr": 2646.0, "asr": null, "fps": 30, "language": null, "filesize": null, "container": "webm_dash", "acodec": "none", "url": "https://manifest.googlevideo.com/api/manifest/dash/expire/1608485383/ei/pzXfX5aeKLavs8IPjY6ZoAo/ip/140.109.135.76/id/8a37f19103c041d1/source/youtube/requiressl/yes/playback_host/r6---sn-5njj-u2xl.googlevideo.com/mh/CV/mm/31%2C29/mn/sn-5njj-u2xl%2Csn-un57en7e/ms/au%2Crdu/mv/m/mvi/6/pcm2cms/yes/pl/16/hfr/all/as/fmp4_audio_clear%2Cwebm_audio_clear%2Cwebm2_audio_clear%2Cfmp4_sd_hd_clear%2Cwebm2_sd_hd_clear/initcwndbps/690000/vprv/1/mt/1608463244/fvip/6/keepalive/yes/itag/0/sparams/expire%2Cei%2Cip%2Cid%2Csource%2Crequiressl%2Chfr%2Cas%2Cvprv%2Citag/sig/AOq0QJ8wRQIhAIlMHndjkogODdqj-dkdK-Ys1LTLq85vvWr4FIN91B9nAiAj-msbI1kBWtlG-Rr_86j0B_KLxpOpDTa_t4RcO-Ibew%3D%3D/lsparams/playback_host%2Cmh%2Cmm%2Cmn%2Cms%2Cmv%2Cmvi%2Cpcm2cms%2Cpl%2Cinitcwndbps/lsig/AG3C_xAwRgIhAOSMlxDHitfBxBFfLo2XSk5GP60BKExbh8Gn6Wu8c8oWAiEA93P5hAEu-hFS1OnQiYoRrEYY9_P7ZOF9fPz9HaM_Zro%3D", "fragment_base_url": "https://r6---sn-5njj-u2xl.googlevideo.com/videoplayback/expire/1608485383/ei/pzXfX5aeKLavs8IPjY6ZoAo/ip/140.109.135.76/id/8a37f19103c041d1/itag/248/source/yt_otf/requiressl/yes/mh/CV/mm/31,29/mn/sn-5njj-u2xl,sn-un57en7e/ms/au,rdu/mv/m/mvi/6/pcm2cms/yes/pl/16/initcwndbps/690000/vprv/1/ratebypass/yes/mime/video%2Fwebm/otfp/1/otf/1/lmt/1586817451078848/mt/1608463244/fvip/6/keepalive/yes/sparams/expire,ei,ip,id,itag,source,requiressl,vprv,ratebypass,mime,otfp,otf,lmt/sig/AOq0QJ8wRQIgFm-_XR3l201WmSW6UBABbnJG9zOMXUn9L63N0AM1rlwCIQCxJJjtiMnE5JFlb-cKqdp_sPWQ4THv-6gsgGjh8T5n5g%3D%3D/lsparams/mh,mm,mn,ms,mv,mvi,pcm2cms,pl,initcwndbps/lsig/AG3C_xAwRQIhAJMgTr_IbWbXnq8NFcoPwG1ofYkyKZIlioFW0CFVfnO_AiAYtz8rz_Llu5mHDehFm5KtB15m_YX4f7ztFQfq7nJ_dQ%3D%3D/", "fragments": [{"path": "sq/0"}, {"path": "sq/1/dur/5.339", "duration": 5.339}, {"path": "sq/2/dur/5.338", "duration": 5.338}, {"path": "sq/3/dur/5.339", "duration": 5.339}, {"path": "sq/4/dur/5.339", "duration": 5.339}, {"path": "sq/5/dur/5.338", "duration": 5.338}, {"path": "sq/6/dur/5.339", "duration": 5.339}, {"path": "sq/7/dur/5.339", "duration": 5.339}, {"path": "sq/8/dur/5.338", "duration": 5.338}, {"path": "sq/9/dur/5.339", "duration": 5.339}, {"path": "sq/10/dur/5.339", "duration": 5.339}, {"path": "sq/11/dur/5.338", "duration": 5.338}, {"path": "sq/12/dur/5.339", "duration": 5.339}, {"path": "sq/13/dur/5.339", "duration": 5.339}, {"path": "sq/14/dur/5.338", "duration": 5.338}, {"path": "sq/15/dur/5.339", "duration": 5.339}, {"path": "sq/16/dur/5.339", "duration": 5.339}, {"path": "sq/17/dur/5.338", "duration": 5.338}, {"path": "sq/18/dur/5.339", "duration": 5.339}, {"path": "sq/19/dur/5.339", "duration": 5.339}, {"path": "sq/20/dur/5.338", "duration": 5.338}, {"path": "sq/21/dur/5.339", "duration": 5.339}, {"path": "sq/22/dur/5.339", "duration": 5.339}, {"path": "sq/23/dur/5.338", "duration": 5.338}, {"path": "sq/24/dur/5.339", "duration": 5.339}, {"path": "sq/25/dur/5.339", "duration": 5.339}, {"path": "sq/26/dur/5.338", "duration": 5.338}, {"path": "sq/27/dur/5.339", "duration": 5.339}, {"path": "sq/28/dur/5.339", "duration": 5.339}, {"path": "sq/29/dur/5.338", "duration": 5.338}, {"path": "sq/30/dur/5.339", "duration": 5.339}, {"path": "sq/31/dur/5.339", "duration": 5.339}, {"path": "sq/32/dur/5.338", "duration": 5.338}, {"path": "sq/33/dur/5.339", "duration": 5.339}, {"path": "sq/34/dur/5.339", "duration": 5.339}, {"path": "sq/35/dur/5.338", "duration": 5.338}, {"path": "sq/36/dur/5.339", "duration": 5.339}, {"path": "sq/37/dur/5.339", "duration": 5.339}, {"path": "sq/38/dur/5.338", "duration": 5.338}, {"path": "sq/39/dur/5.339", "duration": 5.339}, {"path": "sq/40/dur/5.339", "duration": 5.339}, {"path": "sq/41/dur/1.268", "duration": 1.268}], "protocol": "http_dash_segments", "format": "248 - 1920x1080 (DASH video)", "http_headers": {"User-Agent": "Mozilla/5.0 (Windows NT 10.0; Win64; x64) AppleWebKit/537.36 (KHTML, like Gecko) Chrome/70.0.3538.31 Safari/537.36", "Accept-Charset": "ISO-8859-1,utf-8;q=0.7,*;q=0.7", "Accept": "text/html,application/xhtml+xml,application/xml;q=0.9,*/*;q=0.8", "Accept-Encoding": "gzip, deflate", "Accept-Language": "en-us,en;q=0.5"}}, {"ext": "mp4", "height": 1080, "format_note": "DASH video", "vcodec": "avc1.64001e", "format_id": "137", "manifest_url": "https://manifest.googlevideo.com/api/manifest/dash/expire/1608485383/ei/pzXfX5aeKLavs8IPjY6ZoAo/ip/140.109.135.76/id/8a37f19103c041d1/source/youtube/requiressl/yes/playback_host/r6---sn-5njj-u2xl.googlevideo.com/mh/CV/mm/31%2C29/mn/sn-5njj-u2xl%2Csn-un57en7e/ms/au%2Crdu/mv/m/mvi/6/pcm2cms/yes/pl/16/hfr/all/as/fmp4_audio_clear%2Cwebm_audio_clear%2Cwebm2_audio_clear%2Cfmp4_sd_hd_clear%2Cwebm2_sd_hd_clear/initcwndbps/690000/vprv/1/mt/1608463244/fvip/6/keepalive/yes/itag/0/sparams/expire%2Cei%2Cip%2Cid%2Csource%2Crequiressl%2Chfr%2Cas%2Cvprv%2Citag/sig/AOq0QJ8wRQIhAIlMHndjkogODdqj-dkdK-Ys1LTLq85vvWr4FIN91B9nAiAj-msbI1kBWtlG-Rr_86j0B_KLxpOpDTa_t4RcO-Ibew%3D%3D/lsparams/playback_host%2Cmh%2Cmm%2Cmn%2Cms%2Cmv%2Cmvi%2Cpcm2cms%2Cpl%2Cinitcwndbps/lsig/AG3C_xAwRgIhAOSMlxDHitfBxBFfLo2XSk5GP60BKExbh8Gn6Wu8c8oWAiEA93P5hAEu-hFS1OnQiYoRrEYY9_P7ZOF9fPz9HaM_Zro%3D", "width": 1920, "tbr": 4331.25, "asr": null, "fps": 30, "language": null, "filesize": null, "container": "mp4_dash", "acodec": "none", "url": "https://manifest.googlevideo.com/api/manifest/dash/expire/1608485383/ei/pzXfX5aeKLavs8IPjY6ZoAo/ip/140.109.135.76/id/8a37f19103c041d1/source/youtube/requiressl/yes/playback_host/r6---sn-5njj-u2xl.googlevideo.com/mh/CV/mm/31%2C29/mn/sn-5njj-u2xl%2Csn-un57en7e/ms/au%2Crdu/mv/m/mvi/6/pcm2cms/yes/pl/16/hfr/all/as/fmp4_audio_clear%2Cwebm_audio_clear%2Cwebm2_audio_clear%2Cfmp4_sd_hd_clear%2Cwebm2_sd_hd_clear/initcwndbps/690000/vprv/1/mt/1608463244/fvip/6/keepalive/yes/itag/0/sparams/expire%2Cei%2Cip%2Cid%2Csource%2Crequiressl%2Chfr%2Cas%2Cvprv%2Citag/sig/AOq0QJ8wRQIhAIlMHndjkogODdqj-dkdK-Ys1LTLq85vvWr4FIN91B9nAiAj-msbI1kBWtlG-Rr_86j0B_KLxpOpDTa_t4RcO-Ibew%3D%3D/lsparams/playback_host%2Cmh%2Cmm%2Cmn%2Cms%2Cmv%2Cmvi%2Cpcm2cms%2Cpl%2Cinitcwndbps/lsig/AG3C_xAwRgIhAOSMlxDHitfBxBFfLo2XSk5GP60BKExbh8Gn6Wu8c8oWAiEA93P5hAEu-hFS1OnQiYoRrEYY9_P7ZOF9fPz9HaM_Zro%3D", "fragment_base_url": "https://r6---sn-5njj-u2xl.googlevideo.com/videoplayback/expire/1608485383/ei/pzXfX5aeKLavs8IPjY6ZoAo/ip/140.109.135.76/id/8a37f19103c041d1/itag/137/source/yt_otf/requiressl/yes/mh/CV/mm/31,29/mn/sn-5njj-u2xl,sn-un57en7e/ms/au,rdu/mv/m/mvi/6/pcm2cms/yes/pl/16/initcwndbps/690000/vprv/1/ratebypass/yes/mime/video%2Fmp4/otfp/1/otf/1/lmt/1586817451078848/mt/1608463244/fvip/6/keepalive/yes/sparams/expire,ei,ip,id,itag,source,requiressl,vprv,ratebypass,mime,otfp,otf,lmt/sig/AOq0QJ8wRgIhAIZVxJb73WNrdNyTm728ViqLuvgxwCrujPVOMiYRLuDpAiEA_S5EJMt52pjcdEX3hwgQuFpdq866gl0ZVWE8W0W2WR0%3D/lsparams/mh,mm,mn,ms,mv,mvi,pcm2cms,pl,initcwndbps/lsig/AG3C_xAwRQIhAJpD8gjRmuXd1W4KRluHZrMx5biYiItDF-pZB-VD5aZ6AiAW-u1LG61Npj-ub1M90od9sMUjaUjkhFhpkCItLHwluA%3D%3D/", "fragments": [{"path": "sq/0"}, {"path": "sq/1/dur/5.339", "duration": 5.339}, {"path": "sq/2/dur/5.338", "duration": 5.338}, {"path": "sq/3/dur/5.339", "duration": 5.339}, {"path": "sq/4/dur/5.339", "duration": 5.339}, {"path": "sq/5/dur/5.338", "duration": 5.338}, {"path": "sq/6/dur/5.339", "duration": 5.339}, {"path": "sq/7/dur/5.339", "duration": 5.339}, {"path": "sq/8/dur/5.338", "duration": 5.338}, {"path": "sq/9/dur/5.339", "duration": 5.339}, {"path": "sq/10/dur/5.339", "duration": 5.339}, {"path": "sq/11/dur/5.338", "duration": 5.338}, {"path": "sq/12/dur/5.339", "duration": 5.339}, {"path": "sq/13/dur/5.339", "duration": 5.339}, {"path": "sq/14/dur/5.338", "duration": 5.338}, {"path": "sq/15/dur/5.339", "duration": 5.339}, {"path": "sq/16/dur/5.339", "duration": 5.339}, {"path": "sq/17/dur/5.338", "duration": 5.338}, {"path": "sq/18/dur/5.339", "duration": 5.339}, {"path": "sq/19/dur/5.339", "duration": 5.339}, {"path": "sq/20/dur/5.338", "duration": 5.338}, {"path": "sq/21/dur/5.339", "duration": 5.339}, {"path": "sq/22/dur/5.339", "duration": 5.339}, {"path": "sq/23/dur/5.338", "duration": 5.338}, {"path": "sq/24/dur/5.339", "duration": 5.339}, {"path": "sq/25/dur/5.339", "duration": 5.339}, {"path": "sq/26/dur/5.338", "duration": 5.338}, {"path": "sq/27/dur/5.339", "duration": 5.339}, {"path": "sq/28/dur/5.339", "duration": 5.339}, {"path": "sq/29/dur/5.338", "duration": 5.338}, {"path": "sq/30/dur/5.339", "duration": 5.339}, {"path": "sq/31/dur/5.339", "duration": 5.339}, {"path": "sq/32/dur/5.338", "duration": 5.338}, {"path": "sq/33/dur/5.339", "duration": 5.339}, {"path": "sq/34/dur/5.339", "duration": 5.339}, {"path": "sq/35/dur/5.338", "duration": 5.338}, {"path": "sq/36/dur/5.339", "duration": 5.339}, {"path": "sq/37/dur/5.339", "duration": 5.339}, {"path": "sq/38/dur/5.338", "duration": 5.338}, {"path": "sq/39/dur/5.339", "duration": 5.339}, {"path": "sq/40/dur/5.339", "duration": 5.339}, {"path": "sq/41/dur/1.268", "duration": 1.268}], "protocol": "http_dash_segments", "format": "137 - 1920x1080 (DASH video)", "http_headers": {"User-Agent": "Mozilla/5.0 (Windows NT 10.0; Win64; x64) AppleWebKit/537.36 (KHTML, like Gecko) Chrome/70.0.3538.31 Safari/537.36", "Accept-Charset": "ISO-8859-1,utf-8;q=0.7,*;q=0.7", "Accept": "text/html,application/xhtml+xml,application/xml;q=0.9,*/*;q=0.8", "Accept-Encoding": "gzip, deflate", "Accept-Language": "en-us,en;q=0.5"}}, {"format_id": "18", "url": "https://r6---sn-5njj-u2xl.googlevideo.com/videoplayback?expire=1608485383&ei=pzXfX5aeKLavs8IPjY6ZoAo&ip=140.109.135.76&id=o-ALEj1fyQS5UYpj2dIxPzfTT2uQguoV2N-cozb4ac38v1&itag=18&source=youtube&requiressl=yes&mh=CV&mm=31%2C29&mn=sn-5njj-u2xl%2Csn-un57en7e&ms=au%2Crdu&mv=m&mvi=6&pcm2cms=yes&pl=16&pcm2=yes&initcwndbps=690000&vprv=1&mime=video%2Fmp4&ns=Y7yulmyuPO2cmi6NO_euHaoF&gir=yes&clen=14847131&ratebypass=yes&dur=214.877&lmt=1586814084703777&mt=1608463244&fvip=6&c=WEB&txp=6216222&n=nQHhS6V-ZU3Dglv1T&sparams=expire%2Cei%2Cip%2Cid%2Citag%2Csource%2Crequiressl%2Cpcm2%2Cvprv%2Cmime%2Cns%2Cgir%2Cclen%2Cratebypass%2Cdur%2Clmt&sig=AOq0QJ8wRQIhAP1G9edZ5W_iy6Z-dwci6zMyMHh_yPmUiUuRAVqGEeT8AiA-lnLDM2RTrPE-3wMpV98fkTxUEcKNTJg8iFswP_N78Q%3D%3D&lsparams=mh%2Cmm%2Cmn%2Cms%2Cmv%2Cmvi%2Cpcm2cms%2Cpl%2Cinitcwndbps&lsig=AG3C_xAwRQIgSb6Imf-O4RpvxpMJIBbr3JIdBExut1-a4T-vv7NBb3kCIQCoA7WhnJZnZ5niWp3OSoXB30g3C9VIVjFpi_RKZGRJuQ%3D%3D", "player_url": null, "ext": "mp4", "width": 640, "height": 360, "acodec": "mp4a.40.2", "abr": 96, "vcodec": "avc1.42001E", "asr": 44100, "filesize": 14847131, "format_note": "360p", "fps": 30, "tbr": 552.929, "format": "18 - 640x360 (360p)", "protocol": "https", "http_headers": {"User-Agent": "Mozilla/5.0 (Windows NT 10.0; Win64; x64) AppleWebKit/537.36 (KHTML, like Gecko) Chrome/70.0.3538.31 Safari/537.36", "Accept-Charset": "ISO-8859-1,utf-8;q=0.7,*;q=0.7", "Accept": "text/html,application/xhtml+xml,application/xml;q=0.9,*/*;q=0.8", "Accept-Encoding": "gzip, deflate", "Accept-Language": "en-us,en;q=0.5"}}], "is_live": null, "start_time": null, "end_time": null, "series": null, "season_number": null, "episode_number": null, "track": null, "artist": null, "album": null, "release_date": null, "release_year": null, "extractor": "youtube", "webpage_url_basename": "watch", "extractor_key": "Youtube", "playlist": null, "playlist_index": null, "thumbnail": "https://i.ytimg.com/vi_webp/ijfxkQPAQdE/maxresdefault.webp", "display_id": "ijfxkQPAQdE", "requested_subtitles": null, "ext": "webm", "format_note": "DASH audio", "acodec": "opus", "abr": 160, "format_id": "251", "manifest_url": "https://manifest.googlevideo.com/api/manifest/dash/expire/1608485383/ei/pzXfX5aeKLavs8IPjY6ZoAo/ip/140.109.135.76/id/8a37f19103c041d1/source/youtube/requiressl/yes/playback_host/r6---sn-5njj-u2xl.googlevideo.com/mh/CV/mm/31%2C29/mn/sn-5njj-u2xl%2Csn-un57en7e/ms/au%2Crdu/mv/m/mvi/6/pcm2cms/yes/pl/16/hfr/all/as/fmp4_audio_clear%2Cwebm_audio_clear%2Cwebm2_audio_clear%2Cfmp4_sd_hd_clear%2Cwebm2_sd_hd_clear/initcwndbps/690000/vprv/1/mt/1608463244/fvip/6/keepalive/yes/itag/0/sparams/expire%2Cei%2Cip%2Cid%2Csource%2Crequiressl%2Chfr%2Cas%2Cvprv%2Citag/sig/AOq0QJ8wRQIhAIlMHndjkogODdqj-dkdK-Ys1LTLq85vvWr4FIN91B9nAiAj-msbI1kBWtlG-Rr_86j0B_KLxpOpDTa_t4RcO-Ibew%3D%3D/lsparams/playback_host%2Cmh%2Cmm%2Cmn%2Cms%2Cmv%2Cmvi%2Cpcm2cms%2Cpl%2Cinitcwndbps/lsig/AG3C_xAwRgIhAOSMlxDHitfBxBFfLo2XSk5GP60BKExbh8Gn6Wu8c8oWAiEA93P5hAEu-hFS1OnQiYoRrEYY9_P7ZOF9fPz9HaM_Zro%3D", "width": null, "height": null, "tbr": 164.973, "asr": 48000, "fps": null, "language": null, "filesize": null, "container": "webm_dash", "vcodec": "none", "url": "https://manifest.googlevideo.com/api/manifest/dash/expire/1608485383/ei/pzXfX5aeKLavs8IPjY6ZoAo/ip/140.109.135.76/id/8a37f19103c041d1/source/youtube/requiressl/yes/playback_host/r6---sn-5njj-u2xl.googlevideo.com/mh/CV/mm/31%2C29/mn/sn-5njj-u2xl%2Csn-un57en7e/ms/au%2Crdu/mv/m/mvi/6/pcm2cms/yes/pl/16/hfr/all/as/fmp4_audio_clear%2Cwebm_audio_clear%2Cwebm2_audio_clear%2Cfmp4_sd_hd_clear%2Cwebm2_sd_hd_clear/initcwndbps/690000/vprv/1/mt/1608463244/fvip/6/keepalive/yes/itag/0/sparams/expire%2Cei%2Cip%2Cid%2Csource%2Crequiressl%2Chfr%2Cas%2Cvprv%2Citag/sig/AOq0QJ8wRQIhAIlMHndjkogODdqj-dkdK-Ys1LTLq85vvWr4FIN91B9nAiAj-msbI1kBWtlG-Rr_86j0B_KLxpOpDTa_t4RcO-Ibew%3D%3D/lsparams/playback_host%2Cmh%2Cmm%2Cmn%2Cms%2Cmv%2Cmvi%2Cpcm2cms%2Cpl%2Cinitcwndbps/lsig/AG3C_xAwRgIhAOSMlxDHitfBxBFfLo2XSk5GP60BKExbh8Gn6Wu8c8oWAiEA93P5hAEu-hFS1OnQiYoRrEYY9_P7ZOF9fPz9HaM_Zro%3D", "fragment_base_url": "https://r6---sn-5njj-u2xl.googlevideo.com/videoplayback/expire/1608485383/ei/pzXfX5aeKLavs8IPjY6ZoAo/ip/140.109.135.76/id/8a37f19103c041d1/itag/251/source/youtube/requiressl/yes/mh/CV/mm/31,29/mn/sn-5njj-u2xl,sn-un57en7e/ms/au,rdu/mv/m/mvi/6/pcm2cms/yes/pl/16/initcwndbps/690000/vprv/1/ratebypass/yes/mime/audio%2Fwebm/otfp/1/gir/yes/clen/4076432/lmt/1586814076870531/dur/214.841/mt/1608463244/fvip/6/keepalive/yes/sparams/expire,ei,ip,id,itag,source,requiressl,vprv,ratebypass,mime,otfp,gir,clen,lmt,dur/sig/AOq0QJ8wRQIgB3TRVbte5WawAHEV4OAv9uZGXRypOSx3bBZJuuaimKgCIQC2xgo4b0Ua19yGMCL-2IYPPfuFb0Q4kbJPyzW6UmEYXw%3D%3D/lsparams/mh,mm,mn,ms,mv,mvi,pcm2cms,pl,initcwndbps/lsig/AG3C_xAwRQIhAObwDO_yVhk0HfmfNKMFm-32Y_doLgQY27lDAd0Ij1BrAiA188OdrzvOe_9GGJzCmWduPxTVCbsEFyf0kQHC6r_kqA%3D%3D/", "fragments": [{"path": "range/0-258"}, {"path": "range/630-141915", "duration": 10.001}, {"path": "range/141916-338009", "duration": 10.0}, {"path": "range/338010-527486", "duration": 10.0}, {"path": "range/527487-713312", "duration": 10.0}, {"path": "range/713313-900854", "duration": 10.0}, {"path": "range/900855-1089848", "duration": 10.0}, {"path": "range/1089849-1280983", "duration": 10.0}, {"path": "range/1280984-1469428", "duration": 10.0}, {"path": "range/1469429-1658153", "duration": 10.0}, {"path": "range/1658154-1846444", "duration": 10.0}, {"path": "range/1846445-2034535", "duration": 10.0}, {"path": "range/2034536-2223675", "duration": 10.0}, {"path": "range/2223676-2416552", "duration": 10.0}, {"path": "range/2416553-2610734", "duration": 10.0}, {"path": "range/2610735-2796425", "duration": 10.0}, {"path": "range/2796426-2987371", "duration": 10.0}, {"path": "range/2987372-3180098", "duration": 10.0}, {"path": "range/3180099-3377622", "duration": 10.0}, {"path": "range/3377623-3577715", "duration": 10.0}, {"path": "range/3577716-3777588", "duration": 10.0}, {"path": "range/3777589-3983805", "duration": 10.0}, {"path": "range/3983806-4076431", "duration": 4.84}], "protocol": "http_dash_segments", "format": "251 - audio only (DASH audio)", "http_headers": {"User-Agent": "Mozilla/5.0 (Windows NT 10.0; Win64; x64) AppleWebKit/537.36 (KHTML, like Gecko) Chrome/70.0.3538.31 Safari/537.36", "Accept-Charset": "ISO-8859-1,utf-8;q=0.7,*;q=0.7", "Accept": "text/html,application/xhtml+xml,application/xml;q=0.9,*/*;q=0.8", "Accept-Encoding": "gzip, deflate", "Accept-Language": "en-us,en;q=0.5"}}