{"id": "lTl26wThKGE", "uploader": "Yudan730 \u9b5a\u86cb\u6751\u92fc\u7434\u983b\u9053", "uploader_id": "yudan730", "uploader_url": "http://www.youtube.com/user/yudan730", "channel_id": "UCSwXQEe1RO4pdURFpYw--cg", "channel_url": "http://www.youtube.com/channel/UCSwXQEe1RO4pdURFpYw--cg", "upload_date": "20190917", "license": null, "creator": null, "title": "\u8aaa\u597d\u4e0d\u54ed \u92fc\u7434\u7248 (\u4e3b\u5531: \u5468\u6770\u502b )", "alt_title": null, "thumbnails": [{"url": "https://i.ytimg.com/vi/lTl26wThKGE/hqdefault.jpg?sqp=-oaymwEYCKgBEF5IVfKriqkDCwgBFQAAiEIYAXAB&rs=AOn4CLAPTwoALZkLEVLPuMOJyjRLosTQBw", "width": 168, "height": 94, "resolution": "168x94", "id": "0"}, {"url": "https://i.ytimg.com/vi/lTl26wThKGE/hqdefault.jpg?sqp=-oaymwEYCMQBEG5IVfKriqkDCwgBFQAAiEIYAXAB&rs=AOn4CLCWY4CB6hU8XriNHfO6l2ixMraPtA", "width": 196, "height": 110, "resolution": "196x110", "id": "1"}, {"url": "https://i.ytimg.com/vi/lTl26wThKGE/hqdefault.jpg?sqp=-oaymwEZCPYBEIoBSFXyq4qpAwsIARUAAIhCGAFwAQ==&rs=AOn4CLAHvlVuUjQv_H353njTeDRYQgeY5Q", "width": 246, "height": 138, "resolution": "246x138", "id": "2"}, {"url": "https://i.ytimg.com/vi/lTl26wThKGE/hqdefault.jpg?sqp=-oaymwEZCNACELwBSFXyq4qpAwsIARUAAIhCGAFwAQ==&rs=AOn4CLAF0GPKUwUCKWQ79Ih45odGp4e8GQ", "width": 336, "height": 188, "resolution": "336x188", "id": "3"}, {"url": "https://i.ytimg.com/vi_webp/lTl26wThKGE/maxresdefault.webp", "width": 1920, "height": 1080, "resolution": "1920x1080", "id": "4"}], "description": "\u8a02\u95b1\u6751\u9577\uff01\u2794 https://goo.gl/Qlpz6E\n\u53f0\u7063\u6b4c\u66f2\u64ad\u653e\u6e05\u55ae \u2794 https://goo.gl/q0Gv36\n\u4f86\u770b\u770b\u6751\u9577\u6700\u65b0\u66dd\u5149\u52d5\u5411\uff01\u2794 https://goo.gl/7MzmFu\n\u672c\u5f71\u7247\u7434\u8b5c\u4e0b\u8f09 Piano Sheet Here\uff01\u2794 http://yudans.net/1246\n\n\u9b5a\u86cb\u6751\u7434\u8b5c\u7db2\u7ad9 \u2794 http://yudans.net/\n\u6751\u9577\u500b\u4eba Facebook \u2794 http://goo.gl/64ocaC\n\u9b5a\u86cb\u6751\u5b98\u65b9Facebook\u5c08\u9801 \u2794 https://goo.gl/7MzmFu\nInstagram \u2794 yudan730\n\u5fae\u535a \u2794 http://goo.gl/7V6ouW\n\u92fc\u7434\u6559\u5b78/\u5ee3\u544a\u67e5\u8a62 \u2794 yudansnet@gmail.com\n\n---------------------------------------\n\n\u4f5c\u8a5e\uff1a\u65b9\u6587\u5c71\n\u4f5c\u66f2\uff1a\u5468\u6770\u502b\n\n\u6b4c\u8a5e\uff1a\n\n\u6c92\u6709\u4e86\u806f\u7d61 \u5f8c\u4f86\u7684\u751f\u6d3b \u6211\u90fd\u662f\u807d\u5225\u4eba\u8aaa\n\u8aaa\u59b3\u600e\u9ebc\u4e86 \u8aaa\u59b3\u600e\u9ebc\u904e \u653e\u4e0d\u4e0b\u7684\u4eba\u662f\u6211\n\u4eba\u591a\u7684\u6642\u5019 \u5c31\u5f85\u5728\u89d2\u843d \u5c31\u6015\u5225\u4eba\u554f\u8d77\u6211\n\u4f60\u5011\u600e\u9ebc\u4e86 \u59b3\u4f4e\u8457\u982d \u8b77\u8457\u6211\u9023\u62b1\u6028\u90fd\u6c92\u6709\n\n\u96fb\u8a71\u958b\u59cb\u8eb2 \u5f9e\u4e0d\u5c0d\u6211\u8aaa \u4e0d\u7fd2\u6163\u4e00\u500b\u4eba\u751f\u6d3b\n\u96e2\u958b\u6211\u4ee5\u5f8c \u8981\u6211\u597d\u597d\u904e \u6015\u6253\u64fe\u60f3\u81ea\u7531\u7684\u6211\n\u90fd\u9019\u500b\u6642\u5019 \u59b3\u9084\u5728\u610f\u8457 \u5225\u4eba\u662f\u600e\u9ebc\u600e\u9ebc\u770b\u6211\u7684\n\u62fc\u547d\u89e3\u91cb\u8457 \u4e0d\u662f\u6211\u7684\u932f \u662f\u59b3\u8981\u8d70\n\n\u773c\u770b\u8457\u59b3\u96e3\u904e \u633d\u7559\u7684\u8a71\u537b\u6c92\u6709\u8aaa\n\u59b3\u6703\u5fae\u7b11\u653e\u624b \u8aaa\u597d\u4e0d\u54ed\u8b93\u6211\u8d70\n\n\u96fb\u8a71\u958b\u59cb\u8eb2 \u5f9e\u4e0d\u5c0d\u6211\u8aaa \u4e0d\u7fd2\u6163\u4e00\u500b\u4eba\u751f\u6d3b\n\u96e2\u958b\u6211\u4ee5\u5f8c \u8981\u6211\u597d\u597d\u904e \u6015\u6253\u64fe\u60f3\u81ea\u7531\u7684\u6211\n\u90fd\u9019\u500b\u6642\u5019 \u4f60\u9084\u5728\u610f\u8457 \u5225\u4eba\u662f\u600e\u9ebc\u600e\u9ebc\u770b\u6211\u7684\n\u62fc\u547d\u89e3\u91cb\u8457 \u4e0d\u662f\u6211\u7684\u932f \u662f\u59b3\u8981\u8d70\n\n\u773c\u770b\u8457\u59b3\u96e3\u904e \u633d\u7559\u7684\u8a71\u537b\u6c92\u6709\u8aaa", "categories": ["Music"], "tags": ["\u92fc\u7434", "\u92fc\u7434\u7248", "\u7d14\u97f3\u6a02", "\u97f3\u6a02", "\u4f34\u5531", "Piano", "yudan730", "hugowong", "hugo", "yudans", "yudansnet", "\u9b5a\u86cb", "\u9b5a\u86cb\u6751", "\u6751\u9577", "cover", "\u7434\u8b5c", "\u6559\u5b78", "\u4e94\u6708\u5929\u963f\u4fe1", "\u5468\u6770\u502b", "\u4e94\u6708\u5929", "\u8aaa\u597d\u4e0d\u54ed"], "subtitles": {}, "automatic_captions": {}, "duration": 219, "age_limit": 0, "annotations": null, "chapters": null, "webpage_url": "https://www.youtube.com/watch?v=lTl26wThKGE", "view_count": 150585, "like_count": 2009, "dislike_count": 18, "average_rating": 4.9644794, "formats": [{"format_id": "249", "url": "https://r3---sn-5njj-u2xl.googlevideo.com/videoplayback?expire=1611764536&ei=2D4RYNGgMJGvgAPIiKSIBQ&ip=140.109.135.76&id=o-ANinUdQnlWf20-qXH4QdPvgMA5sILUp_6AOLB2Nyfo1w&itag=249&source=youtube&requiressl=yes&mh=XL&mm=31%2C29&mn=sn-5njj-u2xl%2Csn-un57sn7s&ms=au%2Crdu&mv=m&mvi=3&pl=16&initcwndbps=546250&vprv=1&mime=audio%2Fwebm&ns=3SWGRoZ-dcPm2i8jO8msuJ4F&gir=yes&clen=1586250&dur=218.621&lmt=1568722104837513&mt=1611742362&fvip=3&keepalive=yes&c=WEB&txp=2301222&n=4BxXyLXBddzmSf_z5_I1&sparams=expire%2Cei%2Cip%2Cid%2Citag%2Csource%2Crequiressl%2Cvprv%2Cmime%2Cns%2Cgir%2Cclen%2Cdur%2Clmt&lsparams=mh%2Cmm%2Cmn%2Cms%2Cmv%2Cmvi%2Cpl%2Cinitcwndbps&lsig=AG3C_xAwRAIgbfsuFwIikWEcec0r0GMSrq2XJUDUpB6g6H-H07d5mWkCIFM2ccI0PH3gLGRThF8dtKO6Qk8AXQO3LWWlFnVxBlw1&sig=AOq0QJ8wRAIgDk2F3SI6RW_xJ2sRm5EL7ze6Kotj9_FQYNcH1kVDsiwCIBLoVE34geVyaWp9wBHTziKe5SKyOpKHV0kK2y8BXXbS&ratebypass=yes", "player_url": "/s/player/c6df6ed7/player_ias.vflset/en_US/base.js", "ext": "webm", "format_note": "tiny", "acodec": "opus", "abr": 50, "asr": 48000, "filesize": 1586250, "fps": null, "height": null, "tbr": 67.546, "width": null, "vcodec": "none", "downloader_options": {"http_chunk_size": 10485760}, "format": "249 - audio only (tiny)", "protocol": "https", "http_headers": {"User-Agent": "Mozilla/5.0 (Windows NT 10.0; Win64; x64) AppleWebKit/537.36 (KHTML, like Gecko) Chrome/72.0.3626.25 Safari/537.36", "Accept-Charset": "ISO-8859-1,utf-8;q=0.7,*;q=0.7", "Accept": "text/html,application/xhtml+xml,application/xml;q=0.9,*/*;q=0.8", "Accept-Encoding": "gzip, deflate", "Accept-Language": "en-us,en;q=0.5"}}, {"format_id": "250", "url": "https://r3---sn-5njj-u2xl.googlevideo.com/videoplayback?expire=1611764536&ei=2D4RYNGgMJGvgAPIiKSIBQ&ip=140.109.135.76&id=o-ANinUdQnlWf20-qXH4QdPvgMA5sILUp_6AOLB2Nyfo1w&itag=250&source=youtube&requiressl=yes&mh=XL&mm=31%2C29&mn=sn-5njj-u2xl%2Csn-un57sn7s&ms=au%2Crdu&mv=m&mvi=3&pl=16&initcwndbps=546250&vprv=1&mime=audio%2Fwebm&ns=3SWGRoZ-dcPm2i8jO8msuJ4F&gir=yes&clen=2123835&dur=218.621&lmt=1568722105454246&mt=1611742362&fvip=3&keepalive=yes&c=WEB&txp=2301222&n=4BxXyLXBddzmSf_z5_I1&sparams=expire%2Cei%2Cip%2Cid%2Citag%2Csource%2Crequiressl%2Cvprv%2Cmime%2Cns%2Cgir%2Cclen%2Cdur%2Clmt&lsparams=mh%2Cmm%2Cmn%2Cms%2Cmv%2Cmvi%2Cpl%2Cinitcwndbps&lsig=AG3C_xAwRQIhAPdGngrFhEe6p86c_2U8iNOY6R0uy6_EVjLCcMH3HiB5AiBYIPcOyLQBPLJCOHtKv37wnX34faRi4mxWarILZGRCwA%3D%3D&sig=AOq0QJ8wRQIgfjzHJhNx3e8PlOZPD_DrhrQz5INzhrseB8a3_3khP5kCIQCDQXN1NFuArPP--kJ36fdnknQ8daeSfkK1hER7G0dzkA==&ratebypass=yes", "player_url": "/s/player/c6df6ed7/player_ias.vflset/en_US/base.js", "ext": "webm", "format_note": "tiny", "acodec": "opus", "abr": 70, "asr": 48000, "filesize": 2123835, "fps": null, "height": null, "tbr": 89.08, "width": null, "vcodec": "none", "downloader_options": {"http_chunk_size": 10485760}, "format": "250 - audio only (tiny)", "protocol": "https", "http_headers": {"User-Agent": "Mozilla/5.0 (Windows NT 10.0; Win64; x64) AppleWebKit/537.36 (KHTML, like Gecko) Chrome/72.0.3626.25 Safari/537.36", "Accept-Charset": "ISO-8859-1,utf-8;q=0.7,*;q=0.7", "Accept": "text/html,application/xhtml+xml,application/xml;q=0.9,*/*;q=0.8", "Accept-Encoding": "gzip, deflate", "Accept-Language": "en-us,en;q=0.5"}}, {"format_id": "140", "url": "https://r3---sn-5njj-u2xl.googlevideo.com/videoplayback?expire=1611764536&ei=2D4RYNGgMJGvgAPIiKSIBQ&ip=140.109.135.76&id=o-ANinUdQnlWf20-qXH4QdPvgMA5sILUp_6AOLB2Nyfo1w&itag=140&source=youtube&requiressl=yes&mh=XL&mm=31%2C29&mn=sn-5njj-u2xl%2Csn-un57sn7s&ms=au%2Crdu&mv=m&mvi=3&pl=16&initcwndbps=546250&vprv=1&mime=audio%2Fmp4&ns=3SWGRoZ-dcPm2i8jO8msuJ4F&gir=yes&clen=3539105&dur=218.639&lmt=1568719140090851&mt=1611742362&fvip=3&keepalive=yes&c=WEB&txp=2311222&n=4BxXyLXBddzmSf_z5_I1&sparams=expire%2Cei%2Cip%2Cid%2Citag%2Csource%2Crequiressl%2Cvprv%2Cmime%2Cns%2Cgir%2Cclen%2Cdur%2Clmt&lsparams=mh%2Cmm%2Cmn%2Cms%2Cmv%2Cmvi%2Cpl%2Cinitcwndbps&lsig=AG3C_xAwRQIga2FtwpMX7VvKwnkWN4PSVwxFjP2rMxGM3OGkSYw78sECIQDYd_Idf3kXegIQKSo4JTr_R2taWKfWse8Wo52kVGGJVA%3D%3D&sig=AOq0QJ8wRQIhAJFW82Xn5j6HddV8T4DW8l6oYL2g4v13gqkS1PsP7CLOAiBr5vYIbW53tFI1GirrlBPUt0EeNYbW9bpgMxdvk9NZNg==&ratebypass=yes", "player_url": "/s/player/c6df6ed7/player_ias.vflset/en_US/base.js", "ext": "m4a", "format_note": "tiny", "acodec": "mp4a.40.2", "abr": 128, "container": "m4a_dash", "asr": 44100, "filesize": 3539105, "fps": null, "height": null, "tbr": 130.456, "width": null, "vcodec": "none", "downloader_options": {"http_chunk_size": 10485760}, "format": "140 - audio only (tiny)", "protocol": "https", "http_headers": {"User-Agent": "Mozilla/5.0 (Windows NT 10.0; Win64; x64) AppleWebKit/537.36 (KHTML, like Gecko) Chrome/72.0.3626.25 Safari/537.36", "Accept-Charset": "ISO-8859-1,utf-8;q=0.7,*;q=0.7", "Accept": "text/html,application/xhtml+xml,application/xml;q=0.9,*/*;q=0.8", "Accept-Encoding": "gzip, deflate", "Accept-Language": "en-us,en;q=0.5"}}, {"format_id": "251", "url": "https://r3---sn-5njj-u2xl.googlevideo.com/videoplayback?expire=1611764536&ei=2D4RYNGgMJGvgAPIiKSIBQ&ip=140.109.135.76&id=o-ANinUdQnlWf20-qXH4QdPvgMA5sILUp_6AOLB2Nyfo1w&itag=251&source=youtube&requiressl=yes&mh=XL&mm=31%2C29&mn=sn-5njj-u2xl%2Csn-un57sn7s&ms=au%2Crdu&mv=m&mvi=3&pl=16&initcwndbps=546250&vprv=1&mime=audio%2Fwebm&ns=3SWGRoZ-dcPm2i8jO8msuJ4F&gir=yes&clen=4130266&dur=218.621&lmt=1568722105646120&mt=1611742362&fvip=3&keepalive=yes&c=WEB&txp=2301222&n=4BxXyLXBddzmSf_z5_I1&sparams=expire%2Cei%2Cip%2Cid%2Citag%2Csource%2Crequiressl%2Cvprv%2Cmime%2Cns%2Cgir%2Cclen%2Cdur%2Clmt&lsparams=mh%2Cmm%2Cmn%2Cms%2Cmv%2Cmvi%2Cpl%2Cinitcwndbps&lsig=AG3C_xAwRgIhAIXPpAEVulaizPiVdQxpAaEaPexIbAAM2dXOQ428-rcxAiEAqoonVH17u4iDXd4aFQeL0ZdjT3fwlxqpSyKauy4X4pk%3D&sig=AOq0QJ8wRQIgQXGtEsqe_kXw8wzUYA_uKgnu4xMTDwu6W8hOkEbA6mgCIQDxe0TW2Z9BDbqBV15bxl0xNdbgJ9ONHBn5Z_FniZ7K7Q==&ratebypass=yes", "player_url": "/s/player/c6df6ed7/player_ias.vflset/en_US/base.js", "ext": "webm", "format_note": "tiny", "acodec": "opus", "abr": 160, "asr": 48000, "filesize": 4130266, "fps": null, "height": null, "tbr": 164.208, "width": null, "vcodec": "none", "downloader_options": {"http_chunk_size": 10485760}, "format": "251 - audio only (tiny)", "protocol": "https", "http_headers": {"User-Agent": "Mozilla/5.0 (Windows NT 10.0; Win64; x64) AppleWebKit/537.36 (KHTML, like Gecko) Chrome/72.0.3626.25 Safari/537.36", "Accept-Charset": "ISO-8859-1,utf-8;q=0.7,*;q=0.7", "Accept": "text/html,application/xhtml+xml,application/xml;q=0.9,*/*;q=0.8", "Accept-Encoding": "gzip, deflate", "Accept-Language": "en-us,en;q=0.5"}}, {"format_id": "278", "url": "https://r3---sn-5njj-u2xl.googlevideo.com/videoplayback?expire=1611764536&ei=2D4RYNGgMJGvgAPIiKSIBQ&ip=140.109.135.76&id=o-ANinUdQnlWf20-qXH4QdPvgMA5sILUp_6AOLB2Nyfo1w&itag=278&aitags=133%2C134%2C135%2C136%2C137%2C160%2C242%2C243%2C244%2C247%2C248%2C271%2C278%2C313&source=youtube&requiressl=yes&mh=XL&mm=31%2C29&mn=sn-5njj-u2xl%2Csn-un57sn7s&ms=au%2Crdu&mv=m&mvi=3&pl=16&initcwndbps=546250&vprv=1&mime=video%2Fwebm&ns=3SWGRoZ-dcPm2i8jO8msuJ4F&gir=yes&clen=2229386&dur=218.585&lmt=1568719184181756&mt=1611742362&fvip=3&keepalive=yes&c=WEB&txp=2316222&n=4BxXyLXBddzmSf_z5_I1&sparams=expire%2Cei%2Cip%2Cid%2Caitags%2Csource%2Crequiressl%2Cvprv%2Cmime%2Cns%2Cgir%2Cclen%2Cdur%2Clmt&lsparams=mh%2Cmm%2Cmn%2Cms%2Cmv%2Cmvi%2Cpl%2Cinitcwndbps&lsig=AG3C_xAwRgIhAIqQqxncXrwZjJs3elzXV7aSj229MTHFqqMmUQ1ohV0lAiEA59mFPA4Tr661JFBDYQaGWExauRHZJoWUq6OMwvwpCP4%3D&sig=AOq0QJ8wRQIgS1VoRljPB-f2jnvyOGCDTnbVDPbrjNzCTwT8w8DX4cYCIQDU_9GSPBDGY89oUGvSGFc6I6FHLqKjBhw3w8Z0mbd_tQ==&ratebypass=yes", "player_url": "/s/player/c6df6ed7/player_ias.vflset/en_US/base.js", "ext": "webm", "height": 144, "format_note": "144p", "container": "webm", "vcodec": "vp9", "asr": null, "filesize": 2229386, "fps": 30, "tbr": 86.065, "width": 256, "acodec": "none", "downloader_options": {"http_chunk_size": 10485760}, "format": "278 - 256x144 (144p)", "protocol": "https", "http_headers": {"User-Agent": "Mozilla/5.0 (Windows NT 10.0; Win64; x64) AppleWebKit/537.36 (KHTML, like Gecko) Chrome/72.0.3626.25 Safari/537.36", "Accept-Charset": "ISO-8859-1,utf-8;q=0.7,*;q=0.7", "Accept": "text/html,application/xhtml+xml,application/xml;q=0.9,*/*;q=0.8", "Accept-Encoding": "gzip, deflate", "Accept-Language": "en-us,en;q=0.5"}}, {"format_id": "160", "url": "https://r3---sn-5njj-u2xl.googlevideo.com/videoplayback?expire=1611764536&ei=2D4RYNGgMJGvgAPIiKSIBQ&ip=140.109.135.76&id=o-ANinUdQnlWf20-qXH4QdPvgMA5sILUp_6AOLB2Nyfo1w&itag=160&aitags=133%2C134%2C135%2C136%2C137%2C160%2C242%2C243%2C244%2C247%2C248%2C271%2C278%2C313&source=youtube&requiressl=yes&mh=XL&mm=31%2C29&mn=sn-5njj-u2xl%2Csn-un57sn7s&ms=au%2Crdu&mv=m&mvi=3&pl=16&initcwndbps=546250&vprv=1&mime=video%2Fmp4&ns=3SWGRoZ-dcPm2i8jO8msuJ4F&gir=yes&clen=2628257&dur=218.585&lmt=1568719191106771&mt=1611742362&fvip=3&keepalive=yes&c=WEB&txp=2316222&n=4BxXyLXBddzmSf_z5_I1&sparams=expire%2Cei%2Cip%2Cid%2Caitags%2Csource%2Crequiressl%2Cvprv%2Cmime%2Cns%2Cgir%2Cclen%2Cdur%2Clmt&lsparams=mh%2Cmm%2Cmn%2Cms%2Cmv%2Cmvi%2Cpl%2Cinitcwndbps&lsig=AG3C_xAwRQIgbJSoFfyUD1SSQrQqmXMylzQpofXKNGgJ3g6DMroBpl0CIQCmQCDaYJZHe29nMHrMNMDHVhbC4-GthPUWuupx9ImeSA%3D%3D&sig=AOq0QJ8wRAIgEdu85oyx524t-qxooY0pRJjn4FykN-tkgJb5qYzIqjECIDGvu4VoiJgUSm3rgeZRjIVFtkheT_2xsTEEKvyXricR&ratebypass=yes", "player_url": "/s/player/c6df6ed7/player_ias.vflset/en_US/base.js", "ext": "mp4", "height": 144, "format_note": "144p", "vcodec": "avc1.4d400c", "asr": null, "filesize": 2628257, "fps": 30, "tbr": 120.187, "width": 256, "acodec": "none", "downloader_options": {"http_chunk_size": 10485760}, "format": "160 - 256x144 (144p)", "protocol": "https", "http_headers": {"User-Agent": "Mozilla/5.0 (Windows NT 10.0; Win64; x64) AppleWebKit/537.36 (KHTML, like Gecko) Chrome/72.0.3626.25 Safari/537.36", "Accept-Charset": "ISO-8859-1,utf-8;q=0.7,*;q=0.7", "Accept": "text/html,application/xhtml+xml,application/xml;q=0.9,*/*;q=0.8", "Accept-Encoding": "gzip, deflate", "Accept-Language": "en-us,en;q=0.5"}}, {"format_id": "242", "url": "https://r3---sn-5njj-u2xl.googlevideo.com/videoplayback?expire=1611764536&ei=2D4RYNGgMJGvgAPIiKSIBQ&ip=140.109.135.76&id=o-ANinUdQnlWf20-qXH4QdPvgMA5sILUp_6AOLB2Nyfo1w&itag=242&aitags=133%2C134%2C135%2C136%2C137%2C160%2C242%2C243%2C244%2C247%2C248%2C271%2C278%2C313&source=youtube&requiressl=yes&mh=XL&mm=31%2C29&mn=sn-5njj-u2xl%2Csn-un57sn7s&ms=au%2Crdu&mv=m&mvi=3&pl=16&initcwndbps=546250&vprv=1&mime=video%2Fwebm&ns=3SWGRoZ-dcPm2i8jO8msuJ4F&gir=yes&clen=4130219&dur=218.585&lmt=1568719184183812&mt=1611742362&fvip=3&keepalive=yes&c=WEB&txp=2316222&n=4BxXyLXBddzmSf_z5_I1&sparams=expire%2Cei%2Cip%2Cid%2Caitags%2Csource%2Crequiressl%2Cvprv%2Cmime%2Cns%2Cgir%2Cclen%2Cdur%2Clmt&lsparams=mh%2Cmm%2Cmn%2Cms%2Cmv%2Cmvi%2Cpl%2Cinitcwndbps&lsig=AG3C_xAwRAIgHvjHNJGlFcDGp3DSSjEr_lgoBTsdI2HmiOfd2oyX5NgCIBJfEUu0R7gI0VtsE1kpWA3TLMxaLBGfXb0-97iz6HbD&sig=AOq0QJ8wRQIgRAgOEBbttiJEMujRvHKbzm3mOyO2t8sDdvfPqjeUyqYCIQCzcpytzNw-GI613ckY3OAtBkuvdpQPTIwkqit4exuX-g==&ratebypass=yes", "player_url": "/s/player/c6df6ed7/player_ias.vflset/en_US/base.js", "ext": "webm", "height": 240, "format_note": "240p", "vcodec": "vp9", "asr": null, "filesize": 4130219, "fps": 30, "tbr": 180.109, "width": 426, "acodec": "none", "downloader_options": {"http_chunk_size": 10485760}, "format": "242 - 426x240 (240p)", "protocol": "https", "http_headers": {"User-Agent": "Mozilla/5.0 (Windows NT 10.0; Win64; x64) AppleWebKit/537.36 (KHTML, like Gecko) Chrome/72.0.3626.25 Safari/537.36", "Accept-Charset": "ISO-8859-1,utf-8;q=0.7,*;q=0.7", "Accept": "text/html,application/xhtml+xml,application/xml;q=0.9,*/*;q=0.8", "Accept-Encoding": "gzip, deflate", "Accept-Language": "en-us,en;q=0.5"}}, {"format_id": "133", "url": "https://r3---sn-5njj-u2xl.googlevideo.com/videoplayback?expire=1611764536&ei=2D4RYNGgMJGvgAPIiKSIBQ&ip=140.109.135.76&id=o-ANinUdQnlWf20-qXH4QdPvgMA5sILUp_6AOLB2Nyfo1w&itag=133&aitags=133%2C134%2C135%2C136%2C137%2C160%2C242%2C243%2C244%2C247%2C248%2C271%2C278%2C313&source=youtube&requiressl=yes&mh=XL&mm=31%2C29&mn=sn-5njj-u2xl%2Csn-un57sn7s&ms=au%2Crdu&mv=m&mvi=3&pl=16&initcwndbps=546250&vprv=1&mime=video%2Fmp4&ns=3SWGRoZ-dcPm2i8jO8msuJ4F&gir=yes&clen=5832014&dur=218.585&lmt=1568719191110821&mt=1611742362&fvip=3&keepalive=yes&c=WEB&txp=2316222&n=4BxXyLXBddzmSf_z5_I1&sparams=expire%2Cei%2Cip%2Cid%2Caitags%2Csource%2Crequiressl%2Cvprv%2Cmime%2Cns%2Cgir%2Cclen%2Cdur%2Clmt&lsparams=mh%2Cmm%2Cmn%2Cms%2Cmv%2Cmvi%2Cpl%2Cinitcwndbps&lsig=AG3C_xAwRQIgFeIf9wL4ICXN8rcOurRwxD5syTcPOd5Ku-hv2d7EoqACIQD9ClnQQRNlx-ZfcD_-ejuHTi3LVyoaPRoqmIk-yx0kwg%3D%3D&sig=AOq0QJ8wRQIgNxJ-voXWB6ogDijbEl6iDBKf9wjyewD0rN6srFKkWEcCIQCNDVpJubnzmg9uy_3U6F5Thty0pzkyb8kDuIKyM03O9A==&ratebypass=yes", "player_url": "/s/player/c6df6ed7/player_ias.vflset/en_US/base.js", "ext": "mp4", "height": 240, "format_note": "240p", "vcodec": "avc1.4d4015", "asr": null, "filesize": 5832014, "fps": 30, "tbr": 278.159, "width": 426, "acodec": "none", "downloader_options": {"http_chunk_size": 10485760}, "format": "133 - 426x240 (240p)", "protocol": "https", "http_headers": {"User-Agent": "Mozilla/5.0 (Windows NT 10.0; Win64; x64) AppleWebKit/537.36 (KHTML, like Gecko) Chrome/72.0.3626.25 Safari/537.36", "Accept-Charset": "ISO-8859-1,utf-8;q=0.7,*;q=0.7", "Accept": "text/html,application/xhtml+xml,application/xml;q=0.9,*/*;q=0.8", "Accept-Encoding": "gzip, deflate", "Accept-Language": "en-us,en;q=0.5"}}, {"format_id": "243", "url": "https://r3---sn-5njj-u2xl.googlevideo.com/videoplayback?expire=1611764536&ei=2D4RYNGgMJGvgAPIiKSIBQ&ip=140.109.135.76&id=o-ANinUdQnlWf20-qXH4QdPvgMA5sILUp_6AOLB2Nyfo1w&itag=243&aitags=133%2C134%2C135%2C136%2C137%2C160%2C242%2C243%2C244%2C247%2C248%2C271%2C278%2C313&source=youtube&requiressl=yes&mh=XL&mm=31%2C29&mn=sn-5njj-u2xl%2Csn-un57sn7s&ms=au%2Crdu&mv=m&mvi=3&pl=16&initcwndbps=546250&vprv=1&mime=video%2Fwebm&ns=3SWGRoZ-dcPm2i8jO8msuJ4F&gir=yes&clen=6946376&dur=218.585&lmt=1568719184199270&mt=1611742362&fvip=3&keepalive=yes&c=WEB&txp=2316222&n=4BxXyLXBddzmSf_z5_I1&sparams=expire%2Cei%2Cip%2Cid%2Caitags%2Csource%2Crequiressl%2Cvprv%2Cmime%2Cns%2Cgir%2Cclen%2Cdur%2Clmt&lsparams=mh%2Cmm%2Cmn%2Cms%2Cmv%2Cmvi%2Cpl%2Cinitcwndbps&lsig=AG3C_xAwRQIhAPwT57ARVReUM_sYAd0kU0rqPMiYNnMju7dO9mC4yW66AiBLnP33UxrsuvXOCYx88es7tIB4Jk_cWK9TmPWdbQoWMQ%3D%3D&sig=AOq0QJ8wRQIhAI-GAjg7wSwS6xuiTg3Kc_jtTxcnIpn5WXFf2VLt3JGcAiAnlgkhhrqQHehbCVVK7kaXxlhrWDlwanzz1SEl9otm-w==&ratebypass=yes", "player_url": "/s/player/c6df6ed7/player_ias.vflset/en_US/base.js", "ext": "webm", "height": 360, "format_note": "360p", "vcodec": "vp9", "asr": null, "filesize": 6946376, "fps": 30, "tbr": 306.653, "width": 640, "acodec": "none", "downloader_options": {"http_chunk_size": 10485760}, "format": "243 - 640x360 (360p)", "protocol": "https", "http_headers": {"User-Agent": "Mozilla/5.0 (Windows NT 10.0; Win64; x64) AppleWebKit/537.36 (KHTML, like Gecko) Chrome/72.0.3626.25 Safari/537.36", "Accept-Charset": "ISO-8859-1,utf-8;q=0.7,*;q=0.7", "Accept": "text/html,application/xhtml+xml,application/xml;q=0.9,*/*;q=0.8", "Accept-Encoding": "gzip, deflate", "Accept-Language": "en-us,en;q=0.5"}}, {"format_id": "134", "url": "https://r3---sn-5njj-u2xl.googlevideo.com/videoplayback?expire=1611764536&ei=2D4RYNGgMJGvgAPIiKSIBQ&ip=140.109.135.76&id=o-ANinUdQnlWf20-qXH4QdPvgMA5sILUp_6AOLB2Nyfo1w&itag=134&aitags=133%2C134%2C135%2C136%2C137%2C160%2C242%2C243%2C244%2C247%2C248%2C271%2C278%2C313&source=youtube&requiressl=yes&mh=XL&mm=31%2C29&mn=sn-5njj-u2xl%2Csn-un57sn7s&ms=au%2Crdu&mv=m&mvi=3&pl=16&initcwndbps=546250&vprv=1&mime=video%2Fmp4&ns=3SWGRoZ-dcPm2i8jO8msuJ4F&gir=yes&clen=9873734&dur=218.585&lmt=1568719191108469&mt=1611742362&fvip=3&keepalive=yes&c=WEB&txp=2316222&n=4BxXyLXBddzmSf_z5_I1&sparams=expire%2Cei%2Cip%2Cid%2Caitags%2Csource%2Crequiressl%2Cvprv%2Cmime%2Cns%2Cgir%2Cclen%2Cdur%2Clmt&lsparams=mh%2Cmm%2Cmn%2Cms%2Cmv%2Cmvi%2Cpl%2Cinitcwndbps&lsig=AG3C_xAwRAIgVYcYm99dP9RHiS12r8RgUdwgixIQIknGNv3RK5xhJFICIE1cVxMxPlGgYhXoYT_PAcc7PrhpuMBCjF-51KGGU4Ai&sig=AOq0QJ8wRQIhAJaNEu6I60tYenAfki9OiXP_WZs4q7tTMfqbS-gapjeBAiAcJ8DnslyQtcDVe_jaft1RJNMWdgIsnDnIPqV02G3DVg==&ratebypass=yes", "player_url": "/s/player/c6df6ed7/player_ias.vflset/en_US/base.js", "ext": "mp4", "height": 360, "format_note": "360p", "vcodec": "avc1.4d401e", "asr": null, "filesize": 9873734, "fps": 30, "tbr": 457.122, "width": 640, "acodec": "none", "downloader_options": {"http_chunk_size": 10485760}, "format": "134 - 640x360 (360p)", "protocol": "https", "http_headers": {"User-Agent": "Mozilla/5.0 (Windows NT 10.0; Win64; x64) AppleWebKit/537.36 (KHTML, like Gecko) Chrome/72.0.3626.25 Safari/537.36", "Accept-Charset": "ISO-8859-1,utf-8;q=0.7,*;q=0.7", "Accept": "text/html,application/xhtml+xml,application/xml;q=0.9,*/*;q=0.8", "Accept-Encoding": "gzip, deflate", "Accept-Language": "en-us,en;q=0.5"}}, {"format_id": "244", "url": "https://r3---sn-5njj-u2xl.googlevideo.com/videoplayback?expire=1611764536&ei=2D4RYNGgMJGvgAPIiKSIBQ&ip=140.109.135.76&id=o-ANinUdQnlWf20-qXH4QdPvgMA5sILUp_6AOLB2Nyfo1w&itag=244&aitags=133%2C134%2C135%2C136%2C137%2C160%2C242%2C243%2C244%2C247%2C248%2C271%2C278%2C313&source=youtube&requiressl=yes&mh=XL&mm=31%2C29&mn=sn-5njj-u2xl%2Csn-un57sn7s&ms=au%2Crdu&mv=m&mvi=3&pl=16&initcwndbps=546250&vprv=1&mime=video%2Fwebm&ns=3SWGRoZ-dcPm2i8jO8msuJ4F&gir=yes&clen=11242513&dur=218.585&lmt=1568719184184429&mt=1611742362&fvip=3&keepalive=yes&c=WEB&txp=2316222&n=4BxXyLXBddzmSf_z5_I1&sparams=expire%2Cei%2Cip%2Cid%2Caitags%2Csource%2Crequiressl%2Cvprv%2Cmime%2Cns%2Cgir%2Cclen%2Cdur%2Clmt&lsparams=mh%2Cmm%2Cmn%2Cms%2Cmv%2Cmvi%2Cpl%2Cinitcwndbps&lsig=AG3C_xAwRQIgNxE9f_kIaihstiw4tY4SfBJdTDdZiD4g78Dr6O4kvMICIQCSqdTgcAzOXeihPfLEYg3Tam9PB5LX-O6U7ryRpYfHWw%3D%3D&sig=AOq0QJ8wRQIgFEOVuju3HLn4H1_46pSORnb-o3qFFiU514TPSWQvYLoCIQCPp5pdSBszjXKapb735yP7oYcKUKAQRfouLB0hrt0DEA==&ratebypass=yes", "player_url": "/s/player/c6df6ed7/player_ias.vflset/en_US/base.js", "ext": "webm", "height": 480, "format_note": "480p", "vcodec": "vp9", "asr": null, "filesize": 11242513, "fps": 30, "tbr": 502.457, "width": 854, "acodec": "none", "downloader_options": {"http_chunk_size": 10485760}, "format": "244 - 854x480 (480p)", "protocol": "https", "http_headers": {"User-Agent": "Mozilla/5.0 (Windows NT 10.0; Win64; x64) AppleWebKit/537.36 (KHTML, like Gecko) Chrome/72.0.3626.25 Safari/537.36", "Accept-Charset": "ISO-8859-1,utf-8;q=0.7,*;q=0.7", "Accept": "text/html,application/xhtml+xml,application/xml;q=0.9,*/*;q=0.8", "Accept-Encoding": "gzip, deflate", "Accept-Language": "en-us,en;q=0.5"}}, {"format_id": "135", "url": "https://r3---sn-5njj-u2xl.googlevideo.com/videoplayback?expire=1611764536&ei=2D4RYNGgMJGvgAPIiKSIBQ&ip=140.109.135.76&id=o-ANinUdQnlWf20-qXH4QdPvgMA5sILUp_6AOLB2Nyfo1w&itag=135&aitags=133%2C134%2C135%2C136%2C137%2C160%2C242%2C243%2C244%2C247%2C248%2C271%2C278%2C313&source=youtube&requiressl=yes&mh=XL&mm=31%2C29&mn=sn-5njj-u2xl%2Csn-un57sn7s&ms=au%2Crdu&mv=m&mvi=3&pl=16&initcwndbps=546250&vprv=1&mime=video%2Fmp4&ns=3SWGRoZ-dcPm2i8jO8msuJ4F&gir=yes&clen=16448200&dur=218.585&lmt=1568719191110563&mt=1611742362&fvip=3&keepalive=yes&c=WEB&txp=2316222&n=4BxXyLXBddzmSf_z5_I1&sparams=expire%2Cei%2Cip%2Cid%2Caitags%2Csource%2Crequiressl%2Cvprv%2Cmime%2Cns%2Cgir%2Cclen%2Cdur%2Clmt&lsparams=mh%2Cmm%2Cmn%2Cms%2Cmv%2Cmvi%2Cpl%2Cinitcwndbps&lsig=AG3C_xAwRgIhAIFqJsZVVdV4kwAHVUijwZ04Yl8PFBBEpitFOmk9PDkkAiEA8HrhNX_7w6haJKSLsXzLwWn-HEbynA1O0ZatNA4dIWA%3D&sig=AOq0QJ8wRgIhAOZd_ory1FJfmHnDfPcuseBLwal80CTli8lG_uXa7kkTAiEA3B4N4LjJrxMolpz_ZeAb9VubquT0N8YvWnxTbMRPMao=&ratebypass=yes", "player_url": "/s/player/c6df6ed7/player_ias.vflset/en_US/base.js", "ext": "mp4", "height": 480, "format_note": "480p", "vcodec": "avc1.4d401f", "asr": null, "filesize": 16448200, "fps": 30, "tbr": 876.087, "width": 854, "acodec": "none", "downloader_options": {"http_chunk_size": 10485760}, "format": "135 - 854x480 (480p)", "protocol": "https", "http_headers": {"User-Agent": "Mozilla/5.0 (Windows NT 10.0; Win64; x64) AppleWebKit/537.36 (KHTML, like Gecko) Chrome/72.0.3626.25 Safari/537.36", "Accept-Charset": "ISO-8859-1,utf-8;q=0.7,*;q=0.7", "Accept": "text/html,application/xhtml+xml,application/xml;q=0.9,*/*;q=0.8", "Accept-Encoding": "gzip, deflate", "Accept-Language": "en-us,en;q=0.5"}}, {"format_id": "247", "url": "https://r3---sn-5njj-u2xl.googlevideo.com/videoplayback?expire=1611764536&ei=2D4RYNGgMJGvgAPIiKSIBQ&ip=140.109.135.76&id=o-ANinUdQnlWf20-qXH4QdPvgMA5sILUp_6AOLB2Nyfo1w&itag=247&aitags=133%2C134%2C135%2C136%2C137%2C160%2C242%2C243%2C244%2C247%2C248%2C271%2C278%2C313&source=youtube&requiressl=yes&mh=XL&mm=31%2C29&mn=sn-5njj-u2xl%2Csn-un57sn7s&ms=au%2Crdu&mv=m&mvi=3&pl=16&initcwndbps=546250&vprv=1&mime=video%2Fwebm&ns=3SWGRoZ-dcPm2i8jO8msuJ4F&gir=yes&clen=20217897&dur=218.585&lmt=1568719184190640&mt=1611742362&fvip=3&keepalive=yes&c=WEB&txp=2316222&n=4BxXyLXBddzmSf_z5_I1&sparams=expire%2Cei%2Cip%2Cid%2Caitags%2Csource%2Crequiressl%2Cvprv%2Cmime%2Cns%2Cgir%2Cclen%2Cdur%2Clmt&lsparams=mh%2Cmm%2Cmn%2Cms%2Cmv%2Cmvi%2Cpl%2Cinitcwndbps&lsig=AG3C_xAwRQIhAORIrK9siGYBRUQf92l452cYQf0T1gYdcGr5Xddv22NhAiBwClp_SgpT6zAN2XVg3GGrlP67oIuNXEHquwF3AkgdEQ%3D%3D&sig=AOq0QJ8wRgIhANPIYf0O_d2XnD3eTFuzjEwFBKlWaavLIvQ3znQv5sQFAiEAmPIN3QYYru81JCIZTs4XxDACBnWX2Nbggvpzyon_kMk=&ratebypass=yes", "player_url": "/s/player/c6df6ed7/player_ias.vflset/en_US/base.js", "ext": "webm", "height": 720, "format_note": "720p", "vcodec": "vp9", "asr": null, "filesize": 20217897, "fps": 30, "tbr": 881.028, "width": 1280, "acodec": "none", "downloader_options": {"http_chunk_size": 10485760}, "format": "247 - 1280x720 (720p)", "protocol": "https", "http_headers": {"User-Agent": "Mozilla/5.0 (Windows NT 10.0; Win64; x64) AppleWebKit/537.36 (KHTML, like Gecko) Chrome/72.0.3626.25 Safari/537.36", "Accept-Charset": "ISO-8859-1,utf-8;q=0.7,*;q=0.7", "Accept": "text/html,application/xhtml+xml,application/xml;q=0.9,*/*;q=0.8", "Accept-Encoding": "gzip, deflate", "Accept-Language": "en-us,en;q=0.5"}}, {"format_id": "248", "url": "https://r3---sn-5njj-u2xl.googlevideo.com/videoplayback?expire=1611764536&ei=2D4RYNGgMJGvgAPIiKSIBQ&ip=140.109.135.76&id=o-ANinUdQnlWf20-qXH4QdPvgMA5sILUp_6AOLB2Nyfo1w&itag=248&aitags=133%2C134%2C135%2C136%2C137%2C160%2C242%2C243%2C244%2C247%2C248%2C271%2C278%2C313&source=youtube&requiressl=yes&mh=XL&mm=31%2C29&mn=sn-5njj-u2xl%2Csn-un57sn7s&ms=au%2Crdu&mv=m&mvi=3&pl=16&initcwndbps=546250&vprv=1&mime=video%2Fwebm&ns=3SWGRoZ-dcPm2i8jO8msuJ4F&gir=yes&clen=32450893&dur=218.585&lmt=1568719184183429&mt=1611742362&fvip=3&keepalive=yes&c=WEB&txp=2316222&n=4BxXyLXBddzmSf_z5_I1&sparams=expire%2Cei%2Cip%2Cid%2Caitags%2Csource%2Crequiressl%2Cvprv%2Cmime%2Cns%2Cgir%2Cclen%2Cdur%2Clmt&lsparams=mh%2Cmm%2Cmn%2Cms%2Cmv%2Cmvi%2Cpl%2Cinitcwndbps&lsig=AG3C_xAwRAIgJvfBrmcCeNQbqNwr9JIy8L-PLcnsFdI_Bs_af5EHtb8CIFkva7iImC4jI2Po3TwJIXj_diYukFOfnJ8n4z8N9FPP&sig=AOq0QJ8wRQIhAMGno2n9zJCE9rIFyFf3FLbMKyQBHRvIbubCoWffSz_ZAiBd503p2mD9PBiZFUXcTkQotoa1JkDLyRCvjN4MdLws3A==&ratebypass=yes", "player_url": "/s/player/c6df6ed7/player_ias.vflset/en_US/base.js", "ext": "webm", "height": 1080, "format_note": "1080p", "vcodec": "vp9", "asr": null, "filesize": 32450893, "fps": 30, "tbr": 1549.048, "width": 1920, "acodec": "none", "downloader_options": {"http_chunk_size": 10485760}, "format": "248 - 1920x1080 (1080p)", "protocol": "https", "http_headers": {"User-Agent": "Mozilla/5.0 (Windows NT 10.0; Win64; x64) AppleWebKit/537.36 (KHTML, like Gecko) Chrome/72.0.3626.25 Safari/537.36", "Accept-Charset": "ISO-8859-1,utf-8;q=0.7,*;q=0.7", "Accept": "text/html,application/xhtml+xml,application/xml;q=0.9,*/*;q=0.8", "Accept-Encoding": "gzip, deflate", "Accept-Language": "en-us,en;q=0.5"}}, {"format_id": "136", "url": "https://r3---sn-5njj-u2xl.googlevideo.com/videoplayback?expire=1611764536&ei=2D4RYNGgMJGvgAPIiKSIBQ&ip=140.109.135.76&id=o-ANinUdQnlWf20-qXH4QdPvgMA5sILUp_6AOLB2Nyfo1w&itag=136&aitags=133%2C134%2C135%2C136%2C137%2C160%2C242%2C243%2C244%2C247%2C248%2C271%2C278%2C313&source=youtube&requiressl=yes&mh=XL&mm=31%2C29&mn=sn-5njj-u2xl%2Csn-un57sn7s&ms=au%2Crdu&mv=m&mvi=3&pl=16&initcwndbps=546250&vprv=1&mime=video%2Fmp4&ns=3SWGRoZ-dcPm2i8jO8msuJ4F&gir=yes&clen=32461914&dur=218.585&lmt=1568719191109831&mt=1611742362&fvip=3&keepalive=yes&c=WEB&txp=2316222&n=4BxXyLXBddzmSf_z5_I1&sparams=expire%2Cei%2Cip%2Cid%2Caitags%2Csource%2Crequiressl%2Cvprv%2Cmime%2Cns%2Cgir%2Cclen%2Cdur%2Clmt&lsparams=mh%2Cmm%2Cmn%2Cms%2Cmv%2Cmvi%2Cpl%2Cinitcwndbps&lsig=AG3C_xAwRQIgFsF60lP90X8Rp21qXVMphinysXthehrRLih7A5xFdw4CIQCGniR4xLpugePLHWh0Ct8A4jQkZBM0toAuuwivmeI6dQ%3D%3D&sig=AOq0QJ8wRAIgB6ELiLCY-HOkIaqd2SlT2QY8X5daJKQPVr40YZnlk6UCICuXbnqD7tzaYo1otMN40-UqFEiuRgJ3S7BoLZOXZSMy&ratebypass=yes", "player_url": "/s/player/c6df6ed7/player_ias.vflset/en_US/base.js", "ext": "mp4", "height": 720, "format_note": "720p", "vcodec": "avc1.4d401f", "asr": null, "filesize": 32461914, "fps": 30, "tbr": 1955.802, "width": 1280, "acodec": "none", "downloader_options": {"http_chunk_size": 10485760}, "format": "136 - 1280x720 (720p)", "protocol": "https", "http_headers": {"User-Agent": "Mozilla/5.0 (Windows NT 10.0; Win64; x64) AppleWebKit/537.36 (KHTML, like Gecko) Chrome/72.0.3626.25 Safari/537.36", "Accept-Charset": "ISO-8859-1,utf-8;q=0.7,*;q=0.7", "Accept": "text/html,application/xhtml+xml,application/xml;q=0.9,*/*;q=0.8", "Accept-Encoding": "gzip, deflate", "Accept-Language": "en-us,en;q=0.5"}}, {"format_id": "137", "url": "https://r3---sn-5njj-u2xl.googlevideo.com/videoplayback?expire=1611764536&ei=2D4RYNGgMJGvgAPIiKSIBQ&ip=140.109.135.76&id=o-ANinUdQnlWf20-qXH4QdPvgMA5sILUp_6AOLB2Nyfo1w&itag=137&aitags=133%2C134%2C135%2C136%2C137%2C160%2C242%2C243%2C244%2C247%2C248%2C271%2C278%2C313&source=youtube&requiressl=yes&mh=XL&mm=31%2C29&mn=sn-5njj-u2xl%2Csn-un57sn7s&ms=au%2Crdu&mv=m&mvi=3&pl=16&initcwndbps=546250&vprv=1&mime=video%2Fmp4&ns=3SWGRoZ-dcPm2i8jO8msuJ4F&gir=yes&clen=59753932&dur=218.585&lmt=1568719191112441&mt=1611742362&fvip=3&keepalive=yes&c=WEB&txp=2316222&n=4BxXyLXBddzmSf_z5_I1&sparams=expire%2Cei%2Cip%2Cid%2Caitags%2Csource%2Crequiressl%2Cvprv%2Cmime%2Cns%2Cgir%2Cclen%2Cdur%2Clmt&lsparams=mh%2Cmm%2Cmn%2Cms%2Cmv%2Cmvi%2Cpl%2Cinitcwndbps&lsig=AG3C_xAwRQIhAJWfm29Hd6X1KuaZgLbsDnVBuCYBlhApaCdC0jtPdGW0AiAuZ8gpjUUCtgbEGgfOmqhnTRmxeMzXsJK2aZMrbLbjqw%3D%3D&sig=AOq0QJ8wRQIhAJTyQb4PPInma-zj4YewYJJMmKQi55k0FRiUwVj5g550AiBhLs_U-udhmRH6ay7ABOxYNf2y0tpUY-r0DmoePhZCAA==&ratebypass=yes", "player_url": "/s/player/c6df6ed7/player_ias.vflset/en_US/base.js", "ext": "mp4", "height": 1080, "format_note": "1080p", "vcodec": "avc1.640028", "asr": null, "filesize": 59753932, "fps": 30, "tbr": 3215.212, "width": 1920, "acodec": "none", "downloader_options": {"http_chunk_size": 10485760}, "format": "137 - 1920x1080 (1080p)", "protocol": "https", "http_headers": {"User-Agent": "Mozilla/5.0 (Windows NT 10.0; Win64; x64) AppleWebKit/537.36 (KHTML, like Gecko) Chrome/72.0.3626.25 Safari/537.36", "Accept-Charset": "ISO-8859-1,utf-8;q=0.7,*;q=0.7", "Accept": "text/html,application/xhtml+xml,application/xml;q=0.9,*/*;q=0.8", "Accept-Encoding": "gzip, deflate", "Accept-Language": "en-us,en;q=0.5"}}, {"format_id": "271", "url": "https://r3---sn-5njj-u2xl.googlevideo.com/videoplayback?expire=1611764536&ei=2D4RYNGgMJGvgAPIiKSIBQ&ip=140.109.135.76&id=o-ANinUdQnlWf20-qXH4QdPvgMA5sILUp_6AOLB2Nyfo1w&itag=271&aitags=133%2C134%2C135%2C136%2C137%2C160%2C242%2C243%2C244%2C247%2C248%2C271%2C278%2C313&source=youtube&requiressl=yes&mh=XL&mm=31%2C29&mn=sn-5njj-u2xl%2Csn-un57sn7s&ms=au%2Crdu&mv=m&mvi=3&pl=16&initcwndbps=546250&vprv=1&mime=video%2Fwebm&ns=3SWGRoZ-dcPm2i8jO8msuJ4F&gir=yes&clen=106919230&dur=218.585&lmt=1568719184178777&mt=1611742362&fvip=3&keepalive=yes&c=WEB&txp=2316222&n=4BxXyLXBddzmSf_z5_I1&sparams=expire%2Cei%2Cip%2Cid%2Caitags%2Csource%2Crequiressl%2Cvprv%2Cmime%2Cns%2Cgir%2Cclen%2Cdur%2Clmt&lsparams=mh%2Cmm%2Cmn%2Cms%2Cmv%2Cmvi%2Cpl%2Cinitcwndbps&lsig=AG3C_xAwRAIgPlDwHnLKOjFRIjqbHPPtjOzqHcG68NuR79wi-YkrK4sCIHkQpdpvUrDWwdF91cweGz_qtYNxyVZzmsjPTlohSpWf&sig=AOq0QJ8wRAIgLn18nvuM12M-Ixs_2rDlLkU5NMufCKPHE39EQ7QOfkoCIAWV56Yk2_Cg-Yr7Zep1jp1Za12QxNaAUmiWZZqPdkRz&ratebypass=yes", "player_url": "/s/player/c6df6ed7/player_ias.vflset/en_US/base.js", "ext": "webm", "height": 1440, "format_note": "1440p", "vcodec": "vp9", "asr": null, "filesize": 106919230, "fps": 30, "tbr": 4396.043, "width": 2560, "acodec": "none", "downloader_options": {"http_chunk_size": 10485760}, "format": "271 - 2560x1440 (1440p)", "protocol": "https", "http_headers": {"User-Agent": "Mozilla/5.0 (Windows NT 10.0; Win64; x64) AppleWebKit/537.36 (KHTML, like Gecko) Chrome/72.0.3626.25 Safari/537.36", "Accept-Charset": "ISO-8859-1,utf-8;q=0.7,*;q=0.7", "Accept": "text/html,application/xhtml+xml,application/xml;q=0.9,*/*;q=0.8", "Accept-Encoding": "gzip, deflate", "Accept-Language": "en-us,en;q=0.5"}}, {"format_id": "313", "url": "https://r3---sn-5njj-u2xl.googlevideo.com/videoplayback?expire=1611764536&ei=2D4RYNGgMJGvgAPIiKSIBQ&ip=140.109.135.76&id=o-ANinUdQnlWf20-qXH4QdPvgMA5sILUp_6AOLB2Nyfo1w&itag=313&aitags=133%2C134%2C135%2C136%2C137%2C160%2C242%2C243%2C244%2C247%2C248%2C271%2C278%2C313&source=youtube&requiressl=yes&mh=XL&mm=31%2C29&mn=sn-5njj-u2xl%2Csn-un57sn7s&ms=au%2Crdu&mv=m&mvi=3&pl=16&initcwndbps=546250&vprv=1&mime=video%2Fwebm&ns=3SWGRoZ-dcPm2i8jO8msuJ4F&gir=yes&clen=248171814&dur=218.585&lmt=1568719184181979&mt=1611742362&fvip=3&keepalive=yes&c=WEB&txp=2316222&n=4BxXyLXBddzmSf_z5_I1&sparams=expire%2Cei%2Cip%2Cid%2Caitags%2Csource%2Crequiressl%2Cvprv%2Cmime%2Cns%2Cgir%2Cclen%2Cdur%2Clmt&lsparams=mh%2Cmm%2Cmn%2Cms%2Cmv%2Cmvi%2Cpl%2Cinitcwndbps&lsig=AG3C_xAwRQIhAON-8QzdMyfqECDWBPTmaf2qjJKBgydVgLyG2Om9PVfzAiBQCXejQQdcislXLHsn7eZwdVgab_nXgQx5JSyg9dYnvw%3D%3D&sig=AOq0QJ8wRgIhAJU9NgGLlcamYyUYrrbNC52F4JDM0zKMpwjE8tlk0nkuAiEA43GIzqLi7c0bHyd3mh0XZTvW1cAXHSXfECDsV6vN5qU=&ratebypass=yes", "player_url": "/s/player/c6df6ed7/player_ias.vflset/en_US/base.js", "ext": "webm", "height": 2160, "format_note": "2160p", "vcodec": "vp9", "asr": null, "filesize": 248171814, "fps": 30, "tbr": 9959.899, "width": 3840, "acodec": "none", "downloader_options": {"http_chunk_size": 10485760}, "format": "313 - 3840x2160 (2160p)", "protocol": "https", "http_headers": {"User-Agent": "Mozilla/5.0 (Windows NT 10.0; Win64; x64) AppleWebKit/537.36 (KHTML, like Gecko) Chrome/72.0.3626.25 Safari/537.36", "Accept-Charset": "ISO-8859-1,utf-8;q=0.7,*;q=0.7", "Accept": "text/html,application/xhtml+xml,application/xml;q=0.9,*/*;q=0.8", "Accept-Encoding": "gzip, deflate", "Accept-Language": "en-us,en;q=0.5"}}, {"format_id": "18", "url": "https://r3---sn-5njj-u2xl.googlevideo.com/videoplayback?expire=1611764536&ei=2D4RYNGgMJGvgAPIiKSIBQ&ip=140.109.135.76&id=o-ANinUdQnlWf20-qXH4QdPvgMA5sILUp_6AOLB2Nyfo1w&itag=18&source=youtube&requiressl=yes&mh=XL&mm=31%2C29&mn=sn-5njj-u2xl%2Csn-un57sn7s&ms=au%2Crdu&mv=m&mvi=3&pl=16&initcwndbps=546250&vprv=1&mime=video%2Fmp4&ns=JqVYtyEs4xNJStCRKpiB6CkF&gir=yes&clen=12255618&ratebypass=yes&dur=218.639&lmt=1568719192175017&mt=1611742362&fvip=3&c=WEB&txp=2311222&n=cmSynEomgxSY9rHmpJpk&sparams=expire%2Cei%2Cip%2Cid%2Citag%2Csource%2Crequiressl%2Cvprv%2Cmime%2Cns%2Cgir%2Cclen%2Cratebypass%2Cdur%2Clmt&lsparams=mh%2Cmm%2Cmn%2Cms%2Cmv%2Cmvi%2Cpl%2Cinitcwndbps&lsig=AG3C_xAwRQIgI7F-Fsd8xHhRj8w8owS7E1ijPmSu4ajJzyGV79_FnvYCIQDbXSMWHGPV-3ph9CEmJ91eDZWELZrnU2ubA-EspMio2Q%3D%3D&sig=AOq0QJ8wRQIhAP2r04HuJNcXoTVXiaFtbD7Jp0pYHgzu2rvfOhlNoX4qAiArITSdDPc0C1I8lKKgJUUHZAjwE-WY4b08dURZH4J-Ww==", "player_url": "/s/player/c6df6ed7/player_ias.vflset/en_US/base.js", "ext": "mp4", "width": 640, "height": 360, "acodec": "mp4a.40.2", "abr": 96, "vcodec": "avc1.42001E", "asr": 44100, "filesize": 12255618, "format_note": "360p", "fps": 30, "tbr": 448.543, "format": "18 - 640x360 (360p)", "protocol": "https", "http_headers": {"User-Agent": "Mozilla/5.0 (Windows NT 10.0; Win64; x64) AppleWebKit/537.36 (KHTML, like Gecko) Chrome/72.0.3626.25 Safari/537.36", "Accept-Charset": "ISO-8859-1,utf-8;q=0.7,*;q=0.7", "Accept": "text/html,application/xhtml+xml,application/xml;q=0.9,*/*;q=0.8", "Accept-Encoding": "gzip, deflate", "Accept-Language": "en-us,en;q=0.5"}}], "is_live": null, "start_time": null, "end_time": null, "series": null, "season_number": null, "episode_number": null, "track": null, "artist": null, "album": null, "release_date": null, "release_year": null, "extractor": "youtube", "webpage_url_basename": "watch", "extractor_key": "Youtube", "playlist": null, "playlist_index": null, "thumbnail": "https://i.ytimg.com/vi_webp/lTl26wThKGE/maxresdefault.webp", "display_id": "lTl26wThKGE", "requested_subtitles": null, "format_id": "251", "url": "https://r3---sn-5njj-u2xl.googlevideo.com/videoplayback?expire=1611764536&ei=2D4RYNGgMJGvgAPIiKSIBQ&ip=140.109.135.76&id=o-ANinUdQnlWf20-qXH4QdPvgMA5sILUp_6AOLB2Nyfo1w&itag=251&source=youtube&requiressl=yes&mh=XL&mm=31%2C29&mn=sn-5njj-u2xl%2Csn-un57sn7s&ms=au%2Crdu&mv=m&mvi=3&pl=16&initcwndbps=546250&vprv=1&mime=audio%2Fwebm&ns=3SWGRoZ-dcPm2i8jO8msuJ4F&gir=yes&clen=4130266&dur=218.621&lmt=1568722105646120&mt=1611742362&fvip=3&keepalive=yes&c=WEB&txp=2301222&n=4BxXyLXBddzmSf_z5_I1&sparams=expire%2Cei%2Cip%2Cid%2Citag%2Csource%2Crequiressl%2Cvprv%2Cmime%2Cns%2Cgir%2Cclen%2Cdur%2Clmt&lsparams=mh%2Cmm%2Cmn%2Cms%2Cmv%2Cmvi%2Cpl%2Cinitcwndbps&lsig=AG3C_xAwRgIhAIXPpAEVulaizPiVdQxpAaEaPexIbAAM2dXOQ428-rcxAiEAqoonVH17u4iDXd4aFQeL0ZdjT3fwlxqpSyKauy4X4pk%3D&sig=AOq0QJ8wRQIgQXGtEsqe_kXw8wzUYA_uKgnu4xMTDwu6W8hOkEbA6mgCIQDxe0TW2Z9BDbqBV15bxl0xNdbgJ9ONHBn5Z_FniZ7K7Q==&ratebypass=yes", "player_url": "/s/player/c6df6ed7/player_ias.vflset/en_US/base.js", "ext": "webm", "format_note": "tiny", "acodec": "opus", "abr": 160, "asr": 48000, "filesize": 4130266, "fps": null, "height": null, "tbr": 164.208, "width": null, "vcodec": "none", "downloader_options": {"http_chunk_size": 10485760}, "format": "251 - audio only (tiny)", "protocol": "https", "http_headers": {"User-Agent": "Mozilla/5.0 (Windows NT 10.0; Win64; x64) AppleWebKit/537.36 (KHTML, like Gecko) Chrome/72.0.3626.25 Safari/537.36", "Accept-Charset": "ISO-8859-1,utf-8;q=0.7,*;q=0.7", "Accept": "text/html,application/xhtml+xml,application/xml;q=0.9,*/*;q=0.8", "Accept-Encoding": "gzip, deflate", "Accept-Language": "en-us,en;q=0.5"}}