{"id": "MOGLiu8TLrQ", "uploader": "Funguypiano", "uploader_id": "Funguypiano", "uploader_url": "http://www.youtube.com/user/Funguypiano", "channel_id": "UCBlkpX--7ZD73URbSC1oWRw", "channel_url": "http://www.youtube.com/channel/UCBlkpX--7ZD73URbSC1oWRw", "upload_date": "20170627", "license": null, "creator": null, "title": "BLACKPINK | As If it's Your Last | Piano Cover [Piano Sheet Music]", "alt_title": "BLACKPINK | As If it's Your Last | Piano Cover", "thumbnails": [{"url": "https://i.ytimg.com/vi/MOGLiu8TLrQ/hqdefault.jpg?sqp=-oaymwEbCKgBEF5IVfKriqkDDggBFQAAiEIYAXABwAEG&rs=AOn4CLA4nuT2zD8yPLtWcpom14Qj1zG7XQ", "width": 168, "height": 94, "resolution": "168x94", "id": "0"}, {"url": "https://i.ytimg.com/vi/MOGLiu8TLrQ/hqdefault.jpg?sqp=-oaymwEbCMQBEG5IVfKriqkDDggBFQAAiEIYAXABwAEG&rs=AOn4CLDKsmFS1M6_S8R4l5bhbayQzr0t-Q", "width": 196, "height": 110, "resolution": "196x110", "id": "1"}, {"url": "https://i.ytimg.com/vi/MOGLiu8TLrQ/hqdefault.jpg?sqp=-oaymwEcCPYBEIoBSFXyq4qpAw4IARUAAIhCGAFwAcABBg==&rs=AOn4CLDClqKXRcYugL0ZIdiB2NmOSsdjZw", "width": 246, "height": 138, "resolution": "246x138", "id": "2"}, {"url": "https://i.ytimg.com/vi/MOGLiu8TLrQ/hqdefault.jpg?sqp=-oaymwEcCNACELwBSFXyq4qpAw4IARUAAIhCGAFwAcABBg==&rs=AOn4CLD5rajUsnACFhDtjhwfCPUbVe9rtQ", "width": 336, "height": 188, "resolution": "336x188", "id": "3"}, {"url": "https://i.ytimg.com/vi_webp/MOGLiu8TLrQ/maxresdefault.webp", "width": 1920, "height": 1080, "resolution": "1920x1080", "id": "4"}], "description": "BLACKPINK Piano Music on Spotify: https://spoti.fi/2QItbKw\nKpop Piano Music on Spotify: https://spoti.fi/2wh8usT\nEasy Version: https://youtu.be/P2ukZhsz-2A\nSheet Music: https://funguypiano.com/sheet-music/blackpink-as-if-its-your-last/\n\nBlackpink released their latest single the day after my midterm exams \u266a~ \u1555(\u141b)\u1557 I was super hyped so I spent roughly 40 hours over the past few days working on this piece from start to finish! \n\nI arranged this with a mind that as if this will be my last ever arrangement :D so the difficulty of this arrangement is similar to my Not Today and Spring Day cover, which is slightly above my current piano level, thus requires extra time to practice and master! Although this is not the perfect attempt, I will leave it for now (\u3065\uffe3 \u00b3\uffe3)\u3065  The sheet for this arrangement was also finished! It took me an extra 10 hours to notate but dayumm, it was fun and super satisfying! \u261c(\u02da\u25bd\u02da)\u261e\n\nThank you everyone as always! I will see you soon!\n \n\u2022\u2022 \u2501\u2501\u2501\u2501\u2501 \u0669(\u0e51\u00f2\u03c9\u00f3\u0e51)\u06f6\u2501\u2501\u2501\u2501\u2501 \u2022\u2022\n\u266a Spotify: https://spoti.fi/2PJm18g\n\u266a iTunes: https://apple.co/2DafxIU\n\u266a Sheet Music: https://funguypiano.com/\n\u266a Patreon / Midi: https://www.patreon.com/funguypiano\n\u266a Learn Piano: http://tinyurl.com/funguy-flowkey\n\u266a Instagram: https://www.instagram.com/funguypiano/\n\nThis cover is brought to you by my awesome patrons \u204e\u275b\u1d17\u275b\u204e\nFelix, Hady Liu , Ezra, Anywho", "categories": ["Music"], "tags": ["BLACKPINK", "As If it's Your Last", "funguypiano"], "subtitles": {}, "automatic_captions": {}, "duration": 229, "age_limit": 0, "annotations": null, "chapters": null, "webpage_url": "https://www.youtube.com/watch?v=MOGLiu8TLrQ", "view_count": 949981, "like_count": 35041, "dislike_count": 343, "average_rating": 4.9612255, "formats": [{"format_id": "249", "url": "https://r1---sn-5njj-u2xl.googlevideo.com/videoplayback?expire=1611764276&ei=1D0RYKrDDpHJgAOe1ovYAQ&ip=140.109.135.76&id=o-AF0EMCALW3P3P2qyjQjgQLfsen9lzG6RSPabMSfRQimn&itag=249&source=youtube&requiressl=yes&mh=Dq&mm=31%2C29&mn=sn-5njj-u2xl%2Csn-un57en7e&ms=au%2Crdu&mv=m&mvi=1&pl=16&initcwndbps=546250&vprv=1&mime=audio%2Fwebm&ns=zGma4yDv7-3e3FHMTXV8SNIF&gir=yes&clen=1624782&dur=228.541&lmt=1499840353833446&mt=1611742362&fvip=1&keepalive=yes&c=WEB&n=BiMrdc9dJkx6Ecz_qdB8&sparams=expire%2Cei%2Cip%2Cid%2Citag%2Csource%2Crequiressl%2Cvprv%2Cmime%2Cns%2Cgir%2Cclen%2Cdur%2Clmt&lsparams=mh%2Cmm%2Cmn%2Cms%2Cmv%2Cmvi%2Cpl%2Cinitcwndbps&lsig=AG3C_xAwRQIgK8D-bWH9AaF3YOmF3AhkqcwgiF8c78IUHPAlpwRU0_UCIQCBiNAx0nnVa9fp3p0WvYf5O9DTyOKL9OkDm5_wk5zdQw%3D%3D&sig=AOq0QJ8wRgIhAKm3KpywSprRaGfiq9ZhghHVS2WkZGkjvaEc-98yUKb6AiEA0wV6oWqUjQjml4uJcK8_c_gxJ9ydrDudKVyeDFh5efQ=&ratebypass=yes", "player_url": "/s/player/c6df6ed7/player_ias.vflset/en_US/base.js", "ext": "webm", "format_note": "tiny", "acodec": "opus", "abr": 50, "asr": 48000, "filesize": 1624782, "fps": null, "height": null, "tbr": 64.167, "width": null, "vcodec": "none", "downloader_options": {"http_chunk_size": 10485760}, "format": "249 - audio only (tiny)", "protocol": "https", "http_headers": {"User-Agent": "Mozilla/5.0 (Windows NT 10.0; Win64; x64) AppleWebKit/537.36 (KHTML, like Gecko) Chrome/72.0.3626.25 Safari/537.36", "Accept-Charset": "ISO-8859-1,utf-8;q=0.7,*;q=0.7", "Accept": "text/html,application/xhtml+xml,application/xml;q=0.9,*/*;q=0.8", "Accept-Encoding": "gzip, deflate", "Accept-Language": "en-us,en;q=0.5"}}, {"format_id": "250", "url": "https://r1---sn-5njj-u2xl.googlevideo.com/videoplayback?expire=1611764276&ei=1D0RYKrDDpHJgAOe1ovYAQ&ip=140.109.135.76&id=o-AF0EMCALW3P3P2qyjQjgQLfsen9lzG6RSPabMSfRQimn&itag=250&source=youtube&requiressl=yes&mh=Dq&mm=31%2C29&mn=sn-5njj-u2xl%2Csn-un57en7e&ms=au%2Crdu&mv=m&mvi=1&pl=16&initcwndbps=546250&vprv=1&mime=audio%2Fwebm&ns=zGma4yDv7-3e3FHMTXV8SNIF&gir=yes&clen=2167846&dur=228.541&lmt=1499840352238674&mt=1611742362&fvip=1&keepalive=yes&c=WEB&n=BiMrdc9dJkx6Ecz_qdB8&sparams=expire%2Cei%2Cip%2Cid%2Citag%2Csource%2Crequiressl%2Cvprv%2Cmime%2Cns%2Cgir%2Cclen%2Cdur%2Clmt&lsparams=mh%2Cmm%2Cmn%2Cms%2Cmv%2Cmvi%2Cpl%2Cinitcwndbps&lsig=AG3C_xAwRAIgURlgQaSG6yntjIXUeUPIqzGIC5TGwTeyMX299JyyYc8CIHJ1D64Kw1sVXjWyf3lz5Sa4VBVToNSDbn3PZPQg7_HC&sig=AOq0QJ8wRAIgVTs0mNKy5_9IUf7H7S2qYfy4ySrpW0j76zwx48nHVoYCIHHvvorN3m1Iq_vqN_WaEUUVwr-Pb1AEpnorhaXkikw2&ratebypass=yes", "player_url": "/s/player/c6df6ed7/player_ias.vflset/en_US/base.js", "ext": "webm", "format_note": "tiny", "acodec": "opus", "abr": 70, "asr": 48000, "filesize": 2167846, "fps": null, "height": null, "tbr": 85.585, "width": null, "vcodec": "none", "downloader_options": {"http_chunk_size": 10485760}, "format": "250 - audio only (tiny)", "protocol": "https", "http_headers": {"User-Agent": "Mozilla/5.0 (Windows NT 10.0; Win64; x64) AppleWebKit/537.36 (KHTML, like Gecko) Chrome/72.0.3626.25 Safari/537.36", "Accept-Charset": "ISO-8859-1,utf-8;q=0.7,*;q=0.7", "Accept": "text/html,application/xhtml+xml,application/xml;q=0.9,*/*;q=0.8", "Accept-Encoding": "gzip, deflate", "Accept-Language": "en-us,en;q=0.5"}}, {"format_id": "140", "url": "https://r1---sn-5njj-u2xl.googlevideo.com/videoplayback?expire=1611764276&ei=1D0RYKrDDpHJgAOe1ovYAQ&ip=140.109.135.76&id=o-AF0EMCALW3P3P2qyjQjgQLfsen9lzG6RSPabMSfRQimn&itag=140&source=youtube&requiressl=yes&mh=Dq&mm=31%2C29&mn=sn-5njj-u2xl%2Csn-un57en7e&ms=au%2Crdu&mv=m&mvi=1&pl=16&initcwndbps=546250&vprv=1&mime=audio%2Fmp4&ns=zGma4yDv7-3e3FHMTXV8SNIF&gir=yes&clen=3631364&dur=228.600&lmt=1508505675076383&mt=1611742362&fvip=1&keepalive=yes&c=WEB&n=BiMrdc9dJkx6Ecz_qdB8&sparams=expire%2Cei%2Cip%2Cid%2Citag%2Csource%2Crequiressl%2Cvprv%2Cmime%2Cns%2Cgir%2Cclen%2Cdur%2Clmt&lsparams=mh%2Cmm%2Cmn%2Cms%2Cmv%2Cmvi%2Cpl%2Cinitcwndbps&lsig=AG3C_xAwRAIgUTB3_XxmcFMKQHqNaChF1C88Lbfe6fbxoCblhz1uu4ICIEmQcguziRjgOVtlQTpA17OmNllCT4cxy8BJnmlK5VLj&sig=AOq0QJ8wRgIhAMHG2tbI49eskrWZWwfRKAlagBg8mf97zWfOFehtNhxpAiEAxWz26AmUOFP9nVgS_crpzvbt_NZeef4wtJC-kiHh24U=&ratebypass=yes", "player_url": "/s/player/c6df6ed7/player_ias.vflset/en_US/base.js", "ext": "m4a", "format_note": "tiny", "acodec": "mp4a.40.2", "abr": 128, "container": "m4a_dash", "asr": 44100, "filesize": 3631364, "fps": null, "height": null, "tbr": 128.036, "width": null, "vcodec": "none", "downloader_options": {"http_chunk_size": 10485760}, "format": "140 - audio only (tiny)", "protocol": "https", "http_headers": {"User-Agent": "Mozilla/5.0 (Windows NT 10.0; Win64; x64) AppleWebKit/537.36 (KHTML, like Gecko) Chrome/72.0.3626.25 Safari/537.36", "Accept-Charset": "ISO-8859-1,utf-8;q=0.7,*;q=0.7", "Accept": "text/html,application/xhtml+xml,application/xml;q=0.9,*/*;q=0.8", "Accept-Encoding": "gzip, deflate", "Accept-Language": "en-us,en;q=0.5"}}, {"format_id": "251", "url": "https://r1---sn-5njj-u2xl.googlevideo.com/videoplayback?expire=1611764276&ei=1D0RYKrDDpHJgAOe1ovYAQ&ip=140.109.135.76&id=o-AF0EMCALW3P3P2qyjQjgQLfsen9lzG6RSPabMSfRQimn&itag=251&source=youtube&requiressl=yes&mh=Dq&mm=31%2C29&mn=sn-5njj-u2xl%2Csn-un57en7e&ms=au%2Crdu&mv=m&mvi=1&pl=16&initcwndbps=546250&vprv=1&mime=audio%2Fwebm&ns=zGma4yDv7-3e3FHMTXV8SNIF&gir=yes&clen=4213008&dur=228.541&lmt=1499840350388838&mt=1611742362&fvip=1&keepalive=yes&c=WEB&n=BiMrdc9dJkx6Ecz_qdB8&sparams=expire%2Cei%2Cip%2Cid%2Citag%2Csource%2Crequiressl%2Cvprv%2Cmime%2Cns%2Cgir%2Cclen%2Cdur%2Clmt&lsparams=mh%2Cmm%2Cmn%2Cms%2Cmv%2Cmvi%2Cpl%2Cinitcwndbps&lsig=AG3C_xAwRgIhALTnLSbw3uMARe4zSCNUba5N-dT3FF-3-283BWD-h8ZRAiEAj1ykIFd77JCIpf-8AXEYfs0XfnQxiyBgvPR_cRdqLdE%3D&sig=AOq0QJ8wRQIgE3xMITXsZucM3bvFZmH5r2LRfW2_QgLZvhNPyIi9RZwCIQDJvCDJIE3NY69kVfAUIyZALI_aqR1hiHaQOUvSNNzmcw==&ratebypass=yes", "player_url": "/s/player/c6df6ed7/player_ias.vflset/en_US/base.js", "ext": "webm", "format_note": "tiny", "acodec": "opus", "abr": 160, "asr": 48000, "filesize": 4213008, "fps": null, "height": null, "tbr": 166.257, "width": null, "vcodec": "none", "downloader_options": {"http_chunk_size": 10485760}, "format": "251 - audio only (tiny)", "protocol": "https", "http_headers": {"User-Agent": "Mozilla/5.0 (Windows NT 10.0; Win64; x64) AppleWebKit/537.36 (KHTML, like Gecko) Chrome/72.0.3626.25 Safari/537.36", "Accept-Charset": "ISO-8859-1,utf-8;q=0.7,*;q=0.7", "Accept": "text/html,application/xhtml+xml,application/xml;q=0.9,*/*;q=0.8", "Accept-Encoding": "gzip, deflate", "Accept-Language": "en-us,en;q=0.5"}}, {"format_id": "160", "url": "https://r1---sn-5njj-u2xl.googlevideo.com/videoplayback?expire=1611764276&ei=1D0RYKrDDpHJgAOe1ovYAQ&ip=140.109.135.76&id=o-AF0EMCALW3P3P2qyjQjgQLfsen9lzG6RSPabMSfRQimn&itag=160&aitags=133%2C134%2C135%2C136%2C137%2C160%2C242%2C243%2C244%2C247%2C248%2C278&source=youtube&requiressl=yes&mh=Dq&mm=31%2C29&mn=sn-5njj-u2xl%2Csn-un57en7e&ms=au%2Crdu&mv=m&mvi=1&pl=16&initcwndbps=546250&vprv=1&mime=video%2Fmp4&ns=zGma4yDv7-3e3FHMTXV8SNIF&gir=yes&clen=1214976&dur=228.528&lmt=1508505760553426&mt=1611742362&fvip=1&keepalive=yes&c=WEB&n=BiMrdc9dJkx6Ecz_qdB8&sparams=expire%2Cei%2Cip%2Cid%2Caitags%2Csource%2Crequiressl%2Cvprv%2Cmime%2Cns%2Cgir%2Cclen%2Cdur%2Clmt&lsparams=mh%2Cmm%2Cmn%2Cms%2Cmv%2Cmvi%2Cpl%2Cinitcwndbps&lsig=AG3C_xAwRQIhALq1ZikdHfxEHKZRM-A4D1Kvz5GAMj8fc-S5yUI8Kg-DAiBQ0Ul8DFs_vddNnighAktNIA8dkT3kG5p-EkaLeGDqRA%3D%3D&sig=AOq0QJ8wRgIhAOdQI-XyafyMhh91cgWXODLZ-kYKeGg-6Ogs1HESKDjFAiEA6MQUZIPgBOPbmjfxnHWJKquvro26Ukybr3y9TMd-M34=&ratebypass=yes", "player_url": "/s/player/c6df6ed7/player_ias.vflset/en_US/base.js", "ext": "mp4", "height": 144, "format_note": "144p", "vcodec": "avc1.4d400c", "asr": null, "filesize": 1214976, "fps": 30, "tbr": 70.936, "width": 256, "acodec": "none", "downloader_options": {"http_chunk_size": 10485760}, "format": "160 - 256x144 (144p)", "protocol": "https", "http_headers": {"User-Agent": "Mozilla/5.0 (Windows NT 10.0; Win64; x64) AppleWebKit/537.36 (KHTML, like Gecko) Chrome/72.0.3626.25 Safari/537.36", "Accept-Charset": "ISO-8859-1,utf-8;q=0.7,*;q=0.7", "Accept": "text/html,application/xhtml+xml,application/xml;q=0.9,*/*;q=0.8", "Accept-Encoding": "gzip, deflate", "Accept-Language": "en-us,en;q=0.5"}}, {"format_id": "278", "url": "https://r1---sn-5njj-u2xl.googlevideo.com/videoplayback?expire=1611764276&ei=1D0RYKrDDpHJgAOe1ovYAQ&ip=140.109.135.76&id=o-AF0EMCALW3P3P2qyjQjgQLfsen9lzG6RSPabMSfRQimn&itag=278&aitags=133%2C134%2C135%2C136%2C137%2C160%2C242%2C243%2C244%2C247%2C248%2C278&source=youtube&requiressl=yes&mh=Dq&mm=31%2C29&mn=sn-5njj-u2xl%2Csn-un57en7e&ms=au%2Crdu&mv=m&mvi=1&pl=16&initcwndbps=546250&vprv=1&mime=video%2Fwebm&ns=zGma4yDv7-3e3FHMTXV8SNIF&gir=yes&clen=2409870&dur=228.495&lmt=1499840703985041&mt=1611742362&fvip=1&keepalive=yes&c=WEB&n=BiMrdc9dJkx6Ecz_qdB8&sparams=expire%2Cei%2Cip%2Cid%2Caitags%2Csource%2Crequiressl%2Cvprv%2Cmime%2Cns%2Cgir%2Cclen%2Cdur%2Clmt&lsparams=mh%2Cmm%2Cmn%2Cms%2Cmv%2Cmvi%2Cpl%2Cinitcwndbps&lsig=AG3C_xAwRQIgYBXYPqc7lHRN-1IlrGnxuJTMID8gdxlR-ISG_9UXl_wCIQCjFkhRKKjtWnUL7RPsJUpOlyGIjhZkq2PjKUy6UxH7bw%3D%3D&sig=AOq0QJ8wRgIhAOanVoFoObS4hQVNXjO05vtbErVY4gmv8o6Rlmj53pICAiEAoB_-fYxts9KKIVmXkl7tLT9kMcLbHxYh22KCjIjAId8=&ratebypass=yes", "player_url": "/s/player/c6df6ed7/player_ias.vflset/en_US/base.js", "ext": "webm", "height": 144, "format_note": "144p", "container": "webm", "vcodec": "vp9", "asr": null, "filesize": 2409870, "fps": 30, "tbr": 96.639, "width": 256, "acodec": "none", "downloader_options": {"http_chunk_size": 10485760}, "format": "278 - 256x144 (144p)", "protocol": "https", "http_headers": {"User-Agent": "Mozilla/5.0 (Windows NT 10.0; Win64; x64) AppleWebKit/537.36 (KHTML, like Gecko) Chrome/72.0.3626.25 Safari/537.36", "Accept-Charset": "ISO-8859-1,utf-8;q=0.7,*;q=0.7", "Accept": "text/html,application/xhtml+xml,application/xml;q=0.9,*/*;q=0.8", "Accept-Encoding": "gzip, deflate", "Accept-Language": "en-us,en;q=0.5"}}, {"format_id": "133", "url": "https://r1---sn-5njj-u2xl.googlevideo.com/videoplayback?expire=1611764276&ei=1D0RYKrDDpHJgAOe1ovYAQ&ip=140.109.135.76&id=o-AF0EMCALW3P3P2qyjQjgQLfsen9lzG6RSPabMSfRQimn&itag=133&aitags=133%2C134%2C135%2C136%2C137%2C160%2C242%2C243%2C244%2C247%2C248%2C278&source=youtube&requiressl=yes&mh=Dq&mm=31%2C29&mn=sn-5njj-u2xl%2Csn-un57en7e&ms=au%2Crdu&mv=m&mvi=1&pl=16&initcwndbps=546250&vprv=1&mime=video%2Fmp4&ns=zGma4yDv7-3e3FHMTXV8SNIF&gir=yes&clen=2214367&dur=228.528&lmt=1508505760552781&mt=1611742362&fvip=1&keepalive=yes&c=WEB&n=BiMrdc9dJkx6Ecz_qdB8&sparams=expire%2Cei%2Cip%2Cid%2Caitags%2Csource%2Crequiressl%2Cvprv%2Cmime%2Cns%2Cgir%2Cclen%2Cdur%2Clmt&lsparams=mh%2Cmm%2Cmn%2Cms%2Cmv%2Cmvi%2Cpl%2Cinitcwndbps&lsig=AG3C_xAwRQIgQ7wR4wJKxndhcSyTZsEfPFSA7vig-n-Kz8CrNyg1YcUCIQDVXLWB_ZVCzCT0iPrb1c7qpQWjkcZfy6Qt-odhG6V51g%3D%3D&sig=AOq0QJ8wRAIgDREmHGTbLVBK2dvpt0O0-gE8QD7nBYEeT7ZicoMi4hUCIGJBfcwQkIwgBnOG22AEkQHoWZ3MjNknrEv8QzziXjWP&ratebypass=yes", "player_url": "/s/player/c6df6ed7/player_ias.vflset/en_US/base.js", "ext": "mp4", "height": 240, "format_note": "240p", "vcodec": "avc1.4d4015", "asr": null, "filesize": 2214367, "fps": 30, "tbr": 129.41, "width": 426, "acodec": "none", "downloader_options": {"http_chunk_size": 10485760}, "format": "133 - 426x240 (240p)", "protocol": "https", "http_headers": {"User-Agent": "Mozilla/5.0 (Windows NT 10.0; Win64; x64) AppleWebKit/537.36 (KHTML, like Gecko) Chrome/72.0.3626.25 Safari/537.36", "Accept-Charset": "ISO-8859-1,utf-8;q=0.7,*;q=0.7", "Accept": "text/html,application/xhtml+xml,application/xml;q=0.9,*/*;q=0.8", "Accept-Encoding": "gzip, deflate", "Accept-Language": "en-us,en;q=0.5"}}, {"format_id": "242", "url": "https://r1---sn-5njj-u2xl.googlevideo.com/videoplayback?expire=1611764276&ei=1D0RYKrDDpHJgAOe1ovYAQ&ip=140.109.135.76&id=o-AF0EMCALW3P3P2qyjQjgQLfsen9lzG6RSPabMSfRQimn&itag=242&aitags=133%2C134%2C135%2C136%2C137%2C160%2C242%2C243%2C244%2C247%2C248%2C278&source=youtube&requiressl=yes&mh=Dq&mm=31%2C29&mn=sn-5njj-u2xl%2Csn-un57en7e&ms=au%2Crdu&mv=m&mvi=1&pl=16&initcwndbps=546250&vprv=1&mime=video%2Fwebm&ns=zGma4yDv7-3e3FHMTXV8SNIF&gir=yes&clen=4410700&dur=228.495&lmt=1499840703942116&mt=1611742362&fvip=1&keepalive=yes&c=WEB&n=BiMrdc9dJkx6Ecz_qdB8&sparams=expire%2Cei%2Cip%2Cid%2Caitags%2Csource%2Crequiressl%2Cvprv%2Cmime%2Cns%2Cgir%2Cclen%2Cdur%2Clmt&lsparams=mh%2Cmm%2Cmn%2Cms%2Cmv%2Cmvi%2Cpl%2Cinitcwndbps&lsig=AG3C_xAwRgIhAIitVfLdQjNu0mS-g0V6lVD4R6KtCrZWix4BOE1OyGj9AiEApWyLfNXpUwj-qXSjAIFvbywgkAE8pod0-3588sB6av8%3D&sig=AOq0QJ8wRAIgAqndz1-8M4EAD6Xarv395IbcU5GDkdkZr8cmh1S-vOwCIBJuv-JpSxDhouTMlzxBzJ4nihtsM0M7rztG3TvHF53U&ratebypass=yes", "player_url": "/s/player/c6df6ed7/player_ias.vflset/en_US/base.js", "ext": "webm", "height": 240, "format_note": "240p", "vcodec": "vp9", "asr": null, "filesize": 4410700, "fps": 30, "tbr": 215.157, "width": 426, "acodec": "none", "downloader_options": {"http_chunk_size": 10485760}, "format": "242 - 426x240 (240p)", "protocol": "https", "http_headers": {"User-Agent": "Mozilla/5.0 (Windows NT 10.0; Win64; x64) AppleWebKit/537.36 (KHTML, like Gecko) Chrome/72.0.3626.25 Safari/537.36", "Accept-Charset": "ISO-8859-1,utf-8;q=0.7,*;q=0.7", "Accept": "text/html,application/xhtml+xml,application/xml;q=0.9,*/*;q=0.8", "Accept-Encoding": "gzip, deflate", "Accept-Language": "en-us,en;q=0.5"}}, {"format_id": "134", "url": "https://r1---sn-5njj-u2xl.googlevideo.com/videoplayback?expire=1611764276&ei=1D0RYKrDDpHJgAOe1ovYAQ&ip=140.109.135.76&id=o-AF0EMCALW3P3P2qyjQjgQLfsen9lzG6RSPabMSfRQimn&itag=134&aitags=133%2C134%2C135%2C136%2C137%2C160%2C242%2C243%2C244%2C247%2C248%2C278&source=youtube&requiressl=yes&mh=Dq&mm=31%2C29&mn=sn-5njj-u2xl%2Csn-un57en7e&ms=au%2Crdu&mv=m&mvi=1&pl=16&initcwndbps=546250&vprv=1&mime=video%2Fmp4&ns=zGma4yDv7-3e3FHMTXV8SNIF&gir=yes&clen=5976479&dur=228.528&lmt=1508505760575205&mt=1611742362&fvip=1&keepalive=yes&c=WEB&n=BiMrdc9dJkx6Ecz_qdB8&sparams=expire%2Cei%2Cip%2Cid%2Caitags%2Csource%2Crequiressl%2Cvprv%2Cmime%2Cns%2Cgir%2Cclen%2Cdur%2Clmt&lsparams=mh%2Cmm%2Cmn%2Cms%2Cmv%2Cmvi%2Cpl%2Cinitcwndbps&lsig=AG3C_xAwRgIhANhbBTra5IXDyHWz5_t2P-LxJ16Rug5anhDSeas4DU0fAiEAsRWK_1eS75WXArJH9dThDTXpHCxxPm-zGMa9QITh98s%3D&sig=AOq0QJ8wRQIhAJESYBhSPeM3CeH2tAdEvU00EOXVUOv93YFNFR4fj8haAiAY1hxJCkYxmGiPWWjbtJI-6rewa8dIP0WOC631-NpFww==&ratebypass=yes", "player_url": "/s/player/c6df6ed7/player_ias.vflset/en_US/base.js", "ext": "mp4", "height": 360, "format_note": "360p", "vcodec": "avc1.4d401e", "asr": null, "filesize": 5976479, "fps": 30, "tbr": 336.527, "width": 640, "acodec": "none", "downloader_options": {"http_chunk_size": 10485760}, "format": "134 - 640x360 (360p)", "protocol": "https", "http_headers": {"User-Agent": "Mozilla/5.0 (Windows NT 10.0; Win64; x64) AppleWebKit/537.36 (KHTML, like Gecko) Chrome/72.0.3626.25 Safari/537.36", "Accept-Charset": "ISO-8859-1,utf-8;q=0.7,*;q=0.7", "Accept": "text/html,application/xhtml+xml,application/xml;q=0.9,*/*;q=0.8", "Accept-Encoding": "gzip, deflate", "Accept-Language": "en-us,en;q=0.5"}}, {"format_id": "243", "url": "https://r1---sn-5njj-u2xl.googlevideo.com/videoplayback?expire=1611764276&ei=1D0RYKrDDpHJgAOe1ovYAQ&ip=140.109.135.76&id=o-AF0EMCALW3P3P2qyjQjgQLfsen9lzG6RSPabMSfRQimn&itag=243&aitags=133%2C134%2C135%2C136%2C137%2C160%2C242%2C243%2C244%2C247%2C248%2C278&source=youtube&requiressl=yes&mh=Dq&mm=31%2C29&mn=sn-5njj-u2xl%2Csn-un57en7e&ms=au%2Crdu&mv=m&mvi=1&pl=16&initcwndbps=546250&vprv=1&mime=video%2Fwebm&ns=zGma4yDv7-3e3FHMTXV8SNIF&gir=yes&clen=8703792&dur=228.495&lmt=1499840704348184&mt=1611742362&fvip=1&keepalive=yes&c=WEB&n=BiMrdc9dJkx6Ecz_qdB8&sparams=expire%2Cei%2Cip%2Cid%2Caitags%2Csource%2Crequiressl%2Cvprv%2Cmime%2Cns%2Cgir%2Cclen%2Cdur%2Clmt&lsparams=mh%2Cmm%2Cmn%2Cms%2Cmv%2Cmvi%2Cpl%2Cinitcwndbps&lsig=AG3C_xAwRgIhAKTt7bGfRLJsSpxuuMhDTdzi-42UxcI6qSbrayDDNItGAiEA2XPt2AwMC_mOB4T4HtYLqZgqO4bJGVwtI_63ZSEZSoE%3D&sig=AOq0QJ8wRQIgTV6f31wxn7rwhD6qtI5OUr5rrBazz-WAg25XhUrQKUgCIQDQG7hQRy_OVmsiIYuTo-rEIf9u9Z-_RbkjRqnHb8uh2Q==&ratebypass=yes", "player_url": "/s/player/c6df6ed7/player_ias.vflset/en_US/base.js", "ext": "webm", "height": 360, "format_note": "360p", "vcodec": "vp9", "asr": null, "filesize": 8703792, "fps": 30, "tbr": 390.894, "width": 640, "acodec": "none", "downloader_options": {"http_chunk_size": 10485760}, "format": "243 - 640x360 (360p)", "protocol": "https", "http_headers": {"User-Agent": "Mozilla/5.0 (Windows NT 10.0; Win64; x64) AppleWebKit/537.36 (KHTML, like Gecko) Chrome/72.0.3626.25 Safari/537.36", "Accept-Charset": "ISO-8859-1,utf-8;q=0.7,*;q=0.7", "Accept": "text/html,application/xhtml+xml,application/xml;q=0.9,*/*;q=0.8", "Accept-Encoding": "gzip, deflate", "Accept-Language": "en-us,en;q=0.5"}}, {"format_id": "135", "url": "https://r1---sn-5njj-u2xl.googlevideo.com/videoplayback?expire=1611764276&ei=1D0RYKrDDpHJgAOe1ovYAQ&ip=140.109.135.76&id=o-AF0EMCALW3P3P2qyjQjgQLfsen9lzG6RSPabMSfRQimn&itag=135&aitags=133%2C134%2C135%2C136%2C137%2C160%2C242%2C243%2C244%2C247%2C248%2C278&source=youtube&requiressl=yes&mh=Dq&mm=31%2C29&mn=sn-5njj-u2xl%2Csn-un57en7e&ms=au%2Crdu&mv=m&mvi=1&pl=16&initcwndbps=546250&vprv=1&mime=video%2Fmp4&ns=zGma4yDv7-3e3FHMTXV8SNIF&gir=yes&clen=12134850&dur=228.528&lmt=1508505721005089&mt=1611742362&fvip=1&keepalive=yes&c=WEB&n=BiMrdc9dJkx6Ecz_qdB8&sparams=expire%2Cei%2Cip%2Cid%2Caitags%2Csource%2Crequiressl%2Cvprv%2Cmime%2Cns%2Cgir%2Cclen%2Cdur%2Clmt&lsparams=mh%2Cmm%2Cmn%2Cms%2Cmv%2Cmvi%2Cpl%2Cinitcwndbps&lsig=AG3C_xAwRQIgcocp9Bk_Imqs7vMDBCr9dV-dcOHi5eBJniVHMTI5qe4CIQDMAntl657zvPUGT6nkoRMWVnS1d8suos89nsHv1LcEhw%3D%3D&sig=AOq0QJ8wRAIgelMVDAC3wK0cNE-vFcA2mQX5dlUfHAczIUXRL0ptg10CIG1oRJUxkT5EZIe0ZmAoj_6U9kFDsFfxSW5tniLGAB8v&ratebypass=yes", "player_url": "/s/player/c6df6ed7/player_ias.vflset/en_US/base.js", "ext": "mp4", "height": 480, "format_note": "480p", "vcodec": "avc1.4d401f", "asr": null, "filesize": 12134850, "fps": 30, "tbr": 668.598, "width": 854, "acodec": "none", "downloader_options": {"http_chunk_size": 10485760}, "format": "135 - 854x480 (480p)", "protocol": "https", "http_headers": {"User-Agent": "Mozilla/5.0 (Windows NT 10.0; Win64; x64) AppleWebKit/537.36 (KHTML, like Gecko) Chrome/72.0.3626.25 Safari/537.36", "Accept-Charset": "ISO-8859-1,utf-8;q=0.7,*;q=0.7", "Accept": "text/html,application/xhtml+xml,application/xml;q=0.9,*/*;q=0.8", "Accept-Encoding": "gzip, deflate", "Accept-Language": "en-us,en;q=0.5"}}, {"format_id": "244", "url": "https://r1---sn-5njj-u2xl.googlevideo.com/videoplayback?expire=1611764276&ei=1D0RYKrDDpHJgAOe1ovYAQ&ip=140.109.135.76&id=o-AF0EMCALW3P3P2qyjQjgQLfsen9lzG6RSPabMSfRQimn&itag=244&aitags=133%2C134%2C135%2C136%2C137%2C160%2C242%2C243%2C244%2C247%2C248%2C278&source=youtube&requiressl=yes&mh=Dq&mm=31%2C29&mn=sn-5njj-u2xl%2Csn-un57en7e&ms=au%2Crdu&mv=m&mvi=1&pl=16&initcwndbps=546250&vprv=1&mime=video%2Fwebm&ns=zGma4yDv7-3e3FHMTXV8SNIF&gir=yes&clen=14763400&dur=228.495&lmt=1499840704569699&mt=1611742362&fvip=1&keepalive=yes&c=WEB&n=BiMrdc9dJkx6Ecz_qdB8&sparams=expire%2Cei%2Cip%2Cid%2Caitags%2Csource%2Crequiressl%2Cvprv%2Cmime%2Cns%2Cgir%2Cclen%2Cdur%2Clmt&lsparams=mh%2Cmm%2Cmn%2Cms%2Cmv%2Cmvi%2Cpl%2Cinitcwndbps&lsig=AG3C_xAwRQIgJ5-mhG6SFaRh4iHtPZI07VNEE2egLHxqKFOIq3urbr8CIQDCJIQUuIWumIqMEdG7G2999A97aqkzqgU74xWMH9jjww%3D%3D&sig=AOq0QJ8wRQIgCN5Ok75kJfEIQSRhkubLAWTsf27XzPP1WEZaGj3gSqECIQCZJlrvSFUht7fNCeXFu66YY-I0eMjhhgVkIpcyMfIXZA==&ratebypass=yes", "player_url": "/s/player/c6df6ed7/player_ias.vflset/en_US/base.js", "ext": "webm", "height": 480, "format_note": "480p", "vcodec": "vp9", "asr": null, "filesize": 14763400, "fps": 30, "tbr": 681.128, "width": 854, "acodec": "none", "downloader_options": {"http_chunk_size": 10485760}, "format": "244 - 854x480 (480p)", "protocol": "https", "http_headers": {"User-Agent": "Mozilla/5.0 (Windows NT 10.0; Win64; x64) AppleWebKit/537.36 (KHTML, like Gecko) Chrome/72.0.3626.25 Safari/537.36", "Accept-Charset": "ISO-8859-1,utf-8;q=0.7,*;q=0.7", "Accept": "text/html,application/xhtml+xml,application/xml;q=0.9,*/*;q=0.8", "Accept-Encoding": "gzip, deflate", "Accept-Language": "en-us,en;q=0.5"}}, {"format_id": "136", "url": "https://r1---sn-5njj-u2xl.googlevideo.com/videoplayback?expire=1611764276&ei=1D0RYKrDDpHJgAOe1ovYAQ&ip=140.109.135.76&id=o-AF0EMCALW3P3P2qyjQjgQLfsen9lzG6RSPabMSfRQimn&itag=136&aitags=133%2C134%2C135%2C136%2C137%2C160%2C242%2C243%2C244%2C247%2C248%2C278&source=youtube&requiressl=yes&mh=Dq&mm=31%2C29&mn=sn-5njj-u2xl%2Csn-un57en7e&ms=au%2Crdu&mv=m&mvi=1&pl=16&initcwndbps=546250&vprv=1&mime=video%2Fmp4&ns=zGma4yDv7-3e3FHMTXV8SNIF&gir=yes&clen=22431549&dur=228.528&lmt=1508505721205008&mt=1611742362&fvip=1&keepalive=yes&c=WEB&n=BiMrdc9dJkx6Ecz_qdB8&sparams=expire%2Cei%2Cip%2Cid%2Caitags%2Csource%2Crequiressl%2Cvprv%2Cmime%2Cns%2Cgir%2Cclen%2Cdur%2Clmt&lsparams=mh%2Cmm%2Cmn%2Cms%2Cmv%2Cmvi%2Cpl%2Cinitcwndbps&lsig=AG3C_xAwRQIhAIlqV6j6nEr-yDPH3F68esIXZ1_SKZ16jxne_L5k5SUhAiBvcCvpXS3z4KhwJNoxFiw92iZu515ah4X_zo-TFAfULQ%3D%3D&sig=AOq0QJ8wRAIgUK7knlqFnr7woH651xxyE39b6PSHRcxearBFG4vl4QwCIB74jDNFkFCVDXIZ51jqPVYMdcj-CYaODZdIIycJpwyn&ratebypass=yes", "player_url": "/s/player/c6df6ed7/player_ias.vflset/en_US/base.js", "ext": "mp4", "height": 720, "format_note": "720p", "vcodec": "avc1.4d401f", "asr": null, "filesize": 22431549, "fps": 30, "tbr": 1194.619, "width": 1280, "acodec": "none", "downloader_options": {"http_chunk_size": 10485760}, "format": "136 - 1280x720 (720p)", "protocol": "https", "http_headers": {"User-Agent": "Mozilla/5.0 (Windows NT 10.0; Win64; x64) AppleWebKit/537.36 (KHTML, like Gecko) Chrome/72.0.3626.25 Safari/537.36", "Accept-Charset": "ISO-8859-1,utf-8;q=0.7,*;q=0.7", "Accept": "text/html,application/xhtml+xml,application/xml;q=0.9,*/*;q=0.8", "Accept-Encoding": "gzip, deflate", "Accept-Language": "en-us,en;q=0.5"}}, {"format_id": "247", "url": "https://r1---sn-5njj-u2xl.googlevideo.com/videoplayback?expire=1611764276&ei=1D0RYKrDDpHJgAOe1ovYAQ&ip=140.109.135.76&id=o-AF0EMCALW3P3P2qyjQjgQLfsen9lzG6RSPabMSfRQimn&itag=247&aitags=133%2C134%2C135%2C136%2C137%2C160%2C242%2C243%2C244%2C247%2C248%2C278&source=youtube&requiressl=yes&mh=Dq&mm=31%2C29&mn=sn-5njj-u2xl%2Csn-un57en7e&ms=au%2Crdu&mv=m&mvi=1&pl=16&initcwndbps=546250&vprv=1&mime=video%2Fwebm&ns=zGma4yDv7-3e3FHMTXV8SNIF&gir=yes&clen=29843791&dur=228.495&lmt=1499840705052557&mt=1611742362&fvip=1&keepalive=yes&c=WEB&n=BiMrdc9dJkx6Ecz_qdB8&sparams=expire%2Cei%2Cip%2Cid%2Caitags%2Csource%2Crequiressl%2Cvprv%2Cmime%2Cns%2Cgir%2Cclen%2Cdur%2Clmt&lsparams=mh%2Cmm%2Cmn%2Cms%2Cmv%2Cmvi%2Cpl%2Cinitcwndbps&lsig=AG3C_xAwRgIhAIyExG8AiZImkGQMcCieKZuYknmCBqutC0iMjuKrpYUiAiEAtRJVqmDwvGGarrBHjQkKi2i2wefGVxZ-5sj1XoX_AnY%3D&sig=AOq0QJ8wRAIgOQUlkfAMJGVXLQ8JKlLDzUcCqG1dXEOBoey8RORsRPsCIDA6IPfrNojPalCmZ_gX2D1f3gJ8s44HVAT6ht6vhOB4&ratebypass=yes", "player_url": "/s/player/c6df6ed7/player_ias.vflset/en_US/base.js", "ext": "webm", "height": 720, "format_note": "720p", "vcodec": "vp9", "asr": null, "filesize": 29843791, "fps": 30, "tbr": 1325.085, "width": 1280, "acodec": "none", "downloader_options": {"http_chunk_size": 10485760}, "format": "247 - 1280x720 (720p)", "protocol": "https", "http_headers": {"User-Agent": "Mozilla/5.0 (Windows NT 10.0; Win64; x64) AppleWebKit/537.36 (KHTML, like Gecko) Chrome/72.0.3626.25 Safari/537.36", "Accept-Charset": "ISO-8859-1,utf-8;q=0.7,*;q=0.7", "Accept": "text/html,application/xhtml+xml,application/xml;q=0.9,*/*;q=0.8", "Accept-Encoding": "gzip, deflate", "Accept-Language": "en-us,en;q=0.5"}}, {"format_id": "137", "url": "https://r1---sn-5njj-u2xl.googlevideo.com/videoplayback?expire=1611764276&ei=1D0RYKrDDpHJgAOe1ovYAQ&ip=140.109.135.76&id=o-AF0EMCALW3P3P2qyjQjgQLfsen9lzG6RSPabMSfRQimn&itag=137&aitags=133%2C134%2C135%2C136%2C137%2C160%2C242%2C243%2C244%2C247%2C248%2C278&source=youtube&requiressl=yes&mh=Dq&mm=31%2C29&mn=sn-5njj-u2xl%2Csn-un57en7e&ms=au%2Crdu&mv=m&mvi=1&pl=16&initcwndbps=546250&vprv=1&mime=video%2Fmp4&ns=zGma4yDv7-3e3FHMTXV8SNIF&gir=yes&clen=40198088&dur=228.528&lmt=1508505722807796&mt=1611742362&fvip=1&keepalive=yes&c=WEB&n=BiMrdc9dJkx6Ecz_qdB8&sparams=expire%2Cei%2Cip%2Cid%2Caitags%2Csource%2Crequiressl%2Cvprv%2Cmime%2Cns%2Cgir%2Cclen%2Cdur%2Clmt&lsparams=mh%2Cmm%2Cmn%2Cms%2Cmv%2Cmvi%2Cpl%2Cinitcwndbps&lsig=AG3C_xAwRQIhAOsk2a_-UpZxd1HHTmvSoCiMeblwWYgBuNrJJ7AT_u-zAiA7mvO5yB7YPpdhc3GQldB-3PSzfvnEwiHUQvCc3kgaMw%3D%3D&sig=AOq0QJ8wRQIhAI0iH6vdulk7qf-cYjnFHjD1Eh68YyOp5Bo_WAGUz17cAiBorabPDVImDTyoRwGUWxPgLG-jp7hKeMoElWWJxan5Ug==&ratebypass=yes", "player_url": "/s/player/c6df6ed7/player_ias.vflset/en_US/base.js", "ext": "mp4", "height": 1080, "format_note": "1080p", "vcodec": "avc1.640028", "asr": null, "filesize": 40198088, "fps": 30, "tbr": 2095.602, "width": 1920, "acodec": "none", "downloader_options": {"http_chunk_size": 10485760}, "format": "137 - 1920x1080 (1080p)", "protocol": "https", "http_headers": {"User-Agent": "Mozilla/5.0 (Windows NT 10.0; Win64; x64) AppleWebKit/537.36 (KHTML, like Gecko) Chrome/72.0.3626.25 Safari/537.36", "Accept-Charset": "ISO-8859-1,utf-8;q=0.7,*;q=0.7", "Accept": "text/html,application/xhtml+xml,application/xml;q=0.9,*/*;q=0.8", "Accept-Encoding": "gzip, deflate", "Accept-Language": "en-us,en;q=0.5"}}, {"format_id": "248", "url": "https://r1---sn-5njj-u2xl.googlevideo.com/videoplayback?expire=1611764276&ei=1D0RYKrDDpHJgAOe1ovYAQ&ip=140.109.135.76&id=o-AF0EMCALW3P3P2qyjQjgQLfsen9lzG6RSPabMSfRQimn&itag=248&aitags=133%2C134%2C135%2C136%2C137%2C160%2C242%2C243%2C244%2C247%2C248%2C278&source=youtube&requiressl=yes&mh=Dq&mm=31%2C29&mn=sn-5njj-u2xl%2Csn-un57en7e&ms=au%2Crdu&mv=m&mvi=1&pl=16&initcwndbps=546250&vprv=1&mime=video%2Fwebm&ns=zGma4yDv7-3e3FHMTXV8SNIF&gir=yes&clen=56546561&dur=228.495&lmt=1499840511601860&mt=1611742362&fvip=1&keepalive=yes&c=WEB&n=BiMrdc9dJkx6Ecz_qdB8&sparams=expire%2Cei%2Cip%2Cid%2Caitags%2Csource%2Crequiressl%2Cvprv%2Cmime%2Cns%2Cgir%2Cclen%2Cdur%2Clmt&lsparams=mh%2Cmm%2Cmn%2Cms%2Cmv%2Cmvi%2Cpl%2Cinitcwndbps&lsig=AG3C_xAwRQIhAOzWLYsM81kgnci3u3KkQp_d2qblvF-tAbV6zBoGTGA8AiBNfKiFKsRfikjuxNbJcgwRUe16O6OwKPBnnqePG5VkSw%3D%3D&sig=AOq0QJ8wRQIgL85XOS4EJTq9kQq1QpM_Mxv0K9D3HTvvfxSM7jf5xlMCIQDUe9dfOGfq4TKXX-C3XmkDnRwAxcJ2JbFSJfWNKfh1Gg==&ratebypass=yes", "player_url": "/s/player/c6df6ed7/player_ias.vflset/en_US/base.js", "ext": "webm", "height": 1080, "format_note": "1080p", "vcodec": "vp9", "asr": null, "filesize": 56546561, "fps": 30, "tbr": 2413.037, "width": 1920, "acodec": "none", "downloader_options": {"http_chunk_size": 10485760}, "format": "248 - 1920x1080 (1080p)", "protocol": "https", "http_headers": {"User-Agent": "Mozilla/5.0 (Windows NT 10.0; Win64; x64) AppleWebKit/537.36 (KHTML, like Gecko) Chrome/72.0.3626.25 Safari/537.36", "Accept-Charset": "ISO-8859-1,utf-8;q=0.7,*;q=0.7", "Accept": "text/html,application/xhtml+xml,application/xml;q=0.9,*/*;q=0.8", "Accept-Encoding": "gzip, deflate", "Accept-Language": "en-us,en;q=0.5"}}, {"format_id": "18", "url": "https://r1---sn-5njj-u2xl.googlevideo.com/videoplayback?expire=1611764276&ei=1D0RYKrDDpHJgAOe1ovYAQ&ip=140.109.135.76&id=o-AF0EMCALW3P3P2qyjQjgQLfsen9lzG6RSPabMSfRQimn&itag=18&source=youtube&requiressl=yes&mh=Dq&mm=31%2C29&mn=sn-5njj-u2xl%2Csn-un57en7e&ms=au%2Crdu&mv=m&mvi=1&pl=16&initcwndbps=546250&vprv=1&mime=video%2Fmp4&ns=_Cq2_h1G08hV20jhHKTFTSUF&gir=yes&clen=13808750&ratebypass=yes&dur=228.600&lmt=1499839647855188&mt=1611742362&fvip=1&c=WEB&n=k42QPGBqvXAl2RLwsT8v&sparams=expire%2Cei%2Cip%2Cid%2Citag%2Csource%2Crequiressl%2Cvprv%2Cmime%2Cns%2Cgir%2Cclen%2Cratebypass%2Cdur%2Clmt&lsparams=mh%2Cmm%2Cmn%2Cms%2Cmv%2Cmvi%2Cpl%2Cinitcwndbps&lsig=AG3C_xAwRQIgRHYIiAK5wmKOPFc4FmHrX947ZXRznXJxdyfWT3QBIGUCIQCj1pgbkjgS3tKIkVpzbiaal9Z2en1IeZheQB_nTpGGww%3D%3D&sig=AOq0QJ8wRQIgPvV2T0bqsh8JW9DBwChdFZKn1T2VjWhesm1wxCkxwAYCIQD-uhLRv3jDPTutMeEU8_ErCsHwUjys1snYi63RUiPWHA==", "player_url": "/s/player/c6df6ed7/player_ias.vflset/en_US/base.js", "ext": "mp4", "width": 640, "height": 360, "acodec": "mp4a.40.2", "abr": 96, "vcodec": "avc1.42001E", "asr": 44100, "filesize": 13808750, "format_note": "360p", "fps": 30, "tbr": 483.398, "format": "18 - 640x360 (360p)", "protocol": "https", "http_headers": {"User-Agent": "Mozilla/5.0 (Windows NT 10.0; Win64; x64) AppleWebKit/537.36 (KHTML, like Gecko) Chrome/72.0.3626.25 Safari/537.36", "Accept-Charset": "ISO-8859-1,utf-8;q=0.7,*;q=0.7", "Accept": "text/html,application/xhtml+xml,application/xml;q=0.9,*/*;q=0.8", "Accept-Encoding": "gzip, deflate", "Accept-Language": "en-us,en;q=0.5"}}], "is_live": null, "start_time": null, "end_time": null, "series": null, "season_number": null, "episode_number": null, "track": "BLACKPINK | As If it's Your Last | Piano Cover", "artist": null, "album": null, "release_date": null, "release_year": null, "extractor": "youtube", "webpage_url_basename": "watch", "extractor_key": "Youtube", "playlist": null, "playlist_index": null, "thumbnail": "https://i.ytimg.com/vi_webp/MOGLiu8TLrQ/maxresdefault.webp", "display_id": "MOGLiu8TLrQ", "requested_subtitles": null, "format_id": "251", "url": "https://r1---sn-5njj-u2xl.googlevideo.com/videoplayback?expire=1611764276&ei=1D0RYKrDDpHJgAOe1ovYAQ&ip=140.109.135.76&id=o-AF0EMCALW3P3P2qyjQjgQLfsen9lzG6RSPabMSfRQimn&itag=251&source=youtube&requiressl=yes&mh=Dq&mm=31%2C29&mn=sn-5njj-u2xl%2Csn-un57en7e&ms=au%2Crdu&mv=m&mvi=1&pl=16&initcwndbps=546250&vprv=1&mime=audio%2Fwebm&ns=zGma4yDv7-3e3FHMTXV8SNIF&gir=yes&clen=4213008&dur=228.541&lmt=1499840350388838&mt=1611742362&fvip=1&keepalive=yes&c=WEB&n=BiMrdc9dJkx6Ecz_qdB8&sparams=expire%2Cei%2Cip%2Cid%2Citag%2Csource%2Crequiressl%2Cvprv%2Cmime%2Cns%2Cgir%2Cclen%2Cdur%2Clmt&lsparams=mh%2Cmm%2Cmn%2Cms%2Cmv%2Cmvi%2Cpl%2Cinitcwndbps&lsig=AG3C_xAwRgIhALTnLSbw3uMARe4zSCNUba5N-dT3FF-3-283BWD-h8ZRAiEAj1ykIFd77JCIpf-8AXEYfs0XfnQxiyBgvPR_cRdqLdE%3D&sig=AOq0QJ8wRQIgE3xMITXsZucM3bvFZmH5r2LRfW2_QgLZvhNPyIi9RZwCIQDJvCDJIE3NY69kVfAUIyZALI_aqR1hiHaQOUvSNNzmcw==&ratebypass=yes", "player_url": "/s/player/c6df6ed7/player_ias.vflset/en_US/base.js", "ext": "webm", "format_note": "tiny", "acodec": "opus", "abr": 160, "asr": 48000, "filesize": 4213008, "fps": null, "height": null, "tbr": 166.257, "width": null, "vcodec": "none", "downloader_options": {"http_chunk_size": 10485760}, "format": "251 - audio only (tiny)", "protocol": "https", "http_headers": {"User-Agent": "Mozilla/5.0 (Windows NT 10.0; Win64; x64) AppleWebKit/537.36 (KHTML, like Gecko) Chrome/72.0.3626.25 Safari/537.36", "Accept-Charset": "ISO-8859-1,utf-8;q=0.7,*;q=0.7", "Accept": "text/html,application/xhtml+xml,application/xml;q=0.9,*/*;q=0.8", "Accept-Encoding": "gzip, deflate", "Accept-Language": "en-us,en;q=0.5"}}