{"id": "n_JMALhPSSQ", "uploader": "Jarrod Radnich", "uploader_id": "JarrodRadnichMusic", "uploader_url": "http://www.youtube.com/user/JarrodRadnichMusic", "channel_id": "UCrR9q7XWIqB5LhazlKYi-Og", "channel_url": "http://www.youtube.com/channel/UCrR9q7XWIqB5LhazlKYi-Og", "upload_date": "20210106", "license": null, "creator": null, "title": "Jarrod Radnich - Sarajevo 12/24 (Carol of the Bells): Virtuosic Piano Solo", "alt_title": null, "thumbnails": [{"url": "https://i.ytimg.com/vi/n_JMALhPSSQ/hqdefault.jpg?sqp=-oaymwEbCKgBEF5IVfKriqkDDggBFQAAiEIYAXABwAEG&rs=AOn4CLCa_O1hwYdnz_KC5oA39GA7uZ8GgQ", "width": 168, "height": 94, "resolution": "168x94", "id": "0"}, {"url": "https://i.ytimg.com/vi/n_JMALhPSSQ/hqdefault.jpg?sqp=-oaymwEbCMQBEG5IVfKriqkDDggBFQAAiEIYAXABwAEG&rs=AOn4CLAx0TfuZjRdfokX9DQZt9PTi643UA", "width": 196, "height": 110, "resolution": "196x110", "id": "1"}, {"url": "https://i.ytimg.com/vi/n_JMALhPSSQ/hqdefault.jpg?sqp=-oaymwEcCPYBEIoBSFXyq4qpAw4IARUAAIhCGAFwAcABBg==&rs=AOn4CLDbBSMJObf8LwNOgOPIcVfJ1jSO1g", "width": 246, "height": 138, "resolution": "246x138", "id": "2"}, {"url": "https://i.ytimg.com/vi/n_JMALhPSSQ/hqdefault.jpg?sqp=-oaymwEcCNACELwBSFXyq4qpAw4IARUAAIhCGAFwAcABBg==&rs=AOn4CLCF5AKskRx7ihH3J7UbPHAGrqw82g", "width": 336, "height": 188, "resolution": "336x188", "id": "3"}, {"url": "https://i.ytimg.com/vi_webp/n_JMALhPSSQ/maxresdefault.webp", "width": 1920, "height": 1080, "resolution": "1920x1080", "id": "4"}], "description": "Sheet music available at: https://www.musicnotes.com/l/RhLQW\nCustom foil/flocked \"Limitless\" tee available at: http://bit.ly/RadnichLimitlessTee\n\nJarrod performing his arrangement of Paul O'Neill and Robert Kinkel's rock adaptation of Carol of the Bells\u2014a perennial favorite performed by the Trans-Siberian Orchestra.", "categories": ["Music"], "tags": ["Jarrod Radnich", "Paul O'Neill", "Robert Kinkel", "TSO", "Trans-Siberian Orchestra", "Carol of the Bells", "keyboard", "piano", "performance", "virtuosic", "Mason & Hamlin", "Joshua Tree", "God Rest Ye Merry Gentlemen"], "subtitles": {}, "automatic_captions": {}, "duration": 222, "age_limit": 0, "annotations": null, "chapters": null, "webpage_url": "https://www.youtube.com/watch?v=n_JMALhPSSQ", "view_count": 28114, "like_count": 1822, "dislike_count": 10, "average_rating": 4.9781661, "formats": [{"format_id": "249", "url": "https://r4---sn-5njj-u2xe.googlevideo.com/videoplayback?expire=1612426896&ei=MFobYOdNkaSKBuzAksgM&ip=140.109.135.76&id=o-AC-irBw2-vJHWY-wHrWUVwrRZ2CcVKo7NF5OrM6ZYSko&itag=249&source=youtube&requiressl=yes&mh=bd&mm=31%2C29&mn=sn-5njj-u2xe%2Csn-un57en7e&ms=au%2Crdu&mv=m&mvi=4&pl=16&initcwndbps=487500&vprv=1&mime=audio%2Fwebm&ns=o4vhEFBSEuHLAh5SnRZDuIMF&gir=yes&clen=1493298&dur=221.841&lmt=1610036904847487&mt=1612404299&fvip=4&keepalive=yes&c=WEB&txp=5432434&n=RzYNlhtESt05zD4zr&sparams=expire%2Cei%2Cip%2Cid%2Citag%2Csource%2Crequiressl%2Cvprv%2Cmime%2Cns%2Cgir%2Cclen%2Cdur%2Clmt&lsparams=mh%2Cmm%2Cmn%2Cms%2Cmv%2Cmvi%2Cpl%2Cinitcwndbps&lsig=AG3C_xAwRgIhAM0XSRLnwSlczIgpVa7vsB2ppsYkxE0wFj7Bx84T34TDAiEAz05fOSS91ygnrHBLU5w8sqa0GbJavg4QjReDbU4j9RM%3D&sig=AOq0QJ8wRQIhAM87jcshT98apOKdF3DYJgAVn9fB8aK8iw-4smP2Duy3AiBd7F-m6HowoULbmXN8u09Tp90v9Rvd_GAuT4AGxbCLyg==&ratebypass=yes", "player_url": "/s/player/4bc55fd6/player_ias.vflset/en_US/base.js", "ext": "webm", "format_note": "tiny", "acodec": "opus", "abr": 50, "asr": 48000, "filesize": 1493298, "fps": null, "height": null, "tbr": 64.1, "width": null, "vcodec": "none", "downloader_options": {"http_chunk_size": 10485760}, "format": "249 - audio only (tiny)", "protocol": "https", "http_headers": {"User-Agent": "Mozilla/5.0 (Windows NT 10.0; Win64; x64) AppleWebKit/537.36 (KHTML, like Gecko) Chrome/73.0.3664.4 Safari/537.36", "Accept-Charset": "ISO-8859-1,utf-8;q=0.7,*;q=0.7", "Accept": "text/html,application/xhtml+xml,application/xml;q=0.9,*/*;q=0.8", "Accept-Encoding": "gzip, deflate", "Accept-Language": "en-us,en;q=0.5"}}, {"format_id": "250", "url": "https://r4---sn-5njj-u2xe.googlevideo.com/videoplayback?expire=1612426896&ei=MFobYOdNkaSKBuzAksgM&ip=140.109.135.76&id=o-AC-irBw2-vJHWY-wHrWUVwrRZ2CcVKo7NF5OrM6ZYSko&itag=250&source=youtube&requiressl=yes&mh=bd&mm=31%2C29&mn=sn-5njj-u2xe%2Csn-un57en7e&ms=au%2Crdu&mv=m&mvi=4&pl=16&initcwndbps=487500&vprv=1&mime=audio%2Fwebm&ns=o4vhEFBSEuHLAh5SnRZDuIMF&gir=yes&clen=1987303&dur=221.841&lmt=1610036899022328&mt=1612404299&fvip=4&keepalive=yes&c=WEB&txp=5432434&n=RzYNlhtESt05zD4zr&sparams=expire%2Cei%2Cip%2Cid%2Citag%2Csource%2Crequiressl%2Cvprv%2Cmime%2Cns%2Cgir%2Cclen%2Cdur%2Clmt&lsparams=mh%2Cmm%2Cmn%2Cms%2Cmv%2Cmvi%2Cpl%2Cinitcwndbps&lsig=AG3C_xAwRQIhAMm5swg0OxSlNC4TEmTUXZHzi0cxULGhZBPIebCx2C30AiArih4zhWSocz_u7o4I65aO1VlodYZcYPexq-20X-bnlg%3D%3D&sig=AOq0QJ8wRQIhAKdnc20JGgkTLN5XxGH4qIuH63eN2-y41duR564qjqSzAiArLTHpNIWgTwEZrc8_D6yAS3jS7g_HPRiVEa2WTlkHfQ==&ratebypass=yes", "player_url": "/s/player/4bc55fd6/player_ias.vflset/en_US/base.js", "ext": "webm", "format_note": "tiny", "acodec": "opus", "abr": 70, "asr": 48000, "filesize": 1987303, "fps": null, "height": null, "tbr": 82.671, "width": null, "vcodec": "none", "downloader_options": {"http_chunk_size": 10485760}, "format": "250 - audio only (tiny)", "protocol": "https", "http_headers": {"User-Agent": "Mozilla/5.0 (Windows NT 10.0; Win64; x64) AppleWebKit/537.36 (KHTML, like Gecko) Chrome/73.0.3664.4 Safari/537.36", "Accept-Charset": "ISO-8859-1,utf-8;q=0.7,*;q=0.7", "Accept": "text/html,application/xhtml+xml,application/xml;q=0.9,*/*;q=0.8", "Accept-Encoding": "gzip, deflate", "Accept-Language": "en-us,en;q=0.5"}}, {"format_id": "140", "url": "https://r4---sn-5njj-u2xe.googlevideo.com/videoplayback?expire=1612426896&ei=MFobYOdNkaSKBuzAksgM&ip=140.109.135.76&id=o-AC-irBw2-vJHWY-wHrWUVwrRZ2CcVKo7NF5OrM6ZYSko&itag=140&source=youtube&requiressl=yes&mh=bd&mm=31%2C29&mn=sn-5njj-u2xe%2Csn-un57en7e&ms=au%2Crdu&mv=m&mvi=4&pl=16&initcwndbps=487500&vprv=1&mime=audio%2Fmp4&ns=o4vhEFBSEuHLAh5SnRZDuIMF&gir=yes&clen=3591634&dur=221.866&lmt=1610036939624352&mt=1612404299&fvip=4&keepalive=yes&c=WEB&txp=5432434&n=RzYNlhtESt05zD4zr&sparams=expire%2Cei%2Cip%2Cid%2Citag%2Csource%2Crequiressl%2Cvprv%2Cmime%2Cns%2Cgir%2Cclen%2Cdur%2Clmt&lsparams=mh%2Cmm%2Cmn%2Cms%2Cmv%2Cmvi%2Cpl%2Cinitcwndbps&lsig=AG3C_xAwRQIhAJWNlxjojylYRVkXiryWuMkWo8oFYdDA0W7F-31ibXbXAiAneJtxEE7npF-AaqNx5WukKUpKO1nySW4c7rg2Bai71g%3D%3D&sig=AOq0QJ8wRAIgbckg2kILnNtDeq3nxydP8LqKYo-ynEGaMOkK-X2-QIwCIEdidNjPU36xLCTDCGjFX_kOKbZI83UNczpxZFe2AUaA&ratebypass=yes", "player_url": "/s/player/4bc55fd6/player_ias.vflset/en_US/base.js", "ext": "m4a", "format_note": "tiny", "acodec": "mp4a.40.2", "abr": 128, "container": "m4a_dash", "asr": 44100, "filesize": 3591634, "fps": null, "height": null, "tbr": 130.418, "width": null, "vcodec": "none", "downloader_options": {"http_chunk_size": 10485760}, "format": "140 - audio only (tiny)", "protocol": "https", "http_headers": {"User-Agent": "Mozilla/5.0 (Windows NT 10.0; Win64; x64) AppleWebKit/537.36 (KHTML, like Gecko) Chrome/73.0.3664.4 Safari/537.36", "Accept-Charset": "ISO-8859-1,utf-8;q=0.7,*;q=0.7", "Accept": "text/html,application/xhtml+xml,application/xml;q=0.9,*/*;q=0.8", "Accept-Encoding": "gzip, deflate", "Accept-Language": "en-us,en;q=0.5"}}, {"format_id": "251", "url": "https://r4---sn-5njj-u2xe.googlevideo.com/videoplayback?expire=1612426896&ei=MFobYOdNkaSKBuzAksgM&ip=140.109.135.76&id=o-AC-irBw2-vJHWY-wHrWUVwrRZ2CcVKo7NF5OrM6ZYSko&itag=251&source=youtube&requiressl=yes&mh=bd&mm=31%2C29&mn=sn-5njj-u2xe%2Csn-un57en7e&ms=au%2Crdu&mv=m&mvi=4&pl=16&initcwndbps=487500&vprv=1&mime=audio%2Fwebm&ns=o4vhEFBSEuHLAh5SnRZDuIMF&gir=yes&clen=3933770&dur=221.841&lmt=1610036914774335&mt=1612404299&fvip=4&keepalive=yes&c=WEB&txp=5432434&n=RzYNlhtESt05zD4zr&sparams=expire%2Cei%2Cip%2Cid%2Citag%2Csource%2Crequiressl%2Cvprv%2Cmime%2Cns%2Cgir%2Cclen%2Cdur%2Clmt&lsparams=mh%2Cmm%2Cmn%2Cms%2Cmv%2Cmvi%2Cpl%2Cinitcwndbps&lsig=AG3C_xAwRQIhAOnCFnigYajedv7FqqUwVLn4-e6J3seg6WvsYgHg0ltOAiBwjg3TXTmFclvSL9XJnszGkuSSUTgg_T1dlZhTsIHlFw%3D%3D&sig=AOq0QJ8wRQIhAO7Z4HPXq5PqeYDrtX7GjFtR1GXVSEfoKN6GjMiM1dgEAiAPk00ZeQHEpFWNRbyHV3Zm5ARue5BP_z-JYKTQJgdaUA==&ratebypass=yes", "player_url": "/s/player/4bc55fd6/player_ias.vflset/en_US/base.js", "ext": "webm", "format_note": "tiny", "acodec": "opus", "abr": 160, "asr": 48000, "filesize": 3933770, "fps": null, "height": null, "tbr": 158.148, "width": null, "vcodec": "none", "downloader_options": {"http_chunk_size": 10485760}, "format": "251 - audio only (tiny)", "protocol": "https", "http_headers": {"User-Agent": "Mozilla/5.0 (Windows NT 10.0; Win64; x64) AppleWebKit/537.36 (KHTML, like Gecko) Chrome/73.0.3664.4 Safari/537.36", "Accept-Charset": "ISO-8859-1,utf-8;q=0.7,*;q=0.7", "Accept": "text/html,application/xhtml+xml,application/xml;q=0.9,*/*;q=0.8", "Accept-Encoding": "gzip, deflate", "Accept-Language": "en-us,en;q=0.5"}}, {"format_id": "160", "url": "https://r4---sn-5njj-u2xe.googlevideo.com/videoplayback?expire=1612426896&ei=MFobYOdNkaSKBuzAksgM&ip=140.109.135.76&id=o-AC-irBw2-vJHWY-wHrWUVwrRZ2CcVKo7NF5OrM6ZYSko&itag=160&aitags=133%2C134%2C135%2C136%2C137%2C160%2C242%2C243%2C244%2C247%2C248%2C278&source=youtube&requiressl=yes&mh=bd&mm=31%2C29&mn=sn-5njj-u2xe%2Csn-un57en7e&ms=au%2Crdu&mv=m&mvi=4&pl=16&initcwndbps=487500&vprv=1&mime=video%2Fmp4&ns=o4vhEFBSEuHLAh5SnRZDuIMF&gir=yes&clen=1315501&dur=221.804&lmt=1610056190708183&mt=1612404299&fvip=4&keepalive=yes&c=WEB&txp=5432434&n=RzYNlhtESt05zD4zr&sparams=expire%2Cei%2Cip%2Cid%2Caitags%2Csource%2Crequiressl%2Cvprv%2Cmime%2Cns%2Cgir%2Cclen%2Cdur%2Clmt&lsparams=mh%2Cmm%2Cmn%2Cms%2Cmv%2Cmvi%2Cpl%2Cinitcwndbps&lsig=AG3C_xAwRAIgWg4kklT4WFNgOOu5CsQU_iWd1WaGrp-An6YwkiuqY5ACICRuSgxXYThrTpRIE6HYXuopbtrJ8QqT4YFo0N4lsI8l&sig=AOq0QJ8wRQIhAJIknRMgwi0Vy8ByZLVlN22jOV3mQOpRajhNjs5u04xKAiAuKDEpGQO3iMoOVc4fiCREU8eGzTU--kSaod6ahmbPsw==&ratebypass=yes", "player_url": "/s/player/4bc55fd6/player_ias.vflset/en_US/base.js", "ext": "mp4", "height": 144, "format_note": "144p", "vcodec": "avc1.4d400c", "asr": null, "filesize": 1315501, "fps": 24, "tbr": 80.736, "width": 256, "acodec": "none", "downloader_options": {"http_chunk_size": 10485760}, "format": "160 - 256x144 (144p)", "protocol": "https", "http_headers": {"User-Agent": "Mozilla/5.0 (Windows NT 10.0; Win64; x64) AppleWebKit/537.36 (KHTML, like Gecko) Chrome/73.0.3664.4 Safari/537.36", "Accept-Charset": "ISO-8859-1,utf-8;q=0.7,*;q=0.7", "Accept": "text/html,application/xhtml+xml,application/xml;q=0.9,*/*;q=0.8", "Accept-Encoding": "gzip, deflate", "Accept-Language": "en-us,en;q=0.5"}}, {"format_id": "278", "url": "https://r4---sn-5njj-u2xe.googlevideo.com/videoplayback?expire=1612426896&ei=MFobYOdNkaSKBuzAksgM&ip=140.109.135.76&id=o-AC-irBw2-vJHWY-wHrWUVwrRZ2CcVKo7NF5OrM6ZYSko&itag=278&aitags=133%2C134%2C135%2C136%2C137%2C160%2C242%2C243%2C244%2C247%2C248%2C278&source=youtube&requiressl=yes&mh=bd&mm=31%2C29&mn=sn-5njj-u2xe%2Csn-un57en7e&ms=au%2Crdu&mv=m&mvi=4&pl=16&initcwndbps=487500&vprv=1&mime=video%2Fwebm&ns=o4vhEFBSEuHLAh5SnRZDuIMF&gir=yes&clen=2160976&dur=221.804&lmt=1610056594443136&mt=1612404299&fvip=4&keepalive=yes&c=WEB&txp=5432434&n=RzYNlhtESt05zD4zr&sparams=expire%2Cei%2Cip%2Cid%2Caitags%2Csource%2Crequiressl%2Cvprv%2Cmime%2Cns%2Cgir%2Cclen%2Cdur%2Clmt&lsparams=mh%2Cmm%2Cmn%2Cms%2Cmv%2Cmvi%2Cpl%2Cinitcwndbps&lsig=AG3C_xAwRAIgfZiAOKRWmWiwmAfrpjfslnsyHv4d74isb77RQhIsQvECIAN62L2iJVdwfnpM69rME2RoMXsSQtaVOgwP7wuP-MWj&sig=AOq0QJ8wRAIgfCaUoSoQj4QESklFuasvk2TN9-CrYncdd-9Ak-vKKokCICP3RGRwjjuoDkrNTGkpF7epWVDXXbeFT8DXy0R_s0bo&ratebypass=yes", "player_url": "/s/player/4bc55fd6/player_ias.vflset/en_US/base.js", "ext": "webm", "height": 144, "format_note": "144p", "container": "webm", "vcodec": "vp9", "asr": null, "filesize": 2160976, "fps": 24, "tbr": 87.686, "width": 256, "acodec": "none", "downloader_options": {"http_chunk_size": 10485760}, "format": "278 - 256x144 (144p)", "protocol": "https", "http_headers": {"User-Agent": "Mozilla/5.0 (Windows NT 10.0; Win64; x64) AppleWebKit/537.36 (KHTML, like Gecko) Chrome/73.0.3664.4 Safari/537.36", "Accept-Charset": "ISO-8859-1,utf-8;q=0.7,*;q=0.7", "Accept": "text/html,application/xhtml+xml,application/xml;q=0.9,*/*;q=0.8", "Accept-Encoding": "gzip, deflate", "Accept-Language": "en-us,en;q=0.5"}}, {"format_id": "133", "url": "https://r4---sn-5njj-u2xe.googlevideo.com/videoplayback?expire=1612426896&ei=MFobYOdNkaSKBuzAksgM&ip=140.109.135.76&id=o-AC-irBw2-vJHWY-wHrWUVwrRZ2CcVKo7NF5OrM6ZYSko&itag=133&aitags=133%2C134%2C135%2C136%2C137%2C160%2C242%2C243%2C244%2C247%2C248%2C278&source=youtube&requiressl=yes&mh=bd&mm=31%2C29&mn=sn-5njj-u2xe%2Csn-un57en7e&ms=au%2Crdu&mv=m&mvi=4&pl=16&initcwndbps=487500&vprv=1&mime=video%2Fmp4&ns=o4vhEFBSEuHLAh5SnRZDuIMF&gir=yes&clen=2796834&dur=221.804&lmt=1610056806601481&mt=1612404299&fvip=4&keepalive=yes&c=WEB&txp=5432434&n=RzYNlhtESt05zD4zr&sparams=expire%2Cei%2Cip%2Cid%2Caitags%2Csource%2Crequiressl%2Cvprv%2Cmime%2Cns%2Cgir%2Cclen%2Cdur%2Clmt&lsparams=mh%2Cmm%2Cmn%2Cms%2Cmv%2Cmvi%2Cpl%2Cinitcwndbps&lsig=AG3C_xAwRQIgROOvF17yhks1r9gFQOYx7ZwtgbCp04LFr14TO-iExF0CIQC1U2J3P8sOK6GWJ_ncbL4wq39z0PWK1sJqyHrukz5BDw%3D%3D&sig=AOq0QJ8wRQIhAOFFszYZGhxW6C27Mp-MrpXlLtcKBDR9WsNv_SWtGJUKAiAMO8-7NuQKWHUKOLqcFzHDVwBh2AqI5vjwse2MgB7Daw==&ratebypass=yes", "player_url": "/s/player/4bc55fd6/player_ias.vflset/en_US/base.js", "ext": "mp4", "height": 240, "format_note": "240p", "vcodec": "avc1.4d4015", "asr": null, "filesize": 2796834, "fps": 24, "tbr": 164.927, "width": 426, "acodec": "none", "downloader_options": {"http_chunk_size": 10485760}, "format": "133 - 426x240 (240p)", "protocol": "https", "http_headers": {"User-Agent": "Mozilla/5.0 (Windows NT 10.0; Win64; x64) AppleWebKit/537.36 (KHTML, like Gecko) Chrome/73.0.3664.4 Safari/537.36", "Accept-Charset": "ISO-8859-1,utf-8;q=0.7,*;q=0.7", "Accept": "text/html,application/xhtml+xml,application/xml;q=0.9,*/*;q=0.8", "Accept-Encoding": "gzip, deflate", "Accept-Language": "en-us,en;q=0.5"}}, {"format_id": "242", "url": "https://r4---sn-5njj-u2xe.googlevideo.com/videoplayback?expire=1612426896&ei=MFobYOdNkaSKBuzAksgM&ip=140.109.135.76&id=o-AC-irBw2-vJHWY-wHrWUVwrRZ2CcVKo7NF5OrM6ZYSko&itag=242&aitags=133%2C134%2C135%2C136%2C137%2C160%2C242%2C243%2C244%2C247%2C248%2C278&source=youtube&requiressl=yes&mh=bd&mm=31%2C29&mn=sn-5njj-u2xe%2Csn-un57en7e&ms=au%2Crdu&mv=m&mvi=4&pl=16&initcwndbps=487500&vprv=1&mime=video%2Fwebm&ns=o4vhEFBSEuHLAh5SnRZDuIMF&gir=yes&clen=3530735&dur=221.804&lmt=1610056885504985&mt=1612404299&fvip=4&keepalive=yes&c=WEB&txp=5432434&n=RzYNlhtESt05zD4zr&sparams=expire%2Cei%2Cip%2Cid%2Caitags%2Csource%2Crequiressl%2Cvprv%2Cmime%2Cns%2Cgir%2Cclen%2Cdur%2Clmt&lsparams=mh%2Cmm%2Cmn%2Cms%2Cmv%2Cmvi%2Cpl%2Cinitcwndbps&lsig=AG3C_xAwRAIgU4iYWzt1uKiVrgPs00jAn8quhVJGhf2RPv5KGdE4WYsCIDe1t7Qdtmao61j3vval2ixsXI0tjg1olJVCA6qI6BUg&sig=AOq0QJ8wRQIgFejPmylFH7MGUSEfO4XJwIBHv2YUGXneYANvsA6HQpUCIQCCaLgQe9NBdYtx8FyzyDwoKwlT3YCRM1uIujcvWs7_Iw==&ratebypass=yes", "player_url": "/s/player/4bc55fd6/player_ias.vflset/en_US/base.js", "ext": "webm", "height": 240, "format_note": "240p", "vcodec": "vp9", "asr": null, "filesize": 3530735, "fps": 24, "tbr": 183.902, "width": 426, "acodec": "none", "downloader_options": {"http_chunk_size": 10485760}, "format": "242 - 426x240 (240p)", "protocol": "https", "http_headers": {"User-Agent": "Mozilla/5.0 (Windows NT 10.0; Win64; x64) AppleWebKit/537.36 (KHTML, like Gecko) Chrome/73.0.3664.4 Safari/537.36", "Accept-Charset": "ISO-8859-1,utf-8;q=0.7,*;q=0.7", "Accept": "text/html,application/xhtml+xml,application/xml;q=0.9,*/*;q=0.8", "Accept-Encoding": "gzip, deflate", "Accept-Language": "en-us,en;q=0.5"}}, {"format_id": "134", "url": "https://r4---sn-5njj-u2xe.googlevideo.com/videoplayback?expire=1612426896&ei=MFobYOdNkaSKBuzAksgM&ip=140.109.135.76&id=o-AC-irBw2-vJHWY-wHrWUVwrRZ2CcVKo7NF5OrM6ZYSko&itag=134&aitags=133%2C134%2C135%2C136%2C137%2C160%2C242%2C243%2C244%2C247%2C248%2C278&source=youtube&requiressl=yes&mh=bd&mm=31%2C29&mn=sn-5njj-u2xe%2Csn-un57en7e&ms=au%2Crdu&mv=m&mvi=4&pl=16&initcwndbps=487500&vprv=1&mime=video%2Fmp4&ns=o4vhEFBSEuHLAh5SnRZDuIMF&gir=yes&clen=5425870&dur=221.804&lmt=1610055707505053&mt=1612404299&fvip=4&keepalive=yes&c=WEB&txp=5432434&n=RzYNlhtESt05zD4zr&sparams=expire%2Cei%2Cip%2Cid%2Caitags%2Csource%2Crequiressl%2Cvprv%2Cmime%2Cns%2Cgir%2Cclen%2Cdur%2Clmt&lsparams=mh%2Cmm%2Cmn%2Cms%2Cmv%2Cmvi%2Cpl%2Cinitcwndbps&lsig=AG3C_xAwRQIgJ511136Z2Oa--KucHYrhBZimh6JMTASdpaO-rDZpJuICIQC7cMcsMlIesZIozwkc-ULicY1EilJLFwHUBjflJ22vsQ%3D%3D&sig=AOq0QJ8wRAIgMiOfTcB87Ds7eoaUhdMpPIoNTs4I-78N8PqFCq4sjTACIGgZTSfZ6xk_lKLopnKvhvpgduPtHLN6tDUdJtXL2xeG&ratebypass=yes", "player_url": "/s/player/4bc55fd6/player_ias.vflset/en_US/base.js", "ext": "mp4", "height": 360, "format_note": "360p", "vcodec": "avc1.4d401e", "asr": null, "filesize": 5425870, "fps": 24, "tbr": 285.968, "width": 640, "acodec": "none", "downloader_options": {"http_chunk_size": 10485760}, "format": "134 - 640x360 (360p)", "protocol": "https", "http_headers": {"User-Agent": "Mozilla/5.0 (Windows NT 10.0; Win64; x64) AppleWebKit/537.36 (KHTML, like Gecko) Chrome/73.0.3664.4 Safari/537.36", "Accept-Charset": "ISO-8859-1,utf-8;q=0.7,*;q=0.7", "Accept": "text/html,application/xhtml+xml,application/xml;q=0.9,*/*;q=0.8", "Accept-Encoding": "gzip, deflate", "Accept-Language": "en-us,en;q=0.5"}}, {"format_id": "243", "url": "https://r4---sn-5njj-u2xe.googlevideo.com/videoplayback?expire=1612426896&ei=MFobYOdNkaSKBuzAksgM&ip=140.109.135.76&id=o-AC-irBw2-vJHWY-wHrWUVwrRZ2CcVKo7NF5OrM6ZYSko&itag=243&aitags=133%2C134%2C135%2C136%2C137%2C160%2C242%2C243%2C244%2C247%2C248%2C278&source=youtube&requiressl=yes&mh=bd&mm=31%2C29&mn=sn-5njj-u2xe%2Csn-un57en7e&ms=au%2Crdu&mv=m&mvi=4&pl=16&initcwndbps=487500&vprv=1&mime=video%2Fwebm&ns=o4vhEFBSEuHLAh5SnRZDuIMF&gir=yes&clen=7124235&dur=221.804&lmt=1610056554986294&mt=1612404299&fvip=4&keepalive=yes&c=WEB&txp=5432434&n=RzYNlhtESt05zD4zr&sparams=expire%2Cei%2Cip%2Cid%2Caitags%2Csource%2Crequiressl%2Cvprv%2Cmime%2Cns%2Cgir%2Cclen%2Cdur%2Clmt&lsparams=mh%2Cmm%2Cmn%2Cms%2Cmv%2Cmvi%2Cpl%2Cinitcwndbps&lsig=AG3C_xAwRAIgTYGtSMtU5zxu8U_qXnSwVIhWmQG1bkEcE55Y7ElLQakCIE5VjT1sADghzz8kCI-gojwm6ZCZpNZ_ZDmFiC8o5w2q&sig=AOq0QJ8wRgIhAKIi8xR3dOYKeRUeSsGGPAFu5oyDhekHH4kwEIm_KAuVAiEAwwKYGVXSqNss0T9mOay2BT-EKnomFedmOiG0aT3iOwc=&ratebypass=yes", "player_url": "/s/player/4bc55fd6/player_ias.vflset/en_US/base.js", "ext": "webm", "height": 360, "format_note": "360p", "vcodec": "vp9", "asr": null, "filesize": 7124235, "fps": 24, "tbr": 379.721, "width": 640, "acodec": "none", "downloader_options": {"http_chunk_size": 10485760}, "format": "243 - 640x360 (360p)", "protocol": "https", "http_headers": {"User-Agent": "Mozilla/5.0 (Windows NT 10.0; Win64; x64) AppleWebKit/537.36 (KHTML, like Gecko) Chrome/73.0.3664.4 Safari/537.36", "Accept-Charset": "ISO-8859-1,utf-8;q=0.7,*;q=0.7", "Accept": "text/html,application/xhtml+xml,application/xml;q=0.9,*/*;q=0.8", "Accept-Encoding": "gzip, deflate", "Accept-Language": "en-us,en;q=0.5"}}, {"format_id": "135", "url": "https://r4---sn-5njj-u2xe.googlevideo.com/videoplayback?expire=1612426896&ei=MFobYOdNkaSKBuzAksgM&ip=140.109.135.76&id=o-AC-irBw2-vJHWY-wHrWUVwrRZ2CcVKo7NF5OrM6ZYSko&itag=135&aitags=133%2C134%2C135%2C136%2C137%2C160%2C242%2C243%2C244%2C247%2C248%2C278&source=youtube&requiressl=yes&mh=bd&mm=31%2C29&mn=sn-5njj-u2xe%2Csn-un57en7e&ms=au%2Crdu&mv=m&mvi=4&pl=16&initcwndbps=487500&vprv=1&mime=video%2Fmp4&ns=o4vhEFBSEuHLAh5SnRZDuIMF&gir=yes&clen=10550971&dur=221.804&lmt=1610056600209188&mt=1612404299&fvip=4&keepalive=yes&c=WEB&txp=5432434&n=RzYNlhtESt05zD4zr&sparams=expire%2Cei%2Cip%2Cid%2Caitags%2Csource%2Crequiressl%2Cvprv%2Cmime%2Cns%2Cgir%2Cclen%2Cdur%2Clmt&lsparams=mh%2Cmm%2Cmn%2Cms%2Cmv%2Cmvi%2Cpl%2Cinitcwndbps&lsig=AG3C_xAwRgIhAJx1d3TM4daKTYZUTT0e8o9PmJ7q2tqkP2gCxqKjt7e6AiEApiyv-V3vatifIX-pwaHGgcd8brRzk78CC8LyAF7gqjc%3D&sig=AOq0QJ8wRgIhAMS_1WzOQa4NtMgO3m2PVPIcCvCPtuY3DPBJjx-g7bjEAiEA26KYaDlaJQXTJQ6_m2riekRp78kiegyn-MbJs84fqV4=&ratebypass=yes", "player_url": "/s/player/4bc55fd6/player_ias.vflset/en_US/base.js", "ext": "mp4", "height": 480, "format_note": "480p", "vcodec": "avc1.4d401e", "asr": null, "filesize": 10550971, "fps": 24, "tbr": 539.783, "width": 854, "acodec": "none", "downloader_options": {"http_chunk_size": 10485760}, "format": "135 - 854x480 (480p)", "protocol": "https", "http_headers": {"User-Agent": "Mozilla/5.0 (Windows NT 10.0; Win64; x64) AppleWebKit/537.36 (KHTML, like Gecko) Chrome/73.0.3664.4 Safari/537.36", "Accept-Charset": "ISO-8859-1,utf-8;q=0.7,*;q=0.7", "Accept": "text/html,application/xhtml+xml,application/xml;q=0.9,*/*;q=0.8", "Accept-Encoding": "gzip, deflate", "Accept-Language": "en-us,en;q=0.5"}}, {"format_id": "244", "url": "https://r4---sn-5njj-u2xe.googlevideo.com/videoplayback?expire=1612426896&ei=MFobYOdNkaSKBuzAksgM&ip=140.109.135.76&id=o-AC-irBw2-vJHWY-wHrWUVwrRZ2CcVKo7NF5OrM6ZYSko&itag=244&aitags=133%2C134%2C135%2C136%2C137%2C160%2C242%2C243%2C244%2C247%2C248%2C278&source=youtube&requiressl=yes&mh=bd&mm=31%2C29&mn=sn-5njj-u2xe%2Csn-un57en7e&ms=au%2Crdu&mv=m&mvi=4&pl=16&initcwndbps=487500&vprv=1&mime=video%2Fwebm&ns=o4vhEFBSEuHLAh5SnRZDuIMF&gir=yes&clen=11708932&dur=221.804&lmt=1610056575634188&mt=1612404299&fvip=4&keepalive=yes&c=WEB&txp=5432434&n=RzYNlhtESt05zD4zr&sparams=expire%2Cei%2Cip%2Cid%2Caitags%2Csource%2Crequiressl%2Cvprv%2Cmime%2Cns%2Cgir%2Cclen%2Cdur%2Clmt&lsparams=mh%2Cmm%2Cmn%2Cms%2Cmv%2Cmvi%2Cpl%2Cinitcwndbps&lsig=AG3C_xAwRQIgAfRxcTca9cCPr62yS8g--uusFdt1F2TXYnBX0O430ZcCIQDMIxovNQyuhxWyDCtnLs7kuxdyhX8UWsOAIYj9W1jhgg%3D%3D&sig=AOq0QJ8wRQIhALU2ahKdAvoSs-tRzuiNVAy1hGO8s1Vn6xyiDMFXWBbYAiBLE7TS0YGnE2-EQt-UL9yM2vr8uElv1wOimpVYum58wA==&ratebypass=yes", "player_url": "/s/player/4bc55fd6/player_ias.vflset/en_US/base.js", "ext": "webm", "height": 480, "format_note": "480p", "vcodec": "vp9", "asr": null, "filesize": 11708932, "fps": 24, "tbr": 658.794, "width": 854, "acodec": "none", "downloader_options": {"http_chunk_size": 10485760}, "format": "244 - 854x480 (480p)", "protocol": "https", "http_headers": {"User-Agent": "Mozilla/5.0 (Windows NT 10.0; Win64; x64) AppleWebKit/537.36 (KHTML, like Gecko) Chrome/73.0.3664.4 Safari/537.36", "Accept-Charset": "ISO-8859-1,utf-8;q=0.7,*;q=0.7", "Accept": "text/html,application/xhtml+xml,application/xml;q=0.9,*/*;q=0.8", "Accept-Encoding": "gzip, deflate", "Accept-Language": "en-us,en;q=0.5"}}, {"format_id": "136", "url": "https://r4---sn-5njj-u2xe.googlevideo.com/videoplayback?expire=1612426896&ei=MFobYOdNkaSKBuzAksgM&ip=140.109.135.76&id=o-AC-irBw2-vJHWY-wHrWUVwrRZ2CcVKo7NF5OrM6ZYSko&itag=136&aitags=133%2C134%2C135%2C136%2C137%2C160%2C242%2C243%2C244%2C247%2C248%2C278&source=youtube&requiressl=yes&mh=bd&mm=31%2C29&mn=sn-5njj-u2xe%2Csn-un57en7e&ms=au%2Crdu&mv=m&mvi=4&pl=16&initcwndbps=487500&vprv=1&mime=video%2Fmp4&ns=o4vhEFBSEuHLAh5SnRZDuIMF&gir=yes&clen=19114493&dur=221.804&lmt=1610056569037727&mt=1612404299&fvip=4&keepalive=yes&c=WEB&txp=5432434&n=RzYNlhtESt05zD4zr&sparams=expire%2Cei%2Cip%2Cid%2Caitags%2Csource%2Crequiressl%2Cvprv%2Cmime%2Cns%2Cgir%2Cclen%2Cdur%2Clmt&lsparams=mh%2Cmm%2Cmn%2Cms%2Cmv%2Cmvi%2Cpl%2Cinitcwndbps&lsig=AG3C_xAwRgIhAM_i_X6YxTAxCyr1uwV9NWON3MKQxEyVxUdqkaGv7qpHAiEAnecfYXl4j5bIZ4SikoYlYvp-5_oQ0oveDbxEc8AM12E%3D&sig=AOq0QJ8wRgIhANDb_z_VbBPDMHRZJNTNSFB5c2rn3cycm3iILtWZrsHsAiEA8VCciaM-oo5c-adlcxZqrsayUNaGWHCAAu6hbumCq7Q=&ratebypass=yes", "player_url": "/s/player/4bc55fd6/player_ias.vflset/en_US/base.js", "ext": "mp4", "height": 720, "format_note": "720p", "vcodec": "avc1.4d401f", "asr": null, "filesize": 19114493, "fps": 24, "tbr": 1046.576, "width": 1280, "acodec": "none", "downloader_options": {"http_chunk_size": 10485760}, "format": "136 - 1280x720 (720p)", "protocol": "https", "http_headers": {"User-Agent": "Mozilla/5.0 (Windows NT 10.0; Win64; x64) AppleWebKit/537.36 (KHTML, like Gecko) Chrome/73.0.3664.4 Safari/537.36", "Accept-Charset": "ISO-8859-1,utf-8;q=0.7,*;q=0.7", "Accept": "text/html,application/xhtml+xml,application/xml;q=0.9,*/*;q=0.8", "Accept-Encoding": "gzip, deflate", "Accept-Language": "en-us,en;q=0.5"}}, {"format_id": "247", "url": "https://r4---sn-5njj-u2xe.googlevideo.com/videoplayback?expire=1612426896&ei=MFobYOdNkaSKBuzAksgM&ip=140.109.135.76&id=o-AC-irBw2-vJHWY-wHrWUVwrRZ2CcVKo7NF5OrM6ZYSko&itag=247&aitags=133%2C134%2C135%2C136%2C137%2C160%2C242%2C243%2C244%2C247%2C248%2C278&source=youtube&requiressl=yes&mh=bd&mm=31%2C29&mn=sn-5njj-u2xe%2Csn-un57en7e&ms=au%2Crdu&mv=m&mvi=4&pl=16&initcwndbps=487500&vprv=1&mime=video%2Fwebm&ns=o4vhEFBSEuHLAh5SnRZDuIMF&gir=yes&clen=20416773&dur=221.804&lmt=1610056578578048&mt=1612404299&fvip=4&keepalive=yes&c=WEB&txp=5432434&n=RzYNlhtESt05zD4zr&sparams=expire%2Cei%2Cip%2Cid%2Caitags%2Csource%2Crequiressl%2Cvprv%2Cmime%2Cns%2Cgir%2Cclen%2Cdur%2Clmt&lsparams=mh%2Cmm%2Cmn%2Cms%2Cmv%2Cmvi%2Cpl%2Cinitcwndbps&lsig=AG3C_xAwRQIgFfZMjp9YJulVyA3YdjyscBPO7wYoOOuNKjP9CSFkRUgCIQD9pbQm1HBNSvZx6h6Bw7obi7uH_AxzGFkel3q3PdJznQ%3D%3D&sig=AOq0QJ8wRQIgT2G0wmNZMTJrC_N3YOnPvyf3gbhIAKw274X7Wo_VjT8CIQCkxWc0X0-4VdiQnBJUycZaFXKnGuYRll0lf8VklHFjQA==&ratebypass=yes", "player_url": "/s/player/4bc55fd6/player_ias.vflset/en_US/base.js", "ext": "webm", "height": 720, "format_note": "720p", "vcodec": "vp9", "asr": null, "filesize": 20416773, "fps": 24, "tbr": 1177.251, "width": 1280, "acodec": "none", "downloader_options": {"http_chunk_size": 10485760}, "format": "247 - 1280x720 (720p)", "protocol": "https", "http_headers": {"User-Agent": "Mozilla/5.0 (Windows NT 10.0; Win64; x64) AppleWebKit/537.36 (KHTML, like Gecko) Chrome/73.0.3664.4 Safari/537.36", "Accept-Charset": "ISO-8859-1,utf-8;q=0.7,*;q=0.7", "Accept": "text/html,application/xhtml+xml,application/xml;q=0.9,*/*;q=0.8", "Accept-Encoding": "gzip, deflate", "Accept-Language": "en-us,en;q=0.5"}}, {"format_id": "248", "url": "https://r4---sn-5njj-u2xe.googlevideo.com/videoplayback?expire=1612426896&ei=MFobYOdNkaSKBuzAksgM&ip=140.109.135.76&id=o-AC-irBw2-vJHWY-wHrWUVwrRZ2CcVKo7NF5OrM6ZYSko&itag=248&aitags=133%2C134%2C135%2C136%2C137%2C160%2C242%2C243%2C244%2C247%2C248%2C278&source=youtube&requiressl=yes&mh=bd&mm=31%2C29&mn=sn-5njj-u2xe%2Csn-un57en7e&ms=au%2Crdu&mv=m&mvi=4&pl=16&initcwndbps=487500&vprv=1&mime=video%2Fwebm&ns=o4vhEFBSEuHLAh5SnRZDuIMF&gir=yes&clen=34565471&dur=221.804&lmt=1610056884878438&mt=1612404299&fvip=4&keepalive=yes&c=WEB&txp=5432434&n=RzYNlhtESt05zD4zr&sparams=expire%2Cei%2Cip%2Cid%2Caitags%2Csource%2Crequiressl%2Cvprv%2Cmime%2Cns%2Cgir%2Cclen%2Cdur%2Clmt&lsparams=mh%2Cmm%2Cmn%2Cms%2Cmv%2Cmvi%2Cpl%2Cinitcwndbps&lsig=AG3C_xAwRgIhAJUXyh11TFauaSmEVqmY6Kinhj_E1MXYMomkmNnoCDVZAiEA-2NEcpo54gk9vTX-w9jiwt_vw7k6-4p2SE-bZfGLGwA%3D&sig=AOq0QJ8wRAIgXo3s68pUg_ssKj1dSqC-Orgq54pdl3_YXbVl1XjbTFwCIGPdUzF9PPK3I0DKcCWKU-9XVySPp5rDpgLGWySt3Q_E&ratebypass=yes", "player_url": "/s/player/4bc55fd6/player_ias.vflset/en_US/base.js", "ext": "webm", "height": 1080, "format_note": "1080p", "vcodec": "vp9", "asr": null, "filesize": 34565471, "fps": 24, "tbr": 1999.352, "width": 1920, "acodec": "none", "downloader_options": {"http_chunk_size": 10485760}, "format": "248 - 1920x1080 (1080p)", "protocol": "https", "http_headers": {"User-Agent": "Mozilla/5.0 (Windows NT 10.0; Win64; x64) AppleWebKit/537.36 (KHTML, like Gecko) Chrome/73.0.3664.4 Safari/537.36", "Accept-Charset": "ISO-8859-1,utf-8;q=0.7,*;q=0.7", "Accept": "text/html,application/xhtml+xml,application/xml;q=0.9,*/*;q=0.8", "Accept-Encoding": "gzip, deflate", "Accept-Language": "en-us,en;q=0.5"}}, {"format_id": "137", "url": "https://r4---sn-5njj-u2xe.googlevideo.com/videoplayback?expire=1612426896&ei=MFobYOdNkaSKBuzAksgM&ip=140.109.135.76&id=o-AC-irBw2-vJHWY-wHrWUVwrRZ2CcVKo7NF5OrM6ZYSko&itag=137&aitags=133%2C134%2C135%2C136%2C137%2C160%2C242%2C243%2C244%2C247%2C248%2C278&source=youtube&requiressl=yes&mh=bd&mm=31%2C29&mn=sn-5njj-u2xe%2Csn-un57en7e&ms=au%2Crdu&mv=m&mvi=4&pl=16&initcwndbps=487500&vprv=1&mime=video%2Fmp4&ns=o4vhEFBSEuHLAh5SnRZDuIMF&gir=yes&clen=42867699&dur=221.804&lmt=1610056164438224&mt=1612404299&fvip=4&keepalive=yes&c=WEB&txp=5432434&n=RzYNlhtESt05zD4zr&sparams=expire%2Cei%2Cip%2Cid%2Caitags%2Csource%2Crequiressl%2Cvprv%2Cmime%2Cns%2Cgir%2Cclen%2Cdur%2Clmt&lsparams=mh%2Cmm%2Cmn%2Cms%2Cmv%2Cmvi%2Cpl%2Cinitcwndbps&lsig=AG3C_xAwRQIhANNwmzMQm0NL_ZXqWELgG8GuPiKlInUHYikfyAJvFONgAiAoZiKp0SOhKy-sNYn9zoG1WE0bXMCcD3sl6aptZY2v2w%3D%3D&sig=AOq0QJ8wRAIgaXJDWSAGNjAi4J7aE7Toqhg0YTcw5ZXikvBBVJQJlDwCIFiPz4mZwG7nSu_zKTFHjDUt0MeZxwZXcWiQpibtPj_O&ratebypass=yes", "player_url": "/s/player/4bc55fd6/player_ias.vflset/en_US/base.js", "ext": "mp4", "height": 1080, "format_note": "1080p", "vcodec": "avc1.640028", "asr": null, "filesize": 42867699, "fps": 24, "tbr": 2311.032, "width": 1920, "acodec": "none", "downloader_options": {"http_chunk_size": 10485760}, "format": "137 - 1920x1080 (1080p)", "protocol": "https", "http_headers": {"User-Agent": "Mozilla/5.0 (Windows NT 10.0; Win64; x64) AppleWebKit/537.36 (KHTML, like Gecko) Chrome/73.0.3664.4 Safari/537.36", "Accept-Charset": "ISO-8859-1,utf-8;q=0.7,*;q=0.7", "Accept": "text/html,application/xhtml+xml,application/xml;q=0.9,*/*;q=0.8", "Accept-Encoding": "gzip, deflate", "Accept-Language": "en-us,en;q=0.5"}}, {"format_id": "18", "url": "https://r4---sn-5njj-u2xe.googlevideo.com/videoplayback?expire=1612426896&ei=MFobYOdNkaSKBuzAksgM&ip=140.109.135.76&id=o-AC-irBw2-vJHWY-wHrWUVwrRZ2CcVKo7NF5OrM6ZYSko&itag=18&source=youtube&requiressl=yes&mh=bd&mm=31%2C29&mn=sn-5njj-u2xe%2Csn-un57en7e&ms=au%2Crdu&mv=m&mvi=4&pl=16&initcwndbps=487500&vprv=1&mime=video%2Fmp4&ns=TwGEaEWClpDdY2LOD3LN-jgF&gir=yes&clen=14685072&ratebypass=yes&dur=221.866&lmt=1610056743718118&mt=1612404299&fvip=4&c=WEB&txp=5430434&n=_8O30Y8o-jfptbRAQ&sparams=expire%2Cei%2Cip%2Cid%2Citag%2Csource%2Crequiressl%2Cvprv%2Cmime%2Cns%2Cgir%2Cclen%2Cratebypass%2Cdur%2Clmt&lsparams=mh%2Cmm%2Cmn%2Cms%2Cmv%2Cmvi%2Cpl%2Cinitcwndbps&lsig=AG3C_xAwRgIhANQ_BWl_zVti-KTaE-MxofYoi_AncBJDtVEsmj_KJc3MAiEA1I0i_EnGgsipqtqsDRqMwcOS6VU_lP6wRXAfHq8vf8A%3D&sig=AOq0QJ8wRQIhAI0T6fFHSp5Or3xqwcFD2NgYzmnWNl07StbwCRagLwy8AiABaHK4gTL4ndiexXrwBIjEDuoSkVSkWPY2DFkPQ0FREw==", "player_url": "/s/player/4bc55fd6/player_ias.vflset/en_US/base.js", "ext": "mp4", "width": 640, "height": 360, "acodec": "mp4a.40.2", "abr": 96, "vcodec": "avc1.42001E", "asr": 44100, "filesize": 14685072, "format_note": "360p", "fps": 24, "tbr": 529.659, "format": "18 - 640x360 (360p)", "protocol": "https", "http_headers": {"User-Agent": "Mozilla/5.0 (Windows NT 10.0; Win64; x64) AppleWebKit/537.36 (KHTML, like Gecko) Chrome/73.0.3664.4 Safari/537.36", "Accept-Charset": "ISO-8859-1,utf-8;q=0.7,*;q=0.7", "Accept": "text/html,application/xhtml+xml,application/xml;q=0.9,*/*;q=0.8", "Accept-Encoding": "gzip, deflate", "Accept-Language": "en-us,en;q=0.5"}}], "is_live": null, "start_time": null, "end_time": null, "series": null, "season_number": null, "episode_number": null, "track": null, "artist": null, "album": null, "release_date": null, "release_year": null, "extractor": "youtube", "webpage_url_basename": "watch", "extractor_key": "Youtube", "playlist": null, "playlist_index": null, "thumbnail": "https://i.ytimg.com/vi_webp/n_JMALhPSSQ/maxresdefault.webp", "display_id": "n_JMALhPSSQ", "requested_subtitles": null, "format_id": "251", "url": "https://r4---sn-5njj-u2xe.googlevideo.com/videoplayback?expire=1612426896&ei=MFobYOdNkaSKBuzAksgM&ip=140.109.135.76&id=o-AC-irBw2-vJHWY-wHrWUVwrRZ2CcVKo7NF5OrM6ZYSko&itag=251&source=youtube&requiressl=yes&mh=bd&mm=31%2C29&mn=sn-5njj-u2xe%2Csn-un57en7e&ms=au%2Crdu&mv=m&mvi=4&pl=16&initcwndbps=487500&vprv=1&mime=audio%2Fwebm&ns=o4vhEFBSEuHLAh5SnRZDuIMF&gir=yes&clen=3933770&dur=221.841&lmt=1610036914774335&mt=1612404299&fvip=4&keepalive=yes&c=WEB&txp=5432434&n=RzYNlhtESt05zD4zr&sparams=expire%2Cei%2Cip%2Cid%2Citag%2Csource%2Crequiressl%2Cvprv%2Cmime%2Cns%2Cgir%2Cclen%2Cdur%2Clmt&lsparams=mh%2Cmm%2Cmn%2Cms%2Cmv%2Cmvi%2Cpl%2Cinitcwndbps&lsig=AG3C_xAwRQIhAOnCFnigYajedv7FqqUwVLn4-e6J3seg6WvsYgHg0ltOAiBwjg3TXTmFclvSL9XJnszGkuSSUTgg_T1dlZhTsIHlFw%3D%3D&sig=AOq0QJ8wRQIhAO7Z4HPXq5PqeYDrtX7GjFtR1GXVSEfoKN6GjMiM1dgEAiAPk00ZeQHEpFWNRbyHV3Zm5ARue5BP_z-JYKTQJgdaUA==&ratebypass=yes", "player_url": "/s/player/4bc55fd6/player_ias.vflset/en_US/base.js", "ext": "webm", "format_note": "tiny", "acodec": "opus", "abr": 160, "asr": 48000, "filesize": 3933770, "fps": null, "height": null, "tbr": 158.148, "width": null, "vcodec": "none", "downloader_options": {"http_chunk_size": 10485760}, "format": "251 - audio only (tiny)", "protocol": "https", "http_headers": {"User-Agent": "Mozilla/5.0 (Windows NT 10.0; Win64; x64) AppleWebKit/537.36 (KHTML, like Gecko) Chrome/73.0.3664.4 Safari/537.36", "Accept-Charset": "ISO-8859-1,utf-8;q=0.7,*;q=0.7", "Accept": "text/html,application/xhtml+xml,application/xml;q=0.9,*/*;q=0.8", "Accept-Encoding": "gzip, deflate", "Accept-Language": "en-us,en;q=0.5"}}