{"id": "OCqMDeD6Fmc", "uploader": "Patrik Pietschmann", "uploader_id": "UCs7O9sOUQiBGBxaaAguIwig", "uploader_url": "http://www.youtube.com/channel/UCs7O9sOUQiBGBxaaAguIwig", "channel_id": "UCs7O9sOUQiBGBxaaAguIwig", "channel_url": "http://www.youtube.com/channel/UCs7O9sOUQiBGBxaaAguIwig", "upload_date": "20180810", "license": null, "creator": null, "title": "Light of the Seven - Game of Thrones (Piano Version)", "alt_title": null, "thumbnails": [{"url": "https://i.ytimg.com/vi/OCqMDeD6Fmc/hqdefault.jpg?sqp=-oaymwEbCKgBEF5IVfKriqkDDggBFQAAiEIYAXABwAEG&rs=AOn4CLAjUxEDo1RzRro24NybMigeFEextw", "width": 168, "height": 94, "resolution": "168x94", "id": "0"}, {"url": "https://i.ytimg.com/vi/OCqMDeD6Fmc/hqdefault.jpg?sqp=-oaymwEbCMQBEG5IVfKriqkDDggBFQAAiEIYAXABwAEG&rs=AOn4CLCkQlobNEciKQwAMYbqJIhdqz3mnQ", "width": 196, "height": 110, "resolution": "196x110", "id": "1"}, {"url": "https://i.ytimg.com/vi/OCqMDeD6Fmc/hqdefault.jpg?sqp=-oaymwEcCPYBEIoBSFXyq4qpAw4IARUAAIhCGAFwAcABBg==&rs=AOn4CLBmrQzC1jrLjPwS8xB580G2piNZ0g", "width": 246, "height": 138, "resolution": "246x138", "id": "2"}, {"url": "https://i.ytimg.com/vi/OCqMDeD6Fmc/hqdefault.jpg?sqp=-oaymwEcCNACELwBSFXyq4qpAw4IARUAAIhCGAFwAcABBg==&rs=AOn4CLBqJD3HcTP-iwnu38pPaPI6wfKuoQ", "width": 336, "height": 188, "resolution": "336x188", "id": "3"}, {"url": "https://i.ytimg.com/vi_webp/OCqMDeD6Fmc/maxresdefault.webp", "width": 1920, "height": 1080, "resolution": "1920x1080", "id": "4"}], "description": "\ud83c\udfa7 Stream/Download \u25ba https://lnk.to/1dfhdz\n\ud83c\udfb5 Sheet Music \u25ba https://mnot.es/2AZXFku\n\ud83c\udfb9 Learn piano with flowkey \u25ba http://tinyurl.com/patrik-flowkey\n\ud83d\udc4d Support my work on Patreon \u25ba https://www.patreon.com/PatrikPietschmann\n\n\ud83c\udfa7All My Music is Available Here \ud83c\udfa7\n\u25ba iTunes: https://smarturl.it/PP_iTunes\n\u25ba Amazon: https://smarturl.it/PP_Amazon\n\u25ba Google: https://smarturl.it/PP_GooglePlay\n\u25ba Spotify: https://smarturl.it/PP_Spotify\n\u25ba Deezer: https://smarturl.it/PP_Deezer\n\u25ba Tidal: https://smarturl.it/PP_Tidal\n\nWhat I Use to Make Music & Videos!\n\ud83c\udfb9 Piano: https://smarturl.it/YamahaP-45_Amazon\n\ud83d\udcf9 Camera: https://smarturl.it/LumixG7_Amazon\n\nLight of the Seven - Game of Thrones (Piano Version)\nPiano Version by Patrik Pietschmann\n\nOn multiple request, I have dedicated myself to the very popular piece \"Light of the Seven\" from the \"Game of Thrones (Season 6)\" soundtrack. It was composed by Ramin Djawadi. I particularly like the slightly dissonant sound, which gives the music a very mystical and dramatic character. The original track is almost 10 minutes long. Since some repeated sections in the original piece only vary slightly and some Fermata are held very long, I have decided to compress the piece a bit.\n\nAny suggestions for future arrangements? Please leave them in the comments.", "categories": ["Music"], "tags": ["Light of the Seven", "Game of Thrones", "Soundtrack", "Piano", "Ramin Djawadi", "Piano Version", "Sheet Music", "Patrik Pietschmann", "Cover"], "subtitles": {}, "automatic_captions": {}, "duration": 393, "age_limit": 0, "annotations": null, "chapters": null, "webpage_url": "https://www.youtube.com/watch?v=OCqMDeD6Fmc", "view_count": 7541053, "like_count": 128816, "dislike_count": 1186, "average_rating": 4.9635081, "formats": [{"format_id": "249", "url": "https://r2---sn-5njj-u2xe.googlevideo.com/videoplayback?expire=1613489873&ei=cZIrYPGJDsKsigavkZiQCQ&ip=140.109.135.76&id=o-ABRDPOnWJqnuHXv6hGG1e0-gQwV3tKAHBsRZYdSI2zXt&itag=249&source=youtube&requiressl=yes&mh=y8&mm=31%2C29&mn=sn-5njj-u2xe%2Csn-un57en7l&ms=au%2Crdu&mv=m&mvi=2&pl=16&initcwndbps=690000&vprv=1&mime=audio%2Fwebm&ns=fxA_KCudOUG4ixmrWNYfao8F&gir=yes&clen=2863609&dur=393.061&lmt=1575189700525474&mt=1613468214&fvip=2&keepalive=yes&c=WEB&txp=5531432&n=euzWqeTiZohziJOhK7&sparams=expire%2Cei%2Cip%2Cid%2Citag%2Csource%2Crequiressl%2Cvprv%2Cmime%2Cns%2Cgir%2Cclen%2Cdur%2Clmt&lsparams=mh%2Cmm%2Cmn%2Cms%2Cmv%2Cmvi%2Cpl%2Cinitcwndbps&lsig=AG3C_xAwRQIhANYsqX-bMFqXdq0h8w1ytFR0eQyVEXo3Hs7VA0n6vuJtAiAf1FssVZRplPL-OmiXarXBpXwIpdaoqepFPwkN1JJvBQ%3D%3D&sig=AOq0QJ8wRAIgagMROkim0kKM7WuQWxVUauaIcfVQ32GPYKAKA5BdnmcCIBowNYo3wpWKjHz1P23WcLx2wHNpfYEwWVczJg55Td-Y&ratebypass=yes", "player_url": "/s/player/490079fb/player_ias.vflset/en_US/base.js", "ext": "webm", "format_note": "tiny", "acodec": "opus", "abr": 50, "asr": 48000, "filesize": 2863609, "fps": null, "height": null, "tbr": 69.819, "width": null, "vcodec": "none", "downloader_options": {"http_chunk_size": 10485760}, "format": "249 - audio only (tiny)", "protocol": "https", "http_headers": {"User-Agent": "Mozilla/5.0 (Windows NT 10.0; Win64; x64) AppleWebKit/537.36 (KHTML, like Gecko) Chrome/72.0.3609.1 Safari/537.36", "Accept-Charset": "ISO-8859-1,utf-8;q=0.7,*;q=0.7", "Accept": "text/html,application/xhtml+xml,application/xml;q=0.9,*/*;q=0.8", "Accept-Encoding": "gzip, deflate", "Accept-Language": "en-us,en;q=0.5"}}, {"format_id": "250", "url": "https://r2---sn-5njj-u2xe.googlevideo.com/videoplayback?expire=1613489873&ei=cZIrYPGJDsKsigavkZiQCQ&ip=140.109.135.76&id=o-ABRDPOnWJqnuHXv6hGG1e0-gQwV3tKAHBsRZYdSI2zXt&itag=250&source=youtube&requiressl=yes&mh=y8&mm=31%2C29&mn=sn-5njj-u2xe%2Csn-un57en7l&ms=au%2Crdu&mv=m&mvi=2&pl=16&initcwndbps=690000&vprv=1&mime=audio%2Fwebm&ns=fxA_KCudOUG4ixmrWNYfao8F&gir=yes&clen=3821598&dur=393.061&lmt=1575189700333842&mt=1613468214&fvip=2&keepalive=yes&c=WEB&txp=5531432&n=euzWqeTiZohziJOhK7&sparams=expire%2Cei%2Cip%2Cid%2Citag%2Csource%2Crequiressl%2Cvprv%2Cmime%2Cns%2Cgir%2Cclen%2Cdur%2Clmt&lsparams=mh%2Cmm%2Cmn%2Cms%2Cmv%2Cmvi%2Cpl%2Cinitcwndbps&lsig=AG3C_xAwRAIgU6zl-R86RiCWB__DnG2B4aVwyu1efcXQi1PGf4c0mkoCIFY31wvLJ8-1ghdT1LglsuHWboR96Bljp-6XDsaAeqxG&sig=AOq0QJ8wRgIhANrwB7pC6eodQgutxY07FfhZkV3zWRE8F5_gNVl-U5tjAiEAn4v5BxsUwzJpgmYCkUeqk0vqIhA6mDcEjA-oFYzGbH4=&ratebypass=yes", "player_url": "/s/player/490079fb/player_ias.vflset/en_US/base.js", "ext": "webm", "format_note": "tiny", "acodec": "opus", "abr": 70, "asr": 48000, "filesize": 3821598, "fps": null, "height": null, "tbr": 91.641, "width": null, "vcodec": "none", "downloader_options": {"http_chunk_size": 10485760}, "format": "250 - audio only (tiny)", "protocol": "https", "http_headers": {"User-Agent": "Mozilla/5.0 (Windows NT 10.0; Win64; x64) AppleWebKit/537.36 (KHTML, like Gecko) Chrome/72.0.3609.1 Safari/537.36", "Accept-Charset": "ISO-8859-1,utf-8;q=0.7,*;q=0.7", "Accept": "text/html,application/xhtml+xml,application/xml;q=0.9,*/*;q=0.8", "Accept-Encoding": "gzip, deflate", "Accept-Language": "en-us,en;q=0.5"}}, {"format_id": "140", "url": "https://r2---sn-5njj-u2xe.googlevideo.com/videoplayback?expire=1613489873&ei=cZIrYPGJDsKsigavkZiQCQ&ip=140.109.135.76&id=o-ABRDPOnWJqnuHXv6hGG1e0-gQwV3tKAHBsRZYdSI2zXt&itag=140&source=youtube&requiressl=yes&mh=y8&mm=31%2C29&mn=sn-5njj-u2xe%2Csn-un57en7l&ms=au%2Crdu&mv=m&mvi=2&pl=16&initcwndbps=690000&vprv=1&mime=audio%2Fmp4&ns=fxA_KCudOUG4ixmrWNYfao8F&gir=yes&clen=6362469&dur=393.090&lmt=1575189700310286&mt=1613468214&fvip=2&keepalive=yes&c=WEB&txp=5531432&n=euzWqeTiZohziJOhK7&sparams=expire%2Cei%2Cip%2Cid%2Citag%2Csource%2Crequiressl%2Cvprv%2Cmime%2Cns%2Cgir%2Cclen%2Cdur%2Clmt&lsparams=mh%2Cmm%2Cmn%2Cms%2Cmv%2Cmvi%2Cpl%2Cinitcwndbps&lsig=AG3C_xAwRQIgcxLCRhNfY0wANd43XW9Y6TYkY3CbptvULUxEs1TXHPgCIQD3hwJKC8sMk4y_0HIZKBUo1SVVSeYM25UIcRyFcd6TvQ%3D%3D&sig=AOq0QJ8wRQIgeaE2rGrQ8ZpI8q0USxzg2VkhHY6nt_zCdRdscrAOCQoCIQCiJSBGVB3N6yW74ZeLBSU3SHyjp5oTx0_K6aKHX1g2gA==&ratebypass=yes", "player_url": "/s/player/490079fb/player_ias.vflset/en_US/base.js", "ext": "m4a", "format_note": "tiny", "acodec": "mp4a.40.2", "abr": 128, "container": "m4a_dash", "asr": 44100, "filesize": 6362469, "fps": null, "height": null, "tbr": 130.705, "width": null, "vcodec": "none", "downloader_options": {"http_chunk_size": 10485760}, "format": "140 - audio only (tiny)", "protocol": "https", "http_headers": {"User-Agent": "Mozilla/5.0 (Windows NT 10.0; Win64; x64) AppleWebKit/537.36 (KHTML, like Gecko) Chrome/72.0.3609.1 Safari/537.36", "Accept-Charset": "ISO-8859-1,utf-8;q=0.7,*;q=0.7", "Accept": "text/html,application/xhtml+xml,application/xml;q=0.9,*/*;q=0.8", "Accept-Encoding": "gzip, deflate", "Accept-Language": "en-us,en;q=0.5"}}, {"format_id": "251", "url": "https://r2---sn-5njj-u2xe.googlevideo.com/videoplayback?expire=1613489873&ei=cZIrYPGJDsKsigavkZiQCQ&ip=140.109.135.76&id=o-ABRDPOnWJqnuHXv6hGG1e0-gQwV3tKAHBsRZYdSI2zXt&itag=251&source=youtube&requiressl=yes&mh=y8&mm=31%2C29&mn=sn-5njj-u2xe%2Csn-un57en7l&ms=au%2Crdu&mv=m&mvi=2&pl=16&initcwndbps=690000&vprv=1&mime=audio%2Fwebm&ns=fxA_KCudOUG4ixmrWNYfao8F&gir=yes&clen=7384893&dur=393.061&lmt=1575189700309596&mt=1613468214&fvip=2&keepalive=yes&c=WEB&txp=5531432&n=euzWqeTiZohziJOhK7&sparams=expire%2Cei%2Cip%2Cid%2Citag%2Csource%2Crequiressl%2Cvprv%2Cmime%2Cns%2Cgir%2Cclen%2Cdur%2Clmt&lsparams=mh%2Cmm%2Cmn%2Cms%2Cmv%2Cmvi%2Cpl%2Cinitcwndbps&lsig=AG3C_xAwRAIgPXAbylnQRaqCmAK0e07DfiOqc4L6HUrCJ9VeM551WC8CIBaRnIkJqW4hMjCk26Id5uHRxTjGxAXTekoS5817w8ka&sig=AOq0QJ8wRQIgVYh_nmWjAmnGLKysqXIUBnKwhZzWEiL5Oo2VuFWasn8CIQCLfuerPs8-EiZBHnCNGZ_NBTURtvgbVVcqhSHkCuvuHA==&ratebypass=yes", "player_url": "/s/player/490079fb/player_ias.vflset/en_US/base.js", "ext": "webm", "format_note": "tiny", "acodec": "opus", "abr": 160, "asr": 48000, "filesize": 7384893, "fps": null, "height": null, "tbr": 168.841, "width": null, "vcodec": "none", "downloader_options": {"http_chunk_size": 10485760}, "format": "251 - audio only (tiny)", "protocol": "https", "http_headers": {"User-Agent": "Mozilla/5.0 (Windows NT 10.0; Win64; x64) AppleWebKit/537.36 (KHTML, like Gecko) Chrome/72.0.3609.1 Safari/537.36", "Accept-Charset": "ISO-8859-1,utf-8;q=0.7,*;q=0.7", "Accept": "text/html,application/xhtml+xml,application/xml;q=0.9,*/*;q=0.8", "Accept-Encoding": "gzip, deflate", "Accept-Language": "en-us,en;q=0.5"}}, {"format_id": "394", "url": "https://r2---sn-5njj-u2xe.googlevideo.com/videoplayback?expire=1613489873&ei=cZIrYPGJDsKsigavkZiQCQ&ip=140.109.135.76&id=o-ABRDPOnWJqnuHXv6hGG1e0-gQwV3tKAHBsRZYdSI2zXt&itag=394&aitags=133%2C134%2C135%2C136%2C137%2C160%2C242%2C243%2C244%2C247%2C248%2C278%2C394%2C395%2C396%2C397%2C398%2C399&source=youtube&requiressl=yes&mh=y8&mm=31%2C29&mn=sn-5njj-u2xe%2Csn-un57en7l&ms=au%2Crdu&mv=m&mvi=2&pl=16&initcwndbps=690000&vprv=1&mime=video%2Fmp4&ns=fxA_KCudOUG4ixmrWNYfao8F&gir=yes&clen=3011617&dur=393.040&lmt=1588398335421755&mt=1613468214&fvip=2&keepalive=yes&c=WEB&txp=5531432&n=euzWqeTiZohziJOhK7&sparams=expire%2Cei%2Cip%2Cid%2Caitags%2Csource%2Crequiressl%2Cvprv%2Cmime%2Cns%2Cgir%2Cclen%2Cdur%2Clmt&lsparams=mh%2Cmm%2Cmn%2Cms%2Cmv%2Cmvi%2Cpl%2Cinitcwndbps&lsig=AG3C_xAwRQIhAMuDe_GkMpMwRKBSNDvzNOhzLFBJ0N-DBgnfB48y5rOPAiBxmSqQ7CmVg0iY4uJK0HyDejChMLrCpbLIEpuPoPy4Zw%3D%3D&sig=AOq0QJ8wRQIgH3dcL9fVZgnCndPeWwDVUYRHoAmj2okidNtPAHtkJJoCIQDlxwkTOMBDVTsKEFsPvBJtcujzIB2FiILOcI3Fi3819w==&ratebypass=yes", "player_url": "/s/player/490079fb/player_ias.vflset/en_US/base.js", "acodec": "none", "vcodec": "av01.0.00M.08", "asr": null, "filesize": 3011617, "format_note": "144p", "fps": 25, "height": 144, "tbr": 67.003, "width": 256, "ext": "mp4", "downloader_options": {"http_chunk_size": 10485760}, "format": "394 - 256x144 (144p)", "protocol": "https", "http_headers": {"User-Agent": "Mozilla/5.0 (Windows NT 10.0; Win64; x64) AppleWebKit/537.36 (KHTML, like Gecko) Chrome/72.0.3609.1 Safari/537.36", "Accept-Charset": "ISO-8859-1,utf-8;q=0.7,*;q=0.7", "Accept": "text/html,application/xhtml+xml,application/xml;q=0.9,*/*;q=0.8", "Accept-Encoding": "gzip, deflate", "Accept-Language": "en-us,en;q=0.5"}}, {"format_id": "160", "url": "https://r2---sn-5njj-u2xe.googlevideo.com/videoplayback?expire=1613489873&ei=cZIrYPGJDsKsigavkZiQCQ&ip=140.109.135.76&id=o-ABRDPOnWJqnuHXv6hGG1e0-gQwV3tKAHBsRZYdSI2zXt&itag=160&aitags=133%2C134%2C135%2C136%2C137%2C160%2C242%2C243%2C244%2C247%2C248%2C278%2C394%2C395%2C396%2C397%2C398%2C399&source=youtube&requiressl=yes&mh=y8&mm=31%2C29&mn=sn-5njj-u2xe%2Csn-un57en7l&ms=au%2Crdu&mv=m&mvi=2&pl=16&initcwndbps=690000&vprv=1&mime=video%2Fmp4&ns=fxA_KCudOUG4ixmrWNYfao8F&gir=yes&clen=2552049&dur=393.040&lmt=1575190146717529&mt=1613468214&fvip=2&keepalive=yes&c=WEB&txp=5535432&n=euzWqeTiZohziJOhK7&sparams=expire%2Cei%2Cip%2Cid%2Caitags%2Csource%2Crequiressl%2Cvprv%2Cmime%2Cns%2Cgir%2Cclen%2Cdur%2Clmt&lsparams=mh%2Cmm%2Cmn%2Cms%2Cmv%2Cmvi%2Cpl%2Cinitcwndbps&lsig=AG3C_xAwRAIgQc0f1jjpRcdZ4vWmOeqF_fZsO4MDX19tjCxtHprT6y0CIHeEEXCNPmJwTR23_DzmMyvt67HC6KlQar-jdlFRuxBz&sig=AOq0QJ8wRQIgWZBCPpUZzGUXY48nzeVro-a686HPS5xPj4HWBLRFt6ACIQDt88k2Ibzzttaw7Q-qr48BU6QvV4T4eDR5Y-29-DOkKw==&ratebypass=yes", "player_url": "/s/player/490079fb/player_ias.vflset/en_US/base.js", "ext": "mp4", "height": 144, "format_note": "144p", "vcodec": "avc1.4d400c", "asr": null, "filesize": 2552049, "fps": 25, "tbr": 79.984, "width": 256, "acodec": "none", "downloader_options": {"http_chunk_size": 10485760}, "format": "160 - 256x144 (144p)", "protocol": "https", "http_headers": {"User-Agent": "Mozilla/5.0 (Windows NT 10.0; Win64; x64) AppleWebKit/537.36 (KHTML, like Gecko) Chrome/72.0.3609.1 Safari/537.36", "Accept-Charset": "ISO-8859-1,utf-8;q=0.7,*;q=0.7", "Accept": "text/html,application/xhtml+xml,application/xml;q=0.9,*/*;q=0.8", "Accept-Encoding": "gzip, deflate", "Accept-Language": "en-us,en;q=0.5"}}, {"format_id": "278", "url": "https://r2---sn-5njj-u2xe.googlevideo.com/videoplayback?expire=1613489873&ei=cZIrYPGJDsKsigavkZiQCQ&ip=140.109.135.76&id=o-ABRDPOnWJqnuHXv6hGG1e0-gQwV3tKAHBsRZYdSI2zXt&itag=278&aitags=133%2C134%2C135%2C136%2C137%2C160%2C242%2C243%2C244%2C247%2C248%2C278%2C394%2C395%2C396%2C397%2C398%2C399&source=youtube&requiressl=yes&mh=y8&mm=31%2C29&mn=sn-5njj-u2xe%2Csn-un57en7l&ms=au%2Crdu&mv=m&mvi=2&pl=16&initcwndbps=690000&vprv=1&mime=video%2Fwebm&ns=fxA_KCudOUG4ixmrWNYfao8F&gir=yes&clen=3456924&dur=393.040&lmt=1575190312856968&mt=1613468214&fvip=2&keepalive=yes&c=WEB&txp=5535432&n=euzWqeTiZohziJOhK7&sparams=expire%2Cei%2Cip%2Cid%2Caitags%2Csource%2Crequiressl%2Cvprv%2Cmime%2Cns%2Cgir%2Cclen%2Cdur%2Clmt&lsparams=mh%2Cmm%2Cmn%2Cms%2Cmv%2Cmvi%2Cpl%2Cinitcwndbps&lsig=AG3C_xAwRAIgRstcfpOGSQmpO61-sKwKaYI5u5SX52HUSom-qJrOplECIGIRn9iyq9gH7LkzPsvUDL_0PpgNB6UddYTVGMppMIsm&sig=AOq0QJ8wRQIhANp0EPMNxSWV-k6o7FR5ayv0r51DRlJLaOVvfyIN5NhdAiBEKoWRaZ2vMQ4cDQGQLNsR8xKqk1T_sW9B-uFBMTosag==&ratebypass=yes", "player_url": "/s/player/490079fb/player_ias.vflset/en_US/base.js", "ext": "webm", "height": 144, "format_note": "144p", "container": "webm", "vcodec": "vp9", "asr": null, "filesize": 3456924, "fps": 25, "tbr": 81.815, "width": 256, "acodec": "none", "downloader_options": {"http_chunk_size": 10485760}, "format": "278 - 256x144 (144p)", "protocol": "https", "http_headers": {"User-Agent": "Mozilla/5.0 (Windows NT 10.0; Win64; x64) AppleWebKit/537.36 (KHTML, like Gecko) Chrome/72.0.3609.1 Safari/537.36", "Accept-Charset": "ISO-8859-1,utf-8;q=0.7,*;q=0.7", "Accept": "text/html,application/xhtml+xml,application/xml;q=0.9,*/*;q=0.8", "Accept-Encoding": "gzip, deflate", "Accept-Language": "en-us,en;q=0.5"}}, {"format_id": "133", "url": "https://r2---sn-5njj-u2xe.googlevideo.com/videoplayback?expire=1613489873&ei=cZIrYPGJDsKsigavkZiQCQ&ip=140.109.135.76&id=o-ABRDPOnWJqnuHXv6hGG1e0-gQwV3tKAHBsRZYdSI2zXt&itag=133&aitags=133%2C134%2C135%2C136%2C137%2C160%2C242%2C243%2C244%2C247%2C248%2C278%2C394%2C395%2C396%2C397%2C398%2C399&source=youtube&requiressl=yes&mh=y8&mm=31%2C29&mn=sn-5njj-u2xe%2Csn-un57en7l&ms=au%2Crdu&mv=m&mvi=2&pl=16&initcwndbps=690000&vprv=1&mime=video%2Fmp4&ns=fxA_KCudOUG4ixmrWNYfao8F&gir=yes&clen=3396542&dur=393.040&lmt=1575190146718818&mt=1613468214&fvip=2&keepalive=yes&c=WEB&txp=5535432&n=euzWqeTiZohziJOhK7&sparams=expire%2Cei%2Cip%2Cid%2Caitags%2Csource%2Crequiressl%2Cvprv%2Cmime%2Cns%2Cgir%2Cclen%2Cdur%2Clmt&lsparams=mh%2Cmm%2Cmn%2Cms%2Cmv%2Cmvi%2Cpl%2Cinitcwndbps&lsig=AG3C_xAwRAIgZaZWO3BfDgs52Q45RDdQtRjG-Go52FAuIumPHO3XSLYCIDoQg92v81ur_PoxEroVyg4tYgNU6tz1lE5ELywNNmYM&sig=AOq0QJ8wRQIgN3O51_kW8EEoxBwr_Gz6Gsr05KFxedxl_eZbu2CLiNcCIQDx7KgkTqe3q8sZ-sH6YKqhAXACrx0yHTfA3XAYzC2eUQ==&ratebypass=yes", "player_url": "/s/player/490079fb/player_ias.vflset/en_US/base.js", "ext": "mp4", "height": 240, "format_note": "240p", "vcodec": "avc1.4d4015", "asr": null, "filesize": 3396542, "fps": 25, "tbr": 99.501, "width": 426, "acodec": "none", "downloader_options": {"http_chunk_size": 10485760}, "format": "133 - 426x240 (240p)", "protocol": "https", "http_headers": {"User-Agent": "Mozilla/5.0 (Windows NT 10.0; Win64; x64) AppleWebKit/537.36 (KHTML, like Gecko) Chrome/72.0.3609.1 Safari/537.36", "Accept-Charset": "ISO-8859-1,utf-8;q=0.7,*;q=0.7", "Accept": "text/html,application/xhtml+xml,application/xml;q=0.9,*/*;q=0.8", "Accept-Encoding": "gzip, deflate", "Accept-Language": "en-us,en;q=0.5"}}, {"format_id": "395", "url": "https://r2---sn-5njj-u2xe.googlevideo.com/videoplayback?expire=1613489873&ei=cZIrYPGJDsKsigavkZiQCQ&ip=140.109.135.76&id=o-ABRDPOnWJqnuHXv6hGG1e0-gQwV3tKAHBsRZYdSI2zXt&itag=395&aitags=133%2C134%2C135%2C136%2C137%2C160%2C242%2C243%2C244%2C247%2C248%2C278%2C394%2C395%2C396%2C397%2C398%2C399&source=youtube&requiressl=yes&mh=y8&mm=31%2C29&mn=sn-5njj-u2xe%2Csn-un57en7l&ms=au%2Crdu&mv=m&mvi=2&pl=16&initcwndbps=690000&vprv=1&mime=video%2Fmp4&ns=fxA_KCudOUG4ixmrWNYfao8F&gir=yes&clen=5909006&dur=393.040&lmt=1588398506997164&mt=1613468214&fvip=2&keepalive=yes&c=WEB&txp=5531432&n=euzWqeTiZohziJOhK7&sparams=expire%2Cei%2Cip%2Cid%2Caitags%2Csource%2Crequiressl%2Cvprv%2Cmime%2Cns%2Cgir%2Cclen%2Cdur%2Clmt&lsparams=mh%2Cmm%2Cmn%2Cms%2Cmv%2Cmvi%2Cpl%2Cinitcwndbps&lsig=AG3C_xAwRQIhAKVO8fW6sBp4OPfT0mvRgb6huNbVERV16_sCHUrCUcK3AiAlVSCSrwWrwHAOiBsh_Hzx2dt-867GY5Mv5qI8KJyTWg%3D%3D&sig=AOq0QJ8wRAIgfqxPJ4KEG9aq73qETBkUX7cFG9Ly0TBcpwfyQf75JDkCICcOqho3xeFqGC5gaLiYyYbosQZDirj1d1HMo1fZgxLD&ratebypass=yes", "player_url": "/s/player/490079fb/player_ias.vflset/en_US/base.js", "acodec": "none", "vcodec": "av01.0.00M.08", "asr": null, "filesize": 5909006, "format_note": "240p", "fps": 25, "height": 240, "tbr": 144.982, "width": 426, "ext": "mp4", "downloader_options": {"http_chunk_size": 10485760}, "format": "395 - 426x240 (240p)", "protocol": "https", "http_headers": {"User-Agent": "Mozilla/5.0 (Windows NT 10.0; Win64; x64) AppleWebKit/537.36 (KHTML, like Gecko) Chrome/72.0.3609.1 Safari/537.36", "Accept-Charset": "ISO-8859-1,utf-8;q=0.7,*;q=0.7", "Accept": "text/html,application/xhtml+xml,application/xml;q=0.9,*/*;q=0.8", "Accept-Encoding": "gzip, deflate", "Accept-Language": "en-us,en;q=0.5"}}, {"format_id": "242", "url": "https://r2---sn-5njj-u2xe.googlevideo.com/videoplayback?expire=1613489873&ei=cZIrYPGJDsKsigavkZiQCQ&ip=140.109.135.76&id=o-ABRDPOnWJqnuHXv6hGG1e0-gQwV3tKAHBsRZYdSI2zXt&itag=242&aitags=133%2C134%2C135%2C136%2C137%2C160%2C242%2C243%2C244%2C247%2C248%2C278%2C394%2C395%2C396%2C397%2C398%2C399&source=youtube&requiressl=yes&mh=y8&mm=31%2C29&mn=sn-5njj-u2xe%2Csn-un57en7l&ms=au%2Crdu&mv=m&mvi=2&pl=16&initcwndbps=690000&vprv=1&mime=video%2Fwebm&ns=fxA_KCudOUG4ixmrWNYfao8F&gir=yes&clen=5552079&dur=393.040&lmt=1575190312861555&mt=1613468214&fvip=2&keepalive=yes&c=WEB&txp=5535432&n=euzWqeTiZohziJOhK7&sparams=expire%2Cei%2Cip%2Cid%2Caitags%2Csource%2Crequiressl%2Cvprv%2Cmime%2Cns%2Cgir%2Cclen%2Cdur%2Clmt&lsparams=mh%2Cmm%2Cmn%2Cms%2Cmv%2Cmvi%2Cpl%2Cinitcwndbps&lsig=AG3C_xAwRQIhAPpZyc0yf0ix1h0ahUcIMEGu5VHOSDZ81DPvpgLfWCaSAiADEsG8mb2Z4Gq7Kf2JQwxQYbyvFYr-JvGOneA_wK4zug%3D%3D&sig=AOq0QJ8wRAIgQt9B77nGvnoeWbUM2Gwi9G6nPcCj42Uo8p7DX61-iDcCIGTbpPS5Q0ufUZT103TE7SJAnECF39FhMEe-75c4JEEX&ratebypass=yes", "player_url": "/s/player/490079fb/player_ias.vflset/en_US/base.js", "ext": "webm", "height": 240, "format_note": "240p", "vcodec": "vp9", "asr": null, "filesize": 5552079, "fps": 25, "tbr": 153.695, "width": 426, "acodec": "none", "downloader_options": {"http_chunk_size": 10485760}, "format": "242 - 426x240 (240p)", "protocol": "https", "http_headers": {"User-Agent": "Mozilla/5.0 (Windows NT 10.0; Win64; x64) AppleWebKit/537.36 (KHTML, like Gecko) Chrome/72.0.3609.1 Safari/537.36", "Accept-Charset": "ISO-8859-1,utf-8;q=0.7,*;q=0.7", "Accept": "text/html,application/xhtml+xml,application/xml;q=0.9,*/*;q=0.8", "Accept-Encoding": "gzip, deflate", "Accept-Language": "en-us,en;q=0.5"}}, {"format_id": "134", "url": "https://r2---sn-5njj-u2xe.googlevideo.com/videoplayback?expire=1613489873&ei=cZIrYPGJDsKsigavkZiQCQ&ip=140.109.135.76&id=o-ABRDPOnWJqnuHXv6hGG1e0-gQwV3tKAHBsRZYdSI2zXt&itag=134&aitags=133%2C134%2C135%2C136%2C137%2C160%2C242%2C243%2C244%2C247%2C248%2C278%2C394%2C395%2C396%2C397%2C398%2C399&source=youtube&requiressl=yes&mh=y8&mm=31%2C29&mn=sn-5njj-u2xe%2Csn-un57en7l&ms=au%2Crdu&mv=m&mvi=2&pl=16&initcwndbps=690000&vprv=1&mime=video%2Fmp4&ns=fxA_KCudOUG4ixmrWNYfao8F&gir=yes&clen=6454527&dur=393.040&lmt=1575190146716863&mt=1613468214&fvip=2&keepalive=yes&c=WEB&txp=5535432&n=euzWqeTiZohziJOhK7&sparams=expire%2Cei%2Cip%2Cid%2Caitags%2Csource%2Crequiressl%2Cvprv%2Cmime%2Cns%2Cgir%2Cclen%2Cdur%2Clmt&lsparams=mh%2Cmm%2Cmn%2Cms%2Cmv%2Cmvi%2Cpl%2Cinitcwndbps&lsig=AG3C_xAwRQIgPRE8hJzxM_OvzP6EySxqYK89WaNTrFdg4yCWt7tAQzICIQDa8LG6gAz6h7ZuABxQXuBXiVG9Op9WeW4aWZUzIrO_oA%3D%3D&sig=AOq0QJ8wRQIhANye4kbs4JkS8t84wJu6OmZMYb5WDNc8aI969EA--20QAiAP28613i-02am6lEvbl2ysMV60sRWEF8k_qX_IgPZpCA==&ratebypass=yes", "player_url": "/s/player/490079fb/player_ias.vflset/en_US/base.js", "ext": "mp4", "height": 360, "format_note": "360p", "vcodec": "avc1.4d401e", "asr": null, "filesize": 6454527, "fps": 25, "tbr": 178.835, "width": 640, "acodec": "none", "downloader_options": {"http_chunk_size": 10485760}, "format": "134 - 640x360 (360p)", "protocol": "https", "http_headers": {"User-Agent": "Mozilla/5.0 (Windows NT 10.0; Win64; x64) AppleWebKit/537.36 (KHTML, like Gecko) Chrome/72.0.3609.1 Safari/537.36", "Accept-Charset": "ISO-8859-1,utf-8;q=0.7,*;q=0.7", "Accept": "text/html,application/xhtml+xml,application/xml;q=0.9,*/*;q=0.8", "Accept-Encoding": "gzip, deflate", "Accept-Language": "en-us,en;q=0.5"}}, {"format_id": "396", "url": "https://r2---sn-5njj-u2xe.googlevideo.com/videoplayback?expire=1613489873&ei=cZIrYPGJDsKsigavkZiQCQ&ip=140.109.135.76&id=o-ABRDPOnWJqnuHXv6hGG1e0-gQwV3tKAHBsRZYdSI2zXt&itag=396&aitags=133%2C134%2C135%2C136%2C137%2C160%2C242%2C243%2C244%2C247%2C248%2C278%2C394%2C395%2C396%2C397%2C398%2C399&source=youtube&requiressl=yes&mh=y8&mm=31%2C29&mn=sn-5njj-u2xe%2Csn-un57en7l&ms=au%2Crdu&mv=m&mvi=2&pl=16&initcwndbps=690000&vprv=1&mime=video%2Fmp4&ns=fxA_KCudOUG4ixmrWNYfao8F&gir=yes&clen=12821155&dur=393.040&lmt=1588398537642762&mt=1613468214&fvip=2&keepalive=yes&c=WEB&txp=5531432&n=euzWqeTiZohziJOhK7&sparams=expire%2Cei%2Cip%2Cid%2Caitags%2Csource%2Crequiressl%2Cvprv%2Cmime%2Cns%2Cgir%2Cclen%2Cdur%2Clmt&lsparams=mh%2Cmm%2Cmn%2Cms%2Cmv%2Cmvi%2Cpl%2Cinitcwndbps&lsig=AG3C_xAwRQIhALKVnD4pkqytaFEswmeneFRSh0uPCZiV8IudNT2awRE6AiAlygFB2s4GmNBcI7PX0BhHpvC5HgRJ-PSQZN9V8vZ5DA%3D%3D&sig=AOq0QJ8wRQIhAPZrUyW6o9n4_mDeMfdbUm-4fB26hFg8VkFyRxrL2nJuAiAuAcl-DPJMmWDu96NXMqgG3YiVp3XYIPqVNzQhi3xlhQ==&ratebypass=yes", "player_url": "/s/player/490079fb/player_ias.vflset/en_US/base.js", "acodec": "none", "vcodec": "av01.0.01M.08", "asr": null, "filesize": 12821155, "format_note": "360p", "fps": 25, "height": 360, "tbr": 299.715, "width": 640, "ext": "mp4", "downloader_options": {"http_chunk_size": 10485760}, "format": "396 - 640x360 (360p)", "protocol": "https", "http_headers": {"User-Agent": "Mozilla/5.0 (Windows NT 10.0; Win64; x64) AppleWebKit/537.36 (KHTML, like Gecko) Chrome/72.0.3609.1 Safari/537.36", "Accept-Charset": "ISO-8859-1,utf-8;q=0.7,*;q=0.7", "Accept": "text/html,application/xhtml+xml,application/xml;q=0.9,*/*;q=0.8", "Accept-Encoding": "gzip, deflate", "Accept-Language": "en-us,en;q=0.5"}}, {"format_id": "243", "url": "https://r2---sn-5njj-u2xe.googlevideo.com/videoplayback?expire=1613489873&ei=cZIrYPGJDsKsigavkZiQCQ&ip=140.109.135.76&id=o-ABRDPOnWJqnuHXv6hGG1e0-gQwV3tKAHBsRZYdSI2zXt&itag=243&aitags=133%2C134%2C135%2C136%2C137%2C160%2C242%2C243%2C244%2C247%2C248%2C278%2C394%2C395%2C396%2C397%2C398%2C399&source=youtube&requiressl=yes&mh=y8&mm=31%2C29&mn=sn-5njj-u2xe%2Csn-un57en7l&ms=au%2Crdu&mv=m&mvi=2&pl=16&initcwndbps=690000&vprv=1&mime=video%2Fwebm&ns=fxA_KCudOUG4ixmrWNYfao8F&gir=yes&clen=11610099&dur=393.040&lmt=1575190312870826&mt=1613468214&fvip=2&keepalive=yes&c=WEB&txp=5535432&n=euzWqeTiZohziJOhK7&sparams=expire%2Cei%2Cip%2Cid%2Caitags%2Csource%2Crequiressl%2Cvprv%2Cmime%2Cns%2Cgir%2Cclen%2Cdur%2Clmt&lsparams=mh%2Cmm%2Cmn%2Cms%2Cmv%2Cmvi%2Cpl%2Cinitcwndbps&lsig=AG3C_xAwRgIhAPSIMlr24OwDLtdb3-WDXqS4ceXWji1mYgLUMMmhXdG7AiEAzAispf0rF_vADbcMNi_c-VV3HCOVtVqFsjlJ_nd4z6s%3D&sig=AOq0QJ8wRAIgaKEKhbpsaEL_c9OktGsSuDIYt5B2Fq58gXhCJnx9YskCIDh4R__Lg_dzhp3_CZRHXqRLL-baSI6BbLzo49AXjPom&ratebypass=yes", "player_url": "/s/player/490079fb/player_ias.vflset/en_US/base.js", "ext": "webm", "height": 360, "format_note": "360p", "vcodec": "vp9", "asr": null, "filesize": 11610099, "fps": 25, "tbr": 300.659, "width": 640, "acodec": "none", "downloader_options": {"http_chunk_size": 10485760}, "format": "243 - 640x360 (360p)", "protocol": "https", "http_headers": {"User-Agent": "Mozilla/5.0 (Windows NT 10.0; Win64; x64) AppleWebKit/537.36 (KHTML, like Gecko) Chrome/72.0.3609.1 Safari/537.36", "Accept-Charset": "ISO-8859-1,utf-8;q=0.7,*;q=0.7", "Accept": "text/html,application/xhtml+xml,application/xml;q=0.9,*/*;q=0.8", "Accept-Encoding": "gzip, deflate", "Accept-Language": "en-us,en;q=0.5"}}, {"format_id": "135", "url": "https://r2---sn-5njj-u2xe.googlevideo.com/videoplayback?expire=1613489873&ei=cZIrYPGJDsKsigavkZiQCQ&ip=140.109.135.76&id=o-ABRDPOnWJqnuHXv6hGG1e0-gQwV3tKAHBsRZYdSI2zXt&itag=135&aitags=133%2C134%2C135%2C136%2C137%2C160%2C242%2C243%2C244%2C247%2C248%2C278%2C394%2C395%2C396%2C397%2C398%2C399&source=youtube&requiressl=yes&mh=y8&mm=31%2C29&mn=sn-5njj-u2xe%2Csn-un57en7l&ms=au%2Crdu&mv=m&mvi=2&pl=16&initcwndbps=690000&vprv=1&mime=video%2Fmp4&ns=fxA_KCudOUG4ixmrWNYfao8F&gir=yes&clen=11217970&dur=393.040&lmt=1575190146718432&mt=1613468214&fvip=2&keepalive=yes&c=WEB&txp=5535432&n=euzWqeTiZohziJOhK7&sparams=expire%2Cei%2Cip%2Cid%2Caitags%2Csource%2Crequiressl%2Cvprv%2Cmime%2Cns%2Cgir%2Cclen%2Cdur%2Clmt&lsparams=mh%2Cmm%2Cmn%2Cms%2Cmv%2Cmvi%2Cpl%2Cinitcwndbps&lsig=AG3C_xAwRQIgDEW1ufwcSBej38KJdKWpLN6GimbO4gsHPpUT8Oj01bkCIQD5e3Lja2AF12F58XYq3WbWiK8wT1pBhA79SwpmcrGw5Q%3D%3D&sig=AOq0QJ8wRgIhAMnt8whzWShyfjZu-rYny2x2RUPSmubRbhLiYTQJQXR3AiEA6trIUWVHwDZ_c_lcvcmhh5XPNjnPJ8DS2WEpJrbS678=&ratebypass=yes", "player_url": "/s/player/490079fb/player_ias.vflset/en_US/base.js", "ext": "mp4", "height": 480, "format_note": "480p", "vcodec": "avc1.4d401e", "asr": null, "filesize": 11217970, "fps": 25, "tbr": 304.618, "width": 854, "acodec": "none", "downloader_options": {"http_chunk_size": 10485760}, "format": "135 - 854x480 (480p)", "protocol": "https", "http_headers": {"User-Agent": "Mozilla/5.0 (Windows NT 10.0; Win64; x64) AppleWebKit/537.36 (KHTML, like Gecko) Chrome/72.0.3609.1 Safari/537.36", "Accept-Charset": "ISO-8859-1,utf-8;q=0.7,*;q=0.7", "Accept": "text/html,application/xhtml+xml,application/xml;q=0.9,*/*;q=0.8", "Accept-Encoding": "gzip, deflate", "Accept-Language": "en-us,en;q=0.5"}}, {"format_id": "244", "url": "https://r2---sn-5njj-u2xe.googlevideo.com/videoplayback?expire=1613489873&ei=cZIrYPGJDsKsigavkZiQCQ&ip=140.109.135.76&id=o-ABRDPOnWJqnuHXv6hGG1e0-gQwV3tKAHBsRZYdSI2zXt&itag=244&aitags=133%2C134%2C135%2C136%2C137%2C160%2C242%2C243%2C244%2C247%2C248%2C278%2C394%2C395%2C396%2C397%2C398%2C399&source=youtube&requiressl=yes&mh=y8&mm=31%2C29&mn=sn-5njj-u2xe%2Csn-un57en7l&ms=au%2Crdu&mv=m&mvi=2&pl=16&initcwndbps=690000&vprv=1&mime=video%2Fwebm&ns=fxA_KCudOUG4ixmrWNYfao8F&gir=yes&clen=20477681&dur=393.040&lmt=1575190312862175&mt=1613468214&fvip=2&keepalive=yes&c=WEB&txp=5535432&n=euzWqeTiZohziJOhK7&sparams=expire%2Cei%2Cip%2Cid%2Caitags%2Csource%2Crequiressl%2Cvprv%2Cmime%2Cns%2Cgir%2Cclen%2Cdur%2Clmt&lsparams=mh%2Cmm%2Cmn%2Cms%2Cmv%2Cmvi%2Cpl%2Cinitcwndbps&lsig=AG3C_xAwRAIgdxpUq0ORb7nCKLjIq3U1viBywlpu33rKqrv5hKpNCOECIHdHeP1LdNHPPBvmCyFAqYatkhbugPpSWU1EEhfKR4xy&sig=AOq0QJ8wRQIhAM629NKbkxN4NWoHNAzBz3b-3s55d4D_w45UjgQr93sHAiBbEGJrJUcz0VSsxdQ4Eviy9A0E7vh9CAXTnp7aUA1HQA==&ratebypass=yes", "player_url": "/s/player/490079fb/player_ias.vflset/en_US/base.js", "ext": "webm", "height": 480, "format_note": "480p", "vcodec": "vp9", "asr": null, "filesize": 20477681, "fps": 25, "tbr": 516.712, "width": 854, "acodec": "none", "downloader_options": {"http_chunk_size": 10485760}, "format": "244 - 854x480 (480p)", "protocol": "https", "http_headers": {"User-Agent": "Mozilla/5.0 (Windows NT 10.0; Win64; x64) AppleWebKit/537.36 (KHTML, like Gecko) Chrome/72.0.3609.1 Safari/537.36", "Accept-Charset": "ISO-8859-1,utf-8;q=0.7,*;q=0.7", "Accept": "text/html,application/xhtml+xml,application/xml;q=0.9,*/*;q=0.8", "Accept-Encoding": "gzip, deflate", "Accept-Language": "en-us,en;q=0.5"}}, {"format_id": "397", "url": "https://r2---sn-5njj-u2xe.googlevideo.com/videoplayback?expire=1613489873&ei=cZIrYPGJDsKsigavkZiQCQ&ip=140.109.135.76&id=o-ABRDPOnWJqnuHXv6hGG1e0-gQwV3tKAHBsRZYdSI2zXt&itag=397&aitags=133%2C134%2C135%2C136%2C137%2C160%2C242%2C243%2C244%2C247%2C248%2C278%2C394%2C395%2C396%2C397%2C398%2C399&source=youtube&requiressl=yes&mh=y8&mm=31%2C29&mn=sn-5njj-u2xe%2Csn-un57en7l&ms=au%2Crdu&mv=m&mvi=2&pl=16&initcwndbps=690000&vprv=1&mime=video%2Fmp4&ns=fxA_KCudOUG4ixmrWNYfao8F&gir=yes&clen=25905694&dur=393.040&lmt=1588398691116884&mt=1613468214&fvip=2&keepalive=yes&c=WEB&txp=5531432&n=euzWqeTiZohziJOhK7&sparams=expire%2Cei%2Cip%2Cid%2Caitags%2Csource%2Crequiressl%2Cvprv%2Cmime%2Cns%2Cgir%2Cclen%2Cdur%2Clmt&lsparams=mh%2Cmm%2Cmn%2Cms%2Cmv%2Cmvi%2Cpl%2Cinitcwndbps&lsig=AG3C_xAwRQIhAIJAD8tw0KjfL3NB6QDJRW-gTzhzxjK29jQuGk82EEbOAiAUyiYWRkwnOtQNOqmYto_E0UlMYQiSIARX0Bau1rmL4A%3D%3D&sig=AOq0QJ8wRQIgUL8y4OIVNZ7WEeTOS37Qdx6PXrQRlo2ULzzKEbAHTRMCIQD-aD3fbe_2junMBgqDko-mkYlvfnI3MNRwtAsPO4kaLw==&ratebypass=yes", "player_url": "/s/player/490079fb/player_ias.vflset/en_US/base.js", "acodec": "none", "vcodec": "av01.0.04M.08", "asr": null, "filesize": 25905694, "format_note": "480p", "fps": 25, "height": 480, "tbr": 588.8, "width": 854, "ext": "mp4", "downloader_options": {"http_chunk_size": 10485760}, "format": "397 - 854x480 (480p)", "protocol": "https", "http_headers": {"User-Agent": "Mozilla/5.0 (Windows NT 10.0; Win64; x64) AppleWebKit/537.36 (KHTML, like Gecko) Chrome/72.0.3609.1 Safari/537.36", "Accept-Charset": "ISO-8859-1,utf-8;q=0.7,*;q=0.7", "Accept": "text/html,application/xhtml+xml,application/xml;q=0.9,*/*;q=0.8", "Accept-Encoding": "gzip, deflate", "Accept-Language": "en-us,en;q=0.5"}}, {"format_id": "136", "url": "https://r2---sn-5njj-u2xe.googlevideo.com/videoplayback?expire=1613489873&ei=cZIrYPGJDsKsigavkZiQCQ&ip=140.109.135.76&id=o-ABRDPOnWJqnuHXv6hGG1e0-gQwV3tKAHBsRZYdSI2zXt&itag=136&aitags=133%2C134%2C135%2C136%2C137%2C160%2C242%2C243%2C244%2C247%2C248%2C278%2C394%2C395%2C396%2C397%2C398%2C399&source=youtube&requiressl=yes&mh=y8&mm=31%2C29&mn=sn-5njj-u2xe%2Csn-un57en7l&ms=au%2Crdu&mv=m&mvi=2&pl=16&initcwndbps=690000&vprv=1&mime=video%2Fmp4&ns=fxA_KCudOUG4ixmrWNYfao8F&gir=yes&clen=27576505&dur=393.040&lmt=1575190146716242&mt=1613468214&fvip=2&keepalive=yes&c=WEB&txp=5535432&n=euzWqeTiZohziJOhK7&sparams=expire%2Cei%2Cip%2Cid%2Caitags%2Csource%2Crequiressl%2Cvprv%2Cmime%2Cns%2Cgir%2Cclen%2Cdur%2Clmt&lsparams=mh%2Cmm%2Cmn%2Cms%2Cmv%2Cmvi%2Cpl%2Cinitcwndbps&lsig=AG3C_xAwRQIhAJkWbgXAiUw6q3mr2UowFSWUCpdcTj9zJI5QIPFRrhLUAiAnE6HqVzcrYm_bABSE90SuUMgzBv4WOj9oNQWB_4wpZg%3D%3D&sig=AOq0QJ8wRQIgHPla4eo7kdpBwb6d7ZMJnx6bp0StL4PhhWk1Di-Qiw0CIQCN2vqT3xc4DaVgiZf49ASdtxjBp5EZPPFHTUUnsGYnag==&ratebypass=yes", "player_url": "/s/player/490079fb/player_ias.vflset/en_US/base.js", "ext": "mp4", "height": 720, "format_note": "720p", "vcodec": "avc1.4d401f", "asr": null, "filesize": 27576505, "fps": 25, "tbr": 714.54, "width": 1280, "acodec": "none", "downloader_options": {"http_chunk_size": 10485760}, "format": "136 - 1280x720 (720p)", "protocol": "https", "http_headers": {"User-Agent": "Mozilla/5.0 (Windows NT 10.0; Win64; x64) AppleWebKit/537.36 (KHTML, like Gecko) Chrome/72.0.3609.1 Safari/537.36", "Accept-Charset": "ISO-8859-1,utf-8;q=0.7,*;q=0.7", "Accept": "text/html,application/xhtml+xml,application/xml;q=0.9,*/*;q=0.8", "Accept-Encoding": "gzip, deflate", "Accept-Language": "en-us,en;q=0.5"}}, {"format_id": "247", "url": "https://r2---sn-5njj-u2xe.googlevideo.com/videoplayback?expire=1613489873&ei=cZIrYPGJDsKsigavkZiQCQ&ip=140.109.135.76&id=o-ABRDPOnWJqnuHXv6hGG1e0-gQwV3tKAHBsRZYdSI2zXt&itag=247&aitags=133%2C134%2C135%2C136%2C137%2C160%2C242%2C243%2C244%2C247%2C248%2C278%2C394%2C395%2C396%2C397%2C398%2C399&source=youtube&requiressl=yes&mh=y8&mm=31%2C29&mn=sn-5njj-u2xe%2Csn-un57en7l&ms=au%2Crdu&mv=m&mvi=2&pl=16&initcwndbps=690000&vprv=1&mime=video%2Fwebm&ns=fxA_KCudOUG4ixmrWNYfao8F&gir=yes&clen=47717793&dur=393.040&lmt=1575190312863801&mt=1613468214&fvip=2&keepalive=yes&c=WEB&txp=5535432&n=euzWqeTiZohziJOhK7&sparams=expire%2Cei%2Cip%2Cid%2Caitags%2Csource%2Crequiressl%2Cvprv%2Cmime%2Cns%2Cgir%2Cclen%2Cdur%2Clmt&lsparams=mh%2Cmm%2Cmn%2Cms%2Cmv%2Cmvi%2Cpl%2Cinitcwndbps&lsig=AG3C_xAwRQIgQ9KTY7933mTFFt_djcko2EcsG2yDPawioTiO2ArYDdwCIQDJBYQnN2E4zVvbnHAAyQ8gWesYjlLaYrkOZejOep93kg%3D%3D&sig=AOq0QJ8wRQIgTKsRgaqhWgvj_Gdwqk3P5ShmoTO5vaXz67VlUhxfKIsCIQCroqDSt2kHp0--MEmWlUKyRg273a-LEfWt8q-2nSUUQw==&ratebypass=yes", "player_url": "/s/player/490079fb/player_ias.vflset/en_US/base.js", "ext": "webm", "height": 720, "format_note": "720p", "vcodec": "vp9", "asr": null, "filesize": 47717793, "fps": 25, "tbr": 1128.439, "width": 1280, "acodec": "none", "downloader_options": {"http_chunk_size": 10485760}, "format": "247 - 1280x720 (720p)", "protocol": "https", "http_headers": {"User-Agent": "Mozilla/5.0 (Windows NT 10.0; Win64; x64) AppleWebKit/537.36 (KHTML, like Gecko) Chrome/72.0.3609.1 Safari/537.36", "Accept-Charset": "ISO-8859-1,utf-8;q=0.7,*;q=0.7", "Accept": "text/html,application/xhtml+xml,application/xml;q=0.9,*/*;q=0.8", "Accept-Encoding": "gzip, deflate", "Accept-Language": "en-us,en;q=0.5"}}, {"format_id": "398", "url": "https://r2---sn-5njj-u2xe.googlevideo.com/videoplayback?expire=1613489873&ei=cZIrYPGJDsKsigavkZiQCQ&ip=140.109.135.76&id=o-ABRDPOnWJqnuHXv6hGG1e0-gQwV3tKAHBsRZYdSI2zXt&itag=398&aitags=133%2C134%2C135%2C136%2C137%2C160%2C242%2C243%2C244%2C247%2C248%2C278%2C394%2C395%2C396%2C397%2C398%2C399&source=youtube&requiressl=yes&mh=y8&mm=31%2C29&mn=sn-5njj-u2xe%2Csn-un57en7l&ms=au%2Crdu&mv=m&mvi=2&pl=16&initcwndbps=690000&vprv=1&mime=video%2Fmp4&ns=fxA_KCudOUG4ixmrWNYfao8F&gir=yes&clen=55070230&dur=393.040&lmt=1588398708410843&mt=1613468214&fvip=2&keepalive=yes&c=WEB&txp=5531432&n=euzWqeTiZohziJOhK7&sparams=expire%2Cei%2Cip%2Cid%2Caitags%2Csource%2Crequiressl%2Cvprv%2Cmime%2Cns%2Cgir%2Cclen%2Cdur%2Clmt&lsparams=mh%2Cmm%2Cmn%2Cms%2Cmv%2Cmvi%2Cpl%2Cinitcwndbps&lsig=AG3C_xAwRQIgL4YFjoGz0DKIq1HNJqnBt6PVHi9kOcsPaqRSumOxO-8CIQCP0zMsk6ZjJ3yZ9PEsXYWbjuEz-vW4M3hr81MJhG9wJQ%3D%3D&sig=AOq0QJ8wRQIhANDfL3e5sqtGVDhAihONlfxAOsPy8aVibvmCz9MXsqpEAiBfxQ-eGvIxGGQQArl9DhFFN5Gdris0eBAOrP_sVFR95w==&ratebypass=yes", "player_url": "/s/player/490079fb/player_ias.vflset/en_US/base.js", "asr": null, "filesize": 55070230, "format_note": "720p", "fps": 25, "height": 720, "tbr": 1198.229, "width": 1280, "ext": "mp4", "vcodec": "av01.0.05M.08", "acodec": "none", "downloader_options": {"http_chunk_size": 10485760}, "format": "398 - 1280x720 (720p)", "protocol": "https", "http_headers": {"User-Agent": "Mozilla/5.0 (Windows NT 10.0; Win64; x64) AppleWebKit/537.36 (KHTML, like Gecko) Chrome/72.0.3609.1 Safari/537.36", "Accept-Charset": "ISO-8859-1,utf-8;q=0.7,*;q=0.7", "Accept": "text/html,application/xhtml+xml,application/xml;q=0.9,*/*;q=0.8", "Accept-Encoding": "gzip, deflate", "Accept-Language": "en-us,en;q=0.5"}}, {"format_id": "399", "url": "https://r2---sn-5njj-u2xe.googlevideo.com/videoplayback?expire=1613489873&ei=cZIrYPGJDsKsigavkZiQCQ&ip=140.109.135.76&id=o-ABRDPOnWJqnuHXv6hGG1e0-gQwV3tKAHBsRZYdSI2zXt&itag=399&aitags=133%2C134%2C135%2C136%2C137%2C160%2C242%2C243%2C244%2C247%2C248%2C278%2C394%2C395%2C396%2C397%2C398%2C399&source=youtube&requiressl=yes&mh=y8&mm=31%2C29&mn=sn-5njj-u2xe%2Csn-un57en7l&ms=au%2Crdu&mv=m&mvi=2&pl=16&initcwndbps=690000&vprv=1&mime=video%2Fmp4&ns=fxA_KCudOUG4ixmrWNYfao8F&gir=yes&clen=93253464&dur=393.040&lmt=1588398954816244&mt=1613468214&fvip=2&keepalive=yes&c=WEB&txp=5531432&n=euzWqeTiZohziJOhK7&sparams=expire%2Cei%2Cip%2Cid%2Caitags%2Csource%2Crequiressl%2Cvprv%2Cmime%2Cns%2Cgir%2Cclen%2Cdur%2Clmt&lsparams=mh%2Cmm%2Cmn%2Cms%2Cmv%2Cmvi%2Cpl%2Cinitcwndbps&lsig=AG3C_xAwRQIgPzMWXfM2a_nHOmT3qsZmJMn9sKyX7VQNCty-6W55QeYCIQC8SgYN-WSO9_1RsKMf_yvdE9DAyjPTbjODIen8TbwmHQ%3D%3D&sig=AOq0QJ8wRgIhAPtzYjIbglkuySydqmLt8DI66wIW2sQv17HT4QPMakzaAiEAiE-PkcEIyGPFlWAIl9WM0mMN5mf1NfcYl-QvqPWvqBc=&ratebypass=yes", "player_url": "/s/player/490079fb/player_ias.vflset/en_US/base.js", "asr": null, "filesize": 93253464, "format_note": "1080p", "fps": 25, "height": 1080, "tbr": 2052.814, "width": 1920, "ext": "mp4", "vcodec": "av01.0.08M.08", "acodec": "none", "downloader_options": {"http_chunk_size": 10485760}, "format": "399 - 1920x1080 (1080p)", "protocol": "https", "http_headers": {"User-Agent": "Mozilla/5.0 (Windows NT 10.0; Win64; x64) AppleWebKit/537.36 (KHTML, like Gecko) Chrome/72.0.3609.1 Safari/537.36", "Accept-Charset": "ISO-8859-1,utf-8;q=0.7,*;q=0.7", "Accept": "text/html,application/xhtml+xml,application/xml;q=0.9,*/*;q=0.8", "Accept-Encoding": "gzip, deflate", "Accept-Language": "en-us,en;q=0.5"}}, {"format_id": "248", "url": "https://r2---sn-5njj-u2xe.googlevideo.com/videoplayback?expire=1613489873&ei=cZIrYPGJDsKsigavkZiQCQ&ip=140.109.135.76&id=o-ABRDPOnWJqnuHXv6hGG1e0-gQwV3tKAHBsRZYdSI2zXt&itag=248&aitags=133%2C134%2C135%2C136%2C137%2C160%2C242%2C243%2C244%2C247%2C248%2C278%2C394%2C395%2C396%2C397%2C398%2C399&source=youtube&requiressl=yes&mh=y8&mm=31%2C29&mn=sn-5njj-u2xe%2Csn-un57en7l&ms=au%2Crdu&mv=m&mvi=2&pl=16&initcwndbps=690000&vprv=1&mime=video%2Fwebm&ns=fxA_KCudOUG4ixmrWNYfao8F&gir=yes&clen=122008489&dur=393.040&lmt=1575190212437675&mt=1613468214&fvip=2&keepalive=yes&c=WEB&txp=5535432&n=euzWqeTiZohziJOhK7&sparams=expire%2Cei%2Cip%2Cid%2Caitags%2Csource%2Crequiressl%2Cvprv%2Cmime%2Cns%2Cgir%2Cclen%2Cdur%2Clmt&lsparams=mh%2Cmm%2Cmn%2Cms%2Cmv%2Cmvi%2Cpl%2Cinitcwndbps&lsig=AG3C_xAwRgIhAP7OtWgJq981B27qUFwgDlDl3P7G34nzlsF6vavBGLsIAiEAy4o97811QuFva6vn9IQa1N1C-5L6WWRbFtLm6mpt2A4%3D&sig=AOq0QJ8wRAIgOad1ID_E9T_D9Q3PXIODAU2UffwkML5e4e4cy2t7ZPcCICrzSUdNIcXA5LVmdRvb8t-1jh_TPu1zAPMu8yTr8sNB&ratebypass=yes", "player_url": "/s/player/490079fb/player_ias.vflset/en_US/base.js", "ext": "webm", "height": 1080, "format_note": "1080p", "vcodec": "vp9", "asr": null, "filesize": 122008489, "fps": 25, "tbr": 2663.184, "width": 1920, "acodec": "none", "downloader_options": {"http_chunk_size": 10485760}, "format": "248 - 1920x1080 (1080p)", "protocol": "https", "http_headers": {"User-Agent": "Mozilla/5.0 (Windows NT 10.0; Win64; x64) AppleWebKit/537.36 (KHTML, like Gecko) Chrome/72.0.3609.1 Safari/537.36", "Accept-Charset": "ISO-8859-1,utf-8;q=0.7,*;q=0.7", "Accept": "text/html,application/xhtml+xml,application/xml;q=0.9,*/*;q=0.8", "Accept-Encoding": "gzip, deflate", "Accept-Language": "en-us,en;q=0.5"}}, {"format_id": "137", "url": "https://r2---sn-5njj-u2xe.googlevideo.com/videoplayback?expire=1613489873&ei=cZIrYPGJDsKsigavkZiQCQ&ip=140.109.135.76&id=o-ABRDPOnWJqnuHXv6hGG1e0-gQwV3tKAHBsRZYdSI2zXt&itag=137&aitags=133%2C134%2C135%2C136%2C137%2C160%2C242%2C243%2C244%2C247%2C248%2C278%2C394%2C395%2C396%2C397%2C398%2C399&source=youtube&requiressl=yes&mh=y8&mm=31%2C29&mn=sn-5njj-u2xe%2Csn-un57en7l&ms=au%2Crdu&mv=m&mvi=2&pl=16&initcwndbps=690000&vprv=1&mime=video%2Fmp4&ns=fxA_KCudOUG4ixmrWNYfao8F&gir=yes&clen=142928935&dur=393.040&lmt=1575190052962154&mt=1613468214&fvip=2&keepalive=yes&c=WEB&txp=5535432&n=euzWqeTiZohziJOhK7&sparams=expire%2Cei%2Cip%2Cid%2Caitags%2Csource%2Crequiressl%2Cvprv%2Cmime%2Cns%2Cgir%2Cclen%2Cdur%2Clmt&lsparams=mh%2Cmm%2Cmn%2Cms%2Cmv%2Cmvi%2Cpl%2Cinitcwndbps&lsig=AG3C_xAwRQIhAMHmrwWWOj-0YWAFjp4Nmozgp_D8EYg1GwZdiGL7fcpZAiAKIAYwz_KFx0qtce9ARhDqpZCzoljcOec0ECc4PYn_Ig%3D%3D&sig=AOq0QJ8wRQIhALDzfkHCoD7XeVNvh0vJ6pWBRad5LElneHDfBFhOCwFhAiAfaVIdOWNCbzLEvTsdooCEPfviuhV9KJw1x0yjoex68w==&ratebypass=yes", "player_url": "/s/player/490079fb/player_ias.vflset/en_US/base.js", "ext": "mp4", "height": 1080, "format_note": "1080p", "vcodec": "avc1.640028", "asr": null, "filesize": 142928935, "fps": 25, "tbr": 3592.615, "width": 1920, "acodec": "none", "downloader_options": {"http_chunk_size": 10485760}, "format": "137 - 1920x1080 (1080p)", "protocol": "https", "http_headers": {"User-Agent": "Mozilla/5.0 (Windows NT 10.0; Win64; x64) AppleWebKit/537.36 (KHTML, like Gecko) Chrome/72.0.3609.1 Safari/537.36", "Accept-Charset": "ISO-8859-1,utf-8;q=0.7,*;q=0.7", "Accept": "text/html,application/xhtml+xml,application/xml;q=0.9,*/*;q=0.8", "Accept-Encoding": "gzip, deflate", "Accept-Language": "en-us,en;q=0.5"}}, {"format_id": "18", "url": "https://r2---sn-5njj-u2xe.googlevideo.com/videoplayback?expire=1613489873&ei=cZIrYPGJDsKsigavkZiQCQ&ip=140.109.135.76&id=o-ABRDPOnWJqnuHXv6hGG1e0-gQwV3tKAHBsRZYdSI2zXt&itag=18&source=youtube&requiressl=yes&mh=y8&mm=31%2C29&mn=sn-5njj-u2xe%2Csn-un57en7l&ms=au%2Crdu&mv=m&mvi=2&pl=16&initcwndbps=690000&vprv=1&mime=video%2Fmp4&ns=VVI0F6FrvY-6YHtQTzpp3scF&gir=yes&clen=23097003&ratebypass=yes&dur=393.090&lmt=1575189421209662&mt=1613468214&fvip=2&c=WEB&txp=5531432&n=CcsPfvUJB-c_EOKXo2&sparams=expire%2Cei%2Cip%2Cid%2Citag%2Csource%2Crequiressl%2Cvprv%2Cmime%2Cns%2Cgir%2Cclen%2Cratebypass%2Cdur%2Clmt&lsparams=mh%2Cmm%2Cmn%2Cms%2Cmv%2Cmvi%2Cpl%2Cinitcwndbps&lsig=AG3C_xAwRAIgWxgYnkqnK_E7Evy_Re8g3duf1ktOJxKlAoOQcBGQeiICIFQSYqgSLWdX5qu7o4A8CoAj_wMyQEvnpPCf2EF_8fd-&sig=AOq0QJ8wRQIgZSsmT_ZDCQxRfMloaJFSBCovZlMf19Ellyl4G6tve5ACIQCEfjLIpvSm0d-PTdC4P_1fh4uueN5wRzlROGvVq8ZjTA==", "player_url": "/s/player/490079fb/player_ias.vflset/en_US/base.js", "ext": "mp4", "width": 640, "height": 360, "acodec": "mp4a.40.2", "abr": 96, "vcodec": "avc1.42001E", "asr": 44100, "filesize": 23097003, "format_note": "360p", "fps": 25, "tbr": 470.12, "format": "18 - 640x360 (360p)", "protocol": "https", "http_headers": {"User-Agent": "Mozilla/5.0 (Windows NT 10.0; Win64; x64) AppleWebKit/537.36 (KHTML, like Gecko) Chrome/72.0.3609.1 Safari/537.36", "Accept-Charset": "ISO-8859-1,utf-8;q=0.7,*;q=0.7", "Accept": "text/html,application/xhtml+xml,application/xml;q=0.9,*/*;q=0.8", "Accept-Encoding": "gzip, deflate", "Accept-Language": "en-us,en;q=0.5"}}], "is_live": null, "start_time": null, "end_time": null, "series": null, "season_number": null, "episode_number": null, "track": null, "artist": null, "album": null, "release_date": null, "release_year": null, "extractor": "youtube", "webpage_url_basename": "watch", "extractor_key": "Youtube", "playlist": null, "playlist_index": null, "thumbnail": "https://i.ytimg.com/vi_webp/OCqMDeD6Fmc/maxresdefault.webp", "display_id": "OCqMDeD6Fmc", "requested_subtitles": null, "format_id": "251", "url": "https://r2---sn-5njj-u2xe.googlevideo.com/videoplayback?expire=1613489873&ei=cZIrYPGJDsKsigavkZiQCQ&ip=140.109.135.76&id=o-ABRDPOnWJqnuHXv6hGG1e0-gQwV3tKAHBsRZYdSI2zXt&itag=251&source=youtube&requiressl=yes&mh=y8&mm=31%2C29&mn=sn-5njj-u2xe%2Csn-un57en7l&ms=au%2Crdu&mv=m&mvi=2&pl=16&initcwndbps=690000&vprv=1&mime=audio%2Fwebm&ns=fxA_KCudOUG4ixmrWNYfao8F&gir=yes&clen=7384893&dur=393.061&lmt=1575189700309596&mt=1613468214&fvip=2&keepalive=yes&c=WEB&txp=5531432&n=euzWqeTiZohziJOhK7&sparams=expire%2Cei%2Cip%2Cid%2Citag%2Csource%2Crequiressl%2Cvprv%2Cmime%2Cns%2Cgir%2Cclen%2Cdur%2Clmt&lsparams=mh%2Cmm%2Cmn%2Cms%2Cmv%2Cmvi%2Cpl%2Cinitcwndbps&lsig=AG3C_xAwRAIgPXAbylnQRaqCmAK0e07DfiOqc4L6HUrCJ9VeM551WC8CIBaRnIkJqW4hMjCk26Id5uHRxTjGxAXTekoS5817w8ka&sig=AOq0QJ8wRQIgVYh_nmWjAmnGLKysqXIUBnKwhZzWEiL5Oo2VuFWasn8CIQCLfuerPs8-EiZBHnCNGZ_NBTURtvgbVVcqhSHkCuvuHA==&ratebypass=yes", "player_url": "/s/player/490079fb/player_ias.vflset/en_US/base.js", "ext": "webm", "format_note": "tiny", "acodec": "opus", "abr": 160, "asr": 48000, "filesize": 7384893, "fps": null, "height": null, "tbr": 168.841, "width": null, "vcodec": "none", "downloader_options": {"http_chunk_size": 10485760}, "format": "251 - audio only (tiny)", "protocol": "https", "http_headers": {"User-Agent": "Mozilla/5.0 (Windows NT 10.0; Win64; x64) AppleWebKit/537.36 (KHTML, like Gecko) Chrome/72.0.3609.1 Safari/537.36", "Accept-Charset": "ISO-8859-1,utf-8;q=0.7,*;q=0.7", "Accept": "text/html,application/xhtml+xml,application/xml;q=0.9,*/*;q=0.8", "Accept-Encoding": "gzip, deflate", "Accept-Language": "en-us,en;q=0.5"}}