{"id": "w0NcuP0TOBo", "uploader": "Rhaeide", "uploader_id": "Rhaeide", "uploader_url": "http://www.youtube.com/user/Rhaeide", "channel_id": "UC16K9cMnL5DjXksOo0FjR_A", "channel_url": "http://www.youtube.com/channel/UC16K9cMnL5DjXksOo0FjR_A", "upload_date": "20131127", "license": null, "creator": "London Starlight Orchestra", "title": "The Exorcist Theme (Tubular Bells) on Piano | + Sheet Music", "alt_title": "Tubular Bells From \"The Exorcist\"", "thumbnails": [{"url": "https://i.ytimg.com/vi/w0NcuP0TOBo/hqdefault.jpg?sqp=-oaymwEbCKgBEF5IVfKriqkDDggBFQAAiEIYAXABwAEG&rs=AOn4CLBT1GRfR6YAjDlqkkS1O3eWyeBIxA", "width": 168, "height": 94, "resolution": "168x94", "id": "0"}, {"url": "https://i.ytimg.com/vi/w0NcuP0TOBo/hqdefault.jpg?sqp=-oaymwEbCMQBEG5IVfKriqkDDggBFQAAiEIYAXABwAEG&rs=AOn4CLB_fyT33dabkFkBRh4bbH4CeZaaMg", "width": 196, "height": 110, "resolution": "196x110", "id": "1"}, {"url": "https://i.ytimg.com/vi/w0NcuP0TOBo/hqdefault.jpg?sqp=-oaymwEcCPYBEIoBSFXyq4qpAw4IARUAAIhCGAFwAcABBg==&rs=AOn4CLCrrHBWEARnazyOVNOA3e89Klu-vw", "width": 246, "height": 138, "resolution": "246x138", "id": "2"}, {"url": "https://i.ytimg.com/vi/w0NcuP0TOBo/hqdefault.jpg?sqp=-oaymwEcCNACELwBSFXyq4qpAw4IARUAAIhCGAFwAcABBg==&rs=AOn4CLA5IcL7zmSjIgrW91lINImkDRLAkw", "width": 336, "height": 188, "resolution": "336x188", "id": "3"}, {"url": "https://i.ytimg.com/vi_webp/w0NcuP0TOBo/maxresdefault.webp", "width": 1920, "height": 1080, "resolution": "1920x1080", "id": "4"}], "description": "\ud83d\udc4d Support me on PATREON: http://www.patreon.com/Rhaeide\n\ud83c\udfb6 SHEET MUSIC available: http://bit.ly/exorcist-theme\n\ud83c\udfb9 Learn the songs you love: https://go.flowkey.com/rhaeide\n\ud83d\udcf9 INSTAGRAM: https://www.instagram.com/rhaeide/\n\u25ba BUSINESS: rhaeidemusic@gmail.com\n\u25ba FACEBOOK: http://www.facebook.com/Rhaeide\n\u25ba WEBSITE: http://rhaeide.blogspot.com.es/\n\u25ba Support me!: https://www.paypal.me/Rhaeide\n\n\ud83c\udfa7 Listen on SPOTIFY: https://sptfy.com/96xQ\n\ud83c\udfb5 Get my MP3's on: iTunes / Google Play / Amazon\n\nThis is 'The Exorcist Theme' ('Tubular Bells' by the great Mike Oldfield) on piano, arranged by myself. It starts like every other one you can find, easy and clear, but then it eventually grows in complexity. For that I tried to include the as many melodies and harmonies as I could. \n\n\u25ba Piano: Yamaha p-155b,\n\u25ba Edition: Sony Vegas 11.0\n\u25ba Composer: Mike Oldfield.\n\n\u00a9 The original music belongs to their respective owners. All rights reserved.\n\n#TheExorcist #TubularBells #Piano", "categories": ["Music"], "tags": ["The Exorcist", "The Exorcist Theme", "Piano", "Rhaeide", "Horror", "Terror", "Movie", "Film", "Title", "Horror Movie", "Music", "M\u00fasica", "Soundtrack", "BSO", "OST", "Song", "Linda Blair", "William Friedkin", "William Peter Blatty", "Exorcism", "Demon", "Evil", "Devil", "Ellen Burstyn", "Regan McNeil", "Pazuzu", "Burke Dennings", "Karras", "Merrin", "demonic possession", "Kyle Landry", "vkgoeswild", "PianoGuys", "Fast", "Fastest", "Scary", "Best version", "Professional", "Halloween", "Miedo", "Tutorial", "Sheets", "Sheet Music"], "subtitles": {}, "automatic_captions": {}, "duration": 156, "age_limit": 0, "annotations": null, "chapters": null, "webpage_url": "https://www.youtube.com/watch?v=w0NcuP0TOBo", "view_count": 877639, "like_count": 10541, "dislike_count": 191, "average_rating": 4.9288111, "formats": [{"format_id": "249", "url": "https://r3---sn-5njj-u2xe.googlevideo.com/videoplayback?expire=1612426917&ei=RVobYLC4D5q3qAG414KQBA&ip=140.109.135.76&id=o-AMGh6GJ2B1N_wY3zAaLiAwtaozUyeUnWfkDlnPThbfg5&itag=249&source=youtube&requiressl=yes&mh=SQ&mm=31%2C29&mn=sn-5njj-u2xe%2Csn-un57en7l&ms=au%2Crdu&mv=m&mvi=3&pl=16&initcwndbps=487500&vprv=1&mime=audio%2Fwebm&ns=eaDfJVcFFc78r2pnWk7xKwsF&gir=yes&clen=1147261&dur=155.641&lmt=1496286610586168&mt=1612404299&fvip=3&keepalive=yes&c=WEB&n=I6Kp6JI7ut830rWxe&sparams=expire%2Cei%2Cip%2Cid%2Citag%2Csource%2Crequiressl%2Cvprv%2Cmime%2Cns%2Cgir%2Cclen%2Cdur%2Clmt&lsparams=mh%2Cmm%2Cmn%2Cms%2Cmv%2Cmvi%2Cpl%2Cinitcwndbps&lsig=AG3C_xAwRQIgasVKgBfW3MLsEv-qw5x3l2Jakg0jld_PtayYMBbYzXUCIQDNUDRhKSCDSzHyTyJjhKVZa1bgcRbx1iM6tPV_PihcbA%3D%3D&sig=AOq0QJ8wRQIgN6zsRVtYnsCoogukGQMo_PqSydEIMN7rSbXFMpQGulMCIQCtSrubBnA0baNne02i2GDWLinHnp6j5-sUIVoQQJ3ecQ==&ratebypass=yes", "player_url": "/s/player/4bc55fd6/player_ias.vflset/en_US/base.js", "ext": "webm", "format_note": "tiny", "acodec": "opus", "abr": 50, "asr": 48000, "filesize": 1147261, "fps": null, "height": null, "tbr": 68.161, "width": null, "vcodec": "none", "downloader_options": {"http_chunk_size": 10485760}, "format": "249 - audio only (tiny)", "protocol": "https", "http_headers": {"User-Agent": "Mozilla/5.0 (Windows NT 10.0; Win64; x64) AppleWebKit/537.36 (KHTML, like Gecko) Chrome/73.0.3664.4 Safari/537.36", "Accept-Charset": "ISO-8859-1,utf-8;q=0.7,*;q=0.7", "Accept": "text/html,application/xhtml+xml,application/xml;q=0.9,*/*;q=0.8", "Accept-Encoding": "gzip, deflate", "Accept-Language": "en-us,en;q=0.5"}}, {"format_id": "250", "url": "https://r3---sn-5njj-u2xe.googlevideo.com/videoplayback?expire=1612426917&ei=RVobYLC4D5q3qAG414KQBA&ip=140.109.135.76&id=o-AMGh6GJ2B1N_wY3zAaLiAwtaozUyeUnWfkDlnPThbfg5&itag=250&source=youtube&requiressl=yes&mh=SQ&mm=31%2C29&mn=sn-5njj-u2xe%2Csn-un57en7l&ms=au%2Crdu&mv=m&mvi=3&pl=16&initcwndbps=487500&vprv=1&mime=audio%2Fwebm&ns=eaDfJVcFFc78r2pnWk7xKwsF&gir=yes&clen=1511887&dur=155.641&lmt=1496286606574758&mt=1612404299&fvip=3&keepalive=yes&c=WEB&n=I6Kp6JI7ut830rWxe&sparams=expire%2Cei%2Cip%2Cid%2Citag%2Csource%2Crequiressl%2Cvprv%2Cmime%2Cns%2Cgir%2Cclen%2Cdur%2Clmt&lsparams=mh%2Cmm%2Cmn%2Cms%2Cmv%2Cmvi%2Cpl%2Cinitcwndbps&lsig=AG3C_xAwRgIhAMKxEQk9-H9YmaUKq9KqKCUf5EblmGmKVi0mT2yjmMqSAiEAiBkOnWvzNMCdaHMUP2KWHfEHk1O3E0BAtS1fbk180x0%3D&sig=AOq0QJ8wRQIgTrGwbGPr2pSLR3FRh4gST3uxwJn5q4Ld6I1lu2f_9MECIQDnm7ksWOzJCWUWuzPCFeRo-y5cWdsgqOJvKHAlWPchWw==&ratebypass=yes", "player_url": "/s/player/4bc55fd6/player_ias.vflset/en_US/base.js", "ext": "webm", "format_note": "tiny", "acodec": "opus", "abr": 70, "asr": 48000, "filesize": 1511887, "fps": null, "height": null, "tbr": 87.892, "width": null, "vcodec": "none", "downloader_options": {"http_chunk_size": 10485760}, "format": "250 - audio only (tiny)", "protocol": "https", "http_headers": {"User-Agent": "Mozilla/5.0 (Windows NT 10.0; Win64; x64) AppleWebKit/537.36 (KHTML, like Gecko) Chrome/73.0.3664.4 Safari/537.36", "Accept-Charset": "ISO-8859-1,utf-8;q=0.7,*;q=0.7", "Accept": "text/html,application/xhtml+xml,application/xml;q=0.9,*/*;q=0.8", "Accept-Encoding": "gzip, deflate", "Accept-Language": "en-us,en;q=0.5"}}, {"format_id": "140", "url": "https://r3---sn-5njj-u2xe.googlevideo.com/videoplayback?expire=1612426917&ei=RVobYLC4D5q3qAG414KQBA&ip=140.109.135.76&id=o-AMGh6GJ2B1N_wY3zAaLiAwtaozUyeUnWfkDlnPThbfg5&itag=140&source=youtube&requiressl=yes&mh=SQ&mm=31%2C29&mn=sn-5njj-u2xe%2Csn-un57en7l&ms=au%2Crdu&mv=m&mvi=3&pl=16&initcwndbps=487500&vprv=1&mime=audio%2Fmp4&ns=eaDfJVcFFc78r2pnWk7xKwsF&gir=yes&clen=2473401&dur=155.689&lmt=1509026053632263&mt=1612404299&fvip=3&keepalive=yes&c=WEB&n=I6Kp6JI7ut830rWxe&sparams=expire%2Cei%2Cip%2Cid%2Citag%2Csource%2Crequiressl%2Cvprv%2Cmime%2Cns%2Cgir%2Cclen%2Cdur%2Clmt&lsparams=mh%2Cmm%2Cmn%2Cms%2Cmv%2Cmvi%2Cpl%2Cinitcwndbps&lsig=AG3C_xAwRQIhAKcmPLw9QZKGFDv-ti5GBSMMRQaljqqTxY0onEnLelWYAiBiL2Ug7jQg_qTZ1EzQ1n71nz8UlKQVa0f3qQTdkB2IXg%3D%3D&sig=AOq0QJ8wRgIhAO99tLPsGBs-LUZcISxiV7ATQQrkE88f31xSRDeYMuJFAiEA6qJE4RC3YmnD4GnGNPgxxjUYU8fX6q1LTlXg-x-4-FM=&ratebypass=yes", "player_url": "/s/player/4bc55fd6/player_ias.vflset/en_US/base.js", "ext": "m4a", "format_note": "tiny", "acodec": "mp4a.40.2", "abr": 128, "container": "m4a_dash", "asr": 44100, "filesize": 2473401, "fps": null, "height": null, "tbr": 127.962, "width": null, "vcodec": "none", "downloader_options": {"http_chunk_size": 10485760}, "format": "140 - audio only (tiny)", "protocol": "https", "http_headers": {"User-Agent": "Mozilla/5.0 (Windows NT 10.0; Win64; x64) AppleWebKit/537.36 (KHTML, like Gecko) Chrome/73.0.3664.4 Safari/537.36", "Accept-Charset": "ISO-8859-1,utf-8;q=0.7,*;q=0.7", "Accept": "text/html,application/xhtml+xml,application/xml;q=0.9,*/*;q=0.8", "Accept-Encoding": "gzip, deflate", "Accept-Language": "en-us,en;q=0.5"}}, {"format_id": "251", "url": "https://r3---sn-5njj-u2xe.googlevideo.com/videoplayback?expire=1612426917&ei=RVobYLC4D5q3qAG414KQBA&ip=140.109.135.76&id=o-AMGh6GJ2B1N_wY3zAaLiAwtaozUyeUnWfkDlnPThbfg5&itag=251&source=youtube&requiressl=yes&mh=SQ&mm=31%2C29&mn=sn-5njj-u2xe%2Csn-un57en7l&ms=au%2Crdu&mv=m&mvi=3&pl=16&initcwndbps=487500&vprv=1&mime=audio%2Fwebm&ns=eaDfJVcFFc78r2pnWk7xKwsF&gir=yes&clen=2891630&dur=155.641&lmt=1496286610790914&mt=1612404299&fvip=3&keepalive=yes&c=WEB&n=I6Kp6JI7ut830rWxe&sparams=expire%2Cei%2Cip%2Cid%2Citag%2Csource%2Crequiressl%2Cvprv%2Cmime%2Cns%2Cgir%2Cclen%2Cdur%2Clmt&lsparams=mh%2Cmm%2Cmn%2Cms%2Cmv%2Cmvi%2Cpl%2Cinitcwndbps&lsig=AG3C_xAwRgIhAO9ukOPApusEgUkE27D5JtxYSQpGBpNc5qlC10OPj2XaAiEA3-p4iLmMaWbLL4-Z_hN-WWg0eE8QmRDiuFqBzLEZZbI%3D&sig=AOq0QJ8wRQIgRkR0msi65wi3f8gwp2hiMI83FEdUCH5PXUCRqJyQPlQCIQC0vPIQUsODmXsZxNdtkVcYZUif5DTZx_W0RTfOXSSfXQ==&ratebypass=yes", "player_url": "/s/player/4bc55fd6/player_ias.vflset/en_US/base.js", "ext": "webm", "format_note": "tiny", "acodec": "opus", "abr": 160, "asr": 48000, "filesize": 2891630, "fps": null, "height": null, "tbr": 165.219, "width": null, "vcodec": "none", "downloader_options": {"http_chunk_size": 10485760}, "format": "251 - audio only (tiny)", "protocol": "https", "http_headers": {"User-Agent": "Mozilla/5.0 (Windows NT 10.0; Win64; x64) AppleWebKit/537.36 (KHTML, like Gecko) Chrome/73.0.3664.4 Safari/537.36", "Accept-Charset": "ISO-8859-1,utf-8;q=0.7,*;q=0.7", "Accept": "text/html,application/xhtml+xml,application/xml;q=0.9,*/*;q=0.8", "Accept-Encoding": "gzip, deflate", "Accept-Language": "en-us,en;q=0.5"}}, {"format_id": "160", "url": "https://r3---sn-5njj-u2xe.googlevideo.com/videoplayback?expire=1612426917&ei=RVobYLC4D5q3qAG414KQBA&ip=140.109.135.76&id=o-AMGh6GJ2B1N_wY3zAaLiAwtaozUyeUnWfkDlnPThbfg5&itag=160&aitags=133%2C134%2C135%2C136%2C160%2C242%2C243%2C244%2C247%2C278&source=youtube&requiressl=yes&mh=SQ&mm=31%2C29&mn=sn-5njj-u2xe%2Csn-un57en7l&ms=au%2Crdu&mv=m&mvi=3&pl=16&initcwndbps=487500&vprv=1&mime=video%2Fmp4&ns=eaDfJVcFFc78r2pnWk7xKwsF&gir=yes&clen=727578&dur=155.640&lmt=1509026068321474&mt=1612404299&fvip=3&keepalive=yes&c=WEB&n=I6Kp6JI7ut830rWxe&sparams=expire%2Cei%2Cip%2Cid%2Caitags%2Csource%2Crequiressl%2Cvprv%2Cmime%2Cns%2Cgir%2Cclen%2Cdur%2Clmt&lsparams=mh%2Cmm%2Cmn%2Cms%2Cmv%2Cmvi%2Cpl%2Cinitcwndbps&lsig=AG3C_xAwRAIgQVSSrAw-Gl6sXzTmeVWIwcMF9tkgu_KMNMcBQGGI_SUCIBF8zOVqZPmNEpV0Bg6HNSn3dOmV5b06qmck8HOAKyT9&sig=AOq0QJ8wRAIgOegUjaHCsxnYdmIXn1nsECIU_UP8C3rKi6iWxQoyZD0CIB6MMaF_GyBg0WTnTJ46xjdnq_xlPc5X4aDSOBi8b6yb&ratebypass=yes", "player_url": "/s/player/4bc55fd6/player_ias.vflset/en_US/base.js", "ext": "mp4", "height": 144, "format_note": "144p", "vcodec": "avc1.4d400c", "asr": null, "filesize": 727578, "fps": 25, "tbr": 54.993, "width": 256, "acodec": "none", "downloader_options": {"http_chunk_size": 10485760}, "format": "160 - 256x144 (144p)", "protocol": "https", "http_headers": {"User-Agent": "Mozilla/5.0 (Windows NT 10.0; Win64; x64) AppleWebKit/537.36 (KHTML, like Gecko) Chrome/73.0.3664.4 Safari/537.36", "Accept-Charset": "ISO-8859-1,utf-8;q=0.7,*;q=0.7", "Accept": "text/html,application/xhtml+xml,application/xml;q=0.9,*/*;q=0.8", "Accept-Encoding": "gzip, deflate", "Accept-Language": "en-us,en;q=0.5"}}, {"format_id": "278", "url": "https://r3---sn-5njj-u2xe.googlevideo.com/videoplayback?expire=1612426917&ei=RVobYLC4D5q3qAG414KQBA&ip=140.109.135.76&id=o-AMGh6GJ2B1N_wY3zAaLiAwtaozUyeUnWfkDlnPThbfg5&itag=278&aitags=133%2C134%2C135%2C136%2C160%2C242%2C243%2C244%2C247%2C278&source=youtube&requiressl=yes&mh=SQ&mm=31%2C29&mn=sn-5njj-u2xe%2Csn-un57en7l&ms=au%2Crdu&mv=m&mvi=3&pl=16&initcwndbps=487500&vprv=1&mime=video%2Fwebm&ns=eaDfJVcFFc78r2pnWk7xKwsF&gir=yes&clen=1707515&dur=155.640&lmt=1542873026917115&mt=1612404299&fvip=3&keepalive=yes&c=WEB&txp=5432432&n=I6Kp6JI7ut830rWxe&sparams=expire%2Cei%2Cip%2Cid%2Caitags%2Csource%2Crequiressl%2Cvprv%2Cmime%2Cns%2Cgir%2Cclen%2Cdur%2Clmt&lsparams=mh%2Cmm%2Cmn%2Cms%2Cmv%2Cmvi%2Cpl%2Cinitcwndbps&lsig=AG3C_xAwRQIhAPdbaHk9QgPEQ4WtKf9DdnpUuCpMuTHSc8AUjRxMQ8Y5AiBii_GdGVh6xDsXxB9WuuSpe5T9RstqbOCeEWlnWdBd2A%3D%3D&sig=AOq0QJ8wRQIgYwpz5acQgXJoW4NM2wBkwl1h66rloRp3X8EQFLp4OFMCIQDplgFYT9CW71wNdGCBVmVq1TCwbIHTSjG_MSTA0-DYtQ==&ratebypass=yes", "player_url": "/s/player/4bc55fd6/player_ias.vflset/en_US/base.js", "ext": "webm", "height": 144, "format_note": "144p", "container": "webm", "vcodec": "vp9", "asr": null, "filesize": 1707515, "fps": 25, "tbr": 96.896, "width": 256, "acodec": "none", "downloader_options": {"http_chunk_size": 10485760}, "format": "278 - 256x144 (144p)", "protocol": "https", "http_headers": {"User-Agent": "Mozilla/5.0 (Windows NT 10.0; Win64; x64) AppleWebKit/537.36 (KHTML, like Gecko) Chrome/73.0.3664.4 Safari/537.36", "Accept-Charset": "ISO-8859-1,utf-8;q=0.7,*;q=0.7", "Accept": "text/html,application/xhtml+xml,application/xml;q=0.9,*/*;q=0.8", "Accept-Encoding": "gzip, deflate", "Accept-Language": "en-us,en;q=0.5"}}, {"format_id": "133", "url": "https://r3---sn-5njj-u2xe.googlevideo.com/videoplayback?expire=1612426917&ei=RVobYLC4D5q3qAG414KQBA&ip=140.109.135.76&id=o-AMGh6GJ2B1N_wY3zAaLiAwtaozUyeUnWfkDlnPThbfg5&itag=133&aitags=133%2C134%2C135%2C136%2C160%2C242%2C243%2C244%2C247%2C278&source=youtube&requiressl=yes&mh=SQ&mm=31%2C29&mn=sn-5njj-u2xe%2Csn-un57en7l&ms=au%2Crdu&mv=m&mvi=3&pl=16&initcwndbps=487500&vprv=1&mime=video%2Fmp4&ns=eaDfJVcFFc78r2pnWk7xKwsF&gir=yes&clen=1300598&dur=155.640&lmt=1509026068622087&mt=1612404299&fvip=3&keepalive=yes&c=WEB&n=I6Kp6JI7ut830rWxe&sparams=expire%2Cei%2Cip%2Cid%2Caitags%2Csource%2Crequiressl%2Cvprv%2Cmime%2Cns%2Cgir%2Cclen%2Cdur%2Clmt&lsparams=mh%2Cmm%2Cmn%2Cms%2Cmv%2Cmvi%2Cpl%2Cinitcwndbps&lsig=AG3C_xAwRgIhAMvJbbfcNPj2nGKT2A806csvhQ8hn3fAt_na5HMo1eMpAiEAzIpiH8jJUj3GRGc0f744pBbpH5Rb9qPRmzRQxAyc34I%3D&sig=AOq0QJ8wRQIgLyJqGr82BtSXhaBz_RGHgCZ7uWnTGJADU-IHzjdOyG4CIQDzeQKqpYuAUvgHLfYdZoawBTOKhgGVdxChMyWyowFzSg==&ratebypass=yes", "player_url": "/s/player/4bc55fd6/player_ias.vflset/en_US/base.js", "ext": "mp4", "height": 240, "format_note": "240p", "vcodec": "avc1.4d4015", "asr": null, "filesize": 1300598, "fps": 25, "tbr": 98.31, "width": 426, "acodec": "none", "downloader_options": {"http_chunk_size": 10485760}, "format": "133 - 426x240 (240p)", "protocol": "https", "http_headers": {"User-Agent": "Mozilla/5.0 (Windows NT 10.0; Win64; x64) AppleWebKit/537.36 (KHTML, like Gecko) Chrome/73.0.3664.4 Safari/537.36", "Accept-Charset": "ISO-8859-1,utf-8;q=0.7,*;q=0.7", "Accept": "text/html,application/xhtml+xml,application/xml;q=0.9,*/*;q=0.8", "Accept-Encoding": "gzip, deflate", "Accept-Language": "en-us,en;q=0.5"}}, {"format_id": "242", "url": "https://r3---sn-5njj-u2xe.googlevideo.com/videoplayback?expire=1612426917&ei=RVobYLC4D5q3qAG414KQBA&ip=140.109.135.76&id=o-AMGh6GJ2B1N_wY3zAaLiAwtaozUyeUnWfkDlnPThbfg5&itag=242&aitags=133%2C134%2C135%2C136%2C160%2C242%2C243%2C244%2C247%2C278&source=youtube&requiressl=yes&mh=SQ&mm=31%2C29&mn=sn-5njj-u2xe%2Csn-un57en7l&ms=au%2Crdu&mv=m&mvi=3&pl=16&initcwndbps=487500&vprv=1&mime=video%2Fwebm&ns=eaDfJVcFFc78r2pnWk7xKwsF&gir=yes&clen=2317277&dur=155.640&lmt=1542873026816435&mt=1612404299&fvip=3&keepalive=yes&c=WEB&txp=5432432&n=I6Kp6JI7ut830rWxe&sparams=expire%2Cei%2Cip%2Cid%2Caitags%2Csource%2Crequiressl%2Cvprv%2Cmime%2Cns%2Cgir%2Cclen%2Cdur%2Clmt&lsparams=mh%2Cmm%2Cmn%2Cms%2Cmv%2Cmvi%2Cpl%2Cinitcwndbps&lsig=AG3C_xAwRgIhAIG3zMH395_GAPBDvG1rsMnaUxCyqUeaihkSMU8-036aAiEA5lCidMhDrU7SnRNWspIiljtgxw4EbcfulRLrPP3Zxkk%3D&sig=AOq0QJ8wRQIhAJUNef3-JDsrKGYcvYVlr68KsHfRf5r7rbRz53n2moebAiAXicS8AOq8tgNqBNVcbNbUbIJJz9z_MHQvT-wqkXGD3A==&ratebypass=yes", "player_url": "/s/player/4bc55fd6/player_ias.vflset/en_US/base.js", "ext": "webm", "height": 240, "format_note": "240p", "vcodec": "vp9", "asr": null, "filesize": 2317277, "fps": 25, "tbr": 171.953, "width": 426, "acodec": "none", "downloader_options": {"http_chunk_size": 10485760}, "format": "242 - 426x240 (240p)", "protocol": "https", "http_headers": {"User-Agent": "Mozilla/5.0 (Windows NT 10.0; Win64; x64) AppleWebKit/537.36 (KHTML, like Gecko) Chrome/73.0.3664.4 Safari/537.36", "Accept-Charset": "ISO-8859-1,utf-8;q=0.7,*;q=0.7", "Accept": "text/html,application/xhtml+xml,application/xml;q=0.9,*/*;q=0.8", "Accept-Encoding": "gzip, deflate", "Accept-Language": "en-us,en;q=0.5"}}, {"format_id": "134", "url": "https://r3---sn-5njj-u2xe.googlevideo.com/videoplayback?expire=1612426917&ei=RVobYLC4D5q3qAG414KQBA&ip=140.109.135.76&id=o-AMGh6GJ2B1N_wY3zAaLiAwtaozUyeUnWfkDlnPThbfg5&itag=134&aitags=133%2C134%2C135%2C136%2C160%2C242%2C243%2C244%2C247%2C278&source=youtube&requiressl=yes&mh=SQ&mm=31%2C29&mn=sn-5njj-u2xe%2Csn-un57en7l&ms=au%2Crdu&mv=m&mvi=3&pl=16&initcwndbps=487500&vprv=1&mime=video%2Fmp4&ns=eaDfJVcFFc78r2pnWk7xKwsF&gir=yes&clen=3081164&dur=155.640&lmt=1509026068621119&mt=1612404299&fvip=3&keepalive=yes&c=WEB&n=I6Kp6JI7ut830rWxe&sparams=expire%2Cei%2Cip%2Cid%2Caitags%2Csource%2Crequiressl%2Cvprv%2Cmime%2Cns%2Cgir%2Cclen%2Cdur%2Clmt&lsparams=mh%2Cmm%2Cmn%2Cms%2Cmv%2Cmvi%2Cpl%2Cinitcwndbps&lsig=AG3C_xAwRQIhAIDueAv0ND4rc2aIqoJLfFgiGILCjGmGdWdH_Lt6a8utAiArRr2b-LmBoRka22clpmtj7YjYw6E5JVq_TN__HIGNUQ%3D%3D&sig=AOq0QJ8wRgIhAOPCYQ9Ru8c-Gx2myoxiui-fdduef_r-0OCvO9RPfoT3AiEAvm6ZKVpFNqly9-NOF8cJ0KI3ggNGSRbT586nviZePG0=&ratebypass=yes", "player_url": "/s/player/4bc55fd6/player_ias.vflset/en_US/base.js", "ext": "mp4", "height": 360, "format_note": "360p", "vcodec": "avc1.4d401e", "asr": null, "filesize": 3081164, "fps": 25, "tbr": 229.582, "width": 640, "acodec": "none", "downloader_options": {"http_chunk_size": 10485760}, "format": "134 - 640x360 (360p)", "protocol": "https", "http_headers": {"User-Agent": "Mozilla/5.0 (Windows NT 10.0; Win64; x64) AppleWebKit/537.36 (KHTML, like Gecko) Chrome/73.0.3664.4 Safari/537.36", "Accept-Charset": "ISO-8859-1,utf-8;q=0.7,*;q=0.7", "Accept": "text/html,application/xhtml+xml,application/xml;q=0.9,*/*;q=0.8", "Accept-Encoding": "gzip, deflate", "Accept-Language": "en-us,en;q=0.5"}}, {"format_id": "243", "url": "https://r3---sn-5njj-u2xe.googlevideo.com/videoplayback?expire=1612426917&ei=RVobYLC4D5q3qAG414KQBA&ip=140.109.135.76&id=o-AMGh6GJ2B1N_wY3zAaLiAwtaozUyeUnWfkDlnPThbfg5&itag=243&aitags=133%2C134%2C135%2C136%2C160%2C242%2C243%2C244%2C247%2C278&source=youtube&requiressl=yes&mh=SQ&mm=31%2C29&mn=sn-5njj-u2xe%2Csn-un57en7l&ms=au%2Crdu&mv=m&mvi=3&pl=16&initcwndbps=487500&vprv=1&mime=video%2Fwebm&ns=eaDfJVcFFc78r2pnWk7xKwsF&gir=yes&clen=4131946&dur=155.640&lmt=1542873026863665&mt=1612404299&fvip=3&keepalive=yes&c=WEB&txp=5432432&n=I6Kp6JI7ut830rWxe&sparams=expire%2Cei%2Cip%2Cid%2Caitags%2Csource%2Crequiressl%2Cvprv%2Cmime%2Cns%2Cgir%2Cclen%2Cdur%2Clmt&lsparams=mh%2Cmm%2Cmn%2Cms%2Cmv%2Cmvi%2Cpl%2Cinitcwndbps&lsig=AG3C_xAwRQIgE_eTim3o8xWeoQSa1lkGnZvmgtUAbTkTkEMFQ_qq8JwCIQCaUHaNov2_ScXpf4x-j9hWmXkUQFYUpMEDqT8IEtYtxA%3D%3D&sig=AOq0QJ8wRQIhAIreQh3FSy9g7q78PqLNiud1EU5RgZGxUxUToTrLyj91AiBTEzlEDOngXiOdyP1xDN3iqq0IkpwaVWUR02HiDUCk8w==&ratebypass=yes", "player_url": "/s/player/4bc55fd6/player_ias.vflset/en_US/base.js", "ext": "webm", "height": 360, "format_note": "360p", "vcodec": "vp9", "asr": null, "filesize": 4131946, "fps": 25, "tbr": 294.221, "width": 640, "acodec": "none", "downloader_options": {"http_chunk_size": 10485760}, "format": "243 - 640x360 (360p)", "protocol": "https", "http_headers": {"User-Agent": "Mozilla/5.0 (Windows NT 10.0; Win64; x64) AppleWebKit/537.36 (KHTML, like Gecko) Chrome/73.0.3664.4 Safari/537.36", "Accept-Charset": "ISO-8859-1,utf-8;q=0.7,*;q=0.7", "Accept": "text/html,application/xhtml+xml,application/xml;q=0.9,*/*;q=0.8", "Accept-Encoding": "gzip, deflate", "Accept-Language": "en-us,en;q=0.5"}}, {"format_id": "135", "url": "https://r3---sn-5njj-u2xe.googlevideo.com/videoplayback?expire=1612426917&ei=RVobYLC4D5q3qAG414KQBA&ip=140.109.135.76&id=o-AMGh6GJ2B1N_wY3zAaLiAwtaozUyeUnWfkDlnPThbfg5&itag=135&aitags=133%2C134%2C135%2C136%2C160%2C242%2C243%2C244%2C247%2C278&source=youtube&requiressl=yes&mh=SQ&mm=31%2C29&mn=sn-5njj-u2xe%2Csn-un57en7l&ms=au%2Crdu&mv=m&mvi=3&pl=16&initcwndbps=487500&vprv=1&mime=video%2Fmp4&ns=eaDfJVcFFc78r2pnWk7xKwsF&gir=yes&clen=5789073&dur=155.640&lmt=1509026068927208&mt=1612404299&fvip=3&keepalive=yes&c=WEB&n=I6Kp6JI7ut830rWxe&sparams=expire%2Cei%2Cip%2Cid%2Caitags%2Csource%2Crequiressl%2Cvprv%2Cmime%2Cns%2Cgir%2Cclen%2Cdur%2Clmt&lsparams=mh%2Cmm%2Cmn%2Cms%2Cmv%2Cmvi%2Cpl%2Cinitcwndbps&lsig=AG3C_xAwRAIgUUogz-aMqU4cbaknvFfMcW6ZIXEbDOMC3aR-0rbgwaACIAFJO92CIVs3O6gPV7vo5k7Tb1XYlQ8mrUtQdI7LDaD3&sig=AOq0QJ8wRQIgWGju8-A6rwpcqtoIAGyLSVvYra54s89czqjtXvd7h2kCIQCXny7VBVBMSlnmZiFbufVSn7lEa8lwbDTcJbQv6diAmg==&ratebypass=yes", "player_url": "/s/player/4bc55fd6/player_ias.vflset/en_US/base.js", "ext": "mp4", "height": 480, "format_note": "480p", "vcodec": "avc1.4d401e", "asr": null, "filesize": 5789073, "fps": 25, "tbr": 423.492, "width": 854, "acodec": "none", "downloader_options": {"http_chunk_size": 10485760}, "format": "135 - 854x480 (480p)", "protocol": "https", "http_headers": {"User-Agent": "Mozilla/5.0 (Windows NT 10.0; Win64; x64) AppleWebKit/537.36 (KHTML, like Gecko) Chrome/73.0.3664.4 Safari/537.36", "Accept-Charset": "ISO-8859-1,utf-8;q=0.7,*;q=0.7", "Accept": "text/html,application/xhtml+xml,application/xml;q=0.9,*/*;q=0.8", "Accept-Encoding": "gzip, deflate", "Accept-Language": "en-us,en;q=0.5"}}, {"format_id": "244", "url": "https://r3---sn-5njj-u2xe.googlevideo.com/videoplayback?expire=1612426917&ei=RVobYLC4D5q3qAG414KQBA&ip=140.109.135.76&id=o-AMGh6GJ2B1N_wY3zAaLiAwtaozUyeUnWfkDlnPThbfg5&itag=244&aitags=133%2C134%2C135%2C136%2C160%2C242%2C243%2C244%2C247%2C278&source=youtube&requiressl=yes&mh=SQ&mm=31%2C29&mn=sn-5njj-u2xe%2Csn-un57en7l&ms=au%2Crdu&mv=m&mvi=3&pl=16&initcwndbps=487500&vprv=1&mime=video%2Fwebm&ns=eaDfJVcFFc78r2pnWk7xKwsF&gir=yes&clen=6870971&dur=155.640&lmt=1542873026906670&mt=1612404299&fvip=3&keepalive=yes&c=WEB&txp=5432432&n=I6Kp6JI7ut830rWxe&sparams=expire%2Cei%2Cip%2Cid%2Caitags%2Csource%2Crequiressl%2Cvprv%2Cmime%2Cns%2Cgir%2Cclen%2Cdur%2Clmt&lsparams=mh%2Cmm%2Cmn%2Cms%2Cmv%2Cmvi%2Cpl%2Cinitcwndbps&lsig=AG3C_xAwRAIgW2HndS_-pdCtAC6HmYA1-LecuHErzrm3MBbjsNE_olwCIFOvQZUOkmPghz9zsovX3BBXp85y1zjh0tQzPNnor-rx&sig=AOq0QJ8wRQIhAJh-q7M-U4yCOwayMLHMOCi9XeLuK3GYeSElVGXcAprhAiAGVdDrTsqVWMio9lwojGt0hDiFqH6lfWl2Z2XoP2CrhQ==&ratebypass=yes", "player_url": "/s/player/4bc55fd6/player_ias.vflset/en_US/base.js", "ext": "webm", "height": 480, "format_note": "480p", "vcodec": "vp9", "asr": null, "filesize": 6870971, "fps": 25, "tbr": 477.259, "width": 854, "acodec": "none", "downloader_options": {"http_chunk_size": 10485760}, "format": "244 - 854x480 (480p)", "protocol": "https", "http_headers": {"User-Agent": "Mozilla/5.0 (Windows NT 10.0; Win64; x64) AppleWebKit/537.36 (KHTML, like Gecko) Chrome/73.0.3664.4 Safari/537.36", "Accept-Charset": "ISO-8859-1,utf-8;q=0.7,*;q=0.7", "Accept": "text/html,application/xhtml+xml,application/xml;q=0.9,*/*;q=0.8", "Accept-Encoding": "gzip, deflate", "Accept-Language": "en-us,en;q=0.5"}}, {"format_id": "136", "url": "https://r3---sn-5njj-u2xe.googlevideo.com/videoplayback?expire=1612426917&ei=RVobYLC4D5q3qAG414KQBA&ip=140.109.135.76&id=o-AMGh6GJ2B1N_wY3zAaLiAwtaozUyeUnWfkDlnPThbfg5&itag=136&aitags=133%2C134%2C135%2C136%2C160%2C242%2C243%2C244%2C247%2C278&source=youtube&requiressl=yes&mh=SQ&mm=31%2C29&mn=sn-5njj-u2xe%2Csn-un57en7l&ms=au%2Crdu&mv=m&mvi=3&pl=16&initcwndbps=487500&vprv=1&mime=video%2Fmp4&ns=eaDfJVcFFc78r2pnWk7xKwsF&gir=yes&clen=11193910&dur=155.640&lmt=1509026068822250&mt=1612404299&fvip=3&keepalive=yes&c=WEB&n=I6Kp6JI7ut830rWxe&sparams=expire%2Cei%2Cip%2Cid%2Caitags%2Csource%2Crequiressl%2Cvprv%2Cmime%2Cns%2Cgir%2Cclen%2Cdur%2Clmt&lsparams=mh%2Cmm%2Cmn%2Cms%2Cmv%2Cmvi%2Cpl%2Cinitcwndbps&lsig=AG3C_xAwRQIgNWgvktq6W6IMjIS4g0N6MlxsGp6OW1XAMDqfk9T_0HYCIQD6-j4ySvgkJRoDe_V10VEiKAQ_joCkdEwasi-L95qSww%3D%3D&sig=AOq0QJ8wRAIgNA8u1lHwUDL8V6C6gP9juYP5dy5iEQZTugD6jjBv68QCIEGKZMozC-Kv2280CebDoqjU4H5vHb4gCXFsWIX2St17&ratebypass=yes", "player_url": "/s/player/4bc55fd6/player_ias.vflset/en_US/base.js", "ext": "mp4", "height": 720, "format_note": "720p", "vcodec": "avc1.4d401f", "asr": null, "filesize": 11193910, "fps": 25, "tbr": 788.673, "width": 1280, "acodec": "none", "downloader_options": {"http_chunk_size": 10485760}, "format": "136 - 1280x720 (720p)", "protocol": "https", "http_headers": {"User-Agent": "Mozilla/5.0 (Windows NT 10.0; Win64; x64) AppleWebKit/537.36 (KHTML, like Gecko) Chrome/73.0.3664.4 Safari/537.36", "Accept-Charset": "ISO-8859-1,utf-8;q=0.7,*;q=0.7", "Accept": "text/html,application/xhtml+xml,application/xml;q=0.9,*/*;q=0.8", "Accept-Encoding": "gzip, deflate", "Accept-Language": "en-us,en;q=0.5"}}, {"format_id": "247", "url": "https://r3---sn-5njj-u2xe.googlevideo.com/videoplayback?expire=1612426917&ei=RVobYLC4D5q3qAG414KQBA&ip=140.109.135.76&id=o-AMGh6GJ2B1N_wY3zAaLiAwtaozUyeUnWfkDlnPThbfg5&itag=247&aitags=133%2C134%2C135%2C136%2C160%2C242%2C243%2C244%2C247%2C278&source=youtube&requiressl=yes&mh=SQ&mm=31%2C29&mn=sn-5njj-u2xe%2Csn-un57en7l&ms=au%2Crdu&mv=m&mvi=3&pl=16&initcwndbps=487500&vprv=1&mime=video%2Fwebm&ns=eaDfJVcFFc78r2pnWk7xKwsF&gir=yes&clen=13958527&dur=155.640&lmt=1542873026912747&mt=1612404299&fvip=3&keepalive=yes&c=WEB&txp=5432432&n=I6Kp6JI7ut830rWxe&sparams=expire%2Cei%2Cip%2Cid%2Caitags%2Csource%2Crequiressl%2Cvprv%2Cmime%2Cns%2Cgir%2Cclen%2Cdur%2Clmt&lsparams=mh%2Cmm%2Cmn%2Cms%2Cmv%2Cmvi%2Cpl%2Cinitcwndbps&lsig=AG3C_xAwRgIhALipRUK7Ugu1pxqR7AFlQsYG5c6hzVC2Jq6mhIzE5VZ2AiEAtLactdB5HFyu5UCwiqgupDQWH7SRyeOiM8V3uPke8JU%3D&sig=AOq0QJ8wRQIhAOfMT0S77zBCROZmA_a830j6IB5B_B6VWXmTosCDu9DGAiBouNDiJjcq8hSc0Ispy7gQePecnFLSHeo5M_1Re1ArCw==&ratebypass=yes", "player_url": "/s/player/4bc55fd6/player_ias.vflset/en_US/base.js", "ext": "webm", "height": 720, "format_note": "720p", "vcodec": "vp9", "asr": null, "filesize": 13958527, "fps": 25, "tbr": 920.387, "width": 1280, "acodec": "none", "downloader_options": {"http_chunk_size": 10485760}, "format": "247 - 1280x720 (720p)", "protocol": "https", "http_headers": {"User-Agent": "Mozilla/5.0 (Windows NT 10.0; Win64; x64) AppleWebKit/537.36 (KHTML, like Gecko) Chrome/73.0.3664.4 Safari/537.36", "Accept-Charset": "ISO-8859-1,utf-8;q=0.7,*;q=0.7", "Accept": "text/html,application/xhtml+xml,application/xml;q=0.9,*/*;q=0.8", "Accept-Encoding": "gzip, deflate", "Accept-Language": "en-us,en;q=0.5"}}, {"format_id": "18", "url": "https://r3---sn-5njj-u2xe.googlevideo.com/videoplayback?expire=1612426917&ei=RVobYLC4D5q3qAG414KQBA&ip=140.109.135.76&id=o-AMGh6GJ2B1N_wY3zAaLiAwtaozUyeUnWfkDlnPThbfg5&itag=18&source=youtube&requiressl=yes&mh=SQ&mm=31%2C29&mn=sn-5njj-u2xe%2Csn-un57en7l&ms=au%2Crdu&mv=m&mvi=3&pl=16&initcwndbps=487500&vprv=1&mime=video%2Fmp4&ns=eQMWTRk0A7ISRGgSKJq8aUIF&gir=yes&clen=8475477&ratebypass=yes&dur=155.689&lmt=1429605025709006&mt=1612404299&fvip=3&c=WEB&n=c31-OpqNDOYV0hyG1&sparams=expire%2Cei%2Cip%2Cid%2Citag%2Csource%2Crequiressl%2Cvprv%2Cmime%2Cns%2Cgir%2Cclen%2Cratebypass%2Cdur%2Clmt&lsparams=mh%2Cmm%2Cmn%2Cms%2Cmv%2Cmvi%2Cpl%2Cinitcwndbps&lsig=AG3C_xAwRgIhAJc4hHd0tJOY1w3Zl97W38WB9sKeOXMkPgRS0UeDY_cCAiEAq3pVeILm1P97V62Lpe77W5x_x0OGQXMK9CIMSkISDKs%3D&sig=AOq0QJ8wRgIhAJf7sHfbB-xbOVeTgkB9E4tcIJ9ias9TvjKMQgS73VDcAiEAkWC3psDGxQf9fQGPbBY6VphnL4_XikBB6sJMgOUw1Bc=", "player_url": "/s/player/4bc55fd6/player_ias.vflset/en_US/base.js", "ext": "mp4", "width": 640, "height": 360, "acodec": "mp4a.40.2", "abr": 96, "vcodec": "avc1.42001E", "asr": 44100, "filesize": 8475477, "format_note": "360p", "fps": 25, "tbr": 435.645, "format": "18 - 640x360 (360p)", "protocol": "https", "http_headers": {"User-Agent": "Mozilla/5.0 (Windows NT 10.0; Win64; x64) AppleWebKit/537.36 (KHTML, like Gecko) Chrome/73.0.3664.4 Safari/537.36", "Accept-Charset": "ISO-8859-1,utf-8;q=0.7,*;q=0.7", "Accept": "text/html,application/xhtml+xml,application/xml;q=0.9,*/*;q=0.8", "Accept-Encoding": "gzip, deflate", "Accept-Language": "en-us,en;q=0.5"}}], "is_live": null, "start_time": null, "end_time": null, "series": null, "season_number": null, "episode_number": null, "track": "Tubular Bells From \"The Exorcist\"", "artist": "London Starlight Orchestra", "album": "16 Film And TV Themes Vol 2", "release_date": null, "release_year": null, "extractor": "youtube", "webpage_url_basename": "watch", "extractor_key": "Youtube", "playlist": null, "playlist_index": null, "thumbnail": "https://i.ytimg.com/vi_webp/w0NcuP0TOBo/maxresdefault.webp", "display_id": "w0NcuP0TOBo", "requested_subtitles": null, "format_id": "251", "url": "https://r3---sn-5njj-u2xe.googlevideo.com/videoplayback?expire=1612426917&ei=RVobYLC4D5q3qAG414KQBA&ip=140.109.135.76&id=o-AMGh6GJ2B1N_wY3zAaLiAwtaozUyeUnWfkDlnPThbfg5&itag=251&source=youtube&requiressl=yes&mh=SQ&mm=31%2C29&mn=sn-5njj-u2xe%2Csn-un57en7l&ms=au%2Crdu&mv=m&mvi=3&pl=16&initcwndbps=487500&vprv=1&mime=audio%2Fwebm&ns=eaDfJVcFFc78r2pnWk7xKwsF&gir=yes&clen=2891630&dur=155.641&lmt=1496286610790914&mt=1612404299&fvip=3&keepalive=yes&c=WEB&n=I6Kp6JI7ut830rWxe&sparams=expire%2Cei%2Cip%2Cid%2Citag%2Csource%2Crequiressl%2Cvprv%2Cmime%2Cns%2Cgir%2Cclen%2Cdur%2Clmt&lsparams=mh%2Cmm%2Cmn%2Cms%2Cmv%2Cmvi%2Cpl%2Cinitcwndbps&lsig=AG3C_xAwRgIhAO9ukOPApusEgUkE27D5JtxYSQpGBpNc5qlC10OPj2XaAiEA3-p4iLmMaWbLL4-Z_hN-WWg0eE8QmRDiuFqBzLEZZbI%3D&sig=AOq0QJ8wRQIgRkR0msi65wi3f8gwp2hiMI83FEdUCH5PXUCRqJyQPlQCIQC0vPIQUsODmXsZxNdtkVcYZUif5DTZx_W0RTfOXSSfXQ==&ratebypass=yes", "player_url": "/s/player/4bc55fd6/player_ias.vflset/en_US/base.js", "ext": "webm", "format_note": "tiny", "acodec": "opus", "abr": 160, "asr": 48000, "filesize": 2891630, "fps": null, "height": null, "tbr": 165.219, "width": null, "vcodec": "none", "downloader_options": {"http_chunk_size": 10485760}, "format": "251 - audio only (tiny)", "protocol": "https", "http_headers": {"User-Agent": "Mozilla/5.0 (Windows NT 10.0; Win64; x64) AppleWebKit/537.36 (KHTML, like Gecko) Chrome/73.0.3664.4 Safari/537.36", "Accept-Charset": "ISO-8859-1,utf-8;q=0.7,*;q=0.7", "Accept": "text/html,application/xhtml+xml,application/xml;q=0.9,*/*;q=0.8", "Accept-Encoding": "gzip, deflate", "Accept-Language": "en-us,en;q=0.5"}}