{"id": "WBxql6cuU7c", "uploader": "Peaceful Pianosi - Topic", "uploader_id": "UCq2HY9HgAne8Lu2nGwxZw2Q", "uploader_url": "http://www.youtube.com/channel/UCq2HY9HgAne8Lu2nGwxZw2Q", "channel_id": "UCq2HY9HgAne8Lu2nGwxZw2Q", "channel_url": "http://www.youtube.com/channel/UCq2HY9HgAne8Lu2nGwxZw2Q", "upload_date": "20200609", "license": null, "creator": "Peaceful Pianosi", "title": "At Last", "alt_title": "At Last", "thumbnails": [{"url": "https://i.ytimg.com/vi/WBxql6cuU7c/hqdefault.jpg?sqp=-oaymwEYCKgBEF5IVfKriqkDCwgBFQAAiEIYAXAB&rs=AOn4CLAFkW3Jn4Pkg7S1a-6OYVoveHTDQA", "width": 168, "height": 94, "resolution": "168x94", "id": "0"}, {"url": "https://i.ytimg.com/vi/WBxql6cuU7c/hqdefault.jpg?sqp=-oaymwEYCMQBEG5IVfKriqkDCwgBFQAAiEIYAXAB&rs=AOn4CLD6apk6E-tUUtTYdtk_Mr-szkyzBw", "width": 196, "height": 110, "resolution": "196x110", "id": "1"}, {"url": "https://i.ytimg.com/vi/WBxql6cuU7c/hqdefault.jpg?sqp=-oaymwEZCPYBEIoBSFXyq4qpAwsIARUAAIhCGAFwAQ==&rs=AOn4CLB1gk5yUlY8v1ieQZohxo6cKZYh1w", "width": 246, "height": 138, "resolution": "246x138", "id": "2"}, {"url": "https://i.ytimg.com/vi/WBxql6cuU7c/hqdefault.jpg?sqp=-oaymwEZCNACELwBSFXyq4qpAwsIARUAAIhCGAFwAQ==&rs=AOn4CLAFbA1q_Z8QSdWMhjGBDyOsYyy_9Q", "width": 336, "height": 188, "resolution": "336x188", "id": "3"}, {"url": "https://i.ytimg.com/vi_webp/WBxql6cuU7c/maxresdefault.webp", "width": 1920, "height": 1080, "resolution": "1920x1080", "id": "4"}], "description": "Provided to YouTube by recordJet\n\nAt Last \u00b7 Peaceful Pianosi\n\nPiano Cover\n\n\u2117 Marsmen Music\n\nReleased on: 2020-06-05\n\nPiano: Jonas Schneider\nComposer: Jonas Schneider\n\nAuto-generated by YouTube.", "categories": ["Music"], "tags": ["Peaceful Pianosi", "Piano Cover", "At Last"], "subtitles": {}, "automatic_captions": {}, "duration": 129, "age_limit": 0, "annotations": null, "chapters": null, "webpage_url": "https://www.youtube.com/watch?v=WBxql6cuU7c", "view_count": 494, "like_count": 2, "dislike_count": null, "average_rating": 5.0, "formats": [{"format_id": "249", "url": "https://r4---sn-5njj-u2xl.googlevideo.com/videoplayback?expire=1608485362&ei=kTXfX9LDO8KzgQOyqaiIDg&ip=140.109.135.76&id=o-APR45jkTzGFmdqjswX4iJkhMbZDYFJdrzTePcNpmfCBb&itag=249&source=youtube&requiressl=yes&mh=pl&mm=31%2C29&mn=sn-5njj-u2xl%2Csn-un57sn7z&ms=au%2Crdu&mv=m&mvi=4&pcm2cms=yes&pl=16&gcr=tw&initcwndbps=690000&vprv=1&mime=audio%2Fwebm&ns=63j0Ya4ODUEaycWfZuL6gc0F&gir=yes&clen=873930&dur=128.721&lmt=1596604180736195&mt=1608463244&fvip=4&keepalive=yes&c=WEB&txp=2311222&n=IdT1C5vUkzBjxKcdX&sparams=expire%2Cei%2Cip%2Cid%2Citag%2Csource%2Crequiressl%2Cgcr%2Cvprv%2Cmime%2Cns%2Cgir%2Cclen%2Cdur%2Clmt&lsparams=mh%2Cmm%2Cmn%2Cms%2Cmv%2Cmvi%2Cpcm2cms%2Cpl%2Cinitcwndbps&lsig=AG3C_xAwRQIgB1kp0ag5WqAoXLJK0EQNOu2FMszzoxwticMq2uDwnxICIQDiAVnxSqOrSusey3yEx2c_hhMw1LxN-h8WgddKnXl-jA%3D%3D&sig=AOq0QJ8wRgIhAK-PdAnAkUKD8xoahId1cpLxCO3hN-Mn554jA3uWPwC4AiEA-rzY72YrpelG24RLbh1X8hIneANau3zeGWiZn4KvG8U=&ratebypass=yes", "player_url": "/s/player/2e6e57d8/player_ias.vflset/en_US/base.js", "ext": "webm", "format_note": "tiny", "acodec": "opus", "abr": 50, "asr": 48000, "filesize": 873930, "fps": null, "height": null, "tbr": 58.083, "width": null, "vcodec": "none", "downloader_options": {"http_chunk_size": 10485760}, "format": "249 - audio only (tiny)", "protocol": "https", "http_headers": {"User-Agent": "Mozilla/5.0 (Windows NT 10.0; Win64; x64) AppleWebKit/537.36 (KHTML, like Gecko) Chrome/70.0.3538.31 Safari/537.36", "Accept-Charset": "ISO-8859-1,utf-8;q=0.7,*;q=0.7", "Accept": "text/html,application/xhtml+xml,application/xml;q=0.9,*/*;q=0.8", "Accept-Encoding": "gzip, deflate", "Accept-Language": "en-us,en;q=0.5"}}, {"format_id": "250", "url": "https://r4---sn-5njj-u2xl.googlevideo.com/videoplayback?expire=1608485362&ei=kTXfX9LDO8KzgQOyqaiIDg&ip=140.109.135.76&id=o-APR45jkTzGFmdqjswX4iJkhMbZDYFJdrzTePcNpmfCBb&itag=250&source=youtube&requiressl=yes&mh=pl&mm=31%2C29&mn=sn-5njj-u2xl%2Csn-un57sn7z&ms=au%2Crdu&mv=m&mvi=4&pcm2cms=yes&pl=16&gcr=tw&initcwndbps=690000&vprv=1&mime=audio%2Fwebm&ns=63j0Ya4ODUEaycWfZuL6gc0F&gir=yes&clen=1160597&dur=128.721&lmt=1596604181737984&mt=1608463244&fvip=4&keepalive=yes&c=WEB&txp=2311222&n=IdT1C5vUkzBjxKcdX&sparams=expire%2Cei%2Cip%2Cid%2Citag%2Csource%2Crequiressl%2Cgcr%2Cvprv%2Cmime%2Cns%2Cgir%2Cclen%2Cdur%2Clmt&lsparams=mh%2Cmm%2Cmn%2Cms%2Cmv%2Cmvi%2Cpcm2cms%2Cpl%2Cinitcwndbps&lsig=AG3C_xAwRgIhAKNHSe_dIPFg9QaUO_IE2vG7_BjzAJNiwR2fe4xR6-MAAiEAvJ5dddHrULm4Wirt-8hKx_SD6eqDxBy9Pk1GpEdHu7M%3D&sig=AOq0QJ8wRAIgBhDtF987qU8rspDCEqQrF4rTQjBC94ciTXFWRXm709sCIAVdn8tvRMQBuPVzaCvyEssO3NmZKPhGBD_1jin6VuRa&ratebypass=yes", "player_url": "/s/player/2e6e57d8/player_ias.vflset/en_US/base.js", "ext": "webm", "format_note": "tiny", "acodec": "opus", "abr": 70, "asr": 48000, "filesize": 1160597, "fps": null, "height": null, "tbr": 76.868, "width": null, "vcodec": "none", "downloader_options": {"http_chunk_size": 10485760}, "format": "250 - audio only (tiny)", "protocol": "https", "http_headers": {"User-Agent": "Mozilla/5.0 (Windows NT 10.0; Win64; x64) AppleWebKit/537.36 (KHTML, like Gecko) Chrome/70.0.3538.31 Safari/537.36", "Accept-Charset": "ISO-8859-1,utf-8;q=0.7,*;q=0.7", "Accept": "text/html,application/xhtml+xml,application/xml;q=0.9,*/*;q=0.8", "Accept-Encoding": "gzip, deflate", "Accept-Language": "en-us,en;q=0.5"}}, {"format_id": "140", "url": "https://r4---sn-5njj-u2xl.googlevideo.com/videoplayback?expire=1608485362&ei=kTXfX9LDO8KzgQOyqaiIDg&ip=140.109.135.76&id=o-APR45jkTzGFmdqjswX4iJkhMbZDYFJdrzTePcNpmfCBb&itag=140&source=youtube&requiressl=yes&mh=pl&mm=31%2C29&mn=sn-5njj-u2xl%2Csn-un57sn7z&ms=au%2Crdu&mv=m&mvi=4&pcm2cms=yes&pl=16&gcr=tw&initcwndbps=690000&vprv=1&mime=audio%2Fmp4&ns=63j0Ya4ODUEaycWfZuL6gc0F&gir=yes&clen=2086333&dur=128.705&lmt=1596604180432158&mt=1608463244&fvip=4&keepalive=yes&c=WEB&txp=2311222&n=IdT1C5vUkzBjxKcdX&sparams=expire%2Cei%2Cip%2Cid%2Citag%2Csource%2Crequiressl%2Cgcr%2Cvprv%2Cmime%2Cns%2Cgir%2Cclen%2Cdur%2Clmt&lsparams=mh%2Cmm%2Cmn%2Cms%2Cmv%2Cmvi%2Cpcm2cms%2Cpl%2Cinitcwndbps&lsig=AG3C_xAwRAIgbM5LkratPuANEoHwHMMpCe1tQiAeOkpirUdLsTqVdWoCIEZzj7ZU2QnN7JI05MPu_iVGP1IFGJ_D164oqypJVXR6&sig=AOq0QJ8wRQIgEm-G-4mXgsjUoX4bgZa_k9v0mW51OMRa_nowhsXsMj8CIQCGkXq8-OI8LJiZ7WGvEeHcHYMgsdwdTeyQJKyWIjCPMA==&ratebypass=yes", "player_url": "/s/player/2e6e57d8/player_ias.vflset/en_US/base.js", "ext": "m4a", "format_note": "tiny", "acodec": "mp4a.40.2", "abr": 128, "container": "m4a_dash", "asr": 44100, "filesize": 2086333, "fps": null, "height": null, "tbr": 131.061, "width": null, "vcodec": "none", "downloader_options": {"http_chunk_size": 10485760}, "format": "140 - audio only (tiny)", "protocol": "https", "http_headers": {"User-Agent": "Mozilla/5.0 (Windows NT 10.0; Win64; x64) AppleWebKit/537.36 (KHTML, like Gecko) Chrome/70.0.3538.31 Safari/537.36", "Accept-Charset": "ISO-8859-1,utf-8;q=0.7,*;q=0.7", "Accept": "text/html,application/xhtml+xml,application/xml;q=0.9,*/*;q=0.8", "Accept-Encoding": "gzip, deflate", "Accept-Language": "en-us,en;q=0.5"}}, {"format_id": "251", "url": "https://r4---sn-5njj-u2xl.googlevideo.com/videoplayback?expire=1608485362&ei=kTXfX9LDO8KzgQOyqaiIDg&ip=140.109.135.76&id=o-APR45jkTzGFmdqjswX4iJkhMbZDYFJdrzTePcNpmfCBb&itag=251&source=youtube&requiressl=yes&mh=pl&mm=31%2C29&mn=sn-5njj-u2xl%2Csn-un57sn7z&ms=au%2Crdu&mv=m&mvi=4&pcm2cms=yes&pl=16&gcr=tw&initcwndbps=690000&vprv=1&mime=audio%2Fwebm&ns=63j0Ya4ODUEaycWfZuL6gc0F&gir=yes&clen=2475088&dur=128.721&lmt=1596604180332546&mt=1608463244&fvip=4&keepalive=yes&c=WEB&txp=2311222&n=IdT1C5vUkzBjxKcdX&sparams=expire%2Cei%2Cip%2Cid%2Citag%2Csource%2Crequiressl%2Cgcr%2Cvprv%2Cmime%2Cns%2Cgir%2Cclen%2Cdur%2Clmt&lsparams=mh%2Cmm%2Cmn%2Cms%2Cmv%2Cmvi%2Cpcm2cms%2Cpl%2Cinitcwndbps&lsig=AG3C_xAwRAIgTlDNSwEkPr4l2cYhV7G2npAFd3k-FhIDjAY9NodZeGsCIFDkK8oJbU4CZX8Zst08KBarID_S6lCUDyFBSoVKMowB&sig=AOq0QJ8wRAIgSqfcK6XpxlqnzJF55mzrXarHMVc7nluvK5IHjhWeYbECIEV4vCmvnCYXIKCryx-2ZV9yiaAAPtCrCPvnCYVVqzqU&ratebypass=yes", "player_url": "/s/player/2e6e57d8/player_ias.vflset/en_US/base.js", "ext": "webm", "format_note": "tiny", "acodec": "opus", "abr": 160, "asr": 48000, "filesize": 2475088, "fps": null, "height": null, "tbr": 158.109, "width": null, "vcodec": "none", "downloader_options": {"http_chunk_size": 10485760}, "format": "251 - audio only (tiny)", "protocol": "https", "http_headers": {"User-Agent": "Mozilla/5.0 (Windows NT 10.0; Win64; x64) AppleWebKit/537.36 (KHTML, like Gecko) Chrome/70.0.3538.31 Safari/537.36", "Accept-Charset": "ISO-8859-1,utf-8;q=0.7,*;q=0.7", "Accept": "text/html,application/xhtml+xml,application/xml;q=0.9,*/*;q=0.8", "Accept-Encoding": "gzip, deflate", "Accept-Language": "en-us,en;q=0.5"}}, {"format_id": "160", "url": "https://r4---sn-5njj-u2xl.googlevideo.com/videoplayback?expire=1608485362&ei=kTXfX9LDO8KzgQOyqaiIDg&ip=140.109.135.76&id=o-APR45jkTzGFmdqjswX4iJkhMbZDYFJdrzTePcNpmfCBb&itag=160&aitags=133%2C134%2C135%2C136%2C137%2C160%2C242%2C243%2C244%2C247%2C248%2C278&source=youtube&requiressl=yes&mh=pl&mm=31%2C29&mn=sn-5njj-u2xl%2Csn-un57sn7z&ms=au%2Crdu&mv=m&mvi=4&pcm2cms=yes&pl=16&gcr=tw&initcwndbps=690000&vprv=1&mime=video%2Fmp4&ns=63j0Ya4ODUEaycWfZuL6gc0F&gir=yes&clen=158121&dur=128.680&lmt=1596604183033420&mt=1608463244&fvip=4&keepalive=yes&c=WEB&txp=2316222&n=IdT1C5vUkzBjxKcdX&sparams=expire%2Cei%2Cip%2Cid%2Caitags%2Csource%2Crequiressl%2Cgcr%2Cvprv%2Cmime%2Cns%2Cgir%2Cclen%2Cdur%2Clmt&lsparams=mh%2Cmm%2Cmn%2Cms%2Cmv%2Cmvi%2Cpcm2cms%2Cpl%2Cinitcwndbps&lsig=AG3C_xAwRQIgSjxl2tkQrannwHBwjPkLbiYicCig3hbZTwAk4dE5U0QCIQDoH6FEWSDnuVOZg3wGPCawrYDkyaZDEnD4ojddMqc9xQ%3D%3D&sig=AOq0QJ8wRQIhAJfw_e5oS4l-RQ9YQvhtzmBlvJlhJMl4xhPFR9quObpoAiBvU2kkrwW7BKjYvTLgH_RDB9slw-FiXdsoWoxyZd1qeA==&ratebypass=yes", "player_url": "/s/player/2e6e57d8/player_ias.vflset/en_US/base.js", "ext": "mp4", "height": 144, "format_note": "144p", "vcodec": "avc1.4d400b", "asr": null, "filesize": 158121, "fps": 25, "tbr": 11.41, "width": 144, "acodec": "none", "downloader_options": {"http_chunk_size": 10485760}, "format": "160 - 144x144 (144p)", "protocol": "https", "http_headers": {"User-Agent": "Mozilla/5.0 (Windows NT 10.0; Win64; x64) AppleWebKit/537.36 (KHTML, like Gecko) Chrome/70.0.3538.31 Safari/537.36", "Accept-Charset": "ISO-8859-1,utf-8;q=0.7,*;q=0.7", "Accept": "text/html,application/xhtml+xml,application/xml;q=0.9,*/*;q=0.8", "Accept-Encoding": "gzip, deflate", "Accept-Language": "en-us,en;q=0.5"}}, {"format_id": "278", "url": "https://r4---sn-5njj-u2xl.googlevideo.com/videoplayback?expire=1608485362&ei=kTXfX9LDO8KzgQOyqaiIDg&ip=140.109.135.76&id=o-APR45jkTzGFmdqjswX4iJkhMbZDYFJdrzTePcNpmfCBb&itag=278&aitags=133%2C134%2C135%2C136%2C137%2C160%2C242%2C243%2C244%2C247%2C248%2C278&source=youtube&requiressl=yes&mh=pl&mm=31%2C29&mn=sn-5njj-u2xl%2Csn-un57sn7z&ms=au%2Crdu&mv=m&mvi=4&pcm2cms=yes&pl=16&gcr=tw&initcwndbps=690000&vprv=1&mime=video%2Fwebm&ns=63j0Ya4ODUEaycWfZuL6gc0F&gir=yes&clen=193839&dur=128.680&lmt=1596604183842469&mt=1608463244&fvip=4&keepalive=yes&c=WEB&txp=2316222&n=IdT1C5vUkzBjxKcdX&sparams=expire%2Cei%2Cip%2Cid%2Caitags%2Csource%2Crequiressl%2Cgcr%2Cvprv%2Cmime%2Cns%2Cgir%2Cclen%2Cdur%2Clmt&lsparams=mh%2Cmm%2Cmn%2Cms%2Cmv%2Cmvi%2Cpcm2cms%2Cpl%2Cinitcwndbps&lsig=AG3C_xAwRQIhANRtSjLvduQcuMjNxxO4mhSfxhbJ0iWI4b846JGatTrNAiAH4_n_4QtN7iFbyyYb6a_nd-aeQjkVjuDNdyiSN5uxCw%3D%3D&sig=AOq0QJ8wRQIhAN-hziJevL82epjYd3HhLGzUxUrigONLdEnDQKbXclExAiBuFT9cCNo3JT0KPuDD0Mk-vJIAqF9yha06cX3UAA30cg==&ratebypass=yes", "player_url": "/s/player/2e6e57d8/player_ias.vflset/en_US/base.js", "ext": "webm", "height": 144, "format_note": "144p", "container": "webm", "vcodec": "vp9", "asr": null, "filesize": 193839, "fps": 25, "tbr": 13.018, "width": 144, "acodec": "none", "downloader_options": {"http_chunk_size": 10485760}, "format": "278 - 144x144 (144p)", "protocol": "https", "http_headers": {"User-Agent": "Mozilla/5.0 (Windows NT 10.0; Win64; x64) AppleWebKit/537.36 (KHTML, like Gecko) Chrome/70.0.3538.31 Safari/537.36", "Accept-Charset": "ISO-8859-1,utf-8;q=0.7,*;q=0.7", "Accept": "text/html,application/xhtml+xml,application/xml;q=0.9,*/*;q=0.8", "Accept-Encoding": "gzip, deflate", "Accept-Language": "en-us,en;q=0.5"}}, {"format_id": "242", "url": "https://r4---sn-5njj-u2xl.googlevideo.com/videoplayback?expire=1608485362&ei=kTXfX9LDO8KzgQOyqaiIDg&ip=140.109.135.76&id=o-APR45jkTzGFmdqjswX4iJkhMbZDYFJdrzTePcNpmfCBb&itag=242&aitags=133%2C134%2C135%2C136%2C137%2C160%2C242%2C243%2C244%2C247%2C248%2C278&source=youtube&requiressl=yes&mh=pl&mm=31%2C29&mn=sn-5njj-u2xl%2Csn-un57sn7z&ms=au%2Crdu&mv=m&mvi=4&pcm2cms=yes&pl=16&gcr=tw&initcwndbps=690000&vprv=1&mime=video%2Fwebm&ns=63j0Ya4ODUEaycWfZuL6gc0F&gir=yes&clen=254722&dur=128.680&lmt=1596604184438216&mt=1608463244&fvip=4&keepalive=yes&c=WEB&txp=2316222&n=IdT1C5vUkzBjxKcdX&sparams=expire%2Cei%2Cip%2Cid%2Caitags%2Csource%2Crequiressl%2Cgcr%2Cvprv%2Cmime%2Cns%2Cgir%2Cclen%2Cdur%2Clmt&lsparams=mh%2Cmm%2Cmn%2Cms%2Cmv%2Cmvi%2Cpcm2cms%2Cpl%2Cinitcwndbps&lsig=AG3C_xAwRAIgVOBWYHS_F5AjOLGSHfFw9HlJYOIgdTobSqsV6A6n-QICIHEc2NCYTAedqiqC-GvRDrT2zQhFdKonwfekySzj_6Qh&sig=AOq0QJ8wRQIhAM-g_sQ1c-UezeJWled68hJwHq67Zg6Td8MeQXflFBDBAiASNkrAYYDJ8Q9VUnL3VtVIZpVBI-0Xbgp4CehinfCsJA==&ratebypass=yes", "player_url": "/s/player/2e6e57d8/player_ias.vflset/en_US/base.js", "ext": "webm", "height": 240, "format_note": "240p", "vcodec": "vp9", "asr": null, "filesize": 254722, "fps": 25, "tbr": 16.795, "width": 240, "acodec": "none", "downloader_options": {"http_chunk_size": 10485760}, "format": "242 - 240x240 (240p)", "protocol": "https", "http_headers": {"User-Agent": "Mozilla/5.0 (Windows NT 10.0; Win64; x64) AppleWebKit/537.36 (KHTML, like Gecko) Chrome/70.0.3538.31 Safari/537.36", "Accept-Charset": "ISO-8859-1,utf-8;q=0.7,*;q=0.7", "Accept": "text/html,application/xhtml+xml,application/xml;q=0.9,*/*;q=0.8", "Accept-Encoding": "gzip, deflate", "Accept-Language": "en-us,en;q=0.5"}}, {"format_id": "133", "url": "https://r4---sn-5njj-u2xl.googlevideo.com/videoplayback?expire=1608485362&ei=kTXfX9LDO8KzgQOyqaiIDg&ip=140.109.135.76&id=o-APR45jkTzGFmdqjswX4iJkhMbZDYFJdrzTePcNpmfCBb&itag=133&aitags=133%2C134%2C135%2C136%2C137%2C160%2C242%2C243%2C244%2C247%2C248%2C278&source=youtube&requiressl=yes&mh=pl&mm=31%2C29&mn=sn-5njj-u2xl%2Csn-un57sn7z&ms=au%2Crdu&mv=m&mvi=4&pcm2cms=yes&pl=16&gcr=tw&initcwndbps=690000&vprv=1&mime=video%2Fmp4&ns=63j0Ya4ODUEaycWfZuL6gc0F&gir=yes&clen=340501&dur=128.680&lmt=1596604183284609&mt=1608463244&fvip=4&keepalive=yes&c=WEB&txp=2316222&n=IdT1C5vUkzBjxKcdX&sparams=expire%2Cei%2Cip%2Cid%2Caitags%2Csource%2Crequiressl%2Cgcr%2Cvprv%2Cmime%2Cns%2Cgir%2Cclen%2Cdur%2Clmt&lsparams=mh%2Cmm%2Cmn%2Cms%2Cmv%2Cmvi%2Cpcm2cms%2Cpl%2Cinitcwndbps&lsig=AG3C_xAwRAIgbDWuesBRnAmbZA1ei0aF3kl1SFhi59Wbf6F-ThSvtesCIFBXCKcjnXFexNcY4Wpu8vluzP1gVWXYh0bkcIhyuKVq&sig=AOq0QJ8wRAIgeWlU8EzxFzkCGkumsfToQS-yUUqCz4Cc9Cb8ojCCKBoCIG615FV6VMs3cQlN0UgsxLv6U00x9oGiwMtGGr2NeMez&ratebypass=yes", "player_url": "/s/player/2e6e57d8/player_ias.vflset/en_US/base.js", "ext": "mp4", "height": 240, "format_note": "240p", "vcodec": "avc1.4d400c", "asr": null, "filesize": 340501, "fps": 25, "tbr": 22.757, "width": 240, "acodec": "none", "downloader_options": {"http_chunk_size": 10485760}, "format": "133 - 240x240 (240p)", "protocol": "https", "http_headers": {"User-Agent": "Mozilla/5.0 (Windows NT 10.0; Win64; x64) AppleWebKit/537.36 (KHTML, like Gecko) Chrome/70.0.3538.31 Safari/537.36", "Accept-Charset": "ISO-8859-1,utf-8;q=0.7,*;q=0.7", "Accept": "text/html,application/xhtml+xml,application/xml;q=0.9,*/*;q=0.8", "Accept-Encoding": "gzip, deflate", "Accept-Language": "en-us,en;q=0.5"}}, {"format_id": "243", "url": "https://r4---sn-5njj-u2xl.googlevideo.com/videoplayback?expire=1608485362&ei=kTXfX9LDO8KzgQOyqaiIDg&ip=140.109.135.76&id=o-APR45jkTzGFmdqjswX4iJkhMbZDYFJdrzTePcNpmfCBb&itag=243&aitags=133%2C134%2C135%2C136%2C137%2C160%2C242%2C243%2C244%2C247%2C248%2C278&source=youtube&requiressl=yes&mh=pl&mm=31%2C29&mn=sn-5njj-u2xl%2Csn-un57sn7z&ms=au%2Crdu&mv=m&mvi=4&pcm2cms=yes&pl=16&gcr=tw&initcwndbps=690000&vprv=1&mime=video%2Fwebm&ns=63j0Ya4ODUEaycWfZuL6gc0F&gir=yes&clen=405799&dur=128.680&lmt=1596604183834670&mt=1608463244&fvip=4&keepalive=yes&c=WEB&txp=2316222&n=IdT1C5vUkzBjxKcdX&sparams=expire%2Cei%2Cip%2Cid%2Caitags%2Csource%2Crequiressl%2Cgcr%2Cvprv%2Cmime%2Cns%2Cgir%2Cclen%2Cdur%2Clmt&lsparams=mh%2Cmm%2Cmn%2Cms%2Cmv%2Cmvi%2Cpcm2cms%2Cpl%2Cinitcwndbps&lsig=AG3C_xAwRQIhALNGSvFaJ4005V_OR1CyJuQkz7oSAmT8IeMggjs75NUvAiBpkYJqR31pnkD7euK8E1zEfXO3dX_VP8CM1-Sx3zMhKQ%3D%3D&sig=AOq0QJ8wRAIga-RuuiV8TcmZFHeWKjpdN6WabNYEH5kMHbYWbyHl_nwCIEgwmppI3e0QYJwjBO8AcuvKtXu3jrC8SL2BSYECrRZ2&ratebypass=yes", "player_url": "/s/player/2e6e57d8/player_ias.vflset/en_US/base.js", "ext": "webm", "height": 360, "format_note": "360p", "vcodec": "vp9", "asr": null, "filesize": 405799, "fps": 25, "tbr": 26.25, "width": 360, "acodec": "none", "downloader_options": {"http_chunk_size": 10485760}, "format": "243 - 360x360 (360p)", "protocol": "https", "http_headers": {"User-Agent": "Mozilla/5.0 (Windows NT 10.0; Win64; x64) AppleWebKit/537.36 (KHTML, like Gecko) Chrome/70.0.3538.31 Safari/537.36", "Accept-Charset": "ISO-8859-1,utf-8;q=0.7,*;q=0.7", "Accept": "text/html,application/xhtml+xml,application/xml;q=0.9,*/*;q=0.8", "Accept-Encoding": "gzip, deflate", "Accept-Language": "en-us,en;q=0.5"}}, {"format_id": "244", "url": "https://r4---sn-5njj-u2xl.googlevideo.com/videoplayback?expire=1608485362&ei=kTXfX9LDO8KzgQOyqaiIDg&ip=140.109.135.76&id=o-APR45jkTzGFmdqjswX4iJkhMbZDYFJdrzTePcNpmfCBb&itag=244&aitags=133%2C134%2C135%2C136%2C137%2C160%2C242%2C243%2C244%2C247%2C248%2C278&source=youtube&requiressl=yes&mh=pl&mm=31%2C29&mn=sn-5njj-u2xl%2Csn-un57sn7z&ms=au%2Crdu&mv=m&mvi=4&pcm2cms=yes&pl=16&gcr=tw&initcwndbps=690000&vprv=1&mime=video%2Fwebm&ns=63j0Ya4ODUEaycWfZuL6gc0F&gir=yes&clen=639143&dur=128.680&lmt=1596604183834944&mt=1608463244&fvip=4&keepalive=yes&c=WEB&txp=2316222&n=IdT1C5vUkzBjxKcdX&sparams=expire%2Cei%2Cip%2Cid%2Caitags%2Csource%2Crequiressl%2Cgcr%2Cvprv%2Cmime%2Cns%2Cgir%2Cclen%2Cdur%2Clmt&lsparams=mh%2Cmm%2Cmn%2Cms%2Cmv%2Cmvi%2Cpcm2cms%2Cpl%2Cinitcwndbps&lsig=AG3C_xAwRgIhANNJpvAu7NbV1_iIBNyYwuH4os6tomjAbuO2lEU6LaRrAiEApa0kclbKN9CXouaUg-SMhC7lcrlbm930kusYNE9WP3k%3D&sig=AOq0QJ8wRAIgSUdomHxgnjJpwkSxV3RNc0LHKRYcu4PQerSVXwWnS2MCIFwD1Hz5JujVVs5ifgYswhhRD20j5MrvCX1R1zuYpB77&ratebypass=yes", "player_url": "/s/player/2e6e57d8/player_ias.vflset/en_US/base.js", "ext": "webm", "height": 480, "format_note": "480p", "vcodec": "vp9", "asr": null, "filesize": 639143, "fps": 25, "tbr": 41.032, "width": 480, "acodec": "none", "downloader_options": {"http_chunk_size": 10485760}, "format": "244 - 480x480 (480p)", "protocol": "https", "http_headers": {"User-Agent": "Mozilla/5.0 (Windows NT 10.0; Win64; x64) AppleWebKit/537.36 (KHTML, like Gecko) Chrome/70.0.3538.31 Safari/537.36", "Accept-Charset": "ISO-8859-1,utf-8;q=0.7,*;q=0.7", "Accept": "text/html,application/xhtml+xml,application/xml;q=0.9,*/*;q=0.8", "Accept-Encoding": "gzip, deflate", "Accept-Language": "en-us,en;q=0.5"}}, {"format_id": "134", "url": "https://r4---sn-5njj-u2xl.googlevideo.com/videoplayback?expire=1608485362&ei=kTXfX9LDO8KzgQOyqaiIDg&ip=140.109.135.76&id=o-APR45jkTzGFmdqjswX4iJkhMbZDYFJdrzTePcNpmfCBb&itag=134&aitags=133%2C134%2C135%2C136%2C137%2C160%2C242%2C243%2C244%2C247%2C248%2C278&source=youtube&requiressl=yes&mh=pl&mm=31%2C29&mn=sn-5njj-u2xl%2Csn-un57sn7z&ms=au%2Crdu&mv=m&mvi=4&pcm2cms=yes&pl=16&gcr=tw&initcwndbps=690000&vprv=1&mime=video%2Fmp4&ns=63j0Ya4ODUEaycWfZuL6gc0F&gir=yes&clen=673698&dur=128.680&lmt=1596604184249265&mt=1608463244&fvip=4&keepalive=yes&c=WEB&txp=2316222&n=IdT1C5vUkzBjxKcdX&sparams=expire%2Cei%2Cip%2Cid%2Caitags%2Csource%2Crequiressl%2Cgcr%2Cvprv%2Cmime%2Cns%2Cgir%2Cclen%2Cdur%2Clmt&lsparams=mh%2Cmm%2Cmn%2Cms%2Cmv%2Cmvi%2Cpcm2cms%2Cpl%2Cinitcwndbps&lsig=AG3C_xAwRQIhAPwkIJXKkAMSQpFnjwpoxn8ZBQOwXT1S9z71UUYaAlmyAiBwgPscrw6vT48qZ6BYyiVkPnYdpiWbhpTUVZfV7T2dFg%3D%3D&sig=AOq0QJ8wRQIhAKhJfzd5gjONNQy1BcTxoXBuqV2CXB2remHCwx6_0J3nAiBRj7-Z4H0p9vNYmXforrMNLDQYFZDnykaI3V3RTFYN0g==&ratebypass=yes", "player_url": "/s/player/2e6e57d8/player_ias.vflset/en_US/base.js", "ext": "mp4", "height": 360, "format_note": "360p", "vcodec": "avc1.4d4015", "asr": null, "filesize": 673698, "fps": 25, "tbr": 43.687, "width": 360, "acodec": "none", "downloader_options": {"http_chunk_size": 10485760}, "format": "134 - 360x360 (360p)", "protocol": "https", "http_headers": {"User-Agent": "Mozilla/5.0 (Windows NT 10.0; Win64; x64) AppleWebKit/537.36 (KHTML, like Gecko) Chrome/70.0.3538.31 Safari/537.36", "Accept-Charset": "ISO-8859-1,utf-8;q=0.7,*;q=0.7", "Accept": "text/html,application/xhtml+xml,application/xml;q=0.9,*/*;q=0.8", "Accept-Encoding": "gzip, deflate", "Accept-Language": "en-us,en;q=0.5"}}, {"format_id": "135", "url": "https://r4---sn-5njj-u2xl.googlevideo.com/videoplayback?expire=1608485362&ei=kTXfX9LDO8KzgQOyqaiIDg&ip=140.109.135.76&id=o-APR45jkTzGFmdqjswX4iJkhMbZDYFJdrzTePcNpmfCBb&itag=135&aitags=133%2C134%2C135%2C136%2C137%2C160%2C242%2C243%2C244%2C247%2C248%2C278&source=youtube&requiressl=yes&mh=pl&mm=31%2C29&mn=sn-5njj-u2xl%2Csn-un57sn7z&ms=au%2Crdu&mv=m&mvi=4&pcm2cms=yes&pl=16&gcr=tw&initcwndbps=690000&vprv=1&mime=video%2Fmp4&ns=63j0Ya4ODUEaycWfZuL6gc0F&gir=yes&clen=1174711&dur=128.680&lmt=1596604183234043&mt=1608463244&fvip=4&keepalive=yes&c=WEB&txp=2316222&n=IdT1C5vUkzBjxKcdX&sparams=expire%2Cei%2Cip%2Cid%2Caitags%2Csource%2Crequiressl%2Cgcr%2Cvprv%2Cmime%2Cns%2Cgir%2Cclen%2Cdur%2Clmt&lsparams=mh%2Cmm%2Cmn%2Cms%2Cmv%2Cmvi%2Cpcm2cms%2Cpl%2Cinitcwndbps&lsig=AG3C_xAwRAIgBBXVDzoUQ17kWCf9LaJelTnYFLHqAdzrnn686SCDL9kCIB3Z9bzycwrbGA2Sbe9k2XtfVEBL7dQIYsGfvF_Y551Z&sig=AOq0QJ8wRAIgTkcGGU2JRrW2Yt7wsao0N_sy9e4mRAfkqegPsaEoEIYCIASuNF3QX8HIUNGjvYzC1t60PL4S9oOBHvb1-xrdZ-X_&ratebypass=yes", "player_url": "/s/player/2e6e57d8/player_ias.vflset/en_US/base.js", "ext": "mp4", "height": 480, "format_note": "480p", "vcodec": "avc1.4d401e", "asr": null, "filesize": 1174711, "fps": 25, "tbr": 74.995, "width": 480, "acodec": "none", "downloader_options": {"http_chunk_size": 10485760}, "format": "135 - 480x480 (480p)", "protocol": "https", "http_headers": {"User-Agent": "Mozilla/5.0 (Windows NT 10.0; Win64; x64) AppleWebKit/537.36 (KHTML, like Gecko) Chrome/70.0.3538.31 Safari/537.36", "Accept-Charset": "ISO-8859-1,utf-8;q=0.7,*;q=0.7", "Accept": "text/html,application/xhtml+xml,application/xml;q=0.9,*/*;q=0.8", "Accept-Encoding": "gzip, deflate", "Accept-Language": "en-us,en;q=0.5"}}, {"format_id": "247", "url": "https://r4---sn-5njj-u2xl.googlevideo.com/videoplayback?expire=1608485362&ei=kTXfX9LDO8KzgQOyqaiIDg&ip=140.109.135.76&id=o-APR45jkTzGFmdqjswX4iJkhMbZDYFJdrzTePcNpmfCBb&itag=247&aitags=133%2C134%2C135%2C136%2C137%2C160%2C242%2C243%2C244%2C247%2C248%2C278&source=youtube&requiressl=yes&mh=pl&mm=31%2C29&mn=sn-5njj-u2xl%2Csn-un57sn7z&ms=au%2Crdu&mv=m&mvi=4&pcm2cms=yes&pl=16&gcr=tw&initcwndbps=690000&vprv=1&mime=video%2Fwebm&ns=63j0Ya4ODUEaycWfZuL6gc0F&gir=yes&clen=1353390&dur=128.680&lmt=1596604184061671&mt=1608463244&fvip=4&keepalive=yes&c=WEB&txp=2316222&n=IdT1C5vUkzBjxKcdX&sparams=expire%2Cei%2Cip%2Cid%2Caitags%2Csource%2Crequiressl%2Cgcr%2Cvprv%2Cmime%2Cns%2Cgir%2Cclen%2Cdur%2Clmt&lsparams=mh%2Cmm%2Cmn%2Cms%2Cmv%2Cmvi%2Cpcm2cms%2Cpl%2Cinitcwndbps&lsig=AG3C_xAwRQIgNdG03XzKSMNv53H-lVV256px9uhDiUbqJKADKNtuZpcCIQDdcRILwFWAB6YRfWPgaM39BonEQ_cqm62TeEk9m6a3zQ%3D%3D&sig=AOq0QJ8wRgIhAJ9ook4FmaKgvzVPP1DsAZSZ-WjfFddXM74vVeRLPzNOAiEAsrwplWy9__bqXuGKo_kZyixUMlmBHTokFl5s5xFn_2E=&ratebypass=yes", "player_url": "/s/player/2e6e57d8/player_ias.vflset/en_US/base.js", "ext": "webm", "height": 720, "format_note": "720p", "vcodec": "vp9", "asr": null, "filesize": 1353390, "fps": 25, "tbr": 85.492, "width": 720, "acodec": "none", "downloader_options": {"http_chunk_size": 10485760}, "format": "247 - 720x720 (720p)", "protocol": "https", "http_headers": {"User-Agent": "Mozilla/5.0 (Windows NT 10.0; Win64; x64) AppleWebKit/537.36 (KHTML, like Gecko) Chrome/70.0.3538.31 Safari/537.36", "Accept-Charset": "ISO-8859-1,utf-8;q=0.7,*;q=0.7", "Accept": "text/html,application/xhtml+xml,application/xml;q=0.9,*/*;q=0.8", "Accept-Encoding": "gzip, deflate", "Accept-Language": "en-us,en;q=0.5"}}, {"format_id": "136", "url": "https://r4---sn-5njj-u2xl.googlevideo.com/videoplayback?expire=1608485362&ei=kTXfX9LDO8KzgQOyqaiIDg&ip=140.109.135.76&id=o-APR45jkTzGFmdqjswX4iJkhMbZDYFJdrzTePcNpmfCBb&itag=136&aitags=133%2C134%2C135%2C136%2C137%2C160%2C242%2C243%2C244%2C247%2C248%2C278&source=youtube&requiressl=yes&mh=pl&mm=31%2C29&mn=sn-5njj-u2xl%2Csn-un57sn7z&ms=au%2Crdu&mv=m&mvi=4&pcm2cms=yes&pl=16&gcr=tw&initcwndbps=690000&vprv=1&mime=video%2Fmp4&ns=63j0Ya4ODUEaycWfZuL6gc0F&gir=yes&clen=2184283&dur=128.680&lmt=1596604183433867&mt=1608463244&fvip=4&keepalive=yes&c=WEB&txp=2316222&n=IdT1C5vUkzBjxKcdX&sparams=expire%2Cei%2Cip%2Cid%2Caitags%2Csource%2Crequiressl%2Cgcr%2Cvprv%2Cmime%2Cns%2Cgir%2Cclen%2Cdur%2Clmt&lsparams=mh%2Cmm%2Cmn%2Cms%2Cmv%2Cmvi%2Cpcm2cms%2Cpl%2Cinitcwndbps&lsig=AG3C_xAwRgIhAJ8TzatUH90c751H-zJ1ingUh9jSe7iDFH9sIsA3xeDWAiEAivDI1atv7LuO4JXalkW4Pa8UoeJ68nIUsWlQnzxY2xA%3D&sig=AOq0QJ8wRgIhAPLWQ0ya5Gwd8JZXRDa17_Q3xAlzLtUZ0HZqaxF2EXbWAiEAzh4s0g15cccf64rrtvvApscuhXCKE77N-DpJjVzEpj4=&ratebypass=yes", "player_url": "/s/player/2e6e57d8/player_ias.vflset/en_US/base.js", "ext": "mp4", "height": 720, "format_note": "720p", "vcodec": "avc1.64001f", "asr": null, "filesize": 2184283, "fps": 25, "tbr": 138.165, "width": 720, "acodec": "none", "downloader_options": {"http_chunk_size": 10485760}, "format": "136 - 720x720 (720p)", "protocol": "https", "http_headers": {"User-Agent": "Mozilla/5.0 (Windows NT 10.0; Win64; x64) AppleWebKit/537.36 (KHTML, like Gecko) Chrome/70.0.3538.31 Safari/537.36", "Accept-Charset": "ISO-8859-1,utf-8;q=0.7,*;q=0.7", "Accept": "text/html,application/xhtml+xml,application/xml;q=0.9,*/*;q=0.8", "Accept-Encoding": "gzip, deflate", "Accept-Language": "en-us,en;q=0.5"}}, {"format_id": "248", "url": "https://r4---sn-5njj-u2xl.googlevideo.com/videoplayback?expire=1608485362&ei=kTXfX9LDO8KzgQOyqaiIDg&ip=140.109.135.76&id=o-APR45jkTzGFmdqjswX4iJkhMbZDYFJdrzTePcNpmfCBb&itag=248&aitags=133%2C134%2C135%2C136%2C137%2C160%2C242%2C243%2C244%2C247%2C248%2C278&source=youtube&requiressl=yes&mh=pl&mm=31%2C29&mn=sn-5njj-u2xl%2Csn-un57sn7z&ms=au%2Crdu&mv=m&mvi=4&pcm2cms=yes&pl=16&gcr=tw&initcwndbps=690000&vprv=1&mime=video%2Fwebm&ns=63j0Ya4ODUEaycWfZuL6gc0F&gir=yes&clen=2825867&dur=128.680&lmt=1596604184109135&mt=1608463244&fvip=4&keepalive=yes&c=WEB&txp=2316222&n=IdT1C5vUkzBjxKcdX&sparams=expire%2Cei%2Cip%2Cid%2Caitags%2Csource%2Crequiressl%2Cgcr%2Cvprv%2Cmime%2Cns%2Cgir%2Cclen%2Cdur%2Clmt&lsparams=mh%2Cmm%2Cmn%2Cms%2Cmv%2Cmvi%2Cpcm2cms%2Cpl%2Cinitcwndbps&lsig=AG3C_xAwRgIhAPaGbEOXpyOfk_RNYyQZ55aMGhyHzs-KTMcTapEnxEwtAiEA7LGlBb_y4CE9H4W7A4rh9pd3bzRAaINd6D0Hh5PlDow%3D&sig=AOq0QJ8wRgIhAPwQrxd1b5jCCEuC_TxG7MEIcRH4d1JuL7hwrHGabxH_AiEApDysb51FJQ_e1gSMxXGSiirN-veB6FN7-K-sqJ3Xpow=&ratebypass=yes", "player_url": "/s/player/2e6e57d8/player_ias.vflset/en_US/base.js", "ext": "webm", "height": 1080, "format_note": "1080p", "vcodec": "vp9", "asr": null, "filesize": 2825867, "fps": 25, "tbr": 177.506, "width": 1080, "acodec": "none", "downloader_options": {"http_chunk_size": 10485760}, "format": "248 - 1080x1080 (1080p)", "protocol": "https", "http_headers": {"User-Agent": "Mozilla/5.0 (Windows NT 10.0; Win64; x64) AppleWebKit/537.36 (KHTML, like Gecko) Chrome/70.0.3538.31 Safari/537.36", "Accept-Charset": "ISO-8859-1,utf-8;q=0.7,*;q=0.7", "Accept": "text/html,application/xhtml+xml,application/xml;q=0.9,*/*;q=0.8", "Accept-Encoding": "gzip, deflate", "Accept-Language": "en-us,en;q=0.5"}}, {"format_id": "137", "url": "https://r4---sn-5njj-u2xl.googlevideo.com/videoplayback?expire=1608485362&ei=kTXfX9LDO8KzgQOyqaiIDg&ip=140.109.135.76&id=o-APR45jkTzGFmdqjswX4iJkhMbZDYFJdrzTePcNpmfCBb&itag=137&aitags=133%2C134%2C135%2C136%2C137%2C160%2C242%2C243%2C244%2C247%2C248%2C278&source=youtube&requiressl=yes&mh=pl&mm=31%2C29&mn=sn-5njj-u2xl%2Csn-un57sn7z&ms=au%2Crdu&mv=m&mvi=4&pcm2cms=yes&pl=16&gcr=tw&initcwndbps=690000&vprv=1&mime=video%2Fmp4&ns=63j0Ya4ODUEaycWfZuL6gc0F&gir=yes&clen=4193579&dur=128.680&lmt=1596604183376163&mt=1608463244&fvip=4&keepalive=yes&c=WEB&txp=2316222&n=IdT1C5vUkzBjxKcdX&sparams=expire%2Cei%2Cip%2Cid%2Caitags%2Csource%2Crequiressl%2Cgcr%2Cvprv%2Cmime%2Cns%2Cgir%2Cclen%2Cdur%2Clmt&lsparams=mh%2Cmm%2Cmn%2Cms%2Cmv%2Cmvi%2Cpcm2cms%2Cpl%2Cinitcwndbps&lsig=AG3C_xAwRAIgX6_hqbA_jmEfJw9pAhIvTFG2EtsSFZNgJcGAjE1C4r8CIGk6qmwYQ6NnmMjsb4p95JUIyxhPNyAI70Cp8kW1-4h2&sig=AOq0QJ8wRQIgdvVzsXUktQ4I6pTabxp7LzzJBmZnrr1_6tj9pn4Rz48CIQD3IoXQsvguNc7Vc8ZoqNjLVc4s-n6Ik7y9eh2zzMnDvA==&ratebypass=yes", "player_url": "/s/player/2e6e57d8/player_ias.vflset/en_US/base.js", "ext": "mp4", "height": 1080, "format_note": "1080p", "vcodec": "avc1.640020", "asr": null, "filesize": 4193579, "fps": 25, "tbr": 263.637, "width": 1080, "acodec": "none", "downloader_options": {"http_chunk_size": 10485760}, "format": "137 - 1080x1080 (1080p)", "protocol": "https", "http_headers": {"User-Agent": "Mozilla/5.0 (Windows NT 10.0; Win64; x64) AppleWebKit/537.36 (KHTML, like Gecko) Chrome/70.0.3538.31 Safari/537.36", "Accept-Charset": "ISO-8859-1,utf-8;q=0.7,*;q=0.7", "Accept": "text/html,application/xhtml+xml,application/xml;q=0.9,*/*;q=0.8", "Accept-Encoding": "gzip, deflate", "Accept-Language": "en-us,en;q=0.5"}}, {"format_id": "18", "url": "https://r4---sn-5njj-u2xl.googlevideo.com/videoplayback?expire=1608485362&ei=kTXfX9LDO8KzgQOyqaiIDg&ip=140.109.135.76&id=o-APR45jkTzGFmdqjswX4iJkhMbZDYFJdrzTePcNpmfCBb&itag=18&source=youtube&requiressl=yes&mh=pl&mm=31%2C29&mn=sn-5njj-u2xl%2Csn-un57sn7z&ms=au%2Crdu&mv=m&mvi=4&pcm2cms=yes&pl=16&gcr=tw&initcwndbps=690000&vprv=1&mime=video%2Fmp4&ns=0vGKdcihGcM-x73GL6J1IocF&gir=yes&clen=2331511&ratebypass=yes&dur=128.754&lmt=1596604180575240&mt=1608463244&fvip=4&c=WEB&txp=2316222&n=qcJAJ41GodlK0Yo4B&sparams=expire%2Cei%2Cip%2Cid%2Citag%2Csource%2Crequiressl%2Cgcr%2Cvprv%2Cmime%2Cns%2Cgir%2Cclen%2Cratebypass%2Cdur%2Clmt&lsparams=mh%2Cmm%2Cmn%2Cms%2Cmv%2Cmvi%2Cpcm2cms%2Cpl%2Cinitcwndbps&lsig=AG3C_xAwRQIhAKrHB-QA6ztFnrlD2oiMGyJzK_RpsYqgVqq2Llf-fRmCAiAIRmQjtSEQbW7RiAi9J9KoWA6GSvjLAWWE-U2fKnL2PA%3D%3D&sig=AOq0QJ8wRgIhAIvc-fHkxS5MktJIBdqabPOPPKRTExRQTvARxlvUncMqAiEA7kbhfk2s2v05fwm249q3KIrRZ470GsE_fLw74_Ez6-s=", "player_url": "/s/player/2e6e57d8/player_ias.vflset/en_US/base.js", "ext": "mp4", "width": 360, "height": 360, "acodec": "mp4a.40.2", "abr": 96, "vcodec": "avc1.42001E", "asr": 44100, "filesize": 2331511, "format_note": "360p", "fps": 25, "tbr": 144.949, "format": "18 - 360x360 (360p)", "protocol": "https", "http_headers": {"User-Agent": "Mozilla/5.0 (Windows NT 10.0; Win64; x64) AppleWebKit/537.36 (KHTML, like Gecko) Chrome/70.0.3538.31 Safari/537.36", "Accept-Charset": "ISO-8859-1,utf-8;q=0.7,*;q=0.7", "Accept": "text/html,application/xhtml+xml,application/xml;q=0.9,*/*;q=0.8", "Accept-Encoding": "gzip, deflate", "Accept-Language": "en-us,en;q=0.5"}}], "is_live": null, "start_time": null, "end_time": null, "series": null, "season_number": null, "episode_number": null, "track": "At Last", "artist": "Peaceful Pianosi", "album": "Piano Cover", "release_date": "20200605", "release_year": 2020, "extractor": "youtube", "webpage_url_basename": "watch", "extractor_key": "Youtube", "playlist": null, "playlist_index": null, "thumbnail": "https://i.ytimg.com/vi_webp/WBxql6cuU7c/maxresdefault.webp", "display_id": "WBxql6cuU7c", "requested_subtitles": null, "format_id": "251", "url": "https://r4---sn-5njj-u2xl.googlevideo.com/videoplayback?expire=1608485362&ei=kTXfX9LDO8KzgQOyqaiIDg&ip=140.109.135.76&id=o-APR45jkTzGFmdqjswX4iJkhMbZDYFJdrzTePcNpmfCBb&itag=251&source=youtube&requiressl=yes&mh=pl&mm=31%2C29&mn=sn-5njj-u2xl%2Csn-un57sn7z&ms=au%2Crdu&mv=m&mvi=4&pcm2cms=yes&pl=16&gcr=tw&initcwndbps=690000&vprv=1&mime=audio%2Fwebm&ns=63j0Ya4ODUEaycWfZuL6gc0F&gir=yes&clen=2475088&dur=128.721&lmt=1596604180332546&mt=1608463244&fvip=4&keepalive=yes&c=WEB&txp=2311222&n=IdT1C5vUkzBjxKcdX&sparams=expire%2Cei%2Cip%2Cid%2Citag%2Csource%2Crequiressl%2Cgcr%2Cvprv%2Cmime%2Cns%2Cgir%2Cclen%2Cdur%2Clmt&lsparams=mh%2Cmm%2Cmn%2Cms%2Cmv%2Cmvi%2Cpcm2cms%2Cpl%2Cinitcwndbps&lsig=AG3C_xAwRAIgTlDNSwEkPr4l2cYhV7G2npAFd3k-FhIDjAY9NodZeGsCIFDkK8oJbU4CZX8Zst08KBarID_S6lCUDyFBSoVKMowB&sig=AOq0QJ8wRAIgSqfcK6XpxlqnzJF55mzrXarHMVc7nluvK5IHjhWeYbECIEV4vCmvnCYXIKCryx-2ZV9yiaAAPtCrCPvnCYVVqzqU&ratebypass=yes", "player_url": "/s/player/2e6e57d8/player_ias.vflset/en_US/base.js", "ext": "webm", "format_note": "tiny", "acodec": "opus", "abr": 160, "asr": 48000, "filesize": 2475088, "fps": null, "height": null, "tbr": 158.109, "width": null, "vcodec": "none", "downloader_options": {"http_chunk_size": 10485760}, "format": "251 - audio only (tiny)", "protocol": "https", "http_headers": {"User-Agent": "Mozilla/5.0 (Windows NT 10.0; Win64; x64) AppleWebKit/537.36 (KHTML, like Gecko) Chrome/70.0.3538.31 Safari/537.36", "Accept-Charset": "ISO-8859-1,utf-8;q=0.7,*;q=0.7", "Accept": "text/html,application/xhtml+xml,application/xml;q=0.9,*/*;q=0.8", "Accept-Encoding": "gzip, deflate", "Accept-Language": "en-us,en;q=0.5"}}