{"id": "X1p8xcarVu0", "uploader": "TheJRSoundDesign", "uploader_id": "UCaPOazQMr6HA9S68uPoD3WQ", "uploader_url": "http://www.youtube.com/channel/UCaPOazQMr6HA9S68uPoD3WQ", "channel_id": "UCaPOazQMr6HA9S68uPoD3WQ", "channel_url": "http://www.youtube.com/channel/UCaPOazQMr6HA9S68uPoD3WQ", "upload_date": "20191217", "license": null, "creator": "Justus R\u00fcmenapp ", "title": "Daydream | Beautiful Emotional Piano Solo Composition by Justus R\u00fcmenapp", "alt_title": "Silence", "thumbnails": [{"url": "https://i.ytimg.com/vi/X1p8xcarVu0/hqdefault.jpg?sqp=-oaymwEbCKgBEF5IVfKriqkDDggBFQAAiEIYAXABwAEG&rs=AOn4CLCpIQkrtLeA-gUx-56JRx94lE1ZJA", "width": 168, "height": 94, "resolution": "168x94", "id": "0"}, {"url": "https://i.ytimg.com/vi/X1p8xcarVu0/hqdefault.jpg?sqp=-oaymwEbCMQBEG5IVfKriqkDDggBFQAAiEIYAXABwAEG&rs=AOn4CLAZlxLvPr0ddEF3WAFY39TMkcJ6rA", "width": 196, "height": 110, "resolution": "196x110", "id": "1"}, {"url": "https://i.ytimg.com/vi/X1p8xcarVu0/hqdefault.jpg?sqp=-oaymwEcCPYBEIoBSFXyq4qpAw4IARUAAIhCGAFwAcABBg==&rs=AOn4CLAnjF2UuVrayLnFoTeXZBEf4BgaOg", "width": 246, "height": 138, "resolution": "246x138", "id": "2"}, {"url": "https://i.ytimg.com/vi/X1p8xcarVu0/hqdefault.jpg?sqp=-oaymwEcCNACELwBSFXyq4qpAw4IARUAAIhCGAFwAcABBg==&rs=AOn4CLBJi5yqRaKtLarG1dvKmjUzBZT94g", "width": 336, "height": 188, "resolution": "336x188", "id": "3"}, {"url": "https://i.ytimg.com/vi_webp/X1p8xcarVu0/maxresdefault.webp", "width": 1920, "height": 1080, "resolution": "1920x1080", "id": "4"}], "description": "#yogamusic #meditate #meditionmusic #emotionalpiano\n\n\u201eDaydream\u201c is a very calm and emotional Piano Solo composition in New Age / Neoclassical Genre. \nThe Sound reminds to Music from Nils Frahm or Ludovico Einaudi. \n\nSPOTIFY: https://open.spotify.com/artist/5ReWt14yNNEEllVZddhEDl\nINSTAGRAM: https://www.instagram.com/thejrsounddesign/?hl=de\nFACEBOOK: https://www.facebook.com/TheJRSoundDesign\nWeb: music-licensing.de\nMAIL: justus@music-licensing.de", "categories": ["Music"], "tags": ["emotional music", "emotional piano", "sad piano", "hopeful piano", "music to dream", "music to relax", "neoclassical", "nils frahm", "einaudi", "yiruma", "meditation music", "yoga music", "meditate"], "subtitles": {}, "automatic_captions": {}, "duration": 190, "age_limit": 0, "annotations": null, "chapters": null, "webpage_url": "https://www.youtube.com/watch?v=X1p8xcarVu0", "view_count": 482, "like_count": 16, "dislike_count": 2, "average_rating": 4.7647057, "formats": [{"ext": "m4a", "format_note": "DASH audio", "acodec": "mp4a.40.5", "abr": 48, "container": "m4a_dash", "format_id": "139", "manifest_url": "https://manifest.googlevideo.com/api/manifest/dash/expire/1611764148/ei/VD0RYJKYL6CMs8IP_-S_iAE/ip/140.109.135.76/id/5f5a7cc5c6ab56ed/source/youtube/requiressl/yes/playback_host/r2---sn-5njj-u2xe.googlevideo.com/mh/6k/mm/31%2C29/mn/sn-5njj-u2xe%2Csn-un57sn7z/ms/au%2Crdu/mv/m/mvi/2/pl/16/hfr/all/as/fmp4_audio_clear%2Cwebm_audio_clear%2Cwebm2_audio_clear%2Cfmp4_sd_hd_clear%2Cwebm2_sd_hd_clear/initcwndbps/681250/vprv/1/mt/1611742127/fvip/2/keepalive/yes/itag/0/sparams/expire%2Cei%2Cip%2Cid%2Csource%2Crequiressl%2Chfr%2Cas%2Cvprv%2Citag/sig/AOq0QJ8wRQIgQLWNMd_Id0awUTHS9nEQwluEqnvX5yDxUX9FrRu0rksCIQCle6IV2AF6ikyT9_ys4JYKc0G7VjO_8UR7Efn_O2C4cQ%3D%3D/lsparams/playback_host%2Cmh%2Cmm%2Cmn%2Cms%2Cmv%2Cmvi%2Cpl%2Cinitcwndbps/lsig/AG3C_xAwRgIhAJIdxxlE8mnEwMly9dEjeQ315YL1yRjy2kCR5OiNqUNoAiEAxW2QUF1LHe4PrvjQXB_iHLMGCgVh0v2HuhPNyJXaJTo%3D", "width": null, "height": null, "tbr": 50.035, "asr": 22050, "fps": null, "language": null, "filesize": null, "vcodec": "none", "url": "https://manifest.googlevideo.com/api/manifest/dash/expire/1611764148/ei/VD0RYJKYL6CMs8IP_-S_iAE/ip/140.109.135.76/id/5f5a7cc5c6ab56ed/source/youtube/requiressl/yes/playback_host/r2---sn-5njj-u2xe.googlevideo.com/mh/6k/mm/31%2C29/mn/sn-5njj-u2xe%2Csn-un57sn7z/ms/au%2Crdu/mv/m/mvi/2/pl/16/hfr/all/as/fmp4_audio_clear%2Cwebm_audio_clear%2Cwebm2_audio_clear%2Cfmp4_sd_hd_clear%2Cwebm2_sd_hd_clear/initcwndbps/681250/vprv/1/mt/1611742127/fvip/2/keepalive/yes/itag/0/sparams/expire%2Cei%2Cip%2Cid%2Csource%2Crequiressl%2Chfr%2Cas%2Cvprv%2Citag/sig/AOq0QJ8wRQIgQLWNMd_Id0awUTHS9nEQwluEqnvX5yDxUX9FrRu0rksCIQCle6IV2AF6ikyT9_ys4JYKc0G7VjO_8UR7Efn_O2C4cQ%3D%3D/lsparams/playback_host%2Cmh%2Cmm%2Cmn%2Cms%2Cmv%2Cmvi%2Cpl%2Cinitcwndbps/lsig/AG3C_xAwRgIhAJIdxxlE8mnEwMly9dEjeQ315YL1yRjy2kCR5OiNqUNoAiEAxW2QUF1LHe4PrvjQXB_iHLMGCgVh0v2HuhPNyJXaJTo%3D", "fragment_base_url": "https://r2---sn-5njj-u2xe.googlevideo.com/videoplayback/expire/1611764148/ei/VD0RYJKYL6CMs8IP_-S_iAE/ip/140.109.135.76/id/5f5a7cc5c6ab56ed/itag/139/source/youtube/requiressl/yes/mh/6k/mm/31,29/mn/sn-5njj-u2xe,sn-un57sn7z/ms/au,rdu/mv/m/mvi/2/pl/16/initcwndbps/681250/vprv/1/ratebypass/yes/mime/audio%2Fmp4/otfp/1/gir/yes/clen/1159196/lmt/1576583791482211/dur/189.939/mt/1611742127/fvip/2/keepalive/yes/sparams/expire,ei,ip,id,itag,source,requiressl,vprv,ratebypass,mime,otfp,gir,clen,lmt,dur/sig/AOq0QJ8wRgIhAPFwpzoE8oEDIKcWXJ12UImIjNKnkmWXlHXtATurQFBoAiEA0W6pOJHwJHY99Y6-NxYcocMI2AhBCU_wtFXpRxPzjJ4%3D/lsparams/mh,mm,mn,ms,mv,mvi,pl,initcwndbps/lsig/AG3C_xAwRgIhANopyyDrZ4lO97KlJJAmwPMCYPdU0MSV5Hn9n_y2-zFIAiEA1iWHUe2LgzVfeamN7BUxhp-87zVlAZTxM_65JMJTATE%3D/", "fragments": [{"path": "range/0-640"}, {"path": "range/913-62449", "duration": 9.985}, {"path": "range/62450-123259", "duration": 9.984}, {"path": "range/123260-184059", "duration": 9.985}, {"path": "range/184060-244921", "duration": 9.984}, {"path": "range/244922-305925", "duration": 9.985}, {"path": "range/305926-366746", "duration": 9.984}, {"path": "range/366747-427583", "duration": 9.985}, {"path": "range/427584-488573", "duration": 9.985}, {"path": "range/488574-549382", "duration": 9.984}, {"path": "range/549383-610291", "duration": 9.985}, {"path": "range/610292-671231", "duration": 9.984}, {"path": "range/671232-731937", "duration": 9.985}, {"path": "range/731938-792832", "duration": 9.985}, {"path": "range/792833-853692", "duration": 9.984}, {"path": "range/853693-914532", "duration": 9.985}, {"path": "range/914533-975574", "duration": 9.984}, {"path": "range/975575-1036315", "duration": 9.985}, {"path": "range/1036316-1097248", "duration": 9.984}, {"path": "range/1097249-1158151", "duration": 9.985}, {"path": "range/1158152-1159195", "duration": 0.232}], "protocol": "http_dash_segments", "format": "139 - audio only (DASH audio)", "http_headers": {"User-Agent": "Mozilla/5.0 (Windows NT 10.0; Win64; x64) AppleWebKit/537.36 (KHTML, like Gecko) Chrome/72.0.3626.25 Safari/537.36", "Accept-Charset": "ISO-8859-1,utf-8;q=0.7,*;q=0.7", "Accept": "text/html,application/xhtml+xml,application/xml;q=0.9,*/*;q=0.8", "Accept-Encoding": "gzip, deflate", "Accept-Language": "en-us,en;q=0.5"}}, {"ext": "m4a", "format_note": "DASH audio", "acodec": "mp4a.40.2", "abr": 128, "container": "m4a_dash", "format_id": "140", "manifest_url": "https://manifest.googlevideo.com/api/manifest/dash/expire/1611764148/ei/VD0RYJKYL6CMs8IP_-S_iAE/ip/140.109.135.76/id/5f5a7cc5c6ab56ed/source/youtube/requiressl/yes/playback_host/r2---sn-5njj-u2xe.googlevideo.com/mh/6k/mm/31%2C29/mn/sn-5njj-u2xe%2Csn-un57sn7z/ms/au%2Crdu/mv/m/mvi/2/pl/16/hfr/all/as/fmp4_audio_clear%2Cwebm_audio_clear%2Cwebm2_audio_clear%2Cfmp4_sd_hd_clear%2Cwebm2_sd_hd_clear/initcwndbps/681250/vprv/1/mt/1611742127/fvip/2/keepalive/yes/itag/0/sparams/expire%2Cei%2Cip%2Cid%2Csource%2Crequiressl%2Chfr%2Cas%2Cvprv%2Citag/sig/AOq0QJ8wRQIgQLWNMd_Id0awUTHS9nEQwluEqnvX5yDxUX9FrRu0rksCIQCle6IV2AF6ikyT9_ys4JYKc0G7VjO_8UR7Efn_O2C4cQ%3D%3D/lsparams/playback_host%2Cmh%2Cmm%2Cmn%2Cms%2Cmv%2Cmvi%2Cpl%2Cinitcwndbps/lsig/AG3C_xAwRgIhAJIdxxlE8mnEwMly9dEjeQ315YL1yRjy2kCR5OiNqUNoAiEAxW2QUF1LHe4PrvjQXB_iHLMGCgVh0v2HuhPNyJXaJTo%3D", "width": null, "height": null, "tbr": 130.512, "asr": 44100, "fps": null, "language": null, "filesize": null, "vcodec": "none", "url": "https://manifest.googlevideo.com/api/manifest/dash/expire/1611764148/ei/VD0RYJKYL6CMs8IP_-S_iAE/ip/140.109.135.76/id/5f5a7cc5c6ab56ed/source/youtube/requiressl/yes/playback_host/r2---sn-5njj-u2xe.googlevideo.com/mh/6k/mm/31%2C29/mn/sn-5njj-u2xe%2Csn-un57sn7z/ms/au%2Crdu/mv/m/mvi/2/pl/16/hfr/all/as/fmp4_audio_clear%2Cwebm_audio_clear%2Cwebm2_audio_clear%2Cfmp4_sd_hd_clear%2Cwebm2_sd_hd_clear/initcwndbps/681250/vprv/1/mt/1611742127/fvip/2/keepalive/yes/itag/0/sparams/expire%2Cei%2Cip%2Cid%2Csource%2Crequiressl%2Chfr%2Cas%2Cvprv%2Citag/sig/AOq0QJ8wRQIgQLWNMd_Id0awUTHS9nEQwluEqnvX5yDxUX9FrRu0rksCIQCle6IV2AF6ikyT9_ys4JYKc0G7VjO_8UR7Efn_O2C4cQ%3D%3D/lsparams/playback_host%2Cmh%2Cmm%2Cmn%2Cms%2Cmv%2Cmvi%2Cpl%2Cinitcwndbps/lsig/AG3C_xAwRgIhAJIdxxlE8mnEwMly9dEjeQ315YL1yRjy2kCR5OiNqUNoAiEAxW2QUF1LHe4PrvjQXB_iHLMGCgVh0v2HuhPNyJXaJTo%3D", "fragment_base_url": "https://r2---sn-5njj-u2xe.googlevideo.com/videoplayback/expire/1611764148/ei/VD0RYJKYL6CMs8IP_-S_iAE/ip/140.109.135.76/id/5f5a7cc5c6ab56ed/itag/140/source/youtube/requiressl/yes/mh/6k/mm/31,29/mn/sn-5njj-u2xe,sn-un57sn7z/ms/au,rdu/mv/m/mvi/2/pl/16/initcwndbps/681250/vprv/1/ratebypass/yes/mime/audio%2Fmp4/otfp/1/gir/yes/clen/3073980/lmt/1576583791489578/dur/189.892/mt/1611742127/fvip/2/keepalive/yes/sparams/expire,ei,ip,id,itag,source,requiressl,vprv,ratebypass,mime,otfp,gir,clen,lmt,dur/sig/AOq0QJ8wRgIhAOU_P_doAoOYO69-YwXGGfxGlP_i7YgrerD5owZQYv5PAiEAm1sFD85T2h3euPZJtHWDa_9BPmYkQ9B35vkyu6X4IrY%3D/lsparams/mh,mm,mn,ms,mv,mvi,pl,initcwndbps/lsig/AG3C_xAwRAIgVX36bHF1CefvLugndA3_qK_R8lsTqbpea2nW691z5EQCIF9gI-Za9dd3w5RA18AvMi9E1JnAaA3iqVSzl0WWt-c-/", "fragments": [{"path": "range/0-631"}, {"path": "range/904-162895", "duration": 9.985}, {"path": "range/162896-324432", "duration": 9.984}, {"path": "range/324433-486013", "duration": 9.985}, {"path": "range/486014-647548", "duration": 9.984}, {"path": "range/647549-809178", "duration": 9.985}, {"path": "range/809179-970682", "duration": 9.984}, {"path": "range/970683-1132223", "duration": 9.985}, {"path": "range/1132224-1293879", "duration": 9.985}, {"path": "range/1293880-1455433", "duration": 9.984}, {"path": "range/1455434-1617078", "duration": 9.985}, {"path": "range/1617079-1778663", "duration": 9.984}, {"path": "range/1778664-1940237", "duration": 9.985}, {"path": "range/1940238-2101713", "duration": 9.985}, {"path": "range/2101714-2263293", "duration": 9.984}, {"path": "range/2263294-2424930", "duration": 9.985}, {"path": "range/2424931-2586514", "duration": 9.984}, {"path": "range/2586515-2748137", "duration": 9.985}, {"path": "range/2748138-2909647", "duration": 9.984}, {"path": "range/2909648-3071122", "duration": 9.985}, {"path": "range/3071123-3073979", "duration": 0.232}], "protocol": "http_dash_segments", "format": "140 - audio only (DASH audio)", "http_headers": {"User-Agent": "Mozilla/5.0 (Windows NT 10.0; Win64; x64) AppleWebKit/537.36 (KHTML, like Gecko) Chrome/72.0.3626.25 Safari/537.36", "Accept-Charset": "ISO-8859-1,utf-8;q=0.7,*;q=0.7", "Accept": "text/html,application/xhtml+xml,application/xml;q=0.9,*/*;q=0.8", "Accept-Encoding": "gzip, deflate", "Accept-Language": "en-us,en;q=0.5"}}, {"ext": "webm", "format_note": "DASH audio", "acodec": "opus", "abr": 160, "format_id": "251", "manifest_url": "https://manifest.googlevideo.com/api/manifest/dash/expire/1611764148/ei/VD0RYJKYL6CMs8IP_-S_iAE/ip/140.109.135.76/id/5f5a7cc5c6ab56ed/source/youtube/requiressl/yes/playback_host/r2---sn-5njj-u2xe.googlevideo.com/mh/6k/mm/31%2C29/mn/sn-5njj-u2xe%2Csn-un57sn7z/ms/au%2Crdu/mv/m/mvi/2/pl/16/hfr/all/as/fmp4_audio_clear%2Cwebm_audio_clear%2Cwebm2_audio_clear%2Cfmp4_sd_hd_clear%2Cwebm2_sd_hd_clear/initcwndbps/681250/vprv/1/mt/1611742127/fvip/2/keepalive/yes/itag/0/sparams/expire%2Cei%2Cip%2Cid%2Csource%2Crequiressl%2Chfr%2Cas%2Cvprv%2Citag/sig/AOq0QJ8wRQIgQLWNMd_Id0awUTHS9nEQwluEqnvX5yDxUX9FrRu0rksCIQCle6IV2AF6ikyT9_ys4JYKc0G7VjO_8UR7Efn_O2C4cQ%3D%3D/lsparams/playback_host%2Cmh%2Cmm%2Cmn%2Cms%2Cmv%2Cmvi%2Cpl%2Cinitcwndbps/lsig/AG3C_xAwRgIhAJIdxxlE8mnEwMly9dEjeQ315YL1yRjy2kCR5OiNqUNoAiEAxW2QUF1LHe4PrvjQXB_iHLMGCgVh0v2HuhPNyJXaJTo%3D", "width": null, "height": null, "tbr": 163.05, "asr": 48000, "fps": null, "language": null, "filesize": null, "container": "webm_dash", "vcodec": "none", "url": "https://manifest.googlevideo.com/api/manifest/dash/expire/1611764148/ei/VD0RYJKYL6CMs8IP_-S_iAE/ip/140.109.135.76/id/5f5a7cc5c6ab56ed/source/youtube/requiressl/yes/playback_host/r2---sn-5njj-u2xe.googlevideo.com/mh/6k/mm/31%2C29/mn/sn-5njj-u2xe%2Csn-un57sn7z/ms/au%2Crdu/mv/m/mvi/2/pl/16/hfr/all/as/fmp4_audio_clear%2Cwebm_audio_clear%2Cwebm2_audio_clear%2Cfmp4_sd_hd_clear%2Cwebm2_sd_hd_clear/initcwndbps/681250/vprv/1/mt/1611742127/fvip/2/keepalive/yes/itag/0/sparams/expire%2Cei%2Cip%2Cid%2Csource%2Crequiressl%2Chfr%2Cas%2Cvprv%2Citag/sig/AOq0QJ8wRQIgQLWNMd_Id0awUTHS9nEQwluEqnvX5yDxUX9FrRu0rksCIQCle6IV2AF6ikyT9_ys4JYKc0G7VjO_8UR7Efn_O2C4cQ%3D%3D/lsparams/playback_host%2Cmh%2Cmm%2Cmn%2Cms%2Cmv%2Cmvi%2Cpl%2Cinitcwndbps/lsig/AG3C_xAwRgIhAJIdxxlE8mnEwMly9dEjeQ315YL1yRjy2kCR5OiNqUNoAiEAxW2QUF1LHe4PrvjQXB_iHLMGCgVh0v2HuhPNyJXaJTo%3D", "fragment_base_url": "https://r2---sn-5njj-u2xe.googlevideo.com/videoplayback/expire/1611764148/ei/VD0RYJKYL6CMs8IP_-S_iAE/ip/140.109.135.76/id/5f5a7cc5c6ab56ed/itag/251/source/youtube/requiressl/yes/mh/6k/mm/31,29/mn/sn-5njj-u2xe,sn-un57sn7z/ms/au,rdu/mv/m/mvi/2/pl/16/initcwndbps/681250/vprv/1/ratebypass/yes/mime/audio%2Fwebm/otfp/1/gir/yes/clen/3711968/lmt/1576583791488955/dur/189.861/mt/1611742127/fvip/2/keepalive/yes/sparams/expire,ei,ip,id,itag,source,requiressl,vprv,ratebypass,mime,otfp,gir,clen,lmt,dur/sig/AOq0QJ8wRQIhAITx_igUq5nMIbJvfoRboRmfCXMe8RYT58nesWY6OV64AiBpA9sdw2Jr7hb5LL3KWDFj1G6fVgK9y2PuL63Zzy4ngw%3D%3D/lsparams/mh,mm,mn,ms,mv,mvi,pl,initcwndbps/lsig/AG3C_xAwRQIgVS8Z-Qpfudp_XtH_cTPlcSVsbof8lvrrSy3Iybdb5KcCIQCGS5TWAw8IHd2EAA2GUDGw5K_6BxG55Z26d5gt1S7ptA%3D%3D/", "fragments": [{"path": "range/0-258"}, {"path": "range/579-196468", "duration": 10.001}, {"path": "range/196469-393715", "duration": 10.0}, {"path": "range/393716-594575", "duration": 10.0}, {"path": "range/594576-796145", "duration": 10.0}, {"path": "range/796146-999745", "duration": 10.0}, {"path": "range/999746-1203558", "duration": 10.0}, {"path": "range/1203559-1394128", "duration": 10.0}, {"path": "range/1394129-1585265", "duration": 10.0}, {"path": "range/1585266-1784917", "duration": 10.0}, {"path": "range/1784918-1975077", "duration": 10.0}, {"path": "range/1975078-2171264", "duration": 10.0}, {"path": "range/2171265-2371838", "duration": 10.0}, {"path": "range/2371839-2567798", "duration": 10.0}, {"path": "range/2567799-2763580", "duration": 10.0}, {"path": "range/2763581-2960975", "duration": 10.0}, {"path": "range/2960976-3154056", "duration": 10.0}, {"path": "range/3154057-3352641", "duration": 10.0}, {"path": "range/3352642-3544704", "duration": 10.0}, {"path": "range/3544705-3711967", "duration": 9.86}], "protocol": "http_dash_segments", "format": "251 - audio only (DASH audio)", "http_headers": {"User-Agent": "Mozilla/5.0 (Windows NT 10.0; Win64; x64) AppleWebKit/537.36 (KHTML, like Gecko) Chrome/72.0.3626.25 Safari/537.36", "Accept-Charset": "ISO-8859-1,utf-8;q=0.7,*;q=0.7", "Accept": "text/html,application/xhtml+xml,application/xml;q=0.9,*/*;q=0.8", "Accept-Encoding": "gzip, deflate", "Accept-Language": "en-us,en;q=0.5"}}, {"ext": "webm", "height": 144, "format_note": "DASH video", "container": "webm_dash", "vcodec": "vp9", "format_id": "278", "manifest_url": "https://manifest.googlevideo.com/api/manifest/dash/expire/1611764148/ei/VD0RYJKYL6CMs8IP_-S_iAE/ip/140.109.135.76/id/5f5a7cc5c6ab56ed/source/youtube/requiressl/yes/playback_host/r2---sn-5njj-u2xe.googlevideo.com/mh/6k/mm/31%2C29/mn/sn-5njj-u2xe%2Csn-un57sn7z/ms/au%2Crdu/mv/m/mvi/2/pl/16/hfr/all/as/fmp4_audio_clear%2Cwebm_audio_clear%2Cwebm2_audio_clear%2Cfmp4_sd_hd_clear%2Cwebm2_sd_hd_clear/initcwndbps/681250/vprv/1/mt/1611742127/fvip/2/keepalive/yes/itag/0/sparams/expire%2Cei%2Cip%2Cid%2Csource%2Crequiressl%2Chfr%2Cas%2Cvprv%2Citag/sig/AOq0QJ8wRQIgQLWNMd_Id0awUTHS9nEQwluEqnvX5yDxUX9FrRu0rksCIQCle6IV2AF6ikyT9_ys4JYKc0G7VjO_8UR7Efn_O2C4cQ%3D%3D/lsparams/playback_host%2Cmh%2Cmm%2Cmn%2Cms%2Cmv%2Cmvi%2Cpl%2Cinitcwndbps/lsig/AG3C_xAwRgIhAJIdxxlE8mnEwMly9dEjeQ315YL1yRjy2kCR5OiNqUNoAiEAxW2QUF1LHe4PrvjQXB_iHLMGCgVh0v2HuhPNyJXaJTo%3D", "width": 256, "tbr": 95.0, "asr": null, "fps": 30, "language": null, "filesize": null, "acodec": "none", "url": "https://manifest.googlevideo.com/api/manifest/dash/expire/1611764148/ei/VD0RYJKYL6CMs8IP_-S_iAE/ip/140.109.135.76/id/5f5a7cc5c6ab56ed/source/youtube/requiressl/yes/playback_host/r2---sn-5njj-u2xe.googlevideo.com/mh/6k/mm/31%2C29/mn/sn-5njj-u2xe%2Csn-un57sn7z/ms/au%2Crdu/mv/m/mvi/2/pl/16/hfr/all/as/fmp4_audio_clear%2Cwebm_audio_clear%2Cwebm2_audio_clear%2Cfmp4_sd_hd_clear%2Cwebm2_sd_hd_clear/initcwndbps/681250/vprv/1/mt/1611742127/fvip/2/keepalive/yes/itag/0/sparams/expire%2Cei%2Cip%2Cid%2Csource%2Crequiressl%2Chfr%2Cas%2Cvprv%2Citag/sig/AOq0QJ8wRQIgQLWNMd_Id0awUTHS9nEQwluEqnvX5yDxUX9FrRu0rksCIQCle6IV2AF6ikyT9_ys4JYKc0G7VjO_8UR7Efn_O2C4cQ%3D%3D/lsparams/playback_host%2Cmh%2Cmm%2Cmn%2Cms%2Cmv%2Cmvi%2Cpl%2Cinitcwndbps/lsig/AG3C_xAwRgIhAJIdxxlE8mnEwMly9dEjeQ315YL1yRjy2kCR5OiNqUNoAiEAxW2QUF1LHe4PrvjQXB_iHLMGCgVh0v2HuhPNyJXaJTo%3D", "fragment_base_url": "https://r2---sn-5njj-u2xe.googlevideo.com/videoplayback/expire/1611764148/ei/VD0RYJKYL6CMs8IP_-S_iAE/ip/140.109.135.76/id/5f5a7cc5c6ab56ed/itag/278/source/yt_otf/requiressl/yes/mh/6k/mm/31,29/mn/sn-5njj-u2xe,sn-un57sn7z/ms/au,rdu/mv/m/mvi/2/pl/16/initcwndbps/681250/vprv/1/ratebypass/yes/mime/video%2Fwebm/otfp/1/otf/1/lmt/1576583796283550/mt/1611742127/fvip/2/keepalive/yes/sparams/expire,ei,ip,id,itag,source,requiressl,vprv,ratebypass,mime,otfp,otf,lmt/sig/AOq0QJ8wRQIhAK37f9lXu71Zb0mspytWWkPA1UzJ4myZY-MlGStKMuWwAiBUKdeDzS-vLLTXDnTh6Ku59gaNibuz1KeDaoAlIfAEig%3D%3D/lsparams/mh,mm,mn,ms,mv,mvi,pl,initcwndbps/lsig/AG3C_xAwRAIgWC9VCFSRcISfcufQDBMQvxe5qcZz8trZuISglrLj2NUCIEE6dXsJhZVc9oQauAolJm9du44XoqIyutCtFfo6xShD/", "fragments": [{"path": "sq/0"}, {"path": "sq/1/dur/5.333", "duration": 5.333}, {"path": "sq/2/dur/5.334", "duration": 5.334}, {"path": "sq/3/dur/5.333", "duration": 5.333}, {"path": "sq/4/dur/5.333", "duration": 5.333}, {"path": "sq/5/dur/5.334", "duration": 5.334}, {"path": "sq/6/dur/5.333", "duration": 5.333}, {"path": "sq/7/dur/5.333", "duration": 5.333}, {"path": "sq/8/dur/5.334", "duration": 5.334}, {"path": "sq/9/dur/5.333", "duration": 5.333}, {"path": "sq/10/dur/5.333", "duration": 5.333}, {"path": "sq/11/dur/5.334", "duration": 5.334}, {"path": "sq/12/dur/5.333", "duration": 5.333}, {"path": "sq/13/dur/5.333", "duration": 5.333}, {"path": "sq/14/dur/5.334", "duration": 5.334}, {"path": "sq/15/dur/5.333", "duration": 5.333}, {"path": "sq/16/dur/5.333", "duration": 5.333}, {"path": "sq/17/dur/5.334", "duration": 5.334}, {"path": "sq/18/dur/5.333", "duration": 5.333}, {"path": "sq/19/dur/5.333", "duration": 5.333}, {"path": "sq/20/dur/5.334", "duration": 5.334}, {"path": "sq/21/dur/5.333", "duration": 5.333}, {"path": "sq/22/dur/5.333", "duration": 5.333}, {"path": "sq/23/dur/5.334", "duration": 5.334}, {"path": "sq/24/dur/5.333", "duration": 5.333}, {"path": "sq/25/dur/5.333", "duration": 5.333}, {"path": "sq/26/dur/5.334", "duration": 5.334}, {"path": "sq/27/dur/5.333", "duration": 5.333}, {"path": "sq/28/dur/5.333", "duration": 5.333}, {"path": "sq/29/dur/5.334", "duration": 5.334}, {"path": "sq/30/dur/5.333", "duration": 5.333}, {"path": "sq/31/dur/5.333", "duration": 5.333}, {"path": "sq/32/dur/5.334", "duration": 5.334}, {"path": "sq/33/dur/5.333", "duration": 5.333}, {"path": "sq/34/dur/5.333", "duration": 5.333}, {"path": "sq/35/dur/5.334", "duration": 5.334}, {"path": "sq/36/dur/3.167", "duration": 3.167}], "protocol": "http_dash_segments", "format": "278 - 256x144 (DASH video)", "http_headers": {"User-Agent": "Mozilla/5.0 (Windows NT 10.0; Win64; x64) AppleWebKit/537.36 (KHTML, like Gecko) Chrome/72.0.3626.25 Safari/537.36", "Accept-Charset": "ISO-8859-1,utf-8;q=0.7,*;q=0.7", "Accept": "text/html,application/xhtml+xml,application/xml;q=0.9,*/*;q=0.8", "Accept-Encoding": "gzip, deflate", "Accept-Language": "en-us,en;q=0.5"}}, {"ext": "mp4", "height": 144, "format_note": "DASH video", "vcodec": "avc1.4d400b", "format_id": "160", "manifest_url": "https://manifest.googlevideo.com/api/manifest/dash/expire/1611764148/ei/VD0RYJKYL6CMs8IP_-S_iAE/ip/140.109.135.76/id/5f5a7cc5c6ab56ed/source/youtube/requiressl/yes/playback_host/r2---sn-5njj-u2xe.googlevideo.com/mh/6k/mm/31%2C29/mn/sn-5njj-u2xe%2Csn-un57sn7z/ms/au%2Crdu/mv/m/mvi/2/pl/16/hfr/all/as/fmp4_audio_clear%2Cwebm_audio_clear%2Cwebm2_audio_clear%2Cfmp4_sd_hd_clear%2Cwebm2_sd_hd_clear/initcwndbps/681250/vprv/1/mt/1611742127/fvip/2/keepalive/yes/itag/0/sparams/expire%2Cei%2Cip%2Cid%2Csource%2Crequiressl%2Chfr%2Cas%2Cvprv%2Citag/sig/AOq0QJ8wRQIgQLWNMd_Id0awUTHS9nEQwluEqnvX5yDxUX9FrRu0rksCIQCle6IV2AF6ikyT9_ys4JYKc0G7VjO_8UR7Efn_O2C4cQ%3D%3D/lsparams/playback_host%2Cmh%2Cmm%2Cmn%2Cms%2Cmv%2Cmvi%2Cpl%2Cinitcwndbps/lsig/AG3C_xAwRgIhAJIdxxlE8mnEwMly9dEjeQ315YL1yRjy2kCR5OiNqUNoAiEAxW2QUF1LHe4PrvjQXB_iHLMGCgVh0v2HuhPNyJXaJTo%3D", "width": 256, "tbr": 108.0, "asr": null, "fps": 30, "language": null, "filesize": null, "container": "mp4_dash", "acodec": "none", "url": "https://manifest.googlevideo.com/api/manifest/dash/expire/1611764148/ei/VD0RYJKYL6CMs8IP_-S_iAE/ip/140.109.135.76/id/5f5a7cc5c6ab56ed/source/youtube/requiressl/yes/playback_host/r2---sn-5njj-u2xe.googlevideo.com/mh/6k/mm/31%2C29/mn/sn-5njj-u2xe%2Csn-un57sn7z/ms/au%2Crdu/mv/m/mvi/2/pl/16/hfr/all/as/fmp4_audio_clear%2Cwebm_audio_clear%2Cwebm2_audio_clear%2Cfmp4_sd_hd_clear%2Cwebm2_sd_hd_clear/initcwndbps/681250/vprv/1/mt/1611742127/fvip/2/keepalive/yes/itag/0/sparams/expire%2Cei%2Cip%2Cid%2Csource%2Crequiressl%2Chfr%2Cas%2Cvprv%2Citag/sig/AOq0QJ8wRQIgQLWNMd_Id0awUTHS9nEQwluEqnvX5yDxUX9FrRu0rksCIQCle6IV2AF6ikyT9_ys4JYKc0G7VjO_8UR7Efn_O2C4cQ%3D%3D/lsparams/playback_host%2Cmh%2Cmm%2Cmn%2Cms%2Cmv%2Cmvi%2Cpl%2Cinitcwndbps/lsig/AG3C_xAwRgIhAJIdxxlE8mnEwMly9dEjeQ315YL1yRjy2kCR5OiNqUNoAiEAxW2QUF1LHe4PrvjQXB_iHLMGCgVh0v2HuhPNyJXaJTo%3D", "fragment_base_url": "https://r2---sn-5njj-u2xe.googlevideo.com/videoplayback/expire/1611764148/ei/VD0RYJKYL6CMs8IP_-S_iAE/ip/140.109.135.76/id/5f5a7cc5c6ab56ed/itag/160/source/yt_otf/requiressl/yes/mh/6k/mm/31,29/mn/sn-5njj-u2xe,sn-un57sn7z/ms/au,rdu/mv/m/mvi/2/pl/16/initcwndbps/681250/vprv/1/ratebypass/yes/mime/video%2Fmp4/otfp/1/otf/1/lmt/1576583796283550/mt/1611742127/fvip/2/keepalive/yes/sparams/expire,ei,ip,id,itag,source,requiressl,vprv,ratebypass,mime,otfp,otf,lmt/sig/AOq0QJ8wRQIhAJfHwBG6fCSavL73BGlS-KO0IkIgb0gD-sWLUlfmZJz3AiBW82LnbZd-cUbw_dhCRt4-jVRrDn_tIn70JO5Eu_DDhg%3D%3D/lsparams/mh,mm,mn,ms,mv,mvi,pl,initcwndbps/lsig/AG3C_xAwRQIhAPZ_yJePNGEqHbbK7cFBUXjCvePT8j7Kr3vFK_YOdWU2AiAyRHx7IxA3IHRKBGIr3Iviy4zbm-CNrI3JMPmXiujSnA%3D%3D/", "fragments": [{"path": "sq/0"}, {"path": "sq/1/dur/5.333", "duration": 5.333}, {"path": "sq/2/dur/5.334", "duration": 5.334}, {"path": "sq/3/dur/5.333", "duration": 5.333}, {"path": "sq/4/dur/5.333", "duration": 5.333}, {"path": "sq/5/dur/5.334", "duration": 5.334}, {"path": "sq/6/dur/5.333", "duration": 5.333}, {"path": "sq/7/dur/5.333", "duration": 5.333}, {"path": "sq/8/dur/5.334", "duration": 5.334}, {"path": "sq/9/dur/5.333", "duration": 5.333}, {"path": "sq/10/dur/5.333", "duration": 5.333}, {"path": "sq/11/dur/5.334", "duration": 5.334}, {"path": "sq/12/dur/5.333", "duration": 5.333}, {"path": "sq/13/dur/5.333", "duration": 5.333}, {"path": "sq/14/dur/5.334", "duration": 5.334}, {"path": "sq/15/dur/5.333", "duration": 5.333}, {"path": "sq/16/dur/5.333", "duration": 5.333}, {"path": "sq/17/dur/5.334", "duration": 5.334}, {"path": "sq/18/dur/5.333", "duration": 5.333}, {"path": "sq/19/dur/5.333", "duration": 5.333}, {"path": "sq/20/dur/5.334", "duration": 5.334}, {"path": "sq/21/dur/5.333", "duration": 5.333}, {"path": "sq/22/dur/5.333", "duration": 5.333}, {"path": "sq/23/dur/5.334", "duration": 5.334}, {"path": "sq/24/dur/5.333", "duration": 5.333}, {"path": "sq/25/dur/5.333", "duration": 5.333}, {"path": "sq/26/dur/5.334", "duration": 5.334}, {"path": "sq/27/dur/5.333", "duration": 5.333}, {"path": "sq/28/dur/5.333", "duration": 5.333}, {"path": "sq/29/dur/5.334", "duration": 5.334}, {"path": "sq/30/dur/5.333", "duration": 5.333}, {"path": "sq/31/dur/5.333", "duration": 5.333}, {"path": "sq/32/dur/5.334", "duration": 5.334}, {"path": "sq/33/dur/5.333", "duration": 5.333}, {"path": "sq/34/dur/5.333", "duration": 5.333}, {"path": "sq/35/dur/5.334", "duration": 5.334}, {"path": "sq/36/dur/3.167", "duration": 3.167}], "protocol": "http_dash_segments", "format": "160 - 256x144 (DASH video)", "http_headers": {"User-Agent": "Mozilla/5.0 (Windows NT 10.0; Win64; x64) AppleWebKit/537.36 (KHTML, like Gecko) Chrome/72.0.3626.25 Safari/537.36", "Accept-Charset": "ISO-8859-1,utf-8;q=0.7,*;q=0.7", "Accept": "text/html,application/xhtml+xml,application/xml;q=0.9,*/*;q=0.8", "Accept-Encoding": "gzip, deflate", "Accept-Language": "en-us,en;q=0.5"}}, {"ext": "webm", "height": 240, "format_note": "DASH video", "vcodec": "vp9", "format_id": "242", "manifest_url": "https://manifest.googlevideo.com/api/manifest/dash/expire/1611764148/ei/VD0RYJKYL6CMs8IP_-S_iAE/ip/140.109.135.76/id/5f5a7cc5c6ab56ed/source/youtube/requiressl/yes/playback_host/r2---sn-5njj-u2xe.googlevideo.com/mh/6k/mm/31%2C29/mn/sn-5njj-u2xe%2Csn-un57sn7z/ms/au%2Crdu/mv/m/mvi/2/pl/16/hfr/all/as/fmp4_audio_clear%2Cwebm_audio_clear%2Cwebm2_audio_clear%2Cfmp4_sd_hd_clear%2Cwebm2_sd_hd_clear/initcwndbps/681250/vprv/1/mt/1611742127/fvip/2/keepalive/yes/itag/0/sparams/expire%2Cei%2Cip%2Cid%2Csource%2Crequiressl%2Chfr%2Cas%2Cvprv%2Citag/sig/AOq0QJ8wRQIgQLWNMd_Id0awUTHS9nEQwluEqnvX5yDxUX9FrRu0rksCIQCle6IV2AF6ikyT9_ys4JYKc0G7VjO_8UR7Efn_O2C4cQ%3D%3D/lsparams/playback_host%2Cmh%2Cmm%2Cmn%2Cms%2Cmv%2Cmvi%2Cpl%2Cinitcwndbps/lsig/AG3C_xAwRgIhAJIdxxlE8mnEwMly9dEjeQ315YL1yRjy2kCR5OiNqUNoAiEAxW2QUF1LHe4PrvjQXB_iHLMGCgVh0v2HuhPNyJXaJTo%3D", "width": 426, "tbr": 220.5, "asr": null, "fps": 30, "language": null, "filesize": null, "container": "webm_dash", "acodec": "none", "url": "https://manifest.googlevideo.com/api/manifest/dash/expire/1611764148/ei/VD0RYJKYL6CMs8IP_-S_iAE/ip/140.109.135.76/id/5f5a7cc5c6ab56ed/source/youtube/requiressl/yes/playback_host/r2---sn-5njj-u2xe.googlevideo.com/mh/6k/mm/31%2C29/mn/sn-5njj-u2xe%2Csn-un57sn7z/ms/au%2Crdu/mv/m/mvi/2/pl/16/hfr/all/as/fmp4_audio_clear%2Cwebm_audio_clear%2Cwebm2_audio_clear%2Cfmp4_sd_hd_clear%2Cwebm2_sd_hd_clear/initcwndbps/681250/vprv/1/mt/1611742127/fvip/2/keepalive/yes/itag/0/sparams/expire%2Cei%2Cip%2Cid%2Csource%2Crequiressl%2Chfr%2Cas%2Cvprv%2Citag/sig/AOq0QJ8wRQIgQLWNMd_Id0awUTHS9nEQwluEqnvX5yDxUX9FrRu0rksCIQCle6IV2AF6ikyT9_ys4JYKc0G7VjO_8UR7Efn_O2C4cQ%3D%3D/lsparams/playback_host%2Cmh%2Cmm%2Cmn%2Cms%2Cmv%2Cmvi%2Cpl%2Cinitcwndbps/lsig/AG3C_xAwRgIhAJIdxxlE8mnEwMly9dEjeQ315YL1yRjy2kCR5OiNqUNoAiEAxW2QUF1LHe4PrvjQXB_iHLMGCgVh0v2HuhPNyJXaJTo%3D", "fragment_base_url": "https://r2---sn-5njj-u2xe.googlevideo.com/videoplayback/expire/1611764148/ei/VD0RYJKYL6CMs8IP_-S_iAE/ip/140.109.135.76/id/5f5a7cc5c6ab56ed/itag/242/source/yt_otf/requiressl/yes/mh/6k/mm/31,29/mn/sn-5njj-u2xe,sn-un57sn7z/ms/au,rdu/mv/m/mvi/2/pl/16/initcwndbps/681250/vprv/1/ratebypass/yes/mime/video%2Fwebm/otfp/1/otf/1/lmt/1576583796283550/mt/1611742127/fvip/2/keepalive/yes/sparams/expire,ei,ip,id,itag,source,requiressl,vprv,ratebypass,mime,otfp,otf,lmt/sig/AOq0QJ8wRQIhAJAD_rW7YnTgTos5CrzVR2nBl0T6HgxUmKmUK3ZzvHB0AiAKKTnrtEgg7_PMNlWySlCNXWJmqMPcRPqF0FOeVPfgzw%3D%3D/lsparams/mh,mm,mn,ms,mv,mvi,pl,initcwndbps/lsig/AG3C_xAwRAIgSySueSZ1V8G6lJuFoMVKTZu0GDXjf6mZdSkK00g7BegCIApDYgA8LiG6OzNIu1SWKRrkeHSHDNEqdlKd7zPgVzuw/", "fragments": [{"path": "sq/0"}, {"path": "sq/1/dur/5.333", "duration": 5.333}, {"path": "sq/2/dur/5.334", "duration": 5.334}, {"path": "sq/3/dur/5.333", "duration": 5.333}, {"path": "sq/4/dur/5.333", "duration": 5.333}, {"path": "sq/5/dur/5.334", "duration": 5.334}, {"path": "sq/6/dur/5.333", "duration": 5.333}, {"path": "sq/7/dur/5.333", "duration": 5.333}, {"path": "sq/8/dur/5.334", "duration": 5.334}, {"path": "sq/9/dur/5.333", "duration": 5.333}, {"path": "sq/10/dur/5.333", "duration": 5.333}, {"path": "sq/11/dur/5.334", "duration": 5.334}, {"path": "sq/12/dur/5.333", "duration": 5.333}, {"path": "sq/13/dur/5.333", "duration": 5.333}, {"path": "sq/14/dur/5.334", "duration": 5.334}, {"path": "sq/15/dur/5.333", "duration": 5.333}, {"path": "sq/16/dur/5.333", "duration": 5.333}, {"path": "sq/17/dur/5.334", "duration": 5.334}, {"path": "sq/18/dur/5.333", "duration": 5.333}, {"path": "sq/19/dur/5.333", "duration": 5.333}, {"path": "sq/20/dur/5.334", "duration": 5.334}, {"path": "sq/21/dur/5.333", "duration": 5.333}, {"path": "sq/22/dur/5.333", "duration": 5.333}, {"path": "sq/23/dur/5.334", "duration": 5.334}, {"path": "sq/24/dur/5.333", "duration": 5.333}, {"path": "sq/25/dur/5.333", "duration": 5.333}, {"path": "sq/26/dur/5.334", "duration": 5.334}, {"path": "sq/27/dur/5.333", "duration": 5.333}, {"path": "sq/28/dur/5.333", "duration": 5.333}, {"path": "sq/29/dur/5.334", "duration": 5.334}, {"path": "sq/30/dur/5.333", "duration": 5.333}, {"path": "sq/31/dur/5.333", "duration": 5.333}, {"path": "sq/32/dur/5.334", "duration": 5.334}, {"path": "sq/33/dur/5.333", "duration": 5.333}, {"path": "sq/34/dur/5.333", "duration": 5.333}, {"path": "sq/35/dur/5.334", "duration": 5.334}, {"path": "sq/36/dur/3.167", "duration": 3.167}], "protocol": "http_dash_segments", "format": "242 - 426x240 (DASH video)", "http_headers": {"User-Agent": "Mozilla/5.0 (Windows NT 10.0; Win64; x64) AppleWebKit/537.36 (KHTML, like Gecko) Chrome/72.0.3626.25 Safari/537.36", "Accept-Charset": "ISO-8859-1,utf-8;q=0.7,*;q=0.7", "Accept": "text/html,application/xhtml+xml,application/xml;q=0.9,*/*;q=0.8", "Accept-Encoding": "gzip, deflate", "Accept-Language": "en-us,en;q=0.5"}}, {"ext": "mp4", "height": 240, "format_note": "DASH video", "vcodec": "avc1.4d400c", "format_id": "133", "manifest_url": "https://manifest.googlevideo.com/api/manifest/dash/expire/1611764148/ei/VD0RYJKYL6CMs8IP_-S_iAE/ip/140.109.135.76/id/5f5a7cc5c6ab56ed/source/youtube/requiressl/yes/playback_host/r2---sn-5njj-u2xe.googlevideo.com/mh/6k/mm/31%2C29/mn/sn-5njj-u2xe%2Csn-un57sn7z/ms/au%2Crdu/mv/m/mvi/2/pl/16/hfr/all/as/fmp4_audio_clear%2Cwebm_audio_clear%2Cwebm2_audio_clear%2Cfmp4_sd_hd_clear%2Cwebm2_sd_hd_clear/initcwndbps/681250/vprv/1/mt/1611742127/fvip/2/keepalive/yes/itag/0/sparams/expire%2Cei%2Cip%2Cid%2Csource%2Crequiressl%2Chfr%2Cas%2Cvprv%2Citag/sig/AOq0QJ8wRQIgQLWNMd_Id0awUTHS9nEQwluEqnvX5yDxUX9FrRu0rksCIQCle6IV2AF6ikyT9_ys4JYKc0G7VjO_8UR7Efn_O2C4cQ%3D%3D/lsparams/playback_host%2Cmh%2Cmm%2Cmn%2Cms%2Cmv%2Cmvi%2Cpl%2Cinitcwndbps/lsig/AG3C_xAwRgIhAJIdxxlE8mnEwMly9dEjeQ315YL1yRjy2kCR5OiNqUNoAiEAxW2QUF1LHe4PrvjQXB_iHLMGCgVh0v2HuhPNyJXaJTo%3D", "width": 426, "tbr": 242.0, "asr": null, "fps": 30, "language": null, "filesize": null, "container": "mp4_dash", "acodec": "none", "url": "https://manifest.googlevideo.com/api/manifest/dash/expire/1611764148/ei/VD0RYJKYL6CMs8IP_-S_iAE/ip/140.109.135.76/id/5f5a7cc5c6ab56ed/source/youtube/requiressl/yes/playback_host/r2---sn-5njj-u2xe.googlevideo.com/mh/6k/mm/31%2C29/mn/sn-5njj-u2xe%2Csn-un57sn7z/ms/au%2Crdu/mv/m/mvi/2/pl/16/hfr/all/as/fmp4_audio_clear%2Cwebm_audio_clear%2Cwebm2_audio_clear%2Cfmp4_sd_hd_clear%2Cwebm2_sd_hd_clear/initcwndbps/681250/vprv/1/mt/1611742127/fvip/2/keepalive/yes/itag/0/sparams/expire%2Cei%2Cip%2Cid%2Csource%2Crequiressl%2Chfr%2Cas%2Cvprv%2Citag/sig/AOq0QJ8wRQIgQLWNMd_Id0awUTHS9nEQwluEqnvX5yDxUX9FrRu0rksCIQCle6IV2AF6ikyT9_ys4JYKc0G7VjO_8UR7Efn_O2C4cQ%3D%3D/lsparams/playback_host%2Cmh%2Cmm%2Cmn%2Cms%2Cmv%2Cmvi%2Cpl%2Cinitcwndbps/lsig/AG3C_xAwRgIhAJIdxxlE8mnEwMly9dEjeQ315YL1yRjy2kCR5OiNqUNoAiEAxW2QUF1LHe4PrvjQXB_iHLMGCgVh0v2HuhPNyJXaJTo%3D", "fragment_base_url": "https://r2---sn-5njj-u2xe.googlevideo.com/videoplayback/expire/1611764148/ei/VD0RYJKYL6CMs8IP_-S_iAE/ip/140.109.135.76/id/5f5a7cc5c6ab56ed/itag/133/source/yt_otf/requiressl/yes/mh/6k/mm/31,29/mn/sn-5njj-u2xe,sn-un57sn7z/ms/au,rdu/mv/m/mvi/2/pl/16/initcwndbps/681250/vprv/1/ratebypass/yes/mime/video%2Fmp4/otfp/1/otf/1/lmt/1576583796283550/mt/1611742127/fvip/2/keepalive/yes/sparams/expire,ei,ip,id,itag,source,requiressl,vprv,ratebypass,mime,otfp,otf,lmt/sig/AOq0QJ8wRQIgS6d0-p2jjcSmdn9NxmXp2kE4nDIgx30c0zeMnsjLNJcCIQDFdaU5Y4w3XwGEJS26d4vMfWlmzNOetHT5Nu8BKETw_w%3D%3D/lsparams/mh,mm,mn,ms,mv,mvi,pl,initcwndbps/lsig/AG3C_xAwRAIgRcVED4-TyGXjCLlMFjJfp14fDj9CM7rQSQwO63dMPfICICLjcgTu829EMuoOiuElvrpi_Yiek0zOiQkm9JuwQPYs/", "fragments": [{"path": "sq/0"}, {"path": "sq/1/dur/5.333", "duration": 5.333}, {"path": "sq/2/dur/5.334", "duration": 5.334}, {"path": "sq/3/dur/5.333", "duration": 5.333}, {"path": "sq/4/dur/5.333", "duration": 5.333}, {"path": "sq/5/dur/5.334", "duration": 5.334}, {"path": "sq/6/dur/5.333", "duration": 5.333}, {"path": "sq/7/dur/5.333", "duration": 5.333}, {"path": "sq/8/dur/5.334", "duration": 5.334}, {"path": "sq/9/dur/5.333", "duration": 5.333}, {"path": "sq/10/dur/5.333", "duration": 5.333}, {"path": "sq/11/dur/5.334", "duration": 5.334}, {"path": "sq/12/dur/5.333", "duration": 5.333}, {"path": "sq/13/dur/5.333", "duration": 5.333}, {"path": "sq/14/dur/5.334", "duration": 5.334}, {"path": "sq/15/dur/5.333", "duration": 5.333}, {"path": "sq/16/dur/5.333", "duration": 5.333}, {"path": "sq/17/dur/5.334", "duration": 5.334}, {"path": "sq/18/dur/5.333", "duration": 5.333}, {"path": "sq/19/dur/5.333", "duration": 5.333}, {"path": "sq/20/dur/5.334", "duration": 5.334}, {"path": "sq/21/dur/5.333", "duration": 5.333}, {"path": "sq/22/dur/5.333", "duration": 5.333}, {"path": "sq/23/dur/5.334", "duration": 5.334}, {"path": "sq/24/dur/5.333", "duration": 5.333}, {"path": "sq/25/dur/5.333", "duration": 5.333}, {"path": "sq/26/dur/5.334", "duration": 5.334}, {"path": "sq/27/dur/5.333", "duration": 5.333}, {"path": "sq/28/dur/5.333", "duration": 5.333}, {"path": "sq/29/dur/5.334", "duration": 5.334}, {"path": "sq/30/dur/5.333", "duration": 5.333}, {"path": "sq/31/dur/5.333", "duration": 5.333}, {"path": "sq/32/dur/5.334", "duration": 5.334}, {"path": "sq/33/dur/5.333", "duration": 5.333}, {"path": "sq/34/dur/5.333", "duration": 5.333}, {"path": "sq/35/dur/5.334", "duration": 5.334}, {"path": "sq/36/dur/3.167", "duration": 3.167}], "protocol": "http_dash_segments", "format": "133 - 426x240 (DASH video)", "http_headers": {"User-Agent": "Mozilla/5.0 (Windows NT 10.0; Win64; x64) AppleWebKit/537.36 (KHTML, like Gecko) Chrome/72.0.3626.25 Safari/537.36", "Accept-Charset": "ISO-8859-1,utf-8;q=0.7,*;q=0.7", "Accept": "text/html,application/xhtml+xml,application/xml;q=0.9,*/*;q=0.8", "Accept-Encoding": "gzip, deflate", "Accept-Language": "en-us,en;q=0.5"}}, {"ext": "mp4", "height": 360, "format_note": "DASH video", "vcodec": "avc1.4d401e", "format_id": "134", "manifest_url": "https://manifest.googlevideo.com/api/manifest/dash/expire/1611764148/ei/VD0RYJKYL6CMs8IP_-S_iAE/ip/140.109.135.76/id/5f5a7cc5c6ab56ed/source/youtube/requiressl/yes/playback_host/r2---sn-5njj-u2xe.googlevideo.com/mh/6k/mm/31%2C29/mn/sn-5njj-u2xe%2Csn-un57sn7z/ms/au%2Crdu/mv/m/mvi/2/pl/16/hfr/all/as/fmp4_audio_clear%2Cwebm_audio_clear%2Cwebm2_audio_clear%2Cfmp4_sd_hd_clear%2Cwebm2_sd_hd_clear/initcwndbps/681250/vprv/1/mt/1611742127/fvip/2/keepalive/yes/itag/0/sparams/expire%2Cei%2Cip%2Cid%2Csource%2Crequiressl%2Chfr%2Cas%2Cvprv%2Citag/sig/AOq0QJ8wRQIgQLWNMd_Id0awUTHS9nEQwluEqnvX5yDxUX9FrRu0rksCIQCle6IV2AF6ikyT9_ys4JYKc0G7VjO_8UR7Efn_O2C4cQ%3D%3D/lsparams/playback_host%2Cmh%2Cmm%2Cmn%2Cms%2Cmv%2Cmvi%2Cpl%2Cinitcwndbps/lsig/AG3C_xAwRgIhAJIdxxlE8mnEwMly9dEjeQ315YL1yRjy2kCR5OiNqUNoAiEAxW2QUF1LHe4PrvjQXB_iHLMGCgVh0v2HuhPNyJXaJTo%3D", "width": 640, "tbr": 290.581, "asr": null, "fps": 30, "language": null, "filesize": null, "container": "mp4_dash", "acodec": "none", "url": "https://manifest.googlevideo.com/api/manifest/dash/expire/1611764148/ei/VD0RYJKYL6CMs8IP_-S_iAE/ip/140.109.135.76/id/5f5a7cc5c6ab56ed/source/youtube/requiressl/yes/playback_host/r2---sn-5njj-u2xe.googlevideo.com/mh/6k/mm/31%2C29/mn/sn-5njj-u2xe%2Csn-un57sn7z/ms/au%2Crdu/mv/m/mvi/2/pl/16/hfr/all/as/fmp4_audio_clear%2Cwebm_audio_clear%2Cwebm2_audio_clear%2Cfmp4_sd_hd_clear%2Cwebm2_sd_hd_clear/initcwndbps/681250/vprv/1/mt/1611742127/fvip/2/keepalive/yes/itag/0/sparams/expire%2Cei%2Cip%2Cid%2Csource%2Crequiressl%2Chfr%2Cas%2Cvprv%2Citag/sig/AOq0QJ8wRQIgQLWNMd_Id0awUTHS9nEQwluEqnvX5yDxUX9FrRu0rksCIQCle6IV2AF6ikyT9_ys4JYKc0G7VjO_8UR7Efn_O2C4cQ%3D%3D/lsparams/playback_host%2Cmh%2Cmm%2Cmn%2Cms%2Cmv%2Cmvi%2Cpl%2Cinitcwndbps/lsig/AG3C_xAwRgIhAJIdxxlE8mnEwMly9dEjeQ315YL1yRjy2kCR5OiNqUNoAiEAxW2QUF1LHe4PrvjQXB_iHLMGCgVh0v2HuhPNyJXaJTo%3D", "fragment_base_url": "https://r2---sn-5njj-u2xe.googlevideo.com/videoplayback/expire/1611764148/ei/VD0RYJKYL6CMs8IP_-S_iAE/ip/140.109.135.76/id/5f5a7cc5c6ab56ed/itag/134/source/youtube/requiressl/yes/mh/6k/mm/31,29/mn/sn-5njj-u2xe,sn-un57sn7z/ms/au,rdu/mv/m/mvi/2/pl/16/initcwndbps/681250/vprv/1/ratebypass/yes/mime/video%2Fmp4/otfp/1/gir/yes/clen/5797543/lmt/1576583796287032/dur/189.833/mt/1611742127/fvip/2/keepalive/yes/sparams/expire,ei,ip,id,itag,source,requiressl,vprv,ratebypass,mime,otfp,gir,clen,lmt,dur/sig/AOq0QJ8wRQIhAKL_GDbjutWuFC6di4cb3X0f4kDch2MPZGhhn3Y8uIirAiAJs-UnT-ZgZ64CbxwtYVBLPozQoYxMepx9HovTDJBgpw%3D%3D/lsparams/mh,mm,mn,ms,mv,mvi,pl,initcwndbps/lsig/AG3C_xAwRQIgObgydYXg8IvnLObpQeODrsWoosJKOgfP62Wljbuln14CIQCVyFH3oCMW0kmaZ3uBDK-28weBeehBoEnIHkSYkwQ6Og%3D%3D/", "fragments": [{"path": "range/0-740"}, {"path": "range/1205-164985", "duration": 5.333}, {"path": "range/164986-329998", "duration": 5.334}, {"path": "range/329999-509580", "duration": 5.333}, {"path": "range/509581-681812", "duration": 5.333}, {"path": "range/681813-849711", "duration": 5.334}, {"path": "range/849712-1017020", "duration": 5.333}, {"path": "range/1017021-1186359", "duration": 5.333}, {"path": "range/1186360-1351918", "duration": 5.334}, {"path": "range/1351919-1520505", "duration": 5.333}, {"path": "range/1520506-1684432", "duration": 5.333}, {"path": "range/1684433-1845368", "duration": 5.334}, {"path": "range/1845369-2008168", "duration": 5.333}, {"path": "range/2008169-2170938", "duration": 5.333}, {"path": "range/2170939-2331198", "duration": 5.334}, {"path": "range/2331199-2491730", "duration": 5.333}, {"path": "range/2491731-2651854", "duration": 5.333}, {"path": "range/2651855-2813972", "duration": 5.334}, {"path": "range/2813973-2974949", "duration": 5.333}, {"path": "range/2974950-3141998", "duration": 5.333}, {"path": "range/3141999-3302121", "duration": 5.334}, {"path": "range/3302122-3465886", "duration": 5.333}, {"path": "range/3465887-3629303", "duration": 5.333}, {"path": "range/3629304-3786497", "duration": 5.334}, {"path": "range/3786498-3947782", "duration": 5.333}, {"path": "range/3947783-4106798", "duration": 5.333}, {"path": "range/4106799-4262845", "duration": 5.334}, {"path": "range/4262846-4422340", "duration": 5.333}, {"path": "range/4422341-4581338", "duration": 5.333}, {"path": "range/4581339-4738287", "duration": 5.334}, {"path": "range/4738288-4899267", "duration": 5.333}, {"path": "range/4899268-5058033", "duration": 5.333}, {"path": "range/5058034-5214157", "duration": 5.334}, {"path": "range/5214158-5370929", "duration": 5.333}, {"path": "range/5370930-5528607", "duration": 5.333}, {"path": "range/5528608-5682508", "duration": 5.334}, {"path": "range/5682509-5797542", "duration": 3.167}], "protocol": "http_dash_segments", "format": "134 - 640x360 (DASH video)", "http_headers": {"User-Agent": "Mozilla/5.0 (Windows NT 10.0; Win64; x64) AppleWebKit/537.36 (KHTML, like Gecko) Chrome/72.0.3626.25 Safari/537.36", "Accept-Charset": "ISO-8859-1,utf-8;q=0.7,*;q=0.7", "Accept": "text/html,application/xhtml+xml,application/xml;q=0.9,*/*;q=0.8", "Accept-Encoding": "gzip, deflate", "Accept-Language": "en-us,en;q=0.5"}}, {"ext": "webm", "height": 360, "format_note": "DASH video", "vcodec": "vp9", "format_id": "243", "manifest_url": "https://manifest.googlevideo.com/api/manifest/dash/expire/1611764148/ei/VD0RYJKYL6CMs8IP_-S_iAE/ip/140.109.135.76/id/5f5a7cc5c6ab56ed/source/youtube/requiressl/yes/playback_host/r2---sn-5njj-u2xe.googlevideo.com/mh/6k/mm/31%2C29/mn/sn-5njj-u2xe%2Csn-un57sn7z/ms/au%2Crdu/mv/m/mvi/2/pl/16/hfr/all/as/fmp4_audio_clear%2Cwebm_audio_clear%2Cwebm2_audio_clear%2Cfmp4_sd_hd_clear%2Cwebm2_sd_hd_clear/initcwndbps/681250/vprv/1/mt/1611742127/fvip/2/keepalive/yes/itag/0/sparams/expire%2Cei%2Cip%2Cid%2Csource%2Crequiressl%2Chfr%2Cas%2Cvprv%2Citag/sig/AOq0QJ8wRQIgQLWNMd_Id0awUTHS9nEQwluEqnvX5yDxUX9FrRu0rksCIQCle6IV2AF6ikyT9_ys4JYKc0G7VjO_8UR7Efn_O2C4cQ%3D%3D/lsparams/playback_host%2Cmh%2Cmm%2Cmn%2Cms%2Cmv%2Cmvi%2Cpl%2Cinitcwndbps/lsig/AG3C_xAwRgIhAJIdxxlE8mnEwMly9dEjeQ315YL1yRjy2kCR5OiNqUNoAiEAxW2QUF1LHe4PrvjQXB_iHLMGCgVh0v2HuhPNyJXaJTo%3D", "width": 640, "tbr": 405.72, "asr": null, "fps": 30, "language": null, "filesize": null, "container": "webm_dash", "acodec": "none", "url": "https://manifest.googlevideo.com/api/manifest/dash/expire/1611764148/ei/VD0RYJKYL6CMs8IP_-S_iAE/ip/140.109.135.76/id/5f5a7cc5c6ab56ed/source/youtube/requiressl/yes/playback_host/r2---sn-5njj-u2xe.googlevideo.com/mh/6k/mm/31%2C29/mn/sn-5njj-u2xe%2Csn-un57sn7z/ms/au%2Crdu/mv/m/mvi/2/pl/16/hfr/all/as/fmp4_audio_clear%2Cwebm_audio_clear%2Cwebm2_audio_clear%2Cfmp4_sd_hd_clear%2Cwebm2_sd_hd_clear/initcwndbps/681250/vprv/1/mt/1611742127/fvip/2/keepalive/yes/itag/0/sparams/expire%2Cei%2Cip%2Cid%2Csource%2Crequiressl%2Chfr%2Cas%2Cvprv%2Citag/sig/AOq0QJ8wRQIgQLWNMd_Id0awUTHS9nEQwluEqnvX5yDxUX9FrRu0rksCIQCle6IV2AF6ikyT9_ys4JYKc0G7VjO_8UR7Efn_O2C4cQ%3D%3D/lsparams/playback_host%2Cmh%2Cmm%2Cmn%2Cms%2Cmv%2Cmvi%2Cpl%2Cinitcwndbps/lsig/AG3C_xAwRgIhAJIdxxlE8mnEwMly9dEjeQ315YL1yRjy2kCR5OiNqUNoAiEAxW2QUF1LHe4PrvjQXB_iHLMGCgVh0v2HuhPNyJXaJTo%3D", "fragment_base_url": "https://r2---sn-5njj-u2xe.googlevideo.com/videoplayback/expire/1611764148/ei/VD0RYJKYL6CMs8IP_-S_iAE/ip/140.109.135.76/id/5f5a7cc5c6ab56ed/itag/243/source/yt_otf/requiressl/yes/mh/6k/mm/31,29/mn/sn-5njj-u2xe,sn-un57sn7z/ms/au,rdu/mv/m/mvi/2/pl/16/initcwndbps/681250/vprv/1/ratebypass/yes/mime/video%2Fwebm/otfp/1/otf/1/lmt/1576583796283550/mt/1611742127/fvip/2/keepalive/yes/sparams/expire,ei,ip,id,itag,source,requiressl,vprv,ratebypass,mime,otfp,otf,lmt/sig/AOq0QJ8wRQIhAJxPgu867CuU3HmetT5G_u4aOtU7jc6GXAwaAEQP-NmeAiB5FFCnL2s6D1aGvPFGma9z86YaAmHQkZLHW6QE2JIJ4w%3D%3D/lsparams/mh,mm,mn,ms,mv,mvi,pl,initcwndbps/lsig/AG3C_xAwRQIgXI9jv263bncqIAYdwhG6Zsa78R72uzf171nUJOqsZN4CIQCk4pofGEHhqiEk-QrLvdLYXM7ovM2PpADx8bbqZdDf3Q%3D%3D/", "fragments": [{"path": "sq/0"}, {"path": "sq/1/dur/5.333", "duration": 5.333}, {"path": "sq/2/dur/5.334", "duration": 5.334}, {"path": "sq/3/dur/5.333", "duration": 5.333}, {"path": "sq/4/dur/5.333", "duration": 5.333}, {"path": "sq/5/dur/5.334", "duration": 5.334}, {"path": "sq/6/dur/5.333", "duration": 5.333}, {"path": "sq/7/dur/5.333", "duration": 5.333}, {"path": "sq/8/dur/5.334", "duration": 5.334}, {"path": "sq/9/dur/5.333", "duration": 5.333}, {"path": "sq/10/dur/5.333", "duration": 5.333}, {"path": "sq/11/dur/5.334", "duration": 5.334}, {"path": "sq/12/dur/5.333", "duration": 5.333}, {"path": "sq/13/dur/5.333", "duration": 5.333}, {"path": "sq/14/dur/5.334", "duration": 5.334}, {"path": "sq/15/dur/5.333", "duration": 5.333}, {"path": "sq/16/dur/5.333", "duration": 5.333}, {"path": "sq/17/dur/5.334", "duration": 5.334}, {"path": "sq/18/dur/5.333", "duration": 5.333}, {"path": "sq/19/dur/5.333", "duration": 5.333}, {"path": "sq/20/dur/5.334", "duration": 5.334}, {"path": "sq/21/dur/5.333", "duration": 5.333}, {"path": "sq/22/dur/5.333", "duration": 5.333}, {"path": "sq/23/dur/5.334", "duration": 5.334}, {"path": "sq/24/dur/5.333", "duration": 5.333}, {"path": "sq/25/dur/5.333", "duration": 5.333}, {"path": "sq/26/dur/5.334", "duration": 5.334}, {"path": "sq/27/dur/5.333", "duration": 5.333}, {"path": "sq/28/dur/5.333", "duration": 5.333}, {"path": "sq/29/dur/5.334", "duration": 5.334}, {"path": "sq/30/dur/5.333", "duration": 5.333}, {"path": "sq/31/dur/5.333", "duration": 5.333}, {"path": "sq/32/dur/5.334", "duration": 5.334}, {"path": "sq/33/dur/5.333", "duration": 5.333}, {"path": "sq/34/dur/5.333", "duration": 5.333}, {"path": "sq/35/dur/5.334", "duration": 5.334}, {"path": "sq/36/dur/3.167", "duration": 3.167}], "protocol": "http_dash_segments", "format": "243 - 640x360 (DASH video)", "http_headers": {"User-Agent": "Mozilla/5.0 (Windows NT 10.0; Win64; x64) AppleWebKit/537.36 (KHTML, like Gecko) Chrome/72.0.3626.25 Safari/537.36", "Accept-Charset": "ISO-8859-1,utf-8;q=0.7,*;q=0.7", "Accept": "text/html,application/xhtml+xml,application/xml;q=0.9,*/*;q=0.8", "Accept-Encoding": "gzip, deflate", "Accept-Language": "en-us,en;q=0.5"}}, {"ext": "webm", "height": 480, "format_note": "DASH video", "vcodec": "vp9", "format_id": "244", "manifest_url": "https://manifest.googlevideo.com/api/manifest/dash/expire/1611764148/ei/VD0RYJKYL6CMs8IP_-S_iAE/ip/140.109.135.76/id/5f5a7cc5c6ab56ed/source/youtube/requiressl/yes/playback_host/r2---sn-5njj-u2xe.googlevideo.com/mh/6k/mm/31%2C29/mn/sn-5njj-u2xe%2Csn-un57sn7z/ms/au%2Crdu/mv/m/mvi/2/pl/16/hfr/all/as/fmp4_audio_clear%2Cwebm_audio_clear%2Cwebm2_audio_clear%2Cfmp4_sd_hd_clear%2Cwebm2_sd_hd_clear/initcwndbps/681250/vprv/1/mt/1611742127/fvip/2/keepalive/yes/itag/0/sparams/expire%2Cei%2Cip%2Cid%2Csource%2Crequiressl%2Chfr%2Cas%2Cvprv%2Citag/sig/AOq0QJ8wRQIgQLWNMd_Id0awUTHS9nEQwluEqnvX5yDxUX9FrRu0rksCIQCle6IV2AF6ikyT9_ys4JYKc0G7VjO_8UR7Efn_O2C4cQ%3D%3D/lsparams/playback_host%2Cmh%2Cmm%2Cmn%2Cms%2Cmv%2Cmvi%2Cpl%2Cinitcwndbps/lsig/AG3C_xAwRgIhAJIdxxlE8mnEwMly9dEjeQ315YL1yRjy2kCR5OiNqUNoAiEAxW2QUF1LHe4PrvjQXB_iHLMGCgVh0v2HuhPNyJXaJTo%3D", "width": 854, "tbr": 752.64, "asr": null, "fps": 30, "language": null, "filesize": null, "container": "webm_dash", "acodec": "none", "url": "https://manifest.googlevideo.com/api/manifest/dash/expire/1611764148/ei/VD0RYJKYL6CMs8IP_-S_iAE/ip/140.109.135.76/id/5f5a7cc5c6ab56ed/source/youtube/requiressl/yes/playback_host/r2---sn-5njj-u2xe.googlevideo.com/mh/6k/mm/31%2C29/mn/sn-5njj-u2xe%2Csn-un57sn7z/ms/au%2Crdu/mv/m/mvi/2/pl/16/hfr/all/as/fmp4_audio_clear%2Cwebm_audio_clear%2Cwebm2_audio_clear%2Cfmp4_sd_hd_clear%2Cwebm2_sd_hd_clear/initcwndbps/681250/vprv/1/mt/1611742127/fvip/2/keepalive/yes/itag/0/sparams/expire%2Cei%2Cip%2Cid%2Csource%2Crequiressl%2Chfr%2Cas%2Cvprv%2Citag/sig/AOq0QJ8wRQIgQLWNMd_Id0awUTHS9nEQwluEqnvX5yDxUX9FrRu0rksCIQCle6IV2AF6ikyT9_ys4JYKc0G7VjO_8UR7Efn_O2C4cQ%3D%3D/lsparams/playback_host%2Cmh%2Cmm%2Cmn%2Cms%2Cmv%2Cmvi%2Cpl%2Cinitcwndbps/lsig/AG3C_xAwRgIhAJIdxxlE8mnEwMly9dEjeQ315YL1yRjy2kCR5OiNqUNoAiEAxW2QUF1LHe4PrvjQXB_iHLMGCgVh0v2HuhPNyJXaJTo%3D", "fragment_base_url": "https://r2---sn-5njj-u2xe.googlevideo.com/videoplayback/expire/1611764148/ei/VD0RYJKYL6CMs8IP_-S_iAE/ip/140.109.135.76/id/5f5a7cc5c6ab56ed/itag/244/source/yt_otf/requiressl/yes/mh/6k/mm/31,29/mn/sn-5njj-u2xe,sn-un57sn7z/ms/au,rdu/mv/m/mvi/2/pl/16/initcwndbps/681250/vprv/1/ratebypass/yes/mime/video%2Fwebm/otfp/1/otf/1/lmt/1576583796283550/mt/1611742127/fvip/2/keepalive/yes/sparams/expire,ei,ip,id,itag,source,requiressl,vprv,ratebypass,mime,otfp,otf,lmt/sig/AOq0QJ8wRQIhAJFLJIESRAAjv0_IpoSKFlgtZGMPBa9dvCtIbTILlsFAAiB0OUh5gh_JOynghWzRn1puBhOtNtxj6KFJPAfeiiEe_w%3D%3D/lsparams/mh,mm,mn,ms,mv,mvi,pl,initcwndbps/lsig/AG3C_xAwRAIgQv96vE4VXgHpVtH11AqlXv0BKetBConlhL8BR0EbQNACIH21dfY9c0NQfzAObvG2pb9k5wQXuaYktGix2nGUgbA5/", "fragments": [{"path": "sq/0"}, {"path": "sq/1/dur/5.333", "duration": 5.333}, {"path": "sq/2/dur/5.334", "duration": 5.334}, {"path": "sq/3/dur/5.333", "duration": 5.333}, {"path": "sq/4/dur/5.333", "duration": 5.333}, {"path": "sq/5/dur/5.334", "duration": 5.334}, {"path": "sq/6/dur/5.333", "duration": 5.333}, {"path": "sq/7/dur/5.333", "duration": 5.333}, {"path": "sq/8/dur/5.334", "duration": 5.334}, {"path": "sq/9/dur/5.333", "duration": 5.333}, {"path": "sq/10/dur/5.333", "duration": 5.333}, {"path": "sq/11/dur/5.334", "duration": 5.334}, {"path": "sq/12/dur/5.333", "duration": 5.333}, {"path": "sq/13/dur/5.333", "duration": 5.333}, {"path": "sq/14/dur/5.334", "duration": 5.334}, {"path": "sq/15/dur/5.333", "duration": 5.333}, {"path": "sq/16/dur/5.333", "duration": 5.333}, {"path": "sq/17/dur/5.334", "duration": 5.334}, {"path": "sq/18/dur/5.333", "duration": 5.333}, {"path": "sq/19/dur/5.333", "duration": 5.333}, {"path": "sq/20/dur/5.334", "duration": 5.334}, {"path": "sq/21/dur/5.333", "duration": 5.333}, {"path": "sq/22/dur/5.333", "duration": 5.333}, {"path": "sq/23/dur/5.334", "duration": 5.334}, {"path": "sq/24/dur/5.333", "duration": 5.333}, {"path": "sq/25/dur/5.333", "duration": 5.333}, {"path": "sq/26/dur/5.334", "duration": 5.334}, {"path": "sq/27/dur/5.333", "duration": 5.333}, {"path": "sq/28/dur/5.333", "duration": 5.333}, {"path": "sq/29/dur/5.334", "duration": 5.334}, {"path": "sq/30/dur/5.333", "duration": 5.333}, {"path": "sq/31/dur/5.333", "duration": 5.333}, {"path": "sq/32/dur/5.334", "duration": 5.334}, {"path": "sq/33/dur/5.333", "duration": 5.333}, {"path": "sq/34/dur/5.333", "duration": 5.333}, {"path": "sq/35/dur/5.334", "duration": 5.334}, {"path": "sq/36/dur/3.167", "duration": 3.167}], "protocol": "http_dash_segments", "format": "244 - 854x480 (DASH video)", "http_headers": {"User-Agent": "Mozilla/5.0 (Windows NT 10.0; Win64; x64) AppleWebKit/537.36 (KHTML, like Gecko) Chrome/72.0.3626.25 Safari/537.36", "Accept-Charset": "ISO-8859-1,utf-8;q=0.7,*;q=0.7", "Accept": "text/html,application/xhtml+xml,application/xml;q=0.9,*/*;q=0.8", "Accept-Encoding": "gzip, deflate", "Accept-Language": "en-us,en;q=0.5"}}, {"ext": "mp4", "height": 480, "format_note": "DASH video", "vcodec": "avc1.4d4014", "format_id": "135", "manifest_url": "https://manifest.googlevideo.com/api/manifest/dash/expire/1611764148/ei/VD0RYJKYL6CMs8IP_-S_iAE/ip/140.109.135.76/id/5f5a7cc5c6ab56ed/source/youtube/requiressl/yes/playback_host/r2---sn-5njj-u2xe.googlevideo.com/mh/6k/mm/31%2C29/mn/sn-5njj-u2xe%2Csn-un57sn7z/ms/au%2Crdu/mv/m/mvi/2/pl/16/hfr/all/as/fmp4_audio_clear%2Cwebm_audio_clear%2Cwebm2_audio_clear%2Cfmp4_sd_hd_clear%2Cwebm2_sd_hd_clear/initcwndbps/681250/vprv/1/mt/1611742127/fvip/2/keepalive/yes/itag/0/sparams/expire%2Cei%2Cip%2Cid%2Csource%2Crequiressl%2Chfr%2Cas%2Cvprv%2Citag/sig/AOq0QJ8wRQIgQLWNMd_Id0awUTHS9nEQwluEqnvX5yDxUX9FrRu0rksCIQCle6IV2AF6ikyT9_ys4JYKc0G7VjO_8UR7Efn_O2C4cQ%3D%3D/lsparams/playback_host%2Cmh%2Cmm%2Cmn%2Cms%2Cmv%2Cmvi%2Cpl%2Cinitcwndbps/lsig/AG3C_xAwRgIhAJIdxxlE8mnEwMly9dEjeQ315YL1yRjy2kCR5OiNqUNoAiEAxW2QUF1LHe4PrvjQXB_iHLMGCgVh0v2HuhPNyJXaJTo%3D", "width": 854, "tbr": 1155.0, "asr": null, "fps": 30, "language": null, "filesize": null, "container": "mp4_dash", "acodec": "none", "url": "https://manifest.googlevideo.com/api/manifest/dash/expire/1611764148/ei/VD0RYJKYL6CMs8IP_-S_iAE/ip/140.109.135.76/id/5f5a7cc5c6ab56ed/source/youtube/requiressl/yes/playback_host/r2---sn-5njj-u2xe.googlevideo.com/mh/6k/mm/31%2C29/mn/sn-5njj-u2xe%2Csn-un57sn7z/ms/au%2Crdu/mv/m/mvi/2/pl/16/hfr/all/as/fmp4_audio_clear%2Cwebm_audio_clear%2Cwebm2_audio_clear%2Cfmp4_sd_hd_clear%2Cwebm2_sd_hd_clear/initcwndbps/681250/vprv/1/mt/1611742127/fvip/2/keepalive/yes/itag/0/sparams/expire%2Cei%2Cip%2Cid%2Csource%2Crequiressl%2Chfr%2Cas%2Cvprv%2Citag/sig/AOq0QJ8wRQIgQLWNMd_Id0awUTHS9nEQwluEqnvX5yDxUX9FrRu0rksCIQCle6IV2AF6ikyT9_ys4JYKc0G7VjO_8UR7Efn_O2C4cQ%3D%3D/lsparams/playback_host%2Cmh%2Cmm%2Cmn%2Cms%2Cmv%2Cmvi%2Cpl%2Cinitcwndbps/lsig/AG3C_xAwRgIhAJIdxxlE8mnEwMly9dEjeQ315YL1yRjy2kCR5OiNqUNoAiEAxW2QUF1LHe4PrvjQXB_iHLMGCgVh0v2HuhPNyJXaJTo%3D", "fragment_base_url": "https://r2---sn-5njj-u2xe.googlevideo.com/videoplayback/expire/1611764148/ei/VD0RYJKYL6CMs8IP_-S_iAE/ip/140.109.135.76/id/5f5a7cc5c6ab56ed/itag/135/source/yt_otf/requiressl/yes/mh/6k/mm/31,29/mn/sn-5njj-u2xe,sn-un57sn7z/ms/au,rdu/mv/m/mvi/2/pl/16/initcwndbps/681250/vprv/1/ratebypass/yes/mime/video%2Fmp4/otfp/1/otf/1/lmt/1576583796283550/mt/1611742127/fvip/2/keepalive/yes/sparams/expire,ei,ip,id,itag,source,requiressl,vprv,ratebypass,mime,otfp,otf,lmt/sig/AOq0QJ8wRAIgeA7QDRrUDmypnxF-laINBJSxrPhKz-ud7SeCsBgSFZACICxUwukaHLgPQADzfPLGr-5ZjWzcJqAJjjOVkjtxEeUq/lsparams/mh,mm,mn,ms,mv,mvi,pl,initcwndbps/lsig/AG3C_xAwRQIgTnlrMaIdjZUNgwRO6nm0DxOS21f_wOy3XwYoqy_3s-ICIQCjBmQnhFIoj1oKcsTO80L6xOCNg8sr3LjQ8w6MBtSPrA%3D%3D/", "fragments": [{"path": "sq/0"}, {"path": "sq/1/dur/5.333", "duration": 5.333}, {"path": "sq/2/dur/5.334", "duration": 5.334}, {"path": "sq/3/dur/5.333", "duration": 5.333}, {"path": "sq/4/dur/5.333", "duration": 5.333}, {"path": "sq/5/dur/5.334", "duration": 5.334}, {"path": "sq/6/dur/5.333", "duration": 5.333}, {"path": "sq/7/dur/5.333", "duration": 5.333}, {"path": "sq/8/dur/5.334", "duration": 5.334}, {"path": "sq/9/dur/5.333", "duration": 5.333}, {"path": "sq/10/dur/5.333", "duration": 5.333}, {"path": "sq/11/dur/5.334", "duration": 5.334}, {"path": "sq/12/dur/5.333", "duration": 5.333}, {"path": "sq/13/dur/5.333", "duration": 5.333}, {"path": "sq/14/dur/5.334", "duration": 5.334}, {"path": "sq/15/dur/5.333", "duration": 5.333}, {"path": "sq/16/dur/5.333", "duration": 5.333}, {"path": "sq/17/dur/5.334", "duration": 5.334}, {"path": "sq/18/dur/5.333", "duration": 5.333}, {"path": "sq/19/dur/5.333", "duration": 5.333}, {"path": "sq/20/dur/5.334", "duration": 5.334}, {"path": "sq/21/dur/5.333", "duration": 5.333}, {"path": "sq/22/dur/5.333", "duration": 5.333}, {"path": "sq/23/dur/5.334", "duration": 5.334}, {"path": "sq/24/dur/5.333", "duration": 5.333}, {"path": "sq/25/dur/5.333", "duration": 5.333}, {"path": "sq/26/dur/5.334", "duration": 5.334}, {"path": "sq/27/dur/5.333", "duration": 5.333}, {"path": "sq/28/dur/5.333", "duration": 5.333}, {"path": "sq/29/dur/5.334", "duration": 5.334}, {"path": "sq/30/dur/5.333", "duration": 5.333}, {"path": "sq/31/dur/5.333", "duration": 5.333}, {"path": "sq/32/dur/5.334", "duration": 5.334}, {"path": "sq/33/dur/5.333", "duration": 5.333}, {"path": "sq/34/dur/5.333", "duration": 5.333}, {"path": "sq/35/dur/5.334", "duration": 5.334}, {"path": "sq/36/dur/3.167", "duration": 3.167}], "protocol": "http_dash_segments", "format": "135 - 854x480 (DASH video)", "http_headers": {"User-Agent": "Mozilla/5.0 (Windows NT 10.0; Win64; x64) AppleWebKit/537.36 (KHTML, like Gecko) Chrome/72.0.3626.25 Safari/537.36", "Accept-Charset": "ISO-8859-1,utf-8;q=0.7,*;q=0.7", "Accept": "text/html,application/xhtml+xml,application/xml;q=0.9,*/*;q=0.8", "Accept-Encoding": "gzip, deflate", "Accept-Language": "en-us,en;q=0.5"}}, {"ext": "webm", "height": 720, "format_note": "DASH video", "vcodec": "vp9", "format_id": "247", "manifest_url": "https://manifest.googlevideo.com/api/manifest/dash/expire/1611764148/ei/VD0RYJKYL6CMs8IP_-S_iAE/ip/140.109.135.76/id/5f5a7cc5c6ab56ed/source/youtube/requiressl/yes/playback_host/r2---sn-5njj-u2xe.googlevideo.com/mh/6k/mm/31%2C29/mn/sn-5njj-u2xe%2Csn-un57sn7z/ms/au%2Crdu/mv/m/mvi/2/pl/16/hfr/all/as/fmp4_audio_clear%2Cwebm_audio_clear%2Cwebm2_audio_clear%2Cfmp4_sd_hd_clear%2Cwebm2_sd_hd_clear/initcwndbps/681250/vprv/1/mt/1611742127/fvip/2/keepalive/yes/itag/0/sparams/expire%2Cei%2Cip%2Cid%2Csource%2Crequiressl%2Chfr%2Cas%2Cvprv%2Citag/sig/AOq0QJ8wRQIgQLWNMd_Id0awUTHS9nEQwluEqnvX5yDxUX9FrRu0rksCIQCle6IV2AF6ikyT9_ys4JYKc0G7VjO_8UR7Efn_O2C4cQ%3D%3D/lsparams/playback_host%2Cmh%2Cmm%2Cmn%2Cms%2Cmv%2Cmvi%2Cpl%2Cinitcwndbps/lsig/AG3C_xAwRgIhAJIdxxlE8mnEwMly9dEjeQ315YL1yRjy2kCR5OiNqUNoAiEAxW2QUF1LHe4PrvjQXB_iHLMGCgVh0v2HuhPNyJXaJTo%3D", "width": 1280, "tbr": 1505.28, "asr": null, "fps": 30, "language": null, "filesize": null, "container": "webm_dash", "acodec": "none", "url": "https://manifest.googlevideo.com/api/manifest/dash/expire/1611764148/ei/VD0RYJKYL6CMs8IP_-S_iAE/ip/140.109.135.76/id/5f5a7cc5c6ab56ed/source/youtube/requiressl/yes/playback_host/r2---sn-5njj-u2xe.googlevideo.com/mh/6k/mm/31%2C29/mn/sn-5njj-u2xe%2Csn-un57sn7z/ms/au%2Crdu/mv/m/mvi/2/pl/16/hfr/all/as/fmp4_audio_clear%2Cwebm_audio_clear%2Cwebm2_audio_clear%2Cfmp4_sd_hd_clear%2Cwebm2_sd_hd_clear/initcwndbps/681250/vprv/1/mt/1611742127/fvip/2/keepalive/yes/itag/0/sparams/expire%2Cei%2Cip%2Cid%2Csource%2Crequiressl%2Chfr%2Cas%2Cvprv%2Citag/sig/AOq0QJ8wRQIgQLWNMd_Id0awUTHS9nEQwluEqnvX5yDxUX9FrRu0rksCIQCle6IV2AF6ikyT9_ys4JYKc0G7VjO_8UR7Efn_O2C4cQ%3D%3D/lsparams/playback_host%2Cmh%2Cmm%2Cmn%2Cms%2Cmv%2Cmvi%2Cpl%2Cinitcwndbps/lsig/AG3C_xAwRgIhAJIdxxlE8mnEwMly9dEjeQ315YL1yRjy2kCR5OiNqUNoAiEAxW2QUF1LHe4PrvjQXB_iHLMGCgVh0v2HuhPNyJXaJTo%3D", "fragment_base_url": "https://r2---sn-5njj-u2xe.googlevideo.com/videoplayback/expire/1611764148/ei/VD0RYJKYL6CMs8IP_-S_iAE/ip/140.109.135.76/id/5f5a7cc5c6ab56ed/itag/247/source/yt_otf/requiressl/yes/mh/6k/mm/31,29/mn/sn-5njj-u2xe,sn-un57sn7z/ms/au,rdu/mv/m/mvi/2/pl/16/initcwndbps/681250/vprv/1/ratebypass/yes/mime/video%2Fwebm/otfp/1/otf/1/lmt/1576583796283550/mt/1611742127/fvip/2/keepalive/yes/sparams/expire,ei,ip,id,itag,source,requiressl,vprv,ratebypass,mime,otfp,otf,lmt/sig/AOq0QJ8wRQIgNu1izkI1dDszgvyjPBMAgZdxvIH7VyIQ3jXcd0jQI7cCIQDsatfD4eHsiQ0oNqJChZ1uZX3Dh3TlK8EUwurkXucm-w%3D%3D/lsparams/mh,mm,mn,ms,mv,mvi,pl,initcwndbps/lsig/AG3C_xAwRQIhAJiB9mfQOG4vFefrPbfgQOEm9PQv8DYTy06c5kYvpR-QAiB3ZKIZRM8RAghNPs9JGopPwUV-SU3-NXLF0SEs5FVkzA%3D%3D/", "fragments": [{"path": "sq/0"}, {"path": "sq/1/dur/5.333", "duration": 5.333}, {"path": "sq/2/dur/5.334", "duration": 5.334}, {"path": "sq/3/dur/5.333", "duration": 5.333}, {"path": "sq/4/dur/5.333", "duration": 5.333}, {"path": "sq/5/dur/5.334", "duration": 5.334}, {"path": "sq/6/dur/5.333", "duration": 5.333}, {"path": "sq/7/dur/5.333", "duration": 5.333}, {"path": "sq/8/dur/5.334", "duration": 5.334}, {"path": "sq/9/dur/5.333", "duration": 5.333}, {"path": "sq/10/dur/5.333", "duration": 5.333}, {"path": "sq/11/dur/5.334", "duration": 5.334}, {"path": "sq/12/dur/5.333", "duration": 5.333}, {"path": "sq/13/dur/5.333", "duration": 5.333}, {"path": "sq/14/dur/5.334", "duration": 5.334}, {"path": "sq/15/dur/5.333", "duration": 5.333}, {"path": "sq/16/dur/5.333", "duration": 5.333}, {"path": "sq/17/dur/5.334", "duration": 5.334}, {"path": "sq/18/dur/5.333", "duration": 5.333}, {"path": "sq/19/dur/5.333", "duration": 5.333}, {"path": "sq/20/dur/5.334", "duration": 5.334}, {"path": "sq/21/dur/5.333", "duration": 5.333}, {"path": "sq/22/dur/5.333", "duration": 5.333}, {"path": "sq/23/dur/5.334", "duration": 5.334}, {"path": "sq/24/dur/5.333", "duration": 5.333}, {"path": "sq/25/dur/5.333", "duration": 5.333}, {"path": "sq/26/dur/5.334", "duration": 5.334}, {"path": "sq/27/dur/5.333", "duration": 5.333}, {"path": "sq/28/dur/5.333", "duration": 5.333}, {"path": "sq/29/dur/5.334", "duration": 5.334}, {"path": "sq/30/dur/5.333", "duration": 5.333}, {"path": "sq/31/dur/5.333", "duration": 5.333}, {"path": "sq/32/dur/5.334", "duration": 5.334}, {"path": "sq/33/dur/5.333", "duration": 5.333}, {"path": "sq/34/dur/5.333", "duration": 5.333}, {"path": "sq/35/dur/5.334", "duration": 5.334}, {"path": "sq/36/dur/3.167", "duration": 3.167}], "protocol": "http_dash_segments", "format": "247 - 1280x720 (DASH video)", "http_headers": {"User-Agent": "Mozilla/5.0 (Windows NT 10.0; Win64; x64) AppleWebKit/537.36 (KHTML, like Gecko) Chrome/72.0.3626.25 Safari/537.36", "Accept-Charset": "ISO-8859-1,utf-8;q=0.7,*;q=0.7", "Accept": "text/html,application/xhtml+xml,application/xml;q=0.9,*/*;q=0.8", "Accept-Encoding": "gzip, deflate", "Accept-Language": "en-us,en;q=0.5"}}, {"ext": "mp4", "height": 720, "format_note": "DASH video", "vcodec": "avc1.4d4016", "format_id": "136", "manifest_url": "https://manifest.googlevideo.com/api/manifest/dash/expire/1611764148/ei/VD0RYJKYL6CMs8IP_-S_iAE/ip/140.109.135.76/id/5f5a7cc5c6ab56ed/source/youtube/requiressl/yes/playback_host/r2---sn-5njj-u2xe.googlevideo.com/mh/6k/mm/31%2C29/mn/sn-5njj-u2xe%2Csn-un57sn7z/ms/au%2Crdu/mv/m/mvi/2/pl/16/hfr/all/as/fmp4_audio_clear%2Cwebm_audio_clear%2Cwebm2_audio_clear%2Cfmp4_sd_hd_clear%2Cwebm2_sd_hd_clear/initcwndbps/681250/vprv/1/mt/1611742127/fvip/2/keepalive/yes/itag/0/sparams/expire%2Cei%2Cip%2Cid%2Csource%2Crequiressl%2Chfr%2Cas%2Cvprv%2Citag/sig/AOq0QJ8wRQIgQLWNMd_Id0awUTHS9nEQwluEqnvX5yDxUX9FrRu0rksCIQCle6IV2AF6ikyT9_ys4JYKc0G7VjO_8UR7Efn_O2C4cQ%3D%3D/lsparams/playback_host%2Cmh%2Cmm%2Cmn%2Cms%2Cmv%2Cmvi%2Cpl%2Cinitcwndbps/lsig/AG3C_xAwRgIhAJIdxxlE8mnEwMly9dEjeQ315YL1yRjy2kCR5OiNqUNoAiEAxW2QUF1LHe4PrvjQXB_iHLMGCgVh0v2HuhPNyJXaJTo%3D", "width": 1280, "tbr": 2310.0, "asr": null, "fps": 30, "language": null, "filesize": null, "container": "mp4_dash", "acodec": "none", "url": "https://manifest.googlevideo.com/api/manifest/dash/expire/1611764148/ei/VD0RYJKYL6CMs8IP_-S_iAE/ip/140.109.135.76/id/5f5a7cc5c6ab56ed/source/youtube/requiressl/yes/playback_host/r2---sn-5njj-u2xe.googlevideo.com/mh/6k/mm/31%2C29/mn/sn-5njj-u2xe%2Csn-un57sn7z/ms/au%2Crdu/mv/m/mvi/2/pl/16/hfr/all/as/fmp4_audio_clear%2Cwebm_audio_clear%2Cwebm2_audio_clear%2Cfmp4_sd_hd_clear%2Cwebm2_sd_hd_clear/initcwndbps/681250/vprv/1/mt/1611742127/fvip/2/keepalive/yes/itag/0/sparams/expire%2Cei%2Cip%2Cid%2Csource%2Crequiressl%2Chfr%2Cas%2Cvprv%2Citag/sig/AOq0QJ8wRQIgQLWNMd_Id0awUTHS9nEQwluEqnvX5yDxUX9FrRu0rksCIQCle6IV2AF6ikyT9_ys4JYKc0G7VjO_8UR7Efn_O2C4cQ%3D%3D/lsparams/playback_host%2Cmh%2Cmm%2Cmn%2Cms%2Cmv%2Cmvi%2Cpl%2Cinitcwndbps/lsig/AG3C_xAwRgIhAJIdxxlE8mnEwMly9dEjeQ315YL1yRjy2kCR5OiNqUNoAiEAxW2QUF1LHe4PrvjQXB_iHLMGCgVh0v2HuhPNyJXaJTo%3D", "fragment_base_url": "https://r2---sn-5njj-u2xe.googlevideo.com/videoplayback/expire/1611764148/ei/VD0RYJKYL6CMs8IP_-S_iAE/ip/140.109.135.76/id/5f5a7cc5c6ab56ed/itag/136/source/yt_otf/requiressl/yes/mh/6k/mm/31,29/mn/sn-5njj-u2xe,sn-un57sn7z/ms/au,rdu/mv/m/mvi/2/pl/16/initcwndbps/681250/vprv/1/ratebypass/yes/mime/video%2Fmp4/otfp/1/otf/1/lmt/1576583796283550/mt/1611742127/fvip/2/keepalive/yes/sparams/expire,ei,ip,id,itag,source,requiressl,vprv,ratebypass,mime,otfp,otf,lmt/sig/AOq0QJ8wRQIhAPb4t2155AEDkNpqh-AybYahHnkAFO6HeTAGR_lR1NeYAiAdij4Vc35v5FO5RnAl_lO81eJRD5XExBcm_OQZy84pTQ%3D%3D/lsparams/mh,mm,mn,ms,mv,mvi,pl,initcwndbps/lsig/AG3C_xAwRAIgOSCIxSHLUt0N6IZjfKHgZ6NJvUZB1pN1YRuHzQC39nwCIAf5qgCmbModSmO7F-P5_z-HKrECnV39BoO6mtIXX-eA/", "fragments": [{"path": "sq/0"}, {"path": "sq/1/dur/5.333", "duration": 5.333}, {"path": "sq/2/dur/5.334", "duration": 5.334}, {"path": "sq/3/dur/5.333", "duration": 5.333}, {"path": "sq/4/dur/5.333", "duration": 5.333}, {"path": "sq/5/dur/5.334", "duration": 5.334}, {"path": "sq/6/dur/5.333", "duration": 5.333}, {"path": "sq/7/dur/5.333", "duration": 5.333}, {"path": "sq/8/dur/5.334", "duration": 5.334}, {"path": "sq/9/dur/5.333", "duration": 5.333}, {"path": "sq/10/dur/5.333", "duration": 5.333}, {"path": "sq/11/dur/5.334", "duration": 5.334}, {"path": "sq/12/dur/5.333", "duration": 5.333}, {"path": "sq/13/dur/5.333", "duration": 5.333}, {"path": "sq/14/dur/5.334", "duration": 5.334}, {"path": "sq/15/dur/5.333", "duration": 5.333}, {"path": "sq/16/dur/5.333", "duration": 5.333}, {"path": "sq/17/dur/5.334", "duration": 5.334}, {"path": "sq/18/dur/5.333", "duration": 5.333}, {"path": "sq/19/dur/5.333", "duration": 5.333}, {"path": "sq/20/dur/5.334", "duration": 5.334}, {"path": "sq/21/dur/5.333", "duration": 5.333}, {"path": "sq/22/dur/5.333", "duration": 5.333}, {"path": "sq/23/dur/5.334", "duration": 5.334}, {"path": "sq/24/dur/5.333", "duration": 5.333}, {"path": "sq/25/dur/5.333", "duration": 5.333}, {"path": "sq/26/dur/5.334", "duration": 5.334}, {"path": "sq/27/dur/5.333", "duration": 5.333}, {"path": "sq/28/dur/5.333", "duration": 5.333}, {"path": "sq/29/dur/5.334", "duration": 5.334}, {"path": "sq/30/dur/5.333", "duration": 5.333}, {"path": "sq/31/dur/5.333", "duration": 5.333}, {"path": "sq/32/dur/5.334", "duration": 5.334}, {"path": "sq/33/dur/5.333", "duration": 5.333}, {"path": "sq/34/dur/5.333", "duration": 5.333}, {"path": "sq/35/dur/5.334", "duration": 5.334}, {"path": "sq/36/dur/3.167", "duration": 3.167}], "protocol": "http_dash_segments", "format": "136 - 1280x720 (DASH video)", "http_headers": {"User-Agent": "Mozilla/5.0 (Windows NT 10.0; Win64; x64) AppleWebKit/537.36 (KHTML, like Gecko) Chrome/72.0.3626.25 Safari/537.36", "Accept-Charset": "ISO-8859-1,utf-8;q=0.7,*;q=0.7", "Accept": "text/html,application/xhtml+xml,application/xml;q=0.9,*/*;q=0.8", "Accept-Encoding": "gzip, deflate", "Accept-Language": "en-us,en;q=0.5"}}, {"ext": "webm", "height": 1080, "format_note": "DASH video", "vcodec": "vp9", "format_id": "248", "manifest_url": "https://manifest.googlevideo.com/api/manifest/dash/expire/1611764148/ei/VD0RYJKYL6CMs8IP_-S_iAE/ip/140.109.135.76/id/5f5a7cc5c6ab56ed/source/youtube/requiressl/yes/playback_host/r2---sn-5njj-u2xe.googlevideo.com/mh/6k/mm/31%2C29/mn/sn-5njj-u2xe%2Csn-un57sn7z/ms/au%2Crdu/mv/m/mvi/2/pl/16/hfr/all/as/fmp4_audio_clear%2Cwebm_audio_clear%2Cwebm2_audio_clear%2Cfmp4_sd_hd_clear%2Cwebm2_sd_hd_clear/initcwndbps/681250/vprv/1/mt/1611742127/fvip/2/keepalive/yes/itag/0/sparams/expire%2Cei%2Cip%2Cid%2Csource%2Crequiressl%2Chfr%2Cas%2Cvprv%2Citag/sig/AOq0QJ8wRQIgQLWNMd_Id0awUTHS9nEQwluEqnvX5yDxUX9FrRu0rksCIQCle6IV2AF6ikyT9_ys4JYKc0G7VjO_8UR7Efn_O2C4cQ%3D%3D/lsparams/playback_host%2Cmh%2Cmm%2Cmn%2Cms%2Cmv%2Cmvi%2Cpl%2Cinitcwndbps/lsig/AG3C_xAwRgIhAJIdxxlE8mnEwMly9dEjeQ315YL1yRjy2kCR5OiNqUNoAiEAxW2QUF1LHe4PrvjQXB_iHLMGCgVh0v2HuhPNyJXaJTo%3D", "width": 1920, "tbr": 2646.0, "asr": null, "fps": 30, "language": null, "filesize": null, "container": "webm_dash", "acodec": "none", "url": "https://manifest.googlevideo.com/api/manifest/dash/expire/1611764148/ei/VD0RYJKYL6CMs8IP_-S_iAE/ip/140.109.135.76/id/5f5a7cc5c6ab56ed/source/youtube/requiressl/yes/playback_host/r2---sn-5njj-u2xe.googlevideo.com/mh/6k/mm/31%2C29/mn/sn-5njj-u2xe%2Csn-un57sn7z/ms/au%2Crdu/mv/m/mvi/2/pl/16/hfr/all/as/fmp4_audio_clear%2Cwebm_audio_clear%2Cwebm2_audio_clear%2Cfmp4_sd_hd_clear%2Cwebm2_sd_hd_clear/initcwndbps/681250/vprv/1/mt/1611742127/fvip/2/keepalive/yes/itag/0/sparams/expire%2Cei%2Cip%2Cid%2Csource%2Crequiressl%2Chfr%2Cas%2Cvprv%2Citag/sig/AOq0QJ8wRQIgQLWNMd_Id0awUTHS9nEQwluEqnvX5yDxUX9FrRu0rksCIQCle6IV2AF6ikyT9_ys4JYKc0G7VjO_8UR7Efn_O2C4cQ%3D%3D/lsparams/playback_host%2Cmh%2Cmm%2Cmn%2Cms%2Cmv%2Cmvi%2Cpl%2Cinitcwndbps/lsig/AG3C_xAwRgIhAJIdxxlE8mnEwMly9dEjeQ315YL1yRjy2kCR5OiNqUNoAiEAxW2QUF1LHe4PrvjQXB_iHLMGCgVh0v2HuhPNyJXaJTo%3D", "fragment_base_url": "https://r2---sn-5njj-u2xe.googlevideo.com/videoplayback/expire/1611764148/ei/VD0RYJKYL6CMs8IP_-S_iAE/ip/140.109.135.76/id/5f5a7cc5c6ab56ed/itag/248/source/yt_otf/requiressl/yes/mh/6k/mm/31,29/mn/sn-5njj-u2xe,sn-un57sn7z/ms/au,rdu/mv/m/mvi/2/pl/16/initcwndbps/681250/vprv/1/ratebypass/yes/mime/video%2Fwebm/otfp/1/otf/1/lmt/1576583796283550/mt/1611742127/fvip/2/keepalive/yes/sparams/expire,ei,ip,id,itag,source,requiressl,vprv,ratebypass,mime,otfp,otf,lmt/sig/AOq0QJ8wRAIgIhfwmKIfD2nVPRiFCZX8po3Mt9w7Dxxf21pPMqjuT7cCIE3GgbM0jgjiXDR7WZ_RQgHB0oAqwG4r6o7MgefFOUZT/lsparams/mh,mm,mn,ms,mv,mvi,pl,initcwndbps/lsig/AG3C_xAwRQIgcpV0wxLHHIspo-O1L2Seu7krkvPEjosN64xLqqWj7koCIQC_8LckiVmn6MWucIV1MUHwKAywQeWWlBDeWr-UltNvoA%3D%3D/", "fragments": [{"path": "sq/0"}, {"path": "sq/1/dur/5.333", "duration": 5.333}, {"path": "sq/2/dur/5.334", "duration": 5.334}, {"path": "sq/3/dur/5.333", "duration": 5.333}, {"path": "sq/4/dur/5.333", "duration": 5.333}, {"path": "sq/5/dur/5.334", "duration": 5.334}, {"path": "sq/6/dur/5.333", "duration": 5.333}, {"path": "sq/7/dur/5.333", "duration": 5.333}, {"path": "sq/8/dur/5.334", "duration": 5.334}, {"path": "sq/9/dur/5.333", "duration": 5.333}, {"path": "sq/10/dur/5.333", "duration": 5.333}, {"path": "sq/11/dur/5.334", "duration": 5.334}, {"path": "sq/12/dur/5.333", "duration": 5.333}, {"path": "sq/13/dur/5.333", "duration": 5.333}, {"path": "sq/14/dur/5.334", "duration": 5.334}, {"path": "sq/15/dur/5.333", "duration": 5.333}, {"path": "sq/16/dur/5.333", "duration": 5.333}, {"path": "sq/17/dur/5.334", "duration": 5.334}, {"path": "sq/18/dur/5.333", "duration": 5.333}, {"path": "sq/19/dur/5.333", "duration": 5.333}, {"path": "sq/20/dur/5.334", "duration": 5.334}, {"path": "sq/21/dur/5.333", "duration": 5.333}, {"path": "sq/22/dur/5.333", "duration": 5.333}, {"path": "sq/23/dur/5.334", "duration": 5.334}, {"path": "sq/24/dur/5.333", "duration": 5.333}, {"path": "sq/25/dur/5.333", "duration": 5.333}, {"path": "sq/26/dur/5.334", "duration": 5.334}, {"path": "sq/27/dur/5.333", "duration": 5.333}, {"path": "sq/28/dur/5.333", "duration": 5.333}, {"path": "sq/29/dur/5.334", "duration": 5.334}, {"path": "sq/30/dur/5.333", "duration": 5.333}, {"path": "sq/31/dur/5.333", "duration": 5.333}, {"path": "sq/32/dur/5.334", "duration": 5.334}, {"path": "sq/33/dur/5.333", "duration": 5.333}, {"path": "sq/34/dur/5.333", "duration": 5.333}, {"path": "sq/35/dur/5.334", "duration": 5.334}, {"path": "sq/36/dur/3.167", "duration": 3.167}], "protocol": "http_dash_segments", "format": "248 - 1920x1080 (DASH video)", "http_headers": {"User-Agent": "Mozilla/5.0 (Windows NT 10.0; Win64; x64) AppleWebKit/537.36 (KHTML, like Gecko) Chrome/72.0.3626.25 Safari/537.36", "Accept-Charset": "ISO-8859-1,utf-8;q=0.7,*;q=0.7", "Accept": "text/html,application/xhtml+xml,application/xml;q=0.9,*/*;q=0.8", "Accept-Encoding": "gzip, deflate", "Accept-Language": "en-us,en;q=0.5"}}, {"ext": "mp4", "height": 1080, "format_note": "DASH video", "vcodec": "avc1.640028", "format_id": "137", "manifest_url": "https://manifest.googlevideo.com/api/manifest/dash/expire/1611764148/ei/VD0RYJKYL6CMs8IP_-S_iAE/ip/140.109.135.76/id/5f5a7cc5c6ab56ed/source/youtube/requiressl/yes/playback_host/r2---sn-5njj-u2xe.googlevideo.com/mh/6k/mm/31%2C29/mn/sn-5njj-u2xe%2Csn-un57sn7z/ms/au%2Crdu/mv/m/mvi/2/pl/16/hfr/all/as/fmp4_audio_clear%2Cwebm_audio_clear%2Cwebm2_audio_clear%2Cfmp4_sd_hd_clear%2Cwebm2_sd_hd_clear/initcwndbps/681250/vprv/1/mt/1611742127/fvip/2/keepalive/yes/itag/0/sparams/expire%2Cei%2Cip%2Cid%2Csource%2Crequiressl%2Chfr%2Cas%2Cvprv%2Citag/sig/AOq0QJ8wRQIgQLWNMd_Id0awUTHS9nEQwluEqnvX5yDxUX9FrRu0rksCIQCle6IV2AF6ikyT9_ys4JYKc0G7VjO_8UR7Efn_O2C4cQ%3D%3D/lsparams/playback_host%2Cmh%2Cmm%2Cmn%2Cms%2Cmv%2Cmvi%2Cpl%2Cinitcwndbps/lsig/AG3C_xAwRgIhAJIdxxlE8mnEwMly9dEjeQ315YL1yRjy2kCR5OiNqUNoAiEAxW2QUF1LHe4PrvjQXB_iHLMGCgVh0v2HuhPNyJXaJTo%3D", "width": 1920, "tbr": 3166.699, "asr": null, "fps": 30, "language": null, "filesize": null, "container": "mp4_dash", "acodec": "none", "url": "https://manifest.googlevideo.com/api/manifest/dash/expire/1611764148/ei/VD0RYJKYL6CMs8IP_-S_iAE/ip/140.109.135.76/id/5f5a7cc5c6ab56ed/source/youtube/requiressl/yes/playback_host/r2---sn-5njj-u2xe.googlevideo.com/mh/6k/mm/31%2C29/mn/sn-5njj-u2xe%2Csn-un57sn7z/ms/au%2Crdu/mv/m/mvi/2/pl/16/hfr/all/as/fmp4_audio_clear%2Cwebm_audio_clear%2Cwebm2_audio_clear%2Cfmp4_sd_hd_clear%2Cwebm2_sd_hd_clear/initcwndbps/681250/vprv/1/mt/1611742127/fvip/2/keepalive/yes/itag/0/sparams/expire%2Cei%2Cip%2Cid%2Csource%2Crequiressl%2Chfr%2Cas%2Cvprv%2Citag/sig/AOq0QJ8wRQIgQLWNMd_Id0awUTHS9nEQwluEqnvX5yDxUX9FrRu0rksCIQCle6IV2AF6ikyT9_ys4JYKc0G7VjO_8UR7Efn_O2C4cQ%3D%3D/lsparams/playback_host%2Cmh%2Cmm%2Cmn%2Cms%2Cmv%2Cmvi%2Cpl%2Cinitcwndbps/lsig/AG3C_xAwRgIhAJIdxxlE8mnEwMly9dEjeQ315YL1yRjy2kCR5OiNqUNoAiEAxW2QUF1LHe4PrvjQXB_iHLMGCgVh0v2HuhPNyJXaJTo%3D", "fragment_base_url": "https://r2---sn-5njj-u2xe.googlevideo.com/videoplayback/expire/1611764148/ei/VD0RYJKYL6CMs8IP_-S_iAE/ip/140.109.135.76/id/5f5a7cc5c6ab56ed/itag/137/source/youtube/requiressl/yes/mh/6k/mm/31,29/mn/sn-5njj-u2xe,sn-un57sn7z/ms/au,rdu/mv/m/mvi/2/pl/16/initcwndbps/681250/vprv/1/ratebypass/yes/mime/video%2Fmp4/otfp/1/gir/yes/clen/62925066/lmt/1576583796283550/dur/189.833/mt/1611742127/fvip/2/keepalive/yes/sparams/expire,ei,ip,id,itag,source,requiressl,vprv,ratebypass,mime,otfp,gir,clen,lmt,dur/sig/AOq0QJ8wRQIhAK78yUSs0rleD0c1MzwGeX_jQ0pyzJ8hCoALHgz8N0HFAiAOIxVjypgQporSr8miOqltLrahesENf8sMV63GASAM-g%3D%3D/lsparams/mh,mm,mn,ms,mv,mvi,pl,initcwndbps/lsig/AG3C_xAwRgIhALV3O50abNATeW_yCKsVy7V-1ZPq3TzwrPDi6aMiujerAiEAt6yX6QJ_OlHg60xxAuRlMdV9dKQbkCzsGRN4UZBecLw%3D/", "fragments": [{"path": "range/0-741"}, {"path": "range/1206-2089603", "duration": 5.333}, {"path": "range/2089604-4035891", "duration": 5.334}, {"path": "range/4035892-6146892", "duration": 5.333}, {"path": "range/6146893-8141364", "duration": 5.333}, {"path": "range/8141365-10046439", "duration": 5.334}, {"path": "range/10046440-12022404", "duration": 5.333}, {"path": "range/12022405-13937832", "duration": 5.333}, {"path": "range/13937833-15796713", "duration": 5.334}, {"path": "range/15796714-17729251", "duration": 5.333}, {"path": "range/17729252-19617035", "duration": 5.333}, {"path": "range/19617036-21443938", "duration": 5.334}, {"path": "range/21443939-23283924", "duration": 5.333}, {"path": "range/23283925-25118788", "duration": 5.333}, {"path": "range/25118789-26910866", "duration": 5.334}, {"path": "range/26910867-28730160", "duration": 5.333}, {"path": "range/28730161-30533404", "duration": 5.333}, {"path": "range/30533405-32259122", "duration": 5.334}, {"path": "range/32259123-34032132", "duration": 5.333}, {"path": "range/34032133-35761742", "duration": 5.333}, {"path": "range/35761743-37501421", "duration": 5.334}, {"path": "range/37501422-39218719", "duration": 5.333}, {"path": "range/39218720-40953841", "duration": 5.333}, {"path": "range/40953842-42610347", "duration": 5.334}, {"path": "range/42610348-44274945", "duration": 5.333}, {"path": "range/44274946-45950584", "duration": 5.333}, {"path": "range/45950585-47586792", "duration": 5.334}, {"path": "range/47586793-49199267", "duration": 5.333}, {"path": "range/49199268-50867477", "duration": 5.333}, {"path": "range/50867478-52468152", "duration": 5.334}, {"path": "range/52468153-54090203", "duration": 5.333}, {"path": "range/54090204-55736037", "duration": 5.333}, {"path": "range/55736038-57262033", "duration": 5.334}, {"path": "range/57262034-58807366", "duration": 5.333}, {"path": "range/58807367-60395063", "duration": 5.333}, {"path": "range/60395064-61928705", "duration": 5.334}, {"path": "range/61928706-62925065", "duration": 3.167}], "protocol": "http_dash_segments", "format": "137 - 1920x1080 (DASH video)", "http_headers": {"User-Agent": "Mozilla/5.0 (Windows NT 10.0; Win64; x64) AppleWebKit/537.36 (KHTML, like Gecko) Chrome/72.0.3626.25 Safari/537.36", "Accept-Charset": "ISO-8859-1,utf-8;q=0.7,*;q=0.7", "Accept": "text/html,application/xhtml+xml,application/xml;q=0.9,*/*;q=0.8", "Accept-Encoding": "gzip, deflate", "Accept-Language": "en-us,en;q=0.5"}}, {"format_id": "18", "url": "https://r2---sn-5njj-u2xe.googlevideo.com/videoplayback?expire=1611764148&ei=VD0RYJKYL6CMs8IP_-S_iAE&ip=140.109.135.76&id=o-AKTn0GWSjeHDcmILuoDKmOnpKKlNyvpkIV5wN7ARwL0z&itag=18&source=youtube&requiressl=yes&mh=6k&mm=31%2C29&mn=sn-5njj-u2xe%2Csn-un57sn7z&ms=au%2Crdu&mv=m&mvi=2&pl=16&initcwndbps=681250&vprv=1&mime=video%2Fmp4&ns=TyS2gDWLD_h53raEzjWplrAF&gir=yes&clen=11876099&ratebypass=yes&dur=189.892&lmt=1576583755323469&mt=1611742127&fvip=2&c=WEB&txp=6201222&n=gw3L1K43em6tTW46w_8y&sparams=expire%2Cei%2Cip%2Cid%2Citag%2Csource%2Crequiressl%2Cvprv%2Cmime%2Cns%2Cgir%2Cclen%2Cratebypass%2Cdur%2Clmt&lsparams=mh%2Cmm%2Cmn%2Cms%2Cmv%2Cmvi%2Cpl%2Cinitcwndbps&lsig=AG3C_xAwRQIgEqRVJQCYTIyRnBaG3qiSYJfFiCtPqnWofmrNR6zW7EoCIQChJBooPRKUXBhd0NA-EIe69XTKfMEjKT85xLKzL9d6-g%3D%3D&sig=AOq0QJ8wRQIhAMwbx5EV8ty0MecpmoZyT_mfX7VdwoQMQ6YHA06vazReAiBfZYArXpXEitpA4WabwrNiBoNM_bUtwQVI9M-BYrcyig==", "player_url": "/s/player/c6df6ed7/player_ias.vflset/en_US/base.js", "ext": "mp4", "width": 640, "height": 360, "acodec": "mp4a.40.2", "abr": 96, "vcodec": "avc1.42001E", "asr": 44100, "filesize": 11876099, "format_note": "360p", "fps": 30, "tbr": 500.486, "format": "18 - 640x360 (360p)", "protocol": "https", "http_headers": {"User-Agent": "Mozilla/5.0 (Windows NT 10.0; Win64; x64) AppleWebKit/537.36 (KHTML, like Gecko) Chrome/72.0.3626.25 Safari/537.36", "Accept-Charset": "ISO-8859-1,utf-8;q=0.7,*;q=0.7", "Accept": "text/html,application/xhtml+xml,application/xml;q=0.9,*/*;q=0.8", "Accept-Encoding": "gzip, deflate", "Accept-Language": "en-us,en;q=0.5"}}], "is_live": null, "start_time": null, "end_time": null, "series": null, "season_number": null, "episode_number": null, "track": "Silence", "artist": "Justus R\u00fcmenapp ", "album": null, "release_date": null, "release_year": null, "extractor": "youtube", "webpage_url_basename": "watch", "extractor_key": "Youtube", "playlist": null, "playlist_index": null, "thumbnail": "https://i.ytimg.com/vi_webp/X1p8xcarVu0/maxresdefault.webp", "display_id": "X1p8xcarVu0", "requested_subtitles": null, "ext": "webm", "format_note": "DASH audio", "acodec": "opus", "abr": 160, "format_id": "251", "manifest_url": "https://manifest.googlevideo.com/api/manifest/dash/expire/1611764148/ei/VD0RYJKYL6CMs8IP_-S_iAE/ip/140.109.135.76/id/5f5a7cc5c6ab56ed/source/youtube/requiressl/yes/playback_host/r2---sn-5njj-u2xe.googlevideo.com/mh/6k/mm/31%2C29/mn/sn-5njj-u2xe%2Csn-un57sn7z/ms/au%2Crdu/mv/m/mvi/2/pl/16/hfr/all/as/fmp4_audio_clear%2Cwebm_audio_clear%2Cwebm2_audio_clear%2Cfmp4_sd_hd_clear%2Cwebm2_sd_hd_clear/initcwndbps/681250/vprv/1/mt/1611742127/fvip/2/keepalive/yes/itag/0/sparams/expire%2Cei%2Cip%2Cid%2Csource%2Crequiressl%2Chfr%2Cas%2Cvprv%2Citag/sig/AOq0QJ8wRQIgQLWNMd_Id0awUTHS9nEQwluEqnvX5yDxUX9FrRu0rksCIQCle6IV2AF6ikyT9_ys4JYKc0G7VjO_8UR7Efn_O2C4cQ%3D%3D/lsparams/playback_host%2Cmh%2Cmm%2Cmn%2Cms%2Cmv%2Cmvi%2Cpl%2Cinitcwndbps/lsig/AG3C_xAwRgIhAJIdxxlE8mnEwMly9dEjeQ315YL1yRjy2kCR5OiNqUNoAiEAxW2QUF1LHe4PrvjQXB_iHLMGCgVh0v2HuhPNyJXaJTo%3D", "width": null, "height": null, "tbr": 163.05, "asr": 48000, "fps": null, "language": null, "filesize": null, "container": "webm_dash", "vcodec": "none", "url": "https://manifest.googlevideo.com/api/manifest/dash/expire/1611764148/ei/VD0RYJKYL6CMs8IP_-S_iAE/ip/140.109.135.76/id/5f5a7cc5c6ab56ed/source/youtube/requiressl/yes/playback_host/r2---sn-5njj-u2xe.googlevideo.com/mh/6k/mm/31%2C29/mn/sn-5njj-u2xe%2Csn-un57sn7z/ms/au%2Crdu/mv/m/mvi/2/pl/16/hfr/all/as/fmp4_audio_clear%2Cwebm_audio_clear%2Cwebm2_audio_clear%2Cfmp4_sd_hd_clear%2Cwebm2_sd_hd_clear/initcwndbps/681250/vprv/1/mt/1611742127/fvip/2/keepalive/yes/itag/0/sparams/expire%2Cei%2Cip%2Cid%2Csource%2Crequiressl%2Chfr%2Cas%2Cvprv%2Citag/sig/AOq0QJ8wRQIgQLWNMd_Id0awUTHS9nEQwluEqnvX5yDxUX9FrRu0rksCIQCle6IV2AF6ikyT9_ys4JYKc0G7VjO_8UR7Efn_O2C4cQ%3D%3D/lsparams/playback_host%2Cmh%2Cmm%2Cmn%2Cms%2Cmv%2Cmvi%2Cpl%2Cinitcwndbps/lsig/AG3C_xAwRgIhAJIdxxlE8mnEwMly9dEjeQ315YL1yRjy2kCR5OiNqUNoAiEAxW2QUF1LHe4PrvjQXB_iHLMGCgVh0v2HuhPNyJXaJTo%3D", "fragment_base_url": "https://r2---sn-5njj-u2xe.googlevideo.com/videoplayback/expire/1611764148/ei/VD0RYJKYL6CMs8IP_-S_iAE/ip/140.109.135.76/id/5f5a7cc5c6ab56ed/itag/251/source/youtube/requiressl/yes/mh/6k/mm/31,29/mn/sn-5njj-u2xe,sn-un57sn7z/ms/au,rdu/mv/m/mvi/2/pl/16/initcwndbps/681250/vprv/1/ratebypass/yes/mime/audio%2Fwebm/otfp/1/gir/yes/clen/3711968/lmt/1576583791488955/dur/189.861/mt/1611742127/fvip/2/keepalive/yes/sparams/expire,ei,ip,id,itag,source,requiressl,vprv,ratebypass,mime,otfp,gir,clen,lmt,dur/sig/AOq0QJ8wRQIhAITx_igUq5nMIbJvfoRboRmfCXMe8RYT58nesWY6OV64AiBpA9sdw2Jr7hb5LL3KWDFj1G6fVgK9y2PuL63Zzy4ngw%3D%3D/lsparams/mh,mm,mn,ms,mv,mvi,pl,initcwndbps/lsig/AG3C_xAwRQIgVS8Z-Qpfudp_XtH_cTPlcSVsbof8lvrrSy3Iybdb5KcCIQCGS5TWAw8IHd2EAA2GUDGw5K_6BxG55Z26d5gt1S7ptA%3D%3D/", "fragments": [{"path": "range/0-258"}, {"path": "range/579-196468", "duration": 10.001}, {"path": "range/196469-393715", "duration": 10.0}, {"path": "range/393716-594575", "duration": 10.0}, {"path": "range/594576-796145", "duration": 10.0}, {"path": "range/796146-999745", "duration": 10.0}, {"path": "range/999746-1203558", "duration": 10.0}, {"path": "range/1203559-1394128", "duration": 10.0}, {"path": "range/1394129-1585265", "duration": 10.0}, {"path": "range/1585266-1784917", "duration": 10.0}, {"path": "range/1784918-1975077", "duration": 10.0}, {"path": "range/1975078-2171264", "duration": 10.0}, {"path": "range/2171265-2371838", "duration": 10.0}, {"path": "range/2371839-2567798", "duration": 10.0}, {"path": "range/2567799-2763580", "duration": 10.0}, {"path": "range/2763581-2960975", "duration": 10.0}, {"path": "range/2960976-3154056", "duration": 10.0}, {"path": "range/3154057-3352641", "duration": 10.0}, {"path": "range/3352642-3544704", "duration": 10.0}, {"path": "range/3544705-3711967", "duration": 9.86}], "protocol": "http_dash_segments", "format": "251 - audio only (DASH audio)", "http_headers": {"User-Agent": "Mozilla/5.0 (Windows NT 10.0; Win64; x64) AppleWebKit/537.36 (KHTML, like Gecko) Chrome/72.0.3626.25 Safari/537.36", "Accept-Charset": "ISO-8859-1,utf-8;q=0.7,*;q=0.7", "Accept": "text/html,application/xhtml+xml,application/xml;q=0.9,*/*;q=0.8", "Accept-Encoding": "gzip, deflate", "Accept-Language": "en-us,en;q=0.5"}}