{"id": "zvSIFofFH90", "uploader": "Jarrod Radnich", "uploader_id": "JarrodRadnichMusic", "uploader_url": "http://www.youtube.com/user/JarrodRadnichMusic", "channel_id": "UCrR9q7XWIqB5LhazlKYi-Og", "channel_url": "http://www.youtube.com/channel/UCrR9q7XWIqB5LhazlKYi-Og", "upload_date": "20130106", "license": null, "creator": null, "title": "Jarrod Radnich - Virtuosic  Piano Solo - Harry Potter", "alt_title": null, "thumbnails": [{"url": "https://i.ytimg.com/vi/zvSIFofFH90/hqdefault.jpg?sqp=-oaymwEbCKgBEF5IVfKriqkDDggBFQAAiEIYAXABwAEG&rs=AOn4CLDvPqI4WYF97GgK2tELskMC2bQUqw", "width": 168, "height": 94, "resolution": "168x94", "id": "0"}, {"url": "https://i.ytimg.com/vi/zvSIFofFH90/hqdefault.jpg?sqp=-oaymwEbCMQBEG5IVfKriqkDDggBFQAAiEIYAXABwAEG&rs=AOn4CLCxr-yQzHo4nx9u6CuFHDOAyOyOJw", "width": 196, "height": 110, "resolution": "196x110", "id": "1"}, {"url": "https://i.ytimg.com/vi/zvSIFofFH90/hqdefault.jpg?sqp=-oaymwEcCPYBEIoBSFXyq4qpAw4IARUAAIhCGAFwAcABBg==&rs=AOn4CLBVrvLYi_uhZd7X-Go_Goy2X0wi1g", "width": 246, "height": 138, "resolution": "246x138", "id": "2"}, {"url": "https://i.ytimg.com/vi/zvSIFofFH90/hqdefault.jpg?sqp=-oaymwEcCNACELwBSFXyq4qpAw4IARUAAIhCGAFwAcABBg==&rs=AOn4CLB5Pli5pbdiLPXYGIj4X-_JCKfwgQ", "width": 336, "height": 188, "resolution": "336x188", "id": "3"}, {"url": "https://i.ytimg.com/vi_webp/zvSIFofFH90/maxresdefault.webp", "width": 1920, "height": 1080, "resolution": "1920x1080", "id": "4"}], "description": "The sheet music is back and available at https://www.musicnotes.com/l/mn0139940 !\n\nThis is Jarrod Radnich performing his original piano solo arrangement based on Hedwig's Theme from Harry Potter. This is played in REAL TIME and is not sped up. It is part of his Virtuosic Piano Solo Series of sheet music, which includes suggested finger placement to obtain this speed. This performance of Jarrod became an Internet sensation, quickly reaching nearly 10 million views before being re-uploaded here on Jarrod's new channel.\n\nSheet music for this and Jarrod's other amazing arrangements is available in Radnich's website store:  http://www.jarrodradnich.com and SHEET MUSIC IS BACK! at Musicnotes at https://www.musicnotes.com/l/mn0139940\n\nFacebook: http://www.facebook.com/pages/Jarrod-Radnich-Mastermind-Studios/173359956007657\n\nPiano Solo Arrangement: Jarrod Radnich (copyright 2010)\nPiano Performance: Jarrod Radnich\nVideo Production: The Piano Guys\nVideo Location: St. George, Utah at The Piano Guys studio\n\nStreaming music and FREE Android app is here:\nhttp://www.reverbnation.com/jarrodradnich\n\nAlso see www.pianodisc.com for more music options.", "categories": ["Music"], "tags": ["Jarrod Radnich", "Radnich", "Amazing Piano Solo", "The Piano Guys", "ThePianoGuys", "recital", "piano", "Virtuosic Piano", "solo", "fast", "virtuosic", "amazing", "competition", "keyboard", "Piano Solo (Composition Type)", "Solo (music)", "Music (Industry)", "Harry", "Potter", "Playing", "Cool", "Piano Cover", "Music", "Piano (music)", "Hermione", "Yamaha", "PianoDisc", "Mason & Hamlin", "music", "Harry Potter Literary Series (Literary Series)"], "subtitles": {}, "automatic_captions": {}, "duration": 192, "age_limit": 0, "annotations": null, "chapters": null, "webpage_url": "https://www.youtube.com/watch?v=zvSIFofFH90", "view_count": 12104537, "like_count": 135762, "dislike_count": 1817, "average_rating": 4.9471722, "formats": [{"format_id": "249", "url": "https://r1---sn-5njj-u2xl.googlevideo.com/videoplayback?expire=1612426869&ei=FVobYKmKBtXLgAOnspjIDw&ip=140.109.135.76&id=o-ADFaFBwwn2-gCaXgTlFUuharcMlRkeQAzIeLH6DcN-MN&itag=249&source=youtube&requiressl=yes&mh=4w&mm=31%2C29&mn=sn-5njj-u2xl%2Csn-un57en7s&ms=au%2Crdu&mv=m&mvi=1&pcm2cms=yes&pl=16&initcwndbps=375000&vprv=1&mime=audio%2Fwebm&ns=dmddu4Yho7cww3jL9OgaaY0F&gir=yes&clen=1064247&dur=191.881&lmt=1540498057142416&mt=1612404299&fvip=1&keepalive=yes&c=WEB&txp=5411222&n=fzuBM-dfYFtm6GZGz&sparams=expire%2Cei%2Cip%2Cid%2Citag%2Csource%2Crequiressl%2Cvprv%2Cmime%2Cns%2Cgir%2Cclen%2Cdur%2Clmt&lsparams=mh%2Cmm%2Cmn%2Cms%2Cmv%2Cmvi%2Cpcm2cms%2Cpl%2Cinitcwndbps&lsig=AG3C_xAwRAIgJbc3x-1uCz7gVG_dqUJYy_i6WDX4Bc3XaW4hWb8eJ1ECIDxoAY6Dtdu5l1pkTINlh_Erg_jn9x2cSUNuR5lHPTiM&sig=AOq0QJ8wRAIgISpFLi21y8KQyKGW6vKMkD2pMrRRW3ljuajgucrEXYMCIHjMstMPiPurMWuTWwS3Q9dhHJJs9glBcRSAI7upVo1Z&ratebypass=yes", "player_url": "/s/player/4bc55fd6/player_ias.vflset/en_US/base.js", "ext": "webm", "format_note": "tiny", "acodec": "opus", "abr": 50, "asr": 48000, "filesize": 1064247, "fps": null, "height": null, "tbr": 62.2, "width": null, "vcodec": "none", "downloader_options": {"http_chunk_size": 10485760}, "format": "249 - audio only (tiny)", "protocol": "https", "http_headers": {"User-Agent": "Mozilla/5.0 (Windows NT 10.0; Win64; x64) AppleWebKit/537.36 (KHTML, like Gecko) Chrome/73.0.3664.4 Safari/537.36", "Accept-Charset": "ISO-8859-1,utf-8;q=0.7,*;q=0.7", "Accept": "text/html,application/xhtml+xml,application/xml;q=0.9,*/*;q=0.8", "Accept-Encoding": "gzip, deflate", "Accept-Language": "en-us,en;q=0.5"}}, {"format_id": "250", "url": "https://r1---sn-5njj-u2xl.googlevideo.com/videoplayback?expire=1612426869&ei=FVobYKmKBtXLgAOnspjIDw&ip=140.109.135.76&id=o-ADFaFBwwn2-gCaXgTlFUuharcMlRkeQAzIeLH6DcN-MN&itag=250&source=youtube&requiressl=yes&mh=4w&mm=31%2C29&mn=sn-5njj-u2xl%2Csn-un57en7s&ms=au%2Crdu&mv=m&mvi=1&pcm2cms=yes&pl=16&initcwndbps=375000&vprv=1&mime=audio%2Fwebm&ns=dmddu4Yho7cww3jL9OgaaY0F&gir=yes&clen=1378660&dur=191.881&lmt=1540498062930873&mt=1612404299&fvip=1&keepalive=yes&c=WEB&txp=5411222&n=fzuBM-dfYFtm6GZGz&sparams=expire%2Cei%2Cip%2Cid%2Citag%2Csource%2Crequiressl%2Cvprv%2Cmime%2Cns%2Cgir%2Cclen%2Cdur%2Clmt&lsparams=mh%2Cmm%2Cmn%2Cms%2Cmv%2Cmvi%2Cpcm2cms%2Cpl%2Cinitcwndbps&lsig=AG3C_xAwRAIgdo_vU42o38mCtpPY_EqXGyDUs6GtpHp4LqYd2rnEFBoCIAD-ztKyKF6JL5QRcIFbIQ8b31MJt1CqId6D4cC3Ud-x&sig=AOq0QJ8wRAIgOsc_9glI_sPgJiLUsaMGbqyAg8SDZK9f4erSE0971-ECIDb6AoS2F_B7eOPRdij-YgeFa_emQP6eJtEtew102T2W&ratebypass=yes", "player_url": "/s/player/4bc55fd6/player_ias.vflset/en_US/base.js", "ext": "webm", "format_note": "tiny", "acodec": "opus", "abr": 70, "asr": 48000, "filesize": 1378660, "fps": null, "height": null, "tbr": 81.456, "width": null, "vcodec": "none", "downloader_options": {"http_chunk_size": 10485760}, "format": "250 - audio only (tiny)", "protocol": "https", "http_headers": {"User-Agent": "Mozilla/5.0 (Windows NT 10.0; Win64; x64) AppleWebKit/537.36 (KHTML, like Gecko) Chrome/73.0.3664.4 Safari/537.36", "Accept-Charset": "ISO-8859-1,utf-8;q=0.7,*;q=0.7", "Accept": "text/html,application/xhtml+xml,application/xml;q=0.9,*/*;q=0.8", "Accept-Encoding": "gzip, deflate", "Accept-Language": "en-us,en;q=0.5"}}, {"format_id": "140", "url": "https://r1---sn-5njj-u2xl.googlevideo.com/videoplayback?expire=1612426869&ei=FVobYKmKBtXLgAOnspjIDw&ip=140.109.135.76&id=o-ADFaFBwwn2-gCaXgTlFUuharcMlRkeQAzIeLH6DcN-MN&itag=140&source=youtube&requiressl=yes&mh=4w&mm=31%2C29&mn=sn-5njj-u2xl%2Csn-un57en7s&ms=au%2Crdu&mv=m&mvi=1&pcm2cms=yes&pl=16&initcwndbps=375000&vprv=1&mime=audio%2Fmp4&ns=dmddu4Yho7cww3jL9OgaaY0F&gir=yes&clen=3106650&dur=191.912&lmt=1610090911682704&mt=1612404299&fvip=1&keepalive=yes&c=WEB&txp=5431432&n=fzuBM-dfYFtm6GZGz&sparams=expire%2Cei%2Cip%2Cid%2Citag%2Csource%2Crequiressl%2Cvprv%2Cmime%2Cns%2Cgir%2Cclen%2Cdur%2Clmt&lsparams=mh%2Cmm%2Cmn%2Cms%2Cmv%2Cmvi%2Cpcm2cms%2Cpl%2Cinitcwndbps&lsig=AG3C_xAwRQIgQUcpzHdzzSbKQisRbyDhYPon1TGF-4KLHfPKkw2uJX0CIQCDzeBQcwIkoAXEAgxv3CuTc7W-HUgzR3caM3k_BLyRqw%3D%3D&sig=AOq0QJ8wRQIgKqL4oFJ6EvX9bvsuUFvXCCcS4Zizht1R6aY46H9oMUsCIQCp5n7EW30BdIToHyN9GAN7N1OLoz9HqEU3j7bjn6YAUw==&ratebypass=yes", "player_url": "/s/player/4bc55fd6/player_ias.vflset/en_US/base.js", "ext": "m4a", "format_note": "tiny", "acodec": "mp4a.40.2", "abr": 128, "container": "m4a_dash", "asr": 44100, "filesize": 3106650, "fps": null, "height": null, "tbr": 130.353, "width": null, "vcodec": "none", "downloader_options": {"http_chunk_size": 10485760}, "format": "140 - audio only (tiny)", "protocol": "https", "http_headers": {"User-Agent": "Mozilla/5.0 (Windows NT 10.0; Win64; x64) AppleWebKit/537.36 (KHTML, like Gecko) Chrome/73.0.3664.4 Safari/537.36", "Accept-Charset": "ISO-8859-1,utf-8;q=0.7,*;q=0.7", "Accept": "text/html,application/xhtml+xml,application/xml;q=0.9,*/*;q=0.8", "Accept-Encoding": "gzip, deflate", "Accept-Language": "en-us,en;q=0.5"}}, {"format_id": "251", "url": "https://r1---sn-5njj-u2xl.googlevideo.com/videoplayback?expire=1612426869&ei=FVobYKmKBtXLgAOnspjIDw&ip=140.109.135.76&id=o-ADFaFBwwn2-gCaXgTlFUuharcMlRkeQAzIeLH6DcN-MN&itag=251&source=youtube&requiressl=yes&mh=4w&mm=31%2C29&mn=sn-5njj-u2xl%2Csn-un57en7s&ms=au%2Crdu&mv=m&mvi=1&pcm2cms=yes&pl=16&initcwndbps=375000&vprv=1&mime=audio%2Fwebm&ns=dmddu4Yho7cww3jL9OgaaY0F&gir=yes&clen=2612240&dur=191.881&lmt=1540498063412725&mt=1612404299&fvip=1&keepalive=yes&c=WEB&txp=5411222&n=fzuBM-dfYFtm6GZGz&sparams=expire%2Cei%2Cip%2Cid%2Citag%2Csource%2Crequiressl%2Cvprv%2Cmime%2Cns%2Cgir%2Cclen%2Cdur%2Clmt&lsparams=mh%2Cmm%2Cmn%2Cms%2Cmv%2Cmvi%2Cpcm2cms%2Cpl%2Cinitcwndbps&lsig=AG3C_xAwRgIhAPGzaVKeLiaphtZEg026S9XQSVDMvaY9MyAF7zX8Hyb0AiEAnIDM6hmVw4MaH97PRv1tWMXVgUXJLEvDq7mgRyma-es%3D&sig=AOq0QJ8wRQIhAMKKzEUv6lKXXFRbdgOzgxDdq6lqwGbuRFsXe2LjxWMIAiButkTYYLNnMBVORBqJammnXQSVKBfAr5YnJRnh_5TdeQ==&ratebypass=yes", "player_url": "/s/player/4bc55fd6/player_ias.vflset/en_US/base.js", "ext": "webm", "format_note": "tiny", "acodec": "opus", "abr": 160, "asr": 48000, "filesize": 2612240, "fps": null, "height": null, "tbr": 152.711, "width": null, "vcodec": "none", "downloader_options": {"http_chunk_size": 10485760}, "format": "251 - audio only (tiny)", "protocol": "https", "http_headers": {"User-Agent": "Mozilla/5.0 (Windows NT 10.0; Win64; x64) AppleWebKit/537.36 (KHTML, like Gecko) Chrome/73.0.3664.4 Safari/537.36", "Accept-Charset": "ISO-8859-1,utf-8;q=0.7,*;q=0.7", "Accept": "text/html,application/xhtml+xml,application/xml;q=0.9,*/*;q=0.8", "Accept-Encoding": "gzip, deflate", "Accept-Language": "en-us,en;q=0.5"}}, {"format_id": "278", "url": "https://r1---sn-5njj-u2xl.googlevideo.com/videoplayback?expire=1612426869&ei=FVobYKmKBtXLgAOnspjIDw&ip=140.109.135.76&id=o-ADFaFBwwn2-gCaXgTlFUuharcMlRkeQAzIeLH6DcN-MN&itag=278&aitags=133%2C134%2C135%2C136%2C160%2C242%2C243%2C244%2C247%2C278%2C394%2C395%2C396%2C397%2C398&source=youtube&requiressl=yes&mh=4w&mm=31%2C29&mn=sn-5njj-u2xl%2Csn-un57en7s&ms=au%2Crdu&mv=m&mvi=1&pcm2cms=yes&pl=16&initcwndbps=375000&vprv=1&mime=video%2Fwebm&ns=dmddu4Yho7cww3jL9OgaaY0F&gir=yes&clen=1882438&dur=191.791&lmt=1540497107528262&mt=1612404299&fvip=1&keepalive=yes&c=WEB&txp=5432432&n=fzuBM-dfYFtm6GZGz&sparams=expire%2Cei%2Cip%2Cid%2Caitags%2Csource%2Crequiressl%2Cvprv%2Cmime%2Cns%2Cgir%2Cclen%2Cdur%2Clmt&lsparams=mh%2Cmm%2Cmn%2Cms%2Cmv%2Cmvi%2Cpcm2cms%2Cpl%2Cinitcwndbps&lsig=AG3C_xAwRgIhAJomhhIMQmM5Sjge8j30KtUujIyPev0s7hc05-Rs1lcZAiEA_OMkqCTV6xbrZHkmkMYp6a_KuCKW9e8H_WMgE9VSrUw%3D&sig=AOq0QJ8wRAIgLXqH3h2xAxeVVTJINVSDA0qZ8N9VycBoY5-75-i0ZDkCID60wca2ZVGKxnzM_sCRMB-KavsJZ97vTQpbdbL_rVky&ratebypass=yes", "player_url": "/s/player/4bc55fd6/player_ias.vflset/en_US/base.js", "ext": "webm", "height": 144, "format_note": "144p", "container": "webm", "vcodec": "vp9", "asr": null, "filesize": 1882438, "fps": 24, "tbr": 97.273, "width": 256, "acodec": "none", "downloader_options": {"http_chunk_size": 10485760}, "format": "278 - 256x144 (144p)", "protocol": "https", "http_headers": {"User-Agent": "Mozilla/5.0 (Windows NT 10.0; Win64; x64) AppleWebKit/537.36 (KHTML, like Gecko) Chrome/73.0.3664.4 Safari/537.36", "Accept-Charset": "ISO-8859-1,utf-8;q=0.7,*;q=0.7", "Accept": "text/html,application/xhtml+xml,application/xml;q=0.9,*/*;q=0.8", "Accept-Encoding": "gzip, deflate", "Accept-Language": "en-us,en;q=0.5"}}, {"format_id": "394", "url": "https://r1---sn-5njj-u2xl.googlevideo.com/videoplayback?expire=1612426869&ei=FVobYKmKBtXLgAOnspjIDw&ip=140.109.135.76&id=o-ADFaFBwwn2-gCaXgTlFUuharcMlRkeQAzIeLH6DcN-MN&itag=394&aitags=133%2C134%2C135%2C136%2C160%2C242%2C243%2C244%2C247%2C278%2C394%2C395%2C396%2C397%2C398&source=youtube&requiressl=yes&mh=4w&mm=31%2C29&mn=sn-5njj-u2xl%2Csn-un57en7s&ms=au%2Crdu&mv=m&mvi=1&pcm2cms=yes&pl=16&initcwndbps=375000&vprv=1&mime=video%2Fmp4&ns=dmddu4Yho7cww3jL9OgaaY0F&gir=yes&clen=1530803&dur=191.791&lmt=1611096175905006&mt=1612404299&fvip=1&keepalive=yes&c=WEB&txp=5436432&n=fzuBM-dfYFtm6GZGz&sparams=expire%2Cei%2Cip%2Cid%2Caitags%2Csource%2Crequiressl%2Cvprv%2Cmime%2Cns%2Cgir%2Cclen%2Cdur%2Clmt&lsparams=mh%2Cmm%2Cmn%2Cms%2Cmv%2Cmvi%2Cpcm2cms%2Cpl%2Cinitcwndbps&lsig=AG3C_xAwRQIhAOJCeI94_P0coJMstaQWDacYhszPhXVxrzIQGWfdYGPZAiA2ximycV1fDmLOf5UM860UEhTXQKMtTfLcaX8aH7ueNQ%3D%3D&sig=AOq0QJ8wRQIgEGe9_xM8GB0pQqyI_30T8heQfHc4yBUlERXaaN6A5QACIQDgXscWxvZEjYlKQ1dhjCzIzkvHyc6E7KqxBNnN6ElAlA==&ratebypass=yes", "player_url": "/s/player/4bc55fd6/player_ias.vflset/en_US/base.js", "acodec": "none", "vcodec": "av01.0.00M.08", "asr": null, "filesize": 1530803, "format_note": "144p", "fps": 24, "height": 144, "tbr": 98.192, "width": 256, "ext": "mp4", "downloader_options": {"http_chunk_size": 10485760}, "format": "394 - 256x144 (144p)", "protocol": "https", "http_headers": {"User-Agent": "Mozilla/5.0 (Windows NT 10.0; Win64; x64) AppleWebKit/537.36 (KHTML, like Gecko) Chrome/73.0.3664.4 Safari/537.36", "Accept-Charset": "ISO-8859-1,utf-8;q=0.7,*;q=0.7", "Accept": "text/html,application/xhtml+xml,application/xml;q=0.9,*/*;q=0.8", "Accept-Encoding": "gzip, deflate", "Accept-Language": "en-us,en;q=0.5"}}, {"format_id": "160", "url": "https://r1---sn-5njj-u2xl.googlevideo.com/videoplayback?expire=1612426869&ei=FVobYKmKBtXLgAOnspjIDw&ip=140.109.135.76&id=o-ADFaFBwwn2-gCaXgTlFUuharcMlRkeQAzIeLH6DcN-MN&itag=160&aitags=133%2C134%2C135%2C136%2C160%2C242%2C243%2C244%2C247%2C278%2C394%2C395%2C396%2C397%2C398&source=youtube&requiressl=yes&mh=4w&mm=31%2C29&mn=sn-5njj-u2xl%2Csn-un57en7s&ms=au%2Crdu&mv=m&mvi=1&pcm2cms=yes&pl=16&initcwndbps=375000&vprv=1&mime=video%2Fmp4&ns=dmddu4Yho7cww3jL9OgaaY0F&gir=yes&clen=1402524&dur=191.791&lmt=1610093705198462&mt=1612404299&fvip=1&keepalive=yes&c=WEB&txp=5432432&n=fzuBM-dfYFtm6GZGz&sparams=expire%2Cei%2Cip%2Cid%2Caitags%2Csource%2Crequiressl%2Cvprv%2Cmime%2Cns%2Cgir%2Cclen%2Cdur%2Clmt&lsparams=mh%2Cmm%2Cmn%2Cms%2Cmv%2Cmvi%2Cpcm2cms%2Cpl%2Cinitcwndbps&lsig=AG3C_xAwRAIgBKGAazGEoRn6smYWIpTZbjSa-Tgs8g3llga5Ftjn2pICIFQPTaNpyoPQ8swvwmNzvj461jLS03sjIWmlj7P-_Acm&sig=AOq0QJ8wRgIhAP2DXA-tvWMp7oLTE2Miu9irAqFbA2_rDGv9eMBtjH9IAiEAkH4B-9Mh0RNNkuG4rZlVfcQP_WFCk2fh0eGnGzcHZxs=&ratebypass=yes", "player_url": "/s/player/4bc55fd6/player_ias.vflset/en_US/base.js", "ext": "mp4", "height": 144, "format_note": "144p", "vcodec": "avc1.4d400c", "asr": null, "filesize": 1402524, "fps": 24, "tbr": 105.856, "width": 256, "acodec": "none", "downloader_options": {"http_chunk_size": 10485760}, "format": "160 - 256x144 (144p)", "protocol": "https", "http_headers": {"User-Agent": "Mozilla/5.0 (Windows NT 10.0; Win64; x64) AppleWebKit/537.36 (KHTML, like Gecko) Chrome/73.0.3664.4 Safari/537.36", "Accept-Charset": "ISO-8859-1,utf-8;q=0.7,*;q=0.7", "Accept": "text/html,application/xhtml+xml,application/xml;q=0.9,*/*;q=0.8", "Accept-Encoding": "gzip, deflate", "Accept-Language": "en-us,en;q=0.5"}}, {"format_id": "242", "url": "https://r1---sn-5njj-u2xl.googlevideo.com/videoplayback?expire=1612426869&ei=FVobYKmKBtXLgAOnspjIDw&ip=140.109.135.76&id=o-ADFaFBwwn2-gCaXgTlFUuharcMlRkeQAzIeLH6DcN-MN&itag=242&aitags=133%2C134%2C135%2C136%2C160%2C242%2C243%2C244%2C247%2C278%2C394%2C395%2C396%2C397%2C398&source=youtube&requiressl=yes&mh=4w&mm=31%2C29&mn=sn-5njj-u2xl%2Csn-un57en7s&ms=au%2Crdu&mv=m&mvi=1&pcm2cms=yes&pl=16&initcwndbps=375000&vprv=1&mime=video%2Fwebm&ns=dmddu4Yho7cww3jL9OgaaY0F&gir=yes&clen=3665232&dur=191.791&lmt=1540497107520335&mt=1612404299&fvip=1&keepalive=yes&c=WEB&txp=5432432&n=fzuBM-dfYFtm6GZGz&sparams=expire%2Cei%2Cip%2Cid%2Caitags%2Csource%2Crequiressl%2Cvprv%2Cmime%2Cns%2Cgir%2Cclen%2Cdur%2Clmt&lsparams=mh%2Cmm%2Cmn%2Cms%2Cmv%2Cmvi%2Cpcm2cms%2Cpl%2Cinitcwndbps&lsig=AG3C_xAwRQIgKhxDiYk6GVomKwW7fxA4FbUYGfdEaVftHu4ig5W-oTQCIQDh_stPOwAtiBAjtKxbvKWcO9k2sszjGznqTsB7OMlnmQ%3D%3D&sig=AOq0QJ8wRAIgA5oRMzL6F7i8Z2NEC-vL3hhzofKk0HlwZ6_FdmyO02gCIACTJzfSfAv9R7Cr29VtAiJui2pSKEoITVb0komYTPe5&ratebypass=yes", "player_url": "/s/player/4bc55fd6/player_ias.vflset/en_US/base.js", "ext": "webm", "height": 240, "format_note": "240p", "vcodec": "vp9", "asr": null, "filesize": 3665232, "fps": 24, "tbr": 225.389, "width": 426, "acodec": "none", "downloader_options": {"http_chunk_size": 10485760}, "format": "242 - 426x240 (240p)", "protocol": "https", "http_headers": {"User-Agent": "Mozilla/5.0 (Windows NT 10.0; Win64; x64) AppleWebKit/537.36 (KHTML, like Gecko) Chrome/73.0.3664.4 Safari/537.36", "Accept-Charset": "ISO-8859-1,utf-8;q=0.7,*;q=0.7", "Accept": "text/html,application/xhtml+xml,application/xml;q=0.9,*/*;q=0.8", "Accept-Encoding": "gzip, deflate", "Accept-Language": "en-us,en;q=0.5"}}, {"format_id": "395", "url": "https://r1---sn-5njj-u2xl.googlevideo.com/videoplayback?expire=1612426869&ei=FVobYKmKBtXLgAOnspjIDw&ip=140.109.135.76&id=o-ADFaFBwwn2-gCaXgTlFUuharcMlRkeQAzIeLH6DcN-MN&itag=395&aitags=133%2C134%2C135%2C136%2C160%2C242%2C243%2C244%2C247%2C278%2C394%2C395%2C396%2C397%2C398&source=youtube&requiressl=yes&mh=4w&mm=31%2C29&mn=sn-5njj-u2xl%2Csn-un57en7s&ms=au%2Crdu&mv=m&mvi=1&pcm2cms=yes&pl=16&initcwndbps=375000&vprv=1&mime=video%2Fmp4&ns=dmddu4Yho7cww3jL9OgaaY0F&gir=yes&clen=2718285&dur=191.791&lmt=1611096176190603&mt=1612404299&fvip=1&keepalive=yes&c=WEB&txp=5436432&n=fzuBM-dfYFtm6GZGz&sparams=expire%2Cei%2Cip%2Cid%2Caitags%2Csource%2Crequiressl%2Cvprv%2Cmime%2Cns%2Cgir%2Cclen%2Cdur%2Clmt&lsparams=mh%2Cmm%2Cmn%2Cms%2Cmv%2Cmvi%2Cpcm2cms%2Cpl%2Cinitcwndbps&lsig=AG3C_xAwRAIgGEXy7TIjjKMr5V7Jjku9NKCHMY7aSkcg61xfKwkq6SICIHAQVohUwZE0HX6J-_S525gNxjOK8vUZADMkUcwtDA7X&sig=AOq0QJ8wRQIhAO5GiYZBc0kTKvkP6zsRmH1uup_s60M8E_SqF0Ym6avDAiB5xqSCIOaU9hJdVrkdarcVPuRKkZEu0hdF9A1CaG2Yww==&ratebypass=yes", "player_url": "/s/player/4bc55fd6/player_ias.vflset/en_US/base.js", "acodec": "none", "vcodec": "av01.0.00M.08", "asr": null, "filesize": 2718285, "format_note": "240p", "fps": 24, "height": 240, "tbr": 238.832, "width": 426, "ext": "mp4", "downloader_options": {"http_chunk_size": 10485760}, "format": "395 - 426x240 (240p)", "protocol": "https", "http_headers": {"User-Agent": "Mozilla/5.0 (Windows NT 10.0; Win64; x64) AppleWebKit/537.36 (KHTML, like Gecko) Chrome/73.0.3664.4 Safari/537.36", "Accept-Charset": "ISO-8859-1,utf-8;q=0.7,*;q=0.7", "Accept": "text/html,application/xhtml+xml,application/xml;q=0.9,*/*;q=0.8", "Accept-Encoding": "gzip, deflate", "Accept-Language": "en-us,en;q=0.5"}}, {"format_id": "133", "url": "https://r1---sn-5njj-u2xl.googlevideo.com/videoplayback?expire=1612426869&ei=FVobYKmKBtXLgAOnspjIDw&ip=140.109.135.76&id=o-ADFaFBwwn2-gCaXgTlFUuharcMlRkeQAzIeLH6DcN-MN&itag=133&aitags=133%2C134%2C135%2C136%2C160%2C242%2C243%2C244%2C247%2C278%2C394%2C395%2C396%2C397%2C398&source=youtube&requiressl=yes&mh=4w&mm=31%2C29&mn=sn-5njj-u2xl%2Csn-un57en7s&ms=au%2Crdu&mv=m&mvi=1&pcm2cms=yes&pl=16&initcwndbps=375000&vprv=1&mime=video%2Fmp4&ns=dmddu4Yho7cww3jL9OgaaY0F&gir=yes&clen=2855719&dur=191.791&lmt=1610093705148708&mt=1612404299&fvip=1&keepalive=yes&c=WEB&txp=5432432&n=fzuBM-dfYFtm6GZGz&sparams=expire%2Cei%2Cip%2Cid%2Caitags%2Csource%2Crequiressl%2Cvprv%2Cmime%2Cns%2Cgir%2Cclen%2Cdur%2Clmt&lsparams=mh%2Cmm%2Cmn%2Cms%2Cmv%2Cmvi%2Cpcm2cms%2Cpl%2Cinitcwndbps&lsig=AG3C_xAwRgIhAI-ppWJ3bmLQy8H2PAiFSI9A1xtnQQLaF9QdUzDFSLVMAiEAxdSyWPiUQcE4iG9_l7jpPOPYl3ZT34DQg-H8ah4tR2Y%3D&sig=AOq0QJ8wRQIgA520GWZDLZ1jniJm69J3DgXtnJszt7UT9kOT-BHl_NECIQDPKrbODa08LB1FOPp7tV4Ea6hQOnXlKlGty6VwPyFObg==&ratebypass=yes", "player_url": "/s/player/4bc55fd6/player_ias.vflset/en_US/base.js", "ext": "mp4", "height": 240, "format_note": "240p", "vcodec": "avc1.4d4015", "asr": null, "filesize": 2855719, "fps": 24, "tbr": 241.963, "width": 426, "acodec": "none", "downloader_options": {"http_chunk_size": 10485760}, "format": "133 - 426x240 (240p)", "protocol": "https", "http_headers": {"User-Agent": "Mozilla/5.0 (Windows NT 10.0; Win64; x64) AppleWebKit/537.36 (KHTML, like Gecko) Chrome/73.0.3664.4 Safari/537.36", "Accept-Charset": "ISO-8859-1,utf-8;q=0.7,*;q=0.7", "Accept": "text/html,application/xhtml+xml,application/xml;q=0.9,*/*;q=0.8", "Accept-Encoding": "gzip, deflate", "Accept-Language": "en-us,en;q=0.5"}}, {"format_id": "396", "url": "https://r1---sn-5njj-u2xl.googlevideo.com/videoplayback?expire=1612426869&ei=FVobYKmKBtXLgAOnspjIDw&ip=140.109.135.76&id=o-ADFaFBwwn2-gCaXgTlFUuharcMlRkeQAzIeLH6DcN-MN&itag=396&aitags=133%2C134%2C135%2C136%2C160%2C242%2C243%2C244%2C247%2C278%2C394%2C395%2C396%2C397%2C398&source=youtube&requiressl=yes&mh=4w&mm=31%2C29&mn=sn-5njj-u2xl%2Csn-un57en7s&ms=au%2Crdu&mv=m&mvi=1&pcm2cms=yes&pl=16&initcwndbps=375000&vprv=1&mime=video%2Fmp4&ns=dmddu4Yho7cww3jL9OgaaY0F&gir=yes&clen=4716398&dur=191.791&lmt=1611096176501664&mt=1612404299&fvip=1&keepalive=yes&c=WEB&txp=5436432&n=fzuBM-dfYFtm6GZGz&sparams=expire%2Cei%2Cip%2Cid%2Caitags%2Csource%2Crequiressl%2Cvprv%2Cmime%2Cns%2Cgir%2Cclen%2Cdur%2Clmt&lsparams=mh%2Cmm%2Cmn%2Cms%2Cmv%2Cmvi%2Cpcm2cms%2Cpl%2Cinitcwndbps&lsig=AG3C_xAwRgIhAOJUSyPHZaK-ar29yfln_UEq1VF8LbRCcB5BjagIF5GnAiEAzo3kCBfIL9EgAwcSbUR5Y9Tp0jw9hpRple3XuQvzjC0%3D&sig=AOq0QJ8wRgIhANT7VfluhNL1I7_WcDYUIFgGXXF_xZ9YpnnsmAM2C9nwAiEAqQUfqx9VrcBU_fR43P6CYnjNXRzjpfcnXwxTmzwAGGc=&ratebypass=yes", "player_url": "/s/player/4bc55fd6/player_ias.vflset/en_US/base.js", "acodec": "none", "vcodec": "av01.0.01M.08", "asr": null, "filesize": 4716398, "format_note": "360p", "fps": 24, "height": 360, "tbr": 364.128, "width": 640, "ext": "mp4", "downloader_options": {"http_chunk_size": 10485760}, "format": "396 - 640x360 (360p)", "protocol": "https", "http_headers": {"User-Agent": "Mozilla/5.0 (Windows NT 10.0; Win64; x64) AppleWebKit/537.36 (KHTML, like Gecko) Chrome/73.0.3664.4 Safari/537.36", "Accept-Charset": "ISO-8859-1,utf-8;q=0.7,*;q=0.7", "Accept": "text/html,application/xhtml+xml,application/xml;q=0.9,*/*;q=0.8", "Accept-Encoding": "gzip, deflate", "Accept-Language": "en-us,en;q=0.5"}}, {"format_id": "243", "url": "https://r1---sn-5njj-u2xl.googlevideo.com/videoplayback?expire=1612426869&ei=FVobYKmKBtXLgAOnspjIDw&ip=140.109.135.76&id=o-ADFaFBwwn2-gCaXgTlFUuharcMlRkeQAzIeLH6DcN-MN&itag=243&aitags=133%2C134%2C135%2C136%2C160%2C242%2C243%2C244%2C247%2C278%2C394%2C395%2C396%2C397%2C398&source=youtube&requiressl=yes&mh=4w&mm=31%2C29&mn=sn-5njj-u2xl%2Csn-un57en7s&ms=au%2Crdu&mv=m&mvi=1&pcm2cms=yes&pl=16&initcwndbps=375000&vprv=1&mime=video%2Fwebm&ns=dmddu4Yho7cww3jL9OgaaY0F&gir=yes&clen=6608663&dur=191.791&lmt=1540497107516162&mt=1612404299&fvip=1&keepalive=yes&c=WEB&txp=5432432&n=fzuBM-dfYFtm6GZGz&sparams=expire%2Cei%2Cip%2Cid%2Caitags%2Csource%2Crequiressl%2Cvprv%2Cmime%2Cns%2Cgir%2Cclen%2Cdur%2Clmt&lsparams=mh%2Cmm%2Cmn%2Cms%2Cmv%2Cmvi%2Cpcm2cms%2Cpl%2Cinitcwndbps&lsig=AG3C_xAwRgIhAObBUMxnP482eKgr9UZfpMcksBdFUtvlB_If_Zm6BkqyAiEAk__AT2z0OVzm1aRk4Sj6BBJBeI6oCOCOEjQnjXDRaKU%3D&sig=AOq0QJ8wRQIhAJ5UXML1QITrjgVgYbBMaOwoyqwAZV_F3ZZ78CBd-QkGAiAN3AI3anZtQJpXePbrt1Y4YnA1h8lARS38kmnsv8udJg==&ratebypass=yes", "player_url": "/s/player/4bc55fd6/player_ias.vflset/en_US/base.js", "ext": "webm", "height": 360, "format_note": "360p", "vcodec": "vp9", "asr": null, "filesize": 6608663, "fps": 24, "tbr": 409.963, "width": 640, "acodec": "none", "downloader_options": {"http_chunk_size": 10485760}, "format": "243 - 640x360 (360p)", "protocol": "https", "http_headers": {"User-Agent": "Mozilla/5.0 (Windows NT 10.0; Win64; x64) AppleWebKit/537.36 (KHTML, like Gecko) Chrome/73.0.3664.4 Safari/537.36", "Accept-Charset": "ISO-8859-1,utf-8;q=0.7,*;q=0.7", "Accept": "text/html,application/xhtml+xml,application/xml;q=0.9,*/*;q=0.8", "Accept-Encoding": "gzip, deflate", "Accept-Language": "en-us,en;q=0.5"}}, {"format_id": "134", "url": "https://r1---sn-5njj-u2xl.googlevideo.com/videoplayback?expire=1612426869&ei=FVobYKmKBtXLgAOnspjIDw&ip=140.109.135.76&id=o-ADFaFBwwn2-gCaXgTlFUuharcMlRkeQAzIeLH6DcN-MN&itag=134&aitags=133%2C134%2C135%2C136%2C160%2C242%2C243%2C244%2C247%2C278%2C394%2C395%2C396%2C397%2C398&source=youtube&requiressl=yes&mh=4w&mm=31%2C29&mn=sn-5njj-u2xl%2Csn-un57en7s&ms=au%2Crdu&mv=m&mvi=1&pcm2cms=yes&pl=16&initcwndbps=375000&vprv=1&mime=video%2Fmp4&ns=dmddu4Yho7cww3jL9OgaaY0F&gir=yes&clen=5152148&dur=191.791&lmt=1610093705144722&mt=1612404299&fvip=1&keepalive=yes&c=WEB&txp=5432432&n=fzuBM-dfYFtm6GZGz&sparams=expire%2Cei%2Cip%2Cid%2Caitags%2Csource%2Crequiressl%2Cvprv%2Cmime%2Cns%2Cgir%2Cclen%2Cdur%2Clmt&lsparams=mh%2Cmm%2Cmn%2Cms%2Cmv%2Cmvi%2Cpcm2cms%2Cpl%2Cinitcwndbps&lsig=AG3C_xAwRAIgUL9UwobDJDiRmbu_vD1amj6AKwAn-wEDURoCOQwQd9kCIEvnnh8qOWJ91VnUu6bsaD9JO_UjTedNa7JlE1dSJSYn&sig=AOq0QJ8wRQIgec4UbcuN5O5VjJrcX73Lac2vTROWVZRzJLRC32xeYA8CIQCH3WgtiAl24SedF27cARS0VS97BAL7KQb9OEsyQslvPw==&ratebypass=yes", "player_url": "/s/player/4bc55fd6/player_ias.vflset/en_US/base.js", "ext": "mp4", "height": 360, "format_note": "360p", "vcodec": "avc1.4d401e", "asr": null, "filesize": 5152148, "fps": 24, "tbr": 432.88, "width": 640, "acodec": "none", "downloader_options": {"http_chunk_size": 10485760}, "format": "134 - 640x360 (360p)", "protocol": "https", "http_headers": {"User-Agent": "Mozilla/5.0 (Windows NT 10.0; Win64; x64) AppleWebKit/537.36 (KHTML, like Gecko) Chrome/73.0.3664.4 Safari/537.36", "Accept-Charset": "ISO-8859-1,utf-8;q=0.7,*;q=0.7", "Accept": "text/html,application/xhtml+xml,application/xml;q=0.9,*/*;q=0.8", "Accept-Encoding": "gzip, deflate", "Accept-Language": "en-us,en;q=0.5"}}, {"format_id": "397", "url": "https://r1---sn-5njj-u2xl.googlevideo.com/videoplayback?expire=1612426869&ei=FVobYKmKBtXLgAOnspjIDw&ip=140.109.135.76&id=o-ADFaFBwwn2-gCaXgTlFUuharcMlRkeQAzIeLH6DcN-MN&itag=397&aitags=133%2C134%2C135%2C136%2C160%2C242%2C243%2C244%2C247%2C278%2C394%2C395%2C396%2C397%2C398&source=youtube&requiressl=yes&mh=4w&mm=31%2C29&mn=sn-5njj-u2xl%2Csn-un57en7s&ms=au%2Crdu&mv=m&mvi=1&pcm2cms=yes&pl=16&initcwndbps=375000&vprv=1&mime=video%2Fmp4&ns=dmddu4Yho7cww3jL9OgaaY0F&gir=yes&clen=7284551&dur=191.791&lmt=1611096176889809&mt=1612404299&fvip=1&keepalive=yes&c=WEB&txp=5436432&n=fzuBM-dfYFtm6GZGz&sparams=expire%2Cei%2Cip%2Cid%2Caitags%2Csource%2Crequiressl%2Cvprv%2Cmime%2Cns%2Cgir%2Cclen%2Cdur%2Clmt&lsparams=mh%2Cmm%2Cmn%2Cms%2Cmv%2Cmvi%2Cpcm2cms%2Cpl%2Cinitcwndbps&lsig=AG3C_xAwRgIhAKs4F5JOUnnlS7NRIQsWl9BqzyFFshIPLl7XRVlWT-2UAiEAsAO3v8oPzxycQLHOXFARYMdWACO7CpL9ONI5YRgBO4M%3D&sig=AOq0QJ8wRgIhAIpoNVkY3mBmpOVoxQOLR75Id-BIkXndHVTAWHiFDR6sAiEAmoytgqXpruRyuRCjHI7TRQHjlx9JtOdx5BeDf2ri7Ok=&ratebypass=yes", "player_url": "/s/player/4bc55fd6/player_ias.vflset/en_US/base.js", "acodec": "none", "vcodec": "av01.0.04M.08", "asr": null, "filesize": 7284551, "format_note": "480p", "fps": 24, "height": 480, "tbr": 622.539, "width": 854, "ext": "mp4", "downloader_options": {"http_chunk_size": 10485760}, "format": "397 - 854x480 (480p)", "protocol": "https", "http_headers": {"User-Agent": "Mozilla/5.0 (Windows NT 10.0; Win64; x64) AppleWebKit/537.36 (KHTML, like Gecko) Chrome/73.0.3664.4 Safari/537.36", "Accept-Charset": "ISO-8859-1,utf-8;q=0.7,*;q=0.7", "Accept": "text/html,application/xhtml+xml,application/xml;q=0.9,*/*;q=0.8", "Accept-Encoding": "gzip, deflate", "Accept-Language": "en-us,en;q=0.5"}}, {"format_id": "135", "url": "https://r1---sn-5njj-u2xl.googlevideo.com/videoplayback?expire=1612426869&ei=FVobYKmKBtXLgAOnspjIDw&ip=140.109.135.76&id=o-ADFaFBwwn2-gCaXgTlFUuharcMlRkeQAzIeLH6DcN-MN&itag=135&aitags=133%2C134%2C135%2C136%2C160%2C242%2C243%2C244%2C247%2C278%2C394%2C395%2C396%2C397%2C398&source=youtube&requiressl=yes&mh=4w&mm=31%2C29&mn=sn-5njj-u2xl%2Csn-un57en7s&ms=au%2Crdu&mv=m&mvi=1&pcm2cms=yes&pl=16&initcwndbps=375000&vprv=1&mime=video%2Fmp4&ns=dmddu4Yho7cww3jL9OgaaY0F&gir=yes&clen=8641377&dur=191.791&lmt=1610093705147915&mt=1612404299&fvip=1&keepalive=yes&c=WEB&txp=5432432&n=fzuBM-dfYFtm6GZGz&sparams=expire%2Cei%2Cip%2Cid%2Caitags%2Csource%2Crequiressl%2Cvprv%2Cmime%2Cns%2Cgir%2Cclen%2Cdur%2Clmt&lsparams=mh%2Cmm%2Cmn%2Cms%2Cmv%2Cmvi%2Cpcm2cms%2Cpl%2Cinitcwndbps&lsig=AG3C_xAwRgIhAK4nYZT_PpKWPGG5pr58A6PNN4WBWSSs384M6une0cS4AiEAnILkqyMQe3doZq4OnyeIykWJUAue8ElxPCtR-MwhUa8%3D&sig=AOq0QJ8wRQIhAJTsGou6bT8YB4XQRu1-z6xJwrWcr6d_GCSqpkbzGtbsAiBcC-j_qBqxQei4jgYFczak2tRUiuAniLg3rlnY-doD-w==&ratebypass=yes", "player_url": "/s/player/4bc55fd6/player_ias.vflset/en_US/base.js", "ext": "mp4", "height": 480, "format_note": "480p", "vcodec": "avc1.4d401e", "asr": null, "filesize": 8641377, "fps": 24, "tbr": 664.067, "width": 854, "acodec": "none", "downloader_options": {"http_chunk_size": 10485760}, "format": "135 - 854x480 (480p)", "protocol": "https", "http_headers": {"User-Agent": "Mozilla/5.0 (Windows NT 10.0; Win64; x64) AppleWebKit/537.36 (KHTML, like Gecko) Chrome/73.0.3664.4 Safari/537.36", "Accept-Charset": "ISO-8859-1,utf-8;q=0.7,*;q=0.7", "Accept": "text/html,application/xhtml+xml,application/xml;q=0.9,*/*;q=0.8", "Accept-Encoding": "gzip, deflate", "Accept-Language": "en-us,en;q=0.5"}}, {"format_id": "244", "url": "https://r1---sn-5njj-u2xl.googlevideo.com/videoplayback?expire=1612426869&ei=FVobYKmKBtXLgAOnspjIDw&ip=140.109.135.76&id=o-ADFaFBwwn2-gCaXgTlFUuharcMlRkeQAzIeLH6DcN-MN&itag=244&aitags=133%2C134%2C135%2C136%2C160%2C242%2C243%2C244%2C247%2C278%2C394%2C395%2C396%2C397%2C398&source=youtube&requiressl=yes&mh=4w&mm=31%2C29&mn=sn-5njj-u2xl%2Csn-un57en7s&ms=au%2Crdu&mv=m&mvi=1&pcm2cms=yes&pl=16&initcwndbps=375000&vprv=1&mime=video%2Fwebm&ns=dmddu4Yho7cww3jL9OgaaY0F&gir=yes&clen=11457472&dur=191.791&lmt=1540497107527144&mt=1612404299&fvip=1&keepalive=yes&c=WEB&txp=5432432&n=fzuBM-dfYFtm6GZGz&sparams=expire%2Cei%2Cip%2Cid%2Caitags%2Csource%2Crequiressl%2Cvprv%2Cmime%2Cns%2Cgir%2Cclen%2Cdur%2Clmt&lsparams=mh%2Cmm%2Cmn%2Cms%2Cmv%2Cmvi%2Cpcm2cms%2Cpl%2Cinitcwndbps&lsig=AG3C_xAwRQIgXsWm-yXcKsi8mXHhAnzlY1rvuwUohx1Gswlt8jMmS8MCIQCVe3004k8Wm6RVxD0_vcmo3GoK5VCyyQc_xfPFJcLPcQ%3D%3D&sig=AOq0QJ8wRQIhAP5SkbZLQlLSBvYcNV0tk5TNpFxc1x3pqyvTDytJ0XzWAiBc-TbZLdOTqoBwT-0RtFFOELQCxyVBPvcZFp80vdZPFg==&ratebypass=yes", "player_url": "/s/player/4bc55fd6/player_ias.vflset/en_US/base.js", "ext": "webm", "height": 480, "format_note": "480p", "vcodec": "vp9", "asr": null, "filesize": 11457472, "fps": 24, "tbr": 756.908, "width": 854, "acodec": "none", "downloader_options": {"http_chunk_size": 10485760}, "format": "244 - 854x480 (480p)", "protocol": "https", "http_headers": {"User-Agent": "Mozilla/5.0 (Windows NT 10.0; Win64; x64) AppleWebKit/537.36 (KHTML, like Gecko) Chrome/73.0.3664.4 Safari/537.36", "Accept-Charset": "ISO-8859-1,utf-8;q=0.7,*;q=0.7", "Accept": "text/html,application/xhtml+xml,application/xml;q=0.9,*/*;q=0.8", "Accept-Encoding": "gzip, deflate", "Accept-Language": "en-us,en;q=0.5"}}, {"format_id": "398", "url": "https://r1---sn-5njj-u2xl.googlevideo.com/videoplayback?expire=1612426869&ei=FVobYKmKBtXLgAOnspjIDw&ip=140.109.135.76&id=o-ADFaFBwwn2-gCaXgTlFUuharcMlRkeQAzIeLH6DcN-MN&itag=398&aitags=133%2C134%2C135%2C136%2C160%2C242%2C243%2C244%2C247%2C278%2C394%2C395%2C396%2C397%2C398&source=youtube&requiressl=yes&mh=4w&mm=31%2C29&mn=sn-5njj-u2xl%2Csn-un57en7s&ms=au%2Crdu&mv=m&mvi=1&pcm2cms=yes&pl=16&initcwndbps=375000&vprv=1&mime=video%2Fmp4&ns=dmddu4Yho7cww3jL9OgaaY0F&gir=yes&clen=10644429&dur=191.791&lmt=1611096178289520&mt=1612404299&fvip=1&keepalive=yes&c=WEB&txp=5436432&n=fzuBM-dfYFtm6GZGz&sparams=expire%2Cei%2Cip%2Cid%2Caitags%2Csource%2Crequiressl%2Cvprv%2Cmime%2Cns%2Cgir%2Cclen%2Cdur%2Clmt&lsparams=mh%2Cmm%2Cmn%2Cms%2Cmv%2Cmvi%2Cpcm2cms%2Cpl%2Cinitcwndbps&lsig=AG3C_xAwRQIhAKE1IlJFKeosomwVuL5-Cc8CLpUcsAqHMzuWFCsg_uaNAiBox8X0JukJ1OmF0Rkk0b32pHOKEUYp-WvHrc07y3kduA%3D%3D&sig=AOq0QJ8wRgIhAIMHJ03d6JPE02r2etM8Fy98uoZ139UXfLJu71FoGkCDAiEApJGtNaHF7vJ60LKV47FUc65yddpj6Ha7FoBidNICdLY=&ratebypass=yes", "player_url": "/s/player/4bc55fd6/player_ias.vflset/en_US/base.js", "asr": null, "filesize": 10644429, "format_note": "720p", "fps": 24, "height": 720, "tbr": 1058.016, "width": 1280, "ext": "mp4", "vcodec": "av01.0.05M.08", "acodec": "none", "downloader_options": {"http_chunk_size": 10485760}, "format": "398 - 1280x720 (720p)", "protocol": "https", "http_headers": {"User-Agent": "Mozilla/5.0 (Windows NT 10.0; Win64; x64) AppleWebKit/537.36 (KHTML, like Gecko) Chrome/73.0.3664.4 Safari/537.36", "Accept-Charset": "ISO-8859-1,utf-8;q=0.7,*;q=0.7", "Accept": "text/html,application/xhtml+xml,application/xml;q=0.9,*/*;q=0.8", "Accept-Encoding": "gzip, deflate", "Accept-Language": "en-us,en;q=0.5"}}, {"format_id": "247", "url": "https://r1---sn-5njj-u2xl.googlevideo.com/videoplayback?expire=1612426869&ei=FVobYKmKBtXLgAOnspjIDw&ip=140.109.135.76&id=o-ADFaFBwwn2-gCaXgTlFUuharcMlRkeQAzIeLH6DcN-MN&itag=247&aitags=133%2C134%2C135%2C136%2C160%2C242%2C243%2C244%2C247%2C278%2C394%2C395%2C396%2C397%2C398&source=youtube&requiressl=yes&mh=4w&mm=31%2C29&mn=sn-5njj-u2xl%2Csn-un57en7s&ms=au%2Crdu&mv=m&mvi=1&pcm2cms=yes&pl=16&initcwndbps=375000&vprv=1&mime=video%2Fwebm&ns=dmddu4Yho7cww3jL9OgaaY0F&gir=yes&clen=22227637&dur=191.791&lmt=1540497107530109&mt=1612404299&fvip=1&keepalive=yes&c=WEB&txp=5432432&n=fzuBM-dfYFtm6GZGz&sparams=expire%2Cei%2Cip%2Cid%2Caitags%2Csource%2Crequiressl%2Cvprv%2Cmime%2Cns%2Cgir%2Cclen%2Cdur%2Clmt&lsparams=mh%2Cmm%2Cmn%2Cms%2Cmv%2Cmvi%2Cpcm2cms%2Cpl%2Cinitcwndbps&lsig=AG3C_xAwRQIgRj2vyVv_LP3tmiYmlxGwWzZXeVcKKrW9qNOcJFfmLGkCIQDK9m1aRHQSEY0jrdEPIcwLCrgAGMwLtSt3yMYwaFhmAQ%3D%3D&sig=AOq0QJ8wRQIgG74wMAqgggMmzjNuSb-F14VyxDwJJBKsHZPmv5HZVWgCIQCMSV3YkSpMeTy2zsL2ge92QcPQ9oQ4P95Wapn2t_diHA==&ratebypass=yes", "player_url": "/s/player/4bc55fd6/player_ias.vflset/en_US/base.js", "ext": "webm", "height": 720, "format_note": "720p", "vcodec": "vp9", "asr": null, "filesize": 22227637, "fps": 24, "tbr": 1510.483, "width": 1280, "acodec": "none", "downloader_options": {"http_chunk_size": 10485760}, "format": "247 - 1280x720 (720p)", "protocol": "https", "http_headers": {"User-Agent": "Mozilla/5.0 (Windows NT 10.0; Win64; x64) AppleWebKit/537.36 (KHTML, like Gecko) Chrome/73.0.3664.4 Safari/537.36", "Accept-Charset": "ISO-8859-1,utf-8;q=0.7,*;q=0.7", "Accept": "text/html,application/xhtml+xml,application/xml;q=0.9,*/*;q=0.8", "Accept-Encoding": "gzip, deflate", "Accept-Language": "en-us,en;q=0.5"}}, {"format_id": "136", "url": "https://r1---sn-5njj-u2xl.googlevideo.com/videoplayback?expire=1612426869&ei=FVobYKmKBtXLgAOnspjIDw&ip=140.109.135.76&id=o-ADFaFBwwn2-gCaXgTlFUuharcMlRkeQAzIeLH6DcN-MN&itag=136&aitags=133%2C134%2C135%2C136%2C160%2C242%2C243%2C244%2C247%2C278%2C394%2C395%2C396%2C397%2C398&source=youtube&requiressl=yes&mh=4w&mm=31%2C29&mn=sn-5njj-u2xl%2Csn-un57en7s&ms=au%2Crdu&mv=m&mvi=1&pcm2cms=yes&pl=16&initcwndbps=375000&vprv=1&mime=video%2Fmp4&ns=dmddu4Yho7cww3jL9OgaaY0F&gir=yes&clen=23349805&dur=191.791&lmt=1610093705147065&mt=1612404299&fvip=1&keepalive=yes&c=WEB&txp=5432432&n=fzuBM-dfYFtm6GZGz&sparams=expire%2Cei%2Cip%2Cid%2Caitags%2Csource%2Crequiressl%2Cvprv%2Cmime%2Cns%2Cgir%2Cclen%2Cdur%2Clmt&lsparams=mh%2Cmm%2Cmn%2Cms%2Cmv%2Cmvi%2Cpcm2cms%2Cpl%2Cinitcwndbps&lsig=AG3C_xAwRgIhAJyaGX3-GnXAmmvHtjpj6tEO3c2bGPObLz9GKq3_rH0HAiEApplRZ76mrghxtvRybqZHxO-cpnsQgNbxSZYuEi7KeHk%3D&sig=AOq0QJ8wRQIgB-wfvhhb7tWc1TKNFp0q9mnapWBzYjc5qac79k-K3XkCIQCrRqQyaShOYBGbg-Jrozxrz9tP8UcINgOcki2n3oM2ZQ==&ratebypass=yes", "player_url": "/s/player/4bc55fd6/player_ias.vflset/en_US/base.js", "ext": "mp4", "height": 720, "format_note": "720p", "vcodec": "avc1.4d401f", "asr": null, "filesize": 23349805, "fps": 24, "tbr": 1994.291, "width": 1280, "acodec": "none", "downloader_options": {"http_chunk_size": 10485760}, "format": "136 - 1280x720 (720p)", "protocol": "https", "http_headers": {"User-Agent": "Mozilla/5.0 (Windows NT 10.0; Win64; x64) AppleWebKit/537.36 (KHTML, like Gecko) Chrome/73.0.3664.4 Safari/537.36", "Accept-Charset": "ISO-8859-1,utf-8;q=0.7,*;q=0.7", "Accept": "text/html,application/xhtml+xml,application/xml;q=0.9,*/*;q=0.8", "Accept-Encoding": "gzip, deflate", "Accept-Language": "en-us,en;q=0.5"}}, {"format_id": "18", "url": "https://r1---sn-5njj-u2xl.googlevideo.com/videoplayback?expire=1612426869&ei=FVobYKmKBtXLgAOnspjIDw&ip=140.109.135.76&id=o-ADFaFBwwn2-gCaXgTlFUuharcMlRkeQAzIeLH6DcN-MN&itag=18&source=youtube&requiressl=yes&mh=4w&mm=31%2C29&mn=sn-5njj-u2xl%2Csn-un57en7s&ms=au%2Crdu&mv=m&mvi=1&pcm2cms=yes&pl=16&initcwndbps=375000&vprv=1&mime=video%2Fmp4&ns=MKI3TYtSEQxPZFZOVPmpYWoF&gir=yes&clen=12690198&ratebypass=yes&dur=191.912&lmt=1540496879941869&mt=1612404299&fvip=1&c=WEB&txp=5431432&n=zDcsFPt7nHc5zx2Ex&sparams=expire%2Cei%2Cip%2Cid%2Citag%2Csource%2Crequiressl%2Cvprv%2Cmime%2Cns%2Cgir%2Cclen%2Cratebypass%2Cdur%2Clmt&lsparams=mh%2Cmm%2Cmn%2Cms%2Cmv%2Cmvi%2Cpcm2cms%2Cpl%2Cinitcwndbps&lsig=AG3C_xAwRQIhAIi-54FMr82WU64pgUg322brBw3ARdef7PEEfGl1-LG_AiB0_SWAhCci9fP24MhCqkZcQwPIjPcvHMnSDVaS-LMpww%3D%3D&sig=AOq0QJ8wRQIgCdrkKVVfcXtLXsnijQoJodOGc_l7dvheRlkZog720xECIQDc6tMJaTPIWcWtHp4QG5ys76j93ffiYoeqK5x6crN2Sw==", "player_url": "/s/player/4bc55fd6/player_ias.vflset/en_US/base.js", "ext": "mp4", "width": 640, "height": 360, "acodec": "mp4a.40.2", "abr": 96, "vcodec": "avc1.42001E", "asr": 44100, "filesize": 12690198, "format_note": "360p", "fps": 24, "tbr": 529.334, "format": "18 - 640x360 (360p)", "protocol": "https", "http_headers": {"User-Agent": "Mozilla/5.0 (Windows NT 10.0; Win64; x64) AppleWebKit/537.36 (KHTML, like Gecko) Chrome/73.0.3664.4 Safari/537.36", "Accept-Charset": "ISO-8859-1,utf-8;q=0.7,*;q=0.7", "Accept": "text/html,application/xhtml+xml,application/xml;q=0.9,*/*;q=0.8", "Accept-Encoding": "gzip, deflate", "Accept-Language": "en-us,en;q=0.5"}}], "is_live": null, "start_time": null, "end_time": null, "series": null, "season_number": null, "episode_number": null, "track": null, "artist": null, "album": null, "release_date": null, "release_year": null, "extractor": "youtube", "webpage_url_basename": "watch", "extractor_key": "Youtube", "playlist": null, "playlist_index": null, "thumbnail": "https://i.ytimg.com/vi_webp/zvSIFofFH90/maxresdefault.webp", "display_id": "zvSIFofFH90", "requested_subtitles": null, "format_id": "251", "url": "https://r1---sn-5njj-u2xl.googlevideo.com/videoplayback?expire=1612426869&ei=FVobYKmKBtXLgAOnspjIDw&ip=140.109.135.76&id=o-ADFaFBwwn2-gCaXgTlFUuharcMlRkeQAzIeLH6DcN-MN&itag=251&source=youtube&requiressl=yes&mh=4w&mm=31%2C29&mn=sn-5njj-u2xl%2Csn-un57en7s&ms=au%2Crdu&mv=m&mvi=1&pcm2cms=yes&pl=16&initcwndbps=375000&vprv=1&mime=audio%2Fwebm&ns=dmddu4Yho7cww3jL9OgaaY0F&gir=yes&clen=2612240&dur=191.881&lmt=1540498063412725&mt=1612404299&fvip=1&keepalive=yes&c=WEB&txp=5411222&n=fzuBM-dfYFtm6GZGz&sparams=expire%2Cei%2Cip%2Cid%2Citag%2Csource%2Crequiressl%2Cvprv%2Cmime%2Cns%2Cgir%2Cclen%2Cdur%2Clmt&lsparams=mh%2Cmm%2Cmn%2Cms%2Cmv%2Cmvi%2Cpcm2cms%2Cpl%2Cinitcwndbps&lsig=AG3C_xAwRgIhAPGzaVKeLiaphtZEg026S9XQSVDMvaY9MyAF7zX8Hyb0AiEAnIDM6hmVw4MaH97PRv1tWMXVgUXJLEvDq7mgRyma-es%3D&sig=AOq0QJ8wRQIhAMKKzEUv6lKXXFRbdgOzgxDdq6lqwGbuRFsXe2LjxWMIAiButkTYYLNnMBVORBqJammnXQSVKBfAr5YnJRnh_5TdeQ==&ratebypass=yes", "player_url": "/s/player/4bc55fd6/player_ias.vflset/en_US/base.js", "ext": "webm", "format_note": "tiny", "acodec": "opus", "abr": 160, "asr": 48000, "filesize": 2612240, "fps": null, "height": null, "tbr": 152.711, "width": null, "vcodec": "none", "downloader_options": {"http_chunk_size": 10485760}, "format": "251 - audio only (tiny)", "protocol": "https", "http_headers": {"User-Agent": "Mozilla/5.0 (Windows NT 10.0; Win64; x64) AppleWebKit/537.36 (KHTML, like Gecko) Chrome/73.0.3664.4 Safari/537.36", "Accept-Charset": "ISO-8859-1,utf-8;q=0.7,*;q=0.7", "Accept": "text/html,application/xhtml+xml,application/xml;q=0.9,*/*;q=0.8", "Accept-Encoding": "gzip, deflate", "Accept-Language": "en-us,en;q=0.5"}}