{"id": "By3JCii1k3w", "uploader": "Michael Ortega", "uploader_id": "MichaelsPianoSongs", "uploader_url": "http://www.youtube.com/user/MichaelsPianoSongs", "channel_id": "UCjyqGFuEZho7Wc7TT5MyFwg", "channel_url": "http://www.youtube.com/channel/UCjyqGFuEZho7Wc7TT5MyFwg", "upload_date": "20200830", "license": null, "creator": null, "title": "Michael Ortega - Last Memory", "alt_title": null, "thumbnails": [{"url": "https://i.ytimg.com/vi/By3JCii1k3w/hqdefault.jpg?sqp=-oaymwEYCKgBEF5IVfKriqkDCwgBFQAAiEIYAXAB&rs=AOn4CLAfed2F4smi3FEIGfkL4YwnJWZdZg", "width": 168, "height": 94, "resolution": "168x94", "id": "0"}, {"url": "https://i.ytimg.com/vi/By3JCii1k3w/hqdefault.jpg?sqp=-oaymwEYCMQBEG5IVfKriqkDCwgBFQAAiEIYAXAB&rs=AOn4CLAVksWmUebvwL8pWOod67onnu0baw", "width": 196, "height": 110, "resolution": "196x110", "id": "1"}, {"url": "https://i.ytimg.com/vi/By3JCii1k3w/hqdefault.jpg?sqp=-oaymwEZCPYBEIoBSFXyq4qpAwsIARUAAIhCGAFwAQ==&rs=AOn4CLDgjPo43l6yPJWJjRI69nZMX3dtwg", "width": 246, "height": 138, "resolution": "246x138", "id": "2"}, {"url": "https://i.ytimg.com/vi/By3JCii1k3w/hqdefault.jpg?sqp=-oaymwEZCNACELwBSFXyq4qpAwsIARUAAIhCGAFwAQ==&rs=AOn4CLAepXUjTewCWir3EhiKOvqvneQVBg", "width": 336, "height": 188, "resolution": "336x188", "id": "3"}, {"url": "https://i.ytimg.com/vi/By3JCii1k3w/maxresdefault.jpg", "width": 1920, "height": 1080, "resolution": "1920x1080", "id": "4"}], "description": "Composed by Michael Ortega. Sad & Emotional Piano Music \"Last memory\" in Eminor. Piano Solo.\nWebsite: https://michaelortegapiano.com/\n\u266a INSTAGRAM: https://www.instagram.com/michaelortegapiano\n\u266a Listen on AppleMusic: http://bit.ly/LastMemoryAppleMusic\n\u266a Listen on Spotify: bit.ly/LastmemorySingle\n\u25b6 Subscribe for more Music: http://bit.ly/SubToMichaelOrtega\n\n#MichaelOrtega #Sadpiano #EmotionalPiano\nCopyright \u00a9 Michael Ortega \n\nYou must purchase a license (link \u2b06 above) to use this for your Music or Videos. Ask me about non-profit projects on my Instagram (link \u2b06). \nOriginal Piano Music by Michael J. Ortega (MichaelOrtegaPiano)", "categories": ["Music"], "tags": ["sad piano", "michael ortega", "last memory michael ortega", "michael ortega broken hearts", "michael ortega its hard to say goodbye", "michael ortega last goodbye", "michael ortega love", "michael ortega miss you", "michael ortega rain", "michael ortega inception", "michael ortega te amo", "michael ortega piano", "michael ortega cry", "michel ortega", "sad piano music", "last memory piano"], "subtitles": {}, "automatic_captions": {}, "duration": 210, "age_limit": 0, "annotations": null, "chapters": null, "webpage_url": "https://www.youtube.com/watch?v=By3JCii1k3w", "view_count": 53779, "like_count": 2309, "dislike_count": 19, "average_rating": 4.9673538, "formats": [{"format_id": "249", "url": "https://r1---sn-ipoxu-u2x6.googlevideo.com/videoplayback?expire=1610392431&ei=D0_8X5jIMrebs8IP_Lml6AU&ip=220.129.26.102&id=o-ADN5_3dP-o-JCNfZ8akoYJCp53R_yAPPyi5n14xCrD9_&itag=249&source=youtube&requiressl=yes&mh=kG&mm=31%2C29&mn=sn-ipoxu-u2x6%2Csn-un57sn7s&ms=au%2Crdu&mv=m&mvi=1&pcm2cms=yes&pl=21&initcwndbps=1057500&vprv=1&mime=audio%2Fwebm&ns=iXJBT0HS20Ib1HTVfoS2RacF&gir=yes&clen=1570868&dur=209.801&lmt=1598757033218137&mt=1610370516&fvip=1&keepalive=yes&beids=9466586&c=WEB&txp=6311222&n=UgFNt7FC_9cvQK&sparams=expire%2Cei%2Cip%2Cid%2Citag%2Csource%2Crequiressl%2Cvprv%2Cmime%2Cns%2Cgir%2Cclen%2Cdur%2Clmt&sig=AOq0QJ8wRQIhAK4NOKMQ3NkBtrUoqV9lm7ll-6YYSTotpc8vW0lQKglbAiBAgotaCL1WM1gkf9X9U4tgiEH0ljWecE4WKzIRXjl4Zw%3D%3D&lsparams=mh%2Cmm%2Cmn%2Cms%2Cmv%2Cmvi%2Cpcm2cms%2Cpl%2Cinitcwndbps&lsig=AG3C_xAwRgIhAL_Cz8nDCHnzc21d94hLHTnfzspYkHXKZz-16qmyTVyWAiEAr5x61om1yovIvzazLUXTCfs8ypevt-XkxihN7yXRBRI%3D&ratebypass=yes", "player_url": null, "ext": "webm", "format_note": "tiny", "acodec": "opus", "abr": 50, "asr": 48000, "filesize": 1570868, "fps": null, "height": null, "tbr": 64.052, "width": null, "vcodec": "none", "downloader_options": {"http_chunk_size": 10485760}, "format": "249 - audio only (tiny)", "protocol": "https", "http_headers": {"User-Agent": "Mozilla/5.0 (Windows NT 10.0; Win64; x64) AppleWebKit/537.36 (KHTML, like Gecko) Chrome/73.0.3683.38 Safari/537.36", "Accept-Charset": "ISO-8859-1,utf-8;q=0.7,*;q=0.7", "Accept": "text/html,application/xhtml+xml,application/xml;q=0.9,*/*;q=0.8", "Accept-Encoding": "gzip, deflate", "Accept-Language": "en-us,en;q=0.5"}}, {"format_id": "250", "url": "https://r1---sn-ipoxu-u2x6.googlevideo.com/videoplayback?expire=1610392431&ei=D0_8X5jIMrebs8IP_Lml6AU&ip=220.129.26.102&id=o-ADN5_3dP-o-JCNfZ8akoYJCp53R_yAPPyi5n14xCrD9_&itag=250&source=youtube&requiressl=yes&mh=kG&mm=31%2C29&mn=sn-ipoxu-u2x6%2Csn-un57sn7s&ms=au%2Crdu&mv=m&mvi=1&pcm2cms=yes&pl=21&initcwndbps=1057500&vprv=1&mime=audio%2Fwebm&ns=iXJBT0HS20Ib1HTVfoS2RacF&gir=yes&clen=2060541&dur=209.801&lmt=1598757032709666&mt=1610370516&fvip=1&keepalive=yes&beids=9466586&c=WEB&txp=6311222&n=UgFNt7FC_9cvQK&sparams=expire%2Cei%2Cip%2Cid%2Citag%2Csource%2Crequiressl%2Cvprv%2Cmime%2Cns%2Cgir%2Cclen%2Cdur%2Clmt&sig=AOq0QJ8wRgIhAOJU4PSBy3-KUX56bdSmPqICMEhK3qO7BYSUh_ewaET_AiEAiNQKA70036IdvYfzOTzszgOcp4Ux8KuFRqIm3--wZyE%3D&lsparams=mh%2Cmm%2Cmn%2Cms%2Cmv%2Cmvi%2Cpcm2cms%2Cpl%2Cinitcwndbps&lsig=AG3C_xAwRgIhAL_Cz8nDCHnzc21d94hLHTnfzspYkHXKZz-16qmyTVyWAiEAr5x61om1yovIvzazLUXTCfs8ypevt-XkxihN7yXRBRI%3D&ratebypass=yes", "player_url": null, "ext": "webm", "format_note": "tiny", "acodec": "opus", "abr": 70, "asr": 48000, "filesize": 2060541, "fps": null, "height": null, "tbr": 82.79, "width": null, "vcodec": "none", "downloader_options": {"http_chunk_size": 10485760}, "format": "250 - audio only (tiny)", "protocol": "https", "http_headers": {"User-Agent": "Mozilla/5.0 (Windows NT 10.0; Win64; x64) AppleWebKit/537.36 (KHTML, like Gecko) Chrome/73.0.3683.38 Safari/537.36", "Accept-Charset": "ISO-8859-1,utf-8;q=0.7,*;q=0.7", "Accept": "text/html,application/xhtml+xml,application/xml;q=0.9,*/*;q=0.8", "Accept-Encoding": "gzip, deflate", "Accept-Language": "en-us,en;q=0.5"}}, {"format_id": "140", "url": "https://r1---sn-ipoxu-u2x6.googlevideo.com/videoplayback?expire=1610392431&ei=D0_8X5jIMrebs8IP_Lml6AU&ip=220.129.26.102&id=o-ADN5_3dP-o-JCNfZ8akoYJCp53R_yAPPyi5n14xCrD9_&itag=140&source=youtube&requiressl=yes&mh=kG&mm=31%2C29&mn=sn-ipoxu-u2x6%2Csn-un57sn7s&ms=au%2Crdu&mv=m&mvi=1&pcm2cms=yes&pl=21&initcwndbps=1057500&vprv=1&mime=audio%2Fmp4&ns=iXJBT0HS20Ib1HTVfoS2RacF&gir=yes&clen=3396783&dur=209.838&lmt=1598757048930186&mt=1610370516&fvip=1&keepalive=yes&beids=9466586&c=WEB&txp=6311222&n=UgFNt7FC_9cvQK&sparams=expire%2Cei%2Cip%2Cid%2Citag%2Csource%2Crequiressl%2Cvprv%2Cmime%2Cns%2Cgir%2Cclen%2Cdur%2Clmt&sig=AOq0QJ8wRQIhAKURcgiKE0GgmQ7n4nDz8kPi6hKDPEhwVwlRKA9dzi9BAiAG8TJ8M7ia5FjNQCbek3dKiUUVXU-35XwUpeOJBxkFGQ%3D%3D&lsparams=mh%2Cmm%2Cmn%2Cms%2Cmv%2Cmvi%2Cpcm2cms%2Cpl%2Cinitcwndbps&lsig=AG3C_xAwRgIhAL_Cz8nDCHnzc21d94hLHTnfzspYkHXKZz-16qmyTVyWAiEAr5x61om1yovIvzazLUXTCfs8ypevt-XkxihN7yXRBRI%3D&ratebypass=yes", "player_url": null, "ext": "m4a", "format_note": "tiny", "acodec": "mp4a.40.2", "abr": 128, "container": "m4a_dash", "asr": 44100, "filesize": 3396783, "fps": null, "height": null, "tbr": 134.085, "width": null, "vcodec": "none", "downloader_options": {"http_chunk_size": 10485760}, "format": "140 - audio only (tiny)", "protocol": "https", "http_headers": {"User-Agent": "Mozilla/5.0 (Windows NT 10.0; Win64; x64) AppleWebKit/537.36 (KHTML, like Gecko) Chrome/73.0.3683.38 Safari/537.36", "Accept-Charset": "ISO-8859-1,utf-8;q=0.7,*;q=0.7", "Accept": "text/html,application/xhtml+xml,application/xml;q=0.9,*/*;q=0.8", "Accept-Encoding": "gzip, deflate", "Accept-Language": "en-us,en;q=0.5"}}, {"format_id": "251", "url": "https://r1---sn-ipoxu-u2x6.googlevideo.com/videoplayback?expire=1610392431&ei=D0_8X5jIMrebs8IP_Lml6AU&ip=220.129.26.102&id=o-ADN5_3dP-o-JCNfZ8akoYJCp53R_yAPPyi5n14xCrD9_&itag=251&source=youtube&requiressl=yes&mh=kG&mm=31%2C29&mn=sn-ipoxu-u2x6%2Csn-un57sn7s&ms=au%2Crdu&mv=m&mvi=1&pcm2cms=yes&pl=21&initcwndbps=1057500&vprv=1&mime=audio%2Fwebm&ns=iXJBT0HS20Ib1HTVfoS2RacF&gir=yes&clen=4077384&dur=209.801&lmt=1598757033208149&mt=1610370516&fvip=1&keepalive=yes&beids=9466586&c=WEB&txp=6311222&n=UgFNt7FC_9cvQK&sparams=expire%2Cei%2Cip%2Cid%2Citag%2Csource%2Crequiressl%2Cvprv%2Cmime%2Cns%2Cgir%2Cclen%2Cdur%2Clmt&sig=AOq0QJ8wRQIgaZ8otF_pYsgm6rDPW4yiIXm3ZbUggN5fdK0xpKe7ldQCIQDcMbM-QDov4loWKoWQLKbTEGATUuD9s2ikwWuiVlfIzw%3D%3D&lsparams=mh%2Cmm%2Cmn%2Cms%2Cmv%2Cmvi%2Cpcm2cms%2Cpl%2Cinitcwndbps&lsig=AG3C_xAwRgIhAL_Cz8nDCHnzc21d94hLHTnfzspYkHXKZz-16qmyTVyWAiEAr5x61om1yovIvzazLUXTCfs8ypevt-XkxihN7yXRBRI%3D&ratebypass=yes", "player_url": null, "ext": "webm", "format_note": "tiny", "acodec": "opus", "abr": 160, "asr": 48000, "filesize": 4077384, "fps": null, "height": null, "tbr": 159.928, "width": null, "vcodec": "none", "downloader_options": {"http_chunk_size": 10485760}, "format": "251 - audio only (tiny)", "protocol": "https", "http_headers": {"User-Agent": "Mozilla/5.0 (Windows NT 10.0; Win64; x64) AppleWebKit/537.36 (KHTML, like Gecko) Chrome/73.0.3683.38 Safari/537.36", "Accept-Charset": "ISO-8859-1,utf-8;q=0.7,*;q=0.7", "Accept": "text/html,application/xhtml+xml,application/xml;q=0.9,*/*;q=0.8", "Accept-Encoding": "gzip, deflate", "Accept-Language": "en-us,en;q=0.5"}}, {"format_id": "278", "url": "https://r1---sn-ipoxu-u2x6.googlevideo.com/videoplayback?expire=1610392431&ei=D0_8X5jIMrebs8IP_Lml6AU&ip=220.129.26.102&id=o-ADN5_3dP-o-JCNfZ8akoYJCp53R_yAPPyi5n14xCrD9_&itag=278&aitags=133%2C134%2C135%2C136%2C137%2C160%2C242%2C243%2C244%2C247%2C248%2C271%2C278%2C313&source=youtube&requiressl=yes&mh=kG&mm=31%2C29&mn=sn-ipoxu-u2x6%2Csn-un57sn7s&ms=au%2Crdu&mv=m&mvi=1&pcm2cms=yes&pl=21&initcwndbps=1057500&vprv=1&mime=video%2Fwebm&ns=iXJBT0HS20Ib1HTVfoS2RacF&gir=yes&clen=629741&dur=209.776&lmt=1598757123066813&mt=1610370516&fvip=1&keepalive=yes&beids=9466586&c=WEB&txp=6316222&n=UgFNt7FC_9cvQK&sparams=expire%2Cei%2Cip%2Cid%2Caitags%2Csource%2Crequiressl%2Cvprv%2Cmime%2Cns%2Cgir%2Cclen%2Cdur%2Clmt&sig=AOq0QJ8wRAIgCn5LDuL7uEc0x3P23y2j1_oALHeWHinibP7DZMqHmJECIHzJbARp0QqYEFCKgZyzIDoqckZ9zXIkQTVqeQ012WFd&lsparams=mh%2Cmm%2Cmn%2Cms%2Cmv%2Cmvi%2Cpcm2cms%2Cpl%2Cinitcwndbps&lsig=AG3C_xAwRgIhAL_Cz8nDCHnzc21d94hLHTnfzspYkHXKZz-16qmyTVyWAiEAr5x61om1yovIvzazLUXTCfs8ypevt-XkxihN7yXRBRI%3D&ratebypass=yes", "player_url": null, "ext": "webm", "height": 144, "format_note": "144p", "container": "webm", "vcodec": "vp9", "asr": null, "filesize": 629741, "fps": 30, "tbr": 82.765, "width": 256, "acodec": "none", "downloader_options": {"http_chunk_size": 10485760}, "format": "278 - 256x144 (144p)", "protocol": "https", "http_headers": {"User-Agent": "Mozilla/5.0 (Windows NT 10.0; Win64; x64) AppleWebKit/537.36 (KHTML, like Gecko) Chrome/73.0.3683.38 Safari/537.36", "Accept-Charset": "ISO-8859-1,utf-8;q=0.7,*;q=0.7", "Accept": "text/html,application/xhtml+xml,application/xml;q=0.9,*/*;q=0.8", "Accept-Encoding": "gzip, deflate", "Accept-Language": "en-us,en;q=0.5"}}, {"format_id": "160", "url": "https://r1---sn-ipoxu-u2x6.googlevideo.com/videoplayback?expire=1610392431&ei=D0_8X5jIMrebs8IP_Lml6AU&ip=220.129.26.102&id=o-ADN5_3dP-o-JCNfZ8akoYJCp53R_yAPPyi5n14xCrD9_&itag=160&aitags=133%2C134%2C135%2C136%2C137%2C160%2C242%2C243%2C244%2C247%2C248%2C271%2C278%2C313&source=youtube&requiressl=yes&mh=kG&mm=31%2C29&mn=sn-ipoxu-u2x6%2Csn-un57sn7s&ms=au%2Crdu&mv=m&mvi=1&pcm2cms=yes&pl=21&initcwndbps=1057500&vprv=1&mime=video%2Fmp4&ns=iXJBT0HS20Ib1HTVfoS2RacF&gir=yes&clen=636797&dur=209.776&lmt=1598757100126533&mt=1610370516&fvip=1&keepalive=yes&beids=9466586&c=WEB&txp=6316222&n=UgFNt7FC_9cvQK&sparams=expire%2Cei%2Cip%2Cid%2Caitags%2Csource%2Crequiressl%2Cvprv%2Cmime%2Cns%2Cgir%2Cclen%2Cdur%2Clmt&sig=AOq0QJ8wRAIgP-24u0GUU-5EmyzZvkjszNPTaqWUYZEPIWYmSbxnlUQCIF-VJJSbVPVkhyzmuj84wzY-eORHzxFxjGYgPMLm1NUH&lsparams=mh%2Cmm%2Cmn%2Cms%2Cmv%2Cmvi%2Cpcm2cms%2Cpl%2Cinitcwndbps&lsig=AG3C_xAwRgIhAL_Cz8nDCHnzc21d94hLHTnfzspYkHXKZz-16qmyTVyWAiEAr5x61om1yovIvzazLUXTCfs8ypevt-XkxihN7yXRBRI%3D&ratebypass=yes", "player_url": null, "ext": "mp4", "height": 144, "format_note": "144p", "vcodec": "avc1.4d400c", "asr": null, "filesize": 636797, "fps": 30, "tbr": 108.908, "width": 256, "acodec": "none", "downloader_options": {"http_chunk_size": 10485760}, "format": "160 - 256x144 (144p)", "protocol": "https", "http_headers": {"User-Agent": "Mozilla/5.0 (Windows NT 10.0; Win64; x64) AppleWebKit/537.36 (KHTML, like Gecko) Chrome/73.0.3683.38 Safari/537.36", "Accept-Charset": "ISO-8859-1,utf-8;q=0.7,*;q=0.7", "Accept": "text/html,application/xhtml+xml,application/xml;q=0.9,*/*;q=0.8", "Accept-Encoding": "gzip, deflate", "Accept-Language": "en-us,en;q=0.5"}}, {"format_id": "242", "url": "https://r1---sn-ipoxu-u2x6.googlevideo.com/videoplayback?expire=1610392431&ei=D0_8X5jIMrebs8IP_Lml6AU&ip=220.129.26.102&id=o-ADN5_3dP-o-JCNfZ8akoYJCp53R_yAPPyi5n14xCrD9_&itag=242&aitags=133%2C134%2C135%2C136%2C137%2C160%2C242%2C243%2C244%2C247%2C248%2C271%2C278%2C313&source=youtube&requiressl=yes&mh=kG&mm=31%2C29&mn=sn-ipoxu-u2x6%2Csn-un57sn7s&ms=au%2Crdu&mv=m&mvi=1&pcm2cms=yes&pl=21&initcwndbps=1057500&vprv=1&mime=video%2Fwebm&ns=iXJBT0HS20Ib1HTVfoS2RacF&gir=yes&clen=799305&dur=209.776&lmt=1598757123071460&mt=1610370516&fvip=1&keepalive=yes&beids=9466586&c=WEB&txp=6316222&n=UgFNt7FC_9cvQK&sparams=expire%2Cei%2Cip%2Cid%2Caitags%2Csource%2Crequiressl%2Cvprv%2Cmime%2Cns%2Cgir%2Cclen%2Cdur%2Clmt&sig=AOq0QJ8wRQIhAJ8d5WzFv_TpNjMALD8iwHHN79wwvAbsUaGDLLzKNj3RAiBPS7L_IKyygXpwmyFwr39K02v-_vREZWAy07FKbvTXmA%3D%3D&lsparams=mh%2Cmm%2Cmn%2Cms%2Cmv%2Cmvi%2Cpcm2cms%2Cpl%2Cinitcwndbps&lsig=AG3C_xAwRgIhAL_Cz8nDCHnzc21d94hLHTnfzspYkHXKZz-16qmyTVyWAiEAr5x61om1yovIvzazLUXTCfs8ypevt-XkxihN7yXRBRI%3D&ratebypass=yes", "player_url": null, "ext": "webm", "height": 240, "format_note": "240p", "vcodec": "vp9", "asr": null, "filesize": 799305, "fps": 30, "tbr": 118.226, "width": 426, "acodec": "none", "downloader_options": {"http_chunk_size": 10485760}, "format": "242 - 426x240 (240p)", "protocol": "https", "http_headers": {"User-Agent": "Mozilla/5.0 (Windows NT 10.0; Win64; x64) AppleWebKit/537.36 (KHTML, like Gecko) Chrome/73.0.3683.38 Safari/537.36", "Accept-Charset": "ISO-8859-1,utf-8;q=0.7,*;q=0.7", "Accept": "text/html,application/xhtml+xml,application/xml;q=0.9,*/*;q=0.8", "Accept-Encoding": "gzip, deflate", "Accept-Language": "en-us,en;q=0.5"}}, {"format_id": "243", "url": "https://r1---sn-ipoxu-u2x6.googlevideo.com/videoplayback?expire=1610392431&ei=D0_8X5jIMrebs8IP_Lml6AU&ip=220.129.26.102&id=o-ADN5_3dP-o-JCNfZ8akoYJCp53R_yAPPyi5n14xCrD9_&itag=243&aitags=133%2C134%2C135%2C136%2C137%2C160%2C242%2C243%2C244%2C247%2C248%2C271%2C278%2C313&source=youtube&requiressl=yes&mh=kG&mm=31%2C29&mn=sn-ipoxu-u2x6%2Csn-un57sn7s&ms=au%2Crdu&mv=m&mvi=1&pcm2cms=yes&pl=21&initcwndbps=1057500&vprv=1&mime=video%2Fwebm&ns=iXJBT0HS20Ib1HTVfoS2RacF&gir=yes&clen=1134137&dur=209.776&lmt=1598757123068755&mt=1610370516&fvip=1&keepalive=yes&beids=9466586&c=WEB&txp=6316222&n=UgFNt7FC_9cvQK&sparams=expire%2Cei%2Cip%2Cid%2Caitags%2Csource%2Crequiressl%2Cvprv%2Cmime%2Cns%2Cgir%2Cclen%2Cdur%2Clmt&sig=AOq0QJ8wRAIgfjSomcWPuUWz4L2gP2jnGuk7MCQG4z56OEmgBWAGJAgCIFVa2uL-dHYdEBkRR9hfofnjwB9EPD45BbaLPpq-fDLT&lsparams=mh%2Cmm%2Cmn%2Cms%2Cmv%2Cmvi%2Cpcm2cms%2Cpl%2Cinitcwndbps&lsig=AG3C_xAwRgIhAL_Cz8nDCHnzc21d94hLHTnfzspYkHXKZz-16qmyTVyWAiEAr5x61om1yovIvzazLUXTCfs8ypevt-XkxihN7yXRBRI%3D&ratebypass=yes", "player_url": null, "ext": "webm", "height": 360, "format_note": "360p", "vcodec": "vp9", "asr": null, "filesize": 1134137, "fps": 30, "tbr": 173.718, "width": 640, "acodec": "none", "downloader_options": {"http_chunk_size": 10485760}, "format": "243 - 640x360 (360p)", "protocol": "https", "http_headers": {"User-Agent": "Mozilla/5.0 (Windows NT 10.0; Win64; x64) AppleWebKit/537.36 (KHTML, like Gecko) Chrome/73.0.3683.38 Safari/537.36", "Accept-Charset": "ISO-8859-1,utf-8;q=0.7,*;q=0.7", "Accept": "text/html,application/xhtml+xml,application/xml;q=0.9,*/*;q=0.8", "Accept-Encoding": "gzip, deflate", "Accept-Language": "en-us,en;q=0.5"}}, {"format_id": "133", "url": "https://r1---sn-ipoxu-u2x6.googlevideo.com/videoplayback?expire=1610392431&ei=D0_8X5jIMrebs8IP_Lml6AU&ip=220.129.26.102&id=o-ADN5_3dP-o-JCNfZ8akoYJCp53R_yAPPyi5n14xCrD9_&itag=133&aitags=133%2C134%2C135%2C136%2C137%2C160%2C242%2C243%2C244%2C247%2C248%2C271%2C278%2C313&source=youtube&requiressl=yes&mh=kG&mm=31%2C29&mn=sn-ipoxu-u2x6%2Csn-un57sn7s&ms=au%2Crdu&mv=m&mvi=1&pcm2cms=yes&pl=21&initcwndbps=1057500&vprv=1&mime=video%2Fmp4&ns=iXJBT0HS20Ib1HTVfoS2RacF&gir=yes&clen=1184778&dur=209.776&lmt=1598757100125298&mt=1610370516&fvip=1&keepalive=yes&beids=9466586&c=WEB&txp=6316222&n=UgFNt7FC_9cvQK&sparams=expire%2Cei%2Cip%2Cid%2Caitags%2Csource%2Crequiressl%2Cvprv%2Cmime%2Cns%2Cgir%2Cclen%2Cdur%2Clmt&sig=AOq0QJ8wRQIhAI0eUHWo6xZd6g0tigJ9OFQKrMskUecH6Hna6-vuKbRQAiBNOD6fouZfHoyhC9RucJHS7gBm-6SzOgicgWjS9tENAA%3D%3D&lsparams=mh%2Cmm%2Cmn%2Cms%2Cmv%2Cmvi%2Cpcm2cms%2Cpl%2Cinitcwndbps&lsig=AG3C_xAwRgIhAL_Cz8nDCHnzc21d94hLHTnfzspYkHXKZz-16qmyTVyWAiEAr5x61om1yovIvzazLUXTCfs8ypevt-XkxihN7yXRBRI%3D&ratebypass=yes", "player_url": null, "ext": "mp4", "height": 240, "format_note": "240p", "vcodec": "avc1.4d4015", "asr": null, "filesize": 1184778, "fps": 30, "tbr": 231.326, "width": 426, "acodec": "none", "downloader_options": {"http_chunk_size": 10485760}, "format": "133 - 426x240 (240p)", "protocol": "https", "http_headers": {"User-Agent": "Mozilla/5.0 (Windows NT 10.0; Win64; x64) AppleWebKit/537.36 (KHTML, like Gecko) Chrome/73.0.3683.38 Safari/537.36", "Accept-Charset": "ISO-8859-1,utf-8;q=0.7,*;q=0.7", "Accept": "text/html,application/xhtml+xml,application/xml;q=0.9,*/*;q=0.8", "Accept-Encoding": "gzip, deflate", "Accept-Language": "en-us,en;q=0.5"}}, {"format_id": "244", "url": "https://r1---sn-ipoxu-u2x6.googlevideo.com/videoplayback?expire=1610392431&ei=D0_8X5jIMrebs8IP_Lml6AU&ip=220.129.26.102&id=o-ADN5_3dP-o-JCNfZ8akoYJCp53R_yAPPyi5n14xCrD9_&itag=244&aitags=133%2C134%2C135%2C136%2C137%2C160%2C242%2C243%2C244%2C247%2C248%2C271%2C278%2C313&source=youtube&requiressl=yes&mh=kG&mm=31%2C29&mn=sn-ipoxu-u2x6%2Csn-un57sn7s&ms=au%2Crdu&mv=m&mvi=1&pcm2cms=yes&pl=21&initcwndbps=1057500&vprv=1&mime=video%2Fwebm&ns=iXJBT0HS20Ib1HTVfoS2RacF&gir=yes&clen=1670788&dur=209.776&lmt=1598757123066717&mt=1610370516&fvip=1&keepalive=yes&beids=9466586&c=WEB&txp=6316222&n=UgFNt7FC_9cvQK&sparams=expire%2Cei%2Cip%2Cid%2Caitags%2Csource%2Crequiressl%2Cvprv%2Cmime%2Cns%2Cgir%2Cclen%2Cdur%2Clmt&sig=AOq0QJ8wRQIgVeAclww_OSaPAGmbAsWse0CBy0Ep5ogn0pXVbgARrzMCIQCO0rjV8G0s03VVNoY5QGprZA5I2DY1cAPyq5gFG5tM3g%3D%3D&lsparams=mh%2Cmm%2Cmn%2Cms%2Cmv%2Cmvi%2Cpcm2cms%2Cpl%2Cinitcwndbps&lsig=AG3C_xAwRgIhAL_Cz8nDCHnzc21d94hLHTnfzspYkHXKZz-16qmyTVyWAiEAr5x61om1yovIvzazLUXTCfs8ypevt-XkxihN7yXRBRI%3D&ratebypass=yes", "player_url": null, "ext": "webm", "height": 480, "format_note": "480p", "vcodec": "vp9", "asr": null, "filesize": 1670788, "fps": 30, "tbr": 295.083, "width": 854, "acodec": "none", "downloader_options": {"http_chunk_size": 10485760}, "format": "244 - 854x480 (480p)", "protocol": "https", "http_headers": {"User-Agent": "Mozilla/5.0 (Windows NT 10.0; Win64; x64) AppleWebKit/537.36 (KHTML, like Gecko) Chrome/73.0.3683.38 Safari/537.36", "Accept-Charset": "ISO-8859-1,utf-8;q=0.7,*;q=0.7", "Accept": "text/html,application/xhtml+xml,application/xml;q=0.9,*/*;q=0.8", "Accept-Encoding": "gzip, deflate", "Accept-Language": "en-us,en;q=0.5"}}, {"format_id": "134", "url": "https://r1---sn-ipoxu-u2x6.googlevideo.com/videoplayback?expire=1610392431&ei=D0_8X5jIMrebs8IP_Lml6AU&ip=220.129.26.102&id=o-ADN5_3dP-o-JCNfZ8akoYJCp53R_yAPPyi5n14xCrD9_&itag=134&aitags=133%2C134%2C135%2C136%2C137%2C160%2C242%2C243%2C244%2C247%2C248%2C271%2C278%2C313&source=youtube&requiressl=yes&mh=kG&mm=31%2C29&mn=sn-ipoxu-u2x6%2Csn-un57sn7s&ms=au%2Crdu&mv=m&mvi=1&pcm2cms=yes&pl=21&initcwndbps=1057500&vprv=1&mime=video%2Fmp4&ns=iXJBT0HS20Ib1HTVfoS2RacF&gir=yes&clen=1863149&dur=209.776&lmt=1598757100124314&mt=1610370516&fvip=1&keepalive=yes&beids=9466586&c=WEB&txp=6316222&n=UgFNt7FC_9cvQK&sparams=expire%2Cei%2Cip%2Cid%2Caitags%2Csource%2Crequiressl%2Cvprv%2Cmime%2Cns%2Cgir%2Cclen%2Cdur%2Clmt&sig=AOq0QJ8wRQIgBW-ZoxFmGjToV-GrMrglZltt-H4jJY4-N9Xy_l_f6_8CIQCmKX0BBANj6oo8UWhuk5X0UythkR58S3ZyP0euoNr_kw%3D%3D&lsparams=mh%2Cmm%2Cmn%2Cms%2Cmv%2Cmvi%2Cpcm2cms%2Cpl%2Cinitcwndbps&lsig=AG3C_xAwRgIhAL_Cz8nDCHnzc21d94hLHTnfzspYkHXKZz-16qmyTVyWAiEAr5x61om1yovIvzazLUXTCfs8ypevt-XkxihN7yXRBRI%3D&ratebypass=yes", "player_url": null, "ext": "mp4", "height": 360, "format_note": "360p", "vcodec": "avc1.4d401e", "asr": null, "filesize": 1863149, "fps": 30, "tbr": 399.189, "width": 640, "acodec": "none", "downloader_options": {"http_chunk_size": 10485760}, "format": "134 - 640x360 (360p)", "protocol": "https", "http_headers": {"User-Agent": "Mozilla/5.0 (Windows NT 10.0; Win64; x64) AppleWebKit/537.36 (KHTML, like Gecko) Chrome/73.0.3683.38 Safari/537.36", "Accept-Charset": "ISO-8859-1,utf-8;q=0.7,*;q=0.7", "Accept": "text/html,application/xhtml+xml,application/xml;q=0.9,*/*;q=0.8", "Accept-Encoding": "gzip, deflate", "Accept-Language": "en-us,en;q=0.5"}}, {"format_id": "247", "url": "https://r1---sn-ipoxu-u2x6.googlevideo.com/videoplayback?expire=1610392431&ei=D0_8X5jIMrebs8IP_Lml6AU&ip=220.129.26.102&id=o-ADN5_3dP-o-JCNfZ8akoYJCp53R_yAPPyi5n14xCrD9_&itag=247&aitags=133%2C134%2C135%2C136%2C137%2C160%2C242%2C243%2C244%2C247%2C248%2C271%2C278%2C313&source=youtube&requiressl=yes&mh=kG&mm=31%2C29&mn=sn-ipoxu-u2x6%2Csn-un57sn7s&ms=au%2Crdu&mv=m&mvi=1&pcm2cms=yes&pl=21&initcwndbps=1057500&vprv=1&mime=video%2Fwebm&ns=iXJBT0HS20Ib1HTVfoS2RacF&gir=yes&clen=3083589&dur=209.776&lmt=1598757123066613&mt=1610370516&fvip=1&keepalive=yes&beids=9466586&c=WEB&txp=6316222&n=UgFNt7FC_9cvQK&sparams=expire%2Cei%2Cip%2Cid%2Caitags%2Csource%2Crequiressl%2Cvprv%2Cmime%2Cns%2Cgir%2Cclen%2Cdur%2Clmt&sig=AOq0QJ8wRQIgMucW3845lGzU-TINuxXlIsU5pw1thTXFwiJfA8culKACIQCIlzID2KwEIjIsDoBi-CoXeXHV7o7VBpXyiyNt_GD-hg%3D%3D&lsparams=mh%2Cmm%2Cmn%2Cms%2Cmv%2Cmvi%2Cpcm2cms%2Cpl%2Cinitcwndbps&lsig=AG3C_xAwRgIhAL_Cz8nDCHnzc21d94hLHTnfzspYkHXKZz-16qmyTVyWAiEAr5x61om1yovIvzazLUXTCfs8ypevt-XkxihN7yXRBRI%3D&ratebypass=yes", "player_url": null, "ext": "webm", "height": 720, "format_note": "720p", "vcodec": "vp9", "asr": null, "filesize": 3083589, "fps": 30, "tbr": 533.482, "width": 1280, "acodec": "none", "downloader_options": {"http_chunk_size": 10485760}, "format": "247 - 1280x720 (720p)", "protocol": "https", "http_headers": {"User-Agent": "Mozilla/5.0 (Windows NT 10.0; Win64; x64) AppleWebKit/537.36 (KHTML, like Gecko) Chrome/73.0.3683.38 Safari/537.36", "Accept-Charset": "ISO-8859-1,utf-8;q=0.7,*;q=0.7", "Accept": "text/html,application/xhtml+xml,application/xml;q=0.9,*/*;q=0.8", "Accept-Encoding": "gzip, deflate", "Accept-Language": "en-us,en;q=0.5"}}, {"format_id": "135", "url": "https://r1---sn-ipoxu-u2x6.googlevideo.com/videoplayback?expire=1610392431&ei=D0_8X5jIMrebs8IP_Lml6AU&ip=220.129.26.102&id=o-ADN5_3dP-o-JCNfZ8akoYJCp53R_yAPPyi5n14xCrD9_&itag=135&aitags=133%2C134%2C135%2C136%2C137%2C160%2C242%2C243%2C244%2C247%2C248%2C271%2C278%2C313&source=youtube&requiressl=yes&mh=kG&mm=31%2C29&mn=sn-ipoxu-u2x6%2Csn-un57sn7s&ms=au%2Crdu&mv=m&mvi=1&pcm2cms=yes&pl=21&initcwndbps=1057500&vprv=1&mime=video%2Fmp4&ns=iXJBT0HS20Ib1HTVfoS2RacF&gir=yes&clen=3115269&dur=209.776&lmt=1598757100125672&mt=1610370516&fvip=1&keepalive=yes&beids=9466586&c=WEB&txp=6316222&n=UgFNt7FC_9cvQK&sparams=expire%2Cei%2Cip%2Cid%2Caitags%2Csource%2Crequiressl%2Cvprv%2Cmime%2Cns%2Cgir%2Cclen%2Cdur%2Clmt&sig=AOq0QJ8wRgIhAMnpxdFeZmqXxjCMV_oiWsz0aj2aXewzeUtiZVTrUfNRAiEA6BCXNj4HlT32945H4XfzPabuC561sxG7B4eFJAFCvD0%3D&lsparams=mh%2Cmm%2Cmn%2Cms%2Cmv%2Cmvi%2Cpcm2cms%2Cpl%2Cinitcwndbps&lsig=AG3C_xAwRgIhAL_Cz8nDCHnzc21d94hLHTnfzspYkHXKZz-16qmyTVyWAiEAr5x61om1yovIvzazLUXTCfs8ypevt-XkxihN7yXRBRI%3D&ratebypass=yes", "player_url": null, "ext": "mp4", "height": 480, "format_note": "480p", "vcodec": "avc1.4d401f", "asr": null, "filesize": 3115269, "fps": 30, "tbr": 721.59, "width": 854, "acodec": "none", "downloader_options": {"http_chunk_size": 10485760}, "format": "135 - 854x480 (480p)", "protocol": "https", "http_headers": {"User-Agent": "Mozilla/5.0 (Windows NT 10.0; Win64; x64) AppleWebKit/537.36 (KHTML, like Gecko) Chrome/73.0.3683.38 Safari/537.36", "Accept-Charset": "ISO-8859-1,utf-8;q=0.7,*;q=0.7", "Accept": "text/html,application/xhtml+xml,application/xml;q=0.9,*/*;q=0.8", "Accept-Encoding": "gzip, deflate", "Accept-Language": "en-us,en;q=0.5"}}, {"format_id": "248", "url": "https://r1---sn-ipoxu-u2x6.googlevideo.com/videoplayback?expire=1610392431&ei=D0_8X5jIMrebs8IP_Lml6AU&ip=220.129.26.102&id=o-ADN5_3dP-o-JCNfZ8akoYJCp53R_yAPPyi5n14xCrD9_&itag=248&aitags=133%2C134%2C135%2C136%2C137%2C160%2C242%2C243%2C244%2C247%2C248%2C271%2C278%2C313&source=youtube&requiressl=yes&mh=kG&mm=31%2C29&mn=sn-ipoxu-u2x6%2Csn-un57sn7s&ms=au%2Crdu&mv=m&mvi=1&pcm2cms=yes&pl=21&initcwndbps=1057500&vprv=1&mime=video%2Fwebm&ns=iXJBT0HS20Ib1HTVfoS2RacF&gir=yes&clen=3830669&dur=209.776&lmt=1598757123100985&mt=1610370516&fvip=1&keepalive=yes&beids=9466586&c=WEB&txp=6316222&n=UgFNt7FC_9cvQK&sparams=expire%2Cei%2Cip%2Cid%2Caitags%2Csource%2Crequiressl%2Cvprv%2Cmime%2Cns%2Cgir%2Cclen%2Cdur%2Clmt&sig=AOq0QJ8wRQIgJl1Mrx1HSSxSpXlCepqjx0l4-iGlH2OfzAvwj908KnACIQCQWRU9o6YMhyca4u38cpWbI0URzPMdoY-N2O3SDq0o4Q%3D%3D&lsparams=mh%2Cmm%2Cmn%2Cms%2Cmv%2Cmvi%2Cpcm2cms%2Cpl%2Cinitcwndbps&lsig=AG3C_xAwRgIhAL_Cz8nDCHnzc21d94hLHTnfzspYkHXKZz-16qmyTVyWAiEAr5x61om1yovIvzazLUXTCfs8ypevt-XkxihN7yXRBRI%3D&ratebypass=yes", "player_url": null, "ext": "webm", "height": 1080, "format_note": "1080p", "vcodec": "vp9", "asr": null, "filesize": 3830669, "fps": 30, "tbr": 927.632, "width": 1920, "acodec": "none", "downloader_options": {"http_chunk_size": 10485760}, "format": "248 - 1920x1080 (1080p)", "protocol": "https", "http_headers": {"User-Agent": "Mozilla/5.0 (Windows NT 10.0; Win64; x64) AppleWebKit/537.36 (KHTML, like Gecko) Chrome/73.0.3683.38 Safari/537.36", "Accept-Charset": "ISO-8859-1,utf-8;q=0.7,*;q=0.7", "Accept": "text/html,application/xhtml+xml,application/xml;q=0.9,*/*;q=0.8", "Accept-Encoding": "gzip, deflate", "Accept-Language": "en-us,en;q=0.5"}}, {"format_id": "136", "url": "https://r1---sn-ipoxu-u2x6.googlevideo.com/videoplayback?expire=1610392431&ei=D0_8X5jIMrebs8IP_Lml6AU&ip=220.129.26.102&id=o-ADN5_3dP-o-JCNfZ8akoYJCp53R_yAPPyi5n14xCrD9_&itag=136&aitags=133%2C134%2C135%2C136%2C137%2C160%2C242%2C243%2C244%2C247%2C248%2C271%2C278%2C313&source=youtube&requiressl=yes&mh=kG&mm=31%2C29&mn=sn-ipoxu-u2x6%2Csn-un57sn7s&ms=au%2Crdu&mv=m&mvi=1&pcm2cms=yes&pl=21&initcwndbps=1057500&vprv=1&mime=video%2Fmp4&ns=iXJBT0HS20Ib1HTVfoS2RacF&gir=yes&clen=5396865&dur=209.776&lmt=1598757100124439&mt=1610370516&fvip=1&keepalive=yes&beids=9466586&c=WEB&txp=6316222&n=UgFNt7FC_9cvQK&sparams=expire%2Cei%2Cip%2Cid%2Caitags%2Csource%2Crequiressl%2Cvprv%2Cmime%2Cns%2Cgir%2Cclen%2Cdur%2Clmt&sig=AOq0QJ8wRQIhAMD5muzLUyCCk5m3YjuAqssLtiLVOVQFA2XPBTJ6PtuoAiAaf5HFBiJujY4loBjpMlWmfSLkR8uCKZ3sOQL0aoqSoQ%3D%3D&lsparams=mh%2Cmm%2Cmn%2Cms%2Cmv%2Cmvi%2Cpcm2cms%2Cpl%2Cinitcwndbps&lsig=AG3C_xAwRgIhAL_Cz8nDCHnzc21d94hLHTnfzspYkHXKZz-16qmyTVyWAiEAr5x61om1yovIvzazLUXTCfs8ypevt-XkxihN7yXRBRI%3D&ratebypass=yes", "player_url": null, "ext": "mp4", "height": 720, "format_note": "720p", "vcodec": "avc1.64001f", "asr": null, "filesize": 5396865, "fps": 30, "tbr": 1291.768, "width": 1280, "acodec": "none", "downloader_options": {"http_chunk_size": 10485760}, "format": "136 - 1280x720 (720p)", "protocol": "https", "http_headers": {"User-Agent": "Mozilla/5.0 (Windows NT 10.0; Win64; x64) AppleWebKit/537.36 (KHTML, like Gecko) Chrome/73.0.3683.38 Safari/537.36", "Accept-Charset": "ISO-8859-1,utf-8;q=0.7,*;q=0.7", "Accept": "text/html,application/xhtml+xml,application/xml;q=0.9,*/*;q=0.8", "Accept-Encoding": "gzip, deflate", "Accept-Language": "en-us,en;q=0.5"}}, {"format_id": "137", "url": "https://r1---sn-ipoxu-u2x6.googlevideo.com/videoplayback?expire=1610392431&ei=D0_8X5jIMrebs8IP_Lml6AU&ip=220.129.26.102&id=o-ADN5_3dP-o-JCNfZ8akoYJCp53R_yAPPyi5n14xCrD9_&itag=137&aitags=133%2C134%2C135%2C136%2C137%2C160%2C242%2C243%2C244%2C247%2C248%2C271%2C278%2C313&source=youtube&requiressl=yes&mh=kG&mm=31%2C29&mn=sn-ipoxu-u2x6%2Csn-un57sn7s&ms=au%2Crdu&mv=m&mvi=1&pcm2cms=yes&pl=21&initcwndbps=1057500&vprv=1&mime=video%2Fmp4&ns=iXJBT0HS20Ib1HTVfoS2RacF&gir=yes&clen=9831211&dur=209.776&lmt=1598757100130107&mt=1610370516&fvip=1&keepalive=yes&beids=9466586&c=WEB&txp=6316222&n=UgFNt7FC_9cvQK&sparams=expire%2Cei%2Cip%2Cid%2Caitags%2Csource%2Crequiressl%2Cvprv%2Cmime%2Cns%2Cgir%2Cclen%2Cdur%2Clmt&sig=AOq0QJ8wRAIgPZp7j3AVLqYOOAX98aQ8Ox2F1cw810jrpBNt3Xg5yOgCIA7HNOmDK-d45_Mn1a2cfqqaCJce6z1LTuW6v3X7jqbI&lsparams=mh%2Cmm%2Cmn%2Cms%2Cmv%2Cmvi%2Cpcm2cms%2Cpl%2Cinitcwndbps&lsig=AG3C_xAwRgIhAL_Cz8nDCHnzc21d94hLHTnfzspYkHXKZz-16qmyTVyWAiEAr5x61om1yovIvzazLUXTCfs8ypevt-XkxihN7yXRBRI%3D&ratebypass=yes", "player_url": null, "ext": "mp4", "height": 1080, "format_note": "1080p", "vcodec": "avc1.640028", "asr": null, "filesize": 9831211, "fps": 30, "tbr": 2313.156, "width": 1920, "acodec": "none", "downloader_options": {"http_chunk_size": 10485760}, "format": "137 - 1920x1080 (1080p)", "protocol": "https", "http_headers": {"User-Agent": "Mozilla/5.0 (Windows NT 10.0; Win64; x64) AppleWebKit/537.36 (KHTML, like Gecko) Chrome/73.0.3683.38 Safari/537.36", "Accept-Charset": "ISO-8859-1,utf-8;q=0.7,*;q=0.7", "Accept": "text/html,application/xhtml+xml,application/xml;q=0.9,*/*;q=0.8", "Accept-Encoding": "gzip, deflate", "Accept-Language": "en-us,en;q=0.5"}}, {"format_id": "271", "url": "https://r1---sn-ipoxu-u2x6.googlevideo.com/videoplayback?expire=1610392431&ei=D0_8X5jIMrebs8IP_Lml6AU&ip=220.129.26.102&id=o-ADN5_3dP-o-JCNfZ8akoYJCp53R_yAPPyi5n14xCrD9_&itag=271&aitags=133%2C134%2C135%2C136%2C137%2C160%2C242%2C243%2C244%2C247%2C248%2C271%2C278%2C313&source=youtube&requiressl=yes&mh=kG&mm=31%2C29&mn=sn-ipoxu-u2x6%2Csn-un57sn7s&ms=au%2Crdu&mv=m&mvi=1&pcm2cms=yes&pl=21&initcwndbps=1057500&vprv=1&mime=video%2Fwebm&ns=iXJBT0HS20Ib1HTVfoS2RacF&gir=yes&clen=12599465&dur=209.776&lmt=1598757123066327&mt=1610370516&fvip=1&keepalive=yes&beids=9466586&c=WEB&txp=6316222&n=UgFNt7FC_9cvQK&sparams=expire%2Cei%2Cip%2Cid%2Caitags%2Csource%2Crequiressl%2Cvprv%2Cmime%2Cns%2Cgir%2Cclen%2Cdur%2Clmt&sig=AOq0QJ8wRQIgJUhVMP_ywkyicSAz-pIlFSDICQG1dV7xe0SbOcNhqW0CIQD1H38Ek8aePLkG6jV_Scfg9Nv1tHbjTwANFN3TulKJ0Q%3D%3D&lsparams=mh%2Cmm%2Cmn%2Cms%2Cmv%2Cmvi%2Cpcm2cms%2Cpl%2Cinitcwndbps&lsig=AG3C_xAwRgIhAL_Cz8nDCHnzc21d94hLHTnfzspYkHXKZz-16qmyTVyWAiEAr5x61om1yovIvzazLUXTCfs8ypevt-XkxihN7yXRBRI%3D&ratebypass=yes", "player_url": null, "ext": "webm", "height": 1440, "format_note": "1440p", "vcodec": "vp9", "asr": null, "filesize": 12599465, "fps": 30, "tbr": 4323.164, "width": 2560, "acodec": "none", "downloader_options": {"http_chunk_size": 10485760}, "format": "271 - 2560x1440 (1440p)", "protocol": "https", "http_headers": {"User-Agent": "Mozilla/5.0 (Windows NT 10.0; Win64; x64) AppleWebKit/537.36 (KHTML, like Gecko) Chrome/73.0.3683.38 Safari/537.36", "Accept-Charset": "ISO-8859-1,utf-8;q=0.7,*;q=0.7", "Accept": "text/html,application/xhtml+xml,application/xml;q=0.9,*/*;q=0.8", "Accept-Encoding": "gzip, deflate", "Accept-Language": "en-us,en;q=0.5"}}, {"format_id": "313", "url": "https://r1---sn-ipoxu-u2x6.googlevideo.com/videoplayback?expire=1610392431&ei=D0_8X5jIMrebs8IP_Lml6AU&ip=220.129.26.102&id=o-ADN5_3dP-o-JCNfZ8akoYJCp53R_yAPPyi5n14xCrD9_&itag=313&aitags=133%2C134%2C135%2C136%2C137%2C160%2C242%2C243%2C244%2C247%2C248%2C271%2C278%2C313&source=youtube&requiressl=yes&mh=kG&mm=31%2C29&mn=sn-ipoxu-u2x6%2Csn-un57sn7s&ms=au%2Crdu&mv=m&mvi=1&pcm2cms=yes&pl=21&initcwndbps=1057500&vprv=1&mime=video%2Fwebm&ns=iXJBT0HS20Ib1HTVfoS2RacF&gir=yes&clen=40158915&dur=209.776&lmt=1598757123082764&mt=1610370516&fvip=1&keepalive=yes&beids=9466586&c=WEB&txp=6316222&n=UgFNt7FC_9cvQK&sparams=expire%2Cei%2Cip%2Cid%2Caitags%2Csource%2Crequiressl%2Cvprv%2Cmime%2Cns%2Cgir%2Cclen%2Cdur%2Clmt&sig=AOq0QJ8wRAIgeZbphhBhnMOZ9dOzXFImPPqLL4EKagVcCkmvxu-PhOUCIANWJLROYO3X1VHttdeglavhh9Gjb9ce6BLJ2bMyE2jQ&lsparams=mh%2Cmm%2Cmn%2Cms%2Cmv%2Cmvi%2Cpcm2cms%2Cpl%2Cinitcwndbps&lsig=AG3C_xAwRgIhAL_Cz8nDCHnzc21d94hLHTnfzspYkHXKZz-16qmyTVyWAiEAr5x61om1yovIvzazLUXTCfs8ypevt-XkxihN7yXRBRI%3D&ratebypass=yes", "player_url": null, "ext": "webm", "height": 2160, "format_note": "2160p", "vcodec": "vp9", "asr": null, "filesize": 40158915, "fps": 30, "tbr": 7180.633, "width": 3840, "acodec": "none", "downloader_options": {"http_chunk_size": 10485760}, "format": "313 - 3840x2160 (2160p)", "protocol": "https", "http_headers": {"User-Agent": "Mozilla/5.0 (Windows NT 10.0; Win64; x64) AppleWebKit/537.36 (KHTML, like Gecko) Chrome/73.0.3683.38 Safari/537.36", "Accept-Charset": "ISO-8859-1,utf-8;q=0.7,*;q=0.7", "Accept": "text/html,application/xhtml+xml,application/xml;q=0.9,*/*;q=0.8", "Accept-Encoding": "gzip, deflate", "Accept-Language": "en-us,en;q=0.5"}}, {"format_id": "18", "url": "https://r1---sn-ipoxu-u2x6.googlevideo.com/videoplayback?expire=1610392431&ei=D0_8X5jIMrebs8IP_Lml6AU&ip=220.129.26.102&id=o-ADN5_3dP-o-JCNfZ8akoYJCp53R_yAPPyi5n14xCrD9_&itag=18&source=youtube&requiressl=yes&mh=kG&mm=31%2C29&mn=sn-ipoxu-u2x6%2Csn-un57sn7s&ms=au%2Crdu&mv=m&mvi=1&pcm2cms=yes&pl=21&initcwndbps=1057500&vprv=1&mime=video%2Fmp4&ns=qNkVIp2AeCFzBpBys_Jim_8F&gir=yes&clen=4698247&ratebypass=yes&dur=209.838&lmt=1598757067368086&mt=1610370516&fvip=1&beids=9466586&c=WEB&txp=6316222&n=wYNhiZMO7QfRA5&sparams=expire%2Cei%2Cip%2Cid%2Citag%2Csource%2Crequiressl%2Cvprv%2Cmime%2Cns%2Cgir%2Cclen%2Cratebypass%2Cdur%2Clmt&sig=AOq0QJ8wRAIgMpbHMwu3eM3k5941_BJ7vfng_hiPMvVC9q5qrN7o4kwCIFER80YDxiDfbJR4q5O2Ud_vWLCBXJfDwD2L-x3dgiVd&lsparams=mh%2Cmm%2Cmn%2Cms%2Cmv%2Cmvi%2Cpcm2cms%2Cpl%2Cinitcwndbps&lsig=AG3C_xAwRgIhAL_Cz8nDCHnzc21d94hLHTnfzspYkHXKZz-16qmyTVyWAiEAr5x61om1yovIvzazLUXTCfs8ypevt-XkxihN7yXRBRI%3D", "player_url": null, "ext": "mp4", "width": 640, "height": 360, "acodec": "mp4a.40.2", "abr": 96, "vcodec": "avc1.42001E", "asr": 44100, "filesize": 4698247, "format_note": "360p", "fps": 30, "tbr": 179.171, "format": "18 - 640x360 (360p)", "protocol": "https", "http_headers": {"User-Agent": "Mozilla/5.0 (Windows NT 10.0; Win64; x64) AppleWebKit/537.36 (KHTML, like Gecko) Chrome/73.0.3683.38 Safari/537.36", "Accept-Charset": "ISO-8859-1,utf-8;q=0.7,*;q=0.7", "Accept": "text/html,application/xhtml+xml,application/xml;q=0.9,*/*;q=0.8", "Accept-Encoding": "gzip, deflate", "Accept-Language": "en-us,en;q=0.5"}}], "is_live": null, "start_time": null, "end_time": null, "series": null, "season_number": null, "episode_number": null, "track": null, "artist": null, "album": null, "release_date": null, "release_year": null, "extractor": "youtube", "webpage_url_basename": "watch", "extractor_key": "Youtube", "playlist": null, "playlist_index": null, "thumbnail": "https://i.ytimg.com/vi/By3JCii1k3w/maxresdefault.jpg", "display_id": "By3JCii1k3w", "requested_subtitles": null, "format_id": "251", "url": "https://r1---sn-ipoxu-u2x6.googlevideo.com/videoplayback?expire=1610392431&ei=D0_8X5jIMrebs8IP_Lml6AU&ip=220.129.26.102&id=o-ADN5_3dP-o-JCNfZ8akoYJCp53R_yAPPyi5n14xCrD9_&itag=251&source=youtube&requiressl=yes&mh=kG&mm=31%2C29&mn=sn-ipoxu-u2x6%2Csn-un57sn7s&ms=au%2Crdu&mv=m&mvi=1&pcm2cms=yes&pl=21&initcwndbps=1057500&vprv=1&mime=audio%2Fwebm&ns=iXJBT0HS20Ib1HTVfoS2RacF&gir=yes&clen=4077384&dur=209.801&lmt=1598757033208149&mt=1610370516&fvip=1&keepalive=yes&beids=9466586&c=WEB&txp=6311222&n=UgFNt7FC_9cvQK&sparams=expire%2Cei%2Cip%2Cid%2Citag%2Csource%2Crequiressl%2Cvprv%2Cmime%2Cns%2Cgir%2Cclen%2Cdur%2Clmt&sig=AOq0QJ8wRQIgaZ8otF_pYsgm6rDPW4yiIXm3ZbUggN5fdK0xpKe7ldQCIQDcMbM-QDov4loWKoWQLKbTEGATUuD9s2ikwWuiVlfIzw%3D%3D&lsparams=mh%2Cmm%2Cmn%2Cms%2Cmv%2Cmvi%2Cpcm2cms%2Cpl%2Cinitcwndbps&lsig=AG3C_xAwRgIhAL_Cz8nDCHnzc21d94hLHTnfzspYkHXKZz-16qmyTVyWAiEAr5x61om1yovIvzazLUXTCfs8ypevt-XkxihN7yXRBRI%3D&ratebypass=yes", "player_url": null, "ext": "webm", "format_note": "tiny", "acodec": "opus", "abr": 160, "asr": 48000, "filesize": 4077384, "fps": null, "height": null, "tbr": 159.928, "width": null, "vcodec": "none", "downloader_options": {"http_chunk_size": 10485760}, "format": "251 - audio only (tiny)", "protocol": "https", "http_headers": {"User-Agent": "Mozilla/5.0 (Windows NT 10.0; Win64; x64) AppleWebKit/537.36 (KHTML, like Gecko) Chrome/73.0.3683.38 Safari/537.36", "Accept-Charset": "ISO-8859-1,utf-8;q=0.7,*;q=0.7", "Accept": "text/html,application/xhtml+xml,application/xml;q=0.9,*/*;q=0.8", "Accept-Encoding": "gzip, deflate", "Accept-Language": "en-us,en;q=0.5"}}