{"id": "D3onzY4MNxE", "uploader": "Jurrivh", "uploader_id": "Jurrivh", "uploader_url": "http://www.youtube.com/user/Jurrivh", "channel_id": "UCLh10hzbQJPg0Hho1VdGXwA", "channel_url": "http://www.youtube.com/channel/UCLh10hzbQJPg0Hho1VdGXwA", "upload_date": "20170528", "license": null, "creator": null, "title": "\"Teardrops\" - Beautiful Sad Piano Instrumental Song", "alt_title": null, "thumbnails": [{"url": "https://i.ytimg.com/vi/D3onzY4MNxE/hqdefault.jpg?sqp=-oaymwEYCKgBEF5IVfKriqkDCwgBFQAAiEIYAXAB&rs=AOn4CLA-8EKyI5za7Kh8H3ouXH104iosJw", "width": 168, "height": 94, "resolution": "168x94", "id": "0"}, {"url": "https://i.ytimg.com/vi/D3onzY4MNxE/hqdefault.jpg?sqp=-oaymwEYCMQBEG5IVfKriqkDCwgBFQAAiEIYAXAB&rs=AOn4CLAcP6AHXWlRjKza_bRSYpjxyeFjTw", "width": 196, "height": 110, "resolution": "196x110", "id": "1"}, {"url": "https://i.ytimg.com/vi/D3onzY4MNxE/hqdefault.jpg?sqp=-oaymwEZCPYBEIoBSFXyq4qpAwsIARUAAIhCGAFwAQ==&rs=AOn4CLDbH21JwBmFIysm-zMOjrYITuXufQ", "width": 246, "height": 138, "resolution": "246x138", "id": "2"}, {"url": "https://i.ytimg.com/vi/D3onzY4MNxE/hqdefault.jpg?sqp=-oaymwEZCNACELwBSFXyq4qpAwsIARUAAIhCGAFwAQ==&rs=AOn4CLAl-ZTJDdGyXCNxg-nXiDp8rW6MQg", "width": 336, "height": 188, "resolution": "336x188", "id": "3"}, {"url": "https://i.ytimg.com/vi_webp/D3onzY4MNxE/maxresdefault.webp", "width": 1920, "height": 1080, "resolution": "1920x1080", "id": "4"}], "description": "Beautiful Sad Piano Instrumental Song Composed by Jurrivh. \n\n\u25b6 Subscribe for more Music: http://bit.ly/SubToJurrivh\n\ud83d\udcb0 Purchase (License): https://bsta.rs/8qg754\n\n\ud83d\udcdd Buy Sheet Music: https://sellfy.com/p/EXFm/\nInstrumental Used by Swae Lee: https://www.youtube.com/watch?v=7ZR0UU6QjF0\n\nSocial Media\nInstagram: https://www.instagram.com/jurrivh/\nTwitter: http://twitter.com/jurrivh\nFacebook: https://www.facebook.com/jurrivh/\n\nSubscribe for New Music every Sunday 5pm (CET)!\n#SadPiano #Jurrivh #Teardrops", "categories": ["Music"], "tags": ["Sad Piano", "Teardrops", "Jurrivh Teardrops", "Teardrops Jurrivh", "Teardrops Instrumental", "Teardrops - Beautiful Sad Piano Instrumental Song", "Beautiful Sad Piano Instrumental Song", "Christmas at Swae's Piano", "christmas at swae's Instrumental", "Swae Lee Christmas Piano Song", "Swae Lee", "Rae Sremmurd & Ear Drummers Christmas at Swae's", "Sad Piano Instrumental", "Sad Piano Instrumental Song", "Sad Piano Song", "Beautiful Piano Song"], "subtitles": {}, "automatic_captions": {}, "duration": 216, "age_limit": 0, "annotations": null, "chapters": null, "webpage_url": "https://www.youtube.com/watch?v=D3onzY4MNxE", "view_count": 1033349, "like_count": 14062, "dislike_count": 143, "average_rating": 4.9597325, "formats": [{"format_id": "249", "url": "https://r1---sn-ipoxu-u2x6.googlevideo.com/videoplayback?expire=1610392367&ei=z078X9T4DLuGs8IPstKCgAs&ip=220.129.26.102&id=o-AKriPXbyI-PrRdpnzknA4NtbCBCOiH_vgh1kOiLaGdxt&itag=249&source=youtube&requiressl=yes&mh=Nd&mm=31%2C29&mn=sn-ipoxu-u2x6%2Csn-un57sn7s&ms=au%2Crdu&mv=m&mvi=1&pl=21&initcwndbps=1057500&vprv=1&mime=audio%2Fwebm&ns=O-ARdGZO5yf2mALZK93fuE8F&gir=yes&clen=1572619&dur=216.281&lmt=1576440163618355&mt=1610370516&fvip=1&keepalive=yes&beids=9466587&c=WEB&txp=5431432&n=MY63Z0Tonxv3-b&sparams=expire%2Cei%2Cip%2Cid%2Citag%2Csource%2Crequiressl%2Cvprv%2Cmime%2Cns%2Cgir%2Cclen%2Cdur%2Clmt&sig=AOq0QJ8wRQIgVyOgPXhDpZI_CWJM2f0DOd42UTHDeOGgUJyIipbXC0cCIQDnq_gwMC7XdY0Q1w88JQEbhjsn6lxs7ehwGkEktg0kGQ%3D%3D&lsparams=mh%2Cmm%2Cmn%2Cms%2Cmv%2Cmvi%2Cpl%2Cinitcwndbps&lsig=AG3C_xAwRQIgWy6DXDm5LDv8RnpG08N75WGWsb9iqbazJC7DW5nyJo8CIQCaXXnqDcVOh5BuqA68eJktdADpcsFB17osd4j4E4h_jA%3D%3D&ratebypass=yes", "player_url": null, "ext": "webm", "format_note": "tiny", "acodec": "opus", "abr": 50, "asr": 48000, "filesize": 1572619, "fps": null, "height": null, "tbr": 66.268, "width": null, "vcodec": "none", "downloader_options": {"http_chunk_size": 10485760}, "format": "249 - audio only (tiny)", "protocol": "https", "http_headers": {"User-Agent": "Mozilla/5.0 (Windows NT 10.0; Win64; x64) AppleWebKit/537.36 (KHTML, like Gecko) Chrome/73.0.3683.38 Safari/537.36", "Accept-Charset": "ISO-8859-1,utf-8;q=0.7,*;q=0.7", "Accept": "text/html,application/xhtml+xml,application/xml;q=0.9,*/*;q=0.8", "Accept-Encoding": "gzip, deflate", "Accept-Language": "en-us,en;q=0.5"}}, {"format_id": "250", "url": "https://r1---sn-ipoxu-u2x6.googlevideo.com/videoplayback?expire=1610392367&ei=z078X9T4DLuGs8IPstKCgAs&ip=220.129.26.102&id=o-AKriPXbyI-PrRdpnzknA4NtbCBCOiH_vgh1kOiLaGdxt&itag=250&source=youtube&requiressl=yes&mh=Nd&mm=31%2C29&mn=sn-ipoxu-u2x6%2Csn-un57sn7s&ms=au%2Crdu&mv=m&mvi=1&pl=21&initcwndbps=1057500&vprv=1&mime=audio%2Fwebm&ns=O-ARdGZO5yf2mALZK93fuE8F&gir=yes&clen=2107244&dur=216.281&lmt=1576440163898732&mt=1610370516&fvip=1&keepalive=yes&beids=9466587&c=WEB&txp=5431432&n=MY63Z0Tonxv3-b&sparams=expire%2Cei%2Cip%2Cid%2Citag%2Csource%2Crequiressl%2Cvprv%2Cmime%2Cns%2Cgir%2Cclen%2Cdur%2Clmt&sig=AOq0QJ8wRAIgF_OHEubWxu11W-P7FD1Ysy9bPeWoSmPdaTcVxY-ijFkCIFUG00Iz-xNEEsf4VV5_SviEIQ1jXgQzws1IZnT5T_HL&lsparams=mh%2Cmm%2Cmn%2Cms%2Cmv%2Cmvi%2Cpl%2Cinitcwndbps&lsig=AG3C_xAwRQIgWy6DXDm5LDv8RnpG08N75WGWsb9iqbazJC7DW5nyJo8CIQCaXXnqDcVOh5BuqA68eJktdADpcsFB17osd4j4E4h_jA%3D%3D&ratebypass=yes", "player_url": null, "ext": "webm", "format_note": "tiny", "acodec": "opus", "abr": 70, "asr": 48000, "filesize": 2107244, "fps": null, "height": null, "tbr": 87.822, "width": null, "vcodec": "none", "downloader_options": {"http_chunk_size": 10485760}, "format": "250 - audio only (tiny)", "protocol": "https", "http_headers": {"User-Agent": "Mozilla/5.0 (Windows NT 10.0; Win64; x64) AppleWebKit/537.36 (KHTML, like Gecko) Chrome/73.0.3683.38 Safari/537.36", "Accept-Charset": "ISO-8859-1,utf-8;q=0.7,*;q=0.7", "Accept": "text/html,application/xhtml+xml,application/xml;q=0.9,*/*;q=0.8", "Accept-Encoding": "gzip, deflate", "Accept-Language": "en-us,en;q=0.5"}}, {"format_id": "140", "url": "https://r1---sn-ipoxu-u2x6.googlevideo.com/videoplayback?expire=1610392367&ei=z078X9T4DLuGs8IPstKCgAs&ip=220.129.26.102&id=o-AKriPXbyI-PrRdpnzknA4NtbCBCOiH_vgh1kOiLaGdxt&itag=140&source=youtube&requiressl=yes&mh=Nd&mm=31%2C29&mn=sn-ipoxu-u2x6%2Csn-un57sn7s&ms=au%2Crdu&mv=m&mvi=1&pl=21&initcwndbps=1057500&vprv=1&mime=audio%2Fmp4&ns=O-ARdGZO5yf2mALZK93fuE8F&gir=yes&clen=3501553&dur=216.317&lmt=1576440163893919&mt=1610370516&fvip=1&keepalive=yes&beids=9466587&c=WEB&txp=5431432&n=MY63Z0Tonxv3-b&sparams=expire%2Cei%2Cip%2Cid%2Citag%2Csource%2Crequiressl%2Cvprv%2Cmime%2Cns%2Cgir%2Cclen%2Cdur%2Clmt&sig=AOq0QJ8wRgIhAKmSgRZZvdeD9KfAlq6xatzKQ5khgQoQNHuftdfAOxfWAiEA76elzoGTKP-sf-BNnBrj6dibnvq8GS02bzmFwYSGxMg%3D&lsparams=mh%2Cmm%2Cmn%2Cms%2Cmv%2Cmvi%2Cpl%2Cinitcwndbps&lsig=AG3C_xAwRQIgWy6DXDm5LDv8RnpG08N75WGWsb9iqbazJC7DW5nyJo8CIQCaXXnqDcVOh5BuqA68eJktdADpcsFB17osd4j4E4h_jA%3D%3D&ratebypass=yes", "player_url": null, "ext": "m4a", "format_note": "tiny", "acodec": "mp4a.40.2", "abr": 128, "container": "m4a_dash", "asr": 44100, "filesize": 3501553, "fps": null, "height": null, "tbr": 130.503, "width": null, "vcodec": "none", "downloader_options": {"http_chunk_size": 10485760}, "format": "140 - audio only (tiny)", "protocol": "https", "http_headers": {"User-Agent": "Mozilla/5.0 (Windows NT 10.0; Win64; x64) AppleWebKit/537.36 (KHTML, like Gecko) Chrome/73.0.3683.38 Safari/537.36", "Accept-Charset": "ISO-8859-1,utf-8;q=0.7,*;q=0.7", "Accept": "text/html,application/xhtml+xml,application/xml;q=0.9,*/*;q=0.8", "Accept-Encoding": "gzip, deflate", "Accept-Language": "en-us,en;q=0.5"}}, {"format_id": "251", "url": "https://r1---sn-ipoxu-u2x6.googlevideo.com/videoplayback?expire=1610392367&ei=z078X9T4DLuGs8IPstKCgAs&ip=220.129.26.102&id=o-AKriPXbyI-PrRdpnzknA4NtbCBCOiH_vgh1kOiLaGdxt&itag=251&source=youtube&requiressl=yes&mh=Nd&mm=31%2C29&mn=sn-ipoxu-u2x6%2Csn-un57sn7s&ms=au%2Crdu&mv=m&mvi=1&pl=21&initcwndbps=1057500&vprv=1&mime=audio%2Fwebm&ns=O-ARdGZO5yf2mALZK93fuE8F&gir=yes&clen=4048081&dur=216.281&lmt=1576440164394897&mt=1610370516&fvip=1&keepalive=yes&beids=9466587&c=WEB&txp=5431432&n=MY63Z0Tonxv3-b&sparams=expire%2Cei%2Cip%2Cid%2Citag%2Csource%2Crequiressl%2Cvprv%2Cmime%2Cns%2Cgir%2Cclen%2Cdur%2Clmt&sig=AOq0QJ8wRQIgaNkMLkdVKCiKGGsb3nRegL21Wc-D5ZGZkdLkpxdHe1YCIQCimHKCQiSd5d43itVx3lAEiztTZq-_9RdRy59sEyloOA%3D%3D&lsparams=mh%2Cmm%2Cmn%2Cms%2Cmv%2Cmvi%2Cpl%2Cinitcwndbps&lsig=AG3C_xAwRQIgWy6DXDm5LDv8RnpG08N75WGWsb9iqbazJC7DW5nyJo8CIQCaXXnqDcVOh5BuqA68eJktdADpcsFB17osd4j4E4h_jA%3D%3D&ratebypass=yes", "player_url": null, "ext": "webm", "format_note": "tiny", "acodec": "opus", "abr": 160, "asr": 48000, "filesize": 4048081, "fps": null, "height": null, "tbr": 159.97, "width": null, "vcodec": "none", "downloader_options": {"http_chunk_size": 10485760}, "format": "251 - audio only (tiny)", "protocol": "https", "http_headers": {"User-Agent": "Mozilla/5.0 (Windows NT 10.0; Win64; x64) AppleWebKit/537.36 (KHTML, like Gecko) Chrome/73.0.3683.38 Safari/537.36", "Accept-Charset": "ISO-8859-1,utf-8;q=0.7,*;q=0.7", "Accept": "text/html,application/xhtml+xml,application/xml;q=0.9,*/*;q=0.8", "Accept-Encoding": "gzip, deflate", "Accept-Language": "en-us,en;q=0.5"}}, {"format_id": "278", "url": "https://r1---sn-ipoxu-u2x6.googlevideo.com/videoplayback?expire=1610392367&ei=z078X9T4DLuGs8IPstKCgAs&ip=220.129.26.102&id=o-AKriPXbyI-PrRdpnzknA4NtbCBCOiH_vgh1kOiLaGdxt&itag=278&aitags=133%2C134%2C135%2C136%2C137%2C160%2C242%2C243%2C244%2C247%2C248%2C278&source=youtube&requiressl=yes&mh=Nd&mm=31%2C29&mn=sn-ipoxu-u2x6%2Csn-un57sn7s&ms=au%2Crdu&mv=m&mvi=1&pl=21&initcwndbps=1057500&vprv=1&mime=video%2Fwebm&ns=O-ARdGZO5yf2mALZK93fuE8F&gir=yes&clen=2093554&dur=216.249&lmt=1576440450923774&mt=1610370516&fvip=1&keepalive=yes&beids=9466587&c=WEB&txp=5431432&n=MY63Z0Tonxv3-b&sparams=expire%2Cei%2Cip%2Cid%2Caitags%2Csource%2Crequiressl%2Cvprv%2Cmime%2Cns%2Cgir%2Cclen%2Cdur%2Clmt&sig=AOq0QJ8wRQIhAPN689RqtSMxQn8ANDnIj_Q5DrK575HpLfmm6jCE8Wi6AiBxeLk6FgxG8ifzmi40oPD2muKYO1dlwl-2vPv7JnEpeg%3D%3D&lsparams=mh%2Cmm%2Cmn%2Cms%2Cmv%2Cmvi%2Cpl%2Cinitcwndbps&lsig=AG3C_xAwRQIgWy6DXDm5LDv8RnpG08N75WGWsb9iqbazJC7DW5nyJo8CIQCaXXnqDcVOh5BuqA68eJktdADpcsFB17osd4j4E4h_jA%3D%3D&ratebypass=yes", "player_url": null, "ext": "webm", "height": 144, "format_note": "144p", "container": "webm", "vcodec": "vp9", "asr": null, "filesize": 2093554, "fps": 24, "tbr": 96.729, "width": 256, "acodec": "none", "downloader_options": {"http_chunk_size": 10485760}, "format": "278 - 256x144 (144p)", "protocol": "https", "http_headers": {"User-Agent": "Mozilla/5.0 (Windows NT 10.0; Win64; x64) AppleWebKit/537.36 (KHTML, like Gecko) Chrome/73.0.3683.38 Safari/537.36", "Accept-Charset": "ISO-8859-1,utf-8;q=0.7,*;q=0.7", "Accept": "text/html,application/xhtml+xml,application/xml;q=0.9,*/*;q=0.8", "Accept-Encoding": "gzip, deflate", "Accept-Language": "en-us,en;q=0.5"}}, {"format_id": "160", "url": "https://r1---sn-ipoxu-u2x6.googlevideo.com/videoplayback?expire=1610392367&ei=z078X9T4DLuGs8IPstKCgAs&ip=220.129.26.102&id=o-AKriPXbyI-PrRdpnzknA4NtbCBCOiH_vgh1kOiLaGdxt&itag=160&aitags=133%2C134%2C135%2C136%2C137%2C160%2C242%2C243%2C244%2C247%2C248%2C278&source=youtube&requiressl=yes&mh=Nd&mm=31%2C29&mn=sn-ipoxu-u2x6%2Csn-un57sn7s&ms=au%2Crdu&mv=m&mvi=1&pl=21&initcwndbps=1057500&vprv=1&mime=video%2Fmp4&ns=O-ARdGZO5yf2mALZK93fuE8F&gir=yes&clen=1610509&dur=216.249&lmt=1576440292996038&mt=1610370516&fvip=1&keepalive=yes&beids=9466587&c=WEB&txp=5432432&n=MY63Z0Tonxv3-b&sparams=expire%2Cei%2Cip%2Cid%2Caitags%2Csource%2Crequiressl%2Cvprv%2Cmime%2Cns%2Cgir%2Cclen%2Cdur%2Clmt&sig=AOq0QJ8wRAIgRUjjVklFs-ZcAufA0Qg_0f3VN_UTKhbccsd6p6rC_eMCIEsB7X-FSLOHHE_W3WGgm9l_ByFPL2IhR2tY7MAdCwnE&lsparams=mh%2Cmm%2Cmn%2Cms%2Cmv%2Cmvi%2Cpl%2Cinitcwndbps&lsig=AG3C_xAwRQIgWy6DXDm5LDv8RnpG08N75WGWsb9iqbazJC7DW5nyJo8CIQCaXXnqDcVOh5BuqA68eJktdADpcsFB17osd4j4E4h_jA%3D%3D&ratebypass=yes", "player_url": null, "ext": "mp4", "height": 144, "format_note": "144p", "vcodec": "avc1.4d400c", "asr": null, "filesize": 1610509, "fps": 24, "tbr": 109.658, "width": 256, "acodec": "none", "downloader_options": {"http_chunk_size": 10485760}, "format": "160 - 256x144 (144p)", "protocol": "https", "http_headers": {"User-Agent": "Mozilla/5.0 (Windows NT 10.0; Win64; x64) AppleWebKit/537.36 (KHTML, like Gecko) Chrome/73.0.3683.38 Safari/537.36", "Accept-Charset": "ISO-8859-1,utf-8;q=0.7,*;q=0.7", "Accept": "text/html,application/xhtml+xml,application/xml;q=0.9,*/*;q=0.8", "Accept-Encoding": "gzip, deflate", "Accept-Language": "en-us,en;q=0.5"}}, {"format_id": "133", "url": "https://r1---sn-ipoxu-u2x6.googlevideo.com/videoplayback?expire=1610392367&ei=z078X9T4DLuGs8IPstKCgAs&ip=220.129.26.102&id=o-AKriPXbyI-PrRdpnzknA4NtbCBCOiH_vgh1kOiLaGdxt&itag=133&aitags=133%2C134%2C135%2C136%2C137%2C160%2C242%2C243%2C244%2C247%2C248%2C278&source=youtube&requiressl=yes&mh=Nd&mm=31%2C29&mn=sn-ipoxu-u2x6%2Csn-un57sn7s&ms=au%2Crdu&mv=m&mvi=1&pl=21&initcwndbps=1057500&vprv=1&mime=video%2Fmp4&ns=O-ARdGZO5yf2mALZK93fuE8F&gir=yes&clen=2828764&dur=216.249&lmt=1576440293004764&mt=1610370516&fvip=1&keepalive=yes&beids=9466587&c=WEB&txp=5432432&n=MY63Z0Tonxv3-b&sparams=expire%2Cei%2Cip%2Cid%2Caitags%2Csource%2Crequiressl%2Cvprv%2Cmime%2Cns%2Cgir%2Cclen%2Cdur%2Clmt&sig=AOq0QJ8wRAIgUd7PfqxSnbTqz3dPiTFl55b3x-ULxiYsjcGuml0eeUECIBIh7OktjeW0Tm3jBc3RFcoN_sI6Aje0I0J8ocowBpt-&lsparams=mh%2Cmm%2Cmn%2Cms%2Cmv%2Cmvi%2Cpl%2Cinitcwndbps&lsig=AG3C_xAwRQIgWy6DXDm5LDv8RnpG08N75WGWsb9iqbazJC7DW5nyJo8CIQCaXXnqDcVOh5BuqA68eJktdADpcsFB17osd4j4E4h_jA%3D%3D&ratebypass=yes", "player_url": null, "ext": "mp4", "height": 240, "format_note": "240p", "vcodec": "avc1.4d4015", "asr": null, "filesize": 2828764, "fps": 24, "tbr": 202.826, "width": 426, "acodec": "none", "downloader_options": {"http_chunk_size": 10485760}, "format": "133 - 426x240 (240p)", "protocol": "https", "http_headers": {"User-Agent": "Mozilla/5.0 (Windows NT 10.0; Win64; x64) AppleWebKit/537.36 (KHTML, like Gecko) Chrome/73.0.3683.38 Safari/537.36", "Accept-Charset": "ISO-8859-1,utf-8;q=0.7,*;q=0.7", "Accept": "text/html,application/xhtml+xml,application/xml;q=0.9,*/*;q=0.8", "Accept-Encoding": "gzip, deflate", "Accept-Language": "en-us,en;q=0.5"}}, {"format_id": "242", "url": "https://r1---sn-ipoxu-u2x6.googlevideo.com/videoplayback?expire=1610392367&ei=z078X9T4DLuGs8IPstKCgAs&ip=220.129.26.102&id=o-AKriPXbyI-PrRdpnzknA4NtbCBCOiH_vgh1kOiLaGdxt&itag=242&aitags=133%2C134%2C135%2C136%2C137%2C160%2C242%2C243%2C244%2C247%2C248%2C278&source=youtube&requiressl=yes&mh=Nd&mm=31%2C29&mn=sn-ipoxu-u2x6%2Csn-un57sn7s&ms=au%2Crdu&mv=m&mvi=1&pl=21&initcwndbps=1057500&vprv=1&mime=video%2Fwebm&ns=O-ARdGZO5yf2mALZK93fuE8F&gir=yes&clen=3762581&dur=216.249&lmt=1576440450965760&mt=1610370516&fvip=1&keepalive=yes&beids=9466587&c=WEB&txp=5431432&n=MY63Z0Tonxv3-b&sparams=expire%2Cei%2Cip%2Cid%2Caitags%2Csource%2Crequiressl%2Cvprv%2Cmime%2Cns%2Cgir%2Cclen%2Cdur%2Clmt&sig=AOq0QJ8wRAIgQA4ET7cr8Nz0q-_y4be2BCVYLCuizCUM8dMB-unyd5wCIAFLmdag8nq4g5rVjxKWoBnl6zrkcuTJKt9cbW7Ru-LU&lsparams=mh%2Cmm%2Cmn%2Cms%2Cmv%2Cmvi%2Cpl%2Cinitcwndbps&lsig=AG3C_xAwRQIgWy6DXDm5LDv8RnpG08N75WGWsb9iqbazJC7DW5nyJo8CIQCaXXnqDcVOh5BuqA68eJktdADpcsFB17osd4j4E4h_jA%3D%3D&ratebypass=yes", "player_url": null, "ext": "webm", "height": 240, "format_note": "240p", "vcodec": "vp9", "asr": null, "filesize": 3762581, "fps": 24, "tbr": 217.304, "width": 426, "acodec": "none", "downloader_options": {"http_chunk_size": 10485760}, "format": "242 - 426x240 (240p)", "protocol": "https", "http_headers": {"User-Agent": "Mozilla/5.0 (Windows NT 10.0; Win64; x64) AppleWebKit/537.36 (KHTML, like Gecko) Chrome/73.0.3683.38 Safari/537.36", "Accept-Charset": "ISO-8859-1,utf-8;q=0.7,*;q=0.7", "Accept": "text/html,application/xhtml+xml,application/xml;q=0.9,*/*;q=0.8", "Accept-Encoding": "gzip, deflate", "Accept-Language": "en-us,en;q=0.5"}}, {"format_id": "243", "url": "https://r1---sn-ipoxu-u2x6.googlevideo.com/videoplayback?expire=1610392367&ei=z078X9T4DLuGs8IPstKCgAs&ip=220.129.26.102&id=o-AKriPXbyI-PrRdpnzknA4NtbCBCOiH_vgh1kOiLaGdxt&itag=243&aitags=133%2C134%2C135%2C136%2C137%2C160%2C242%2C243%2C244%2C247%2C248%2C278&source=youtube&requiressl=yes&mh=Nd&mm=31%2C29&mn=sn-ipoxu-u2x6%2Csn-un57sn7s&ms=au%2Crdu&mv=m&mvi=1&pl=21&initcwndbps=1057500&vprv=1&mime=video%2Fwebm&ns=O-ARdGZO5yf2mALZK93fuE8F&gir=yes&clen=6615950&dur=216.249&lmt=1576440450925284&mt=1610370516&fvip=1&keepalive=yes&beids=9466587&c=WEB&txp=5431432&n=MY63Z0Tonxv3-b&sparams=expire%2Cei%2Cip%2Cid%2Caitags%2Csource%2Crequiressl%2Cvprv%2Cmime%2Cns%2Cgir%2Cclen%2Cdur%2Clmt&sig=AOq0QJ8wRAIgQfXA5dZ0fhqM9MCyL43ur6hVTwp1RakjIYjbwXu1OhgCIGV_k1CUu3x7iNPE6OEJhNrr9UAo-KtIDMFYuV2cY6Gi&lsparams=mh%2Cmm%2Cmn%2Cms%2Cmv%2Cmvi%2Cpl%2Cinitcwndbps&lsig=AG3C_xAwRQIgWy6DXDm5LDv8RnpG08N75WGWsb9iqbazJC7DW5nyJo8CIQCaXXnqDcVOh5BuqA68eJktdADpcsFB17osd4j4E4h_jA%3D%3D&ratebypass=yes", "player_url": null, "ext": "webm", "height": 360, "format_note": "360p", "vcodec": "vp9", "asr": null, "filesize": 6615950, "fps": 24, "tbr": 398.876, "width": 640, "acodec": "none", "downloader_options": {"http_chunk_size": 10485760}, "format": "243 - 640x360 (360p)", "protocol": "https", "http_headers": {"User-Agent": "Mozilla/5.0 (Windows NT 10.0; Win64; x64) AppleWebKit/537.36 (KHTML, like Gecko) Chrome/73.0.3683.38 Safari/537.36", "Accept-Charset": "ISO-8859-1,utf-8;q=0.7,*;q=0.7", "Accept": "text/html,application/xhtml+xml,application/xml;q=0.9,*/*;q=0.8", "Accept-Encoding": "gzip, deflate", "Accept-Language": "en-us,en;q=0.5"}}, {"format_id": "134", "url": "https://r1---sn-ipoxu-u2x6.googlevideo.com/videoplayback?expire=1610392367&ei=z078X9T4DLuGs8IPstKCgAs&ip=220.129.26.102&id=o-AKriPXbyI-PrRdpnzknA4NtbCBCOiH_vgh1kOiLaGdxt&itag=134&aitags=133%2C134%2C135%2C136%2C137%2C160%2C242%2C243%2C244%2C247%2C248%2C278&source=youtube&requiressl=yes&mh=Nd&mm=31%2C29&mn=sn-ipoxu-u2x6%2Csn-un57sn7s&ms=au%2Crdu&mv=m&mvi=1&pl=21&initcwndbps=1057500&vprv=1&mime=video%2Fmp4&ns=O-ARdGZO5yf2mALZK93fuE8F&gir=yes&clen=6624780&dur=216.249&lmt=1576440292990824&mt=1610370516&fvip=1&keepalive=yes&beids=9466587&c=WEB&txp=5432432&n=MY63Z0Tonxv3-b&sparams=expire%2Cei%2Cip%2Cid%2Caitags%2Csource%2Crequiressl%2Cvprv%2Cmime%2Cns%2Cgir%2Cclen%2Cdur%2Clmt&sig=AOq0QJ8wRQIhAJfE0VWkr_ezHJmM0leJ5qYWalp4Ys-Hwh-BheGRKrePAiA6fk-W-Yo3iP-CWn25ICtxpRbintfew_E-61_ckcS_5A%3D%3D&lsparams=mh%2Cmm%2Cmn%2Cms%2Cmv%2Cmvi%2Cpl%2Cinitcwndbps&lsig=AG3C_xAwRQIgWy6DXDm5LDv8RnpG08N75WGWsb9iqbazJC7DW5nyJo8CIQCaXXnqDcVOh5BuqA68eJktdADpcsFB17osd4j4E4h_jA%3D%3D&ratebypass=yes", "player_url": null, "ext": "mp4", "height": 360, "format_note": "360p", "vcodec": "avc1.4d401e", "asr": null, "filesize": 6624780, "fps": 24, "tbr": 511.003, "width": 640, "acodec": "none", "downloader_options": {"http_chunk_size": 10485760}, "format": "134 - 640x360 (360p)", "protocol": "https", "http_headers": {"User-Agent": "Mozilla/5.0 (Windows NT 10.0; Win64; x64) AppleWebKit/537.36 (KHTML, like Gecko) Chrome/73.0.3683.38 Safari/537.36", "Accept-Charset": "ISO-8859-1,utf-8;q=0.7,*;q=0.7", "Accept": "text/html,application/xhtml+xml,application/xml;q=0.9,*/*;q=0.8", "Accept-Encoding": "gzip, deflate", "Accept-Language": "en-us,en;q=0.5"}}, {"format_id": "244", "url": "https://r1---sn-ipoxu-u2x6.googlevideo.com/videoplayback?expire=1610392367&ei=z078X9T4DLuGs8IPstKCgAs&ip=220.129.26.102&id=o-AKriPXbyI-PrRdpnzknA4NtbCBCOiH_vgh1kOiLaGdxt&itag=244&aitags=133%2C134%2C135%2C136%2C137%2C160%2C242%2C243%2C244%2C247%2C248%2C278&source=youtube&requiressl=yes&mh=Nd&mm=31%2C29&mn=sn-ipoxu-u2x6%2Csn-un57sn7s&ms=au%2Crdu&mv=m&mvi=1&pl=21&initcwndbps=1057500&vprv=1&mime=video%2Fwebm&ns=O-ARdGZO5yf2mALZK93fuE8F&gir=yes&clen=11301765&dur=216.249&lmt=1576440450926754&mt=1610370516&fvip=1&keepalive=yes&beids=9466587&c=WEB&txp=5431432&n=MY63Z0Tonxv3-b&sparams=expire%2Cei%2Cip%2Cid%2Caitags%2Csource%2Crequiressl%2Cvprv%2Cmime%2Cns%2Cgir%2Cclen%2Cdur%2Clmt&sig=AOq0QJ8wRQIhALAEYexKFeGPasbSqOfTPIcuyT5ryEmvC1SAa8D3lAncAiAtIiAkaRE3s7slgCrz9PItbO9IRlmfE2UKRvIkhfQgVQ%3D%3D&lsparams=mh%2Cmm%2Cmn%2Cms%2Cmv%2Cmvi%2Cpl%2Cinitcwndbps&lsig=AG3C_xAwRQIgWy6DXDm5LDv8RnpG08N75WGWsb9iqbazJC7DW5nyJo8CIQCaXXnqDcVOh5BuqA68eJktdADpcsFB17osd4j4E4h_jA%3D%3D&ratebypass=yes", "player_url": null, "ext": "webm", "height": 480, "format_note": "480p", "vcodec": "vp9", "asr": null, "filesize": 11301765, "fps": 24, "tbr": 733.657, "width": 854, "acodec": "none", "downloader_options": {"http_chunk_size": 10485760}, "format": "244 - 854x480 (480p)", "protocol": "https", "http_headers": {"User-Agent": "Mozilla/5.0 (Windows NT 10.0; Win64; x64) AppleWebKit/537.36 (KHTML, like Gecko) Chrome/73.0.3683.38 Safari/537.36", "Accept-Charset": "ISO-8859-1,utf-8;q=0.7,*;q=0.7", "Accept": "text/html,application/xhtml+xml,application/xml;q=0.9,*/*;q=0.8", "Accept-Encoding": "gzip, deflate", "Accept-Language": "en-us,en;q=0.5"}}, {"format_id": "135", "url": "https://r1---sn-ipoxu-u2x6.googlevideo.com/videoplayback?expire=1610392367&ei=z078X9T4DLuGs8IPstKCgAs&ip=220.129.26.102&id=o-AKriPXbyI-PrRdpnzknA4NtbCBCOiH_vgh1kOiLaGdxt&itag=135&aitags=133%2C134%2C135%2C136%2C137%2C160%2C242%2C243%2C244%2C247%2C248%2C278&source=youtube&requiressl=yes&mh=Nd&mm=31%2C29&mn=sn-ipoxu-u2x6%2Csn-un57sn7s&ms=au%2Crdu&mv=m&mvi=1&pl=21&initcwndbps=1057500&vprv=1&mime=video%2Fmp4&ns=O-ARdGZO5yf2mALZK93fuE8F&gir=yes&clen=12658636&dur=216.249&lmt=1576440292994878&mt=1610370516&fvip=1&keepalive=yes&beids=9466587&c=WEB&txp=5432432&n=MY63Z0Tonxv3-b&sparams=expire%2Cei%2Cip%2Cid%2Caitags%2Csource%2Crequiressl%2Cvprv%2Cmime%2Cns%2Cgir%2Cclen%2Cdur%2Clmt&sig=AOq0QJ8wRgIhAJOpCNnUHIQsunp4dc2LN64wa69lvaQ3ch0ZgR5RoD7qAiEAuJlBwRO2TK0BtzJGC3FPJhURwz1EuPrmMM3uLJvfuIM%3D&lsparams=mh%2Cmm%2Cmn%2Cms%2Cmv%2Cmvi%2Cpl%2Cinitcwndbps&lsig=AG3C_xAwRQIgWy6DXDm5LDv8RnpG08N75WGWsb9iqbazJC7DW5nyJo8CIQCaXXnqDcVOh5BuqA68eJktdADpcsFB17osd4j4E4h_jA%3D%3D&ratebypass=yes", "player_url": null, "ext": "mp4", "height": 480, "format_note": "480p", "vcodec": "avc1.4d401e", "asr": null, "filesize": 12658636, "fps": 24, "tbr": 1000.032, "width": 854, "acodec": "none", "downloader_options": {"http_chunk_size": 10485760}, "format": "135 - 854x480 (480p)", "protocol": "https", "http_headers": {"User-Agent": "Mozilla/5.0 (Windows NT 10.0; Win64; x64) AppleWebKit/537.36 (KHTML, like Gecko) Chrome/73.0.3683.38 Safari/537.36", "Accept-Charset": "ISO-8859-1,utf-8;q=0.7,*;q=0.7", "Accept": "text/html,application/xhtml+xml,application/xml;q=0.9,*/*;q=0.8", "Accept-Encoding": "gzip, deflate", "Accept-Language": "en-us,en;q=0.5"}}, {"format_id": "247", "url": "https://r1---sn-ipoxu-u2x6.googlevideo.com/videoplayback?expire=1610392367&ei=z078X9T4DLuGs8IPstKCgAs&ip=220.129.26.102&id=o-AKriPXbyI-PrRdpnzknA4NtbCBCOiH_vgh1kOiLaGdxt&itag=247&aitags=133%2C134%2C135%2C136%2C137%2C160%2C242%2C243%2C244%2C247%2C248%2C278&source=youtube&requiressl=yes&mh=Nd&mm=31%2C29&mn=sn-ipoxu-u2x6%2Csn-un57sn7s&ms=au%2Crdu&mv=m&mvi=1&pl=21&initcwndbps=1057500&vprv=1&mime=video%2Fwebm&ns=O-ARdGZO5yf2mALZK93fuE8F&gir=yes&clen=22100976&dur=216.249&lmt=1576440450919856&mt=1610370516&fvip=1&keepalive=yes&beids=9466587&c=WEB&txp=5431432&n=MY63Z0Tonxv3-b&sparams=expire%2Cei%2Cip%2Cid%2Caitags%2Csource%2Crequiressl%2Cvprv%2Cmime%2Cns%2Cgir%2Cclen%2Cdur%2Clmt&sig=AOq0QJ8wRQIhAOIUTt3MOUKUYK-EfuXRlmgw8whW13VMJskObe7QGwbQAiA9bjivPhWeMCdwS7s5DhSCWBdXNXjytCQJl2SDwHtolg%3D%3D&lsparams=mh%2Cmm%2Cmn%2Cms%2Cmv%2Cmvi%2Cpl%2Cinitcwndbps&lsig=AG3C_xAwRQIgWy6DXDm5LDv8RnpG08N75WGWsb9iqbazJC7DW5nyJo8CIQCaXXnqDcVOh5BuqA68eJktdADpcsFB17osd4j4E4h_jA%3D%3D&ratebypass=yes", "player_url": null, "ext": "webm", "height": 720, "format_note": "720p", "vcodec": "vp9", "asr": null, "filesize": 22100976, "fps": 24, "tbr": 1494.565, "width": 1280, "acodec": "none", "downloader_options": {"http_chunk_size": 10485760}, "format": "247 - 1280x720 (720p)", "protocol": "https", "http_headers": {"User-Agent": "Mozilla/5.0 (Windows NT 10.0; Win64; x64) AppleWebKit/537.36 (KHTML, like Gecko) Chrome/73.0.3683.38 Safari/537.36", "Accept-Charset": "ISO-8859-1,utf-8;q=0.7,*;q=0.7", "Accept": "text/html,application/xhtml+xml,application/xml;q=0.9,*/*;q=0.8", "Accept-Encoding": "gzip, deflate", "Accept-Language": "en-us,en;q=0.5"}}, {"format_id": "136", "url": "https://r1---sn-ipoxu-u2x6.googlevideo.com/videoplayback?expire=1610392367&ei=z078X9T4DLuGs8IPstKCgAs&ip=220.129.26.102&id=o-AKriPXbyI-PrRdpnzknA4NtbCBCOiH_vgh1kOiLaGdxt&itag=136&aitags=133%2C134%2C135%2C136%2C137%2C160%2C242%2C243%2C244%2C247%2C248%2C278&source=youtube&requiressl=yes&mh=Nd&mm=31%2C29&mn=sn-ipoxu-u2x6%2Csn-un57sn7s&ms=au%2Crdu&mv=m&mvi=1&pl=21&initcwndbps=1057500&vprv=1&mime=video%2Fmp4&ns=O-ARdGZO5yf2mALZK93fuE8F&gir=yes&clen=23295005&dur=216.249&lmt=1576440292990232&mt=1610370516&fvip=1&keepalive=yes&beids=9466587&c=WEB&txp=5432432&n=MY63Z0Tonxv3-b&sparams=expire%2Cei%2Cip%2Cid%2Caitags%2Csource%2Crequiressl%2Cvprv%2Cmime%2Cns%2Cgir%2Cclen%2Cdur%2Clmt&sig=AOq0QJ8wRQIgT04c2JJuhR4VCNtT7ektXaOaJnUNwMvaHIHm87FFyTICIQDzCszV4vBMpskm3qjdleaA6mjHd-Qa2wZaMWYkK-sMSA%3D%3D&lsparams=mh%2Cmm%2Cmn%2Cms%2Cmv%2Cmvi%2Cpl%2Cinitcwndbps&lsig=AG3C_xAwRQIgWy6DXDm5LDv8RnpG08N75WGWsb9iqbazJC7DW5nyJo8CIQCaXXnqDcVOh5BuqA68eJktdADpcsFB17osd4j4E4h_jA%3D%3D&ratebypass=yes", "player_url": null, "ext": "mp4", "height": 720, "format_note": "720p", "vcodec": "avc1.4d401f", "asr": null, "filesize": 23295005, "fps": 24, "tbr": 1808.571, "width": 1280, "acodec": "none", "downloader_options": {"http_chunk_size": 10485760}, "format": "136 - 1280x720 (720p)", "protocol": "https", "http_headers": {"User-Agent": "Mozilla/5.0 (Windows NT 10.0; Win64; x64) AppleWebKit/537.36 (KHTML, like Gecko) Chrome/73.0.3683.38 Safari/537.36", "Accept-Charset": "ISO-8859-1,utf-8;q=0.7,*;q=0.7", "Accept": "text/html,application/xhtml+xml,application/xml;q=0.9,*/*;q=0.8", "Accept-Encoding": "gzip, deflate", "Accept-Language": "en-us,en;q=0.5"}}, {"format_id": "248", "url": "https://r1---sn-ipoxu-u2x6.googlevideo.com/videoplayback?expire=1610392367&ei=z078X9T4DLuGs8IPstKCgAs&ip=220.129.26.102&id=o-AKriPXbyI-PrRdpnzknA4NtbCBCOiH_vgh1kOiLaGdxt&itag=248&aitags=133%2C134%2C135%2C136%2C137%2C160%2C242%2C243%2C244%2C247%2C248%2C278&source=youtube&requiressl=yes&mh=Nd&mm=31%2C29&mn=sn-ipoxu-u2x6%2Csn-un57sn7s&ms=au%2Crdu&mv=m&mvi=1&pl=21&initcwndbps=1057500&vprv=1&mime=video%2Fwebm&ns=O-ARdGZO5yf2mALZK93fuE8F&gir=yes&clen=38609472&dur=216.249&lmt=1576440355172331&mt=1610370516&fvip=1&keepalive=yes&beids=9466587&c=WEB&txp=5431432&n=MY63Z0Tonxv3-b&sparams=expire%2Cei%2Cip%2Cid%2Caitags%2Csource%2Crequiressl%2Cvprv%2Cmime%2Cns%2Cgir%2Cclen%2Cdur%2Clmt&sig=AOq0QJ8wRQIgQvPjLM2kUo-oaF2AfGqEYp7JuqNK4tjkmAIKmSnHmnACIQCJwoH56WWn-RDDol5cvqRi9yyRZjzo0j85oHC_J_RxNw%3D%3D&lsparams=mh%2Cmm%2Cmn%2Cms%2Cmv%2Cmvi%2Cpl%2Cinitcwndbps&lsig=AG3C_xAwRQIgWy6DXDm5LDv8RnpG08N75WGWsb9iqbazJC7DW5nyJo8CIQCaXXnqDcVOh5BuqA68eJktdADpcsFB17osd4j4E4h_jA%3D%3D&ratebypass=yes", "player_url": null, "ext": "webm", "height": 1080, "format_note": "1080p", "vcodec": "vp9", "asr": null, "filesize": 38609472, "fps": 24, "tbr": 2622.659, "width": 1920, "acodec": "none", "downloader_options": {"http_chunk_size": 10485760}, "format": "248 - 1920x1080 (1080p)", "protocol": "https", "http_headers": {"User-Agent": "Mozilla/5.0 (Windows NT 10.0; Win64; x64) AppleWebKit/537.36 (KHTML, like Gecko) Chrome/73.0.3683.38 Safari/537.36", "Accept-Charset": "ISO-8859-1,utf-8;q=0.7,*;q=0.7", "Accept": "text/html,application/xhtml+xml,application/xml;q=0.9,*/*;q=0.8", "Accept-Encoding": "gzip, deflate", "Accept-Language": "en-us,en;q=0.5"}}, {"format_id": "137", "url": "https://r1---sn-ipoxu-u2x6.googlevideo.com/videoplayback?expire=1610392367&ei=z078X9T4DLuGs8IPstKCgAs&ip=220.129.26.102&id=o-AKriPXbyI-PrRdpnzknA4NtbCBCOiH_vgh1kOiLaGdxt&itag=137&aitags=133%2C134%2C135%2C136%2C137%2C160%2C242%2C243%2C244%2C247%2C248%2C278&source=youtube&requiressl=yes&mh=Nd&mm=31%2C29&mn=sn-ipoxu-u2x6%2Csn-un57sn7s&ms=au%2Crdu&mv=m&mvi=1&pl=21&initcwndbps=1057500&vprv=1&mime=video%2Fmp4&ns=O-ARdGZO5yf2mALZK93fuE8F&gir=yes&clen=41236414&dur=216.249&lmt=1576440239166287&mt=1610370516&fvip=1&keepalive=yes&beids=9466587&c=WEB&txp=5432432&n=MY63Z0Tonxv3-b&sparams=expire%2Cei%2Cip%2Cid%2Caitags%2Csource%2Crequiressl%2Cvprv%2Cmime%2Cns%2Cgir%2Cclen%2Cdur%2Clmt&sig=AOq0QJ8wRQIhAJuSuV2Sjb5eIrFNpijdSAXFEXrqCT6DgpKfC3syE2cPAiBXFRr9EUP84qRZO6KtXcBRmhHCDVyICF2w9JmtJr0ljg%3D%3D&lsparams=mh%2Cmm%2Cmn%2Cms%2Cmv%2Cmvi%2Cpl%2Cinitcwndbps&lsig=AG3C_xAwRQIgWy6DXDm5LDv8RnpG08N75WGWsb9iqbazJC7DW5nyJo8CIQCaXXnqDcVOh5BuqA68eJktdADpcsFB17osd4j4E4h_jA%3D%3D&ratebypass=yes", "player_url": null, "ext": "mp4", "height": 1080, "format_note": "1080p", "vcodec": "avc1.640028", "asr": null, "filesize": 41236414, "fps": 24, "tbr": 3009.822, "width": 1920, "acodec": "none", "downloader_options": {"http_chunk_size": 10485760}, "format": "137 - 1920x1080 (1080p)", "protocol": "https", "http_headers": {"User-Agent": "Mozilla/5.0 (Windows NT 10.0; Win64; x64) AppleWebKit/537.36 (KHTML, like Gecko) Chrome/73.0.3683.38 Safari/537.36", "Accept-Charset": "ISO-8859-1,utf-8;q=0.7,*;q=0.7", "Accept": "text/html,application/xhtml+xml,application/xml;q=0.9,*/*;q=0.8", "Accept-Encoding": "gzip, deflate", "Accept-Language": "en-us,en;q=0.5"}}, {"format_id": "18", "url": "https://r1---sn-ipoxu-u2x6.googlevideo.com/videoplayback?expire=1610392367&ei=z078X9T4DLuGs8IPstKCgAs&ip=220.129.26.102&id=o-AKriPXbyI-PrRdpnzknA4NtbCBCOiH_vgh1kOiLaGdxt&itag=18&source=youtube&requiressl=yes&mh=Nd&mm=31%2C29&mn=sn-ipoxu-u2x6%2Csn-un57sn7s&ms=au%2Crdu&mv=m&mvi=1&pl=21&initcwndbps=1057500&vprv=1&mime=video%2Fmp4&ns=w4kUolaodAYKElseur1VrS4F&gir=yes&clen=12444461&ratebypass=yes&dur=216.317&lmt=1576440173105165&mt=1610370516&fvip=1&beids=9466587&c=WEB&txp=5431432&n=O5VMGehNp6-HwV&sparams=expire%2Cei%2Cip%2Cid%2Citag%2Csource%2Crequiressl%2Cvprv%2Cmime%2Cns%2Cgir%2Cclen%2Cratebypass%2Cdur%2Clmt&sig=AOq0QJ8wRAIgYcbZv-_noRjO0csyrmJ5Tn0mvMM9vlTSC4CZO_aEJiYCIE_onH7xmPFI2n7VqD4tEix0E1WkrQootFQJzuPbn8Hj&lsparams=mh%2Cmm%2Cmn%2Cms%2Cmv%2Cmvi%2Cpl%2Cinitcwndbps&lsig=AG3C_xAwRQIgWy6DXDm5LDv8RnpG08N75WGWsb9iqbazJC7DW5nyJo8CIQCaXXnqDcVOh5BuqA68eJktdADpcsFB17osd4j4E4h_jA%3D%3D", "player_url": null, "ext": "mp4", "width": 640, "height": 360, "acodec": "mp4a.40.2", "abr": 96, "vcodec": "avc1.42001E", "asr": 44100, "filesize": 12444461, "format_note": "360p", "fps": 24, "tbr": 460.373, "format": "18 - 640x360 (360p)", "protocol": "https", "http_headers": {"User-Agent": "Mozilla/5.0 (Windows NT 10.0; Win64; x64) AppleWebKit/537.36 (KHTML, like Gecko) Chrome/73.0.3683.38 Safari/537.36", "Accept-Charset": "ISO-8859-1,utf-8;q=0.7,*;q=0.7", "Accept": "text/html,application/xhtml+xml,application/xml;q=0.9,*/*;q=0.8", "Accept-Encoding": "gzip, deflate", "Accept-Language": "en-us,en;q=0.5"}}], "is_live": null, "start_time": null, "end_time": null, "series": null, "season_number": null, "episode_number": null, "track": null, "artist": null, "album": null, "release_date": null, "release_year": null, "extractor": "youtube", "webpage_url_basename": "watch", "extractor_key": "Youtube", "playlist": null, "playlist_index": null, "thumbnail": "https://i.ytimg.com/vi_webp/D3onzY4MNxE/maxresdefault.webp", "display_id": "D3onzY4MNxE", "requested_subtitles": null, "format_id": "251", "url": "https://r1---sn-ipoxu-u2x6.googlevideo.com/videoplayback?expire=1610392367&ei=z078X9T4DLuGs8IPstKCgAs&ip=220.129.26.102&id=o-AKriPXbyI-PrRdpnzknA4NtbCBCOiH_vgh1kOiLaGdxt&itag=251&source=youtube&requiressl=yes&mh=Nd&mm=31%2C29&mn=sn-ipoxu-u2x6%2Csn-un57sn7s&ms=au%2Crdu&mv=m&mvi=1&pl=21&initcwndbps=1057500&vprv=1&mime=audio%2Fwebm&ns=O-ARdGZO5yf2mALZK93fuE8F&gir=yes&clen=4048081&dur=216.281&lmt=1576440164394897&mt=1610370516&fvip=1&keepalive=yes&beids=9466587&c=WEB&txp=5431432&n=MY63Z0Tonxv3-b&sparams=expire%2Cei%2Cip%2Cid%2Citag%2Csource%2Crequiressl%2Cvprv%2Cmime%2Cns%2Cgir%2Cclen%2Cdur%2Clmt&sig=AOq0QJ8wRQIgaNkMLkdVKCiKGGsb3nRegL21Wc-D5ZGZkdLkpxdHe1YCIQCimHKCQiSd5d43itVx3lAEiztTZq-_9RdRy59sEyloOA%3D%3D&lsparams=mh%2Cmm%2Cmn%2Cms%2Cmv%2Cmvi%2Cpl%2Cinitcwndbps&lsig=AG3C_xAwRQIgWy6DXDm5LDv8RnpG08N75WGWsb9iqbazJC7DW5nyJo8CIQCaXXnqDcVOh5BuqA68eJktdADpcsFB17osd4j4E4h_jA%3D%3D&ratebypass=yes", "player_url": null, "ext": "webm", "format_note": "tiny", "acodec": "opus", "abr": 160, "asr": 48000, "filesize": 4048081, "fps": null, "height": null, "tbr": 159.97, "width": null, "vcodec": "none", "downloader_options": {"http_chunk_size": 10485760}, "format": "251 - audio only (tiny)", "protocol": "https", "http_headers": {"User-Agent": "Mozilla/5.0 (Windows NT 10.0; Win64; x64) AppleWebKit/537.36 (KHTML, like Gecko) Chrome/73.0.3683.38 Safari/537.36", "Accept-Charset": "ISO-8859-1,utf-8;q=0.7,*;q=0.7", "Accept": "text/html,application/xhtml+xml,application/xml;q=0.9,*/*;q=0.8", "Accept-Encoding": "gzip, deflate", "Accept-Language": "en-us,en;q=0.5"}}