{"id": "epMOLn5Axw0", "uploader": "Michael Ortega", "uploader_id": "MichaelsPianoSongs", "uploader_url": "http://www.youtube.com/user/MichaelsPianoSongs", "channel_id": "UCjyqGFuEZho7Wc7TT5MyFwg", "channel_url": "http://www.youtube.com/channel/UCjyqGFuEZho7Wc7TT5MyFwg", "upload_date": "20180923", "license": null, "creator": null, "title": "\"Broken Hearts\" (Extended Orchestral Version) by Michael Ortega", "alt_title": null, "thumbnails": [{"url": "https://i.ytimg.com/vi/epMOLn5Axw0/hqdefault.jpg?sqp=-oaymwEYCKgBEF5IVfKriqkDCwgBFQAAiEIYAXAB&rs=AOn4CLDkyDbbcodhWOlEQJSnbxBxFDzvMw", "width": 168, "height": 94, "resolution": "168x94", "id": "0"}, {"url": "https://i.ytimg.com/vi/epMOLn5Axw0/hqdefault.jpg?sqp=-oaymwEYCMQBEG5IVfKriqkDCwgBFQAAiEIYAXAB&rs=AOn4CLCNJDzXlwp91XjsV7JkQaw7iramzw", "width": 196, "height": 110, "resolution": "196x110", "id": "1"}, {"url": "https://i.ytimg.com/vi/epMOLn5Axw0/hqdefault.jpg?sqp=-oaymwEZCPYBEIoBSFXyq4qpAwsIARUAAIhCGAFwAQ==&rs=AOn4CLD44o7t_ggsVP4mfMN0VzAsKmml0Q", "width": 246, "height": 138, "resolution": "246x138", "id": "2"}, {"url": "https://i.ytimg.com/vi/epMOLn5Axw0/hqdefault.jpg?sqp=-oaymwEZCNACELwBSFXyq4qpAwsIARUAAIhCGAFwAQ==&rs=AOn4CLDB85mSkrH25dvpKanPfYQprZQDPA", "width": 336, "height": 188, "resolution": "336x188", "id": "3"}, {"url": "https://i.ytimg.com/vi_webp/epMOLn5Axw0/maxresdefault.webp", "width": 1920, "height": 1080, "resolution": "1920x1080", "id": "4"}], "description": "A sad song for Broken Hearts composed by Michael Ortega (Extended Orchestral Version). \n\u266a Sheets (Partituras): https://michaelortegapiano.com/product/582465\n\u266a INSTAGRAM: https://www.instagram.com/michaelortegapiano\n\u266a Listen on iTunes: (Extended Version): http://bit.ly/BrokenHeartsExtendedVersion \n\u266a iTunes (Original Shorter version) http://bit.ly/BrokenHeartsiTunes\n\u266a Listen on Spotify: http://bit.ly/NewAlbumMichaelOrtega\n\u25b6 Subscribe for more Music: http://bit.ly/SubToMichaelOrtega\n\n#SadPiano #MichaelOrtega #Brokenheart\nCopyright \u00a9 Michael Ortega \n\nYou must purchase a license (link \u2b06 above) to use this for your Music or Videos. Ask me about non-profit projects on my Instagram (link \u2b06). Exclusives are possible.\nOriginal Piano Music by Michael J. Ortega (MichaelOrtegaPiano)", "categories": ["Music"], "tags": ["Michael Ortega", "michael ortega broken hearts", "broken hearts", "sad piano", "sad piano instrumental", "sad song", "sad songs", "sad songs that make you cry"], "subtitles": {}, "automatic_captions": {}, "duration": 368, "age_limit": 0, "annotations": null, "chapters": null, "webpage_url": "https://www.youtube.com/watch?v=epMOLn5Axw0", "view_count": 10621288, "like_count": 163026, "dislike_count": 2032, "average_rating": 4.9507565, "formats": [{"format_id": "249", "url": "https://r5---sn-ipoxu-u2x6.googlevideo.com/videoplayback?expire=1610392372&ei=1E78X6bsMoGsigaZ-KSoDg&ip=220.129.26.102&id=o-AGnyOtGsSqPy7Z5FiTW-nY2qOn8lbn8WOe_mK141Bb74&itag=249&source=youtube&requiressl=yes&mh=M5&mm=31%2C29&mn=sn-ipoxu-u2x6%2Csn-un57en7l&ms=au%2Crdu&mv=m&mvi=5&pl=21&initcwndbps=1057500&vprv=1&mime=audio%2Fwebm&ns=iWEqd2heLmTxlqwxvSHvBtEF&gir=yes&clen=2801672&dur=367.761&lmt=1574983980901234&mt=1610370516&fvip=5&keepalive=yes&c=WEB&txp=5531432&n=nxw7kNW0Cs7T-l&sparams=expire%2Cei%2Cip%2Cid%2Citag%2Csource%2Crequiressl%2Cvprv%2Cmime%2Cns%2Cgir%2Cclen%2Cdur%2Clmt&sig=AOq0QJ8wRAIgQxNiJCMv1RYS41JyzuD9KM6p1ZPxr5pGxAdMpOItcZQCIAkI7qYgpB7h3sL9ksOGtXuyJ0D7lYRVIJuEELPN7QOH&lsparams=mh%2Cmm%2Cmn%2Cms%2Cmv%2Cmvi%2Cpl%2Cinitcwndbps&lsig=AG3C_xAwRQIgM176sS8K6l0GFtx1ESO6gl3j4al4EM9qpQGVzL2kjiACIQCOFkGKh0VEqHBDklGnAaMeXiXKozDIT1dvZrdlV8Fl1w%3D%3D&ratebypass=yes", "player_url": null, "ext": "webm", "format_note": "tiny", "acodec": "opus", "abr": 50, "asr": 48000, "filesize": 2801672, "fps": null, "height": null, "tbr": 77.19, "width": null, "vcodec": "none", "downloader_options": {"http_chunk_size": 10485760}, "format": "249 - audio only (tiny)", "protocol": "https", "http_headers": {"User-Agent": "Mozilla/5.0 (Windows NT 10.0; Win64; x64) AppleWebKit/537.36 (KHTML, like Gecko) Chrome/73.0.3683.38 Safari/537.36", "Accept-Charset": "ISO-8859-1,utf-8;q=0.7,*;q=0.7", "Accept": "text/html,application/xhtml+xml,application/xml;q=0.9,*/*;q=0.8", "Accept-Encoding": "gzip, deflate", "Accept-Language": "en-us,en;q=0.5"}}, {"format_id": "250", "url": "https://r5---sn-ipoxu-u2x6.googlevideo.com/videoplayback?expire=1610392372&ei=1E78X6bsMoGsigaZ-KSoDg&ip=220.129.26.102&id=o-AGnyOtGsSqPy7Z5FiTW-nY2qOn8lbn8WOe_mK141Bb74&itag=250&source=youtube&requiressl=yes&mh=M5&mm=31%2C29&mn=sn-ipoxu-u2x6%2Csn-un57en7l&ms=au%2Crdu&mv=m&mvi=5&pl=21&initcwndbps=1057500&vprv=1&mime=audio%2Fwebm&ns=iWEqd2heLmTxlqwxvSHvBtEF&gir=yes&clen=3720789&dur=367.761&lmt=1574983977955856&mt=1610370516&fvip=5&keepalive=yes&c=WEB&txp=5531432&n=nxw7kNW0Cs7T-l&sparams=expire%2Cei%2Cip%2Cid%2Citag%2Csource%2Crequiressl%2Cvprv%2Cmime%2Cns%2Cgir%2Cclen%2Cdur%2Clmt&sig=AOq0QJ8wRgIhANFaK6penLGp86Nal56LG5acw3xHQflIdfVDUYTgYrJ-AiEAvVwVpA4Xp3ZJkr7-cXheKPVImPEEXbcWd5sH59HIU4U%3D&lsparams=mh%2Cmm%2Cmn%2Cms%2Cmv%2Cmvi%2Cpl%2Cinitcwndbps&lsig=AG3C_xAwRQIgM176sS8K6l0GFtx1ESO6gl3j4al4EM9qpQGVzL2kjiACIQCOFkGKh0VEqHBDklGnAaMeXiXKozDIT1dvZrdlV8Fl1w%3D%3D&ratebypass=yes", "player_url": null, "ext": "webm", "format_note": "tiny", "acodec": "opus", "abr": 70, "asr": 48000, "filesize": 3720789, "fps": null, "height": null, "tbr": 99.436, "width": null, "vcodec": "none", "downloader_options": {"http_chunk_size": 10485760}, "format": "250 - audio only (tiny)", "protocol": "https", "http_headers": {"User-Agent": "Mozilla/5.0 (Windows NT 10.0; Win64; x64) AppleWebKit/537.36 (KHTML, like Gecko) Chrome/73.0.3683.38 Safari/537.36", "Accept-Charset": "ISO-8859-1,utf-8;q=0.7,*;q=0.7", "Accept": "text/html,application/xhtml+xml,application/xml;q=0.9,*/*;q=0.8", "Accept-Encoding": "gzip, deflate", "Accept-Language": "en-us,en;q=0.5"}}, {"format_id": "140", "url": "https://r5---sn-ipoxu-u2x6.googlevideo.com/videoplayback?expire=1610392372&ei=1E78X6bsMoGsigaZ-KSoDg&ip=220.129.26.102&id=o-AGnyOtGsSqPy7Z5FiTW-nY2qOn8lbn8WOe_mK141Bb74&itag=140&source=youtube&requiressl=yes&mh=M5&mm=31%2C29&mn=sn-ipoxu-u2x6%2Csn-un57en7l&ms=au%2Crdu&mv=m&mvi=5&pl=21&initcwndbps=1057500&vprv=1&mime=audio%2Fmp4&ns=iWEqd2heLmTxlqwxvSHvBtEF&gir=yes&clen=5953181&dur=367.804&lmt=1574983982080720&mt=1610370516&fvip=5&keepalive=yes&c=WEB&txp=5531432&n=nxw7kNW0Cs7T-l&sparams=expire%2Cei%2Cip%2Cid%2Citag%2Csource%2Crequiressl%2Cvprv%2Cmime%2Cns%2Cgir%2Cclen%2Cdur%2Clmt&sig=AOq0QJ8wRAIgJ0xQ9JybVD5p9_eifkaKjiETDEA9pyUQOT3EEqI0CUYCIHnqL9jeTl_QWHNZz0TRaJp-0IwefYOMQK-Uvz0DVl2V&lsparams=mh%2Cmm%2Cmn%2Cms%2Cmv%2Cmvi%2Cpl%2Cinitcwndbps&lsig=AG3C_xAwRQIgM176sS8K6l0GFtx1ESO6gl3j4al4EM9qpQGVzL2kjiACIQCOFkGKh0VEqHBDklGnAaMeXiXKozDIT1dvZrdlV8Fl1w%3D%3D&ratebypass=yes", "player_url": null, "ext": "m4a", "format_note": "tiny", "acodec": "mp4a.40.2", "abr": 128, "container": "m4a_dash", "asr": 44100, "filesize": 5953181, "fps": null, "height": null, "tbr": 130.661, "width": null, "vcodec": "none", "downloader_options": {"http_chunk_size": 10485760}, "format": "140 - audio only (tiny)", "protocol": "https", "http_headers": {"User-Agent": "Mozilla/5.0 (Windows NT 10.0; Win64; x64) AppleWebKit/537.36 (KHTML, like Gecko) Chrome/73.0.3683.38 Safari/537.36", "Accept-Charset": "ISO-8859-1,utf-8;q=0.7,*;q=0.7", "Accept": "text/html,application/xhtml+xml,application/xml;q=0.9,*/*;q=0.8", "Accept-Encoding": "gzip, deflate", "Accept-Language": "en-us,en;q=0.5"}}, {"format_id": "251", "url": "https://r5---sn-ipoxu-u2x6.googlevideo.com/videoplayback?expire=1610392372&ei=1E78X6bsMoGsigaZ-KSoDg&ip=220.129.26.102&id=o-AGnyOtGsSqPy7Z5FiTW-nY2qOn8lbn8WOe_mK141Bb74&itag=251&source=youtube&requiressl=yes&mh=M5&mm=31%2C29&mn=sn-ipoxu-u2x6%2Csn-un57en7l&ms=au%2Crdu&mv=m&mvi=5&pl=21&initcwndbps=1057500&vprv=1&mime=audio%2Fwebm&ns=iWEqd2heLmTxlqwxvSHvBtEF&gir=yes&clen=7045916&dur=367.761&lmt=1574983978372411&mt=1610370516&fvip=5&keepalive=yes&c=WEB&txp=5531432&n=nxw7kNW0Cs7T-l&sparams=expire%2Cei%2Cip%2Cid%2Citag%2Csource%2Crequiressl%2Cvprv%2Cmime%2Cns%2Cgir%2Cclen%2Cdur%2Clmt&sig=AOq0QJ8wRgIhAMw38uFFVE2nPDNm6xGUruUpmXhtO9GGbUOPPGLlUtlWAiEA7lupR8pvho-k_TWlAi3ZI1QSxYqBSKwaCrVKKef1iUo%3D&lsparams=mh%2Cmm%2Cmn%2Cms%2Cmv%2Cmvi%2Cpl%2Cinitcwndbps&lsig=AG3C_xAwRQIgM176sS8K6l0GFtx1ESO6gl3j4al4EM9qpQGVzL2kjiACIQCOFkGKh0VEqHBDklGnAaMeXiXKozDIT1dvZrdlV8Fl1w%3D%3D&ratebypass=yes", "player_url": null, "ext": "webm", "format_note": "tiny", "acodec": "opus", "abr": 160, "asr": 48000, "filesize": 7045916, "fps": null, "height": null, "tbr": 180.7, "width": null, "vcodec": "none", "downloader_options": {"http_chunk_size": 10485760}, "format": "251 - audio only (tiny)", "protocol": "https", "http_headers": {"User-Agent": "Mozilla/5.0 (Windows NT 10.0; Win64; x64) AppleWebKit/537.36 (KHTML, like Gecko) Chrome/73.0.3683.38 Safari/537.36", "Accept-Charset": "ISO-8859-1,utf-8;q=0.7,*;q=0.7", "Accept": "text/html,application/xhtml+xml,application/xml;q=0.9,*/*;q=0.8", "Accept-Encoding": "gzip, deflate", "Accept-Language": "en-us,en;q=0.5"}}, {"format_id": "160", "url": "https://r5---sn-ipoxu-u2x6.googlevideo.com/videoplayback?expire=1610392372&ei=1E78X6bsMoGsigaZ-KSoDg&ip=220.129.26.102&id=o-AGnyOtGsSqPy7Z5FiTW-nY2qOn8lbn8WOe_mK141Bb74&itag=160&aitags=133%2C134%2C135%2C136%2C137%2C160%2C242%2C243%2C244%2C247%2C248%2C278%2C394%2C395%2C396%2C397%2C398%2C399&source=youtube&requiressl=yes&mh=M5&mm=31%2C29&mn=sn-ipoxu-u2x6%2Csn-un57en7l&ms=au%2Crdu&mv=m&mvi=5&pl=21&initcwndbps=1057500&vprv=1&mime=video%2Fmp4&ns=iWEqd2heLmTxlqwxvSHvBtEF&gir=yes&clen=754026&dur=367.742&lmt=1574984924165590&mt=1610370516&fvip=5&keepalive=yes&c=WEB&txp=5535432&n=nxw7kNW0Cs7T-l&sparams=expire%2Cei%2Cip%2Cid%2Caitags%2Csource%2Crequiressl%2Cvprv%2Cmime%2Cns%2Cgir%2Cclen%2Cdur%2Clmt&sig=AOq0QJ8wRAIgVfu8yiAbnx4UucLrWLqy-4NT-rNA1uklYn8ShLniNCQCIDhymftPZKeqkHhKPnawO6EHv3pg2cGetoKv5zPOeUnW&lsparams=mh%2Cmm%2Cmn%2Cms%2Cmv%2Cmvi%2Cpl%2Cinitcwndbps&lsig=AG3C_xAwRQIgM176sS8K6l0GFtx1ESO6gl3j4al4EM9qpQGVzL2kjiACIQCOFkGKh0VEqHBDklGnAaMeXiXKozDIT1dvZrdlV8Fl1w%3D%3D&ratebypass=yes", "player_url": null, "ext": "mp4", "height": 144, "format_note": "144p", "vcodec": "avc1.4d400c", "asr": null, "filesize": 754026, "fps": 24, "tbr": 71.181, "width": 256, "acodec": "none", "downloader_options": {"http_chunk_size": 10485760}, "format": "160 - 256x144 (144p)", "protocol": "https", "http_headers": {"User-Agent": "Mozilla/5.0 (Windows NT 10.0; Win64; x64) AppleWebKit/537.36 (KHTML, like Gecko) Chrome/73.0.3683.38 Safari/537.36", "Accept-Charset": "ISO-8859-1,utf-8;q=0.7,*;q=0.7", "Accept": "text/html,application/xhtml+xml,application/xml;q=0.9,*/*;q=0.8", "Accept-Encoding": "gzip, deflate", "Accept-Language": "en-us,en;q=0.5"}}, {"format_id": "394", "url": "https://r5---sn-ipoxu-u2x6.googlevideo.com/videoplayback?expire=1610392372&ei=1E78X6bsMoGsigaZ-KSoDg&ip=220.129.26.102&id=o-AGnyOtGsSqPy7Z5FiTW-nY2qOn8lbn8WOe_mK141Bb74&itag=394&aitags=133%2C134%2C135%2C136%2C137%2C160%2C242%2C243%2C244%2C247%2C248%2C278%2C394%2C395%2C396%2C397%2C398%2C399&source=youtube&requiressl=yes&mh=M5&mm=31%2C29&mn=sn-ipoxu-u2x6%2Csn-un57en7l&ms=au%2Crdu&mv=m&mvi=5&pl=21&initcwndbps=1057500&vprv=1&mime=video%2Fmp4&ns=iWEqd2heLmTxlqwxvSHvBtEF&gir=yes&clen=1442910&dur=367.742&lmt=1593915745151003&mt=1610370516&fvip=5&keepalive=yes&c=WEB&txp=5531432&n=nxw7kNW0Cs7T-l&sparams=expire%2Cei%2Cip%2Cid%2Caitags%2Csource%2Crequiressl%2Cvprv%2Cmime%2Cns%2Cgir%2Cclen%2Cdur%2Clmt&sig=AOq0QJ8wRQIhAIA9i7WGt8x4IGZyGCJ3pX0muTRjaKjfo-hB-G5CH4nUAiB7G6Oaw20Qm9H_vy6kqEfioLBdFSOmiCXKfdj4-rLXlw%3D%3D&lsparams=mh%2Cmm%2Cmn%2Cms%2Cmv%2Cmvi%2Cpl%2Cinitcwndbps&lsig=AG3C_xAwRQIgM176sS8K6l0GFtx1ESO6gl3j4al4EM9qpQGVzL2kjiACIQCOFkGKh0VEqHBDklGnAaMeXiXKozDIT1dvZrdlV8Fl1w%3D%3D&ratebypass=yes", "player_url": null, "acodec": "none", "vcodec": "av01.0.00M.08", "asr": null, "filesize": 1442910, "format_note": "144p", "fps": 24, "height": 144, "tbr": 75.707, "width": 256, "ext": "mp4", "downloader_options": {"http_chunk_size": 10485760}, "format": "394 - 256x144 (144p)", "protocol": "https", "http_headers": {"User-Agent": "Mozilla/5.0 (Windows NT 10.0; Win64; x64) AppleWebKit/537.36 (KHTML, like Gecko) Chrome/73.0.3683.38 Safari/537.36", "Accept-Charset": "ISO-8859-1,utf-8;q=0.7,*;q=0.7", "Accept": "text/html,application/xhtml+xml,application/xml;q=0.9,*/*;q=0.8", "Accept-Encoding": "gzip, deflate", "Accept-Language": "en-us,en;q=0.5"}}, {"format_id": "278", "url": "https://r5---sn-ipoxu-u2x6.googlevideo.com/videoplayback?expire=1610392372&ei=1E78X6bsMoGsigaZ-KSoDg&ip=220.129.26.102&id=o-AGnyOtGsSqPy7Z5FiTW-nY2qOn8lbn8WOe_mK141Bb74&itag=278&aitags=133%2C134%2C135%2C136%2C137%2C160%2C242%2C243%2C244%2C247%2C248%2C278%2C394%2C395%2C396%2C397%2C398%2C399&source=youtube&requiressl=yes&mh=M5&mm=31%2C29&mn=sn-ipoxu-u2x6%2Csn-un57en7l&ms=au%2Crdu&mv=m&mvi=5&pl=21&initcwndbps=1057500&vprv=1&mime=video%2Fwebm&ns=iWEqd2heLmTxlqwxvSHvBtEF&gir=yes&clen=1720645&dur=367.741&lmt=1574985736731096&mt=1610370516&fvip=5&keepalive=yes&c=WEB&txp=5535432&n=nxw7kNW0Cs7T-l&sparams=expire%2Cei%2Cip%2Cid%2Caitags%2Csource%2Crequiressl%2Cvprv%2Cmime%2Cns%2Cgir%2Cclen%2Cdur%2Clmt&sig=AOq0QJ8wRQIgch97CeFALJFe2F3C1Y8rAM8UPK8Ene8cIESfstn5DLcCIQCRvvbXYmi4N4K1J1gjzwIDKUoa-l2OaB1-S8y8CDIcbA%3D%3D&lsparams=mh%2Cmm%2Cmn%2Cms%2Cmv%2Cmvi%2Cpl%2Cinitcwndbps&lsig=AG3C_xAwRQIgM176sS8K6l0GFtx1ESO6gl3j4al4EM9qpQGVzL2kjiACIQCOFkGKh0VEqHBDklGnAaMeXiXKozDIT1dvZrdlV8Fl1w%3D%3D&ratebypass=yes", "player_url": null, "ext": "webm", "height": 144, "format_note": "144p", "container": "webm", "vcodec": "vp9", "asr": null, "filesize": 1720645, "fps": 24, "tbr": 89.408, "width": 256, "acodec": "none", "downloader_options": {"http_chunk_size": 10485760}, "format": "278 - 256x144 (144p)", "protocol": "https", "http_headers": {"User-Agent": "Mozilla/5.0 (Windows NT 10.0; Win64; x64) AppleWebKit/537.36 (KHTML, like Gecko) Chrome/73.0.3683.38 Safari/537.36", "Accept-Charset": "ISO-8859-1,utf-8;q=0.7,*;q=0.7", "Accept": "text/html,application/xhtml+xml,application/xml;q=0.9,*/*;q=0.8", "Accept-Encoding": "gzip, deflate", "Accept-Language": "en-us,en;q=0.5"}}, {"format_id": "242", "url": "https://r5---sn-ipoxu-u2x6.googlevideo.com/videoplayback?expire=1610392372&ei=1E78X6bsMoGsigaZ-KSoDg&ip=220.129.26.102&id=o-AGnyOtGsSqPy7Z5FiTW-nY2qOn8lbn8WOe_mK141Bb74&itag=242&aitags=133%2C134%2C135%2C136%2C137%2C160%2C242%2C243%2C244%2C247%2C248%2C278%2C394%2C395%2C396%2C397%2C398%2C399&source=youtube&requiressl=yes&mh=M5&mm=31%2C29&mn=sn-ipoxu-u2x6%2Csn-un57en7l&ms=au%2Crdu&mv=m&mvi=5&pl=21&initcwndbps=1057500&vprv=1&mime=video%2Fwebm&ns=iWEqd2heLmTxlqwxvSHvBtEF&gir=yes&clen=2569819&dur=367.741&lmt=1574985736718677&mt=1610370516&fvip=5&keepalive=yes&c=WEB&txp=5535432&n=nxw7kNW0Cs7T-l&sparams=expire%2Cei%2Cip%2Cid%2Caitags%2Csource%2Crequiressl%2Cvprv%2Cmime%2Cns%2Cgir%2Cclen%2Cdur%2Clmt&sig=AOq0QJ8wRgIhAK-AGOU7MzAMc2K29iLt_IXuA6x_rrJjyQ63zX7LthiVAiEA35w4E2cb0F3O8wxyUSS74_qV30jfmgougvPIyQ_Kp-s%3D&lsparams=mh%2Cmm%2Cmn%2Cms%2Cmv%2Cmvi%2Cpl%2Cinitcwndbps&lsig=AG3C_xAwRQIgM176sS8K6l0GFtx1ESO6gl3j4al4EM9qpQGVzL2kjiACIQCOFkGKh0VEqHBDklGnAaMeXiXKozDIT1dvZrdlV8Fl1w%3D%3D&ratebypass=yes", "player_url": null, "ext": "webm", "height": 240, "format_note": "240p", "vcodec": "vp9", "asr": null, "filesize": 2569819, "fps": 24, "tbr": 116.236, "width": 426, "acodec": "none", "downloader_options": {"http_chunk_size": 10485760}, "format": "242 - 426x240 (240p)", "protocol": "https", "http_headers": {"User-Agent": "Mozilla/5.0 (Windows NT 10.0; Win64; x64) AppleWebKit/537.36 (KHTML, like Gecko) Chrome/73.0.3683.38 Safari/537.36", "Accept-Charset": "ISO-8859-1,utf-8;q=0.7,*;q=0.7", "Accept": "text/html,application/xhtml+xml,application/xml;q=0.9,*/*;q=0.8", "Accept-Encoding": "gzip, deflate", "Accept-Language": "en-us,en;q=0.5"}}, {"format_id": "395", "url": "https://r5---sn-ipoxu-u2x6.googlevideo.com/videoplayback?expire=1610392372&ei=1E78X6bsMoGsigaZ-KSoDg&ip=220.129.26.102&id=o-AGnyOtGsSqPy7Z5FiTW-nY2qOn8lbn8WOe_mK141Bb74&itag=395&aitags=133%2C134%2C135%2C136%2C137%2C160%2C242%2C243%2C244%2C247%2C248%2C278%2C394%2C395%2C396%2C397%2C398%2C399&source=youtube&requiressl=yes&mh=M5&mm=31%2C29&mn=sn-ipoxu-u2x6%2Csn-un57en7l&ms=au%2Crdu&mv=m&mvi=5&pl=21&initcwndbps=1057500&vprv=1&mime=video%2Fmp4&ns=iWEqd2heLmTxlqwxvSHvBtEF&gir=yes&clen=2441557&dur=367.742&lmt=1593915893918278&mt=1610370516&fvip=5&keepalive=yes&c=WEB&txp=5531432&n=nxw7kNW0Cs7T-l&sparams=expire%2Cei%2Cip%2Cid%2Caitags%2Csource%2Crequiressl%2Cvprv%2Cmime%2Cns%2Cgir%2Cclen%2Cdur%2Clmt&sig=AOq0QJ8wRAIgfs4jdjv0QclxO7G0lBQl_C1xdSiaK7bvosfMxql2u0MCIDYUwl4wwt2P-xwUfwc-7lhr2CvswS7zGdAuTJFO5gk0&lsparams=mh%2Cmm%2Cmn%2Cms%2Cmv%2Cmvi%2Cpl%2Cinitcwndbps&lsig=AG3C_xAwRQIgM176sS8K6l0GFtx1ESO6gl3j4al4EM9qpQGVzL2kjiACIQCOFkGKh0VEqHBDklGnAaMeXiXKozDIT1dvZrdlV8Fl1w%3D%3D&ratebypass=yes", "player_url": null, "acodec": "none", "vcodec": "av01.0.00M.08", "asr": null, "filesize": 2441557, "format_note": "240p", "fps": 24, "height": 240, "tbr": 119.319, "width": 426, "ext": "mp4", "downloader_options": {"http_chunk_size": 10485760}, "format": "395 - 426x240 (240p)", "protocol": "https", "http_headers": {"User-Agent": "Mozilla/5.0 (Windows NT 10.0; Win64; x64) AppleWebKit/537.36 (KHTML, like Gecko) Chrome/73.0.3683.38 Safari/537.36", "Accept-Charset": "ISO-8859-1,utf-8;q=0.7,*;q=0.7", "Accept": "text/html,application/xhtml+xml,application/xml;q=0.9,*/*;q=0.8", "Accept-Encoding": "gzip, deflate", "Accept-Language": "en-us,en;q=0.5"}}, {"format_id": "133", "url": "https://r5---sn-ipoxu-u2x6.googlevideo.com/videoplayback?expire=1610392372&ei=1E78X6bsMoGsigaZ-KSoDg&ip=220.129.26.102&id=o-AGnyOtGsSqPy7Z5FiTW-nY2qOn8lbn8WOe_mK141Bb74&itag=133&aitags=133%2C134%2C135%2C136%2C137%2C160%2C242%2C243%2C244%2C247%2C248%2C278%2C394%2C395%2C396%2C397%2C398%2C399&source=youtube&requiressl=yes&mh=M5&mm=31%2C29&mn=sn-ipoxu-u2x6%2Csn-un57en7l&ms=au%2Crdu&mv=m&mvi=5&pl=21&initcwndbps=1057500&vprv=1&mime=video%2Fmp4&ns=iWEqd2heLmTxlqwxvSHvBtEF&gir=yes&clen=1517514&dur=367.742&lmt=1574984924164510&mt=1610370516&fvip=5&keepalive=yes&c=WEB&txp=5535432&n=nxw7kNW0Cs7T-l&sparams=expire%2Cei%2Cip%2Cid%2Caitags%2Csource%2Crequiressl%2Cvprv%2Cmime%2Cns%2Cgir%2Cclen%2Cdur%2Clmt&sig=AOq0QJ8wRgIhAL1fSqDYaElA4J7NYTO2UDjDkV7iXSb87k-QePWrZ3vBAiEA1RxJxcQuzXpExIQh9XtgbKjuuZGSn9KzqY21LwpxsHI%3D&lsparams=mh%2Cmm%2Cmn%2Cms%2Cmv%2Cmvi%2Cpl%2Cinitcwndbps&lsig=AG3C_xAwRQIgM176sS8K6l0GFtx1ESO6gl3j4al4EM9qpQGVzL2kjiACIQCOFkGKh0VEqHBDklGnAaMeXiXKozDIT1dvZrdlV8Fl1w%3D%3D&ratebypass=yes", "player_url": null, "ext": "mp4", "height": 240, "format_note": "240p", "vcodec": "avc1.4d4015", "asr": null, "filesize": 1517514, "fps": 24, "tbr": 133.439, "width": 426, "acodec": "none", "downloader_options": {"http_chunk_size": 10485760}, "format": "133 - 426x240 (240p)", "protocol": "https", "http_headers": {"User-Agent": "Mozilla/5.0 (Windows NT 10.0; Win64; x64) AppleWebKit/537.36 (KHTML, like Gecko) Chrome/73.0.3683.38 Safari/537.36", "Accept-Charset": "ISO-8859-1,utf-8;q=0.7,*;q=0.7", "Accept": "text/html,application/xhtml+xml,application/xml;q=0.9,*/*;q=0.8", "Accept-Encoding": "gzip, deflate", "Accept-Language": "en-us,en;q=0.5"}}, {"format_id": "243", "url": "https://r5---sn-ipoxu-u2x6.googlevideo.com/videoplayback?expire=1610392372&ei=1E78X6bsMoGsigaZ-KSoDg&ip=220.129.26.102&id=o-AGnyOtGsSqPy7Z5FiTW-nY2qOn8lbn8WOe_mK141Bb74&itag=243&aitags=133%2C134%2C135%2C136%2C137%2C160%2C242%2C243%2C244%2C247%2C248%2C278%2C394%2C395%2C396%2C397%2C398%2C399&source=youtube&requiressl=yes&mh=M5&mm=31%2C29&mn=sn-ipoxu-u2x6%2Csn-un57en7l&ms=au%2Crdu&mv=m&mvi=5&pl=21&initcwndbps=1057500&vprv=1&mime=video%2Fwebm&ns=iWEqd2heLmTxlqwxvSHvBtEF&gir=yes&clen=4567341&dur=367.741&lmt=1574985736763054&mt=1610370516&fvip=5&keepalive=yes&c=WEB&txp=5535432&n=nxw7kNW0Cs7T-l&sparams=expire%2Cei%2Cip%2Cid%2Caitags%2Csource%2Crequiressl%2Cvprv%2Cmime%2Cns%2Cgir%2Cclen%2Cdur%2Clmt&sig=AOq0QJ8wRAIgMsuTwzKJEYkRHjEGIOYsf340GgOqDcNHFxwJIQUXOU4CIGpKlW1vll7qdjwrvaWlSdZ4cJ03EsCYyfubPATNKpM1&lsparams=mh%2Cmm%2Cmn%2Cms%2Cmv%2Cmvi%2Cpl%2Cinitcwndbps&lsig=AG3C_xAwRQIgM176sS8K6l0GFtx1ESO6gl3j4al4EM9qpQGVzL2kjiACIQCOFkGKh0VEqHBDklGnAaMeXiXKozDIT1dvZrdlV8Fl1w%3D%3D&ratebypass=yes", "player_url": null, "ext": "webm", "height": 360, "format_note": "360p", "vcodec": "vp9", "asr": null, "filesize": 4567341, "fps": 24, "tbr": 195.533, "width": 640, "acodec": "none", "downloader_options": {"http_chunk_size": 10485760}, "format": "243 - 640x360 (360p)", "protocol": "https", "http_headers": {"User-Agent": "Mozilla/5.0 (Windows NT 10.0; Win64; x64) AppleWebKit/537.36 (KHTML, like Gecko) Chrome/73.0.3683.38 Safari/537.36", "Accept-Charset": "ISO-8859-1,utf-8;q=0.7,*;q=0.7", "Accept": "text/html,application/xhtml+xml,application/xml;q=0.9,*/*;q=0.8", "Accept-Encoding": "gzip, deflate", "Accept-Language": "en-us,en;q=0.5"}}, {"format_id": "134", "url": "https://r5---sn-ipoxu-u2x6.googlevideo.com/videoplayback?expire=1610392372&ei=1E78X6bsMoGsigaZ-KSoDg&ip=220.129.26.102&id=o-AGnyOtGsSqPy7Z5FiTW-nY2qOn8lbn8WOe_mK141Bb74&itag=134&aitags=133%2C134%2C135%2C136%2C137%2C160%2C242%2C243%2C244%2C247%2C248%2C278%2C394%2C395%2C396%2C397%2C398%2C399&source=youtube&requiressl=yes&mh=M5&mm=31%2C29&mn=sn-ipoxu-u2x6%2Csn-un57en7l&ms=au%2Crdu&mv=m&mvi=5&pl=21&initcwndbps=1057500&vprv=1&mime=video%2Fmp4&ns=iWEqd2heLmTxlqwxvSHvBtEF&gir=yes&clen=2270594&dur=367.742&lmt=1574984924167121&mt=1610370516&fvip=5&keepalive=yes&c=WEB&txp=5535432&n=nxw7kNW0Cs7T-l&sparams=expire%2Cei%2Cip%2Cid%2Caitags%2Csource%2Crequiressl%2Cvprv%2Cmime%2Cns%2Cgir%2Cclen%2Cdur%2Clmt&sig=AOq0QJ8wRAIgWs9sYGDg7QVKTJeSTqiHLkWh-A2Kr_1Xn1k8qiAlvl0CIC72oYS3-VzKt6Xh50b4TWm7EcExtLfgHxjlrmQz9MI_&lsparams=mh%2Cmm%2Cmn%2Cms%2Cmv%2Cmvi%2Cpl%2Cinitcwndbps&lsig=AG3C_xAwRQIgM176sS8K6l0GFtx1ESO6gl3j4al4EM9qpQGVzL2kjiACIQCOFkGKh0VEqHBDklGnAaMeXiXKozDIT1dvZrdlV8Fl1w%3D%3D&ratebypass=yes", "player_url": null, "ext": "mp4", "height": 360, "format_note": "360p", "vcodec": "avc1.4d401e", "asr": null, "filesize": 2270594, "fps": 24, "tbr": 203.384, "width": 640, "acodec": "none", "downloader_options": {"http_chunk_size": 10485760}, "format": "134 - 640x360 (360p)", "protocol": "https", "http_headers": {"User-Agent": "Mozilla/5.0 (Windows NT 10.0; Win64; x64) AppleWebKit/537.36 (KHTML, like Gecko) Chrome/73.0.3683.38 Safari/537.36", "Accept-Charset": "ISO-8859-1,utf-8;q=0.7,*;q=0.7", "Accept": "text/html,application/xhtml+xml,application/xml;q=0.9,*/*;q=0.8", "Accept-Encoding": "gzip, deflate", "Accept-Language": "en-us,en;q=0.5"}}, {"format_id": "396", "url": "https://r5---sn-ipoxu-u2x6.googlevideo.com/videoplayback?expire=1610392372&ei=1E78X6bsMoGsigaZ-KSoDg&ip=220.129.26.102&id=o-AGnyOtGsSqPy7Z5FiTW-nY2qOn8lbn8WOe_mK141Bb74&itag=396&aitags=133%2C134%2C135%2C136%2C137%2C160%2C242%2C243%2C244%2C247%2C248%2C278%2C394%2C395%2C396%2C397%2C398%2C399&source=youtube&requiressl=yes&mh=M5&mm=31%2C29&mn=sn-ipoxu-u2x6%2Csn-un57en7l&ms=au%2Crdu&mv=m&mvi=5&pl=21&initcwndbps=1057500&vprv=1&mime=video%2Fmp4&ns=iWEqd2heLmTxlqwxvSHvBtEF&gir=yes&clen=4317721&dur=367.742&lmt=1593915872558155&mt=1610370516&fvip=5&keepalive=yes&c=WEB&txp=5531432&n=nxw7kNW0Cs7T-l&sparams=expire%2Cei%2Cip%2Cid%2Caitags%2Csource%2Crequiressl%2Cvprv%2Cmime%2Cns%2Cgir%2Cclen%2Cdur%2Clmt&sig=AOq0QJ8wRQIhAP5yZL3vOQclDB4hVvGop6gnf77WBuSAIRHNsgFuG2xZAiAfGFsozfp_USsJrxNRIYO9rHuOtWcf5IGrJBmA0zLTcQ%3D%3D&lsparams=mh%2Cmm%2Cmn%2Cms%2Cmv%2Cmvi%2Cpl%2Cinitcwndbps&lsig=AG3C_xAwRQIgM176sS8K6l0GFtx1ESO6gl3j4al4EM9qpQGVzL2kjiACIQCOFkGKh0VEqHBDklGnAaMeXiXKozDIT1dvZrdlV8Fl1w%3D%3D&ratebypass=yes", "player_url": null, "acodec": "none", "vcodec": "av01.0.01M.08", "asr": null, "filesize": 4317721, "format_note": "360p", "fps": 24, "height": 360, "tbr": 214.726, "width": 640, "ext": "mp4", "downloader_options": {"http_chunk_size": 10485760}, "format": "396 - 640x360 (360p)", "protocol": "https", "http_headers": {"User-Agent": "Mozilla/5.0 (Windows NT 10.0; Win64; x64) AppleWebKit/537.36 (KHTML, like Gecko) Chrome/73.0.3683.38 Safari/537.36", "Accept-Charset": "ISO-8859-1,utf-8;q=0.7,*;q=0.7", "Accept": "text/html,application/xhtml+xml,application/xml;q=0.9,*/*;q=0.8", "Accept-Encoding": "gzip, deflate", "Accept-Language": "en-us,en;q=0.5"}}, {"format_id": "244", "url": "https://r5---sn-ipoxu-u2x6.googlevideo.com/videoplayback?expire=1610392372&ei=1E78X6bsMoGsigaZ-KSoDg&ip=220.129.26.102&id=o-AGnyOtGsSqPy7Z5FiTW-nY2qOn8lbn8WOe_mK141Bb74&itag=244&aitags=133%2C134%2C135%2C136%2C137%2C160%2C242%2C243%2C244%2C247%2C248%2C278%2C394%2C395%2C396%2C397%2C398%2C399&source=youtube&requiressl=yes&mh=M5&mm=31%2C29&mn=sn-ipoxu-u2x6%2Csn-un57en7l&ms=au%2Crdu&mv=m&mvi=5&pl=21&initcwndbps=1057500&vprv=1&mime=video%2Fwebm&ns=iWEqd2heLmTxlqwxvSHvBtEF&gir=yes&clen=6541361&dur=367.741&lmt=1574985736730927&mt=1610370516&fvip=5&keepalive=yes&c=WEB&txp=5535432&n=nxw7kNW0Cs7T-l&sparams=expire%2Cei%2Cip%2Cid%2Caitags%2Csource%2Crequiressl%2Cvprv%2Cmime%2Cns%2Cgir%2Cclen%2Cdur%2Clmt&sig=AOq0QJ8wRAIgWqRU0rqGcXRTI-ik2Of7vAJT07h6VNjdvu3a8_Apz74CIHlxmP4QK_e3swsCN2iu4hpRX5vFjDFpODndcIQQhalA&lsparams=mh%2Cmm%2Cmn%2Cms%2Cmv%2Cmvi%2Cpl%2Cinitcwndbps&lsig=AG3C_xAwRQIgM176sS8K6l0GFtx1ESO6gl3j4al4EM9qpQGVzL2kjiACIQCOFkGKh0VEqHBDklGnAaMeXiXKozDIT1dvZrdlV8Fl1w%3D%3D&ratebypass=yes", "player_url": null, "ext": "webm", "height": 480, "format_note": "480p", "vcodec": "vp9", "asr": null, "filesize": 6541361, "fps": 24, "tbr": 283.339, "width": 854, "acodec": "none", "downloader_options": {"http_chunk_size": 10485760}, "format": "244 - 854x480 (480p)", "protocol": "https", "http_headers": {"User-Agent": "Mozilla/5.0 (Windows NT 10.0; Win64; x64) AppleWebKit/537.36 (KHTML, like Gecko) Chrome/73.0.3683.38 Safari/537.36", "Accept-Charset": "ISO-8859-1,utf-8;q=0.7,*;q=0.7", "Accept": "text/html,application/xhtml+xml,application/xml;q=0.9,*/*;q=0.8", "Accept-Encoding": "gzip, deflate", "Accept-Language": "en-us,en;q=0.5"}}, {"format_id": "135", "url": "https://r5---sn-ipoxu-u2x6.googlevideo.com/videoplayback?expire=1610392372&ei=1E78X6bsMoGsigaZ-KSoDg&ip=220.129.26.102&id=o-AGnyOtGsSqPy7Z5FiTW-nY2qOn8lbn8WOe_mK141Bb74&itag=135&aitags=133%2C134%2C135%2C136%2C137%2C160%2C242%2C243%2C244%2C247%2C248%2C278%2C394%2C395%2C396%2C397%2C398%2C399&source=youtube&requiressl=yes&mh=M5&mm=31%2C29&mn=sn-ipoxu-u2x6%2Csn-un57en7l&ms=au%2Crdu&mv=m&mvi=5&pl=21&initcwndbps=1057500&vprv=1&mime=video%2Fmp4&ns=iWEqd2heLmTxlqwxvSHvBtEF&gir=yes&clen=3340776&dur=367.742&lmt=1574984924206933&mt=1610370516&fvip=5&keepalive=yes&c=WEB&txp=5535432&n=nxw7kNW0Cs7T-l&sparams=expire%2Cei%2Cip%2Cid%2Caitags%2Csource%2Crequiressl%2Cvprv%2Cmime%2Cns%2Cgir%2Cclen%2Cdur%2Clmt&sig=AOq0QJ8wRgIhAI1PtYvQFdLDU7dqjQay0xXRhgGU6VgpLahD5h8OuYtnAiEAofWPffAeDg0_5U2nXex32KeG6xBQE1Q0XQ6RINLHUEo%3D&lsparams=mh%2Cmm%2Cmn%2Cms%2Cmv%2Cmvi%2Cpl%2Cinitcwndbps&lsig=AG3C_xAwRQIgM176sS8K6l0GFtx1ESO6gl3j4al4EM9qpQGVzL2kjiACIQCOFkGKh0VEqHBDklGnAaMeXiXKozDIT1dvZrdlV8Fl1w%3D%3D&ratebypass=yes", "player_url": null, "ext": "mp4", "height": 480, "format_note": "480p", "vcodec": "avc1.4d401e", "asr": null, "filesize": 3340776, "fps": 24, "tbr": 295.457, "width": 854, "acodec": "none", "downloader_options": {"http_chunk_size": 10485760}, "format": "135 - 854x480 (480p)", "protocol": "https", "http_headers": {"User-Agent": "Mozilla/5.0 (Windows NT 10.0; Win64; x64) AppleWebKit/537.36 (KHTML, like Gecko) Chrome/73.0.3683.38 Safari/537.36", "Accept-Charset": "ISO-8859-1,utf-8;q=0.7,*;q=0.7", "Accept": "text/html,application/xhtml+xml,application/xml;q=0.9,*/*;q=0.8", "Accept-Encoding": "gzip, deflate", "Accept-Language": "en-us,en;q=0.5"}}, {"format_id": "397", "url": "https://r5---sn-ipoxu-u2x6.googlevideo.com/videoplayback?expire=1610392372&ei=1E78X6bsMoGsigaZ-KSoDg&ip=220.129.26.102&id=o-AGnyOtGsSqPy7Z5FiTW-nY2qOn8lbn8WOe_mK141Bb74&itag=397&aitags=133%2C134%2C135%2C136%2C137%2C160%2C242%2C243%2C244%2C247%2C248%2C278%2C394%2C395%2C396%2C397%2C398%2C399&source=youtube&requiressl=yes&mh=M5&mm=31%2C29&mn=sn-ipoxu-u2x6%2Csn-un57en7l&ms=au%2Crdu&mv=m&mvi=5&pl=21&initcwndbps=1057500&vprv=1&mime=video%2Fmp4&ns=iWEqd2heLmTxlqwxvSHvBtEF&gir=yes&clen=6854903&dur=367.742&lmt=1593915990324636&mt=1610370516&fvip=5&keepalive=yes&c=WEB&txp=5531432&n=nxw7kNW0Cs7T-l&sparams=expire%2Cei%2Cip%2Cid%2Caitags%2Csource%2Crequiressl%2Cvprv%2Cmime%2Cns%2Cgir%2Cclen%2Cdur%2Clmt&sig=AOq0QJ8wRQIhALDZKuoSpElR2mpqkpQZquDQmch4V2AtJQqzadPpPqXbAiAWay8YurCnUmbIxm9zVVNWQE7hJ3d_H-3UFxtpXEPgkQ%3D%3D&lsparams=mh%2Cmm%2Cmn%2Cms%2Cmv%2Cmvi%2Cpl%2Cinitcwndbps&lsig=AG3C_xAwRQIgM176sS8K6l0GFtx1ESO6gl3j4al4EM9qpQGVzL2kjiACIQCOFkGKh0VEqHBDklGnAaMeXiXKozDIT1dvZrdlV8Fl1w%3D%3D&ratebypass=yes", "player_url": null, "acodec": "none", "vcodec": "av01.0.04M.08", "asr": null, "filesize": 6854903, "format_note": "480p", "fps": 24, "height": 480, "tbr": 348.561, "width": 854, "ext": "mp4", "downloader_options": {"http_chunk_size": 10485760}, "format": "397 - 854x480 (480p)", "protocol": "https", "http_headers": {"User-Agent": "Mozilla/5.0 (Windows NT 10.0; Win64; x64) AppleWebKit/537.36 (KHTML, like Gecko) Chrome/73.0.3683.38 Safari/537.36", "Accept-Charset": "ISO-8859-1,utf-8;q=0.7,*;q=0.7", "Accept": "text/html,application/xhtml+xml,application/xml;q=0.9,*/*;q=0.8", "Accept-Encoding": "gzip, deflate", "Accept-Language": "en-us,en;q=0.5"}}, {"format_id": "136", "url": "https://r5---sn-ipoxu-u2x6.googlevideo.com/videoplayback?expire=1610392372&ei=1E78X6bsMoGsigaZ-KSoDg&ip=220.129.26.102&id=o-AGnyOtGsSqPy7Z5FiTW-nY2qOn8lbn8WOe_mK141Bb74&itag=136&aitags=133%2C134%2C135%2C136%2C137%2C160%2C242%2C243%2C244%2C247%2C248%2C278%2C394%2C395%2C396%2C397%2C398%2C399&source=youtube&requiressl=yes&mh=M5&mm=31%2C29&mn=sn-ipoxu-u2x6%2Csn-un57en7l&ms=au%2Crdu&mv=m&mvi=5&pl=21&initcwndbps=1057500&vprv=1&mime=video%2Fmp4&ns=iWEqd2heLmTxlqwxvSHvBtEF&gir=yes&clen=4590135&dur=367.742&lmt=1574984924162862&mt=1610370516&fvip=5&keepalive=yes&c=WEB&txp=5535432&n=nxw7kNW0Cs7T-l&sparams=expire%2Cei%2Cip%2Cid%2Caitags%2Csource%2Crequiressl%2Cvprv%2Cmime%2Cns%2Cgir%2Cclen%2Cdur%2Clmt&sig=AOq0QJ8wRQIgUC3DyuW6ZaHtc2zf634RyM_tfXA07pgOjAhEVW8tgNoCIQDXZJ7JqiK0pr0Cmz--LOKPT42H09jOf0u-B0tnmNsGPw%3D%3D&lsparams=mh%2Cmm%2Cmn%2Cms%2Cmv%2Cmvi%2Cpl%2Cinitcwndbps&lsig=AG3C_xAwRQIgM176sS8K6l0GFtx1ESO6gl3j4al4EM9qpQGVzL2kjiACIQCOFkGKh0VEqHBDklGnAaMeXiXKozDIT1dvZrdlV8Fl1w%3D%3D&ratebypass=yes", "player_url": null, "ext": "mp4", "height": 720, "format_note": "720p", "vcodec": "avc1.4d401f", "asr": null, "filesize": 4590135, "fps": 24, "tbr": 412.782, "width": 1280, "acodec": "none", "downloader_options": {"http_chunk_size": 10485760}, "format": "136 - 1280x720 (720p)", "protocol": "https", "http_headers": {"User-Agent": "Mozilla/5.0 (Windows NT 10.0; Win64; x64) AppleWebKit/537.36 (KHTML, like Gecko) Chrome/73.0.3683.38 Safari/537.36", "Accept-Charset": "ISO-8859-1,utf-8;q=0.7,*;q=0.7", "Accept": "text/html,application/xhtml+xml,application/xml;q=0.9,*/*;q=0.8", "Accept-Encoding": "gzip, deflate", "Accept-Language": "en-us,en;q=0.5"}}, {"format_id": "247", "url": "https://r5---sn-ipoxu-u2x6.googlevideo.com/videoplayback?expire=1610392372&ei=1E78X6bsMoGsigaZ-KSoDg&ip=220.129.26.102&id=o-AGnyOtGsSqPy7Z5FiTW-nY2qOn8lbn8WOe_mK141Bb74&itag=247&aitags=133%2C134%2C135%2C136%2C137%2C160%2C242%2C243%2C244%2C247%2C248%2C278%2C394%2C395%2C396%2C397%2C398%2C399&source=youtube&requiressl=yes&mh=M5&mm=31%2C29&mn=sn-ipoxu-u2x6%2Csn-un57en7l&ms=au%2Crdu&mv=m&mvi=5&pl=21&initcwndbps=1057500&vprv=1&mime=video%2Fwebm&ns=iWEqd2heLmTxlqwxvSHvBtEF&gir=yes&clen=10158059&dur=367.741&lmt=1574985736732730&mt=1610370516&fvip=5&keepalive=yes&c=WEB&txp=5535432&n=nxw7kNW0Cs7T-l&sparams=expire%2Cei%2Cip%2Cid%2Caitags%2Csource%2Crequiressl%2Cvprv%2Cmime%2Cns%2Cgir%2Cclen%2Cdur%2Clmt&sig=AOq0QJ8wRQIhAMYBFo82nUE9pk2J01-VwztIG0zfKJMMh6HGDd_oC-42AiAiPIhnAfwJeJhzYJPBW1w9moV4PYTuafBLOtuUmBQLDQ%3D%3D&lsparams=mh%2Cmm%2Cmn%2Cms%2Cmv%2Cmvi%2Cpl%2Cinitcwndbps&lsig=AG3C_xAwRQIgM176sS8K6l0GFtx1ESO6gl3j4al4EM9qpQGVzL2kjiACIQCOFkGKh0VEqHBDklGnAaMeXiXKozDIT1dvZrdlV8Fl1w%3D%3D&ratebypass=yes", "player_url": null, "ext": "webm", "height": 720, "format_note": "720p", "vcodec": "vp9", "asr": null, "filesize": 10158059, "fps": 24, "tbr": 475.076, "width": 1280, "acodec": "none", "downloader_options": {"http_chunk_size": 10485760}, "format": "247 - 1280x720 (720p)", "protocol": "https", "http_headers": {"User-Agent": "Mozilla/5.0 (Windows NT 10.0; Win64; x64) AppleWebKit/537.36 (KHTML, like Gecko) Chrome/73.0.3683.38 Safari/537.36", "Accept-Charset": "ISO-8859-1,utf-8;q=0.7,*;q=0.7", "Accept": "text/html,application/xhtml+xml,application/xml;q=0.9,*/*;q=0.8", "Accept-Encoding": "gzip, deflate", "Accept-Language": "en-us,en;q=0.5"}}, {"format_id": "398", "url": "https://r5---sn-ipoxu-u2x6.googlevideo.com/videoplayback?expire=1610392372&ei=1E78X6bsMoGsigaZ-KSoDg&ip=220.129.26.102&id=o-AGnyOtGsSqPy7Z5FiTW-nY2qOn8lbn8WOe_mK141Bb74&itag=398&aitags=133%2C134%2C135%2C136%2C137%2C160%2C242%2C243%2C244%2C247%2C248%2C278%2C394%2C395%2C396%2C397%2C398%2C399&source=youtube&requiressl=yes&mh=M5&mm=31%2C29&mn=sn-ipoxu-u2x6%2Csn-un57en7l&ms=au%2Crdu&mv=m&mvi=5&pl=21&initcwndbps=1057500&vprv=1&mime=video%2Fmp4&ns=iWEqd2heLmTxlqwxvSHvBtEF&gir=yes&clen=11737995&dur=367.742&lmt=1593916046506570&mt=1610370516&fvip=5&keepalive=yes&c=WEB&txp=5531432&n=nxw7kNW0Cs7T-l&sparams=expire%2Cei%2Cip%2Cid%2Caitags%2Csource%2Crequiressl%2Cvprv%2Cmime%2Cns%2Cgir%2Cclen%2Cdur%2Clmt&sig=AOq0QJ8wRQIgFWBSUIe4M6fAEGgGqms3FfjV2i5FGVRkc8gq2ky9UPsCIQCdn4bBS8ONwasWxNkakSo_pJrUqV4agM26yLr4qeeN6Q%3D%3D&lsparams=mh%2Cmm%2Cmn%2Cms%2Cmv%2Cmvi%2Cpl%2Cinitcwndbps&lsig=AG3C_xAwRQIgM176sS8K6l0GFtx1ESO6gl3j4al4EM9qpQGVzL2kjiACIQCOFkGKh0VEqHBDklGnAaMeXiXKozDIT1dvZrdlV8Fl1w%3D%3D&ratebypass=yes", "player_url": null, "asr": null, "filesize": 11737995, "format_note": "720p", "fps": 24, "height": 720, "tbr": 613.193, "width": 1280, "ext": "mp4", "vcodec": "av01.0.05M.08", "acodec": "none", "downloader_options": {"http_chunk_size": 10485760}, "format": "398 - 1280x720 (720p)", "protocol": "https", "http_headers": {"User-Agent": "Mozilla/5.0 (Windows NT 10.0; Win64; x64) AppleWebKit/537.36 (KHTML, like Gecko) Chrome/73.0.3683.38 Safari/537.36", "Accept-Charset": "ISO-8859-1,utf-8;q=0.7,*;q=0.7", "Accept": "text/html,application/xhtml+xml,application/xml;q=0.9,*/*;q=0.8", "Accept-Encoding": "gzip, deflate", "Accept-Language": "en-us,en;q=0.5"}}, {"format_id": "399", "url": "https://r5---sn-ipoxu-u2x6.googlevideo.com/videoplayback?expire=1610392372&ei=1E78X6bsMoGsigaZ-KSoDg&ip=220.129.26.102&id=o-AGnyOtGsSqPy7Z5FiTW-nY2qOn8lbn8WOe_mK141Bb74&itag=399&aitags=133%2C134%2C135%2C136%2C137%2C160%2C242%2C243%2C244%2C247%2C248%2C278%2C394%2C395%2C396%2C397%2C398%2C399&source=youtube&requiressl=yes&mh=M5&mm=31%2C29&mn=sn-ipoxu-u2x6%2Csn-un57en7l&ms=au%2Crdu&mv=m&mvi=5&pl=21&initcwndbps=1057500&vprv=1&mime=video%2Fmp4&ns=iWEqd2heLmTxlqwxvSHvBtEF&gir=yes&clen=19216866&dur=367.742&lmt=1593916217874072&mt=1610370516&fvip=5&keepalive=yes&c=WEB&txp=5531432&n=nxw7kNW0Cs7T-l&sparams=expire%2Cei%2Cip%2Cid%2Caitags%2Csource%2Crequiressl%2Cvprv%2Cmime%2Cns%2Cgir%2Cclen%2Cdur%2Clmt&sig=AOq0QJ8wRgIhAMjBlqGT1jlxTCtw5Yk5XDGuQF4oSLLrqXMj99X1o4xnAiEA8BvB0bBZ6L_Qy-sLbUZr4QEVZGoO7aTUdZCj71NPVa8%3D&lsparams=mh%2Cmm%2Cmn%2Cms%2Cmv%2Cmvi%2Cpl%2Cinitcwndbps&lsig=AG3C_xAwRQIgM176sS8K6l0GFtx1ESO6gl3j4al4EM9qpQGVzL2kjiACIQCOFkGKh0VEqHBDklGnAaMeXiXKozDIT1dvZrdlV8Fl1w%3D%3D&ratebypass=yes", "player_url": null, "asr": null, "filesize": 19216866, "format_note": "1080p", "fps": 24, "height": 1080, "tbr": 955.011, "width": 1920, "ext": "mp4", "vcodec": "av01.0.08M.08", "acodec": "none", "downloader_options": {"http_chunk_size": 10485760}, "format": "399 - 1920x1080 (1080p)", "protocol": "https", "http_headers": {"User-Agent": "Mozilla/5.0 (Windows NT 10.0; Win64; x64) AppleWebKit/537.36 (KHTML, like Gecko) Chrome/73.0.3683.38 Safari/537.36", "Accept-Charset": "ISO-8859-1,utf-8;q=0.7,*;q=0.7", "Accept": "text/html,application/xhtml+xml,application/xml;q=0.9,*/*;q=0.8", "Accept-Encoding": "gzip, deflate", "Accept-Language": "en-us,en;q=0.5"}}, {"format_id": "248", "url": "https://r5---sn-ipoxu-u2x6.googlevideo.com/videoplayback?expire=1610392372&ei=1E78X6bsMoGsigaZ-KSoDg&ip=220.129.26.102&id=o-AGnyOtGsSqPy7Z5FiTW-nY2qOn8lbn8WOe_mK141Bb74&itag=248&aitags=133%2C134%2C135%2C136%2C137%2C160%2C242%2C243%2C244%2C247%2C248%2C278%2C394%2C395%2C396%2C397%2C398%2C399&source=youtube&requiressl=yes&mh=M5&mm=31%2C29&mn=sn-ipoxu-u2x6%2Csn-un57en7l&ms=au%2Crdu&mv=m&mvi=5&pl=21&initcwndbps=1057500&vprv=1&mime=video%2Fwebm&ns=iWEqd2heLmTxlqwxvSHvBtEF&gir=yes&clen=21459519&dur=367.741&lmt=1574985561709904&mt=1610370516&fvip=5&keepalive=yes&c=WEB&txp=5535432&n=nxw7kNW0Cs7T-l&sparams=expire%2Cei%2Cip%2Cid%2Caitags%2Csource%2Crequiressl%2Cvprv%2Cmime%2Cns%2Cgir%2Cclen%2Cdur%2Clmt&sig=AOq0QJ8wRAIgZV3V-xvZyoRL_9qLhrviqDZidg6dM4foX6SbgxkigFoCIHYvxOTnNdCVrd83Sr7a93C4i8e5MrMftzEvjzJ3bSZV&lsparams=mh%2Cmm%2Cmn%2Cms%2Cmv%2Cmvi%2Cpl%2Cinitcwndbps&lsig=AG3C_xAwRQIgM176sS8K6l0GFtx1ESO6gl3j4al4EM9qpQGVzL2kjiACIQCOFkGKh0VEqHBDklGnAaMeXiXKozDIT1dvZrdlV8Fl1w%3D%3D&ratebypass=yes", "player_url": null, "ext": "webm", "height": 1080, "format_note": "1080p", "vcodec": "vp9", "asr": null, "filesize": 21459519, "fps": 24, "tbr": 1179.925, "width": 1920, "acodec": "none", "downloader_options": {"http_chunk_size": 10485760}, "format": "248 - 1920x1080 (1080p)", "protocol": "https", "http_headers": {"User-Agent": "Mozilla/5.0 (Windows NT 10.0; Win64; x64) AppleWebKit/537.36 (KHTML, like Gecko) Chrome/73.0.3683.38 Safari/537.36", "Accept-Charset": "ISO-8859-1,utf-8;q=0.7,*;q=0.7", "Accept": "text/html,application/xhtml+xml,application/xml;q=0.9,*/*;q=0.8", "Accept-Encoding": "gzip, deflate", "Accept-Language": "en-us,en;q=0.5"}}, {"format_id": "137", "url": "https://r5---sn-ipoxu-u2x6.googlevideo.com/videoplayback?expire=1610392372&ei=1E78X6bsMoGsigaZ-KSoDg&ip=220.129.26.102&id=o-AGnyOtGsSqPy7Z5FiTW-nY2qOn8lbn8WOe_mK141Bb74&itag=137&aitags=133%2C134%2C135%2C136%2C137%2C160%2C242%2C243%2C244%2C247%2C248%2C278%2C394%2C395%2C396%2C397%2C398%2C399&source=youtube&requiressl=yes&mh=M5&mm=31%2C29&mn=sn-ipoxu-u2x6%2Csn-un57en7l&ms=au%2Crdu&mv=m&mvi=5&pl=21&initcwndbps=1057500&vprv=1&mime=video%2Fmp4&ns=iWEqd2heLmTxlqwxvSHvBtEF&gir=yes&clen=12078156&dur=367.742&lmt=1574984888108544&mt=1610370516&fvip=5&keepalive=yes&c=WEB&txp=5535432&n=nxw7kNW0Cs7T-l&sparams=expire%2Cei%2Cip%2Cid%2Caitags%2Csource%2Crequiressl%2Cvprv%2Cmime%2Cns%2Cgir%2Cclen%2Cdur%2Clmt&sig=AOq0QJ8wRAIgey3hxv33C4CKNxtc9O8LYbWA-UmF0s648txFC72Mw2wCIB_rbZC0g32zUhZhNGUeg_U8PHpeIF8oiercRZGCTJ_Q&lsparams=mh%2Cmm%2Cmn%2Cms%2Cmv%2Cmvi%2Cpl%2Cinitcwndbps&lsig=AG3C_xAwRQIgM176sS8K6l0GFtx1ESO6gl3j4al4EM9qpQGVzL2kjiACIQCOFkGKh0VEqHBDklGnAaMeXiXKozDIT1dvZrdlV8Fl1w%3D%3D&ratebypass=yes", "player_url": null, "ext": "mp4", "height": 1080, "format_note": "1080p", "vcodec": "avc1.640028", "asr": null, "filesize": 12078156, "fps": 24, "tbr": 1202.502, "width": 1920, "acodec": "none", "downloader_options": {"http_chunk_size": 10485760}, "format": "137 - 1920x1080 (1080p)", "protocol": "https", "http_headers": {"User-Agent": "Mozilla/5.0 (Windows NT 10.0; Win64; x64) AppleWebKit/537.36 (KHTML, like Gecko) Chrome/73.0.3683.38 Safari/537.36", "Accept-Charset": "ISO-8859-1,utf-8;q=0.7,*;q=0.7", "Accept": "text/html,application/xhtml+xml,application/xml;q=0.9,*/*;q=0.8", "Accept-Encoding": "gzip, deflate", "Accept-Language": "en-us,en;q=0.5"}}, {"format_id": "18", "url": "https://r5---sn-ipoxu-u2x6.googlevideo.com/videoplayback?expire=1610392372&ei=1E78X6bsMoGsigaZ-KSoDg&ip=220.129.26.102&id=o-AGnyOtGsSqPy7Z5FiTW-nY2qOn8lbn8WOe_mK141Bb74&itag=18&source=youtube&requiressl=yes&mh=M5&mm=31%2C29&mn=sn-ipoxu-u2x6%2Csn-un57en7l&ms=au%2Crdu&mv=m&mvi=5&pl=21&initcwndbps=1057500&vprv=1&mime=video%2Fmp4&ns=mQiR__51pqtXiQ7Sl3zPiiUF&gir=yes&clen=12835458&ratebypass=yes&dur=367.804&lmt=1574983821942145&mt=1610370516&fvip=5&c=WEB&txp=5531432&n=_HnSMu6_K62-md&sparams=expire%2Cei%2Cip%2Cid%2Citag%2Csource%2Crequiressl%2Cvprv%2Cmime%2Cns%2Cgir%2Cclen%2Cratebypass%2Cdur%2Clmt&sig=AOq0QJ8wRQIhALGe6wWjStd0nJt3P2-M7mdAfSb-29miLik5_0No2UURAiA0EcZxVRGeuTb_UW-GrWG9ers1EHfMweWzNayQx9nPHw%3D%3D&lsparams=mh%2Cmm%2Cmn%2Cms%2Cmv%2Cmvi%2Cpl%2Cinitcwndbps&lsig=AG3C_xAwRQIgM176sS8K6l0GFtx1ESO6gl3j4al4EM9qpQGVzL2kjiACIQCOFkGKh0VEqHBDklGnAaMeXiXKozDIT1dvZrdlV8Fl1w%3D%3D", "player_url": null, "ext": "mp4", "width": 640, "height": 360, "acodec": "mp4a.40.2", "abr": 96, "vcodec": "avc1.42001E", "asr": 44100, "filesize": 12835458, "format_note": "360p", "fps": 24, "tbr": 279.227, "format": "18 - 640x360 (360p)", "protocol": "https", "http_headers": {"User-Agent": "Mozilla/5.0 (Windows NT 10.0; Win64; x64) AppleWebKit/537.36 (KHTML, like Gecko) Chrome/73.0.3683.38 Safari/537.36", "Accept-Charset": "ISO-8859-1,utf-8;q=0.7,*;q=0.7", "Accept": "text/html,application/xhtml+xml,application/xml;q=0.9,*/*;q=0.8", "Accept-Encoding": "gzip, deflate", "Accept-Language": "en-us,en;q=0.5"}}], "is_live": null, "start_time": null, "end_time": null, "series": null, "season_number": null, "episode_number": null, "track": null, "artist": null, "album": null, "release_date": null, "release_year": null, "extractor": "youtube", "webpage_url_basename": "watch", "extractor_key": "Youtube", "playlist": null, "playlist_index": null, "thumbnail": "https://i.ytimg.com/vi_webp/epMOLn5Axw0/maxresdefault.webp", "display_id": "epMOLn5Axw0", "requested_subtitles": null, "format_id": "251", "url": "https://r5---sn-ipoxu-u2x6.googlevideo.com/videoplayback?expire=1610392372&ei=1E78X6bsMoGsigaZ-KSoDg&ip=220.129.26.102&id=o-AGnyOtGsSqPy7Z5FiTW-nY2qOn8lbn8WOe_mK141Bb74&itag=251&source=youtube&requiressl=yes&mh=M5&mm=31%2C29&mn=sn-ipoxu-u2x6%2Csn-un57en7l&ms=au%2Crdu&mv=m&mvi=5&pl=21&initcwndbps=1057500&vprv=1&mime=audio%2Fwebm&ns=iWEqd2heLmTxlqwxvSHvBtEF&gir=yes&clen=7045916&dur=367.761&lmt=1574983978372411&mt=1610370516&fvip=5&keepalive=yes&c=WEB&txp=5531432&n=nxw7kNW0Cs7T-l&sparams=expire%2Cei%2Cip%2Cid%2Citag%2Csource%2Crequiressl%2Cvprv%2Cmime%2Cns%2Cgir%2Cclen%2Cdur%2Clmt&sig=AOq0QJ8wRgIhAMw38uFFVE2nPDNm6xGUruUpmXhtO9GGbUOPPGLlUtlWAiEA7lupR8pvho-k_TWlAi3ZI1QSxYqBSKwaCrVKKef1iUo%3D&lsparams=mh%2Cmm%2Cmn%2Cms%2Cmv%2Cmvi%2Cpl%2Cinitcwndbps&lsig=AG3C_xAwRQIgM176sS8K6l0GFtx1ESO6gl3j4al4EM9qpQGVzL2kjiACIQCOFkGKh0VEqHBDklGnAaMeXiXKozDIT1dvZrdlV8Fl1w%3D%3D&ratebypass=yes", "player_url": null, "ext": "webm", "format_note": "tiny", "acodec": "opus", "abr": 160, "asr": 48000, "filesize": 7045916, "fps": null, "height": null, "tbr": 180.7, "width": null, "vcodec": "none", "downloader_options": {"http_chunk_size": 10485760}, "format": "251 - audio only (tiny)", "protocol": "https", "http_headers": {"User-Agent": "Mozilla/5.0 (Windows NT 10.0; Win64; x64) AppleWebKit/537.36 (KHTML, like Gecko) Chrome/73.0.3683.38 Safari/537.36", "Accept-Charset": "ISO-8859-1,utf-8;q=0.7,*;q=0.7", "Accept": "text/html,application/xhtml+xml,application/xml;q=0.9,*/*;q=0.8", "Accept-Encoding": "gzip, deflate", "Accept-Language": "en-us,en;q=0.5"}}