{"id": "ISCVfmBvYoM", "uploader": "Michael Ortega", "uploader_id": "MichaelsPianoSongs", "uploader_url": "http://www.youtube.com/user/MichaelsPianoSongs", "channel_id": "UCjyqGFuEZho7Wc7TT5MyFwg", "channel_url": "http://www.youtube.com/channel/UCjyqGFuEZho7Wc7TT5MyFwg", "upload_date": "20201017", "license": null, "creator": null, "title": "Michael Ortega - illusions", "alt_title": null, "thumbnails": [{"url": "https://i.ytimg.com/vi/ISCVfmBvYoM/hqdefault.jpg?sqp=-oaymwEYCKgBEF5IVfKriqkDCwgBFQAAiEIYAXAB&rs=AOn4CLBkWoK_LsC7UJ5AMPcnAnGMZ2A0UA", "width": 168, "height": 94, "resolution": "168x94", "id": "0"}, {"url": "https://i.ytimg.com/vi/ISCVfmBvYoM/hqdefault.jpg?sqp=-oaymwEYCMQBEG5IVfKriqkDCwgBFQAAiEIYAXAB&rs=AOn4CLB9ZfaiErIaOm-iO0cwSUGEqaMQvw", "width": 196, "height": 110, "resolution": "196x110", "id": "1"}, {"url": "https://i.ytimg.com/vi/ISCVfmBvYoM/hqdefault.jpg?sqp=-oaymwEZCPYBEIoBSFXyq4qpAwsIARUAAIhCGAFwAQ==&rs=AOn4CLD5_CE9MoQyrP2H1KW4Za7TzJQBpg", "width": 246, "height": 138, "resolution": "246x138", "id": "2"}, {"url": "https://i.ytimg.com/vi/ISCVfmBvYoM/hqdefault.jpg?sqp=-oaymwEZCNACELwBSFXyq4qpAwsIARUAAIhCGAFwAQ==&rs=AOn4CLA0BuFeUFshtURi5_42ApsvWXSMbw", "width": 336, "height": 188, "resolution": "336x188", "id": "3"}, {"url": "https://i.ytimg.com/vi_webp/ISCVfmBvYoM/maxresdefault.webp", "width": 1920, "height": 1080, "resolution": "1920x1080", "id": "4"}], "description": "Piano and Strings Music - \"illusions\" composed by Michael Ortega. \nWebsite: https://michaelortegapiano.com/\n\u266a Listen on AppleMusic: https://music.apple.com/us/artist/michael-ortega/284715852\n\u266a Listen on Spotify:  http://bit.ly/MichaelOrtegaSpotify\n\u266a INSTAGRAM: https://www.instagram.com/michaelortegapiano\n\u25b6 Subscribe for more Music: http://bit.ly/SubToMichaelOrtega\n\n#MichaelOrtega #Sadpiano #EmotionalPiano\nCopyright \u00a9 Michael Ortega \n\nYou must purchase a license (link \u2b06 above) to use this for your Music or Videos. Ask me about non-profit projects on my Instagram (link \u2b06). \nOriginal Piano Music by Michael J. Ortega (MichaelOrtegaPiano)", "categories": ["Music"], "tags": ["sad piano", "michael ortega", "michael ortega piano", "Michael Ortega illusions", "piano triste", "broken hearts michael ortega", "orchestral music", "epic", "emotional music", "michael ortega one last time", "michel ortega", "illusions michael ortega", "illusions"], "subtitles": {}, "automatic_captions": {}, "duration": 380, "age_limit": 0, "annotations": null, "chapters": null, "webpage_url": "https://www.youtube.com/watch?v=ISCVfmBvYoM", "view_count": 39698, "like_count": 1532, "dislike_count": 20, "average_rating": 4.9484534, "formats": [{"format_id": "249", "url": "https://r7---sn-ipoxu-u2xd.googlevideo.com/videoplayback?expire=1610392394&ei=6k78X4TzMLuGs8IPstKCgAs&ip=220.129.26.102&id=o-ABZwewdgh6QFyxyUKxqfGtRt8GuJnZJbWtvuu7Qr0m9j&itag=249&source=youtube&requiressl=yes&mh=9p&mm=31%2C29&mn=sn-ipoxu-u2xd%2Csn-un57en7e&ms=au%2Crdu&mv=m&mvi=7&pl=21&initcwndbps=1138750&vprv=1&mime=audio%2Fwebm&ns=GswDvfTQyUtt8kIDPqLZUPYF&gir=yes&clen=2607109&dur=379.901&lmt=1602891816087020&mt=1610370516&fvip=4&keepalive=yes&beids=23886209&c=WEB&txp=6311222&n=38w1iAsMiGOFk7&sparams=expire%2Cei%2Cip%2Cid%2Citag%2Csource%2Crequiressl%2Cvprv%2Cmime%2Cns%2Cgir%2Cclen%2Cdur%2Clmt&sig=AOq0QJ8wRQIgG2QlH5Fz-8TB-BoAgmNBgLBlMjgjUYO-9Tge-qQ2OGYCIQCeRc38QbFVkO67jTJ3cjTCw7lK7WH-4MRFeZGb_SKt4Q%3D%3D&lsparams=mh%2Cmm%2Cmn%2Cms%2Cmv%2Cmvi%2Cpl%2Cinitcwndbps&lsig=AG3C_xAwRQIhAL2nsa9p2tyt_877aGciKe7Uf3dAJxWx2JSDmaDfKm3pAiBlAkCkzW7ePjt59PIRP1F9Qh4uKJh0xmRfVrdLZyPM-g%3D%3D&ratebypass=yes", "player_url": null, "ext": "webm", "format_note": "tiny", "acodec": "opus", "abr": 50, "asr": 48000, "filesize": 2607109, "fps": null, "height": null, "tbr": 69.046, "width": null, "vcodec": "none", "downloader_options": {"http_chunk_size": 10485760}, "format": "249 - audio only (tiny)", "protocol": "https", "http_headers": {"User-Agent": "Mozilla/5.0 (Windows NT 10.0; Win64; x64) AppleWebKit/537.36 (KHTML, like Gecko) Chrome/73.0.3683.38 Safari/537.36", "Accept-Charset": "ISO-8859-1,utf-8;q=0.7,*;q=0.7", "Accept": "text/html,application/xhtml+xml,application/xml;q=0.9,*/*;q=0.8", "Accept-Encoding": "gzip, deflate", "Accept-Language": "en-us,en;q=0.5"}}, {"format_id": "250", "url": "https://r7---sn-ipoxu-u2xd.googlevideo.com/videoplayback?expire=1610392394&ei=6k78X4TzMLuGs8IPstKCgAs&ip=220.129.26.102&id=o-ABZwewdgh6QFyxyUKxqfGtRt8GuJnZJbWtvuu7Qr0m9j&itag=250&source=youtube&requiressl=yes&mh=9p&mm=31%2C29&mn=sn-ipoxu-u2xd%2Csn-un57en7e&ms=au%2Crdu&mv=m&mvi=7&pl=21&initcwndbps=1138750&vprv=1&mime=audio%2Fwebm&ns=GswDvfTQyUtt8kIDPqLZUPYF&gir=yes&clen=3427309&dur=379.901&lmt=1602891815479956&mt=1610370516&fvip=4&keepalive=yes&beids=23886209&c=WEB&txp=6311222&n=38w1iAsMiGOFk7&sparams=expire%2Cei%2Cip%2Cid%2Citag%2Csource%2Crequiressl%2Cvprv%2Cmime%2Cns%2Cgir%2Cclen%2Cdur%2Clmt&sig=AOq0QJ8wRgIhAOB1P6o_RYVo5owd5E-9lEV_JfkmaJD8AiZwZir945COAiEAmSEpiakcxx9CShgNsQxat3hmVwXIYb4oC2sYSTdI8kc%3D&lsparams=mh%2Cmm%2Cmn%2Cms%2Cmv%2Cmvi%2Cpl%2Cinitcwndbps&lsig=AG3C_xAwRQIhAL2nsa9p2tyt_877aGciKe7Uf3dAJxWx2JSDmaDfKm3pAiBlAkCkzW7ePjt59PIRP1F9Qh4uKJh0xmRfVrdLZyPM-g%3D%3D&ratebypass=yes", "player_url": null, "ext": "webm", "format_note": "tiny", "acodec": "opus", "abr": 70, "asr": 48000, "filesize": 3427309, "fps": null, "height": null, "tbr": 86.583, "width": null, "vcodec": "none", "downloader_options": {"http_chunk_size": 10485760}, "format": "250 - audio only (tiny)", "protocol": "https", "http_headers": {"User-Agent": "Mozilla/5.0 (Windows NT 10.0; Win64; x64) AppleWebKit/537.36 (KHTML, like Gecko) Chrome/73.0.3683.38 Safari/537.36", "Accept-Charset": "ISO-8859-1,utf-8;q=0.7,*;q=0.7", "Accept": "text/html,application/xhtml+xml,application/xml;q=0.9,*/*;q=0.8", "Accept-Encoding": "gzip, deflate", "Accept-Language": "en-us,en;q=0.5"}}, {"format_id": "140", "url": "https://r7---sn-ipoxu-u2xd.googlevideo.com/videoplayback?expire=1610392394&ei=6k78X4TzMLuGs8IPstKCgAs&ip=220.129.26.102&id=o-ABZwewdgh6QFyxyUKxqfGtRt8GuJnZJbWtvuu7Qr0m9j&itag=140&source=youtube&requiressl=yes&mh=9p&mm=31%2C29&mn=sn-ipoxu-u2xd%2Csn-un57en7e&ms=au%2Crdu&mv=m&mvi=7&pl=21&initcwndbps=1138750&vprv=1&mime=audio%2Fmp4&ns=GswDvfTQyUtt8kIDPqLZUPYF&gir=yes&clen=6149434&dur=379.924&lmt=1602891843550872&mt=1610370516&fvip=4&keepalive=yes&beids=23886209&c=WEB&txp=6311222&n=38w1iAsMiGOFk7&sparams=expire%2Cei%2Cip%2Cid%2Citag%2Csource%2Crequiressl%2Cvprv%2Cmime%2Cns%2Cgir%2Cclen%2Cdur%2Clmt&sig=AOq0QJ8wRQIgOKNMOIH2nzjrepIZh2A7YcO1toho6MjOoxmJHIJuSy0CIQCykzUuTHdOkczuG_5TgUoKYvupGxwaG8eDz-3QFlq3hA%3D%3D&lsparams=mh%2Cmm%2Cmn%2Cms%2Cmv%2Cmvi%2Cpl%2Cinitcwndbps&lsig=AG3C_xAwRQIhAL2nsa9p2tyt_877aGciKe7Uf3dAJxWx2JSDmaDfKm3pAiBlAkCkzW7ePjt59PIRP1F9Qh4uKJh0xmRfVrdLZyPM-g%3D%3D&ratebypass=yes", "player_url": null, "ext": "m4a", "format_note": "tiny", "acodec": "mp4a.40.2", "abr": 128, "container": "m4a_dash", "asr": 44100, "filesize": 6149434, "fps": null, "height": null, "tbr": 130.974, "width": null, "vcodec": "none", "downloader_options": {"http_chunk_size": 10485760}, "format": "140 - audio only (tiny)", "protocol": "https", "http_headers": {"User-Agent": "Mozilla/5.0 (Windows NT 10.0; Win64; x64) AppleWebKit/537.36 (KHTML, like Gecko) Chrome/73.0.3683.38 Safari/537.36", "Accept-Charset": "ISO-8859-1,utf-8;q=0.7,*;q=0.7", "Accept": "text/html,application/xhtml+xml,application/xml;q=0.9,*/*;q=0.8", "Accept-Encoding": "gzip, deflate", "Accept-Language": "en-us,en;q=0.5"}}, {"format_id": "251", "url": "https://r7---sn-ipoxu-u2xd.googlevideo.com/videoplayback?expire=1610392394&ei=6k78X4TzMLuGs8IPstKCgAs&ip=220.129.26.102&id=o-ABZwewdgh6QFyxyUKxqfGtRt8GuJnZJbWtvuu7Qr0m9j&itag=251&source=youtube&requiressl=yes&mh=9p&mm=31%2C29&mn=sn-ipoxu-u2xd%2Csn-un57en7e&ms=au%2Crdu&mv=m&mvi=7&pl=21&initcwndbps=1138750&vprv=1&mime=audio%2Fwebm&ns=GswDvfTQyUtt8kIDPqLZUPYF&gir=yes&clen=6625853&dur=379.901&lmt=1602891847260931&mt=1610370516&fvip=4&keepalive=yes&beids=23886209&c=WEB&txp=6311222&n=38w1iAsMiGOFk7&sparams=expire%2Cei%2Cip%2Cid%2Citag%2Csource%2Crequiressl%2Cvprv%2Cmime%2Cns%2Cgir%2Cclen%2Cdur%2Clmt&sig=AOq0QJ8wRQIhAN38agYtCCRsv1S_6pkF-_32F4SoZsU_8fFABJhVO86vAiBmsr0rrHqr3YaLByxOfjLVoPLziTQ6JMXS222i-SVj_Q%3D%3D&lsparams=mh%2Cmm%2Cmn%2Cms%2Cmv%2Cmvi%2Cpl%2Cinitcwndbps&lsig=AG3C_xAwRQIhAL2nsa9p2tyt_877aGciKe7Uf3dAJxWx2JSDmaDfKm3pAiBlAkCkzW7ePjt59PIRP1F9Qh4uKJh0xmRfVrdLZyPM-g%3D%3D&ratebypass=yes", "player_url": null, "ext": "webm", "format_note": "tiny", "acodec": "opus", "abr": 160, "asr": 48000, "filesize": 6625853, "fps": null, "height": null, "tbr": 161.869, "width": null, "vcodec": "none", "downloader_options": {"http_chunk_size": 10485760}, "format": "251 - audio only (tiny)", "protocol": "https", "http_headers": {"User-Agent": "Mozilla/5.0 (Windows NT 10.0; Win64; x64) AppleWebKit/537.36 (KHTML, like Gecko) Chrome/73.0.3683.38 Safari/537.36", "Accept-Charset": "ISO-8859-1,utf-8;q=0.7,*;q=0.7", "Accept": "text/html,application/xhtml+xml,application/xml;q=0.9,*/*;q=0.8", "Accept-Encoding": "gzip, deflate", "Accept-Language": "en-us,en;q=0.5"}}, {"format_id": "278", "url": "https://r7---sn-ipoxu-u2xd.googlevideo.com/videoplayback?expire=1610392394&ei=6k78X4TzMLuGs8IPstKCgAs&ip=220.129.26.102&id=o-ABZwewdgh6QFyxyUKxqfGtRt8GuJnZJbWtvuu7Qr0m9j&itag=278&aitags=133%2C134%2C135%2C136%2C137%2C160%2C242%2C243%2C244%2C247%2C248%2C278&source=youtube&requiressl=yes&mh=9p&mm=31%2C29&mn=sn-ipoxu-u2xd%2Csn-un57en7e&ms=au%2Crdu&mv=m&mvi=7&pl=21&initcwndbps=1138750&vprv=1&mime=video%2Fwebm&ns=GswDvfTQyUtt8kIDPqLZUPYF&gir=yes&clen=1209224&dur=379.879&lmt=1602891826609032&mt=1610370516&fvip=4&keepalive=yes&beids=23886209&c=WEB&txp=6316222&n=38w1iAsMiGOFk7&sparams=expire%2Cei%2Cip%2Cid%2Caitags%2Csource%2Crequiressl%2Cvprv%2Cmime%2Cns%2Cgir%2Cclen%2Cdur%2Clmt&sig=AOq0QJ8wRAIgJS_uua_fj9E-TjIINIaEawiGKfTP09OsmD-N2PofLSACICB2JohyDfXJ4FgNSy2WEwPSy8QzwY__g5NAt3B8V7Bi&lsparams=mh%2Cmm%2Cmn%2Cms%2Cmv%2Cmvi%2Cpl%2Cinitcwndbps&lsig=AG3C_xAwRQIhAL2nsa9p2tyt_877aGciKe7Uf3dAJxWx2JSDmaDfKm3pAiBlAkCkzW7ePjt59PIRP1F9Qh4uKJh0xmRfVrdLZyPM-g%3D%3D&ratebypass=yes", "player_url": null, "ext": "webm", "height": 144, "format_note": "144p", "container": "webm", "vcodec": "vp9", "asr": null, "filesize": 1209224, "fps": 24, "tbr": 82.271, "width": 256, "acodec": "none", "downloader_options": {"http_chunk_size": 10485760}, "format": "278 - 256x144 (144p)", "protocol": "https", "http_headers": {"User-Agent": "Mozilla/5.0 (Windows NT 10.0; Win64; x64) AppleWebKit/537.36 (KHTML, like Gecko) Chrome/73.0.3683.38 Safari/537.36", "Accept-Charset": "ISO-8859-1,utf-8;q=0.7,*;q=0.7", "Accept": "text/html,application/xhtml+xml,application/xml;q=0.9,*/*;q=0.8", "Accept-Encoding": "gzip, deflate", "Accept-Language": "en-us,en;q=0.5"}}, {"format_id": "160", "url": "https://r7---sn-ipoxu-u2xd.googlevideo.com/videoplayback?expire=1610392394&ei=6k78X4TzMLuGs8IPstKCgAs&ip=220.129.26.102&id=o-ABZwewdgh6QFyxyUKxqfGtRt8GuJnZJbWtvuu7Qr0m9j&itag=160&aitags=133%2C134%2C135%2C136%2C137%2C160%2C242%2C243%2C244%2C247%2C248%2C278&source=youtube&requiressl=yes&mh=9p&mm=31%2C29&mn=sn-ipoxu-u2xd%2Csn-un57en7e&ms=au%2Crdu&mv=m&mvi=7&pl=21&initcwndbps=1138750&vprv=1&mime=video%2Fmp4&ns=GswDvfTQyUtt8kIDPqLZUPYF&gir=yes&clen=1158116&dur=379.879&lmt=1602891836330498&mt=1610370516&fvip=4&keepalive=yes&beids=23886209&c=WEB&txp=6316222&n=38w1iAsMiGOFk7&sparams=expire%2Cei%2Cip%2Cid%2Caitags%2Csource%2Crequiressl%2Cvprv%2Cmime%2Cns%2Cgir%2Cclen%2Cdur%2Clmt&sig=AOq0QJ8wRAIgf50DzEbeBvFEOzuWOMUUH9yKDrwv41ELcKQA7lFOSiACIFJP7RzMgqSWUQQiSczsuUMDC3ZNJxXzriLB6Gu05tKA&lsparams=mh%2Cmm%2Cmn%2Cms%2Cmv%2Cmvi%2Cpl%2Cinitcwndbps&lsig=AG3C_xAwRQIhAL2nsa9p2tyt_877aGciKe7Uf3dAJxWx2JSDmaDfKm3pAiBlAkCkzW7ePjt59PIRP1F9Qh4uKJh0xmRfVrdLZyPM-g%3D%3D&ratebypass=yes", "player_url": null, "ext": "mp4", "height": 144, "format_note": "144p", "vcodec": "avc1.4d400c", "asr": null, "filesize": 1158116, "fps": 24, "tbr": 96.294, "width": 256, "acodec": "none", "downloader_options": {"http_chunk_size": 10485760}, "format": "160 - 256x144 (144p)", "protocol": "https", "http_headers": {"User-Agent": "Mozilla/5.0 (Windows NT 10.0; Win64; x64) AppleWebKit/537.36 (KHTML, like Gecko) Chrome/73.0.3683.38 Safari/537.36", "Accept-Charset": "ISO-8859-1,utf-8;q=0.7,*;q=0.7", "Accept": "text/html,application/xhtml+xml,application/xml;q=0.9,*/*;q=0.8", "Accept-Encoding": "gzip, deflate", "Accept-Language": "en-us,en;q=0.5"}}, {"format_id": "242", "url": "https://r7---sn-ipoxu-u2xd.googlevideo.com/videoplayback?expire=1610392394&ei=6k78X4TzMLuGs8IPstKCgAs&ip=220.129.26.102&id=o-ABZwewdgh6QFyxyUKxqfGtRt8GuJnZJbWtvuu7Qr0m9j&itag=242&aitags=133%2C134%2C135%2C136%2C137%2C160%2C242%2C243%2C244%2C247%2C248%2C278&source=youtube&requiressl=yes&mh=9p&mm=31%2C29&mn=sn-ipoxu-u2xd%2Csn-un57en7e&ms=au%2Crdu&mv=m&mvi=7&pl=21&initcwndbps=1138750&vprv=1&mime=video%2Fwebm&ns=GswDvfTQyUtt8kIDPqLZUPYF&gir=yes&clen=1351064&dur=379.879&lmt=1602891826627967&mt=1610370516&fvip=4&keepalive=yes&beids=23886209&c=WEB&txp=6316222&n=38w1iAsMiGOFk7&sparams=expire%2Cei%2Cip%2Cid%2Caitags%2Csource%2Crequiressl%2Cvprv%2Cmime%2Cns%2Cgir%2Cclen%2Cdur%2Clmt&sig=AOq0QJ8wRgIhAOy2VNKtwSemHDfw8y5MYdwhqNbk5msopSvcziE4oI-oAiEAy2_T0Z8kfi3PmkOgeN-zyjAQXqLup0nSvpT9YIJSRWY%3D&lsparams=mh%2Cmm%2Cmn%2Cms%2Cmv%2Cmvi%2Cpl%2Cinitcwndbps&lsig=AG3C_xAwRQIhAL2nsa9p2tyt_877aGciKe7Uf3dAJxWx2JSDmaDfKm3pAiBlAkCkzW7ePjt59PIRP1F9Qh4uKJh0xmRfVrdLZyPM-g%3D%3D&ratebypass=yes", "player_url": null, "ext": "webm", "height": 240, "format_note": "240p", "vcodec": "vp9", "asr": null, "filesize": 1351064, "fps": 24, "tbr": 96.497, "width": 426, "acodec": "none", "downloader_options": {"http_chunk_size": 10485760}, "format": "242 - 426x240 (240p)", "protocol": "https", "http_headers": {"User-Agent": "Mozilla/5.0 (Windows NT 10.0; Win64; x64) AppleWebKit/537.36 (KHTML, like Gecko) Chrome/73.0.3683.38 Safari/537.36", "Accept-Charset": "ISO-8859-1,utf-8;q=0.7,*;q=0.7", "Accept": "text/html,application/xhtml+xml,application/xml;q=0.9,*/*;q=0.8", "Accept-Encoding": "gzip, deflate", "Accept-Language": "en-us,en;q=0.5"}}, {"format_id": "243", "url": "https://r7---sn-ipoxu-u2xd.googlevideo.com/videoplayback?expire=1610392394&ei=6k78X4TzMLuGs8IPstKCgAs&ip=220.129.26.102&id=o-ABZwewdgh6QFyxyUKxqfGtRt8GuJnZJbWtvuu7Qr0m9j&itag=243&aitags=133%2C134%2C135%2C136%2C137%2C160%2C242%2C243%2C244%2C247%2C248%2C278&source=youtube&requiressl=yes&mh=9p&mm=31%2C29&mn=sn-ipoxu-u2xd%2Csn-un57en7e&ms=au%2Crdu&mv=m&mvi=7&pl=21&initcwndbps=1138750&vprv=1&mime=video%2Fwebm&ns=GswDvfTQyUtt8kIDPqLZUPYF&gir=yes&clen=1825681&dur=379.879&lmt=1602891826607993&mt=1610370516&fvip=4&keepalive=yes&beids=23886209&c=WEB&txp=6316222&n=38w1iAsMiGOFk7&sparams=expire%2Cei%2Cip%2Cid%2Caitags%2Csource%2Crequiressl%2Cvprv%2Cmime%2Cns%2Cgir%2Cclen%2Cdur%2Clmt&sig=AOq0QJ8wRgIhAL_fBI0WVwLfliaOus6H7JpDOct3RZV-aaJxdYVR_GkVAiEA8U8Dbwpg8o-QUMIN0xo_tDVAqEGSbf_6oAEUI1lUY_M%3D&lsparams=mh%2Cmm%2Cmn%2Cms%2Cmv%2Cmvi%2Cpl%2Cinitcwndbps&lsig=AG3C_xAwRQIhAL2nsa9p2tyt_877aGciKe7Uf3dAJxWx2JSDmaDfKm3pAiBlAkCkzW7ePjt59PIRP1F9Qh4uKJh0xmRfVrdLZyPM-g%3D%3D&ratebypass=yes", "player_url": null, "ext": "webm", "height": 360, "format_note": "360p", "vcodec": "vp9", "asr": null, "filesize": 1825681, "fps": 24, "tbr": 142.316, "width": 640, "acodec": "none", "downloader_options": {"http_chunk_size": 10485760}, "format": "243 - 640x360 (360p)", "protocol": "https", "http_headers": {"User-Agent": "Mozilla/5.0 (Windows NT 10.0; Win64; x64) AppleWebKit/537.36 (KHTML, like Gecko) Chrome/73.0.3683.38 Safari/537.36", "Accept-Charset": "ISO-8859-1,utf-8;q=0.7,*;q=0.7", "Accept": "text/html,application/xhtml+xml,application/xml;q=0.9,*/*;q=0.8", "Accept-Encoding": "gzip, deflate", "Accept-Language": "en-us,en;q=0.5"}}, {"format_id": "133", "url": "https://r7---sn-ipoxu-u2xd.googlevideo.com/videoplayback?expire=1610392394&ei=6k78X4TzMLuGs8IPstKCgAs&ip=220.129.26.102&id=o-ABZwewdgh6QFyxyUKxqfGtRt8GuJnZJbWtvuu7Qr0m9j&itag=133&aitags=133%2C134%2C135%2C136%2C137%2C160%2C242%2C243%2C244%2C247%2C248%2C278&source=youtube&requiressl=yes&mh=9p&mm=31%2C29&mn=sn-ipoxu-u2xd%2Csn-un57en7e&ms=au%2Crdu&mv=m&mvi=7&pl=21&initcwndbps=1138750&vprv=1&mime=video%2Fmp4&ns=GswDvfTQyUtt8kIDPqLZUPYF&gir=yes&clen=2243131&dur=379.879&lmt=1602891836339675&mt=1610370516&fvip=4&keepalive=yes&beids=23886209&c=WEB&txp=6316222&n=38w1iAsMiGOFk7&sparams=expire%2Cei%2Cip%2Cid%2Caitags%2Csource%2Crequiressl%2Cvprv%2Cmime%2Cns%2Cgir%2Cclen%2Cdur%2Clmt&sig=AOq0QJ8wRAIgZmG8WkBaZad1leRUrjYCoSPO4ydlDSvjfPDGI8yJiPgCIFxalgo-cbq8hSLDjkTStcPt-Hm0hZV7NiI5GWYVMR86&lsparams=mh%2Cmm%2Cmn%2Cms%2Cmv%2Cmvi%2Cpl%2Cinitcwndbps&lsig=AG3C_xAwRQIhAL2nsa9p2tyt_877aGciKe7Uf3dAJxWx2JSDmaDfKm3pAiBlAkCkzW7ePjt59PIRP1F9Qh4uKJh0xmRfVrdLZyPM-g%3D%3D&ratebypass=yes", "player_url": null, "ext": "mp4", "height": 240, "format_note": "240p", "vcodec": "avc1.4d4015", "asr": null, "filesize": 2243131, "fps": 24, "tbr": 225.802, "width": 426, "acodec": "none", "downloader_options": {"http_chunk_size": 10485760}, "format": "133 - 426x240 (240p)", "protocol": "https", "http_headers": {"User-Agent": "Mozilla/5.0 (Windows NT 10.0; Win64; x64) AppleWebKit/537.36 (KHTML, like Gecko) Chrome/73.0.3683.38 Safari/537.36", "Accept-Charset": "ISO-8859-1,utf-8;q=0.7,*;q=0.7", "Accept": "text/html,application/xhtml+xml,application/xml;q=0.9,*/*;q=0.8", "Accept-Encoding": "gzip, deflate", "Accept-Language": "en-us,en;q=0.5"}}, {"format_id": "244", "url": "https://r7---sn-ipoxu-u2xd.googlevideo.com/videoplayback?expire=1610392394&ei=6k78X4TzMLuGs8IPstKCgAs&ip=220.129.26.102&id=o-ABZwewdgh6QFyxyUKxqfGtRt8GuJnZJbWtvuu7Qr0m9j&itag=244&aitags=133%2C134%2C135%2C136%2C137%2C160%2C242%2C243%2C244%2C247%2C248%2C278&source=youtube&requiressl=yes&mh=9p&mm=31%2C29&mn=sn-ipoxu-u2xd%2Csn-un57en7e&ms=au%2Crdu&mv=m&mvi=7&pl=21&initcwndbps=1138750&vprv=1&mime=video%2Fwebm&ns=GswDvfTQyUtt8kIDPqLZUPYF&gir=yes&clen=2693223&dur=379.879&lmt=1602891826611565&mt=1610370516&fvip=4&keepalive=yes&beids=23886209&c=WEB&txp=6316222&n=38w1iAsMiGOFk7&sparams=expire%2Cei%2Cip%2Cid%2Caitags%2Csource%2Crequiressl%2Cvprv%2Cmime%2Cns%2Cgir%2Cclen%2Cdur%2Clmt&sig=AOq0QJ8wRQIhAK8z73JZ3-FFeOsXYPK6ZAkAzC08OHGb1EFQVuPy0wliAiBL8U2VplabCeJtRYCmEGPQAUKidVszkrtCVmCrzyC24w%3D%3D&lsparams=mh%2Cmm%2Cmn%2Cms%2Cmv%2Cmvi%2Cpl%2Cinitcwndbps&lsig=AG3C_xAwRQIhAL2nsa9p2tyt_877aGciKe7Uf3dAJxWx2JSDmaDfKm3pAiBlAkCkzW7ePjt59PIRP1F9Qh4uKJh0xmRfVrdLZyPM-g%3D%3D&ratebypass=yes", "player_url": null, "ext": "webm", "height": 480, "format_note": "480p", "vcodec": "vp9", "asr": null, "filesize": 2693223, "fps": 24, "tbr": 241.347, "width": 854, "acodec": "none", "downloader_options": {"http_chunk_size": 10485760}, "format": "244 - 854x480 (480p)", "protocol": "https", "http_headers": {"User-Agent": "Mozilla/5.0 (Windows NT 10.0; Win64; x64) AppleWebKit/537.36 (KHTML, like Gecko) Chrome/73.0.3683.38 Safari/537.36", "Accept-Charset": "ISO-8859-1,utf-8;q=0.7,*;q=0.7", "Accept": "text/html,application/xhtml+xml,application/xml;q=0.9,*/*;q=0.8", "Accept-Encoding": "gzip, deflate", "Accept-Language": "en-us,en;q=0.5"}}, {"format_id": "134", "url": "https://r7---sn-ipoxu-u2xd.googlevideo.com/videoplayback?expire=1610392394&ei=6k78X4TzMLuGs8IPstKCgAs&ip=220.129.26.102&id=o-ABZwewdgh6QFyxyUKxqfGtRt8GuJnZJbWtvuu7Qr0m9j&itag=134&aitags=133%2C134%2C135%2C136%2C137%2C160%2C242%2C243%2C244%2C247%2C248%2C278&source=youtube&requiressl=yes&mh=9p&mm=31%2C29&mn=sn-ipoxu-u2xd%2Csn-un57en7e&ms=au%2Crdu&mv=m&mvi=7&pl=21&initcwndbps=1138750&vprv=1&mime=video%2Fmp4&ns=GswDvfTQyUtt8kIDPqLZUPYF&gir=yes&clen=3534254&dur=379.879&lmt=1602891836323884&mt=1610370516&fvip=4&keepalive=yes&beids=23886209&c=WEB&txp=6316222&n=38w1iAsMiGOFk7&sparams=expire%2Cei%2Cip%2Cid%2Caitags%2Csource%2Crequiressl%2Cvprv%2Cmime%2Cns%2Cgir%2Cclen%2Cdur%2Clmt&sig=AOq0QJ8wRQIhAMFezprpQuAfbdLfIKntVB9fcDaaePqPWK5iz-83gDJXAiB1A0dSEATe0qjLKOfMrX4QhKMlpdAQFw40AVM9KTNzZA%3D%3D&lsparams=mh%2Cmm%2Cmn%2Cms%2Cmv%2Cmvi%2Cpl%2Cinitcwndbps&lsig=AG3C_xAwRQIhAL2nsa9p2tyt_877aGciKe7Uf3dAJxWx2JSDmaDfKm3pAiBlAkCkzW7ePjt59PIRP1F9Qh4uKJh0xmRfVrdLZyPM-g%3D%3D&ratebypass=yes", "player_url": null, "ext": "mp4", "height": 360, "format_note": "360p", "vcodec": "avc1.4d401e", "asr": null, "filesize": 3534254, "fps": 24, "tbr": 377.349, "width": 640, "acodec": "none", "downloader_options": {"http_chunk_size": 10485760}, "format": "134 - 640x360 (360p)", "protocol": "https", "http_headers": {"User-Agent": "Mozilla/5.0 (Windows NT 10.0; Win64; x64) AppleWebKit/537.36 (KHTML, like Gecko) Chrome/73.0.3683.38 Safari/537.36", "Accept-Charset": "ISO-8859-1,utf-8;q=0.7,*;q=0.7", "Accept": "text/html,application/xhtml+xml,application/xml;q=0.9,*/*;q=0.8", "Accept-Encoding": "gzip, deflate", "Accept-Language": "en-us,en;q=0.5"}}, {"format_id": "247", "url": "https://r7---sn-ipoxu-u2xd.googlevideo.com/videoplayback?expire=1610392394&ei=6k78X4TzMLuGs8IPstKCgAs&ip=220.129.26.102&id=o-ABZwewdgh6QFyxyUKxqfGtRt8GuJnZJbWtvuu7Qr0m9j&itag=247&aitags=133%2C134%2C135%2C136%2C137%2C160%2C242%2C243%2C244%2C247%2C248%2C278&source=youtube&requiressl=yes&mh=9p&mm=31%2C29&mn=sn-ipoxu-u2xd%2Csn-un57en7e&ms=au%2Crdu&mv=m&mvi=7&pl=21&initcwndbps=1138750&vprv=1&mime=video%2Fwebm&ns=GswDvfTQyUtt8kIDPqLZUPYF&gir=yes&clen=5084136&dur=379.879&lmt=1602891826628722&mt=1610370516&fvip=4&keepalive=yes&beids=23886209&c=WEB&txp=6316222&n=38w1iAsMiGOFk7&sparams=expire%2Cei%2Cip%2Cid%2Caitags%2Csource%2Crequiressl%2Cvprv%2Cmime%2Cns%2Cgir%2Cclen%2Cdur%2Clmt&sig=AOq0QJ8wRAIgW6HQSlpO6KSvlhuE8UQnEcxkVfxbj1EpueEksHMXyTcCIG8XeazITH6l6Sbz6xS-_HqQkE22WHYtvsJc-E4AXlzb&lsparams=mh%2Cmm%2Cmn%2Cms%2Cmv%2Cmvi%2Cpl%2Cinitcwndbps&lsig=AG3C_xAwRQIhAL2nsa9p2tyt_877aGciKe7Uf3dAJxWx2JSDmaDfKm3pAiBlAkCkzW7ePjt59PIRP1F9Qh4uKJh0xmRfVrdLZyPM-g%3D%3D&ratebypass=yes", "player_url": null, "ext": "webm", "height": 720, "format_note": "720p", "vcodec": "vp9", "asr": null, "filesize": 5084136, "fps": 24, "tbr": 435.505, "width": 1280, "acodec": "none", "downloader_options": {"http_chunk_size": 10485760}, "format": "247 - 1280x720 (720p)", "protocol": "https", "http_headers": {"User-Agent": "Mozilla/5.0 (Windows NT 10.0; Win64; x64) AppleWebKit/537.36 (KHTML, like Gecko) Chrome/73.0.3683.38 Safari/537.36", "Accept-Charset": "ISO-8859-1,utf-8;q=0.7,*;q=0.7", "Accept": "text/html,application/xhtml+xml,application/xml;q=0.9,*/*;q=0.8", "Accept-Encoding": "gzip, deflate", "Accept-Language": "en-us,en;q=0.5"}}, {"format_id": "135", "url": "https://r7---sn-ipoxu-u2xd.googlevideo.com/videoplayback?expire=1610392394&ei=6k78X4TzMLuGs8IPstKCgAs&ip=220.129.26.102&id=o-ABZwewdgh6QFyxyUKxqfGtRt8GuJnZJbWtvuu7Qr0m9j&itag=135&aitags=133%2C134%2C135%2C136%2C137%2C160%2C242%2C243%2C244%2C247%2C248%2C278&source=youtube&requiressl=yes&mh=9p&mm=31%2C29&mn=sn-ipoxu-u2xd%2Csn-un57en7e&ms=au%2Crdu&mv=m&mvi=7&pl=21&initcwndbps=1138750&vprv=1&mime=video%2Fmp4&ns=GswDvfTQyUtt8kIDPqLZUPYF&gir=yes&clen=6042088&dur=379.879&lmt=1602891836480148&mt=1610370516&fvip=4&keepalive=yes&beids=23886209&c=WEB&txp=6316222&n=38w1iAsMiGOFk7&sparams=expire%2Cei%2Cip%2Cid%2Caitags%2Csource%2Crequiressl%2Cvprv%2Cmime%2Cns%2Cgir%2Cclen%2Cdur%2Clmt&sig=AOq0QJ8wRAIgU7N5DQtJjeFSEqQH_g2AGHfRAZ3H0Yo7yCXlCw_PYg8CIAxdwIHHuphvOpAC9E1zvYK81cTiVVpAXQ-eVs1sx-aL&lsparams=mh%2Cmm%2Cmn%2Cms%2Cmv%2Cmvi%2Cpl%2Cinitcwndbps&lsig=AG3C_xAwRQIhAL2nsa9p2tyt_877aGciKe7Uf3dAJxWx2JSDmaDfKm3pAiBlAkCkzW7ePjt59PIRP1F9Qh4uKJh0xmRfVrdLZyPM-g%3D%3D&ratebypass=yes", "player_url": null, "ext": "mp4", "height": 480, "format_note": "480p", "vcodec": "avc1.4d401e", "asr": null, "filesize": 6042088, "fps": 24, "tbr": 658.953, "width": 854, "acodec": "none", "downloader_options": {"http_chunk_size": 10485760}, "format": "135 - 854x480 (480p)", "protocol": "https", "http_headers": {"User-Agent": "Mozilla/5.0 (Windows NT 10.0; Win64; x64) AppleWebKit/537.36 (KHTML, like Gecko) Chrome/73.0.3683.38 Safari/537.36", "Accept-Charset": "ISO-8859-1,utf-8;q=0.7,*;q=0.7", "Accept": "text/html,application/xhtml+xml,application/xml;q=0.9,*/*;q=0.8", "Accept-Encoding": "gzip, deflate", "Accept-Language": "en-us,en;q=0.5"}}, {"format_id": "248", "url": "https://r7---sn-ipoxu-u2xd.googlevideo.com/videoplayback?expire=1610392394&ei=6k78X4TzMLuGs8IPstKCgAs&ip=220.129.26.102&id=o-ABZwewdgh6QFyxyUKxqfGtRt8GuJnZJbWtvuu7Qr0m9j&itag=248&aitags=133%2C134%2C135%2C136%2C137%2C160%2C242%2C243%2C244%2C247%2C248%2C278&source=youtube&requiressl=yes&mh=9p&mm=31%2C29&mn=sn-ipoxu-u2xd%2Csn-un57en7e&ms=au%2Crdu&mv=m&mvi=7&pl=21&initcwndbps=1138750&vprv=1&mime=video%2Fwebm&ns=GswDvfTQyUtt8kIDPqLZUPYF&gir=yes&clen=6274944&dur=379.879&lmt=1602891826618772&mt=1610370516&fvip=4&keepalive=yes&beids=23886209&c=WEB&txp=6316222&n=38w1iAsMiGOFk7&sparams=expire%2Cei%2Cip%2Cid%2Caitags%2Csource%2Crequiressl%2Cvprv%2Cmime%2Cns%2Cgir%2Cclen%2Cdur%2Clmt&sig=AOq0QJ8wRQIhAK7Bcc53gzir-dZ5VGBRT4IQ0VIU8nqSOI9Ag7kpFzw3AiBgdnV4RPTR-o0_-xRdITjJYjxZqGsCIMeOOVAd4VDYGw%3D%3D&lsparams=mh%2Cmm%2Cmn%2Cms%2Cmv%2Cmvi%2Cpl%2Cinitcwndbps&lsig=AG3C_xAwRQIhAL2nsa9p2tyt_877aGciKe7Uf3dAJxWx2JSDmaDfKm3pAiBlAkCkzW7ePjt59PIRP1F9Qh4uKJh0xmRfVrdLZyPM-g%3D%3D&ratebypass=yes", "player_url": null, "ext": "webm", "height": 1080, "format_note": "1080p", "vcodec": "vp9", "asr": null, "filesize": 6274944, "fps": 24, "tbr": 770.157, "width": 1920, "acodec": "none", "downloader_options": {"http_chunk_size": 10485760}, "format": "248 - 1920x1080 (1080p)", "protocol": "https", "http_headers": {"User-Agent": "Mozilla/5.0 (Windows NT 10.0; Win64; x64) AppleWebKit/537.36 (KHTML, like Gecko) Chrome/73.0.3683.38 Safari/537.36", "Accept-Charset": "ISO-8859-1,utf-8;q=0.7,*;q=0.7", "Accept": "text/html,application/xhtml+xml,application/xml;q=0.9,*/*;q=0.8", "Accept-Encoding": "gzip, deflate", "Accept-Language": "en-us,en;q=0.5"}}, {"format_id": "136", "url": "https://r7---sn-ipoxu-u2xd.googlevideo.com/videoplayback?expire=1610392394&ei=6k78X4TzMLuGs8IPstKCgAs&ip=220.129.26.102&id=o-ABZwewdgh6QFyxyUKxqfGtRt8GuJnZJbWtvuu7Qr0m9j&itag=136&aitags=133%2C134%2C135%2C136%2C137%2C160%2C242%2C243%2C244%2C247%2C248%2C278&source=youtube&requiressl=yes&mh=9p&mm=31%2C29&mn=sn-ipoxu-u2xd%2Csn-un57en7e&ms=au%2Crdu&mv=m&mvi=7&pl=21&initcwndbps=1138750&vprv=1&mime=video%2Fmp4&ns=GswDvfTQyUtt8kIDPqLZUPYF&gir=yes&clen=9606085&dur=379.879&lmt=1602891836324325&mt=1610370516&fvip=4&keepalive=yes&beids=23886209&c=WEB&txp=6316222&n=38w1iAsMiGOFk7&sparams=expire%2Cei%2Cip%2Cid%2Caitags%2Csource%2Crequiressl%2Cvprv%2Cmime%2Cns%2Cgir%2Cclen%2Cdur%2Clmt&sig=AOq0QJ8wRAIgXhGozgBxBkaS6UEqD4xQTXze2NQwF9djbqfum97vjlACICJ-WawkTZ3NIPSxKwx-L22AQxXY5Ds3z93H3NVXccR1&lsparams=mh%2Cmm%2Cmn%2Cms%2Cmv%2Cmvi%2Cpl%2Cinitcwndbps&lsig=AG3C_xAwRQIhAL2nsa9p2tyt_877aGciKe7Uf3dAJxWx2JSDmaDfKm3pAiBlAkCkzW7ePjt59PIRP1F9Qh4uKJh0xmRfVrdLZyPM-g%3D%3D&ratebypass=yes", "player_url": null, "ext": "mp4", "height": 720, "format_note": "720p", "vcodec": "avc1.64001f", "asr": null, "filesize": 9606085, "fps": 24, "tbr": 1004.811, "width": 1280, "acodec": "none", "downloader_options": {"http_chunk_size": 10485760}, "format": "136 - 1280x720 (720p)", "protocol": "https", "http_headers": {"User-Agent": "Mozilla/5.0 (Windows NT 10.0; Win64; x64) AppleWebKit/537.36 (KHTML, like Gecko) Chrome/73.0.3683.38 Safari/537.36", "Accept-Charset": "ISO-8859-1,utf-8;q=0.7,*;q=0.7", "Accept": "text/html,application/xhtml+xml,application/xml;q=0.9,*/*;q=0.8", "Accept-Encoding": "gzip, deflate", "Accept-Language": "en-us,en;q=0.5"}}, {"format_id": "137", "url": "https://r7---sn-ipoxu-u2xd.googlevideo.com/videoplayback?expire=1610392394&ei=6k78X4TzMLuGs8IPstKCgAs&ip=220.129.26.102&id=o-ABZwewdgh6QFyxyUKxqfGtRt8GuJnZJbWtvuu7Qr0m9j&itag=137&aitags=133%2C134%2C135%2C136%2C137%2C160%2C242%2C243%2C244%2C247%2C248%2C278&source=youtube&requiressl=yes&mh=9p&mm=31%2C29&mn=sn-ipoxu-u2xd%2Csn-un57en7e&ms=au%2Crdu&mv=m&mvi=7&pl=21&initcwndbps=1138750&vprv=1&mime=video%2Fmp4&ns=GswDvfTQyUtt8kIDPqLZUPYF&gir=yes&clen=16843609&dur=379.879&lmt=1602891836323177&mt=1610370516&fvip=4&keepalive=yes&beids=23886209&c=WEB&txp=6316222&n=38w1iAsMiGOFk7&sparams=expire%2Cei%2Cip%2Cid%2Caitags%2Csource%2Crequiressl%2Cvprv%2Cmime%2Cns%2Cgir%2Cclen%2Cdur%2Clmt&sig=AOq0QJ8wRAIgfoDKfEq60RCCAOFqLudjlBAo8zG3cTpgZNEOvAX_H00CIBGdL0XInwmOmndQuRXULVkNjJo5s-W9zJGCtPAFS0fn&lsparams=mh%2Cmm%2Cmn%2Cms%2Cmv%2Cmvi%2Cpl%2Cinitcwndbps&lsig=AG3C_xAwRQIhAL2nsa9p2tyt_877aGciKe7Uf3dAJxWx2JSDmaDfKm3pAiBlAkCkzW7ePjt59PIRP1F9Qh4uKJh0xmRfVrdLZyPM-g%3D%3D&ratebypass=yes", "player_url": null, "ext": "mp4", "height": 1080, "format_note": "1080p", "vcodec": "avc1.640028", "asr": null, "filesize": 16843609, "fps": 24, "tbr": 1820.622, "width": 1920, "acodec": "none", "downloader_options": {"http_chunk_size": 10485760}, "format": "137 - 1920x1080 (1080p)", "protocol": "https", "http_headers": {"User-Agent": "Mozilla/5.0 (Windows NT 10.0; Win64; x64) AppleWebKit/537.36 (KHTML, like Gecko) Chrome/73.0.3683.38 Safari/537.36", "Accept-Charset": "ISO-8859-1,utf-8;q=0.7,*;q=0.7", "Accept": "text/html,application/xhtml+xml,application/xml;q=0.9,*/*;q=0.8", "Accept-Encoding": "gzip, deflate", "Accept-Language": "en-us,en;q=0.5"}}, {"format_id": "18", "url": "https://r7---sn-ipoxu-u2xd.googlevideo.com/videoplayback?expire=1610392394&ei=6k78X4TzMLuGs8IPstKCgAs&ip=220.129.26.102&id=o-ABZwewdgh6QFyxyUKxqfGtRt8GuJnZJbWtvuu7Qr0m9j&itag=18&source=youtube&requiressl=yes&mh=9p&mm=31%2C29&mn=sn-ipoxu-u2xd%2Csn-un57en7e&ms=au%2Crdu&mv=m&mvi=7&pl=21&initcwndbps=1138750&vprv=1&mime=video%2Fmp4&ns=MZ8aSFrO1VnNsOrzrNJ2HM8F&gir=yes&clen=7010862&ratebypass=yes&dur=379.924&lmt=1602891845346943&mt=1610370516&fvip=4&beids=23886209&c=WEB&txp=6310222&n=22-GuCNBhTuWIQ&sparams=expire%2Cei%2Cip%2Cid%2Citag%2Csource%2Crequiressl%2Cvprv%2Cmime%2Cns%2Cgir%2Cclen%2Cratebypass%2Cdur%2Clmt&sig=AOq0QJ8wRgIhAONnmoO_r-ZY12Z5X6QgAreIAznoFwCoAIK3zT5_XHObAiEA6uMVosWdp7cVkolcDjVyu6jYT55NZacHDroL98BR87c%3D&lsparams=mh%2Cmm%2Cmn%2Cms%2Cmv%2Cmvi%2Cpl%2Cinitcwndbps&lsig=AG3C_xAwRQIhAL2nsa9p2tyt_877aGciKe7Uf3dAJxWx2JSDmaDfKm3pAiBlAkCkzW7ePjt59PIRP1F9Qh4uKJh0xmRfVrdLZyPM-g%3D%3D", "player_url": null, "ext": "mp4", "width": 640, "height": 360, "acodec": "mp4a.40.2", "abr": 96, "vcodec": "avc1.42001E", "asr": 44100, "filesize": 7010862, "format_note": "360p", "fps": 24, "tbr": 147.644, "format": "18 - 640x360 (360p)", "protocol": "https", "http_headers": {"User-Agent": "Mozilla/5.0 (Windows NT 10.0; Win64; x64) AppleWebKit/537.36 (KHTML, like Gecko) Chrome/73.0.3683.38 Safari/537.36", "Accept-Charset": "ISO-8859-1,utf-8;q=0.7,*;q=0.7", "Accept": "text/html,application/xhtml+xml,application/xml;q=0.9,*/*;q=0.8", "Accept-Encoding": "gzip, deflate", "Accept-Language": "en-us,en;q=0.5"}}], "is_live": null, "start_time": null, "end_time": null, "series": null, "season_number": null, "episode_number": null, "track": null, "artist": null, "album": null, "release_date": null, "release_year": null, "extractor": "youtube", "webpage_url_basename": "watch", "extractor_key": "Youtube", "playlist": null, "playlist_index": null, "thumbnail": "https://i.ytimg.com/vi_webp/ISCVfmBvYoM/maxresdefault.webp", "display_id": "ISCVfmBvYoM", "requested_subtitles": null, "format_id": "251", "url": "https://r7---sn-ipoxu-u2xd.googlevideo.com/videoplayback?expire=1610392394&ei=6k78X4TzMLuGs8IPstKCgAs&ip=220.129.26.102&id=o-ABZwewdgh6QFyxyUKxqfGtRt8GuJnZJbWtvuu7Qr0m9j&itag=251&source=youtube&requiressl=yes&mh=9p&mm=31%2C29&mn=sn-ipoxu-u2xd%2Csn-un57en7e&ms=au%2Crdu&mv=m&mvi=7&pl=21&initcwndbps=1138750&vprv=1&mime=audio%2Fwebm&ns=GswDvfTQyUtt8kIDPqLZUPYF&gir=yes&clen=6625853&dur=379.901&lmt=1602891847260931&mt=1610370516&fvip=4&keepalive=yes&beids=23886209&c=WEB&txp=6311222&n=38w1iAsMiGOFk7&sparams=expire%2Cei%2Cip%2Cid%2Citag%2Csource%2Crequiressl%2Cvprv%2Cmime%2Cns%2Cgir%2Cclen%2Cdur%2Clmt&sig=AOq0QJ8wRQIhAN38agYtCCRsv1S_6pkF-_32F4SoZsU_8fFABJhVO86vAiBmsr0rrHqr3YaLByxOfjLVoPLziTQ6JMXS222i-SVj_Q%3D%3D&lsparams=mh%2Cmm%2Cmn%2Cms%2Cmv%2Cmvi%2Cpl%2Cinitcwndbps&lsig=AG3C_xAwRQIhAL2nsa9p2tyt_877aGciKe7Uf3dAJxWx2JSDmaDfKm3pAiBlAkCkzW7ePjt59PIRP1F9Qh4uKJh0xmRfVrdLZyPM-g%3D%3D&ratebypass=yes", "player_url": null, "ext": "webm", "format_note": "tiny", "acodec": "opus", "abr": 160, "asr": 48000, "filesize": 6625853, "fps": null, "height": null, "tbr": 161.869, "width": null, "vcodec": "none", "downloader_options": {"http_chunk_size": 10485760}, "format": "251 - audio only (tiny)", "protocol": "https", "http_headers": {"User-Agent": "Mozilla/5.0 (Windows NT 10.0; Win64; x64) AppleWebKit/537.36 (KHTML, like Gecko) Chrome/73.0.3683.38 Safari/537.36", "Accept-Charset": "ISO-8859-1,utf-8;q=0.7,*;q=0.7", "Accept": "text/html,application/xhtml+xml,application/xml;q=0.9,*/*;q=0.8", "Accept-Encoding": "gzip, deflate", "Accept-Language": "en-us,en;q=0.5"}}