{"id": "MbvPxCUMSek", "uploader": "Sigimund - Topic", "uploader_id": "UCljsJpJueZjVXmVVEojrN-Q", "uploader_url": "http://www.youtube.com/channel/UCljsJpJueZjVXmVVEojrN-Q", "channel_id": "UCljsJpJueZjVXmVVEojrN-Q", "channel_url": "http://www.youtube.com/channel/UCljsJpJueZjVXmVVEojrN-Q", "upload_date": "20170712", "license": null, "creator": "Sigimund", "title": "Emptiness", "alt_title": "Emptiness", "thumbnails": [{"url": "https://i.ytimg.com/vi/MbvPxCUMSek/hqdefault.jpg?sqp=-oaymwEbCKgBEF5IVfKriqkDDggBFQAAiEIYAXABwAEG&rs=AOn4CLCl1fE4OXwPa76lqUqeyCHQsHbKKg", "width": 168, "height": 94, "resolution": "168x94", "id": "0"}, {"url": "https://i.ytimg.com/vi/MbvPxCUMSek/hqdefault.jpg?sqp=-oaymwEbCMQBEG5IVfKriqkDDggBFQAAiEIYAXABwAEG&rs=AOn4CLB9VfMD3dMXtUAPCDm7lcx1OuxMFQ", "width": 196, "height": 110, "resolution": "196x110", "id": "1"}, {"url": "https://i.ytimg.com/vi/MbvPxCUMSek/hqdefault.jpg?sqp=-oaymwEcCPYBEIoBSFXyq4qpAw4IARUAAIhCGAFwAcABBg==&rs=AOn4CLAHBGydpzNEceUawGUtWhFJlVk9DA", "width": 246, "height": 138, "resolution": "246x138", "id": "2"}, {"url": "https://i.ytimg.com/vi/MbvPxCUMSek/hqdefault.jpg?sqp=-oaymwEcCNACELwBSFXyq4qpAw4IARUAAIhCGAFwAcABBg==&rs=AOn4CLAqNbUNB5KYXOcz9ni-dQE9HOQBiw", "width": 336, "height": 188, "resolution": "336x188", "id": "3"}, {"url": "https://i.ytimg.com/vi_webp/MbvPxCUMSek/maxresdefault.webp", "width": 1920, "height": 1080, "resolution": "1920x1080", "id": "4"}], "description": "Provided to YouTube by IIP-DDS\n\nEmptiness \u00b7 Sigimund\n\nThe Watchtower\n\n\u2117 Sigimund\n\nReleased on: 2017-07-12\n\nArtist: Sigimund\n\nAuto-generated by YouTube.", "categories": ["Music"], "tags": ["Sigimund", "The", "Watchtower", "Emptiness"], "subtitles": {}, "automatic_captions": {}, "duration": 130, "age_limit": 0, "annotations": null, "chapters": null, "webpage_url": "https://www.youtube.com/watch?v=MbvPxCUMSek", "view_count": 25335, "like_count": 237, "dislike_count": 9, "average_rating": 4.8536587, "formats": [{"format_id": "249", "url": "https://r2---sn-5njj-u2xe.googlevideo.com/videoplayback?expire=1613562108&ei=nKwsYJ-kHIiBs8IPyuy5yA0&ip=140.109.134.235&id=o-AMZNJ8vPSsGch1FeI60-Fijl-eG8unoFgYo5UIdkFMq2&itag=249&source=youtube&requiressl=yes&mh=Al&mm=31%2C29&mn=sn-5njj-u2xe%2Csn-un57en7e&ms=au%2Crdu&mv=m&mvi=2&pl=16&gcr=tw&initcwndbps=515000&vprv=1&mime=audio%2Fwebm&ns=4FTfFJRvHC0-8dcQCCTulosF&gir=yes&clen=991546&dur=130.101&lmt=1518148808304278&mt=1613540193&fvip=2&keepalive=yes&c=WEB&n=6ihrz9RRuOzcntMJ9&sparams=expire%2Cei%2Cip%2Cid%2Citag%2Csource%2Crequiressl%2Cgcr%2Cvprv%2Cmime%2Cns%2Cgir%2Cclen%2Cdur%2Clmt&lsparams=mh%2Cmm%2Cmn%2Cms%2Cmv%2Cmvi%2Cpl%2Cinitcwndbps&lsig=AG3C_xAwRgIhAMzJbUlUEzs_PJH7CMQIKgsfzcztpaazH0_-b7g7PAqIAiEA7ZbPt7io19KJ64uUYGZHxwER9O-brG28iCfBD7Juwoc%3D&sig=AOq0QJ8wRgIhAM_vvC0M9V7wRSx8SE3EURPAld1j3h3IXdH_1wbH0GuHAiEAukELZFUv9GQEX8wD2uTzzyFx-y9B0xciSxdhHv4qoA8=&ratebypass=yes", "player_url": "/s/player/6eebf7aa/player_ias.vflset/en_US/base.js", "ext": "webm", "format_note": "tiny", "acodec": "opus", "abr": 50, "asr": 48000, "filesize": 991546, "fps": null, "height": null, "tbr": 65.596, "width": null, "vcodec": "none", "downloader_options": {"http_chunk_size": 10485760}, "format": "249 - audio only (tiny)", "protocol": "https", "http_headers": {"User-Agent": "Mozilla/5.0 (Windows NT 10.0; Win64; x64) AppleWebKit/537.36 (KHTML, like Gecko) Chrome/75.0.3731.3 Safari/537.36", "Accept-Charset": "ISO-8859-1,utf-8;q=0.7,*;q=0.7", "Accept": "text/html,application/xhtml+xml,application/xml;q=0.9,*/*;q=0.8", "Accept-Encoding": "gzip, deflate", "Accept-Language": "en-us,en;q=0.5"}}, {"format_id": "250", "url": "https://r2---sn-5njj-u2xe.googlevideo.com/videoplayback?expire=1613562108&ei=nKwsYJ-kHIiBs8IPyuy5yA0&ip=140.109.134.235&id=o-AMZNJ8vPSsGch1FeI60-Fijl-eG8unoFgYo5UIdkFMq2&itag=250&source=youtube&requiressl=yes&mh=Al&mm=31%2C29&mn=sn-5njj-u2xe%2Csn-un57en7e&ms=au%2Crdu&mv=m&mvi=2&pl=16&gcr=tw&initcwndbps=515000&vprv=1&mime=audio%2Fwebm&ns=4FTfFJRvHC0-8dcQCCTulosF&gir=yes&clen=1331559&dur=130.101&lmt=1518148815744060&mt=1613540193&fvip=2&keepalive=yes&c=WEB&n=6ihrz9RRuOzcntMJ9&sparams=expire%2Cei%2Cip%2Cid%2Citag%2Csource%2Crequiressl%2Cgcr%2Cvprv%2Cmime%2Cns%2Cgir%2Cclen%2Cdur%2Clmt&lsparams=mh%2Cmm%2Cmn%2Cms%2Cmv%2Cmvi%2Cpl%2Cinitcwndbps&lsig=AG3C_xAwRQIgAnSwbwj6L6H4SlrW5uCUndI3JAV9maKXWRyyy6mRQg4CIQDZ-oq9XFqu0srk8_aq2XRx_EBU3Ufdb_3pIKQSaFlIhA%3D%3D&sig=AOq0QJ8wRgIhAJ5enRy4uxNH2QXhvVwo_784tnecxgxGy9v5xdBECMkAAiEA2FdqfderLM3B9TO7B0pY0_nZmcF2bJvqYeOfoYsMgeg=&ratebypass=yes", "player_url": "/s/player/6eebf7aa/player_ias.vflset/en_US/base.js", "ext": "webm", "format_note": "tiny", "acodec": "opus", "abr": 70, "asr": 48000, "filesize": 1331559, "fps": null, "height": null, "tbr": 87.106, "width": null, "vcodec": "none", "downloader_options": {"http_chunk_size": 10485760}, "format": "250 - audio only (tiny)", "protocol": "https", "http_headers": {"User-Agent": "Mozilla/5.0 (Windows NT 10.0; Win64; x64) AppleWebKit/537.36 (KHTML, like Gecko) Chrome/75.0.3731.3 Safari/537.36", "Accept-Charset": "ISO-8859-1,utf-8;q=0.7,*;q=0.7", "Accept": "text/html,application/xhtml+xml,application/xml;q=0.9,*/*;q=0.8", "Accept-Encoding": "gzip, deflate", "Accept-Language": "en-us,en;q=0.5"}}, {"format_id": "140", "url": "https://r2---sn-5njj-u2xe.googlevideo.com/videoplayback?expire=1613562108&ei=nKwsYJ-kHIiBs8IPyuy5yA0&ip=140.109.134.235&id=o-AMZNJ8vPSsGch1FeI60-Fijl-eG8unoFgYo5UIdkFMq2&itag=140&source=youtube&requiressl=yes&mh=Al&mm=31%2C29&mn=sn-5njj-u2xe%2Csn-un57en7e&ms=au%2Crdu&mv=m&mvi=2&pl=16&gcr=tw&initcwndbps=515000&vprv=1&mime=audio%2Fmp4&ns=4FTfFJRvHC0-8dcQCCTulosF&gir=yes&clen=2067798&dur=130.147&lmt=1518145854175211&mt=1613540193&fvip=2&keepalive=yes&c=WEB&n=6ihrz9RRuOzcntMJ9&sparams=expire%2Cei%2Cip%2Cid%2Citag%2Csource%2Crequiressl%2Cgcr%2Cvprv%2Cmime%2Cns%2Cgir%2Cclen%2Cdur%2Clmt&lsparams=mh%2Cmm%2Cmn%2Cms%2Cmv%2Cmvi%2Cpl%2Cinitcwndbps&lsig=AG3C_xAwRgIhAMfM3SjKlUvmvK-Bc4jUY9du8Npgvyic0xQw-VlqCuY8AiEAsX1kuStw1FrOYoubYhtFJKfZbF5lp5fej5rP_DmgpPY%3D&sig=AOq0QJ8wRAIgLNkPUhdfg_qhAdNO_-7C8kt880zrKVhkTlY5h08wk5oCIGAvz3iA6zsqBLRZcUN4gz2asiczEzOvb3dVzRsmEbA3&ratebypass=yes", "player_url": "/s/player/6eebf7aa/player_ias.vflset/en_US/base.js", "ext": "m4a", "format_note": "tiny", "acodec": "mp4a.40.2", "abr": 128, "container": "m4a_dash", "asr": 44100, "filesize": 2067798, "fps": null, "height": null, "tbr": 127.924, "width": null, "vcodec": "none", "downloader_options": {"http_chunk_size": 10485760}, "format": "140 - audio only (tiny)", "protocol": "https", "http_headers": {"User-Agent": "Mozilla/5.0 (Windows NT 10.0; Win64; x64) AppleWebKit/537.36 (KHTML, like Gecko) Chrome/75.0.3731.3 Safari/537.36", "Accept-Charset": "ISO-8859-1,utf-8;q=0.7,*;q=0.7", "Accept": "text/html,application/xhtml+xml,application/xml;q=0.9,*/*;q=0.8", "Accept-Encoding": "gzip, deflate", "Accept-Language": "en-us,en;q=0.5"}}, {"format_id": "251", "url": "https://r2---sn-5njj-u2xe.googlevideo.com/videoplayback?expire=1613562108&ei=nKwsYJ-kHIiBs8IPyuy5yA0&ip=140.109.134.235&id=o-AMZNJ8vPSsGch1FeI60-Fijl-eG8unoFgYo5UIdkFMq2&itag=251&source=youtube&requiressl=yes&mh=Al&mm=31%2C29&mn=sn-5njj-u2xe%2Csn-un57en7e&ms=au%2Crdu&mv=m&mvi=2&pl=16&gcr=tw&initcwndbps=515000&vprv=1&mime=audio%2Fwebm&ns=4FTfFJRvHC0-8dcQCCTulosF&gir=yes&clen=2546584&dur=130.101&lmt=1518148806376263&mt=1613540193&fvip=2&keepalive=yes&c=WEB&n=6ihrz9RRuOzcntMJ9&sparams=expire%2Cei%2Cip%2Cid%2Citag%2Csource%2Crequiressl%2Cgcr%2Cvprv%2Cmime%2Cns%2Cgir%2Cclen%2Cdur%2Clmt&lsparams=mh%2Cmm%2Cmn%2Cms%2Cmv%2Cmvi%2Cpl%2Cinitcwndbps&lsig=AG3C_xAwRQIgDmHjMSiqMWW91Hd1ERR0d0oVucC1LCT40X424-8Fln0CIQD8nVDjTxAOhHPyYOP8eco9Ilv6ACWtwc29K-BGoICEHQ%3D%3D&sig=AOq0QJ8wRQIhAJpSDk1W1SoxFYvg_3X28MjSAlf4gWMAk1ol2VF5ldoJAiBnw7W89HzDvaBT0uNyPokTdRkbtFwdRKH41fl61h6vjw==&ratebypass=yes", "player_url": "/s/player/6eebf7aa/player_ias.vflset/en_US/base.js", "ext": "webm", "format_note": "tiny", "acodec": "opus", "abr": 160, "asr": 48000, "filesize": 2546584, "fps": null, "height": null, "tbr": 162.644, "width": null, "vcodec": "none", "downloader_options": {"http_chunk_size": 10485760}, "format": "251 - audio only (tiny)", "protocol": "https", "http_headers": {"User-Agent": "Mozilla/5.0 (Windows NT 10.0; Win64; x64) AppleWebKit/537.36 (KHTML, like Gecko) Chrome/75.0.3731.3 Safari/537.36", "Accept-Charset": "ISO-8859-1,utf-8;q=0.7,*;q=0.7", "Accept": "text/html,application/xhtml+xml,application/xml;q=0.9,*/*;q=0.8", "Accept-Encoding": "gzip, deflate", "Accept-Language": "en-us,en;q=0.5"}}, {"format_id": "278", "url": "https://r2---sn-5njj-u2xe.googlevideo.com/videoplayback?expire=1613562108&ei=nKwsYJ-kHIiBs8IPyuy5yA0&ip=140.109.134.235&id=o-AMZNJ8vPSsGch1FeI60-Fijl-eG8unoFgYo5UIdkFMq2&itag=278&aitags=133%2C134%2C135%2C136%2C137%2C160%2C242%2C243%2C244%2C247%2C248%2C278&source=youtube&requiressl=yes&mh=Al&mm=31%2C29&mn=sn-5njj-u2xe%2Csn-un57en7e&ms=au%2Crdu&mv=m&mvi=2&pl=16&gcr=tw&initcwndbps=515000&vprv=1&mime=video%2Fwebm&ns=4FTfFJRvHC0-8dcQCCTulosF&gir=yes&clen=218130&dur=129.999&lmt=1518148870719995&mt=1613540193&fvip=2&keepalive=yes&c=WEB&n=6ihrz9RRuOzcntMJ9&sparams=expire%2Cei%2Cip%2Cid%2Caitags%2Csource%2Crequiressl%2Cgcr%2Cvprv%2Cmime%2Cns%2Cgir%2Cclen%2Cdur%2Clmt&lsparams=mh%2Cmm%2Cmn%2Cms%2Cmv%2Cmvi%2Cpl%2Cinitcwndbps&lsig=AG3C_xAwRQIhANi7yh1ToeG74f-k9WcSP0qK5aj-hu-HPzxp3kR72Z5wAiBcg5uuzWdaqCGNSVZ1q1OymBDRTChxfljl-fnducdcHQ%3D%3D&sig=AOq0QJ8wRQIhANFCFphYS1L1tL-gUT_XB6ZuS1vLyeKm0VddnAQBxzU-AiAUhfHBU_1rRBPvtn0LnSMb0SS7fIf4rctL-LDZFUh8IA==&ratebypass=yes", "player_url": "/s/player/6eebf7aa/player_ias.vflset/en_US/base.js", "ext": "webm", "height": 144, "format_note": "144p", "container": "webm", "vcodec": "vp9", "asr": null, "filesize": 218130, "fps": 6, "tbr": 21.042, "width": 256, "acodec": "none", "downloader_options": {"http_chunk_size": 10485760}, "format": "278 - 256x144 (144p)", "protocol": "https", "http_headers": {"User-Agent": "Mozilla/5.0 (Windows NT 10.0; Win64; x64) AppleWebKit/537.36 (KHTML, like Gecko) Chrome/75.0.3731.3 Safari/537.36", "Accept-Charset": "ISO-8859-1,utf-8;q=0.7,*;q=0.7", "Accept": "text/html,application/xhtml+xml,application/xml;q=0.9,*/*;q=0.8", "Accept-Encoding": "gzip, deflate", "Accept-Language": "en-us,en;q=0.5"}}, {"format_id": "242", "url": "https://r2---sn-5njj-u2xe.googlevideo.com/videoplayback?expire=1613562108&ei=nKwsYJ-kHIiBs8IPyuy5yA0&ip=140.109.134.235&id=o-AMZNJ8vPSsGch1FeI60-Fijl-eG8unoFgYo5UIdkFMq2&itag=242&aitags=133%2C134%2C135%2C136%2C137%2C160%2C242%2C243%2C244%2C247%2C248%2C278&source=youtube&requiressl=yes&mh=Al&mm=31%2C29&mn=sn-5njj-u2xe%2Csn-un57en7e&ms=au%2Crdu&mv=m&mvi=2&pl=16&gcr=tw&initcwndbps=515000&vprv=1&mime=video%2Fwebm&ns=4FTfFJRvHC0-8dcQCCTulosF&gir=yes&clen=396734&dur=129.999&lmt=1518148870213852&mt=1613540193&fvip=2&keepalive=yes&c=WEB&n=6ihrz9RRuOzcntMJ9&sparams=expire%2Cei%2Cip%2Cid%2Caitags%2Csource%2Crequiressl%2Cgcr%2Cvprv%2Cmime%2Cns%2Cgir%2Cclen%2Cdur%2Clmt&lsparams=mh%2Cmm%2Cmn%2Cms%2Cmv%2Cmvi%2Cpl%2Cinitcwndbps&lsig=AG3C_xAwRQIgAUg5pLEJeJqv3OPwAzDqjCjx8DMpUhqBXNxXeFYNZRkCIQDxFsC3GGQKZYJFXnB5ta8dDuqvatu7uZjlHuS5aU1vcQ%3D%3D&sig=AOq0QJ8wRAIgQaMZ_wFohQfiO0LJXEvfiR2_zvjIBgMf0mOiBQnH6mkCIBJTH4mwv1Vm7QyVH8MDiDbempXXOpP4OK8LPh7ytx4G&ratebypass=yes", "player_url": "/s/player/6eebf7aa/player_ias.vflset/en_US/base.js", "ext": "webm", "height": 240, "format_note": "240p", "vcodec": "vp9", "asr": null, "filesize": 396734, "fps": 6, "tbr": 36.246, "width": 426, "acodec": "none", "downloader_options": {"http_chunk_size": 10485760}, "format": "242 - 426x240 (240p)", "protocol": "https", "http_headers": {"User-Agent": "Mozilla/5.0 (Windows NT 10.0; Win64; x64) AppleWebKit/537.36 (KHTML, like Gecko) Chrome/75.0.3731.3 Safari/537.36", "Accept-Charset": "ISO-8859-1,utf-8;q=0.7,*;q=0.7", "Accept": "text/html,application/xhtml+xml,application/xml;q=0.9,*/*;q=0.8", "Accept-Encoding": "gzip, deflate", "Accept-Language": "en-us,en;q=0.5"}}, {"format_id": "160", "url": "https://r2---sn-5njj-u2xe.googlevideo.com/videoplayback?expire=1613562108&ei=nKwsYJ-kHIiBs8IPyuy5yA0&ip=140.109.134.235&id=o-AMZNJ8vPSsGch1FeI60-Fijl-eG8unoFgYo5UIdkFMq2&itag=160&aitags=133%2C134%2C135%2C136%2C137%2C160%2C242%2C243%2C244%2C247%2C248%2C278&source=youtube&requiressl=yes&mh=Al&mm=31%2C29&mn=sn-5njj-u2xe%2Csn-un57en7e&ms=au%2Crdu&mv=m&mvi=2&pl=16&gcr=tw&initcwndbps=515000&vprv=1&mime=video%2Fmp4&ns=4FTfFJRvHC0-8dcQCCTulosF&gir=yes&clen=559718&dur=129.999&lmt=1518145813236282&mt=1613540193&fvip=2&keepalive=yes&c=WEB&n=6ihrz9RRuOzcntMJ9&sparams=expire%2Cei%2Cip%2Cid%2Caitags%2Csource%2Crequiressl%2Cgcr%2Cvprv%2Cmime%2Cns%2Cgir%2Cclen%2Cdur%2Clmt&lsparams=mh%2Cmm%2Cmn%2Cms%2Cmv%2Cmvi%2Cpl%2Cinitcwndbps&lsig=AG3C_xAwRgIhANHorCmCPCoeqfqhcAlfWoRVwJL2S5PTZIKv2RWgN701AiEA06Te82MRFkytsj2YH4d8t0OlEKyBz3O1S3L4cOvGMB0%3D&sig=AOq0QJ8wRQIhANb7e3sHJauhSh2K0UXRGRl3BQfltjO242hUy4XQ-v3RAiB_ABBj4FnanKHdAMtEoGHhYguBNADW3RWpyV5Wjg-mug==&ratebypass=yes", "player_url": "/s/player/6eebf7aa/player_ias.vflset/en_US/base.js", "ext": "mp4", "height": 144, "format_note": "144p", "vcodec": "avc1.4d400c", "asr": null, "filesize": 559718, "fps": 6, "tbr": 74.348, "width": 256, "acodec": "none", "downloader_options": {"http_chunk_size": 10485760}, "format": "160 - 256x144 (144p)", "protocol": "https", "http_headers": {"User-Agent": "Mozilla/5.0 (Windows NT 10.0; Win64; x64) AppleWebKit/537.36 (KHTML, like Gecko) Chrome/75.0.3731.3 Safari/537.36", "Accept-Charset": "ISO-8859-1,utf-8;q=0.7,*;q=0.7", "Accept": "text/html,application/xhtml+xml,application/xml;q=0.9,*/*;q=0.8", "Accept-Encoding": "gzip, deflate", "Accept-Language": "en-us,en;q=0.5"}}, {"format_id": "243", "url": "https://r2---sn-5njj-u2xe.googlevideo.com/videoplayback?expire=1613562108&ei=nKwsYJ-kHIiBs8IPyuy5yA0&ip=140.109.134.235&id=o-AMZNJ8vPSsGch1FeI60-Fijl-eG8unoFgYo5UIdkFMq2&itag=243&aitags=133%2C134%2C135%2C136%2C137%2C160%2C242%2C243%2C244%2C247%2C248%2C278&source=youtube&requiressl=yes&mh=Al&mm=31%2C29&mn=sn-5njj-u2xe%2Csn-un57en7e&ms=au%2Crdu&mv=m&mvi=2&pl=16&gcr=tw&initcwndbps=515000&vprv=1&mime=video%2Fwebm&ns=4FTfFJRvHC0-8dcQCCTulosF&gir=yes&clen=839003&dur=129.999&lmt=1518148870047323&mt=1613540193&fvip=2&keepalive=yes&c=WEB&n=6ihrz9RRuOzcntMJ9&sparams=expire%2Cei%2Cip%2Cid%2Caitags%2Csource%2Crequiressl%2Cgcr%2Cvprv%2Cmime%2Cns%2Cgir%2Cclen%2Cdur%2Clmt&lsparams=mh%2Cmm%2Cmn%2Cms%2Cmv%2Cmvi%2Cpl%2Cinitcwndbps&lsig=AG3C_xAwRQIhALGEynthLYiM1VHPnH9VxwMATguWqLWH9jK17V1lamRFAiBrbFWpJUPo_QQFChgLqtJtgYn6tlrj6gY02vjR9UUKlw%3D%3D&sig=AOq0QJ8wRQIhALk2fVCByzOpoe42ujseA3j1Rw2YTJVfA6ulrGP2yI-4AiBAepSk5aY3qEbI23h58a5RiiYIAN0XJafAW0wPdhXcLg==&ratebypass=yes", "player_url": "/s/player/6eebf7aa/player_ias.vflset/en_US/base.js", "ext": "webm", "height": 360, "format_note": "360p", "vcodec": "vp9", "asr": null, "filesize": 839003, "fps": 6, "tbr": 77.366, "width": 640, "acodec": "none", "downloader_options": {"http_chunk_size": 10485760}, "format": "243 - 640x360 (360p)", "protocol": "https", "http_headers": {"User-Agent": "Mozilla/5.0 (Windows NT 10.0; Win64; x64) AppleWebKit/537.36 (KHTML, like Gecko) Chrome/75.0.3731.3 Safari/537.36", "Accept-Charset": "ISO-8859-1,utf-8;q=0.7,*;q=0.7", "Accept": "text/html,application/xhtml+xml,application/xml;q=0.9,*/*;q=0.8", "Accept-Encoding": "gzip, deflate", "Accept-Language": "en-us,en;q=0.5"}}, {"format_id": "244", "url": "https://r2---sn-5njj-u2xe.googlevideo.com/videoplayback?expire=1613562108&ei=nKwsYJ-kHIiBs8IPyuy5yA0&ip=140.109.134.235&id=o-AMZNJ8vPSsGch1FeI60-Fijl-eG8unoFgYo5UIdkFMq2&itag=244&aitags=133%2C134%2C135%2C136%2C137%2C160%2C242%2C243%2C244%2C247%2C248%2C278&source=youtube&requiressl=yes&mh=Al&mm=31%2C29&mn=sn-5njj-u2xe%2Csn-un57en7e&ms=au%2Crdu&mv=m&mvi=2&pl=16&gcr=tw&initcwndbps=515000&vprv=1&mime=video%2Fwebm&ns=4FTfFJRvHC0-8dcQCCTulosF&gir=yes&clen=1353693&dur=129.999&lmt=1518148870410957&mt=1613540193&fvip=2&keepalive=yes&c=WEB&n=6ihrz9RRuOzcntMJ9&sparams=expire%2Cei%2Cip%2Cid%2Caitags%2Csource%2Crequiressl%2Cgcr%2Cvprv%2Cmime%2Cns%2Cgir%2Cclen%2Cdur%2Clmt&lsparams=mh%2Cmm%2Cmn%2Cms%2Cmv%2Cmvi%2Cpl%2Cinitcwndbps&lsig=AG3C_xAwRQIhAKZEG7Phq5e8tNRwYXEuTy6mfzgH7nKTkPY_zfrcCt8oAiBBO9tfpaFPSv-WgALCH3VWwGhpBZDthtp2xqtzw6sIHg%3D%3D&sig=AOq0QJ8wRQIhAMiZySiBbwoUda2v_GLhIMawjGYkA2dI1Wgw5MpuijcuAiAOBQq1EzC7v1kiGw1o2eQ9WmI58v6xpr98udp8cwadtw==&ratebypass=yes", "player_url": "/s/player/6eebf7aa/player_ias.vflset/en_US/base.js", "ext": "webm", "height": 480, "format_note": "480p", "vcodec": "vp9", "asr": null, "filesize": 1353693, "fps": 6, "tbr": 133.654, "width": 854, "acodec": "none", "downloader_options": {"http_chunk_size": 10485760}, "format": "244 - 854x480 (480p)", "protocol": "https", "http_headers": {"User-Agent": "Mozilla/5.0 (Windows NT 10.0; Win64; x64) AppleWebKit/537.36 (KHTML, like Gecko) Chrome/75.0.3731.3 Safari/537.36", "Accept-Charset": "ISO-8859-1,utf-8;q=0.7,*;q=0.7", "Accept": "text/html,application/xhtml+xml,application/xml;q=0.9,*/*;q=0.8", "Accept-Encoding": "gzip, deflate", "Accept-Language": "en-us,en;q=0.5"}}, {"format_id": "133", "url": "https://r2---sn-5njj-u2xe.googlevideo.com/videoplayback?expire=1613562108&ei=nKwsYJ-kHIiBs8IPyuy5yA0&ip=140.109.134.235&id=o-AMZNJ8vPSsGch1FeI60-Fijl-eG8unoFgYo5UIdkFMq2&itag=133&aitags=133%2C134%2C135%2C136%2C137%2C160%2C242%2C243%2C244%2C247%2C248%2C278&source=youtube&requiressl=yes&mh=Al&mm=31%2C29&mn=sn-5njj-u2xe%2Csn-un57en7e&ms=au%2Crdu&mv=m&mvi=2&pl=16&gcr=tw&initcwndbps=515000&vprv=1&mime=video%2Fmp4&ns=4FTfFJRvHC0-8dcQCCTulosF&gir=yes&clen=1309539&dur=129.999&lmt=1518145811336578&mt=1613540193&fvip=2&keepalive=yes&c=WEB&n=6ihrz9RRuOzcntMJ9&sparams=expire%2Cei%2Cip%2Cid%2Caitags%2Csource%2Crequiressl%2Cgcr%2Cvprv%2Cmime%2Cns%2Cgir%2Cclen%2Cdur%2Clmt&lsparams=mh%2Cmm%2Cmn%2Cms%2Cmv%2Cmvi%2Cpl%2Cinitcwndbps&lsig=AG3C_xAwRQIhAPdrjAtru_UQ8f6A6XGvC_fJm4paZFIodtAoEMMb7jikAiBnwufM_Kkz1vWZHUI6n-r_Gjh3B7amyBxzPANMxuxMwA%3D%3D&sig=AOq0QJ8wRQIgS_HBkrlmL7ZLBRtVK5Q9M--S6Eyp3au7QLF27i0uUWECIQCVcCLwx_ez70xByjxCgYyLUFMEJybb3knhrCMQK-nWog==&ratebypass=yes", "player_url": "/s/player/6eebf7aa/player_ias.vflset/en_US/base.js", "ext": "mp4", "height": 240, "format_note": "240p", "vcodec": "avc1.4d4015", "asr": null, "filesize": 1309539, "fps": 6, "tbr": 169.62, "width": 426, "acodec": "none", "downloader_options": {"http_chunk_size": 10485760}, "format": "133 - 426x240 (240p)", "protocol": "https", "http_headers": {"User-Agent": "Mozilla/5.0 (Windows NT 10.0; Win64; x64) AppleWebKit/537.36 (KHTML, like Gecko) Chrome/75.0.3731.3 Safari/537.36", "Accept-Charset": "ISO-8859-1,utf-8;q=0.7,*;q=0.7", "Accept": "text/html,application/xhtml+xml,application/xml;q=0.9,*/*;q=0.8", "Accept-Encoding": "gzip, deflate", "Accept-Language": "en-us,en;q=0.5"}}, {"format_id": "134", "url": "https://r2---sn-5njj-u2xe.googlevideo.com/videoplayback?expire=1613562108&ei=nKwsYJ-kHIiBs8IPyuy5yA0&ip=140.109.134.235&id=o-AMZNJ8vPSsGch1FeI60-Fijl-eG8unoFgYo5UIdkFMq2&itag=134&aitags=133%2C134%2C135%2C136%2C137%2C160%2C242%2C243%2C244%2C247%2C248%2C278&source=youtube&requiressl=yes&mh=Al&mm=31%2C29&mn=sn-5njj-u2xe%2Csn-un57en7e&ms=au%2Crdu&mv=m&mvi=2&pl=16&gcr=tw&initcwndbps=515000&vprv=1&mime=video%2Fmp4&ns=4FTfFJRvHC0-8dcQCCTulosF&gir=yes&clen=1460795&dur=129.999&lmt=1518145810852592&mt=1613540193&fvip=2&keepalive=yes&c=WEB&n=6ihrz9RRuOzcntMJ9&sparams=expire%2Cei%2Cip%2Cid%2Caitags%2Csource%2Crequiressl%2Cgcr%2Cvprv%2Cmime%2Cns%2Cgir%2Cclen%2Cdur%2Clmt&lsparams=mh%2Cmm%2Cmn%2Cms%2Cmv%2Cmvi%2Cpl%2Cinitcwndbps&lsig=AG3C_xAwRAIgTLGOIIu9wHWrx-ve6btoeztqbenNWhCl3vchjuBZ_3wCIDYdX_3Ue_M__Eh6-0y_c0VqfY99z_wyT-IGO_tR4Yw1&sig=AOq0QJ8wRAIgT52_iGjNPyxOnDgb6r7WXp_o9GdzhGPU8PEttGCv7T8CIEaWLeFB30Grli4j7-2at8LetIuyt9kXx24H9kZH8VJJ&ratebypass=yes", "player_url": "/s/player/6eebf7aa/player_ias.vflset/en_US/base.js", "ext": "mp4", "height": 360, "format_note": "360p", "vcodec": "avc1.4d4016", "asr": null, "filesize": 1460795, "fps": 6, "tbr": 170.836, "width": 640, "acodec": "none", "downloader_options": {"http_chunk_size": 10485760}, "format": "134 - 640x360 (360p)", "protocol": "https", "http_headers": {"User-Agent": "Mozilla/5.0 (Windows NT 10.0; Win64; x64) AppleWebKit/537.36 (KHTML, like Gecko) Chrome/75.0.3731.3 Safari/537.36", "Accept-Charset": "ISO-8859-1,utf-8;q=0.7,*;q=0.7", "Accept": "text/html,application/xhtml+xml,application/xml;q=0.9,*/*;q=0.8", "Accept-Encoding": "gzip, deflate", "Accept-Language": "en-us,en;q=0.5"}}, {"format_id": "247", "url": "https://r2---sn-5njj-u2xe.googlevideo.com/videoplayback?expire=1613562108&ei=nKwsYJ-kHIiBs8IPyuy5yA0&ip=140.109.134.235&id=o-AMZNJ8vPSsGch1FeI60-Fijl-eG8unoFgYo5UIdkFMq2&itag=247&aitags=133%2C134%2C135%2C136%2C137%2C160%2C242%2C243%2C244%2C247%2C248%2C278&source=youtube&requiressl=yes&mh=Al&mm=31%2C29&mn=sn-5njj-u2xe%2Csn-un57en7e&ms=au%2Crdu&mv=m&mvi=2&pl=16&gcr=tw&initcwndbps=515000&vprv=1&mime=video%2Fwebm&ns=4FTfFJRvHC0-8dcQCCTulosF&gir=yes&clen=2972300&dur=129.999&lmt=1518148870295274&mt=1613540193&fvip=2&keepalive=yes&c=WEB&n=6ihrz9RRuOzcntMJ9&sparams=expire%2Cei%2Cip%2Cid%2Caitags%2Csource%2Crequiressl%2Cgcr%2Cvprv%2Cmime%2Cns%2Cgir%2Cclen%2Cdur%2Clmt&lsparams=mh%2Cmm%2Cmn%2Cms%2Cmv%2Cmvi%2Cpl%2Cinitcwndbps&lsig=AG3C_xAwRAIgQtMsCTYJbIU3owUd4f0N6m5KpAw_gbZ4vQRgxw5yJrYCIFm3e5DYespQQxXvecKoEjh4_t3-JlQNgq00zqu2MEIh&sig=AOq0QJ8wRAIgA-R5ZfHs-Tnq9CNzR28vNtSDafC-7Ty4OxzHWRmuU1ICIBzdQyNFiMmx9I6PujD2Cy2hTB5Xz9502DiVNIxs1pv2&ratebypass=yes", "player_url": "/s/player/6eebf7aa/player_ias.vflset/en_US/base.js", "ext": "webm", "height": 720, "format_note": "720p", "vcodec": "vp9", "asr": null, "filesize": 2972300, "fps": 6, "tbr": 320.908, "width": 1280, "acodec": "none", "downloader_options": {"http_chunk_size": 10485760}, "format": "247 - 1280x720 (720p)", "protocol": "https", "http_headers": {"User-Agent": "Mozilla/5.0 (Windows NT 10.0; Win64; x64) AppleWebKit/537.36 (KHTML, like Gecko) Chrome/75.0.3731.3 Safari/537.36", "Accept-Charset": "ISO-8859-1,utf-8;q=0.7,*;q=0.7", "Accept": "text/html,application/xhtml+xml,application/xml;q=0.9,*/*;q=0.8", "Accept-Encoding": "gzip, deflate", "Accept-Language": "en-us,en;q=0.5"}}, {"format_id": "135", "url": "https://r2---sn-5njj-u2xe.googlevideo.com/videoplayback?expire=1613562108&ei=nKwsYJ-kHIiBs8IPyuy5yA0&ip=140.109.134.235&id=o-AMZNJ8vPSsGch1FeI60-Fijl-eG8unoFgYo5UIdkFMq2&itag=135&aitags=133%2C134%2C135%2C136%2C137%2C160%2C242%2C243%2C244%2C247%2C248%2C278&source=youtube&requiressl=yes&mh=Al&mm=31%2C29&mn=sn-5njj-u2xe%2Csn-un57en7e&ms=au%2Crdu&mv=m&mvi=2&pl=16&gcr=tw&initcwndbps=515000&vprv=1&mime=video%2Fmp4&ns=4FTfFJRvHC0-8dcQCCTulosF&gir=yes&clen=2931407&dur=129.999&lmt=1518145810952871&mt=1613540193&fvip=2&keepalive=yes&c=WEB&n=6ihrz9RRuOzcntMJ9&sparams=expire%2Cei%2Cip%2Cid%2Caitags%2Csource%2Crequiressl%2Cgcr%2Cvprv%2Cmime%2Cns%2Cgir%2Cclen%2Cdur%2Clmt&lsparams=mh%2Cmm%2Cmn%2Cms%2Cmv%2Cmvi%2Cpl%2Cinitcwndbps&lsig=AG3C_xAwRQIgKP7-NZHg4NRq0VbR3fxqYEykJ8SoWu-v2qdJz-tCrgICIQCrikquRoF2eEuPLLj3LH3U9ZkqMj-B4o_ic3CexcAlRg%3D%3D&sig=AOq0QJ8wRQIgU8BIuzFFELFTv4M44DrwztmO3UCVeSYc5nKruBgbemICIQCCNkUCPr8MFEIGGG2tU6Mlwby1nsHxbpy1iuIbvDaJZg==&ratebypass=yes", "player_url": "/s/player/6eebf7aa/player_ias.vflset/en_US/base.js", "ext": "mp4", "height": 480, "format_note": "480p", "vcodec": "avc1.4d4016", "asr": null, "filesize": 2931407, "fps": 6, "tbr": 334.604, "width": 854, "acodec": "none", "downloader_options": {"http_chunk_size": 10485760}, "format": "135 - 854x480 (480p)", "protocol": "https", "http_headers": {"User-Agent": "Mozilla/5.0 (Windows NT 10.0; Win64; x64) AppleWebKit/537.36 (KHTML, like Gecko) Chrome/75.0.3731.3 Safari/537.36", "Accept-Charset": "ISO-8859-1,utf-8;q=0.7,*;q=0.7", "Accept": "text/html,application/xhtml+xml,application/xml;q=0.9,*/*;q=0.8", "Accept-Encoding": "gzip, deflate", "Accept-Language": "en-us,en;q=0.5"}}, {"format_id": "136", "url": "https://r2---sn-5njj-u2xe.googlevideo.com/videoplayback?expire=1613562108&ei=nKwsYJ-kHIiBs8IPyuy5yA0&ip=140.109.134.235&id=o-AMZNJ8vPSsGch1FeI60-Fijl-eG8unoFgYo5UIdkFMq2&itag=136&aitags=133%2C134%2C135%2C136%2C137%2C160%2C242%2C243%2C244%2C247%2C248%2C278&source=youtube&requiressl=yes&mh=Al&mm=31%2C29&mn=sn-5njj-u2xe%2Csn-un57en7e&ms=au%2Crdu&mv=m&mvi=2&pl=16&gcr=tw&initcwndbps=515000&vprv=1&mime=video%2Fmp4&ns=4FTfFJRvHC0-8dcQCCTulosF&gir=yes&clen=6111078&dur=129.999&lmt=1518145811335142&mt=1613540193&fvip=2&keepalive=yes&c=WEB&n=6ihrz9RRuOzcntMJ9&sparams=expire%2Cei%2Cip%2Cid%2Caitags%2Csource%2Crequiressl%2Cgcr%2Cvprv%2Cmime%2Cns%2Cgir%2Cclen%2Cdur%2Clmt&lsparams=mh%2Cmm%2Cmn%2Cms%2Cmv%2Cmvi%2Cpl%2Cinitcwndbps&lsig=AG3C_xAwRAIgNCWhvucmt4W0W4D4QOoI5ba29jbFuinw1XQ_O_4FntcCIHcP82_r4OuZ9jD_LagAVS0n4ZVXT-u-Y7ZTwOGBWGOQ&sig=AOq0QJ8wRQIhAO0fHRW89JQdjIYNhQu4mtvQharmTx66e1oTl59QF_51AiAqo2ZEhA1afmpnqQMm_5Y55af5UxgbbG-Xl9P68AlCDw==&ratebypass=yes", "player_url": "/s/player/6eebf7aa/player_ias.vflset/en_US/base.js", "ext": "mp4", "height": 720, "format_note": "720p", "vcodec": "avc1.4d401f", "asr": null, "filesize": 6111078, "fps": 6, "tbr": 687.32, "width": 1280, "acodec": "none", "downloader_options": {"http_chunk_size": 10485760}, "format": "136 - 1280x720 (720p)", "protocol": "https", "http_headers": {"User-Agent": "Mozilla/5.0 (Windows NT 10.0; Win64; x64) AppleWebKit/537.36 (KHTML, like Gecko) Chrome/75.0.3731.3 Safari/537.36", "Accept-Charset": "ISO-8859-1,utf-8;q=0.7,*;q=0.7", "Accept": "text/html,application/xhtml+xml,application/xml;q=0.9,*/*;q=0.8", "Accept-Encoding": "gzip, deflate", "Accept-Language": "en-us,en;q=0.5"}}, {"format_id": "248", "url": "https://r2---sn-5njj-u2xe.googlevideo.com/videoplayback?expire=1613562108&ei=nKwsYJ-kHIiBs8IPyuy5yA0&ip=140.109.134.235&id=o-AMZNJ8vPSsGch1FeI60-Fijl-eG8unoFgYo5UIdkFMq2&itag=248&aitags=133%2C134%2C135%2C136%2C137%2C160%2C242%2C243%2C244%2C247%2C248%2C278&source=youtube&requiressl=yes&mh=Al&mm=31%2C29&mn=sn-5njj-u2xe%2Csn-un57en7e&ms=au%2Crdu&mv=m&mvi=2&pl=16&gcr=tw&initcwndbps=515000&vprv=1&mime=video%2Fwebm&ns=4FTfFJRvHC0-8dcQCCTulosF&gir=yes&clen=5979223&dur=129.999&lmt=1518148867573834&mt=1613540193&fvip=2&keepalive=yes&c=WEB&n=6ihrz9RRuOzcntMJ9&sparams=expire%2Cei%2Cip%2Cid%2Caitags%2Csource%2Crequiressl%2Cgcr%2Cvprv%2Cmime%2Cns%2Cgir%2Cclen%2Cdur%2Clmt&lsparams=mh%2Cmm%2Cmn%2Cms%2Cmv%2Cmvi%2Cpl%2Cinitcwndbps&lsig=AG3C_xAwRQIhAN1tqW3y94PPfvXzse-TNhFVcT80mHil6pO9HAS_QYrbAiB0A4EUqla5mLtGWQ4HLH8bKbJT9CFn6ZgPPJbRPzQxKw%3D%3D&sig=AOq0QJ8wRgIhALRmx7DttSugQlnzeLVDgf440ZY6-lh_GbWlfoslzDdgAiEAhVC4bVbXTSnLeAV72S8AVN-m5tJGKb_ZkqXIR-CDRFU=&ratebypass=yes", "player_url": "/s/player/6eebf7aa/player_ias.vflset/en_US/base.js", "ext": "webm", "height": 1080, "format_note": "1080p", "vcodec": "vp9", "asr": null, "filesize": 5979223, "fps": 6, "tbr": 722.841, "width": 1920, "acodec": "none", "downloader_options": {"http_chunk_size": 10485760}, "format": "248 - 1920x1080 (1080p)", "protocol": "https", "http_headers": {"User-Agent": "Mozilla/5.0 (Windows NT 10.0; Win64; x64) AppleWebKit/537.36 (KHTML, like Gecko) Chrome/75.0.3731.3 Safari/537.36", "Accept-Charset": "ISO-8859-1,utf-8;q=0.7,*;q=0.7", "Accept": "text/html,application/xhtml+xml,application/xml;q=0.9,*/*;q=0.8", "Accept-Encoding": "gzip, deflate", "Accept-Language": "en-us,en;q=0.5"}}, {"format_id": "137", "url": "https://r2---sn-5njj-u2xe.googlevideo.com/videoplayback?expire=1613562108&ei=nKwsYJ-kHIiBs8IPyuy5yA0&ip=140.109.134.235&id=o-AMZNJ8vPSsGch1FeI60-Fijl-eG8unoFgYo5UIdkFMq2&itag=137&aitags=133%2C134%2C135%2C136%2C137%2C160%2C242%2C243%2C244%2C247%2C248%2C278&source=youtube&requiressl=yes&mh=Al&mm=31%2C29&mn=sn-5njj-u2xe%2Csn-un57en7e&ms=au%2Crdu&mv=m&mvi=2&pl=16&gcr=tw&initcwndbps=515000&vprv=1&mime=video%2Fmp4&ns=4FTfFJRvHC0-8dcQCCTulosF&gir=yes&clen=11070736&dur=129.999&lmt=1518146129434270&mt=1613540193&fvip=2&keepalive=yes&c=WEB&n=6ihrz9RRuOzcntMJ9&sparams=expire%2Cei%2Cip%2Cid%2Caitags%2Csource%2Crequiressl%2Cgcr%2Cvprv%2Cmime%2Cns%2Cgir%2Cclen%2Cdur%2Clmt&lsparams=mh%2Cmm%2Cmn%2Cms%2Cmv%2Cmvi%2Cpl%2Cinitcwndbps&lsig=AG3C_xAwRgIhAJCsPMRy00sqqIWLF0p4hpztTh3pwGFt_8vlKb5pkBN7AiEAuc83ScbY3YniRWwGcEpJxTKubDGjfB-5TnMKzYgIdgA%3D&sig=AOq0QJ8wRQIhAPSqUdnFpuqSE1s7_SH9OziV-dKcBR84p_dvDvAFXT-zAiB3AnX9_S4AToaiMI0uIIca3hDboHq-uK3eHnDDNCAO-g==&ratebypass=yes", "player_url": "/s/player/6eebf7aa/player_ias.vflset/en_US/base.js", "ext": "mp4", "height": 1080, "format_note": "1080p", "vcodec": "avc1.640028", "asr": null, "filesize": 11070736, "fps": 6, "tbr": 1256.56, "width": 1920, "acodec": "none", "downloader_options": {"http_chunk_size": 10485760}, "format": "137 - 1920x1080 (1080p)", "protocol": "https", "http_headers": {"User-Agent": "Mozilla/5.0 (Windows NT 10.0; Win64; x64) AppleWebKit/537.36 (KHTML, like Gecko) Chrome/75.0.3731.3 Safari/537.36", "Accept-Charset": "ISO-8859-1,utf-8;q=0.7,*;q=0.7", "Accept": "text/html,application/xhtml+xml,application/xml;q=0.9,*/*;q=0.8", "Accept-Encoding": "gzip, deflate", "Accept-Language": "en-us,en;q=0.5"}}, {"format_id": "18", "url": "https://r2---sn-5njj-u2xe.googlevideo.com/videoplayback?expire=1613562108&ei=nKwsYJ-kHIiBs8IPyuy5yA0&ip=140.109.134.235&id=o-AMZNJ8vPSsGch1FeI60-Fijl-eG8unoFgYo5UIdkFMq2&itag=18&source=youtube&requiressl=yes&mh=Al&mm=31%2C29&mn=sn-5njj-u2xe%2Csn-un57en7e&ms=au%2Crdu&mv=m&mvi=2&pl=16&gcr=tw&initcwndbps=515000&vprv=1&mime=video%2Fmp4&ns=YoYe-s4btEnSNM4ZsW2OABMF&gir=yes&clen=2733566&ratebypass=yes&dur=130.147&lmt=1518145853667333&mt=1613540193&fvip=2&c=WEB&n=ru1U8Ev7gAzyn6XJQ&sparams=expire%2Cei%2Cip%2Cid%2Citag%2Csource%2Crequiressl%2Cgcr%2Cvprv%2Cmime%2Cns%2Cgir%2Cclen%2Cratebypass%2Cdur%2Clmt&lsparams=mh%2Cmm%2Cmn%2Cms%2Cmv%2Cmvi%2Cpl%2Cinitcwndbps&lsig=AG3C_xAwRQIhAMVR4_PE7tTUSWgtEeR-_BfRWbaVSYT0ZYV9MhSxGsORAiBz5yGjCdQXuvLrSC9JJ1rR9uVKG9Z5cWkicw096zScgw%3D%3D&sig=AOq0QJ8wRQIhAIbnAXNyqye4ao6gdcx4sVAn7cYKFee3uygCp9fkVMGXAiAWu-XubInUCEt6zWFQrOqkXcNIzoymKMgOCD31RamuOA==", "player_url": "/s/player/6eebf7aa/player_ias.vflset/en_US/base.js", "ext": "mp4", "width": 640, "height": 360, "acodec": "mp4a.40.2", "abr": 96, "vcodec": "avc1.42001E", "asr": 44100, "filesize": 2733566, "format_note": "360p", "fps": 6, "tbr": 168.219, "format": "18 - 640x360 (360p)", "protocol": "https", "http_headers": {"User-Agent": "Mozilla/5.0 (Windows NT 10.0; Win64; x64) AppleWebKit/537.36 (KHTML, like Gecko) Chrome/75.0.3731.3 Safari/537.36", "Accept-Charset": "ISO-8859-1,utf-8;q=0.7,*;q=0.7", "Accept": "text/html,application/xhtml+xml,application/xml;q=0.9,*/*;q=0.8", "Accept-Encoding": "gzip, deflate", "Accept-Language": "en-us,en;q=0.5"}}], "is_live": null, "start_time": null, "end_time": null, "series": null, "season_number": null, "episode_number": null, "track": "Emptiness", "artist": "Sigimund", "album": "The Watchtower", "release_date": "20170712", "release_year": 2017, "extractor": "youtube", "webpage_url_basename": "watch", "extractor_key": "Youtube", "playlist": null, "playlist_index": null, "thumbnail": "https://i.ytimg.com/vi_webp/MbvPxCUMSek/maxresdefault.webp", "display_id": "MbvPxCUMSek", "requested_subtitles": null, "format_id": "251", "url": "https://r2---sn-5njj-u2xe.googlevideo.com/videoplayback?expire=1613562108&ei=nKwsYJ-kHIiBs8IPyuy5yA0&ip=140.109.134.235&id=o-AMZNJ8vPSsGch1FeI60-Fijl-eG8unoFgYo5UIdkFMq2&itag=251&source=youtube&requiressl=yes&mh=Al&mm=31%2C29&mn=sn-5njj-u2xe%2Csn-un57en7e&ms=au%2Crdu&mv=m&mvi=2&pl=16&gcr=tw&initcwndbps=515000&vprv=1&mime=audio%2Fwebm&ns=4FTfFJRvHC0-8dcQCCTulosF&gir=yes&clen=2546584&dur=130.101&lmt=1518148806376263&mt=1613540193&fvip=2&keepalive=yes&c=WEB&n=6ihrz9RRuOzcntMJ9&sparams=expire%2Cei%2Cip%2Cid%2Citag%2Csource%2Crequiressl%2Cgcr%2Cvprv%2Cmime%2Cns%2Cgir%2Cclen%2Cdur%2Clmt&lsparams=mh%2Cmm%2Cmn%2Cms%2Cmv%2Cmvi%2Cpl%2Cinitcwndbps&lsig=AG3C_xAwRQIgDmHjMSiqMWW91Hd1ERR0d0oVucC1LCT40X424-8Fln0CIQD8nVDjTxAOhHPyYOP8eco9Ilv6ACWtwc29K-BGoICEHQ%3D%3D&sig=AOq0QJ8wRQIhAJpSDk1W1SoxFYvg_3X28MjSAlf4gWMAk1ol2VF5ldoJAiBnw7W89HzDvaBT0uNyPokTdRkbtFwdRKH41fl61h6vjw==&ratebypass=yes", "player_url": "/s/player/6eebf7aa/player_ias.vflset/en_US/base.js", "ext": "webm", "format_note": "tiny", "acodec": "opus", "abr": 160, "asr": 48000, "filesize": 2546584, "fps": null, "height": null, "tbr": 162.644, "width": null, "vcodec": "none", "downloader_options": {"http_chunk_size": 10485760}, "format": "251 - audio only (tiny)", "protocol": "https", "http_headers": {"User-Agent": "Mozilla/5.0 (Windows NT 10.0; Win64; x64) AppleWebKit/537.36 (KHTML, like Gecko) Chrome/75.0.3731.3 Safari/537.36", "Accept-Charset": "ISO-8859-1,utf-8;q=0.7,*;q=0.7", "Accept": "text/html,application/xhtml+xml,application/xml;q=0.9,*/*;q=0.8", "Accept-Encoding": "gzip, deflate", "Accept-Language": "en-us,en;q=0.5"}}