{"id": "okIQYRE_t3s", "uploader": "Jurrivh", "uploader_id": "Jurrivh", "uploader_url": "http://www.youtube.com/user/Jurrivh", "channel_id": "UCLh10hzbQJPg0Hho1VdGXwA", "channel_url": "http://www.youtube.com/channel/UCLh10hzbQJPg0Hho1VdGXwA", "upload_date": "20190113", "license": null, "creator": null, "title": "Te Extra\u00f1o - Sad Piano (La Canci\u00f3n Mas Triste Del Mundo)", "alt_title": null, "thumbnails": [{"url": "https://i.ytimg.com/vi/okIQYRE_t3s/hqdefault.jpg?sqp=-oaymwEYCKgBEF5IVfKriqkDCwgBFQAAiEIYAXAB&rs=AOn4CLDkbyAqOGJRZDmZ71RM2PwbgJbgwQ", "width": 168, "height": 94, "resolution": "168x94", "id": "0"}, {"url": "https://i.ytimg.com/vi/okIQYRE_t3s/hqdefault.jpg?sqp=-oaymwEYCMQBEG5IVfKriqkDCwgBFQAAiEIYAXAB&rs=AOn4CLB7qiXLJwY2CIRxElQYFn-UJfQ19Q", "width": 196, "height": 110, "resolution": "196x110", "id": "1"}, {"url": "https://i.ytimg.com/vi/okIQYRE_t3s/hqdefault.jpg?sqp=-oaymwEZCPYBEIoBSFXyq4qpAwsIARUAAIhCGAFwAQ==&rs=AOn4CLDoMZpd9n24QAk6vY3nuzNBRihmcg", "width": 246, "height": 138, "resolution": "246x138", "id": "2"}, {"url": "https://i.ytimg.com/vi/okIQYRE_t3s/hqdefault.jpg?sqp=-oaymwEZCNACELwBSFXyq4qpAwsIARUAAIhCGAFwAQ==&rs=AOn4CLDM9LBa7Q0eVeIdyZTC9Pr0XO3sMA", "width": 336, "height": 188, "resolution": "336x188", "id": "3"}], "description": "Sad Piano (La Canci\u00f3n Mas Triste Del Mundo) Composed by Jurrivh. \n\n\u25b6 Subscribe for more Music: http://bit.ly/SubToJurrivh\n\ud83d\udcb0 Purchase (License): https://bsta.rs/09o391\n\n\ud83d\udcdd Buy Sheet Music: https://sellfy.com/p/nTJC/\n\nSocial Media\nInstagram: https://www.instagram.com/jurrivh/\nTwitter: http://twitter.com/jurrivh\nFacebook: https://www.facebook.com/jurrivh/\n\nSubscribe for New Music every Sunday 5pm (CET)!\n#SadPiano #Jurrivh #Emotional", "categories": ["Music"], "tags": ["Sad", "La Canci\u00f3n Mas Triste Del Mundo", "Jurrivh", "Jurrivh Te Extra\u00f1o", "Piano Triste", "Sad Piano Song", "Sad Piano Instrumental", "Te Extra\u00f1o", "Melodia Triste Para Recordar", "Sad Piano", "Relaxing Piano Music", "Jurrivh Pianist", "Emotional Piano Music", "Piano Triste 2019", "Musica Triste para Llorar", "Best Piano"], "subtitles": {}, "automatic_captions": {}, "duration": 339, "age_limit": 0, "annotations": null, "chapters": null, "webpage_url": "https://www.youtube.com/watch?v=okIQYRE_t3s", "view_count": 4641088, "like_count": 82548, "dislike_count": 1670, "average_rating": 4.920682, "formats": [{"format_id": "249", "url": "https://r2---sn-ipoxu-u2xd.googlevideo.com/videoplayback?expire=1610392328&ei=p078X5m6OuK2s8IPx7KY8As&ip=220.129.26.102&id=o-AJUz9hI5SLWEHhlfzkwNQ3hp6EYzy46Ca6HiLzWzPWoi&itag=249&source=youtube&requiressl=yes&mh=jd&mm=31%2C29&mn=sn-ipoxu-u2xd%2Csn-un57sn7z&ms=au%2Crdu&mv=m&mvi=2&pcm2cms=yes&pl=21&initcwndbps=1138750&vprv=1&mime=audio%2Fwebm&ns=CRguJGhMSZzaiNP_P0xOzP4F&gir=yes&clen=2360454&dur=339.021&lmt=1588477074279012&mt=1610370516&fvip=2&keepalive=yes&c=WEB&txp=5531432&n=89EK9wMYn9DIWD&sparams=expire%2Cei%2Cip%2Cid%2Citag%2Csource%2Crequiressl%2Cvprv%2Cmime%2Cns%2Cgir%2Cclen%2Cdur%2Clmt&sig=AOq0QJ8wRQIhAOl4__jpN-cGhj8LmTBHu154T_ckn_BvVOpS5gbsRICdAiBe9Gum6PrBuB9ixT5t4z-txrZTA9d3KI853JwMd5t4bg%3D%3D&lsparams=mh%2Cmm%2Cmn%2Cms%2Cmv%2Cmvi%2Cpcm2cms%2Cpl%2Cinitcwndbps&lsig=AG3C_xAwRgIhANwqERZlJNhZqsPR6K6jnAsJwLKihJkvOzjaEml2WU_CAiEA0mHnILxye-Ez_tZmKWr4nZklwaZokHqITYMrR2JfX8c%3D&ratebypass=yes", "player_url": null, "ext": "webm", "format_note": "tiny", "acodec": "opus", "abr": 50, "asr": 48000, "filesize": 2360454, "fps": null, "height": null, "tbr": 61.711, "width": null, "vcodec": "none", "downloader_options": {"http_chunk_size": 10485760}, "format": "249 - audio only (tiny)", "protocol": "https", "http_headers": {"User-Agent": "Mozilla/5.0 (Windows NT 10.0; Win64; x64) AppleWebKit/537.36 (KHTML, like Gecko) Chrome/73.0.3683.38 Safari/537.36", "Accept-Charset": "ISO-8859-1,utf-8;q=0.7,*;q=0.7", "Accept": "text/html,application/xhtml+xml,application/xml;q=0.9,*/*;q=0.8", "Accept-Encoding": "gzip, deflate", "Accept-Language": "en-us,en;q=0.5"}}, {"format_id": "250", "url": "https://r2---sn-ipoxu-u2xd.googlevideo.com/videoplayback?expire=1610392328&ei=p078X5m6OuK2s8IPx7KY8As&ip=220.129.26.102&id=o-AJUz9hI5SLWEHhlfzkwNQ3hp6EYzy46Ca6HiLzWzPWoi&itag=250&source=youtube&requiressl=yes&mh=jd&mm=31%2C29&mn=sn-ipoxu-u2xd%2Csn-un57sn7z&ms=au%2Crdu&mv=m&mvi=2&pcm2cms=yes&pl=21&initcwndbps=1138750&vprv=1&mime=audio%2Fwebm&ns=CRguJGhMSZzaiNP_P0xOzP4F&gir=yes&clen=3111982&dur=339.021&lmt=1588477073470948&mt=1610370516&fvip=2&keepalive=yes&c=WEB&txp=5531432&n=89EK9wMYn9DIWD&sparams=expire%2Cei%2Cip%2Cid%2Citag%2Csource%2Crequiressl%2Cvprv%2Cmime%2Cns%2Cgir%2Cclen%2Cdur%2Clmt&sig=AOq0QJ8wRQIhANlzRTa28aNnylZ0Q1fau196NbZdJCfoXJQ415LS_Ac2AiB3O-AfYVTmygK-fpwjlrodY4_sFThvEV1ga44LBybdNA%3D%3D&lsparams=mh%2Cmm%2Cmn%2Cms%2Cmv%2Cmvi%2Cpcm2cms%2Cpl%2Cinitcwndbps&lsig=AG3C_xAwRgIhANwqERZlJNhZqsPR6K6jnAsJwLKihJkvOzjaEml2WU_CAiEA0mHnILxye-Ez_tZmKWr4nZklwaZokHqITYMrR2JfX8c%3D&ratebypass=yes", "player_url": null, "ext": "webm", "format_note": "tiny", "acodec": "opus", "abr": 70, "asr": 48000, "filesize": 3111982, "fps": null, "height": null, "tbr": 80.626, "width": null, "vcodec": "none", "downloader_options": {"http_chunk_size": 10485760}, "format": "250 - audio only (tiny)", "protocol": "https", "http_headers": {"User-Agent": "Mozilla/5.0 (Windows NT 10.0; Win64; x64) AppleWebKit/537.36 (KHTML, like Gecko) Chrome/73.0.3683.38 Safari/537.36", "Accept-Charset": "ISO-8859-1,utf-8;q=0.7,*;q=0.7", "Accept": "text/html,application/xhtml+xml,application/xml;q=0.9,*/*;q=0.8", "Accept-Encoding": "gzip, deflate", "Accept-Language": "en-us,en;q=0.5"}}, {"format_id": "140", "url": "https://r2---sn-ipoxu-u2xd.googlevideo.com/videoplayback?expire=1610392328&ei=p078X5m6OuK2s8IPx7KY8As&ip=220.129.26.102&id=o-AJUz9hI5SLWEHhlfzkwNQ3hp6EYzy46Ca6HiLzWzPWoi&itag=140&source=youtube&requiressl=yes&mh=jd&mm=31%2C29&mn=sn-ipoxu-u2xd%2Csn-un57sn7z&ms=au%2Crdu&mv=m&mvi=2&pcm2cms=yes&pl=21&initcwndbps=1138750&vprv=1&mime=audio%2Fmp4&ns=CRguJGhMSZzaiNP_P0xOzP4F&gir=yes&clen=5488343&dur=339.057&lmt=1588477073383114&mt=1610370516&fvip=2&keepalive=yes&c=WEB&txp=5531432&n=89EK9wMYn9DIWD&sparams=expire%2Cei%2Cip%2Cid%2Citag%2Csource%2Crequiressl%2Cvprv%2Cmime%2Cns%2Cgir%2Cclen%2Cdur%2Clmt&sig=AOq0QJ8wRQIgNp_DMQLDNASD4jAF67jqjNKrT6hIU0Jnvmd95GUkxp0CIQD4uSTQuO2TFm5DpNdx6oM6QpFVamDkTW0jsk0Cmont9A%3D%3D&lsparams=mh%2Cmm%2Cmn%2Cms%2Cmv%2Cmvi%2Cpcm2cms%2Cpl%2Cinitcwndbps&lsig=AG3C_xAwRgIhANwqERZlJNhZqsPR6K6jnAsJwLKihJkvOzjaEml2WU_CAiEA0mHnILxye-Ez_tZmKWr4nZklwaZokHqITYMrR2JfX8c%3D&ratebypass=yes", "player_url": null, "ext": "m4a", "format_note": "tiny", "acodec": "mp4a.40.2", "abr": 128, "container": "m4a_dash", "asr": 44100, "filesize": 5488343, "fps": null, "height": null, "tbr": 130.676, "width": null, "vcodec": "none", "downloader_options": {"http_chunk_size": 10485760}, "format": "140 - audio only (tiny)", "protocol": "https", "http_headers": {"User-Agent": "Mozilla/5.0 (Windows NT 10.0; Win64; x64) AppleWebKit/537.36 (KHTML, like Gecko) Chrome/73.0.3683.38 Safari/537.36", "Accept-Charset": "ISO-8859-1,utf-8;q=0.7,*;q=0.7", "Accept": "text/html,application/xhtml+xml,application/xml;q=0.9,*/*;q=0.8", "Accept-Encoding": "gzip, deflate", "Accept-Language": "en-us,en;q=0.5"}}, {"format_id": "251", "url": "https://r2---sn-ipoxu-u2xd.googlevideo.com/videoplayback?expire=1610392328&ei=p078X5m6OuK2s8IPx7KY8As&ip=220.129.26.102&id=o-AJUz9hI5SLWEHhlfzkwNQ3hp6EYzy46Ca6HiLzWzPWoi&itag=251&source=youtube&requiressl=yes&mh=jd&mm=31%2C29&mn=sn-ipoxu-u2xd%2Csn-un57sn7z&ms=au%2Crdu&mv=m&mvi=2&pcm2cms=yes&pl=21&initcwndbps=1138750&vprv=1&mime=audio%2Fwebm&ns=CRguJGhMSZzaiNP_P0xOzP4F&gir=yes&clen=6122505&dur=339.021&lmt=1588477074984464&mt=1610370516&fvip=2&keepalive=yes&c=WEB&txp=5531432&n=89EK9wMYn9DIWD&sparams=expire%2Cei%2Cip%2Cid%2Citag%2Csource%2Crequiressl%2Cvprv%2Cmime%2Cns%2Cgir%2Cclen%2Cdur%2Clmt&sig=AOq0QJ8wRQIhAP2sTv02vRRD5hdULURRDc4ARtoMuNmFx1C_PC6MEr7AAiA2R2xYhCyhZdmrXHA4E8sjH5v1u0ntidLqGsu7ZRNCKg%3D%3D&lsparams=mh%2Cmm%2Cmn%2Cms%2Cmv%2Cmvi%2Cpcm2cms%2Cpl%2Cinitcwndbps&lsig=AG3C_xAwRgIhANwqERZlJNhZqsPR6K6jnAsJwLKihJkvOzjaEml2WU_CAiEA0mHnILxye-Ez_tZmKWr4nZklwaZokHqITYMrR2JfX8c%3D&ratebypass=yes", "player_url": null, "ext": "webm", "format_note": "tiny", "acodec": "opus", "abr": 160, "asr": 48000, "filesize": 6122505, "fps": null, "height": null, "tbr": 155.388, "width": null, "vcodec": "none", "downloader_options": {"http_chunk_size": 10485760}, "format": "251 - audio only (tiny)", "protocol": "https", "http_headers": {"User-Agent": "Mozilla/5.0 (Windows NT 10.0; Win64; x64) AppleWebKit/537.36 (KHTML, like Gecko) Chrome/73.0.3683.38 Safari/537.36", "Accept-Charset": "ISO-8859-1,utf-8;q=0.7,*;q=0.7", "Accept": "text/html,application/xhtml+xml,application/xml;q=0.9,*/*;q=0.8", "Accept-Encoding": "gzip, deflate", "Accept-Language": "en-us,en;q=0.5"}}, {"format_id": "394", "url": "https://r2---sn-ipoxu-u2xd.googlevideo.com/videoplayback?expire=1610392328&ei=p078X5m6OuK2s8IPx7KY8As&ip=220.129.26.102&id=o-AJUz9hI5SLWEHhlfzkwNQ3hp6EYzy46Ca6HiLzWzPWoi&itag=394&aitags=133%2C134%2C135%2C136%2C137%2C160%2C242%2C243%2C244%2C247%2C248%2C278%2C394%2C395%2C396%2C397%2C398%2C399&source=youtube&requiressl=yes&mh=jd&mm=31%2C29&mn=sn-ipoxu-u2xd%2Csn-un57sn7z&ms=au%2Crdu&mv=m&mvi=2&pcm2cms=yes&pl=21&initcwndbps=1138750&vprv=1&mime=video%2Fmp4&ns=CRguJGhMSZzaiNP_P0xOzP4F&gir=yes&clen=2739063&dur=338.999&lmt=1589457157824579&mt=1610370516&fvip=2&keepalive=yes&c=WEB&txp=5531432&n=89EK9wMYn9DIWD&sparams=expire%2Cei%2Cip%2Cid%2Caitags%2Csource%2Crequiressl%2Cvprv%2Cmime%2Cns%2Cgir%2Cclen%2Cdur%2Clmt&sig=AOq0QJ8wRQIgb7wTN-aQYnzN58pj4ZiC5YwqxDu-dVPXdNwr6rCBfIYCIQDo6pnMjAuK4XXmoPzPpjGmyKScX_GUNr-cxhE29W-Tag%3D%3D&lsparams=mh%2Cmm%2Cmn%2Cms%2Cmv%2Cmvi%2Cpcm2cms%2Cpl%2Cinitcwndbps&lsig=AG3C_xAwRgIhANwqERZlJNhZqsPR6K6jnAsJwLKihJkvOzjaEml2WU_CAiEA0mHnILxye-Ez_tZmKWr4nZklwaZokHqITYMrR2JfX8c%3D&ratebypass=yes", "player_url": null, "acodec": "none", "vcodec": "av01.0.00M.08", "asr": null, "filesize": 2739063, "format_note": "144p", "fps": 24, "height": 144, "tbr": 77.022, "width": 256, "ext": "mp4", "downloader_options": {"http_chunk_size": 10485760}, "format": "394 - 256x144 (144p)", "protocol": "https", "http_headers": {"User-Agent": "Mozilla/5.0 (Windows NT 10.0; Win64; x64) AppleWebKit/537.36 (KHTML, like Gecko) Chrome/73.0.3683.38 Safari/537.36", "Accept-Charset": "ISO-8859-1,utf-8;q=0.7,*;q=0.7", "Accept": "text/html,application/xhtml+xml,application/xml;q=0.9,*/*;q=0.8", "Accept-Encoding": "gzip, deflate", "Accept-Language": "en-us,en;q=0.5"}}, {"format_id": "160", "url": "https://r2---sn-ipoxu-u2xd.googlevideo.com/videoplayback?expire=1610392328&ei=p078X5m6OuK2s8IPx7KY8As&ip=220.129.26.102&id=o-AJUz9hI5SLWEHhlfzkwNQ3hp6EYzy46Ca6HiLzWzPWoi&itag=160&aitags=133%2C134%2C135%2C136%2C137%2C160%2C242%2C243%2C244%2C247%2C248%2C278%2C394%2C395%2C396%2C397%2C398%2C399&source=youtube&requiressl=yes&mh=jd&mm=31%2C29&mn=sn-ipoxu-u2xd%2Csn-un57sn7z&ms=au%2Crdu&mv=m&mvi=2&pcm2cms=yes&pl=21&initcwndbps=1138750&vprv=1&mime=video%2Fmp4&ns=CRguJGhMSZzaiNP_P0xOzP4F&gir=yes&clen=1859061&dur=338.999&lmt=1588477289389515&mt=1610370516&fvip=2&keepalive=yes&c=WEB&txp=5535432&n=89EK9wMYn9DIWD&sparams=expire%2Cei%2Cip%2Cid%2Caitags%2Csource%2Crequiressl%2Cvprv%2Cmime%2Cns%2Cgir%2Cclen%2Cdur%2Clmt&sig=AOq0QJ8wRgIhAP_civC98acuO_MvOwVdxDlmCmLLNxHIChpRQEG9EZnVAiEAk3DdWtfY30VgsdeYuxxBFGehXYx1qXB3ALJh4YRZJx4%3D&lsparams=mh%2Cmm%2Cmn%2Cms%2Cmv%2Cmvi%2Cpcm2cms%2Cpl%2Cinitcwndbps&lsig=AG3C_xAwRgIhANwqERZlJNhZqsPR6K6jnAsJwLKihJkvOzjaEml2WU_CAiEA0mHnILxye-Ez_tZmKWr4nZklwaZokHqITYMrR2JfX8c%3D&ratebypass=yes", "player_url": null, "ext": "mp4", "height": 144, "format_note": "144p", "vcodec": "avc1.4d400c", "asr": null, "filesize": 1859061, "fps": 24, "tbr": 89.414, "width": 256, "acodec": "none", "downloader_options": {"http_chunk_size": 10485760}, "format": "160 - 256x144 (144p)", "protocol": "https", "http_headers": {"User-Agent": "Mozilla/5.0 (Windows NT 10.0; Win64; x64) AppleWebKit/537.36 (KHTML, like Gecko) Chrome/73.0.3683.38 Safari/537.36", "Accept-Charset": "ISO-8859-1,utf-8;q=0.7,*;q=0.7", "Accept": "text/html,application/xhtml+xml,application/xml;q=0.9,*/*;q=0.8", "Accept-Encoding": "gzip, deflate", "Accept-Language": "en-us,en;q=0.5"}}, {"format_id": "278", "url": "https://r2---sn-ipoxu-u2xd.googlevideo.com/videoplayback?expire=1610392328&ei=p078X5m6OuK2s8IPx7KY8As&ip=220.129.26.102&id=o-AJUz9hI5SLWEHhlfzkwNQ3hp6EYzy46Ca6HiLzWzPWoi&itag=278&aitags=133%2C134%2C135%2C136%2C137%2C160%2C242%2C243%2C244%2C247%2C248%2C278%2C394%2C395%2C396%2C397%2C398%2C399&source=youtube&requiressl=yes&mh=jd&mm=31%2C29&mn=sn-ipoxu-u2xd%2Csn-un57sn7z&ms=au%2Crdu&mv=m&mvi=2&pcm2cms=yes&pl=21&initcwndbps=1138750&vprv=1&mime=video%2Fwebm&ns=CRguJGhMSZzaiNP_P0xOzP4F&gir=yes&clen=3115222&dur=338.999&lmt=1588477746294344&mt=1610370516&fvip=2&keepalive=yes&c=WEB&txp=5535432&n=89EK9wMYn9DIWD&sparams=expire%2Cei%2Cip%2Cid%2Caitags%2Csource%2Crequiressl%2Cvprv%2Cmime%2Cns%2Cgir%2Cclen%2Cdur%2Clmt&sig=AOq0QJ8wRAIgT_JvxJJxAwXm_XJlYuZ3MbNCC-50hzFGXwD-d7YS71wCIFumPCYijjW0rvURSu4S_DYONs96Lcw_pDwwIQZZCl5C&lsparams=mh%2Cmm%2Cmn%2Cms%2Cmv%2Cmvi%2Cpcm2cms%2Cpl%2Cinitcwndbps&lsig=AG3C_xAwRgIhANwqERZlJNhZqsPR6K6jnAsJwLKihJkvOzjaEml2WU_CAiEA0mHnILxye-Ez_tZmKWr4nZklwaZokHqITYMrR2JfX8c%3D&ratebypass=yes", "player_url": null, "ext": "webm", "height": 144, "format_note": "144p", "container": "webm", "vcodec": "vp9", "asr": null, "filesize": 3115222, "fps": 24, "tbr": 96.777, "width": 256, "acodec": "none", "downloader_options": {"http_chunk_size": 10485760}, "format": "278 - 256x144 (144p)", "protocol": "https", "http_headers": {"User-Agent": "Mozilla/5.0 (Windows NT 10.0; Win64; x64) AppleWebKit/537.36 (KHTML, like Gecko) Chrome/73.0.3683.38 Safari/537.36", "Accept-Charset": "ISO-8859-1,utf-8;q=0.7,*;q=0.7", "Accept": "text/html,application/xhtml+xml,application/xml;q=0.9,*/*;q=0.8", "Accept-Encoding": "gzip, deflate", "Accept-Language": "en-us,en;q=0.5"}}, {"format_id": "133", "url": "https://r2---sn-ipoxu-u2xd.googlevideo.com/videoplayback?expire=1610392328&ei=p078X5m6OuK2s8IPx7KY8As&ip=220.129.26.102&id=o-AJUz9hI5SLWEHhlfzkwNQ3hp6EYzy46Ca6HiLzWzPWoi&itag=133&aitags=133%2C134%2C135%2C136%2C137%2C160%2C242%2C243%2C244%2C247%2C248%2C278%2C394%2C395%2C396%2C397%2C398%2C399&source=youtube&requiressl=yes&mh=jd&mm=31%2C29&mn=sn-ipoxu-u2xd%2Csn-un57sn7z&ms=au%2Crdu&mv=m&mvi=2&pcm2cms=yes&pl=21&initcwndbps=1138750&vprv=1&mime=video%2Fmp4&ns=CRguJGhMSZzaiNP_P0xOzP4F&gir=yes&clen=3395940&dur=338.999&lmt=1588477289388897&mt=1610370516&fvip=2&keepalive=yes&c=WEB&txp=5535432&n=89EK9wMYn9DIWD&sparams=expire%2Cei%2Cip%2Cid%2Caitags%2Csource%2Crequiressl%2Cvprv%2Cmime%2Cns%2Cgir%2Cclen%2Cdur%2Clmt&sig=AOq0QJ8wRgIhANRh0zJkZ4YJkCouqF07XZRkh8da51Kjws0oxncDh94JAiEArzx-fHkU093mP8GNR3_r45h7ugjJA894-RUSgy3RK3M%3D&lsparams=mh%2Cmm%2Cmn%2Cms%2Cmv%2Cmvi%2Cpcm2cms%2Cpl%2Cinitcwndbps&lsig=AG3C_xAwRgIhANwqERZlJNhZqsPR6K6jnAsJwLKihJkvOzjaEml2WU_CAiEA0mHnILxye-Ez_tZmKWr4nZklwaZokHqITYMrR2JfX8c%3D&ratebypass=yes", "player_url": null, "ext": "mp4", "height": 240, "format_note": "240p", "vcodec": "avc1.4d4015", "asr": null, "filesize": 3395940, "fps": 24, "tbr": 143.701, "width": 426, "acodec": "none", "downloader_options": {"http_chunk_size": 10485760}, "format": "133 - 426x240 (240p)", "protocol": "https", "http_headers": {"User-Agent": "Mozilla/5.0 (Windows NT 10.0; Win64; x64) AppleWebKit/537.36 (KHTML, like Gecko) Chrome/73.0.3683.38 Safari/537.36", "Accept-Charset": "ISO-8859-1,utf-8;q=0.7,*;q=0.7", "Accept": "text/html,application/xhtml+xml,application/xml;q=0.9,*/*;q=0.8", "Accept-Encoding": "gzip, deflate", "Accept-Language": "en-us,en;q=0.5"}}, {"format_id": "395", "url": "https://r2---sn-ipoxu-u2xd.googlevideo.com/videoplayback?expire=1610392328&ei=p078X5m6OuK2s8IPx7KY8As&ip=220.129.26.102&id=o-AJUz9hI5SLWEHhlfzkwNQ3hp6EYzy46Ca6HiLzWzPWoi&itag=395&aitags=133%2C134%2C135%2C136%2C137%2C160%2C242%2C243%2C244%2C247%2C248%2C278%2C394%2C395%2C396%2C397%2C398%2C399&source=youtube&requiressl=yes&mh=jd&mm=31%2C29&mn=sn-ipoxu-u2xd%2Csn-un57sn7z&ms=au%2Crdu&mv=m&mvi=2&pcm2cms=yes&pl=21&initcwndbps=1138750&vprv=1&mime=video%2Fmp4&ns=CRguJGhMSZzaiNP_P0xOzP4F&gir=yes&clen=3808235&dur=338.999&lmt=1589457404309451&mt=1610370516&fvip=2&keepalive=yes&c=WEB&txp=5531432&n=89EK9wMYn9DIWD&sparams=expire%2Cei%2Cip%2Cid%2Caitags%2Csource%2Crequiressl%2Cvprv%2Cmime%2Cns%2Cgir%2Cclen%2Cdur%2Clmt&sig=AOq0QJ8wRAIgGpM7NpVcHUTzsgCg1ZB48GadGwFp9Mr1Y5xS3CDOxmMCIDrMoX4nZUxg8TL9I2bTjn_ylSWtFJjkqy_GOYWQslaO&lsparams=mh%2Cmm%2Cmn%2Cms%2Cmv%2Cmvi%2Cpcm2cms%2Cpl%2Cinitcwndbps&lsig=AG3C_xAwRgIhANwqERZlJNhZqsPR6K6jnAsJwLKihJkvOzjaEml2WU_CAiEA0mHnILxye-Ez_tZmKWr4nZklwaZokHqITYMrR2JfX8c%3D&ratebypass=yes", "player_url": null, "acodec": "none", "vcodec": "av01.0.00M.08", "asr": null, "filesize": 3808235, "format_note": "240p", "fps": 24, "height": 240, "tbr": 154.56, "width": 426, "ext": "mp4", "downloader_options": {"http_chunk_size": 10485760}, "format": "395 - 426x240 (240p)", "protocol": "https", "http_headers": {"User-Agent": "Mozilla/5.0 (Windows NT 10.0; Win64; x64) AppleWebKit/537.36 (KHTML, like Gecko) Chrome/73.0.3683.38 Safari/537.36", "Accept-Charset": "ISO-8859-1,utf-8;q=0.7,*;q=0.7", "Accept": "text/html,application/xhtml+xml,application/xml;q=0.9,*/*;q=0.8", "Accept-Encoding": "gzip, deflate", "Accept-Language": "en-us,en;q=0.5"}}, {"format_id": "242", "url": "https://r2---sn-ipoxu-u2xd.googlevideo.com/videoplayback?expire=1610392328&ei=p078X5m6OuK2s8IPx7KY8As&ip=220.129.26.102&id=o-AJUz9hI5SLWEHhlfzkwNQ3hp6EYzy46Ca6HiLzWzPWoi&itag=242&aitags=133%2C134%2C135%2C136%2C137%2C160%2C242%2C243%2C244%2C247%2C248%2C278%2C394%2C395%2C396%2C397%2C398%2C399&source=youtube&requiressl=yes&mh=jd&mm=31%2C29&mn=sn-ipoxu-u2xd%2Csn-un57sn7z&ms=au%2Crdu&mv=m&mvi=2&pcm2cms=yes&pl=21&initcwndbps=1138750&vprv=1&mime=video%2Fwebm&ns=CRguJGhMSZzaiNP_P0xOzP4F&gir=yes&clen=3904519&dur=338.999&lmt=1588477746297781&mt=1610370516&fvip=2&keepalive=yes&c=WEB&txp=5535432&n=89EK9wMYn9DIWD&sparams=expire%2Cei%2Cip%2Cid%2Caitags%2Csource%2Crequiressl%2Cvprv%2Cmime%2Cns%2Cgir%2Cclen%2Cdur%2Clmt&sig=AOq0QJ8wRgIhAP-3tcc9P_RiFHPZAH5LkW-wOYBS_kHRmUXPu_vqO0_nAiEAjaU6cESpF8fXSq7St10IfyW5NGzVxwd4Cq-ozrXZwZQ%3D&lsparams=mh%2Cmm%2Cmn%2Cms%2Cmv%2Cmvi%2Cpcm2cms%2Cpl%2Cinitcwndbps&lsig=AG3C_xAwRgIhANwqERZlJNhZqsPR6K6jnAsJwLKihJkvOzjaEml2WU_CAiEA0mHnILxye-Ez_tZmKWr4nZklwaZokHqITYMrR2JfX8c%3D&ratebypass=yes", "player_url": null, "ext": "webm", "height": 240, "format_note": "240p", "vcodec": "vp9", "asr": null, "filesize": 3904519, "fps": 24, "tbr": 171.097, "width": 426, "acodec": "none", "downloader_options": {"http_chunk_size": 10485760}, "format": "242 - 426x240 (240p)", "protocol": "https", "http_headers": {"User-Agent": "Mozilla/5.0 (Windows NT 10.0; Win64; x64) AppleWebKit/537.36 (KHTML, like Gecko) Chrome/73.0.3683.38 Safari/537.36", "Accept-Charset": "ISO-8859-1,utf-8;q=0.7,*;q=0.7", "Accept": "text/html,application/xhtml+xml,application/xml;q=0.9,*/*;q=0.8", "Accept-Encoding": "gzip, deflate", "Accept-Language": "en-us,en;q=0.5"}}, {"format_id": "396", "url": "https://r2---sn-ipoxu-u2xd.googlevideo.com/videoplayback?expire=1610392328&ei=p078X5m6OuK2s8IPx7KY8As&ip=220.129.26.102&id=o-AJUz9hI5SLWEHhlfzkwNQ3hp6EYzy46Ca6HiLzWzPWoi&itag=396&aitags=133%2C134%2C135%2C136%2C137%2C160%2C242%2C243%2C244%2C247%2C248%2C278%2C394%2C395%2C396%2C397%2C398%2C399&source=youtube&requiressl=yes&mh=jd&mm=31%2C29&mn=sn-ipoxu-u2xd%2Csn-un57sn7z&ms=au%2Crdu&mv=m&mvi=2&pcm2cms=yes&pl=21&initcwndbps=1138750&vprv=1&mime=video%2Fmp4&ns=CRguJGhMSZzaiNP_P0xOzP4F&gir=yes&clen=6818714&dur=338.999&lmt=1589457584571113&mt=1610370516&fvip=2&keepalive=yes&c=WEB&txp=5531432&n=89EK9wMYn9DIWD&sparams=expire%2Cei%2Cip%2Cid%2Caitags%2Csource%2Crequiressl%2Cvprv%2Cmime%2Cns%2Cgir%2Cclen%2Cdur%2Clmt&sig=AOq0QJ8wRQIgL73UzjUGlCTIEA73lFN_X1Tz5UVHr0zOUr6NQ1kqUZMCIQDspCE2CV6SDVrd0NX_vdtF-WJ8UFNJHGmdZqchjtRGeA%3D%3D&lsparams=mh%2Cmm%2Cmn%2Cms%2Cmv%2Cmvi%2Cpcm2cms%2Cpl%2Cinitcwndbps&lsig=AG3C_xAwRgIhANwqERZlJNhZqsPR6K6jnAsJwLKihJkvOzjaEml2WU_CAiEA0mHnILxye-Ez_tZmKWr4nZklwaZokHqITYMrR2JfX8c%3D&ratebypass=yes", "player_url": null, "acodec": "none", "vcodec": "av01.0.01M.08", "asr": null, "filesize": 6818714, "format_note": "360p", "fps": 24, "height": 360, "tbr": 307.801, "width": 640, "ext": "mp4", "downloader_options": {"http_chunk_size": 10485760}, "format": "396 - 640x360 (360p)", "protocol": "https", "http_headers": {"User-Agent": "Mozilla/5.0 (Windows NT 10.0; Win64; x64) AppleWebKit/537.36 (KHTML, like Gecko) Chrome/73.0.3683.38 Safari/537.36", "Accept-Charset": "ISO-8859-1,utf-8;q=0.7,*;q=0.7", "Accept": "text/html,application/xhtml+xml,application/xml;q=0.9,*/*;q=0.8", "Accept-Encoding": "gzip, deflate", "Accept-Language": "en-us,en;q=0.5"}}, {"format_id": "243", "url": "https://r2---sn-ipoxu-u2xd.googlevideo.com/videoplayback?expire=1610392328&ei=p078X5m6OuK2s8IPx7KY8As&ip=220.129.26.102&id=o-AJUz9hI5SLWEHhlfzkwNQ3hp6EYzy46Ca6HiLzWzPWoi&itag=243&aitags=133%2C134%2C135%2C136%2C137%2C160%2C242%2C243%2C244%2C247%2C248%2C278%2C394%2C395%2C396%2C397%2C398%2C399&source=youtube&requiressl=yes&mh=jd&mm=31%2C29&mn=sn-ipoxu-u2xd%2Csn-un57sn7z&ms=au%2Crdu&mv=m&mvi=2&pcm2cms=yes&pl=21&initcwndbps=1138750&vprv=1&mime=video%2Fwebm&ns=CRguJGhMSZzaiNP_P0xOzP4F&gir=yes&clen=6559426&dur=338.999&lmt=1588477746293090&mt=1610370516&fvip=2&keepalive=yes&c=WEB&txp=5535432&n=89EK9wMYn9DIWD&sparams=expire%2Cei%2Cip%2Cid%2Caitags%2Csource%2Crequiressl%2Cvprv%2Cmime%2Cns%2Cgir%2Cclen%2Cdur%2Clmt&sig=AOq0QJ8wRAIgfR_RJykF_YE0kIi_CaoRQjSYr9EilESqHmNZIhaP1N8CIEmLZZK95PCd3qnTvI2qu-3WDfKJQ3vCS9fPZ2PIc5fn&lsparams=mh%2Cmm%2Cmn%2Cms%2Cmv%2Cmvi%2Cpcm2cms%2Cpl%2Cinitcwndbps&lsig=AG3C_xAwRgIhANwqERZlJNhZqsPR6K6jnAsJwLKihJkvOzjaEml2WU_CAiEA0mHnILxye-Ez_tZmKWr4nZklwaZokHqITYMrR2JfX8c%3D&ratebypass=yes", "player_url": null, "ext": "webm", "height": 360, "format_note": "360p", "vcodec": "vp9", "asr": null, "filesize": 6559426, "fps": 24, "tbr": 317.608, "width": 640, "acodec": "none", "downloader_options": {"http_chunk_size": 10485760}, "format": "243 - 640x360 (360p)", "protocol": "https", "http_headers": {"User-Agent": "Mozilla/5.0 (Windows NT 10.0; Win64; x64) AppleWebKit/537.36 (KHTML, like Gecko) Chrome/73.0.3683.38 Safari/537.36", "Accept-Charset": "ISO-8859-1,utf-8;q=0.7,*;q=0.7", "Accept": "text/html,application/xhtml+xml,application/xml;q=0.9,*/*;q=0.8", "Accept-Encoding": "gzip, deflate", "Accept-Language": "en-us,en;q=0.5"}}, {"format_id": "134", "url": "https://r2---sn-ipoxu-u2xd.googlevideo.com/videoplayback?expire=1610392328&ei=p078X5m6OuK2s8IPx7KY8As&ip=220.129.26.102&id=o-AJUz9hI5SLWEHhlfzkwNQ3hp6EYzy46Ca6HiLzWzPWoi&itag=134&aitags=133%2C134%2C135%2C136%2C137%2C160%2C242%2C243%2C244%2C247%2C248%2C278%2C394%2C395%2C396%2C397%2C398%2C399&source=youtube&requiressl=yes&mh=jd&mm=31%2C29&mn=sn-ipoxu-u2xd%2Csn-un57sn7z&ms=au%2Crdu&mv=m&mvi=2&pcm2cms=yes&pl=21&initcwndbps=1138750&vprv=1&mime=video%2Fmp4&ns=CRguJGhMSZzaiNP_P0xOzP4F&gir=yes&clen=5961162&dur=338.999&lmt=1588477289390037&mt=1610370516&fvip=2&keepalive=yes&c=WEB&txp=5535432&n=89EK9wMYn9DIWD&sparams=expire%2Cei%2Cip%2Cid%2Caitags%2Csource%2Crequiressl%2Cvprv%2Cmime%2Cns%2Cgir%2Cclen%2Cdur%2Clmt&sig=AOq0QJ8wRQIgPU1KBFO8ZIl6jilUOLowjp6VZp5KnVZf7IVOx6gow6ICIQCZu52N5MXBvWVGe3Nq63G9nIlzVYYFC13jzvWR2Qmy_w%3D%3D&lsparams=mh%2Cmm%2Cmn%2Cms%2Cmv%2Cmvi%2Cpcm2cms%2Cpl%2Cinitcwndbps&lsig=AG3C_xAwRgIhANwqERZlJNhZqsPR6K6jnAsJwLKihJkvOzjaEml2WU_CAiEA0mHnILxye-Ez_tZmKWr4nZklwaZokHqITYMrR2JfX8c%3D&ratebypass=yes", "player_url": null, "ext": "mp4", "height": 360, "format_note": "360p", "vcodec": "avc1.4d401e", "asr": null, "filesize": 5961162, "fps": 24, "tbr": 320.203, "width": 640, "acodec": "none", "downloader_options": {"http_chunk_size": 10485760}, "format": "134 - 640x360 (360p)", "protocol": "https", "http_headers": {"User-Agent": "Mozilla/5.0 (Windows NT 10.0; Win64; x64) AppleWebKit/537.36 (KHTML, like Gecko) Chrome/73.0.3683.38 Safari/537.36", "Accept-Charset": "ISO-8859-1,utf-8;q=0.7,*;q=0.7", "Accept": "text/html,application/xhtml+xml,application/xml;q=0.9,*/*;q=0.8", "Accept-Encoding": "gzip, deflate", "Accept-Language": "en-us,en;q=0.5"}}, {"format_id": "244", "url": "https://r2---sn-ipoxu-u2xd.googlevideo.com/videoplayback?expire=1610392328&ei=p078X5m6OuK2s8IPx7KY8As&ip=220.129.26.102&id=o-AJUz9hI5SLWEHhlfzkwNQ3hp6EYzy46Ca6HiLzWzPWoi&itag=244&aitags=133%2C134%2C135%2C136%2C137%2C160%2C242%2C243%2C244%2C247%2C248%2C278%2C394%2C395%2C396%2C397%2C398%2C399&source=youtube&requiressl=yes&mh=jd&mm=31%2C29&mn=sn-ipoxu-u2xd%2Csn-un57sn7z&ms=au%2Crdu&mv=m&mvi=2&pcm2cms=yes&pl=21&initcwndbps=1138750&vprv=1&mime=video%2Fwebm&ns=CRguJGhMSZzaiNP_P0xOzP4F&gir=yes&clen=9794630&dur=338.999&lmt=1588477746293814&mt=1610370516&fvip=2&keepalive=yes&c=WEB&txp=5535432&n=89EK9wMYn9DIWD&sparams=expire%2Cei%2Cip%2Cid%2Caitags%2Csource%2Crequiressl%2Cvprv%2Cmime%2Cns%2Cgir%2Cclen%2Cdur%2Clmt&sig=AOq0QJ8wRQIhAJvAMA83IR99XPFRQlBlFdg1wTJLN-JoCI8du8I1KEeaAiA_UHlFmw9TnBGx59OaZNFLrhYf3p9RgczJk0S8b-GV4A%3D%3D&lsparams=mh%2Cmm%2Cmn%2Cms%2Cmv%2Cmvi%2Cpcm2cms%2Cpl%2Cinitcwndbps&lsig=AG3C_xAwRgIhANwqERZlJNhZqsPR6K6jnAsJwLKihJkvOzjaEml2WU_CAiEA0mHnILxye-Ez_tZmKWr4nZklwaZokHqITYMrR2JfX8c%3D&ratebypass=yes", "player_url": null, "ext": "webm", "height": 480, "format_note": "480p", "vcodec": "vp9", "asr": null, "filesize": 9794630, "fps": 24, "tbr": 497.309, "width": 854, "acodec": "none", "downloader_options": {"http_chunk_size": 10485760}, "format": "244 - 854x480 (480p)", "protocol": "https", "http_headers": {"User-Agent": "Mozilla/5.0 (Windows NT 10.0; Win64; x64) AppleWebKit/537.36 (KHTML, like Gecko) Chrome/73.0.3683.38 Safari/537.36", "Accept-Charset": "ISO-8859-1,utf-8;q=0.7,*;q=0.7", "Accept": "text/html,application/xhtml+xml,application/xml;q=0.9,*/*;q=0.8", "Accept-Encoding": "gzip, deflate", "Accept-Language": "en-us,en;q=0.5"}}, {"format_id": "135", "url": "https://r2---sn-ipoxu-u2xd.googlevideo.com/videoplayback?expire=1610392328&ei=p078X5m6OuK2s8IPx7KY8As&ip=220.129.26.102&id=o-AJUz9hI5SLWEHhlfzkwNQ3hp6EYzy46Ca6HiLzWzPWoi&itag=135&aitags=133%2C134%2C135%2C136%2C137%2C160%2C242%2C243%2C244%2C247%2C248%2C278%2C394%2C395%2C396%2C397%2C398%2C399&source=youtube&requiressl=yes&mh=jd&mm=31%2C29&mn=sn-ipoxu-u2xd%2Csn-un57sn7z&ms=au%2Crdu&mv=m&mvi=2&pcm2cms=yes&pl=21&initcwndbps=1138750&vprv=1&mime=video%2Fmp4&ns=CRguJGhMSZzaiNP_P0xOzP4F&gir=yes&clen=9281023&dur=338.999&lmt=1588477289388455&mt=1610370516&fvip=2&keepalive=yes&c=WEB&txp=5535432&n=89EK9wMYn9DIWD&sparams=expire%2Cei%2Cip%2Cid%2Caitags%2Csource%2Crequiressl%2Cvprv%2Cmime%2Cns%2Cgir%2Cclen%2Cdur%2Clmt&sig=AOq0QJ8wRgIhAJL6tdFMHWnDBcqEm62VULEpp0cTyODGFaTP08reuAULAiEAlTSFRtj7XVv1E3bdsRUIiGA_DdYgi3LIoKo7rK25d-s%3D&lsparams=mh%2Cmm%2Cmn%2Cms%2Cmv%2Cmvi%2Cpcm2cms%2Cpl%2Cinitcwndbps&lsig=AG3C_xAwRgIhANwqERZlJNhZqsPR6K6jnAsJwLKihJkvOzjaEml2WU_CAiEA0mHnILxye-Ez_tZmKWr4nZklwaZokHqITYMrR2JfX8c%3D&ratebypass=yes", "player_url": null, "ext": "mp4", "height": 480, "format_note": "480p", "vcodec": "avc1.4d401e", "asr": null, "filesize": 9281023, "fps": 24, "tbr": 507.528, "width": 854, "acodec": "none", "downloader_options": {"http_chunk_size": 10485760}, "format": "135 - 854x480 (480p)", "protocol": "https", "http_headers": {"User-Agent": "Mozilla/5.0 (Windows NT 10.0; Win64; x64) AppleWebKit/537.36 (KHTML, like Gecko) Chrome/73.0.3683.38 Safari/537.36", "Accept-Charset": "ISO-8859-1,utf-8;q=0.7,*;q=0.7", "Accept": "text/html,application/xhtml+xml,application/xml;q=0.9,*/*;q=0.8", "Accept-Encoding": "gzip, deflate", "Accept-Language": "en-us,en;q=0.5"}}, {"format_id": "397", "url": "https://r2---sn-ipoxu-u2xd.googlevideo.com/videoplayback?expire=1610392328&ei=p078X5m6OuK2s8IPx7KY8As&ip=220.129.26.102&id=o-AJUz9hI5SLWEHhlfzkwNQ3hp6EYzy46Ca6HiLzWzPWoi&itag=397&aitags=133%2C134%2C135%2C136%2C137%2C160%2C242%2C243%2C244%2C247%2C248%2C278%2C394%2C395%2C396%2C397%2C398%2C399&source=youtube&requiressl=yes&mh=jd&mm=31%2C29&mn=sn-ipoxu-u2xd%2Csn-un57sn7z&ms=au%2Crdu&mv=m&mvi=2&pcm2cms=yes&pl=21&initcwndbps=1138750&vprv=1&mime=video%2Fmp4&ns=CRguJGhMSZzaiNP_P0xOzP4F&gir=yes&clen=11652514&dur=338.999&lmt=1589458030167985&mt=1610370516&fvip=2&keepalive=yes&c=WEB&txp=5531432&n=89EK9wMYn9DIWD&sparams=expire%2Cei%2Cip%2Cid%2Caitags%2Csource%2Crequiressl%2Cvprv%2Cmime%2Cns%2Cgir%2Cclen%2Cdur%2Clmt&sig=AOq0QJ8wRQIhAMffPWDC4NDxEKwACy5qWVy460Qm6EaRsZgTIkS_IPYlAiAvfX2uM5WCDc1IGJySqttMRtFEZtSXAZ66qLADw5ZoYg%3D%3D&lsparams=mh%2Cmm%2Cmn%2Cms%2Cmv%2Cmvi%2Cpcm2cms%2Cpl%2Cinitcwndbps&lsig=AG3C_xAwRgIhANwqERZlJNhZqsPR6K6jnAsJwLKihJkvOzjaEml2WU_CAiEA0mHnILxye-Ez_tZmKWr4nZklwaZokHqITYMrR2JfX8c%3D&ratebypass=yes", "player_url": null, "acodec": "none", "vcodec": "av01.0.04M.08", "asr": null, "filesize": 11652514, "format_note": "480p", "fps": 24, "height": 480, "tbr": 566.637, "width": 854, "ext": "mp4", "downloader_options": {"http_chunk_size": 10485760}, "format": "397 - 854x480 (480p)", "protocol": "https", "http_headers": {"User-Agent": "Mozilla/5.0 (Windows NT 10.0; Win64; x64) AppleWebKit/537.36 (KHTML, like Gecko) Chrome/73.0.3683.38 Safari/537.36", "Accept-Charset": "ISO-8859-1,utf-8;q=0.7,*;q=0.7", "Accept": "text/html,application/xhtml+xml,application/xml;q=0.9,*/*;q=0.8", "Accept-Encoding": "gzip, deflate", "Accept-Language": "en-us,en;q=0.5"}}, {"format_id": "136", "url": "https://r2---sn-ipoxu-u2xd.googlevideo.com/videoplayback?expire=1610392328&ei=p078X5m6OuK2s8IPx7KY8As&ip=220.129.26.102&id=o-AJUz9hI5SLWEHhlfzkwNQ3hp6EYzy46Ca6HiLzWzPWoi&itag=136&aitags=133%2C134%2C135%2C136%2C137%2C160%2C242%2C243%2C244%2C247%2C248%2C278%2C394%2C395%2C396%2C397%2C398%2C399&source=youtube&requiressl=yes&mh=jd&mm=31%2C29&mn=sn-ipoxu-u2xd%2Csn-un57sn7z&ms=au%2Crdu&mv=m&mvi=2&pcm2cms=yes&pl=21&initcwndbps=1138750&vprv=1&mime=video%2Fmp4&ns=CRguJGhMSZzaiNP_P0xOzP4F&gir=yes&clen=13049019&dur=338.999&lmt=1588477289387990&mt=1610370516&fvip=2&keepalive=yes&c=WEB&txp=5535432&n=89EK9wMYn9DIWD&sparams=expire%2Cei%2Cip%2Cid%2Caitags%2Csource%2Crequiressl%2Cvprv%2Cmime%2Cns%2Cgir%2Cclen%2Cdur%2Clmt&sig=AOq0QJ8wRgIhAJKjV7JMWyHOxZboqmmMHkkw4vFRYHRUumNRMOBCObalAiEAyk0ZxRD-HxlvC1QrWJ4MIuywAc8F7SI95V6iSDqOd4U%3D&lsparams=mh%2Cmm%2Cmn%2Cms%2Cmv%2Cmvi%2Cpcm2cms%2Cpl%2Cinitcwndbps&lsig=AG3C_xAwRgIhANwqERZlJNhZqsPR6K6jnAsJwLKihJkvOzjaEml2WU_CAiEA0mHnILxye-Ez_tZmKWr4nZklwaZokHqITYMrR2JfX8c%3D&ratebypass=yes", "player_url": null, "ext": "mp4", "height": 720, "format_note": "720p", "vcodec": "avc1.4d401f", "asr": null, "filesize": 13049019, "fps": 24, "tbr": 649.837, "width": 1280, "acodec": "none", "downloader_options": {"http_chunk_size": 10485760}, "format": "136 - 1280x720 (720p)", "protocol": "https", "http_headers": {"User-Agent": "Mozilla/5.0 (Windows NT 10.0; Win64; x64) AppleWebKit/537.36 (KHTML, like Gecko) Chrome/73.0.3683.38 Safari/537.36", "Accept-Charset": "ISO-8859-1,utf-8;q=0.7,*;q=0.7", "Accept": "text/html,application/xhtml+xml,application/xml;q=0.9,*/*;q=0.8", "Accept-Encoding": "gzip, deflate", "Accept-Language": "en-us,en;q=0.5"}}, {"format_id": "247", "url": "https://r2---sn-ipoxu-u2xd.googlevideo.com/videoplayback?expire=1610392328&ei=p078X5m6OuK2s8IPx7KY8As&ip=220.129.26.102&id=o-AJUz9hI5SLWEHhlfzkwNQ3hp6EYzy46Ca6HiLzWzPWoi&itag=247&aitags=133%2C134%2C135%2C136%2C137%2C160%2C242%2C243%2C244%2C247%2C248%2C278%2C394%2C395%2C396%2C397%2C398%2C399&source=youtube&requiressl=yes&mh=jd&mm=31%2C29&mn=sn-ipoxu-u2xd%2Csn-un57sn7z&ms=au%2Crdu&mv=m&mvi=2&pcm2cms=yes&pl=21&initcwndbps=1138750&vprv=1&mime=video%2Fwebm&ns=CRguJGhMSZzaiNP_P0xOzP4F&gir=yes&clen=15832085&dur=338.999&lmt=1588477746294163&mt=1610370516&fvip=2&keepalive=yes&c=WEB&txp=5535432&n=89EK9wMYn9DIWD&sparams=expire%2Cei%2Cip%2Cid%2Caitags%2Csource%2Crequiressl%2Cvprv%2Cmime%2Cns%2Cgir%2Cclen%2Cdur%2Clmt&sig=AOq0QJ8wRAIgKGMoy0mdfPl4TKLUzhv1Z2jBdiy0yuWvU7pbHX9F-28CIEtWiMWGpaNbTMxLlARXA8qIg4sqIDMVSfXSWndsOPtv&lsparams=mh%2Cmm%2Cmn%2Cms%2Cmv%2Cmvi%2Cpcm2cms%2Cpl%2Cinitcwndbps&lsig=AG3C_xAwRgIhANwqERZlJNhZqsPR6K6jnAsJwLKihJkvOzjaEml2WU_CAiEA0mHnILxye-Ez_tZmKWr4nZklwaZokHqITYMrR2JfX8c%3D&ratebypass=yes", "player_url": null, "ext": "webm", "height": 720, "format_note": "720p", "vcodec": "vp9", "asr": null, "filesize": 15832085, "fps": 24, "tbr": 837.47, "width": 1280, "acodec": "none", "downloader_options": {"http_chunk_size": 10485760}, "format": "247 - 1280x720 (720p)", "protocol": "https", "http_headers": {"User-Agent": "Mozilla/5.0 (Windows NT 10.0; Win64; x64) AppleWebKit/537.36 (KHTML, like Gecko) Chrome/73.0.3683.38 Safari/537.36", "Accept-Charset": "ISO-8859-1,utf-8;q=0.7,*;q=0.7", "Accept": "text/html,application/xhtml+xml,application/xml;q=0.9,*/*;q=0.8", "Accept-Encoding": "gzip, deflate", "Accept-Language": "en-us,en;q=0.5"}}, {"format_id": "398", "url": "https://r2---sn-ipoxu-u2xd.googlevideo.com/videoplayback?expire=1610392328&ei=p078X5m6OuK2s8IPx7KY8As&ip=220.129.26.102&id=o-AJUz9hI5SLWEHhlfzkwNQ3hp6EYzy46Ca6HiLzWzPWoi&itag=398&aitags=133%2C134%2C135%2C136%2C137%2C160%2C242%2C243%2C244%2C247%2C248%2C278%2C394%2C395%2C396%2C397%2C398%2C399&source=youtube&requiressl=yes&mh=jd&mm=31%2C29&mn=sn-ipoxu-u2xd%2Csn-un57sn7z&ms=au%2Crdu&mv=m&mvi=2&pcm2cms=yes&pl=21&initcwndbps=1138750&vprv=1&mime=video%2Fmp4&ns=CRguJGhMSZzaiNP_P0xOzP4F&gir=yes&clen=23597317&dur=338.999&lmt=1589457514650458&mt=1610370516&fvip=2&keepalive=yes&c=WEB&txp=5531432&n=89EK9wMYn9DIWD&sparams=expire%2Cei%2Cip%2Cid%2Caitags%2Csource%2Crequiressl%2Cvprv%2Cmime%2Cns%2Cgir%2Cclen%2Cdur%2Clmt&sig=AOq0QJ8wRQIhAI7soKFEwHos7wS1_xdfl44UE_airUpPA_koeevodIqBAiA3qLKKrrKBjG10J8Rg2eLfefpllVdtCnNIoqzrkjOV-A%3D%3D&lsparams=mh%2Cmm%2Cmn%2Cms%2Cmv%2Cmvi%2Cpcm2cms%2Cpl%2Cinitcwndbps&lsig=AG3C_xAwRgIhANwqERZlJNhZqsPR6K6jnAsJwLKihJkvOzjaEml2WU_CAiEA0mHnILxye-Ez_tZmKWr4nZklwaZokHqITYMrR2JfX8c%3D&ratebypass=yes", "player_url": null, "asr": null, "filesize": 23597317, "format_note": "720p", "fps": 24, "height": 720, "tbr": 1197.613, "width": 1280, "ext": "mp4", "vcodec": "av01.0.05M.08", "acodec": "none", "downloader_options": {"http_chunk_size": 10485760}, "format": "398 - 1280x720 (720p)", "protocol": "https", "http_headers": {"User-Agent": "Mozilla/5.0 (Windows NT 10.0; Win64; x64) AppleWebKit/537.36 (KHTML, like Gecko) Chrome/73.0.3683.38 Safari/537.36", "Accept-Charset": "ISO-8859-1,utf-8;q=0.7,*;q=0.7", "Accept": "text/html,application/xhtml+xml,application/xml;q=0.9,*/*;q=0.8", "Accept-Encoding": "gzip, deflate", "Accept-Language": "en-us,en;q=0.5"}}, {"format_id": "399", "url": "https://r2---sn-ipoxu-u2xd.googlevideo.com/videoplayback?expire=1610392328&ei=p078X5m6OuK2s8IPx7KY8As&ip=220.129.26.102&id=o-AJUz9hI5SLWEHhlfzkwNQ3hp6EYzy46Ca6HiLzWzPWoi&itag=399&aitags=133%2C134%2C135%2C136%2C137%2C160%2C242%2C243%2C244%2C247%2C248%2C278%2C394%2C395%2C396%2C397%2C398%2C399&source=youtube&requiressl=yes&mh=jd&mm=31%2C29&mn=sn-ipoxu-u2xd%2Csn-un57sn7z&ms=au%2Crdu&mv=m&mvi=2&pcm2cms=yes&pl=21&initcwndbps=1138750&vprv=1&mime=video%2Fmp4&ns=CRguJGhMSZzaiNP_P0xOzP4F&gir=yes&clen=41618517&dur=338.999&lmt=1589457712830686&mt=1610370516&fvip=2&keepalive=yes&c=WEB&txp=5531432&n=89EK9wMYn9DIWD&sparams=expire%2Cei%2Cip%2Cid%2Caitags%2Csource%2Crequiressl%2Cvprv%2Cmime%2Cns%2Cgir%2Cclen%2Cdur%2Clmt&sig=AOq0QJ8wRgIhAIXgbMDMASfmFpYDLPKTxaT7cB-RefrXB4E9vQjiyYVrAiEA0M-qEo3JOGOUO5gLvtMG9T9rhADhzQ1oK3C0D2Tr02w%3D&lsparams=mh%2Cmm%2Cmn%2Cms%2Cmv%2Cmvi%2Cpcm2cms%2Cpl%2Cinitcwndbps&lsig=AG3C_xAwRgIhANwqERZlJNhZqsPR6K6jnAsJwLKihJkvOzjaEml2WU_CAiEA0mHnILxye-Ez_tZmKWr4nZklwaZokHqITYMrR2JfX8c%3D&ratebypass=yes", "player_url": null, "asr": null, "filesize": 41618517, "format_note": "1080p", "fps": 24, "height": 1080, "tbr": 2068.81, "width": 1920, "ext": "mp4", "vcodec": "av01.0.08M.08", "acodec": "none", "downloader_options": {"http_chunk_size": 10485760}, "format": "399 - 1920x1080 (1080p)", "protocol": "https", "http_headers": {"User-Agent": "Mozilla/5.0 (Windows NT 10.0; Win64; x64) AppleWebKit/537.36 (KHTML, like Gecko) Chrome/73.0.3683.38 Safari/537.36", "Accept-Charset": "ISO-8859-1,utf-8;q=0.7,*;q=0.7", "Accept": "text/html,application/xhtml+xml,application/xml;q=0.9,*/*;q=0.8", "Accept-Encoding": "gzip, deflate", "Accept-Language": "en-us,en;q=0.5"}}, {"format_id": "248", "url": "https://r2---sn-ipoxu-u2xd.googlevideo.com/videoplayback?expire=1610392328&ei=p078X5m6OuK2s8IPx7KY8As&ip=220.129.26.102&id=o-AJUz9hI5SLWEHhlfzkwNQ3hp6EYzy46Ca6HiLzWzPWoi&itag=248&aitags=133%2C134%2C135%2C136%2C137%2C160%2C242%2C243%2C244%2C247%2C248%2C278%2C394%2C395%2C396%2C397%2C398%2C399&source=youtube&requiressl=yes&mh=jd&mm=31%2C29&mn=sn-ipoxu-u2xd%2Csn-un57sn7z&ms=au%2Crdu&mv=m&mvi=2&pcm2cms=yes&pl=21&initcwndbps=1138750&vprv=1&mime=video%2Fwebm&ns=CRguJGhMSZzaiNP_P0xOzP4F&gir=yes&clen=43693049&dur=338.999&lmt=1588477738407812&mt=1610370516&fvip=2&keepalive=yes&c=WEB&txp=5535432&n=89EK9wMYn9DIWD&sparams=expire%2Cei%2Cip%2Cid%2Caitags%2Csource%2Crequiressl%2Cvprv%2Cmime%2Cns%2Cgir%2Cclen%2Cdur%2Clmt&sig=AOq0QJ8wRQIhAO9zLUsWNbJnNlzmO1AhpuYwY81RC7V6bKnaQvIFYe5TAiABxzYIaR9rOVuHwsTZ__0xs2w7k9WQK7XzbWQivY6fOA%3D%3D&lsparams=mh%2Cmm%2Cmn%2Cms%2Cmv%2Cmvi%2Cpcm2cms%2Cpl%2Cinitcwndbps&lsig=AG3C_xAwRgIhANwqERZlJNhZqsPR6K6jnAsJwLKihJkvOzjaEml2WU_CAiEA0mHnILxye-Ez_tZmKWr4nZklwaZokHqITYMrR2JfX8c%3D&ratebypass=yes", "player_url": null, "ext": "webm", "height": 1080, "format_note": "1080p", "vcodec": "vp9", "asr": null, "filesize": 43693049, "fps": 24, "tbr": 2406.094, "width": 1920, "acodec": "none", "downloader_options": {"http_chunk_size": 10485760}, "format": "248 - 1920x1080 (1080p)", "protocol": "https", "http_headers": {"User-Agent": "Mozilla/5.0 (Windows NT 10.0; Win64; x64) AppleWebKit/537.36 (KHTML, like Gecko) Chrome/73.0.3683.38 Safari/537.36", "Accept-Charset": "ISO-8859-1,utf-8;q=0.7,*;q=0.7", "Accept": "text/html,application/xhtml+xml,application/xml;q=0.9,*/*;q=0.8", "Accept-Encoding": "gzip, deflate", "Accept-Language": "en-us,en;q=0.5"}}, {"format_id": "137", "url": "https://r2---sn-ipoxu-u2xd.googlevideo.com/videoplayback?expire=1610392328&ei=p078X5m6OuK2s8IPx7KY8As&ip=220.129.26.102&id=o-AJUz9hI5SLWEHhlfzkwNQ3hp6EYzy46Ca6HiLzWzPWoi&itag=137&aitags=133%2C134%2C135%2C136%2C137%2C160%2C242%2C243%2C244%2C247%2C248%2C278%2C394%2C395%2C396%2C397%2C398%2C399&source=youtube&requiressl=yes&mh=jd&mm=31%2C29&mn=sn-ipoxu-u2xd%2Csn-un57sn7z&ms=au%2Crdu&mv=m&mvi=2&pcm2cms=yes&pl=21&initcwndbps=1138750&vprv=1&mime=video%2Fmp4&ns=CRguJGhMSZzaiNP_P0xOzP4F&gir=yes&clen=46229326&dur=338.999&lmt=1588477247431038&mt=1610370516&fvip=2&keepalive=yes&c=WEB&txp=5535432&n=89EK9wMYn9DIWD&sparams=expire%2Cei%2Cip%2Cid%2Caitags%2Csource%2Crequiressl%2Cvprv%2Cmime%2Cns%2Cgir%2Cclen%2Cdur%2Clmt&sig=AOq0QJ8wRQIgVfbV9mabkX4488Ejnwq7NrK7hkUfZSus2FfMdRBZzvkCIQDu277qO_6GP3EzhqEXSsFjNNJj1QYC7DrLRGJ6ytNy9g%3D%3D&lsparams=mh%2Cmm%2Cmn%2Cms%2Cmv%2Cmvi%2Cpcm2cms%2Cpl%2Cinitcwndbps&lsig=AG3C_xAwRgIhANwqERZlJNhZqsPR6K6jnAsJwLKihJkvOzjaEml2WU_CAiEA0mHnILxye-Ez_tZmKWr4nZklwaZokHqITYMrR2JfX8c%3D&ratebypass=yes", "player_url": null, "ext": "mp4", "height": 1080, "format_note": "1080p", "vcodec": "avc1.640028", "asr": null, "filesize": 46229326, "fps": 24, "tbr": 2490.056, "width": 1920, "acodec": "none", "downloader_options": {"http_chunk_size": 10485760}, "format": "137 - 1920x1080 (1080p)", "protocol": "https", "http_headers": {"User-Agent": "Mozilla/5.0 (Windows NT 10.0; Win64; x64) AppleWebKit/537.36 (KHTML, like Gecko) Chrome/73.0.3683.38 Safari/537.36", "Accept-Charset": "ISO-8859-1,utf-8;q=0.7,*;q=0.7", "Accept": "text/html,application/xhtml+xml,application/xml;q=0.9,*/*;q=0.8", "Accept-Encoding": "gzip, deflate", "Accept-Language": "en-us,en;q=0.5"}}, {"format_id": "18", "url": "https://r2---sn-ipoxu-u2xd.googlevideo.com/videoplayback?expire=1610392328&ei=p078X5m6OuK2s8IPx7KY8As&ip=220.129.26.102&id=o-AJUz9hI5SLWEHhlfzkwNQ3hp6EYzy46Ca6HiLzWzPWoi&itag=18&source=youtube&requiressl=yes&mh=jd&mm=31%2C29&mn=sn-ipoxu-u2xd%2Csn-un57sn7z&ms=au%2Crdu&mv=m&mvi=2&pcm2cms=yes&pl=21&initcwndbps=1138750&vprv=1&mime=video%2Fmp4&ns=4FV0C7j7V-DNZNzjB0INvocF&gir=yes&clen=17769671&ratebypass=yes&dur=339.057&lmt=1588476940580710&mt=1610370516&fvip=2&c=WEB&txp=5531432&n=LGepUewHGIFZS5&sparams=expire%2Cei%2Cip%2Cid%2Citag%2Csource%2Crequiressl%2Cvprv%2Cmime%2Cns%2Cgir%2Cclen%2Cratebypass%2Cdur%2Clmt&sig=AOq0QJ8wRgIhAJdBJVMieVsS9xHvuKulxGtZx8aoVIv92J3if6jvtxh9AiEAwIjTSsTkknMuYowWP-AKCXXF0HR6dKP9wBcY0KwqT5Q%3D&lsparams=mh%2Cmm%2Cmn%2Cms%2Cmv%2Cmvi%2Cpcm2cms%2Cpl%2Cinitcwndbps&lsig=AG3C_xAwRgIhANwqERZlJNhZqsPR6K6jnAsJwLKihJkvOzjaEml2WU_CAiEA0mHnILxye-Ez_tZmKWr4nZklwaZokHqITYMrR2JfX8c%3D", "player_url": null, "ext": "mp4", "width": 640, "height": 360, "acodec": "mp4a.40.2", "abr": 96, "vcodec": "avc1.42001E", "asr": 44100, "filesize": 17769671, "format_note": "360p", "fps": 24, "tbr": 419.343, "format": "18 - 640x360 (360p)", "protocol": "https", "http_headers": {"User-Agent": "Mozilla/5.0 (Windows NT 10.0; Win64; x64) AppleWebKit/537.36 (KHTML, like Gecko) Chrome/73.0.3683.38 Safari/537.36", "Accept-Charset": "ISO-8859-1,utf-8;q=0.7,*;q=0.7", "Accept": "text/html,application/xhtml+xml,application/xml;q=0.9,*/*;q=0.8", "Accept-Encoding": "gzip, deflate", "Accept-Language": "en-us,en;q=0.5"}}], "is_live": null, "start_time": null, "end_time": null, "series": null, "season_number": null, "episode_number": null, "track": null, "artist": null, "album": null, "release_date": null, "release_year": null, "extractor": "youtube", "webpage_url_basename": "watch", "extractor_key": "Youtube", "playlist": null, "playlist_index": null, "thumbnail": "https://i.ytimg.com/vi/okIQYRE_t3s/hqdefault.jpg?sqp=-oaymwEZCNACELwBSFXyq4qpAwsIARUAAIhCGAFwAQ==&rs=AOn4CLDM9LBa7Q0eVeIdyZTC9Pr0XO3sMA", "display_id": "okIQYRE_t3s", "requested_subtitles": null, "format_id": "251", "url": "https://r2---sn-ipoxu-u2xd.googlevideo.com/videoplayback?expire=1610392328&ei=p078X5m6OuK2s8IPx7KY8As&ip=220.129.26.102&id=o-AJUz9hI5SLWEHhlfzkwNQ3hp6EYzy46Ca6HiLzWzPWoi&itag=251&source=youtube&requiressl=yes&mh=jd&mm=31%2C29&mn=sn-ipoxu-u2xd%2Csn-un57sn7z&ms=au%2Crdu&mv=m&mvi=2&pcm2cms=yes&pl=21&initcwndbps=1138750&vprv=1&mime=audio%2Fwebm&ns=CRguJGhMSZzaiNP_P0xOzP4F&gir=yes&clen=6122505&dur=339.021&lmt=1588477074984464&mt=1610370516&fvip=2&keepalive=yes&c=WEB&txp=5531432&n=89EK9wMYn9DIWD&sparams=expire%2Cei%2Cip%2Cid%2Citag%2Csource%2Crequiressl%2Cvprv%2Cmime%2Cns%2Cgir%2Cclen%2Cdur%2Clmt&sig=AOq0QJ8wRQIhAP2sTv02vRRD5hdULURRDc4ARtoMuNmFx1C_PC6MEr7AAiA2R2xYhCyhZdmrXHA4E8sjH5v1u0ntidLqGsu7ZRNCKg%3D%3D&lsparams=mh%2Cmm%2Cmn%2Cms%2Cmv%2Cmvi%2Cpcm2cms%2Cpl%2Cinitcwndbps&lsig=AG3C_xAwRgIhANwqERZlJNhZqsPR6K6jnAsJwLKihJkvOzjaEml2WU_CAiEA0mHnILxye-Ez_tZmKWr4nZklwaZokHqITYMrR2JfX8c%3D&ratebypass=yes", "player_url": null, "ext": "webm", "format_note": "tiny", "acodec": "opus", "abr": 160, "asr": 48000, "filesize": 6122505, "fps": null, "height": null, "tbr": 155.388, "width": null, "vcodec": "none", "downloader_options": {"http_chunk_size": 10485760}, "format": "251 - audio only (tiny)", "protocol": "https", "http_headers": {"User-Agent": "Mozilla/5.0 (Windows NT 10.0; Win64; x64) AppleWebKit/537.36 (KHTML, like Gecko) Chrome/73.0.3683.38 Safari/537.36", "Accept-Charset": "ISO-8859-1,utf-8;q=0.7,*;q=0.7", "Accept": "text/html,application/xhtml+xml,application/xml;q=0.9,*/*;q=0.8", "Accept-Encoding": "gzip, deflate", "Accept-Language": "en-us,en;q=0.5"}}