{"id": "QJlnTN7HRwE", "uploader": "Norman D\u00fcck", "uploader_id": "UCZrx074saEGIs9Cxo1GOjgg", "uploader_url": "http://www.youtube.com/channel/UCZrx074saEGIs9Cxo1GOjgg", "channel_id": "UCZrx074saEGIs9Cxo1GOjgg", "channel_url": "http://www.youtube.com/channel/UCZrx074saEGIs9Cxo1GOjgg", "upload_date": "20181222", "license": null, "creator": null, "title": "Lonely Times Sad & Emotional Piano Song Instrumental", "alt_title": null, "thumbnails": [{"url": "https://i.ytimg.com/vi/QJlnTN7HRwE/hqdefault.jpg?sqp=-oaymwEYCKgBEF5IVfKriqkDCwgBFQAAiEIYAXAB&rs=AOn4CLBIHWGRIVLG5dYF7-7saxeuU_Eo7g", "width": 168, "height": 94, "resolution": "168x94", "id": "0"}, {"url": "https://i.ytimg.com/vi/QJlnTN7HRwE/hqdefault.jpg?sqp=-oaymwEYCMQBEG5IVfKriqkDCwgBFQAAiEIYAXAB&rs=AOn4CLBJ45Ct_z7gaP97-VYG3tUTMbU2aA", "width": 196, "height": 110, "resolution": "196x110", "id": "1"}, {"url": "https://i.ytimg.com/vi/QJlnTN7HRwE/hqdefault.jpg?sqp=-oaymwEZCPYBEIoBSFXyq4qpAwsIARUAAIhCGAFwAQ==&rs=AOn4CLClwZ0luuMkcS-h2X3u6a5cKz1FBA", "width": 246, "height": 138, "resolution": "246x138", "id": "2"}, {"url": "https://i.ytimg.com/vi/QJlnTN7HRwE/hqdefault.jpg?sqp=-oaymwEZCNACELwBSFXyq4qpAwsIARUAAIhCGAFwAQ==&rs=AOn4CLCaZuZhlJ1peGCwviQ0IhIC8G3I2A", "width": 336, "height": 188, "resolution": "336x188", "id": "3"}, {"url": "https://i.ytimg.com/vi_webp/QJlnTN7HRwE/maxresdefault.webp", "width": 1920, "height": 1080, "resolution": "1920x1080", "id": "4"}], "description": "Get the exact Tutorial: https://www.fiverr.com/s2/4adf1608ea !\nLonely times can also be heard on my Spotify, Apple music and other stores!\n\nHope you enjoy this emotional piano piece I composed\n\nHear more music:\nINFINITE CLOUDS (PIANO VOL.2) \nItunes/Apple music: http://bit.ly/Infiniteclouds1\nGoogle Play:               http://bit.ly/Infiniteclouds3                \nAmazon:                     http://amzn.to/2lhkh4F\nSpotify:                        http://bit.ly/Infinitecloud", "categories": ["People & Blogs"], "tags": ["sad", "emotional", "piano", "instrumental", "song", "that makes you cry", "crying", "crying alone", "acoustic", "music video", "music", "worlds most sad piano", "sad piano music", "suiseaday", "nights amore", "emotional piano music", "saddest piano music", "most sad music"], "subtitles": {}, "automatic_captions": {}, "duration": 194, "age_limit": 0, "annotations": null, "chapters": null, "webpage_url": "https://www.youtube.com/watch?v=QJlnTN7HRwE", "view_count": 1116, "like_count": 58, "dislike_count": 2, "average_rating": 4.9322033, "formats": [{"ext": "m4a", "format_note": "DASH audio", "acodec": "mp4a.40.5", "abr": 48, "container": "m4a_dash", "format_id": "139", "manifest_url": "https://manifest.googlevideo.com/api/manifest/dash/expire/1608715210/ei/arfiX5vEKNCElQSH5pawAw/ip/140.109.134.236/id/4099674cdec74701/source/youtube/requiressl/yes/playback_host/r1---sn-5njj-u2xl.googlevideo.com/mh/Cv/mm/31%2C29/mn/sn-5njj-u2xl%2Csn-un57sn7s/ms/au%2Crdu/mv/m/mvi/1/pl/16/hfr/all/as/fmp4_audio_clear%2Cwebm_audio_clear%2Cwebm2_audio_clear%2Cfmp4_sd_hd_clear%2Cwebm2_sd_hd_clear/initcwndbps/476250/vprv/1/mt/1608693159/fvip/1/keepalive/yes/itag/0/sparams/expire%2Cei%2Cip%2Cid%2Csource%2Crequiressl%2Chfr%2Cas%2Cvprv%2Citag/sig/AOq0QJ8wRAIgSZt3qVOKne9sRMdlU9hz-FGG8OZPMuRyDimd7WvgcwMCIAlDnDkjFZnUwK-MZ6cJ3CBwNXPNXjXYAwvzF9A1LFr1/lsparams/playback_host%2Cmh%2Cmm%2Cmn%2Cms%2Cmv%2Cmvi%2Cpl%2Cinitcwndbps/lsig/AG3C_xAwRQIgKotzMyumYyBZYBkOiMPHdVxEE5LNFbw9kXcfsw4Ay6ACIQDl7QVpdUlgU5RbniuGvKsK4cylKhoNTOqVGgtneCPg5A%3D%3D", "width": null, "height": null, "tbr": 49.996, "asr": 22050, "fps": null, "language": null, "filesize": null, "vcodec": "none", "url": "https://manifest.googlevideo.com/api/manifest/dash/expire/1608715210/ei/arfiX5vEKNCElQSH5pawAw/ip/140.109.134.236/id/4099674cdec74701/source/youtube/requiressl/yes/playback_host/r1---sn-5njj-u2xl.googlevideo.com/mh/Cv/mm/31%2C29/mn/sn-5njj-u2xl%2Csn-un57sn7s/ms/au%2Crdu/mv/m/mvi/1/pl/16/hfr/all/as/fmp4_audio_clear%2Cwebm_audio_clear%2Cwebm2_audio_clear%2Cfmp4_sd_hd_clear%2Cwebm2_sd_hd_clear/initcwndbps/476250/vprv/1/mt/1608693159/fvip/1/keepalive/yes/itag/0/sparams/expire%2Cei%2Cip%2Cid%2Csource%2Crequiressl%2Chfr%2Cas%2Cvprv%2Citag/sig/AOq0QJ8wRAIgSZt3qVOKne9sRMdlU9hz-FGG8OZPMuRyDimd7WvgcwMCIAlDnDkjFZnUwK-MZ6cJ3CBwNXPNXjXYAwvzF9A1LFr1/lsparams/playback_host%2Cmh%2Cmm%2Cmn%2Cms%2Cmv%2Cmvi%2Cpl%2Cinitcwndbps/lsig/AG3C_xAwRQIgKotzMyumYyBZYBkOiMPHdVxEE5LNFbw9kXcfsw4Ay6ACIQDl7QVpdUlgU5RbniuGvKsK4cylKhoNTOqVGgtneCPg5A%3D%3D", "fragment_base_url": "https://r1---sn-5njj-u2xl.googlevideo.com/videoplayback/expire/1608715210/ei/arfiX5vEKNCElQSH5pawAw/ip/140.109.134.236/id/4099674cdec74701/itag/139/source/youtube/requiressl/yes/mh/Cv/mm/31,29/mn/sn-5njj-u2xl,sn-un57sn7s/ms/au,rdu/mv/m/mvi/1/pl/16/initcwndbps/476250/vprv/1/ratebypass/yes/mime/audio%2Fmp4/otfp/1/gir/yes/clen/1186047/lmt/1545482291047244/dur/194.304/mt/1608693159/fvip/1/keepalive/yes/sparams/expire,ei,ip,id,itag,source,requiressl,vprv,ratebypass,mime,otfp,gir,clen,lmt,dur/sig/AOq0QJ8wRAIgKAkUq3uMeHuPV0DG_5YawHnZManKqFjga3HEJX8Zw58CIDVw4ETjHwrWwS4HjraREDVgokRu-EQVIUHQlweaUZH-/lsparams/mh,mm,mn,ms,mv,mvi,pl,initcwndbps/lsig/AG3C_xAwRgIhAL75k03eMQtSYcA6H7Svj2d2K7G3f7T_DXwuLZdCBbauAiEA1RpXL135A9nb4FIUgoPAHmQ--MYnf20m9uZn1GL12lk%3D/", "fragments": [{"path": "range/0-664"}, {"path": "range/937-62401", "duration": 9.985}, {"path": "range/62402-123373", "duration": 9.984}, {"path": "range/123374-184312", "duration": 9.985}, {"path": "range/184313-245080", "duration": 9.984}, {"path": "range/245081-305901", "duration": 9.985}, {"path": "range/305902-366799", "duration": 9.984}, {"path": "range/366800-427633", "duration": 9.985}, {"path": "range/427634-488509", "duration": 9.985}, {"path": "range/488510-549407", "duration": 9.984}, {"path": "range/549408-610180", "duration": 9.985}, {"path": "range/610181-671185", "duration": 9.984}, {"path": "range/671186-732016", "duration": 9.985}, {"path": "range/732017-792893", "duration": 9.985}, {"path": "range/792894-853799", "duration": 9.984}, {"path": "range/853800-914565", "duration": 9.985}, {"path": "range/914566-975560", "duration": 9.984}, {"path": "range/975561-1036362", "duration": 9.985}, {"path": "range/1036363-1097430", "duration": 9.984}, {"path": "range/1097431-1157986", "duration": 9.985}, {"path": "range/1157987-1186046", "duration": 4.598}], "protocol": "http_dash_segments", "format": "139 - audio only (DASH audio)", "http_headers": {"User-Agent": "Mozilla/5.0 (Windows NT 10.0; Win64; x64) AppleWebKit/537.36 (KHTML, like Gecko) Chrome/73.0.3672.0 Safari/537.36", "Accept-Charset": "ISO-8859-1,utf-8;q=0.7,*;q=0.7", "Accept": "text/html,application/xhtml+xml,application/xml;q=0.9,*/*;q=0.8", "Accept-Encoding": "gzip, deflate", "Accept-Language": "en-us,en;q=0.5"}}, {"ext": "m4a", "format_note": "DASH audio", "acodec": "mp4a.40.2", "abr": 128, "container": "m4a_dash", "format_id": "140", "manifest_url": "https://manifest.googlevideo.com/api/manifest/dash/expire/1608715210/ei/arfiX5vEKNCElQSH5pawAw/ip/140.109.134.236/id/4099674cdec74701/source/youtube/requiressl/yes/playback_host/r1---sn-5njj-u2xl.googlevideo.com/mh/Cv/mm/31%2C29/mn/sn-5njj-u2xl%2Csn-un57sn7s/ms/au%2Crdu/mv/m/mvi/1/pl/16/hfr/all/as/fmp4_audio_clear%2Cwebm_audio_clear%2Cwebm2_audio_clear%2Cfmp4_sd_hd_clear%2Cwebm2_sd_hd_clear/initcwndbps/476250/vprv/1/mt/1608693159/fvip/1/keepalive/yes/itag/0/sparams/expire%2Cei%2Cip%2Cid%2Csource%2Crequiressl%2Chfr%2Cas%2Cvprv%2Citag/sig/AOq0QJ8wRAIgSZt3qVOKne9sRMdlU9hz-FGG8OZPMuRyDimd7WvgcwMCIAlDnDkjFZnUwK-MZ6cJ3CBwNXPNXjXYAwvzF9A1LFr1/lsparams/playback_host%2Cmh%2Cmm%2Cmn%2Cms%2Cmv%2Cmvi%2Cpl%2Cinitcwndbps/lsig/AG3C_xAwRQIgKotzMyumYyBZYBkOiMPHdVxEE5LNFbw9kXcfsw4Ay6ACIQDl7QVpdUlgU5RbniuGvKsK4cylKhoNTOqVGgtneCPg5A%3D%3D", "width": null, "height": null, "tbr": 130.468, "asr": 44100, "fps": null, "language": null, "filesize": null, "vcodec": "none", "url": "https://manifest.googlevideo.com/api/manifest/dash/expire/1608715210/ei/arfiX5vEKNCElQSH5pawAw/ip/140.109.134.236/id/4099674cdec74701/source/youtube/requiressl/yes/playback_host/r1---sn-5njj-u2xl.googlevideo.com/mh/Cv/mm/31%2C29/mn/sn-5njj-u2xl%2Csn-un57sn7s/ms/au%2Crdu/mv/m/mvi/1/pl/16/hfr/all/as/fmp4_audio_clear%2Cwebm_audio_clear%2Cwebm2_audio_clear%2Cfmp4_sd_hd_clear%2Cwebm2_sd_hd_clear/initcwndbps/476250/vprv/1/mt/1608693159/fvip/1/keepalive/yes/itag/0/sparams/expire%2Cei%2Cip%2Cid%2Csource%2Crequiressl%2Chfr%2Cas%2Cvprv%2Citag/sig/AOq0QJ8wRAIgSZt3qVOKne9sRMdlU9hz-FGG8OZPMuRyDimd7WvgcwMCIAlDnDkjFZnUwK-MZ6cJ3CBwNXPNXjXYAwvzF9A1LFr1/lsparams/playback_host%2Cmh%2Cmm%2Cmn%2Cms%2Cmv%2Cmvi%2Cpl%2Cinitcwndbps/lsig/AG3C_xAwRQIgKotzMyumYyBZYBkOiMPHdVxEE5LNFbw9kXcfsw4Ay6ACIQDl7QVpdUlgU5RbniuGvKsK4cylKhoNTOqVGgtneCPg5A%3D%3D", "fragment_base_url": "https://r1---sn-5njj-u2xl.googlevideo.com/videoplayback/expire/1608715210/ei/arfiX5vEKNCElQSH5pawAw/ip/140.109.134.236/id/4099674cdec74701/itag/140/source/youtube/requiressl/yes/mh/Cv/mm/31,29/mn/sn-5njj-u2xl,sn-un57sn7s/ms/au,rdu/mv/m/mvi/1/pl/16/initcwndbps/476250/vprv/1/ratebypass/yes/mime/audio%2Fmp4/otfp/1/gir/yes/clen/3144602/lmt/1545482290969271/dur/194.258/mt/1608693159/fvip/1/keepalive/yes/sparams/expire,ei,ip,id,itag,source,requiressl,vprv,ratebypass,mime,otfp,gir,clen,lmt,dur/sig/AOq0QJ8wRQIhAOzYramcU8c3jSmTRuQBnXTWR-7omHeJRdMBi_yvSm7dAiBCrPtDBob9IdTu4VbMVICEAzAbFrkqH6PDWiFvJ-KbEA%3D%3D/lsparams/mh,mm,mn,ms,mv,mvi,pl,initcwndbps/lsig/AG3C_xAwRQIhAP8tra5ZTxF5IF_clitzuxoRDBBTl8p-rXnjyz3abnBWAiAaNWLXuZKV0CJc7j58vS7PnJmoUrhUcvqb5hJTZ3LjsA%3D%3D/", "fragments": [{"path": "range/0-655"}, {"path": "range/928-162840", "duration": 9.985}, {"path": "range/162841-324468", "duration": 9.984}, {"path": "range/324469-486048", "duration": 9.985}, {"path": "range/486049-647559", "duration": 9.984}, {"path": "range/647560-809186", "duration": 9.985}, {"path": "range/809187-970781", "duration": 9.984}, {"path": "range/970782-1132402", "duration": 9.985}, {"path": "range/1132403-1293972", "duration": 9.985}, {"path": "range/1293973-1455489", "duration": 9.984}, {"path": "range/1455490-1617026", "duration": 9.985}, {"path": "range/1617027-1778714", "duration": 9.984}, {"path": "range/1778715-1940217", "duration": 9.985}, {"path": "range/1940218-2101912", "duration": 9.985}, {"path": "range/2101913-2263333", "duration": 9.984}, {"path": "range/2263334-2424939", "duration": 9.985}, {"path": "range/2424940-2586483", "duration": 9.984}, {"path": "range/2586484-2748062", "duration": 9.985}, {"path": "range/2748063-2909818", "duration": 9.984}, {"path": "range/2909819-3071201", "duration": 9.985}, {"path": "range/3071202-3144601", "duration": 4.598}], "protocol": "http_dash_segments", "format": "140 - audio only (DASH audio)", "http_headers": {"User-Agent": "Mozilla/5.0 (Windows NT 10.0; Win64; x64) AppleWebKit/537.36 (KHTML, like Gecko) Chrome/73.0.3672.0 Safari/537.36", "Accept-Charset": "ISO-8859-1,utf-8;q=0.7,*;q=0.7", "Accept": "text/html,application/xhtml+xml,application/xml;q=0.9,*/*;q=0.8", "Accept-Encoding": "gzip, deflate", "Accept-Language": "en-us,en;q=0.5"}}, {"ext": "webm", "format_note": "DASH audio", "acodec": "opus", "abr": 160, "format_id": "251", "manifest_url": "https://manifest.googlevideo.com/api/manifest/dash/expire/1608715210/ei/arfiX5vEKNCElQSH5pawAw/ip/140.109.134.236/id/4099674cdec74701/source/youtube/requiressl/yes/playback_host/r1---sn-5njj-u2xl.googlevideo.com/mh/Cv/mm/31%2C29/mn/sn-5njj-u2xl%2Csn-un57sn7s/ms/au%2Crdu/mv/m/mvi/1/pl/16/hfr/all/as/fmp4_audio_clear%2Cwebm_audio_clear%2Cwebm2_audio_clear%2Cfmp4_sd_hd_clear%2Cwebm2_sd_hd_clear/initcwndbps/476250/vprv/1/mt/1608693159/fvip/1/keepalive/yes/itag/0/sparams/expire%2Cei%2Cip%2Cid%2Csource%2Crequiressl%2Chfr%2Cas%2Cvprv%2Citag/sig/AOq0QJ8wRAIgSZt3qVOKne9sRMdlU9hz-FGG8OZPMuRyDimd7WvgcwMCIAlDnDkjFZnUwK-MZ6cJ3CBwNXPNXjXYAwvzF9A1LFr1/lsparams/playback_host%2Cmh%2Cmm%2Cmn%2Cms%2Cmv%2Cmvi%2Cpl%2Cinitcwndbps/lsig/AG3C_xAwRQIgKotzMyumYyBZYBkOiMPHdVxEE5LNFbw9kXcfsw4Ay6ACIQDl7QVpdUlgU5RbniuGvKsK4cylKhoNTOqVGgtneCPg5A%3D%3D", "width": null, "height": null, "tbr": 157.254, "asr": 48000, "fps": null, "language": null, "filesize": null, "container": "webm_dash", "vcodec": "none", "url": "https://manifest.googlevideo.com/api/manifest/dash/expire/1608715210/ei/arfiX5vEKNCElQSH5pawAw/ip/140.109.134.236/id/4099674cdec74701/source/youtube/requiressl/yes/playback_host/r1---sn-5njj-u2xl.googlevideo.com/mh/Cv/mm/31%2C29/mn/sn-5njj-u2xl%2Csn-un57sn7s/ms/au%2Crdu/mv/m/mvi/1/pl/16/hfr/all/as/fmp4_audio_clear%2Cwebm_audio_clear%2Cwebm2_audio_clear%2Cfmp4_sd_hd_clear%2Cwebm2_sd_hd_clear/initcwndbps/476250/vprv/1/mt/1608693159/fvip/1/keepalive/yes/itag/0/sparams/expire%2Cei%2Cip%2Cid%2Csource%2Crequiressl%2Chfr%2Cas%2Cvprv%2Citag/sig/AOq0QJ8wRAIgSZt3qVOKne9sRMdlU9hz-FGG8OZPMuRyDimd7WvgcwMCIAlDnDkjFZnUwK-MZ6cJ3CBwNXPNXjXYAwvzF9A1LFr1/lsparams/playback_host%2Cmh%2Cmm%2Cmn%2Cms%2Cmv%2Cmvi%2Cpl%2Cinitcwndbps/lsig/AG3C_xAwRQIgKotzMyumYyBZYBkOiMPHdVxEE5LNFbw9kXcfsw4Ay6ACIQDl7QVpdUlgU5RbniuGvKsK4cylKhoNTOqVGgtneCPg5A%3D%3D", "fragment_base_url": "https://r1---sn-5njj-u2xl.googlevideo.com/videoplayback/expire/1608715210/ei/arfiX5vEKNCElQSH5pawAw/ip/140.109.134.236/id/4099674cdec74701/itag/251/source/youtube/requiressl/yes/mh/Cv/mm/31,29/mn/sn-5njj-u2xl,sn-un57sn7s/ms/au,rdu/mv/m/mvi/1/pl/16/initcwndbps/476250/vprv/1/ratebypass/yes/mime/audio%2Fwebm/otfp/1/gir/yes/clen/3595961/lmt/1564181799108695/dur/194.281/mt/1608693159/fvip/1/keepalive/yes/sparams/expire,ei,ip,id,itag,source,requiressl,vprv,ratebypass,mime,otfp,gir,clen,lmt,dur/sig/AOq0QJ8wRgIhANkUgdSGA8wSopBLaeAuyhcWOnYSLKyfd1jtKO9JIxcMAiEA5ABaCbxcSJOpZdtE2yWnmBEERrUilpxLG373XVLpqpU%3D/lsparams/mh,mm,mn,ms,mv,mvi,pl,initcwndbps/lsig/AG3C_xAwRQIhAI1lHYgdaFMW2xBGVuZHpib8bta4grf4eJC2wMsQBR_LAiAgqRgQEp7rDY3Ak8lBZy0RmtfMptBIiRDfsINB8gDhTA%3D%3D/", "fragments": [{"path": "range/0-258"}, {"path": "range/596-160361", "duration": 10.001}, {"path": "range/160362-349287", "duration": 10.0}, {"path": "range/349288-533138", "duration": 10.0}, {"path": "range/533139-719268", "duration": 10.0}, {"path": "range/719269-911549", "duration": 10.0}, {"path": "range/911550-1102566", "duration": 10.0}, {"path": "range/1102567-1291139", "duration": 10.0}, {"path": "range/1291140-1479486", "duration": 10.0}, {"path": "range/1479487-1670370", "duration": 10.0}, {"path": "range/1670371-1853467", "duration": 10.0}, {"path": "range/1853468-2040738", "duration": 10.0}, {"path": "range/2040739-2235530", "duration": 10.0}, {"path": "range/2235531-2428268", "duration": 10.0}, {"path": "range/2428269-2624836", "duration": 10.0}, {"path": "range/2624837-2814384", "duration": 10.0}, {"path": "range/2814385-3005835", "duration": 10.0}, {"path": "range/3005836-3187925", "duration": 10.0}, {"path": "range/3187926-3370512", "duration": 10.0}, {"path": "range/3370513-3541124", "duration": 10.0}, {"path": "range/3541125-3595960", "duration": 4.28}], "protocol": "http_dash_segments", "format": "251 - audio only (DASH audio)", "http_headers": {"User-Agent": "Mozilla/5.0 (Windows NT 10.0; Win64; x64) AppleWebKit/537.36 (KHTML, like Gecko) Chrome/73.0.3672.0 Safari/537.36", "Accept-Charset": "ISO-8859-1,utf-8;q=0.7,*;q=0.7", "Accept": "text/html,application/xhtml+xml,application/xml;q=0.9,*/*;q=0.8", "Accept-Encoding": "gzip, deflate", "Accept-Language": "en-us,en;q=0.5"}}, {"ext": "mp4", "height": 360, "format_note": "DASH video", "vcodec": "avc1.4d401e", "format_id": "134", "manifest_url": "https://manifest.googlevideo.com/api/manifest/dash/expire/1608715210/ei/arfiX5vEKNCElQSH5pawAw/ip/140.109.134.236/id/4099674cdec74701/source/youtube/requiressl/yes/playback_host/r1---sn-5njj-u2xl.googlevideo.com/mh/Cv/mm/31%2C29/mn/sn-5njj-u2xl%2Csn-un57sn7s/ms/au%2Crdu/mv/m/mvi/1/pl/16/hfr/all/as/fmp4_audio_clear%2Cwebm_audio_clear%2Cwebm2_audio_clear%2Cfmp4_sd_hd_clear%2Cwebm2_sd_hd_clear/initcwndbps/476250/vprv/1/mt/1608693159/fvip/1/keepalive/yes/itag/0/sparams/expire%2Cei%2Cip%2Cid%2Csource%2Crequiressl%2Chfr%2Cas%2Cvprv%2Citag/sig/AOq0QJ8wRAIgSZt3qVOKne9sRMdlU9hz-FGG8OZPMuRyDimd7WvgcwMCIAlDnDkjFZnUwK-MZ6cJ3CBwNXPNXjXYAwvzF9A1LFr1/lsparams/playback_host%2Cmh%2Cmm%2Cmn%2Cms%2Cmv%2Cmvi%2Cpl%2Cinitcwndbps/lsig/AG3C_xAwRQIgKotzMyumYyBZYBkOiMPHdVxEE5LNFbw9kXcfsw4Ay6ACIQDl7QVpdUlgU5RbniuGvKsK4cylKhoNTOqVGgtneCPg5A%3D%3D", "width": 640, "tbr": 70.777, "asr": null, "fps": 30, "language": null, "filesize": null, "container": "mp4_dash", "acodec": "none", "url": "https://manifest.googlevideo.com/api/manifest/dash/expire/1608715210/ei/arfiX5vEKNCElQSH5pawAw/ip/140.109.134.236/id/4099674cdec74701/source/youtube/requiressl/yes/playback_host/r1---sn-5njj-u2xl.googlevideo.com/mh/Cv/mm/31%2C29/mn/sn-5njj-u2xl%2Csn-un57sn7s/ms/au%2Crdu/mv/m/mvi/1/pl/16/hfr/all/as/fmp4_audio_clear%2Cwebm_audio_clear%2Cwebm2_audio_clear%2Cfmp4_sd_hd_clear%2Cwebm2_sd_hd_clear/initcwndbps/476250/vprv/1/mt/1608693159/fvip/1/keepalive/yes/itag/0/sparams/expire%2Cei%2Cip%2Cid%2Csource%2Crequiressl%2Chfr%2Cas%2Cvprv%2Citag/sig/AOq0QJ8wRAIgSZt3qVOKne9sRMdlU9hz-FGG8OZPMuRyDimd7WvgcwMCIAlDnDkjFZnUwK-MZ6cJ3CBwNXPNXjXYAwvzF9A1LFr1/lsparams/playback_host%2Cmh%2Cmm%2Cmn%2Cms%2Cmv%2Cmvi%2Cpl%2Cinitcwndbps/lsig/AG3C_xAwRQIgKotzMyumYyBZYBkOiMPHdVxEE5LNFbw9kXcfsw4Ay6ACIQDl7QVpdUlgU5RbniuGvKsK4cylKhoNTOqVGgtneCPg5A%3D%3D", "fragment_base_url": "https://r1---sn-5njj-u2xl.googlevideo.com/videoplayback/expire/1608715210/ei/arfiX5vEKNCElQSH5pawAw/ip/140.109.134.236/id/4099674cdec74701/itag/134/source/youtube/requiressl/yes/mh/Cv/mm/31,29/mn/sn-5njj-u2xl,sn-un57sn7s/ms/au,rdu/mv/m/mvi/1/pl/16/initcwndbps/476250/vprv/1/ratebypass/yes/mime/video%2Fmp4/otfp/1/gir/yes/clen/1058960/lmt/1545482275120455/dur/194.193/mt/1608693159/fvip/1/keepalive/yes/sparams/expire,ei,ip,id,itag,source,requiressl,vprv,ratebypass,mime,otfp,gir,clen,lmt,dur/sig/AOq0QJ8wRQIgKS4JQetmfd4H0_7vvcs3-cKzqsymMi09v_7JYkzqIEYCIQDqgWfr1dLqIKMnCGELJeXhebPEhFwFqlmlMhZyo5yRLw%3D%3D/lsparams/mh,mm,mn,ms,mv,mvi,pl,initcwndbps/lsig/AG3C_xAwRAIgWiDd96Aqpe5e8HloZ0USBpSOLPqs7SkVP2KjhLDHNVoCIHA36VJiFwxh9QItOXO6Y9xwj_WUwBp3tNyb32LEb7wl/", "fragments": [{"path": "range/0-762"}, {"path": "range/1239-25572", "duration": 5.339}, {"path": "range/25573-50354", "duration": 5.338}, {"path": "range/50355-75442", "duration": 5.339}, {"path": "range/75443-101195", "duration": 5.339}, {"path": "range/101196-127854", "duration": 5.338}, {"path": "range/127855-155767", "duration": 5.339}, {"path": "range/155768-183792", "duration": 5.339}, {"path": "range/183793-213595", "duration": 5.338}, {"path": "range/213596-244395", "duration": 5.339}, {"path": "range/244396-274984", "duration": 5.339}, {"path": "range/274985-306449", "duration": 5.338}, {"path": "range/306450-338019", "duration": 5.339}, {"path": "range/338020-368347", "duration": 5.339}, {"path": "range/368348-399398", "duration": 5.338}, {"path": "range/399399-430510", "duration": 5.339}, {"path": "range/430511-460640", "duration": 5.339}, {"path": "range/460641-491405", "duration": 5.338}, {"path": "range/491406-522795", "duration": 5.339}, {"path": "range/522796-552931", "duration": 5.339}, {"path": "range/552932-583844", "duration": 5.338}, {"path": "range/583845-614816", "duration": 5.339}, {"path": "range/614817-645446", "duration": 5.339}, {"path": "range/645447-676804", "duration": 5.338}, {"path": "range/676805-708228", "duration": 5.339}, {"path": "range/708229-738551", "duration": 5.339}, {"path": "range/738552-769446", "duration": 5.338}, {"path": "range/769447-797282", "duration": 5.339}, {"path": "range/797283-824664", "duration": 5.339}, {"path": "range/824665-854443", "duration": 5.338}, {"path": "range/854444-883974", "duration": 5.339}, {"path": "range/883975-911590", "duration": 5.339}, {"path": "range/911591-939053", "duration": 5.338}, {"path": "range/939054-966213", "duration": 5.339}, {"path": "range/966214-992434", "duration": 5.339}, {"path": "range/992435-1018421", "duration": 5.338}, {"path": "range/1018422-1041247", "duration": 5.339}, {"path": "range/1041248-1058959", "duration": 2.002}], "protocol": "http_dash_segments", "format": "134 - 640x360 (DASH video)", "http_headers": {"User-Agent": "Mozilla/5.0 (Windows NT 10.0; Win64; x64) AppleWebKit/537.36 (KHTML, like Gecko) Chrome/73.0.3672.0 Safari/537.36", "Accept-Charset": "ISO-8859-1,utf-8;q=0.7,*;q=0.7", "Accept": "text/html,application/xhtml+xml,application/xml;q=0.9,*/*;q=0.8", "Accept-Encoding": "gzip, deflate", "Accept-Language": "en-us,en;q=0.5"}}, {"ext": "webm", "height": 144, "format_note": "DASH video", "container": "webm_dash", "vcodec": "vp9", "format_id": "278", "manifest_url": "https://manifest.googlevideo.com/api/manifest/dash/expire/1608715210/ei/arfiX5vEKNCElQSH5pawAw/ip/140.109.134.236/id/4099674cdec74701/source/youtube/requiressl/yes/playback_host/r1---sn-5njj-u2xl.googlevideo.com/mh/Cv/mm/31%2C29/mn/sn-5njj-u2xl%2Csn-un57sn7s/ms/au%2Crdu/mv/m/mvi/1/pl/16/hfr/all/as/fmp4_audio_clear%2Cwebm_audio_clear%2Cwebm2_audio_clear%2Cfmp4_sd_hd_clear%2Cwebm2_sd_hd_clear/initcwndbps/476250/vprv/1/mt/1608693159/fvip/1/keepalive/yes/itag/0/sparams/expire%2Cei%2Cip%2Cid%2Csource%2Crequiressl%2Chfr%2Cas%2Cvprv%2Citag/sig/AOq0QJ8wRAIgSZt3qVOKne9sRMdlU9hz-FGG8OZPMuRyDimd7WvgcwMCIAlDnDkjFZnUwK-MZ6cJ3CBwNXPNXjXYAwvzF9A1LFr1/lsparams/playback_host%2Cmh%2Cmm%2Cmn%2Cms%2Cmv%2Cmvi%2Cpl%2Cinitcwndbps/lsig/AG3C_xAwRQIgKotzMyumYyBZYBkOiMPHdVxEE5LNFbw9kXcfsw4Ay6ACIQDl7QVpdUlgU5RbniuGvKsK4cylKhoNTOqVGgtneCPg5A%3D%3D", "width": 256, "tbr": 95.0, "asr": null, "fps": 30, "language": null, "filesize": null, "acodec": "none", "url": "https://manifest.googlevideo.com/api/manifest/dash/expire/1608715210/ei/arfiX5vEKNCElQSH5pawAw/ip/140.109.134.236/id/4099674cdec74701/source/youtube/requiressl/yes/playback_host/r1---sn-5njj-u2xl.googlevideo.com/mh/Cv/mm/31%2C29/mn/sn-5njj-u2xl%2Csn-un57sn7s/ms/au%2Crdu/mv/m/mvi/1/pl/16/hfr/all/as/fmp4_audio_clear%2Cwebm_audio_clear%2Cwebm2_audio_clear%2Cfmp4_sd_hd_clear%2Cwebm2_sd_hd_clear/initcwndbps/476250/vprv/1/mt/1608693159/fvip/1/keepalive/yes/itag/0/sparams/expire%2Cei%2Cip%2Cid%2Csource%2Crequiressl%2Chfr%2Cas%2Cvprv%2Citag/sig/AOq0QJ8wRAIgSZt3qVOKne9sRMdlU9hz-FGG8OZPMuRyDimd7WvgcwMCIAlDnDkjFZnUwK-MZ6cJ3CBwNXPNXjXYAwvzF9A1LFr1/lsparams/playback_host%2Cmh%2Cmm%2Cmn%2Cms%2Cmv%2Cmvi%2Cpl%2Cinitcwndbps/lsig/AG3C_xAwRQIgKotzMyumYyBZYBkOiMPHdVxEE5LNFbw9kXcfsw4Ay6ACIQDl7QVpdUlgU5RbniuGvKsK4cylKhoNTOqVGgtneCPg5A%3D%3D", "fragment_base_url": "https://r1---sn-5njj-u2xl.googlevideo.com/videoplayback/expire/1608715210/ei/arfiX5vEKNCElQSH5pawAw/ip/140.109.134.236/id/4099674cdec74701/itag/278/source/yt_otf/requiressl/yes/mh/Cv/mm/31,29/mn/sn-5njj-u2xl,sn-un57sn7s/ms/au,rdu/mv/m/mvi/1/pl/16/initcwndbps/476250/vprv/1/ratebypass/yes/mime/video%2Fwebm/otfp/1/otf/1/lmt/1545482275205339/mt/1608693159/fvip/1/keepalive/yes/sparams/expire,ei,ip,id,itag,source,requiressl,vprv,ratebypass,mime,otfp,otf,lmt/sig/AOq0QJ8wRQIgQM0rAOTSE7t_2IWbYoEXIRElIQcJXRM4LFsp3ylyxscCIQCP3PjuGcSibaLqnmFEb127bVUdzCvS0CX2gMflXGbHtw%3D%3D/lsparams/mh,mm,mn,ms,mv,mvi,pl,initcwndbps/lsig/AG3C_xAwRgIhAO1zBwv6pXPDBECEb1a7L6x4uErj7mRJvy4CJyzvKy9LAiEAhlaIDf0un8fBmqP1vpLGrYyw6GXrIusWMc3_oJHymkQ%3D/", "fragments": [{"path": "sq/0"}, {"path": "sq/1/dur/5.339", "duration": 5.339}, {"path": "sq/2/dur/5.338", "duration": 5.338}, {"path": "sq/3/dur/5.339", "duration": 5.339}, {"path": "sq/4/dur/5.339", "duration": 5.339}, {"path": "sq/5/dur/5.338", "duration": 5.338}, {"path": "sq/6/dur/5.339", "duration": 5.339}, {"path": "sq/7/dur/5.339", "duration": 5.339}, {"path": "sq/8/dur/5.338", "duration": 5.338}, {"path": "sq/9/dur/5.339", "duration": 5.339}, {"path": "sq/10/dur/5.339", "duration": 5.339}, {"path": "sq/11/dur/5.338", "duration": 5.338}, {"path": "sq/12/dur/5.339", "duration": 5.339}, {"path": "sq/13/dur/5.339", "duration": 5.339}, {"path": "sq/14/dur/5.338", "duration": 5.338}, {"path": "sq/15/dur/5.339", "duration": 5.339}, {"path": "sq/16/dur/5.339", "duration": 5.339}, {"path": "sq/17/dur/5.338", "duration": 5.338}, {"path": "sq/18/dur/5.339", "duration": 5.339}, {"path": "sq/19/dur/5.339", "duration": 5.339}, {"path": "sq/20/dur/5.338", "duration": 5.338}, {"path": "sq/21/dur/5.339", "duration": 5.339}, {"path": "sq/22/dur/5.339", "duration": 5.339}, {"path": "sq/23/dur/5.338", "duration": 5.338}, {"path": "sq/24/dur/5.339", "duration": 5.339}, {"path": "sq/25/dur/5.339", "duration": 5.339}, {"path": "sq/26/dur/5.338", "duration": 5.338}, {"path": "sq/27/dur/5.339", "duration": 5.339}, {"path": "sq/28/dur/5.339", "duration": 5.339}, {"path": "sq/29/dur/5.338", "duration": 5.338}, {"path": "sq/30/dur/5.339", "duration": 5.339}, {"path": "sq/31/dur/5.339", "duration": 5.339}, {"path": "sq/32/dur/5.338", "duration": 5.338}, {"path": "sq/33/dur/5.339", "duration": 5.339}, {"path": "sq/34/dur/5.339", "duration": 5.339}, {"path": "sq/35/dur/5.338", "duration": 5.338}, {"path": "sq/36/dur/5.339", "duration": 5.339}, {"path": "sq/37/dur/2.002", "duration": 2.002}], "protocol": "http_dash_segments", "format": "278 - 256x144 (DASH video)", "http_headers": {"User-Agent": "Mozilla/5.0 (Windows NT 10.0; Win64; x64) AppleWebKit/537.36 (KHTML, like Gecko) Chrome/73.0.3672.0 Safari/537.36", "Accept-Charset": "ISO-8859-1,utf-8;q=0.7,*;q=0.7", "Accept": "text/html,application/xhtml+xml,application/xml;q=0.9,*/*;q=0.8", "Accept-Encoding": "gzip, deflate", "Accept-Language": "en-us,en;q=0.5"}}, {"ext": "mp4", "height": 144, "format_note": "DASH video", "vcodec": "avc1.4d400b", "format_id": "160", "manifest_url": "https://manifest.googlevideo.com/api/manifest/dash/expire/1608715210/ei/arfiX5vEKNCElQSH5pawAw/ip/140.109.134.236/id/4099674cdec74701/source/youtube/requiressl/yes/playback_host/r1---sn-5njj-u2xl.googlevideo.com/mh/Cv/mm/31%2C29/mn/sn-5njj-u2xl%2Csn-un57sn7s/ms/au%2Crdu/mv/m/mvi/1/pl/16/hfr/all/as/fmp4_audio_clear%2Cwebm_audio_clear%2Cwebm2_audio_clear%2Cfmp4_sd_hd_clear%2Cwebm2_sd_hd_clear/initcwndbps/476250/vprv/1/mt/1608693159/fvip/1/keepalive/yes/itag/0/sparams/expire%2Cei%2Cip%2Cid%2Csource%2Crequiressl%2Chfr%2Cas%2Cvprv%2Citag/sig/AOq0QJ8wRAIgSZt3qVOKne9sRMdlU9hz-FGG8OZPMuRyDimd7WvgcwMCIAlDnDkjFZnUwK-MZ6cJ3CBwNXPNXjXYAwvzF9A1LFr1/lsparams/playback_host%2Cmh%2Cmm%2Cmn%2Cms%2Cmv%2Cmvi%2Cpl%2Cinitcwndbps/lsig/AG3C_xAwRQIgKotzMyumYyBZYBkOiMPHdVxEE5LNFbw9kXcfsw4Ay6ACIQDl7QVpdUlgU5RbniuGvKsK4cylKhoNTOqVGgtneCPg5A%3D%3D", "width": 256, "tbr": 108.0, "asr": null, "fps": 30, "language": null, "filesize": null, "container": "mp4_dash", "acodec": "none", "url": "https://manifest.googlevideo.com/api/manifest/dash/expire/1608715210/ei/arfiX5vEKNCElQSH5pawAw/ip/140.109.134.236/id/4099674cdec74701/source/youtube/requiressl/yes/playback_host/r1---sn-5njj-u2xl.googlevideo.com/mh/Cv/mm/31%2C29/mn/sn-5njj-u2xl%2Csn-un57sn7s/ms/au%2Crdu/mv/m/mvi/1/pl/16/hfr/all/as/fmp4_audio_clear%2Cwebm_audio_clear%2Cwebm2_audio_clear%2Cfmp4_sd_hd_clear%2Cwebm2_sd_hd_clear/initcwndbps/476250/vprv/1/mt/1608693159/fvip/1/keepalive/yes/itag/0/sparams/expire%2Cei%2Cip%2Cid%2Csource%2Crequiressl%2Chfr%2Cas%2Cvprv%2Citag/sig/AOq0QJ8wRAIgSZt3qVOKne9sRMdlU9hz-FGG8OZPMuRyDimd7WvgcwMCIAlDnDkjFZnUwK-MZ6cJ3CBwNXPNXjXYAwvzF9A1LFr1/lsparams/playback_host%2Cmh%2Cmm%2Cmn%2Cms%2Cmv%2Cmvi%2Cpl%2Cinitcwndbps/lsig/AG3C_xAwRQIgKotzMyumYyBZYBkOiMPHdVxEE5LNFbw9kXcfsw4Ay6ACIQDl7QVpdUlgU5RbniuGvKsK4cylKhoNTOqVGgtneCPg5A%3D%3D", "fragment_base_url": "https://r1---sn-5njj-u2xl.googlevideo.com/videoplayback/expire/1608715210/ei/arfiX5vEKNCElQSH5pawAw/ip/140.109.134.236/id/4099674cdec74701/itag/160/source/yt_otf/requiressl/yes/mh/Cv/mm/31,29/mn/sn-5njj-u2xl,sn-un57sn7s/ms/au,rdu/mv/m/mvi/1/pl/16/initcwndbps/476250/vprv/1/ratebypass/yes/mime/video%2Fmp4/otfp/1/otf/1/lmt/1545482275205339/mt/1608693159/fvip/1/keepalive/yes/sparams/expire,ei,ip,id,itag,source,requiressl,vprv,ratebypass,mime,otfp,otf,lmt/sig/AOq0QJ8wRAIgVDpEUCDgMrb3PmuefbzVNHLzoiAqJxL46nPGp6WT0-4CIFISd-BGCb8LT9UHKmlAJVAZkZIWI2j8ZKP7w6xZDDnM/lsparams/mh,mm,mn,ms,mv,mvi,pl,initcwndbps/lsig/AG3C_xAwRAIgdcD-AT0-uE1ekxkEr4ZXWai6Wje9mpCPQPpaKTtPiaQCIHKUDfXBghcocz_UGkMGNykX4zwumyyQ6DLy2nDi-0JH/", "fragments": [{"path": "sq/0"}, {"path": "sq/1/dur/5.339", "duration": 5.339}, {"path": "sq/2/dur/5.338", "duration": 5.338}, {"path": "sq/3/dur/5.339", "duration": 5.339}, {"path": "sq/4/dur/5.339", "duration": 5.339}, {"path": "sq/5/dur/5.338", "duration": 5.338}, {"path": "sq/6/dur/5.339", "duration": 5.339}, {"path": "sq/7/dur/5.339", "duration": 5.339}, {"path": "sq/8/dur/5.338", "duration": 5.338}, {"path": "sq/9/dur/5.339", "duration": 5.339}, {"path": "sq/10/dur/5.339", "duration": 5.339}, {"path": "sq/11/dur/5.338", "duration": 5.338}, {"path": "sq/12/dur/5.339", "duration": 5.339}, {"path": "sq/13/dur/5.339", "duration": 5.339}, {"path": "sq/14/dur/5.338", "duration": 5.338}, {"path": "sq/15/dur/5.339", "duration": 5.339}, {"path": "sq/16/dur/5.339", "duration": 5.339}, {"path": "sq/17/dur/5.338", "duration": 5.338}, {"path": "sq/18/dur/5.339", "duration": 5.339}, {"path": "sq/19/dur/5.339", "duration": 5.339}, {"path": "sq/20/dur/5.338", "duration": 5.338}, {"path": "sq/21/dur/5.339", "duration": 5.339}, {"path": "sq/22/dur/5.339", "duration": 5.339}, {"path": "sq/23/dur/5.338", "duration": 5.338}, {"path": "sq/24/dur/5.339", "duration": 5.339}, {"path": "sq/25/dur/5.339", "duration": 5.339}, {"path": "sq/26/dur/5.338", "duration": 5.338}, {"path": "sq/27/dur/5.339", "duration": 5.339}, {"path": "sq/28/dur/5.339", "duration": 5.339}, {"path": "sq/29/dur/5.338", "duration": 5.338}, {"path": "sq/30/dur/5.339", "duration": 5.339}, {"path": "sq/31/dur/5.339", "duration": 5.339}, {"path": "sq/32/dur/5.338", "duration": 5.338}, {"path": "sq/33/dur/5.339", "duration": 5.339}, {"path": "sq/34/dur/5.339", "duration": 5.339}, {"path": "sq/35/dur/5.338", "duration": 5.338}, {"path": "sq/36/dur/5.339", "duration": 5.339}, {"path": "sq/37/dur/2.002", "duration": 2.002}], "protocol": "http_dash_segments", "format": "160 - 256x144 (DASH video)", "http_headers": {"User-Agent": "Mozilla/5.0 (Windows NT 10.0; Win64; x64) AppleWebKit/537.36 (KHTML, like Gecko) Chrome/73.0.3672.0 Safari/537.36", "Accept-Charset": "ISO-8859-1,utf-8;q=0.7,*;q=0.7", "Accept": "text/html,application/xhtml+xml,application/xml;q=0.9,*/*;q=0.8", "Accept-Encoding": "gzip, deflate", "Accept-Language": "en-us,en;q=0.5"}}, {"ext": "webm", "height": 240, "format_note": "DASH video", "vcodec": "vp9", "format_id": "242", "manifest_url": "https://manifest.googlevideo.com/api/manifest/dash/expire/1608715210/ei/arfiX5vEKNCElQSH5pawAw/ip/140.109.134.236/id/4099674cdec74701/source/youtube/requiressl/yes/playback_host/r1---sn-5njj-u2xl.googlevideo.com/mh/Cv/mm/31%2C29/mn/sn-5njj-u2xl%2Csn-un57sn7s/ms/au%2Crdu/mv/m/mvi/1/pl/16/hfr/all/as/fmp4_audio_clear%2Cwebm_audio_clear%2Cwebm2_audio_clear%2Cfmp4_sd_hd_clear%2Cwebm2_sd_hd_clear/initcwndbps/476250/vprv/1/mt/1608693159/fvip/1/keepalive/yes/itag/0/sparams/expire%2Cei%2Cip%2Cid%2Csource%2Crequiressl%2Chfr%2Cas%2Cvprv%2Citag/sig/AOq0QJ8wRAIgSZt3qVOKne9sRMdlU9hz-FGG8OZPMuRyDimd7WvgcwMCIAlDnDkjFZnUwK-MZ6cJ3CBwNXPNXjXYAwvzF9A1LFr1/lsparams/playback_host%2Cmh%2Cmm%2Cmn%2Cms%2Cmv%2Cmvi%2Cpl%2Cinitcwndbps/lsig/AG3C_xAwRQIgKotzMyumYyBZYBkOiMPHdVxEE5LNFbw9kXcfsw4Ay6ACIQDl7QVpdUlgU5RbniuGvKsK4cylKhoNTOqVGgtneCPg5A%3D%3D", "width": 426, "tbr": 220.5, "asr": null, "fps": 30, "language": null, "filesize": null, "container": "webm_dash", "acodec": "none", "url": "https://manifest.googlevideo.com/api/manifest/dash/expire/1608715210/ei/arfiX5vEKNCElQSH5pawAw/ip/140.109.134.236/id/4099674cdec74701/source/youtube/requiressl/yes/playback_host/r1---sn-5njj-u2xl.googlevideo.com/mh/Cv/mm/31%2C29/mn/sn-5njj-u2xl%2Csn-un57sn7s/ms/au%2Crdu/mv/m/mvi/1/pl/16/hfr/all/as/fmp4_audio_clear%2Cwebm_audio_clear%2Cwebm2_audio_clear%2Cfmp4_sd_hd_clear%2Cwebm2_sd_hd_clear/initcwndbps/476250/vprv/1/mt/1608693159/fvip/1/keepalive/yes/itag/0/sparams/expire%2Cei%2Cip%2Cid%2Csource%2Crequiressl%2Chfr%2Cas%2Cvprv%2Citag/sig/AOq0QJ8wRAIgSZt3qVOKne9sRMdlU9hz-FGG8OZPMuRyDimd7WvgcwMCIAlDnDkjFZnUwK-MZ6cJ3CBwNXPNXjXYAwvzF9A1LFr1/lsparams/playback_host%2Cmh%2Cmm%2Cmn%2Cms%2Cmv%2Cmvi%2Cpl%2Cinitcwndbps/lsig/AG3C_xAwRQIgKotzMyumYyBZYBkOiMPHdVxEE5LNFbw9kXcfsw4Ay6ACIQDl7QVpdUlgU5RbniuGvKsK4cylKhoNTOqVGgtneCPg5A%3D%3D", "fragment_base_url": "https://r1---sn-5njj-u2xl.googlevideo.com/videoplayback/expire/1608715210/ei/arfiX5vEKNCElQSH5pawAw/ip/140.109.134.236/id/4099674cdec74701/itag/242/source/yt_otf/requiressl/yes/mh/Cv/mm/31,29/mn/sn-5njj-u2xl,sn-un57sn7s/ms/au,rdu/mv/m/mvi/1/pl/16/initcwndbps/476250/vprv/1/ratebypass/yes/mime/video%2Fwebm/otfp/1/otf/1/lmt/1545482275205339/mt/1608693159/fvip/1/keepalive/yes/sparams/expire,ei,ip,id,itag,source,requiressl,vprv,ratebypass,mime,otfp,otf,lmt/sig/AOq0QJ8wRQIgIwM3ntxOr2Qj33ZvdUUg2vRwwCo188AlCW-eVbOZnTACIQCG_bcliNl8KS7Tx--fMFeHu9MlsPw6fs7y_sS7-fUW9w%3D%3D/lsparams/mh,mm,mn,ms,mv,mvi,pl,initcwndbps/lsig/AG3C_xAwRQIhAKZisRrnopGphkT62nkCInpjEkr4NoR5re7IYniWWtgHAiB6VtJ4hzfFIDXpcZ3PvWcMrnXdTDCokyXz1xDr-dDZag%3D%3D/", "fragments": [{"path": "sq/0"}, {"path": "sq/1/dur/5.339", "duration": 5.339}, {"path": "sq/2/dur/5.338", "duration": 5.338}, {"path": "sq/3/dur/5.339", "duration": 5.339}, {"path": "sq/4/dur/5.339", "duration": 5.339}, {"path": "sq/5/dur/5.338", "duration": 5.338}, {"path": "sq/6/dur/5.339", "duration": 5.339}, {"path": "sq/7/dur/5.339", "duration": 5.339}, {"path": "sq/8/dur/5.338", "duration": 5.338}, {"path": "sq/9/dur/5.339", "duration": 5.339}, {"path": "sq/10/dur/5.339", "duration": 5.339}, {"path": "sq/11/dur/5.338", "duration": 5.338}, {"path": "sq/12/dur/5.339", "duration": 5.339}, {"path": "sq/13/dur/5.339", "duration": 5.339}, {"path": "sq/14/dur/5.338", "duration": 5.338}, {"path": "sq/15/dur/5.339", "duration": 5.339}, {"path": "sq/16/dur/5.339", "duration": 5.339}, {"path": "sq/17/dur/5.338", "duration": 5.338}, {"path": "sq/18/dur/5.339", "duration": 5.339}, {"path": "sq/19/dur/5.339", "duration": 5.339}, {"path": "sq/20/dur/5.338", "duration": 5.338}, {"path": "sq/21/dur/5.339", "duration": 5.339}, {"path": "sq/22/dur/5.339", "duration": 5.339}, {"path": "sq/23/dur/5.338", "duration": 5.338}, {"path": "sq/24/dur/5.339", "duration": 5.339}, {"path": "sq/25/dur/5.339", "duration": 5.339}, {"path": "sq/26/dur/5.338", "duration": 5.338}, {"path": "sq/27/dur/5.339", "duration": 5.339}, {"path": "sq/28/dur/5.339", "duration": 5.339}, {"path": "sq/29/dur/5.338", "duration": 5.338}, {"path": "sq/30/dur/5.339", "duration": 5.339}, {"path": "sq/31/dur/5.339", "duration": 5.339}, {"path": "sq/32/dur/5.338", "duration": 5.338}, {"path": "sq/33/dur/5.339", "duration": 5.339}, {"path": "sq/34/dur/5.339", "duration": 5.339}, {"path": "sq/35/dur/5.338", "duration": 5.338}, {"path": "sq/36/dur/5.339", "duration": 5.339}, {"path": "sq/37/dur/2.002", "duration": 2.002}], "protocol": "http_dash_segments", "format": "242 - 426x240 (DASH video)", "http_headers": {"User-Agent": "Mozilla/5.0 (Windows NT 10.0; Win64; x64) AppleWebKit/537.36 (KHTML, like Gecko) Chrome/73.0.3672.0 Safari/537.36", "Accept-Charset": "ISO-8859-1,utf-8;q=0.7,*;q=0.7", "Accept": "text/html,application/xhtml+xml,application/xml;q=0.9,*/*;q=0.8", "Accept-Encoding": "gzip, deflate", "Accept-Language": "en-us,en;q=0.5"}}, {"ext": "mp4", "height": 240, "format_note": "DASH video", "vcodec": "avc1.4d400c", "format_id": "133", "manifest_url": "https://manifest.googlevideo.com/api/manifest/dash/expire/1608715210/ei/arfiX5vEKNCElQSH5pawAw/ip/140.109.134.236/id/4099674cdec74701/source/youtube/requiressl/yes/playback_host/r1---sn-5njj-u2xl.googlevideo.com/mh/Cv/mm/31%2C29/mn/sn-5njj-u2xl%2Csn-un57sn7s/ms/au%2Crdu/mv/m/mvi/1/pl/16/hfr/all/as/fmp4_audio_clear%2Cwebm_audio_clear%2Cwebm2_audio_clear%2Cfmp4_sd_hd_clear%2Cwebm2_sd_hd_clear/initcwndbps/476250/vprv/1/mt/1608693159/fvip/1/keepalive/yes/itag/0/sparams/expire%2Cei%2Cip%2Cid%2Csource%2Crequiressl%2Chfr%2Cas%2Cvprv%2Citag/sig/AOq0QJ8wRAIgSZt3qVOKne9sRMdlU9hz-FGG8OZPMuRyDimd7WvgcwMCIAlDnDkjFZnUwK-MZ6cJ3CBwNXPNXjXYAwvzF9A1LFr1/lsparams/playback_host%2Cmh%2Cmm%2Cmn%2Cms%2Cmv%2Cmvi%2Cpl%2Cinitcwndbps/lsig/AG3C_xAwRQIgKotzMyumYyBZYBkOiMPHdVxEE5LNFbw9kXcfsw4Ay6ACIQDl7QVpdUlgU5RbniuGvKsK4cylKhoNTOqVGgtneCPg5A%3D%3D", "width": 426, "tbr": 242.0, "asr": null, "fps": 30, "language": null, "filesize": null, "container": "mp4_dash", "acodec": "none", "url": "https://manifest.googlevideo.com/api/manifest/dash/expire/1608715210/ei/arfiX5vEKNCElQSH5pawAw/ip/140.109.134.236/id/4099674cdec74701/source/youtube/requiressl/yes/playback_host/r1---sn-5njj-u2xl.googlevideo.com/mh/Cv/mm/31%2C29/mn/sn-5njj-u2xl%2Csn-un57sn7s/ms/au%2Crdu/mv/m/mvi/1/pl/16/hfr/all/as/fmp4_audio_clear%2Cwebm_audio_clear%2Cwebm2_audio_clear%2Cfmp4_sd_hd_clear%2Cwebm2_sd_hd_clear/initcwndbps/476250/vprv/1/mt/1608693159/fvip/1/keepalive/yes/itag/0/sparams/expire%2Cei%2Cip%2Cid%2Csource%2Crequiressl%2Chfr%2Cas%2Cvprv%2Citag/sig/AOq0QJ8wRAIgSZt3qVOKne9sRMdlU9hz-FGG8OZPMuRyDimd7WvgcwMCIAlDnDkjFZnUwK-MZ6cJ3CBwNXPNXjXYAwvzF9A1LFr1/lsparams/playback_host%2Cmh%2Cmm%2Cmn%2Cms%2Cmv%2Cmvi%2Cpl%2Cinitcwndbps/lsig/AG3C_xAwRQIgKotzMyumYyBZYBkOiMPHdVxEE5LNFbw9kXcfsw4Ay6ACIQDl7QVpdUlgU5RbniuGvKsK4cylKhoNTOqVGgtneCPg5A%3D%3D", "fragment_base_url": "https://r1---sn-5njj-u2xl.googlevideo.com/videoplayback/expire/1608715210/ei/arfiX5vEKNCElQSH5pawAw/ip/140.109.134.236/id/4099674cdec74701/itag/133/source/yt_otf/requiressl/yes/mh/Cv/mm/31,29/mn/sn-5njj-u2xl,sn-un57sn7s/ms/au,rdu/mv/m/mvi/1/pl/16/initcwndbps/476250/vprv/1/ratebypass/yes/mime/video%2Fmp4/otfp/1/otf/1/lmt/1545482275205339/mt/1608693159/fvip/1/keepalive/yes/sparams/expire,ei,ip,id,itag,source,requiressl,vprv,ratebypass,mime,otfp,otf,lmt/sig/AOq0QJ8wRQIhAMXJr6bfCFPOUpMezzPJ7n24co9DpF_9lrRsnQ-ayi0hAiALUReWQQH84eU1KV2ejFk4dOKlweSaciBji78X-afynQ%3D%3D/lsparams/mh,mm,mn,ms,mv,mvi,pl,initcwndbps/lsig/AG3C_xAwRQIhAORxR3xUcmaG2R5K97-6Ml0g1ZMZ7lw_AzSDa68V3zuwAiBtlkqSEuNrpcl6gXNn7Ak-08WtZIwc2IW50apUNXwKqQ%3D%3D/", "fragments": [{"path": "sq/0"}, {"path": "sq/1/dur/5.339", "duration": 5.339}, {"path": "sq/2/dur/5.338", "duration": 5.338}, {"path": "sq/3/dur/5.339", "duration": 5.339}, {"path": "sq/4/dur/5.339", "duration": 5.339}, {"path": "sq/5/dur/5.338", "duration": 5.338}, {"path": "sq/6/dur/5.339", "duration": 5.339}, {"path": "sq/7/dur/5.339", "duration": 5.339}, {"path": "sq/8/dur/5.338", "duration": 5.338}, {"path": "sq/9/dur/5.339", "duration": 5.339}, {"path": "sq/10/dur/5.339", "duration": 5.339}, {"path": "sq/11/dur/5.338", "duration": 5.338}, {"path": "sq/12/dur/5.339", "duration": 5.339}, {"path": "sq/13/dur/5.339", "duration": 5.339}, {"path": "sq/14/dur/5.338", "duration": 5.338}, {"path": "sq/15/dur/5.339", "duration": 5.339}, {"path": "sq/16/dur/5.339", "duration": 5.339}, {"path": "sq/17/dur/5.338", "duration": 5.338}, {"path": "sq/18/dur/5.339", "duration": 5.339}, {"path": "sq/19/dur/5.339", "duration": 5.339}, {"path": "sq/20/dur/5.338", "duration": 5.338}, {"path": "sq/21/dur/5.339", "duration": 5.339}, {"path": "sq/22/dur/5.339", "duration": 5.339}, {"path": "sq/23/dur/5.338", "duration": 5.338}, {"path": "sq/24/dur/5.339", "duration": 5.339}, {"path": "sq/25/dur/5.339", "duration": 5.339}, {"path": "sq/26/dur/5.338", "duration": 5.338}, {"path": "sq/27/dur/5.339", "duration": 5.339}, {"path": "sq/28/dur/5.339", "duration": 5.339}, {"path": "sq/29/dur/5.338", "duration": 5.338}, {"path": "sq/30/dur/5.339", "duration": 5.339}, {"path": "sq/31/dur/5.339", "duration": 5.339}, {"path": "sq/32/dur/5.338", "duration": 5.338}, {"path": "sq/33/dur/5.339", "duration": 5.339}, {"path": "sq/34/dur/5.339", "duration": 5.339}, {"path": "sq/35/dur/5.338", "duration": 5.338}, {"path": "sq/36/dur/5.339", "duration": 5.339}, {"path": "sq/37/dur/2.002", "duration": 2.002}], "protocol": "http_dash_segments", "format": "133 - 426x240 (DASH video)", "http_headers": {"User-Agent": "Mozilla/5.0 (Windows NT 10.0; Win64; x64) AppleWebKit/537.36 (KHTML, like Gecko) Chrome/73.0.3672.0 Safari/537.36", "Accept-Charset": "ISO-8859-1,utf-8;q=0.7,*;q=0.7", "Accept": "text/html,application/xhtml+xml,application/xml;q=0.9,*/*;q=0.8", "Accept-Encoding": "gzip, deflate", "Accept-Language": "en-us,en;q=0.5"}}, {"ext": "webm", "height": 360, "format_note": "DASH video", "vcodec": "vp9", "format_id": "243", "manifest_url": "https://manifest.googlevideo.com/api/manifest/dash/expire/1608715210/ei/arfiX5vEKNCElQSH5pawAw/ip/140.109.134.236/id/4099674cdec74701/source/youtube/requiressl/yes/playback_host/r1---sn-5njj-u2xl.googlevideo.com/mh/Cv/mm/31%2C29/mn/sn-5njj-u2xl%2Csn-un57sn7s/ms/au%2Crdu/mv/m/mvi/1/pl/16/hfr/all/as/fmp4_audio_clear%2Cwebm_audio_clear%2Cwebm2_audio_clear%2Cfmp4_sd_hd_clear%2Cwebm2_sd_hd_clear/initcwndbps/476250/vprv/1/mt/1608693159/fvip/1/keepalive/yes/itag/0/sparams/expire%2Cei%2Cip%2Cid%2Csource%2Crequiressl%2Chfr%2Cas%2Cvprv%2Citag/sig/AOq0QJ8wRAIgSZt3qVOKne9sRMdlU9hz-FGG8OZPMuRyDimd7WvgcwMCIAlDnDkjFZnUwK-MZ6cJ3CBwNXPNXjXYAwvzF9A1LFr1/lsparams/playback_host%2Cmh%2Cmm%2Cmn%2Cms%2Cmv%2Cmvi%2Cpl%2Cinitcwndbps/lsig/AG3C_xAwRQIgKotzMyumYyBZYBkOiMPHdVxEE5LNFbw9kXcfsw4Ay6ACIQDl7QVpdUlgU5RbniuGvKsK4cylKhoNTOqVGgtneCPg5A%3D%3D", "width": 640, "tbr": 405.72, "asr": null, "fps": 30, "language": null, "filesize": null, "container": "webm_dash", "acodec": "none", "url": "https://manifest.googlevideo.com/api/manifest/dash/expire/1608715210/ei/arfiX5vEKNCElQSH5pawAw/ip/140.109.134.236/id/4099674cdec74701/source/youtube/requiressl/yes/playback_host/r1---sn-5njj-u2xl.googlevideo.com/mh/Cv/mm/31%2C29/mn/sn-5njj-u2xl%2Csn-un57sn7s/ms/au%2Crdu/mv/m/mvi/1/pl/16/hfr/all/as/fmp4_audio_clear%2Cwebm_audio_clear%2Cwebm2_audio_clear%2Cfmp4_sd_hd_clear%2Cwebm2_sd_hd_clear/initcwndbps/476250/vprv/1/mt/1608693159/fvip/1/keepalive/yes/itag/0/sparams/expire%2Cei%2Cip%2Cid%2Csource%2Crequiressl%2Chfr%2Cas%2Cvprv%2Citag/sig/AOq0QJ8wRAIgSZt3qVOKne9sRMdlU9hz-FGG8OZPMuRyDimd7WvgcwMCIAlDnDkjFZnUwK-MZ6cJ3CBwNXPNXjXYAwvzF9A1LFr1/lsparams/playback_host%2Cmh%2Cmm%2Cmn%2Cms%2Cmv%2Cmvi%2Cpl%2Cinitcwndbps/lsig/AG3C_xAwRQIgKotzMyumYyBZYBkOiMPHdVxEE5LNFbw9kXcfsw4Ay6ACIQDl7QVpdUlgU5RbniuGvKsK4cylKhoNTOqVGgtneCPg5A%3D%3D", "fragment_base_url": "https://r1---sn-5njj-u2xl.googlevideo.com/videoplayback/expire/1608715210/ei/arfiX5vEKNCElQSH5pawAw/ip/140.109.134.236/id/4099674cdec74701/itag/243/source/yt_otf/requiressl/yes/mh/Cv/mm/31,29/mn/sn-5njj-u2xl,sn-un57sn7s/ms/au,rdu/mv/m/mvi/1/pl/16/initcwndbps/476250/vprv/1/ratebypass/yes/mime/video%2Fwebm/otfp/1/otf/1/lmt/1545482275205339/mt/1608693159/fvip/1/keepalive/yes/sparams/expire,ei,ip,id,itag,source,requiressl,vprv,ratebypass,mime,otfp,otf,lmt/sig/AOq0QJ8wRgIhAP18lE5deJ5iOnMxPZT3zmuH02cYvzDU_4I5lCZmP3bKAiEAl5iIMH2DBBruh-N8G1bMAmrqtYvUyp1zGZCrGoMC7E8%3D/lsparams/mh,mm,mn,ms,mv,mvi,pl,initcwndbps/lsig/AG3C_xAwRAIgFPWtj80ED1NztoLdtEU7TIOH6feaxgX4xdYarKiUl4ECIDhSUkC7MHPh_D6-gWVftBzTfLVWGM0j_iN_WqKo9d3u/", "fragments": [{"path": "sq/0"}, {"path": "sq/1/dur/5.339", "duration": 5.339}, {"path": "sq/2/dur/5.338", "duration": 5.338}, {"path": "sq/3/dur/5.339", "duration": 5.339}, {"path": "sq/4/dur/5.339", "duration": 5.339}, {"path": "sq/5/dur/5.338", "duration": 5.338}, {"path": "sq/6/dur/5.339", "duration": 5.339}, {"path": "sq/7/dur/5.339", "duration": 5.339}, {"path": "sq/8/dur/5.338", "duration": 5.338}, {"path": "sq/9/dur/5.339", "duration": 5.339}, {"path": "sq/10/dur/5.339", "duration": 5.339}, {"path": "sq/11/dur/5.338", "duration": 5.338}, {"path": "sq/12/dur/5.339", "duration": 5.339}, {"path": "sq/13/dur/5.339", "duration": 5.339}, {"path": "sq/14/dur/5.338", "duration": 5.338}, {"path": "sq/15/dur/5.339", "duration": 5.339}, {"path": "sq/16/dur/5.339", "duration": 5.339}, {"path": "sq/17/dur/5.338", "duration": 5.338}, {"path": "sq/18/dur/5.339", "duration": 5.339}, {"path": "sq/19/dur/5.339", "duration": 5.339}, {"path": "sq/20/dur/5.338", "duration": 5.338}, {"path": "sq/21/dur/5.339", "duration": 5.339}, {"path": "sq/22/dur/5.339", "duration": 5.339}, {"path": "sq/23/dur/5.338", "duration": 5.338}, {"path": "sq/24/dur/5.339", "duration": 5.339}, {"path": "sq/25/dur/5.339", "duration": 5.339}, {"path": "sq/26/dur/5.338", "duration": 5.338}, {"path": "sq/27/dur/5.339", "duration": 5.339}, {"path": "sq/28/dur/5.339", "duration": 5.339}, {"path": "sq/29/dur/5.338", "duration": 5.338}, {"path": "sq/30/dur/5.339", "duration": 5.339}, {"path": "sq/31/dur/5.339", "duration": 5.339}, {"path": "sq/32/dur/5.338", "duration": 5.338}, {"path": "sq/33/dur/5.339", "duration": 5.339}, {"path": "sq/34/dur/5.339", "duration": 5.339}, {"path": "sq/35/dur/5.338", "duration": 5.338}, {"path": "sq/36/dur/5.339", "duration": 5.339}, {"path": "sq/37/dur/2.002", "duration": 2.002}], "protocol": "http_dash_segments", "format": "243 - 640x360 (DASH video)", "http_headers": {"User-Agent": "Mozilla/5.0 (Windows NT 10.0; Win64; x64) AppleWebKit/537.36 (KHTML, like Gecko) Chrome/73.0.3672.0 Safari/537.36", "Accept-Charset": "ISO-8859-1,utf-8;q=0.7,*;q=0.7", "Accept": "text/html,application/xhtml+xml,application/xml;q=0.9,*/*;q=0.8", "Accept-Encoding": "gzip, deflate", "Accept-Language": "en-us,en;q=0.5"}}, {"ext": "webm", "height": 480, "format_note": "DASH video", "vcodec": "vp9", "format_id": "244", "manifest_url": "https://manifest.googlevideo.com/api/manifest/dash/expire/1608715210/ei/arfiX5vEKNCElQSH5pawAw/ip/140.109.134.236/id/4099674cdec74701/source/youtube/requiressl/yes/playback_host/r1---sn-5njj-u2xl.googlevideo.com/mh/Cv/mm/31%2C29/mn/sn-5njj-u2xl%2Csn-un57sn7s/ms/au%2Crdu/mv/m/mvi/1/pl/16/hfr/all/as/fmp4_audio_clear%2Cwebm_audio_clear%2Cwebm2_audio_clear%2Cfmp4_sd_hd_clear%2Cwebm2_sd_hd_clear/initcwndbps/476250/vprv/1/mt/1608693159/fvip/1/keepalive/yes/itag/0/sparams/expire%2Cei%2Cip%2Cid%2Csource%2Crequiressl%2Chfr%2Cas%2Cvprv%2Citag/sig/AOq0QJ8wRAIgSZt3qVOKne9sRMdlU9hz-FGG8OZPMuRyDimd7WvgcwMCIAlDnDkjFZnUwK-MZ6cJ3CBwNXPNXjXYAwvzF9A1LFr1/lsparams/playback_host%2Cmh%2Cmm%2Cmn%2Cms%2Cmv%2Cmvi%2Cpl%2Cinitcwndbps/lsig/AG3C_xAwRQIgKotzMyumYyBZYBkOiMPHdVxEE5LNFbw9kXcfsw4Ay6ACIQDl7QVpdUlgU5RbniuGvKsK4cylKhoNTOqVGgtneCPg5A%3D%3D", "width": 854, "tbr": 752.64, "asr": null, "fps": 30, "language": null, "filesize": null, "container": "webm_dash", "acodec": "none", "url": "https://manifest.googlevideo.com/api/manifest/dash/expire/1608715210/ei/arfiX5vEKNCElQSH5pawAw/ip/140.109.134.236/id/4099674cdec74701/source/youtube/requiressl/yes/playback_host/r1---sn-5njj-u2xl.googlevideo.com/mh/Cv/mm/31%2C29/mn/sn-5njj-u2xl%2Csn-un57sn7s/ms/au%2Crdu/mv/m/mvi/1/pl/16/hfr/all/as/fmp4_audio_clear%2Cwebm_audio_clear%2Cwebm2_audio_clear%2Cfmp4_sd_hd_clear%2Cwebm2_sd_hd_clear/initcwndbps/476250/vprv/1/mt/1608693159/fvip/1/keepalive/yes/itag/0/sparams/expire%2Cei%2Cip%2Cid%2Csource%2Crequiressl%2Chfr%2Cas%2Cvprv%2Citag/sig/AOq0QJ8wRAIgSZt3qVOKne9sRMdlU9hz-FGG8OZPMuRyDimd7WvgcwMCIAlDnDkjFZnUwK-MZ6cJ3CBwNXPNXjXYAwvzF9A1LFr1/lsparams/playback_host%2Cmh%2Cmm%2Cmn%2Cms%2Cmv%2Cmvi%2Cpl%2Cinitcwndbps/lsig/AG3C_xAwRQIgKotzMyumYyBZYBkOiMPHdVxEE5LNFbw9kXcfsw4Ay6ACIQDl7QVpdUlgU5RbniuGvKsK4cylKhoNTOqVGgtneCPg5A%3D%3D", "fragment_base_url": "https://r1---sn-5njj-u2xl.googlevideo.com/videoplayback/expire/1608715210/ei/arfiX5vEKNCElQSH5pawAw/ip/140.109.134.236/id/4099674cdec74701/itag/244/source/yt_otf/requiressl/yes/mh/Cv/mm/31,29/mn/sn-5njj-u2xl,sn-un57sn7s/ms/au,rdu/mv/m/mvi/1/pl/16/initcwndbps/476250/vprv/1/ratebypass/yes/mime/video%2Fwebm/otfp/1/otf/1/lmt/1545482275205339/mt/1608693159/fvip/1/keepalive/yes/sparams/expire,ei,ip,id,itag,source,requiressl,vprv,ratebypass,mime,otfp,otf,lmt/sig/AOq0QJ8wRQIhAOFBnlq7O5y517oT-PjFUsPDb0Sk1jmJxvKxYQW9hqkyAiB7h4UV7QLjkyRbVAube4G2f_tfchDZdN0GMZZEVOI8Ww%3D%3D/lsparams/mh,mm,mn,ms,mv,mvi,pl,initcwndbps/lsig/AG3C_xAwRQIhAOWVLu7E1unR7rvMcxOwqqimhv-g0ryfWj33TvXNLEXRAiAdJVAxSIY1PFWXkv3TxZBLYDwV4OR9onN9WjS2z48GIA%3D%3D/", "fragments": [{"path": "sq/0"}, {"path": "sq/1/dur/5.339", "duration": 5.339}, {"path": "sq/2/dur/5.338", "duration": 5.338}, {"path": "sq/3/dur/5.339", "duration": 5.339}, {"path": "sq/4/dur/5.339", "duration": 5.339}, {"path": "sq/5/dur/5.338", "duration": 5.338}, {"path": "sq/6/dur/5.339", "duration": 5.339}, {"path": "sq/7/dur/5.339", "duration": 5.339}, {"path": "sq/8/dur/5.338", "duration": 5.338}, {"path": "sq/9/dur/5.339", "duration": 5.339}, {"path": "sq/10/dur/5.339", "duration": 5.339}, {"path": "sq/11/dur/5.338", "duration": 5.338}, {"path": "sq/12/dur/5.339", "duration": 5.339}, {"path": "sq/13/dur/5.339", "duration": 5.339}, {"path": "sq/14/dur/5.338", "duration": 5.338}, {"path": "sq/15/dur/5.339", "duration": 5.339}, {"path": "sq/16/dur/5.339", "duration": 5.339}, {"path": "sq/17/dur/5.338", "duration": 5.338}, {"path": "sq/18/dur/5.339", "duration": 5.339}, {"path": "sq/19/dur/5.339", "duration": 5.339}, {"path": "sq/20/dur/5.338", "duration": 5.338}, {"path": "sq/21/dur/5.339", "duration": 5.339}, {"path": "sq/22/dur/5.339", "duration": 5.339}, {"path": "sq/23/dur/5.338", "duration": 5.338}, {"path": "sq/24/dur/5.339", "duration": 5.339}, {"path": "sq/25/dur/5.339", "duration": 5.339}, {"path": "sq/26/dur/5.338", "duration": 5.338}, {"path": "sq/27/dur/5.339", "duration": 5.339}, {"path": "sq/28/dur/5.339", "duration": 5.339}, {"path": "sq/29/dur/5.338", "duration": 5.338}, {"path": "sq/30/dur/5.339", "duration": 5.339}, {"path": "sq/31/dur/5.339", "duration": 5.339}, {"path": "sq/32/dur/5.338", "duration": 5.338}, {"path": "sq/33/dur/5.339", "duration": 5.339}, {"path": "sq/34/dur/5.339", "duration": 5.339}, {"path": "sq/35/dur/5.338", "duration": 5.338}, {"path": "sq/36/dur/5.339", "duration": 5.339}, {"path": "sq/37/dur/2.002", "duration": 2.002}], "protocol": "http_dash_segments", "format": "244 - 854x480 (DASH video)", "http_headers": {"User-Agent": "Mozilla/5.0 (Windows NT 10.0; Win64; x64) AppleWebKit/537.36 (KHTML, like Gecko) Chrome/73.0.3672.0 Safari/537.36", "Accept-Charset": "ISO-8859-1,utf-8;q=0.7,*;q=0.7", "Accept": "text/html,application/xhtml+xml,application/xml;q=0.9,*/*;q=0.8", "Accept-Encoding": "gzip, deflate", "Accept-Language": "en-us,en;q=0.5"}}, {"ext": "mp4", "height": 480, "format_note": "DASH video", "vcodec": "avc1.4d4014", "format_id": "135", "manifest_url": "https://manifest.googlevideo.com/api/manifest/dash/expire/1608715210/ei/arfiX5vEKNCElQSH5pawAw/ip/140.109.134.236/id/4099674cdec74701/source/youtube/requiressl/yes/playback_host/r1---sn-5njj-u2xl.googlevideo.com/mh/Cv/mm/31%2C29/mn/sn-5njj-u2xl%2Csn-un57sn7s/ms/au%2Crdu/mv/m/mvi/1/pl/16/hfr/all/as/fmp4_audio_clear%2Cwebm_audio_clear%2Cwebm2_audio_clear%2Cfmp4_sd_hd_clear%2Cwebm2_sd_hd_clear/initcwndbps/476250/vprv/1/mt/1608693159/fvip/1/keepalive/yes/itag/0/sparams/expire%2Cei%2Cip%2Cid%2Csource%2Crequiressl%2Chfr%2Cas%2Cvprv%2Citag/sig/AOq0QJ8wRAIgSZt3qVOKne9sRMdlU9hz-FGG8OZPMuRyDimd7WvgcwMCIAlDnDkjFZnUwK-MZ6cJ3CBwNXPNXjXYAwvzF9A1LFr1/lsparams/playback_host%2Cmh%2Cmm%2Cmn%2Cms%2Cmv%2Cmvi%2Cpl%2Cinitcwndbps/lsig/AG3C_xAwRQIgKotzMyumYyBZYBkOiMPHdVxEE5LNFbw9kXcfsw4Ay6ACIQDl7QVpdUlgU5RbniuGvKsK4cylKhoNTOqVGgtneCPg5A%3D%3D", "width": 854, "tbr": 1155.0, "asr": null, "fps": 30, "language": null, "filesize": null, "container": "mp4_dash", "acodec": "none", "url": "https://manifest.googlevideo.com/api/manifest/dash/expire/1608715210/ei/arfiX5vEKNCElQSH5pawAw/ip/140.109.134.236/id/4099674cdec74701/source/youtube/requiressl/yes/playback_host/r1---sn-5njj-u2xl.googlevideo.com/mh/Cv/mm/31%2C29/mn/sn-5njj-u2xl%2Csn-un57sn7s/ms/au%2Crdu/mv/m/mvi/1/pl/16/hfr/all/as/fmp4_audio_clear%2Cwebm_audio_clear%2Cwebm2_audio_clear%2Cfmp4_sd_hd_clear%2Cwebm2_sd_hd_clear/initcwndbps/476250/vprv/1/mt/1608693159/fvip/1/keepalive/yes/itag/0/sparams/expire%2Cei%2Cip%2Cid%2Csource%2Crequiressl%2Chfr%2Cas%2Cvprv%2Citag/sig/AOq0QJ8wRAIgSZt3qVOKne9sRMdlU9hz-FGG8OZPMuRyDimd7WvgcwMCIAlDnDkjFZnUwK-MZ6cJ3CBwNXPNXjXYAwvzF9A1LFr1/lsparams/playback_host%2Cmh%2Cmm%2Cmn%2Cms%2Cmv%2Cmvi%2Cpl%2Cinitcwndbps/lsig/AG3C_xAwRQIgKotzMyumYyBZYBkOiMPHdVxEE5LNFbw9kXcfsw4Ay6ACIQDl7QVpdUlgU5RbniuGvKsK4cylKhoNTOqVGgtneCPg5A%3D%3D", "fragment_base_url": "https://r1---sn-5njj-u2xl.googlevideo.com/videoplayback/expire/1608715210/ei/arfiX5vEKNCElQSH5pawAw/ip/140.109.134.236/id/4099674cdec74701/itag/135/source/yt_otf/requiressl/yes/mh/Cv/mm/31,29/mn/sn-5njj-u2xl,sn-un57sn7s/ms/au,rdu/mv/m/mvi/1/pl/16/initcwndbps/476250/vprv/1/ratebypass/yes/mime/video%2Fmp4/otfp/1/otf/1/lmt/1545482275205339/mt/1608693159/fvip/1/keepalive/yes/sparams/expire,ei,ip,id,itag,source,requiressl,vprv,ratebypass,mime,otfp,otf,lmt/sig/AOq0QJ8wRQIgaooJ5vSfj2bzNbU1Xd0KmGdmwSG3EsuMd2vcJNspY3QCIQC2dSxhg2bJFjx1SbPP894qA_VhuMNiX1dw47RaZW1JUA%3D%3D/lsparams/mh,mm,mn,ms,mv,mvi,pl,initcwndbps/lsig/AG3C_xAwRgIhAPn_Vt5odSNNayQBcbgtNDVuK6o4BC2uJcF0WH3oTJ83AiEAlmK1JBnt3g_DmzZscFTlh1EoTjbhJ8xfFVGp1EcouCQ%3D/", "fragments": [{"path": "sq/0"}, {"path": "sq/1/dur/5.339", "duration": 5.339}, {"path": "sq/2/dur/5.338", "duration": 5.338}, {"path": "sq/3/dur/5.339", "duration": 5.339}, {"path": "sq/4/dur/5.339", "duration": 5.339}, {"path": "sq/5/dur/5.338", "duration": 5.338}, {"path": "sq/6/dur/5.339", "duration": 5.339}, {"path": "sq/7/dur/5.339", "duration": 5.339}, {"path": "sq/8/dur/5.338", "duration": 5.338}, {"path": "sq/9/dur/5.339", "duration": 5.339}, {"path": "sq/10/dur/5.339", "duration": 5.339}, {"path": "sq/11/dur/5.338", "duration": 5.338}, {"path": "sq/12/dur/5.339", "duration": 5.339}, {"path": "sq/13/dur/5.339", "duration": 5.339}, {"path": "sq/14/dur/5.338", "duration": 5.338}, {"path": "sq/15/dur/5.339", "duration": 5.339}, {"path": "sq/16/dur/5.339", "duration": 5.339}, {"path": "sq/17/dur/5.338", "duration": 5.338}, {"path": "sq/18/dur/5.339", "duration": 5.339}, {"path": "sq/19/dur/5.339", "duration": 5.339}, {"path": "sq/20/dur/5.338", "duration": 5.338}, {"path": "sq/21/dur/5.339", "duration": 5.339}, {"path": "sq/22/dur/5.339", "duration": 5.339}, {"path": "sq/23/dur/5.338", "duration": 5.338}, {"path": "sq/24/dur/5.339", "duration": 5.339}, {"path": "sq/25/dur/5.339", "duration": 5.339}, {"path": "sq/26/dur/5.338", "duration": 5.338}, {"path": "sq/27/dur/5.339", "duration": 5.339}, {"path": "sq/28/dur/5.339", "duration": 5.339}, {"path": "sq/29/dur/5.338", "duration": 5.338}, {"path": "sq/30/dur/5.339", "duration": 5.339}, {"path": "sq/31/dur/5.339", "duration": 5.339}, {"path": "sq/32/dur/5.338", "duration": 5.338}, {"path": "sq/33/dur/5.339", "duration": 5.339}, {"path": "sq/34/dur/5.339", "duration": 5.339}, {"path": "sq/35/dur/5.338", "duration": 5.338}, {"path": "sq/36/dur/5.339", "duration": 5.339}, {"path": "sq/37/dur/2.002", "duration": 2.002}], "protocol": "http_dash_segments", "format": "135 - 854x480 (DASH video)", "http_headers": {"User-Agent": "Mozilla/5.0 (Windows NT 10.0; Win64; x64) AppleWebKit/537.36 (KHTML, like Gecko) Chrome/73.0.3672.0 Safari/537.36", "Accept-Charset": "ISO-8859-1,utf-8;q=0.7,*;q=0.7", "Accept": "text/html,application/xhtml+xml,application/xml;q=0.9,*/*;q=0.8", "Accept-Encoding": "gzip, deflate", "Accept-Language": "en-us,en;q=0.5"}}, {"ext": "mp4", "height": 1080, "format_note": "DASH video", "vcodec": "avc1.640028", "format_id": "137", "manifest_url": "https://manifest.googlevideo.com/api/manifest/dash/expire/1608715210/ei/arfiX5vEKNCElQSH5pawAw/ip/140.109.134.236/id/4099674cdec74701/source/youtube/requiressl/yes/playback_host/r1---sn-5njj-u2xl.googlevideo.com/mh/Cv/mm/31%2C29/mn/sn-5njj-u2xl%2Csn-un57sn7s/ms/au%2Crdu/mv/m/mvi/1/pl/16/hfr/all/as/fmp4_audio_clear%2Cwebm_audio_clear%2Cwebm2_audio_clear%2Cfmp4_sd_hd_clear%2Cwebm2_sd_hd_clear/initcwndbps/476250/vprv/1/mt/1608693159/fvip/1/keepalive/yes/itag/0/sparams/expire%2Cei%2Cip%2Cid%2Csource%2Crequiressl%2Chfr%2Cas%2Cvprv%2Citag/sig/AOq0QJ8wRAIgSZt3qVOKne9sRMdlU9hz-FGG8OZPMuRyDimd7WvgcwMCIAlDnDkjFZnUwK-MZ6cJ3CBwNXPNXjXYAwvzF9A1LFr1/lsparams/playback_host%2Cmh%2Cmm%2Cmn%2Cms%2Cmv%2Cmvi%2Cpl%2Cinitcwndbps/lsig/AG3C_xAwRQIgKotzMyumYyBZYBkOiMPHdVxEE5LNFbw9kXcfsw4Ay6ACIQDl7QVpdUlgU5RbniuGvKsK4cylKhoNTOqVGgtneCPg5A%3D%3D", "width": 1920, "tbr": 1263.376, "asr": null, "fps": 30, "language": null, "filesize": null, "container": "mp4_dash", "acodec": "none", "url": "https://manifest.googlevideo.com/api/manifest/dash/expire/1608715210/ei/arfiX5vEKNCElQSH5pawAw/ip/140.109.134.236/id/4099674cdec74701/source/youtube/requiressl/yes/playback_host/r1---sn-5njj-u2xl.googlevideo.com/mh/Cv/mm/31%2C29/mn/sn-5njj-u2xl%2Csn-un57sn7s/ms/au%2Crdu/mv/m/mvi/1/pl/16/hfr/all/as/fmp4_audio_clear%2Cwebm_audio_clear%2Cwebm2_audio_clear%2Cfmp4_sd_hd_clear%2Cwebm2_sd_hd_clear/initcwndbps/476250/vprv/1/mt/1608693159/fvip/1/keepalive/yes/itag/0/sparams/expire%2Cei%2Cip%2Cid%2Csource%2Crequiressl%2Chfr%2Cas%2Cvprv%2Citag/sig/AOq0QJ8wRAIgSZt3qVOKne9sRMdlU9hz-FGG8OZPMuRyDimd7WvgcwMCIAlDnDkjFZnUwK-MZ6cJ3CBwNXPNXjXYAwvzF9A1LFr1/lsparams/playback_host%2Cmh%2Cmm%2Cmn%2Cms%2Cmv%2Cmvi%2Cpl%2Cinitcwndbps/lsig/AG3C_xAwRQIgKotzMyumYyBZYBkOiMPHdVxEE5LNFbw9kXcfsw4Ay6ACIQDl7QVpdUlgU5RbniuGvKsK4cylKhoNTOqVGgtneCPg5A%3D%3D", "fragment_base_url": "https://r1---sn-5njj-u2xl.googlevideo.com/videoplayback/expire/1608715210/ei/arfiX5vEKNCElQSH5pawAw/ip/140.109.134.236/id/4099674cdec74701/itag/137/source/youtube/requiressl/yes/mh/Cv/mm/31,29/mn/sn-5njj-u2xl,sn-un57sn7s/ms/au,rdu/mv/m/mvi/1/pl/16/initcwndbps/476250/vprv/1/ratebypass/yes/mime/video%2Fmp4/otfp/1/gir/yes/clen/11050887/lmt/1545482275205339/dur/194.193/mt/1608693159/fvip/1/keepalive/yes/sparams/expire,ei,ip,id,itag,source,requiressl,vprv,ratebypass,mime,otfp,gir,clen,lmt,dur/sig/AOq0QJ8wRgIhAJIvavd2FzF4J8cxSKVWsehJ7tczep_E0K7cQ3sGyM1TAiEA4DAlbruMukO7kRNW6QWUfbFux9pU9tWh4lCa_3Yfc3Y%3D/lsparams/mh,mm,mn,ms,mv,mvi,pl,initcwndbps/lsig/AG3C_xAwRQIgPBmLBaRz14Uh_Waiq77TEgbJdrT9P0Q_cWBPPYl0PvwCIQDiEVK9BmZOSY92HbxuCBDhfIPzhdtfxAo6fvqMIHEdbQ%3D%3D/", "fragments": [{"path": "range/0-764"}, {"path": "range/1241-285287", "duration": 5.339}, {"path": "range/285288-567268", "duration": 5.338}, {"path": "range/567269-863629", "duration": 5.339}, {"path": "range/863630-1169710", "duration": 5.339}, {"path": "range/1169711-1489308", "duration": 5.338}, {"path": "range/1489309-1817344", "duration": 5.339}, {"path": "range/1817345-2148086", "duration": 5.339}, {"path": "range/2148087-2489702", "duration": 5.338}, {"path": "range/2489703-2830933", "duration": 5.339}, {"path": "range/2830934-3171438", "duration": 5.339}, {"path": "range/3171439-3511055", "duration": 5.338}, {"path": "range/3511056-3850146", "duration": 5.339}, {"path": "range/3850147-4180001", "duration": 5.339}, {"path": "range/4180002-4510398", "duration": 5.338}, {"path": "range/4510399-4837376", "duration": 5.339}, {"path": "range/4837377-5156140", "duration": 5.339}, {"path": "range/5156141-5480127", "duration": 5.338}, {"path": "range/5480128-5799131", "duration": 5.339}, {"path": "range/5799132-6104146", "duration": 5.339}, {"path": "range/6104147-6416859", "duration": 5.338}, {"path": "range/6416860-6729261", "duration": 5.339}, {"path": "range/6729262-7026667", "duration": 5.339}, {"path": "range/7026668-7325807", "duration": 5.338}, {"path": "range/7325808-7626461", "duration": 5.339}, {"path": "range/7626462-7917091", "duration": 5.339}, {"path": "range/7917092-8208344", "duration": 5.338}, {"path": "range/8208345-8499261", "duration": 5.339}, {"path": "range/8499262-8781563", "duration": 5.339}, {"path": "range/8781564-9056795", "duration": 5.338}, {"path": "range/9056796-9325371", "duration": 5.339}, {"path": "range/9325372-9577048", "duration": 5.339}, {"path": "range/9577049-9825490", "duration": 5.338}, {"path": "range/9825491-10064271", "duration": 5.339}, {"path": "range/10064272-10293748", "duration": 5.339}, {"path": "range/10293749-10517535", "duration": 5.338}, {"path": "range/10517536-10734726", "duration": 5.339}, {"path": "range/10734727-11050886", "duration": 2.002}], "protocol": "http_dash_segments", "format": "137 - 1920x1080 (DASH video)", "http_headers": {"User-Agent": "Mozilla/5.0 (Windows NT 10.0; Win64; x64) AppleWebKit/537.36 (KHTML, like Gecko) Chrome/73.0.3672.0 Safari/537.36", "Accept-Charset": "ISO-8859-1,utf-8;q=0.7,*;q=0.7", "Accept": "text/html,application/xhtml+xml,application/xml;q=0.9,*/*;q=0.8", "Accept-Encoding": "gzip, deflate", "Accept-Language": "en-us,en;q=0.5"}}, {"ext": "webm", "height": 720, "format_note": "DASH video", "vcodec": "vp9", "format_id": "247", "manifest_url": "https://manifest.googlevideo.com/api/manifest/dash/expire/1608715210/ei/arfiX5vEKNCElQSH5pawAw/ip/140.109.134.236/id/4099674cdec74701/source/youtube/requiressl/yes/playback_host/r1---sn-5njj-u2xl.googlevideo.com/mh/Cv/mm/31%2C29/mn/sn-5njj-u2xl%2Csn-un57sn7s/ms/au%2Crdu/mv/m/mvi/1/pl/16/hfr/all/as/fmp4_audio_clear%2Cwebm_audio_clear%2Cwebm2_audio_clear%2Cfmp4_sd_hd_clear%2Cwebm2_sd_hd_clear/initcwndbps/476250/vprv/1/mt/1608693159/fvip/1/keepalive/yes/itag/0/sparams/expire%2Cei%2Cip%2Cid%2Csource%2Crequiressl%2Chfr%2Cas%2Cvprv%2Citag/sig/AOq0QJ8wRAIgSZt3qVOKne9sRMdlU9hz-FGG8OZPMuRyDimd7WvgcwMCIAlDnDkjFZnUwK-MZ6cJ3CBwNXPNXjXYAwvzF9A1LFr1/lsparams/playback_host%2Cmh%2Cmm%2Cmn%2Cms%2Cmv%2Cmvi%2Cpl%2Cinitcwndbps/lsig/AG3C_xAwRQIgKotzMyumYyBZYBkOiMPHdVxEE5LNFbw9kXcfsw4Ay6ACIQDl7QVpdUlgU5RbniuGvKsK4cylKhoNTOqVGgtneCPg5A%3D%3D", "width": 1280, "tbr": 1505.28, "asr": null, "fps": 30, "language": null, "filesize": null, "container": "webm_dash", "acodec": "none", "url": "https://manifest.googlevideo.com/api/manifest/dash/expire/1608715210/ei/arfiX5vEKNCElQSH5pawAw/ip/140.109.134.236/id/4099674cdec74701/source/youtube/requiressl/yes/playback_host/r1---sn-5njj-u2xl.googlevideo.com/mh/Cv/mm/31%2C29/mn/sn-5njj-u2xl%2Csn-un57sn7s/ms/au%2Crdu/mv/m/mvi/1/pl/16/hfr/all/as/fmp4_audio_clear%2Cwebm_audio_clear%2Cwebm2_audio_clear%2Cfmp4_sd_hd_clear%2Cwebm2_sd_hd_clear/initcwndbps/476250/vprv/1/mt/1608693159/fvip/1/keepalive/yes/itag/0/sparams/expire%2Cei%2Cip%2Cid%2Csource%2Crequiressl%2Chfr%2Cas%2Cvprv%2Citag/sig/AOq0QJ8wRAIgSZt3qVOKne9sRMdlU9hz-FGG8OZPMuRyDimd7WvgcwMCIAlDnDkjFZnUwK-MZ6cJ3CBwNXPNXjXYAwvzF9A1LFr1/lsparams/playback_host%2Cmh%2Cmm%2Cmn%2Cms%2Cmv%2Cmvi%2Cpl%2Cinitcwndbps/lsig/AG3C_xAwRQIgKotzMyumYyBZYBkOiMPHdVxEE5LNFbw9kXcfsw4Ay6ACIQDl7QVpdUlgU5RbniuGvKsK4cylKhoNTOqVGgtneCPg5A%3D%3D", "fragment_base_url": "https://r1---sn-5njj-u2xl.googlevideo.com/videoplayback/expire/1608715210/ei/arfiX5vEKNCElQSH5pawAw/ip/140.109.134.236/id/4099674cdec74701/itag/247/source/yt_otf/requiressl/yes/mh/Cv/mm/31,29/mn/sn-5njj-u2xl,sn-un57sn7s/ms/au,rdu/mv/m/mvi/1/pl/16/initcwndbps/476250/vprv/1/ratebypass/yes/mime/video%2Fwebm/otfp/1/otf/1/lmt/1545482275205339/mt/1608693159/fvip/1/keepalive/yes/sparams/expire,ei,ip,id,itag,source,requiressl,vprv,ratebypass,mime,otfp,otf,lmt/sig/AOq0QJ8wRgIhALlw9e9Kit2hH7q-N3IJRHAxeSAQMuhuZxtxavbNuR5jAiEA4jrxhKpjKmnJ_U2uS3Vxwe3vhukeS08pLze8C4AdP5k%3D/lsparams/mh,mm,mn,ms,mv,mvi,pl,initcwndbps/lsig/AG3C_xAwRAIgINdMMCvF2s3r6eyvPvyNNk3Cv2BeuDkzrvwVF6ZA5zkCIA8qlnk3BV_tPavrWo2EWc-ICyhi4adbHAOt7sbhXEKg/", "fragments": [{"path": "sq/0"}, {"path": "sq/1/dur/5.339", "duration": 5.339}, {"path": "sq/2/dur/5.338", "duration": 5.338}, {"path": "sq/3/dur/5.339", "duration": 5.339}, {"path": "sq/4/dur/5.339", "duration": 5.339}, {"path": "sq/5/dur/5.338", "duration": 5.338}, {"path": "sq/6/dur/5.339", "duration": 5.339}, {"path": "sq/7/dur/5.339", "duration": 5.339}, {"path": "sq/8/dur/5.338", "duration": 5.338}, {"path": "sq/9/dur/5.339", "duration": 5.339}, {"path": "sq/10/dur/5.339", "duration": 5.339}, {"path": "sq/11/dur/5.338", "duration": 5.338}, {"path": "sq/12/dur/5.339", "duration": 5.339}, {"path": "sq/13/dur/5.339", "duration": 5.339}, {"path": "sq/14/dur/5.338", "duration": 5.338}, {"path": "sq/15/dur/5.339", "duration": 5.339}, {"path": "sq/16/dur/5.339", "duration": 5.339}, {"path": "sq/17/dur/5.338", "duration": 5.338}, {"path": "sq/18/dur/5.339", "duration": 5.339}, {"path": "sq/19/dur/5.339", "duration": 5.339}, {"path": "sq/20/dur/5.338", "duration": 5.338}, {"path": "sq/21/dur/5.339", "duration": 5.339}, {"path": "sq/22/dur/5.339", "duration": 5.339}, {"path": "sq/23/dur/5.338", "duration": 5.338}, {"path": "sq/24/dur/5.339", "duration": 5.339}, {"path": "sq/25/dur/5.339", "duration": 5.339}, {"path": "sq/26/dur/5.338", "duration": 5.338}, {"path": "sq/27/dur/5.339", "duration": 5.339}, {"path": "sq/28/dur/5.339", "duration": 5.339}, {"path": "sq/29/dur/5.338", "duration": 5.338}, {"path": "sq/30/dur/5.339", "duration": 5.339}, {"path": "sq/31/dur/5.339", "duration": 5.339}, {"path": "sq/32/dur/5.338", "duration": 5.338}, {"path": "sq/33/dur/5.339", "duration": 5.339}, {"path": "sq/34/dur/5.339", "duration": 5.339}, {"path": "sq/35/dur/5.338", "duration": 5.338}, {"path": "sq/36/dur/5.339", "duration": 5.339}, {"path": "sq/37/dur/2.002", "duration": 2.002}], "protocol": "http_dash_segments", "format": "247 - 1280x720 (DASH video)", "http_headers": {"User-Agent": "Mozilla/5.0 (Windows NT 10.0; Win64; x64) AppleWebKit/537.36 (KHTML, like Gecko) Chrome/73.0.3672.0 Safari/537.36", "Accept-Charset": "ISO-8859-1,utf-8;q=0.7,*;q=0.7", "Accept": "text/html,application/xhtml+xml,application/xml;q=0.9,*/*;q=0.8", "Accept-Encoding": "gzip, deflate", "Accept-Language": "en-us,en;q=0.5"}}, {"ext": "mp4", "height": 720, "format_note": "DASH video", "vcodec": "avc1.4d4016", "format_id": "136", "manifest_url": "https://manifest.googlevideo.com/api/manifest/dash/expire/1608715210/ei/arfiX5vEKNCElQSH5pawAw/ip/140.109.134.236/id/4099674cdec74701/source/youtube/requiressl/yes/playback_host/r1---sn-5njj-u2xl.googlevideo.com/mh/Cv/mm/31%2C29/mn/sn-5njj-u2xl%2Csn-un57sn7s/ms/au%2Crdu/mv/m/mvi/1/pl/16/hfr/all/as/fmp4_audio_clear%2Cwebm_audio_clear%2Cwebm2_audio_clear%2Cfmp4_sd_hd_clear%2Cwebm2_sd_hd_clear/initcwndbps/476250/vprv/1/mt/1608693159/fvip/1/keepalive/yes/itag/0/sparams/expire%2Cei%2Cip%2Cid%2Csource%2Crequiressl%2Chfr%2Cas%2Cvprv%2Citag/sig/AOq0QJ8wRAIgSZt3qVOKne9sRMdlU9hz-FGG8OZPMuRyDimd7WvgcwMCIAlDnDkjFZnUwK-MZ6cJ3CBwNXPNXjXYAwvzF9A1LFr1/lsparams/playback_host%2Cmh%2Cmm%2Cmn%2Cms%2Cmv%2Cmvi%2Cpl%2Cinitcwndbps/lsig/AG3C_xAwRQIgKotzMyumYyBZYBkOiMPHdVxEE5LNFbw9kXcfsw4Ay6ACIQDl7QVpdUlgU5RbniuGvKsK4cylKhoNTOqVGgtneCPg5A%3D%3D", "width": 1280, "tbr": 2310.0, "asr": null, "fps": 30, "language": null, "filesize": null, "container": "mp4_dash", "acodec": "none", "url": "https://manifest.googlevideo.com/api/manifest/dash/expire/1608715210/ei/arfiX5vEKNCElQSH5pawAw/ip/140.109.134.236/id/4099674cdec74701/source/youtube/requiressl/yes/playback_host/r1---sn-5njj-u2xl.googlevideo.com/mh/Cv/mm/31%2C29/mn/sn-5njj-u2xl%2Csn-un57sn7s/ms/au%2Crdu/mv/m/mvi/1/pl/16/hfr/all/as/fmp4_audio_clear%2Cwebm_audio_clear%2Cwebm2_audio_clear%2Cfmp4_sd_hd_clear%2Cwebm2_sd_hd_clear/initcwndbps/476250/vprv/1/mt/1608693159/fvip/1/keepalive/yes/itag/0/sparams/expire%2Cei%2Cip%2Cid%2Csource%2Crequiressl%2Chfr%2Cas%2Cvprv%2Citag/sig/AOq0QJ8wRAIgSZt3qVOKne9sRMdlU9hz-FGG8OZPMuRyDimd7WvgcwMCIAlDnDkjFZnUwK-MZ6cJ3CBwNXPNXjXYAwvzF9A1LFr1/lsparams/playback_host%2Cmh%2Cmm%2Cmn%2Cms%2Cmv%2Cmvi%2Cpl%2Cinitcwndbps/lsig/AG3C_xAwRQIgKotzMyumYyBZYBkOiMPHdVxEE5LNFbw9kXcfsw4Ay6ACIQDl7QVpdUlgU5RbniuGvKsK4cylKhoNTOqVGgtneCPg5A%3D%3D", "fragment_base_url": "https://r1---sn-5njj-u2xl.googlevideo.com/videoplayback/expire/1608715210/ei/arfiX5vEKNCElQSH5pawAw/ip/140.109.134.236/id/4099674cdec74701/itag/136/source/yt_otf/requiressl/yes/mh/Cv/mm/31,29/mn/sn-5njj-u2xl,sn-un57sn7s/ms/au,rdu/mv/m/mvi/1/pl/16/initcwndbps/476250/vprv/1/ratebypass/yes/mime/video%2Fmp4/otfp/1/otf/1/lmt/1545482275205339/mt/1608693159/fvip/1/keepalive/yes/sparams/expire,ei,ip,id,itag,source,requiressl,vprv,ratebypass,mime,otfp,otf,lmt/sig/AOq0QJ8wRQIgZoOfMZEQxa6olWODAPE4YNnv9WPHxyJGIZCZyHUQzMkCIQCyvIY0ypEB35lsusR1DsCYDu0nO91xNabu_YROnNC4Fw%3D%3D/lsparams/mh,mm,mn,ms,mv,mvi,pl,initcwndbps/lsig/AG3C_xAwRgIhAK7MrYn3OHRrbcdvj5uN1pKSJx3ZeLwwvnB_Q8s-auliAiEA1B8-NQjLhdDZzsjmFU0H60aPhS8AhUEhPAiGNCs_-uM%3D/", "fragments": [{"path": "sq/0"}, {"path": "sq/1/dur/5.339", "duration": 5.339}, {"path": "sq/2/dur/5.338", "duration": 5.338}, {"path": "sq/3/dur/5.339", "duration": 5.339}, {"path": "sq/4/dur/5.339", "duration": 5.339}, {"path": "sq/5/dur/5.338", "duration": 5.338}, {"path": "sq/6/dur/5.339", "duration": 5.339}, {"path": "sq/7/dur/5.339", "duration": 5.339}, {"path": "sq/8/dur/5.338", "duration": 5.338}, {"path": "sq/9/dur/5.339", "duration": 5.339}, {"path": "sq/10/dur/5.339", "duration": 5.339}, {"path": "sq/11/dur/5.338", "duration": 5.338}, {"path": "sq/12/dur/5.339", "duration": 5.339}, {"path": "sq/13/dur/5.339", "duration": 5.339}, {"path": "sq/14/dur/5.338", "duration": 5.338}, {"path": "sq/15/dur/5.339", "duration": 5.339}, {"path": "sq/16/dur/5.339", "duration": 5.339}, {"path": "sq/17/dur/5.338", "duration": 5.338}, {"path": "sq/18/dur/5.339", "duration": 5.339}, {"path": "sq/19/dur/5.339", "duration": 5.339}, {"path": "sq/20/dur/5.338", "duration": 5.338}, {"path": "sq/21/dur/5.339", "duration": 5.339}, {"path": "sq/22/dur/5.339", "duration": 5.339}, {"path": "sq/23/dur/5.338", "duration": 5.338}, {"path": "sq/24/dur/5.339", "duration": 5.339}, {"path": "sq/25/dur/5.339", "duration": 5.339}, {"path": "sq/26/dur/5.338", "duration": 5.338}, {"path": "sq/27/dur/5.339", "duration": 5.339}, {"path": "sq/28/dur/5.339", "duration": 5.339}, {"path": "sq/29/dur/5.338", "duration": 5.338}, {"path": "sq/30/dur/5.339", "duration": 5.339}, {"path": "sq/31/dur/5.339", "duration": 5.339}, {"path": "sq/32/dur/5.338", "duration": 5.338}, {"path": "sq/33/dur/5.339", "duration": 5.339}, {"path": "sq/34/dur/5.339", "duration": 5.339}, {"path": "sq/35/dur/5.338", "duration": 5.338}, {"path": "sq/36/dur/5.339", "duration": 5.339}, {"path": "sq/37/dur/2.002", "duration": 2.002}], "protocol": "http_dash_segments", "format": "136 - 1280x720 (DASH video)", "http_headers": {"User-Agent": "Mozilla/5.0 (Windows NT 10.0; Win64; x64) AppleWebKit/537.36 (KHTML, like Gecko) Chrome/73.0.3672.0 Safari/537.36", "Accept-Charset": "ISO-8859-1,utf-8;q=0.7,*;q=0.7", "Accept": "text/html,application/xhtml+xml,application/xml;q=0.9,*/*;q=0.8", "Accept-Encoding": "gzip, deflate", "Accept-Language": "en-us,en;q=0.5"}}, {"ext": "webm", "height": 1080, "format_note": "DASH video", "vcodec": "vp9", "format_id": "248", "manifest_url": "https://manifest.googlevideo.com/api/manifest/dash/expire/1608715210/ei/arfiX5vEKNCElQSH5pawAw/ip/140.109.134.236/id/4099674cdec74701/source/youtube/requiressl/yes/playback_host/r1---sn-5njj-u2xl.googlevideo.com/mh/Cv/mm/31%2C29/mn/sn-5njj-u2xl%2Csn-un57sn7s/ms/au%2Crdu/mv/m/mvi/1/pl/16/hfr/all/as/fmp4_audio_clear%2Cwebm_audio_clear%2Cwebm2_audio_clear%2Cfmp4_sd_hd_clear%2Cwebm2_sd_hd_clear/initcwndbps/476250/vprv/1/mt/1608693159/fvip/1/keepalive/yes/itag/0/sparams/expire%2Cei%2Cip%2Cid%2Csource%2Crequiressl%2Chfr%2Cas%2Cvprv%2Citag/sig/AOq0QJ8wRAIgSZt3qVOKne9sRMdlU9hz-FGG8OZPMuRyDimd7WvgcwMCIAlDnDkjFZnUwK-MZ6cJ3CBwNXPNXjXYAwvzF9A1LFr1/lsparams/playback_host%2Cmh%2Cmm%2Cmn%2Cms%2Cmv%2Cmvi%2Cpl%2Cinitcwndbps/lsig/AG3C_xAwRQIgKotzMyumYyBZYBkOiMPHdVxEE5LNFbw9kXcfsw4Ay6ACIQDl7QVpdUlgU5RbniuGvKsK4cylKhoNTOqVGgtneCPg5A%3D%3D", "width": 1920, "tbr": 2646.0, "asr": null, "fps": 30, "language": null, "filesize": null, "container": "webm_dash", "acodec": "none", "url": "https://manifest.googlevideo.com/api/manifest/dash/expire/1608715210/ei/arfiX5vEKNCElQSH5pawAw/ip/140.109.134.236/id/4099674cdec74701/source/youtube/requiressl/yes/playback_host/r1---sn-5njj-u2xl.googlevideo.com/mh/Cv/mm/31%2C29/mn/sn-5njj-u2xl%2Csn-un57sn7s/ms/au%2Crdu/mv/m/mvi/1/pl/16/hfr/all/as/fmp4_audio_clear%2Cwebm_audio_clear%2Cwebm2_audio_clear%2Cfmp4_sd_hd_clear%2Cwebm2_sd_hd_clear/initcwndbps/476250/vprv/1/mt/1608693159/fvip/1/keepalive/yes/itag/0/sparams/expire%2Cei%2Cip%2Cid%2Csource%2Crequiressl%2Chfr%2Cas%2Cvprv%2Citag/sig/AOq0QJ8wRAIgSZt3qVOKne9sRMdlU9hz-FGG8OZPMuRyDimd7WvgcwMCIAlDnDkjFZnUwK-MZ6cJ3CBwNXPNXjXYAwvzF9A1LFr1/lsparams/playback_host%2Cmh%2Cmm%2Cmn%2Cms%2Cmv%2Cmvi%2Cpl%2Cinitcwndbps/lsig/AG3C_xAwRQIgKotzMyumYyBZYBkOiMPHdVxEE5LNFbw9kXcfsw4Ay6ACIQDl7QVpdUlgU5RbniuGvKsK4cylKhoNTOqVGgtneCPg5A%3D%3D", "fragment_base_url": "https://r1---sn-5njj-u2xl.googlevideo.com/videoplayback/expire/1608715210/ei/arfiX5vEKNCElQSH5pawAw/ip/140.109.134.236/id/4099674cdec74701/itag/248/source/yt_otf/requiressl/yes/mh/Cv/mm/31,29/mn/sn-5njj-u2xl,sn-un57sn7s/ms/au,rdu/mv/m/mvi/1/pl/16/initcwndbps/476250/vprv/1/ratebypass/yes/mime/video%2Fwebm/otfp/1/otf/1/lmt/1545482275205339/mt/1608693159/fvip/1/keepalive/yes/sparams/expire,ei,ip,id,itag,source,requiressl,vprv,ratebypass,mime,otfp,otf,lmt/sig/AOq0QJ8wRQIgGKb0zhgvQ947u3__WtQ8G0woFjfp_Ci8IPybNaPbd7cCIQDdaPDBNGUoHf5t203rNk5osAiIk9BLMkrld3Z9ygynWA%3D%3D/lsparams/mh,mm,mn,ms,mv,mvi,pl,initcwndbps/lsig/AG3C_xAwRQIhANUK0ExMcrdmSSlAYto4NPCn7AgME91MN8D24KvACQ9RAiANAzGDjRDnEKZQ-213oBdjO5jQ5r1hi8lbRKgoyqqhxA%3D%3D/", "fragments": [{"path": "sq/0"}, {"path": "sq/1/dur/5.339", "duration": 5.339}, {"path": "sq/2/dur/5.338", "duration": 5.338}, {"path": "sq/3/dur/5.339", "duration": 5.339}, {"path": "sq/4/dur/5.339", "duration": 5.339}, {"path": "sq/5/dur/5.338", "duration": 5.338}, {"path": "sq/6/dur/5.339", "duration": 5.339}, {"path": "sq/7/dur/5.339", "duration": 5.339}, {"path": "sq/8/dur/5.338", "duration": 5.338}, {"path": "sq/9/dur/5.339", "duration": 5.339}, {"path": "sq/10/dur/5.339", "duration": 5.339}, {"path": "sq/11/dur/5.338", "duration": 5.338}, {"path": "sq/12/dur/5.339", "duration": 5.339}, {"path": "sq/13/dur/5.339", "duration": 5.339}, {"path": "sq/14/dur/5.338", "duration": 5.338}, {"path": "sq/15/dur/5.339", "duration": 5.339}, {"path": "sq/16/dur/5.339", "duration": 5.339}, {"path": "sq/17/dur/5.338", "duration": 5.338}, {"path": "sq/18/dur/5.339", "duration": 5.339}, {"path": "sq/19/dur/5.339", "duration": 5.339}, {"path": "sq/20/dur/5.338", "duration": 5.338}, {"path": "sq/21/dur/5.339", "duration": 5.339}, {"path": "sq/22/dur/5.339", "duration": 5.339}, {"path": "sq/23/dur/5.338", "duration": 5.338}, {"path": "sq/24/dur/5.339", "duration": 5.339}, {"path": "sq/25/dur/5.339", "duration": 5.339}, {"path": "sq/26/dur/5.338", "duration": 5.338}, {"path": "sq/27/dur/5.339", "duration": 5.339}, {"path": "sq/28/dur/5.339", "duration": 5.339}, {"path": "sq/29/dur/5.338", "duration": 5.338}, {"path": "sq/30/dur/5.339", "duration": 5.339}, {"path": "sq/31/dur/5.339", "duration": 5.339}, {"path": "sq/32/dur/5.338", "duration": 5.338}, {"path": "sq/33/dur/5.339", "duration": 5.339}, {"path": "sq/34/dur/5.339", "duration": 5.339}, {"path": "sq/35/dur/5.338", "duration": 5.338}, {"path": "sq/36/dur/5.339", "duration": 5.339}, {"path": "sq/37/dur/2.002", "duration": 2.002}], "protocol": "http_dash_segments", "format": "248 - 1920x1080 (DASH video)", "http_headers": {"User-Agent": "Mozilla/5.0 (Windows NT 10.0; Win64; x64) AppleWebKit/537.36 (KHTML, like Gecko) Chrome/73.0.3672.0 Safari/537.36", "Accept-Charset": "ISO-8859-1,utf-8;q=0.7,*;q=0.7", "Accept": "text/html,application/xhtml+xml,application/xml;q=0.9,*/*;q=0.8", "Accept-Encoding": "gzip, deflate", "Accept-Language": "en-us,en;q=0.5"}}, {"format_id": "18", "url": "https://r1---sn-5njj-u2xl.googlevideo.com/videoplayback?expire=1608715210&ei=arfiX5vEKNCElQSH5pawAw&ip=140.109.134.236&id=o-AMwAJnGM5_Nk8lU8KbA_1fLcSx3gzoFH6M1QhdzmOjl2&itag=18&source=youtube&requiressl=yes&mh=Cv&mm=31%2C29&mn=sn-5njj-u2xl%2Csn-un57sn7s&ms=au%2Crdu&mv=m&mvi=1&pl=16&initcwndbps=476250&vprv=1&mime=video%2Fmp4&ns=RgcTSFF5Q6NHQnLxNWo8EfIF&gir=yes&clen=5253368&ratebypass=yes&dur=194.258&lmt=1545482274703148&mt=1608693159&fvip=1&c=WEB&txp=2211222&n=XpeL8BCGbf6rfovu&sparams=expire%2Cei%2Cip%2Cid%2Citag%2Csource%2Crequiressl%2Cvprv%2Cmime%2Cns%2Cgir%2Cclen%2Cratebypass%2Cdur%2Clmt&lsparams=mh%2Cmm%2Cmn%2Cms%2Cmv%2Cmvi%2Cpl%2Cinitcwndbps&lsig=AG3C_xAwRQIgTULEyNJoZG3ywgkacs6I4_e0VxhO1BYVvR_ms_VevskCIQDvsH4MOWoAii3PUBe2ibXvW-DJzCHAJ3WzZsnT_DfzvA%3D%3D&sig=AOq0QJ8wRAIgTFw6tY73fGQK-MLAGg4LuEnXY8KkV217t1pKCtJqWCMCIDeuvIhMvrKd7MUOP5OjlNRROPWFlKhMCT2Y6JZvE13V", "player_url": "/s/player/5dd3f3b2/player_ias.vflset/en_US/base.js", "ext": "mp4", "width": 640, "height": 360, "acodec": "mp4a.40.2", "abr": 96, "vcodec": "avc1.42001E", "asr": 44100, "filesize": 5253368, "format_note": "360p", "fps": 30, "tbr": 216.418, "format": "18 - 640x360 (360p)", "protocol": "https", "http_headers": {"User-Agent": "Mozilla/5.0 (Windows NT 10.0; Win64; x64) AppleWebKit/537.36 (KHTML, like Gecko) Chrome/73.0.3672.0 Safari/537.36", "Accept-Charset": "ISO-8859-1,utf-8;q=0.7,*;q=0.7", "Accept": "text/html,application/xhtml+xml,application/xml;q=0.9,*/*;q=0.8", "Accept-Encoding": "gzip, deflate", "Accept-Language": "en-us,en;q=0.5"}}], "is_live": null, "start_time": null, "end_time": null, "series": null, "season_number": null, "episode_number": null, "track": null, "artist": null, "album": null, "release_date": null, "release_year": null, "extractor": "youtube", "webpage_url_basename": "watch", "extractor_key": "Youtube", "playlist": null, "playlist_index": null, "thumbnail": "https://i.ytimg.com/vi_webp/QJlnTN7HRwE/maxresdefault.webp", "display_id": "QJlnTN7HRwE", "requested_subtitles": null, "ext": "webm", "format_note": "DASH audio", "acodec": "opus", "abr": 160, "format_id": "251", "manifest_url": "https://manifest.googlevideo.com/api/manifest/dash/expire/1608715210/ei/arfiX5vEKNCElQSH5pawAw/ip/140.109.134.236/id/4099674cdec74701/source/youtube/requiressl/yes/playback_host/r1---sn-5njj-u2xl.googlevideo.com/mh/Cv/mm/31%2C29/mn/sn-5njj-u2xl%2Csn-un57sn7s/ms/au%2Crdu/mv/m/mvi/1/pl/16/hfr/all/as/fmp4_audio_clear%2Cwebm_audio_clear%2Cwebm2_audio_clear%2Cfmp4_sd_hd_clear%2Cwebm2_sd_hd_clear/initcwndbps/476250/vprv/1/mt/1608693159/fvip/1/keepalive/yes/itag/0/sparams/expire%2Cei%2Cip%2Cid%2Csource%2Crequiressl%2Chfr%2Cas%2Cvprv%2Citag/sig/AOq0QJ8wRAIgSZt3qVOKne9sRMdlU9hz-FGG8OZPMuRyDimd7WvgcwMCIAlDnDkjFZnUwK-MZ6cJ3CBwNXPNXjXYAwvzF9A1LFr1/lsparams/playback_host%2Cmh%2Cmm%2Cmn%2Cms%2Cmv%2Cmvi%2Cpl%2Cinitcwndbps/lsig/AG3C_xAwRQIgKotzMyumYyBZYBkOiMPHdVxEE5LNFbw9kXcfsw4Ay6ACIQDl7QVpdUlgU5RbniuGvKsK4cylKhoNTOqVGgtneCPg5A%3D%3D", "width": null, "height": null, "tbr": 157.254, "asr": 48000, "fps": null, "language": null, "filesize": null, "container": "webm_dash", "vcodec": "none", "url": "https://manifest.googlevideo.com/api/manifest/dash/expire/1608715210/ei/arfiX5vEKNCElQSH5pawAw/ip/140.109.134.236/id/4099674cdec74701/source/youtube/requiressl/yes/playback_host/r1---sn-5njj-u2xl.googlevideo.com/mh/Cv/mm/31%2C29/mn/sn-5njj-u2xl%2Csn-un57sn7s/ms/au%2Crdu/mv/m/mvi/1/pl/16/hfr/all/as/fmp4_audio_clear%2Cwebm_audio_clear%2Cwebm2_audio_clear%2Cfmp4_sd_hd_clear%2Cwebm2_sd_hd_clear/initcwndbps/476250/vprv/1/mt/1608693159/fvip/1/keepalive/yes/itag/0/sparams/expire%2Cei%2Cip%2Cid%2Csource%2Crequiressl%2Chfr%2Cas%2Cvprv%2Citag/sig/AOq0QJ8wRAIgSZt3qVOKne9sRMdlU9hz-FGG8OZPMuRyDimd7WvgcwMCIAlDnDkjFZnUwK-MZ6cJ3CBwNXPNXjXYAwvzF9A1LFr1/lsparams/playback_host%2Cmh%2Cmm%2Cmn%2Cms%2Cmv%2Cmvi%2Cpl%2Cinitcwndbps/lsig/AG3C_xAwRQIgKotzMyumYyBZYBkOiMPHdVxEE5LNFbw9kXcfsw4Ay6ACIQDl7QVpdUlgU5RbniuGvKsK4cylKhoNTOqVGgtneCPg5A%3D%3D", "fragment_base_url": "https://r1---sn-5njj-u2xl.googlevideo.com/videoplayback/expire/1608715210/ei/arfiX5vEKNCElQSH5pawAw/ip/140.109.134.236/id/4099674cdec74701/itag/251/source/youtube/requiressl/yes/mh/Cv/mm/31,29/mn/sn-5njj-u2xl,sn-un57sn7s/ms/au,rdu/mv/m/mvi/1/pl/16/initcwndbps/476250/vprv/1/ratebypass/yes/mime/audio%2Fwebm/otfp/1/gir/yes/clen/3595961/lmt/1564181799108695/dur/194.281/mt/1608693159/fvip/1/keepalive/yes/sparams/expire,ei,ip,id,itag,source,requiressl,vprv,ratebypass,mime,otfp,gir,clen,lmt,dur/sig/AOq0QJ8wRgIhANkUgdSGA8wSopBLaeAuyhcWOnYSLKyfd1jtKO9JIxcMAiEA5ABaCbxcSJOpZdtE2yWnmBEERrUilpxLG373XVLpqpU%3D/lsparams/mh,mm,mn,ms,mv,mvi,pl,initcwndbps/lsig/AG3C_xAwRQIhAI1lHYgdaFMW2xBGVuZHpib8bta4grf4eJC2wMsQBR_LAiAgqRgQEp7rDY3Ak8lBZy0RmtfMptBIiRDfsINB8gDhTA%3D%3D/", "fragments": [{"path": "range/0-258"}, {"path": "range/596-160361", "duration": 10.001}, {"path": "range/160362-349287", "duration": 10.0}, {"path": "range/349288-533138", "duration": 10.0}, {"path": "range/533139-719268", "duration": 10.0}, {"path": "range/719269-911549", "duration": 10.0}, {"path": "range/911550-1102566", "duration": 10.0}, {"path": "range/1102567-1291139", "duration": 10.0}, {"path": "range/1291140-1479486", "duration": 10.0}, {"path": "range/1479487-1670370", "duration": 10.0}, {"path": "range/1670371-1853467", "duration": 10.0}, {"path": "range/1853468-2040738", "duration": 10.0}, {"path": "range/2040739-2235530", "duration": 10.0}, {"path": "range/2235531-2428268", "duration": 10.0}, {"path": "range/2428269-2624836", "duration": 10.0}, {"path": "range/2624837-2814384", "duration": 10.0}, {"path": "range/2814385-3005835", "duration": 10.0}, {"path": "range/3005836-3187925", "duration": 10.0}, {"path": "range/3187926-3370512", "duration": 10.0}, {"path": "range/3370513-3541124", "duration": 10.0}, {"path": "range/3541125-3595960", "duration": 4.28}], "protocol": "http_dash_segments", "format": "251 - audio only (DASH audio)", "http_headers": {"User-Agent": "Mozilla/5.0 (Windows NT 10.0; Win64; x64) AppleWebKit/537.36 (KHTML, like Gecko) Chrome/73.0.3672.0 Safari/537.36", "Accept-Charset": "ISO-8859-1,utf-8;q=0.7,*;q=0.7", "Accept": "text/html,application/xhtml+xml,application/xml;q=0.9,*/*;q=0.8", "Accept-Encoding": "gzip, deflate", "Accept-Language": "en-us,en;q=0.5"}}