{"id": "VrWAZLRdQO8", "uploader": "Martin Jones - Topic", "uploader_id": "UCu5Rn8J_fh0ZMf9gAFTVG7Q", "uploader_url": "http://www.youtube.com/channel/UCu5Rn8J_fh0ZMf9gAFTVG7Q", "channel_id": "UCu5Rn8J_fh0ZMf9gAFTVG7Q", "channel_url": "http://www.youtube.com/channel/UCu5Rn8J_fh0ZMf9gAFTVG7Q", "upload_date": "20160415", "license": null, "creator": "Martin Jones, Federico Mompou", "title": "Charmes: II. Lent", "alt_title": "Charmes: II. Lent", "thumbnails": [{"url": "https://i.ytimg.com/vi/VrWAZLRdQO8/hqdefault.jpg?sqp=-oaymwEYCKgBEF5IVfKriqkDCwgBFQAAiEIYAXAB&rs=AOn4CLDhDevW0lFeVGbfGeCRRO8AWbSC9w", "width": 168, "height": 94, "resolution": "168x94", "id": "0"}, {"url": "https://i.ytimg.com/vi/VrWAZLRdQO8/hqdefault.jpg?sqp=-oaymwEYCMQBEG5IVfKriqkDCwgBFQAAiEIYAXAB&rs=AOn4CLBJkIRyicwQ4Mc2LOc9NnzhYjv4Kg", "width": 196, "height": 110, "resolution": "196x110", "id": "1"}, {"url": "https://i.ytimg.com/vi/VrWAZLRdQO8/hqdefault.jpg?sqp=-oaymwEZCPYBEIoBSFXyq4qpAwsIARUAAIhCGAFwAQ==&rs=AOn4CLBG_RJUFuFvMHnBVd6mZAWEA-xbJw", "width": 246, "height": 138, "resolution": "246x138", "id": "2"}, {"url": "https://i.ytimg.com/vi/VrWAZLRdQO8/hqdefault.jpg?sqp=-oaymwEZCNACELwBSFXyq4qpAwsIARUAAIhCGAFwAQ==&rs=AOn4CLAvlS6NoY4hKVSEhe-JgUDpZsdS8w", "width": 336, "height": 188, "resolution": "336x188", "id": "3"}, {"url": "https://i.ytimg.com/vi_webp/VrWAZLRdQO8/maxresdefault.webp", "width": 1920, "height": 1080, "resolution": "1920x1080", "id": "4"}], "description": "Provided to YouTube by The Orchard Enterprises\n\nCharmes: II. Lent \u00b7 Martin Jones \u00b7 Federico Mompou\n\nMompou: The Piano Music\n\n\u2117 2004 Wyastone Estate Limited\n\nReleased on: 2004-03-01\n\nAuto-generated by YouTube.", "categories": ["Music"], "tags": ["Martin", "Jones", "Federico", "Mompou", "Mompou:", "The", "Piano", "Music", "Charmes:", "II.", "Lent"], "subtitles": {}, "automatic_captions": {}, "duration": 118, "age_limit": 0, "annotations": null, "chapters": null, "webpage_url": "https://www.youtube.com/watch?v=VrWAZLRdQO8", "view_count": 37, "like_count": 2, "dislike_count": null, "average_rating": 5.0, "formats": [{"format_id": "249", "url": "https://r2---sn-ipoxu-u2x6.googlevideo.com/videoplayback?expire=1610392147&ei=8k38X-emO8O_gQPg0JKQAg&ip=220.129.26.102&id=o-AEgvHlypBa1s_JPvon3YVA1UkUOXvHpjuw_qk-btsTNW&itag=249&source=youtube&requiressl=yes&mh=Ox&mm=31%2C29&mn=sn-ipoxu-u2x6%2Csn-un57sn7s&ms=au%2Crdu&mv=m&mvi=2&pl=21&gcr=tw&initcwndbps=1117500&vprv=1&mime=audio%2Fwebm&ns=vWsRJDoGjhlsxSBQF73HTz8F&gir=yes&clen=1064599&dur=117.781&lmt=1574181849097149&mt=1610370272&fvip=2&keepalive=yes&c=WEB&txp=1301222&n=j31WKrBkOJIZA0&sparams=expire%2Cei%2Cip%2Cid%2Citag%2Csource%2Crequiressl%2Cgcr%2Cvprv%2Cmime%2Cns%2Cgir%2Cclen%2Cdur%2Clmt&lsparams=mh%2Cmm%2Cmn%2Cms%2Cmv%2Cmvi%2Cpl%2Cinitcwndbps&lsig=AG3C_xAwRQIgUUqPIyC9Crd1rUDLgUBiUxYz_BudjecPcjfbSdOC-bACIQCsuEXScoG-Y5ibTvQfYNmrHQMNBw7laQpoTDX9cYbtMg%3D%3D&sig=AOq0QJ8wRAIgQcw9Hc-4QigKo9usxDIdxWuVo14TPtGeAFPbkec98QQCIFUSk0FsisfBhd5rSbOTbeeJj9RPrYq9nAuTsAp80aD9&ratebypass=yes", "player_url": "/s/player/9f996d3e/player_ias.vflset/en_US/base.js", "ext": "webm", "format_note": "tiny", "acodec": "opus", "abr": 50, "asr": 48000, "filesize": 1064599, "fps": null, "height": null, "tbr": 80.283, "width": null, "vcodec": "none", "downloader_options": {"http_chunk_size": 10485760}, "format": "249 - audio only (tiny)", "protocol": "https", "http_headers": {"User-Agent": "Mozilla/5.0 (Windows NT 10.0; Win64; x64) AppleWebKit/537.36 (KHTML, like Gecko) Chrome/73.0.3683.38 Safari/537.36", "Accept-Charset": "ISO-8859-1,utf-8;q=0.7,*;q=0.7", "Accept": "text/html,application/xhtml+xml,application/xml;q=0.9,*/*;q=0.8", "Accept-Encoding": "gzip, deflate", "Accept-Language": "en-us,en;q=0.5"}}, {"format_id": "250", "url": "https://r2---sn-ipoxu-u2x6.googlevideo.com/videoplayback?expire=1610392147&ei=8k38X-emO8O_gQPg0JKQAg&ip=220.129.26.102&id=o-AEgvHlypBa1s_JPvon3YVA1UkUOXvHpjuw_qk-btsTNW&itag=250&source=youtube&requiressl=yes&mh=Ox&mm=31%2C29&mn=sn-ipoxu-u2x6%2Csn-un57sn7s&ms=au%2Crdu&mv=m&mvi=2&pl=21&gcr=tw&initcwndbps=1117500&vprv=1&mime=audio%2Fwebm&ns=vWsRJDoGjhlsxSBQF73HTz8F&gir=yes&clen=1318664&dur=117.781&lmt=1574181844099432&mt=1610370272&fvip=2&keepalive=yes&c=WEB&txp=1301222&n=j31WKrBkOJIZA0&sparams=expire%2Cei%2Cip%2Cid%2Citag%2Csource%2Crequiressl%2Cgcr%2Cvprv%2Cmime%2Cns%2Cgir%2Cclen%2Cdur%2Clmt&lsparams=mh%2Cmm%2Cmn%2Cms%2Cmv%2Cmvi%2Cpl%2Cinitcwndbps&lsig=AG3C_xAwRQIgG0S7inGZYLI9MGQKaVdznhcPbNYTVzX5WVtAXmdUQZ8CIQCo_4FkMrPVkUS5qSyKf434xCQLP9N2hqSmSdbj6HIwJw%3D%3D&sig=AOq0QJ8wRgIhAO1e7RU2j3sOosMKmFqXPNqesRA9OM8XbyZp1tY6H-OjAiEA8vncYRXKgOVtdarwfYrVFfQgwuzIAIVs5v1Rpg0gEc0=&ratebypass=yes", "player_url": "/s/player/9f996d3e/player_ias.vflset/en_US/base.js", "ext": "webm", "format_note": "tiny", "acodec": "opus", "abr": 70, "asr": 48000, "filesize": 1318664, "fps": null, "height": null, "tbr": 98.655, "width": null, "vcodec": "none", "downloader_options": {"http_chunk_size": 10485760}, "format": "250 - audio only (tiny)", "protocol": "https", "http_headers": {"User-Agent": "Mozilla/5.0 (Windows NT 10.0; Win64; x64) AppleWebKit/537.36 (KHTML, like Gecko) Chrome/73.0.3683.38 Safari/537.36", "Accept-Charset": "ISO-8859-1,utf-8;q=0.7,*;q=0.7", "Accept": "text/html,application/xhtml+xml,application/xml;q=0.9,*/*;q=0.8", "Accept-Encoding": "gzip, deflate", "Accept-Language": "en-us,en;q=0.5"}}, {"format_id": "140", "url": "https://r2---sn-ipoxu-u2x6.googlevideo.com/videoplayback?expire=1610392147&ei=8k38X-emO8O_gQPg0JKQAg&ip=220.129.26.102&id=o-AEgvHlypBa1s_JPvon3YVA1UkUOXvHpjuw_qk-btsTNW&itag=140&source=youtube&requiressl=yes&mh=Ox&mm=31%2C29&mn=sn-ipoxu-u2x6%2Csn-un57sn7s&ms=au%2Crdu&mv=m&mvi=2&pl=21&gcr=tw&initcwndbps=1117500&vprv=1&mime=audio%2Fmp4&ns=vWsRJDoGjhlsxSBQF73HTz8F&gir=yes&clen=1908918&dur=117.759&lmt=1601246657674960&mt=1610370272&fvip=2&keepalive=yes&c=WEB&txp=1311222&n=j31WKrBkOJIZA0&sparams=expire%2Cei%2Cip%2Cid%2Citag%2Csource%2Crequiressl%2Cgcr%2Cvprv%2Cmime%2Cns%2Cgir%2Cclen%2Cdur%2Clmt&lsparams=mh%2Cmm%2Cmn%2Cms%2Cmv%2Cmvi%2Cpl%2Cinitcwndbps&lsig=AG3C_xAwRQIhAKOZ-9wssWfivGMncAjaYj-mfzYUZADW9KF3nTphVjjDAiAba67QIh0rluSbtxguLUzEF-p5wo8liV7qUlubF7r1Hg%3D%3D&sig=AOq0QJ8wRAIgf1vSWFGuIOdY2fDqNyEidYz1cvWo7seGNJx1LREYNDsCIAb1GSCIZmnDkvZozGlOVmJ5DcMaJxsmPL1OjTuFotSq&ratebypass=yes", "player_url": "/s/player/9f996d3e/player_ias.vflset/en_US/base.js", "ext": "m4a", "format_note": "tiny", "acodec": "mp4a.40.2", "abr": 128, "container": "m4a_dash", "asr": 44100, "filesize": 1908918, "fps": null, "height": null, "tbr": 130.951, "width": null, "vcodec": "none", "downloader_options": {"http_chunk_size": 10485760}, "format": "140 - audio only (tiny)", "protocol": "https", "http_headers": {"User-Agent": "Mozilla/5.0 (Windows NT 10.0; Win64; x64) AppleWebKit/537.36 (KHTML, like Gecko) Chrome/73.0.3683.38 Safari/537.36", "Accept-Charset": "ISO-8859-1,utf-8;q=0.7,*;q=0.7", "Accept": "text/html,application/xhtml+xml,application/xml;q=0.9,*/*;q=0.8", "Accept-Encoding": "gzip, deflate", "Accept-Language": "en-us,en;q=0.5"}}, {"format_id": "251", "url": "https://r2---sn-ipoxu-u2x6.googlevideo.com/videoplayback?expire=1610392147&ei=8k38X-emO8O_gQPg0JKQAg&ip=220.129.26.102&id=o-AEgvHlypBa1s_JPvon3YVA1UkUOXvHpjuw_qk-btsTNW&itag=251&source=youtube&requiressl=yes&mh=Ox&mm=31%2C29&mn=sn-ipoxu-u2x6%2Csn-un57sn7s&ms=au%2Crdu&mv=m&mvi=2&pl=21&gcr=tw&initcwndbps=1117500&vprv=1&mime=audio%2Fwebm&ns=vWsRJDoGjhlsxSBQF73HTz8F&gir=yes&clen=2349175&dur=117.781&lmt=1574181845008613&mt=1610370272&fvip=2&keepalive=yes&c=WEB&txp=1301222&n=j31WKrBkOJIZA0&sparams=expire%2Cei%2Cip%2Cid%2Citag%2Csource%2Crequiressl%2Cgcr%2Cvprv%2Cmime%2Cns%2Cgir%2Cclen%2Cdur%2Clmt&lsparams=mh%2Cmm%2Cmn%2Cms%2Cmv%2Cmvi%2Cpl%2Cinitcwndbps&lsig=AG3C_xAwRQIhALsWb7dXaG7EKOCY4CGIq_MWRlOwVUMOfN4dpr9depVXAiAiogPnZYYIwasOKWDvGaROjr5wM8mn5xlYndzPzvP6ZQ%3D%3D&sig=AOq0QJ8wRgIhAIBlFgdfeeK55kZqg9QXK-QnqJTUDGnhgjEWqkDi5mnwAiEAveLovVYevc1vaPHW8xnEN4yGGjfuU5jQkPGaei5iqmQ=&ratebypass=yes", "player_url": "/s/player/9f996d3e/player_ias.vflset/en_US/base.js", "ext": "webm", "format_note": "tiny", "acodec": "opus", "abr": 160, "asr": 48000, "filesize": 2349175, "fps": null, "height": null, "tbr": 167.678, "width": null, "vcodec": "none", "downloader_options": {"http_chunk_size": 10485760}, "format": "251 - audio only (tiny)", "protocol": "https", "http_headers": {"User-Agent": "Mozilla/5.0 (Windows NT 10.0; Win64; x64) AppleWebKit/537.36 (KHTML, like Gecko) Chrome/73.0.3683.38 Safari/537.36", "Accept-Charset": "ISO-8859-1,utf-8;q=0.7,*;q=0.7", "Accept": "text/html,application/xhtml+xml,application/xml;q=0.9,*/*;q=0.8", "Accept-Encoding": "gzip, deflate", "Accept-Language": "en-us,en;q=0.5"}}, {"format_id": "160", "url": "https://r2---sn-ipoxu-u2x6.googlevideo.com/videoplayback?expire=1610392147&ei=8k38X-emO8O_gQPg0JKQAg&ip=220.129.26.102&id=o-AEgvHlypBa1s_JPvon3YVA1UkUOXvHpjuw_qk-btsTNW&itag=160&aitags=133%2C134%2C135%2C136%2C137%2C160%2C242%2C243%2C244%2C247%2C248%2C278&source=youtube&requiressl=yes&mh=Ox&mm=31%2C29&mn=sn-ipoxu-u2x6%2Csn-un57sn7s&ms=au%2Crdu&mv=m&mvi=2&pl=21&gcr=tw&initcwndbps=1117500&vprv=1&mime=video%2Fmp4&ns=vWsRJDoGjhlsxSBQF73HTz8F&gir=yes&clen=104943&dur=117.760&lmt=1601246874675585&mt=1610370272&fvip=2&keepalive=yes&c=WEB&txp=1311222&n=j31WKrBkOJIZA0&sparams=expire%2Cei%2Cip%2Cid%2Caitags%2Csource%2Crequiressl%2Cgcr%2Cvprv%2Cmime%2Cns%2Cgir%2Cclen%2Cdur%2Clmt&lsparams=mh%2Cmm%2Cmn%2Cms%2Cmv%2Cmvi%2Cpl%2Cinitcwndbps&lsig=AG3C_xAwRQIhANgFZYJt57kB_u46V7Ml7TOp0lfTBA4rvdbytHK-MC6XAiBkBQLoXQdeAmI4PJmLagBPRpiodlyeeHulB_hIm8PJKw%3D%3D&sig=AOq0QJ8wRQIhANR-o_m4NFlahTSg59fYbTR_KU4zMMU_0EAarXdbbE6xAiAVZy2_LZhukWFwwKPIqMyu19J5_HCj4vPuJnbOS8jJ6A==&ratebypass=yes", "player_url": "/s/player/9f996d3e/player_ias.vflset/en_US/base.js", "ext": "mp4", "height": 144, "format_note": "144p", "vcodec": "avc1.4d400b", "asr": null, "filesize": 104943, "fps": 25, "tbr": 8.632, "width": 144, "acodec": "none", "downloader_options": {"http_chunk_size": 10485760}, "format": "160 - 144x144 (144p)", "protocol": "https", "http_headers": {"User-Agent": "Mozilla/5.0 (Windows NT 10.0; Win64; x64) AppleWebKit/537.36 (KHTML, like Gecko) Chrome/73.0.3683.38 Safari/537.36", "Accept-Charset": "ISO-8859-1,utf-8;q=0.7,*;q=0.7", "Accept": "text/html,application/xhtml+xml,application/xml;q=0.9,*/*;q=0.8", "Accept-Encoding": "gzip, deflate", "Accept-Language": "en-us,en;q=0.5"}}, {"format_id": "278", "url": "https://r2---sn-ipoxu-u2x6.googlevideo.com/videoplayback?expire=1610392147&ei=8k38X-emO8O_gQPg0JKQAg&ip=220.129.26.102&id=o-AEgvHlypBa1s_JPvon3YVA1UkUOXvHpjuw_qk-btsTNW&itag=278&aitags=133%2C134%2C135%2C136%2C137%2C160%2C242%2C243%2C244%2C247%2C248%2C278&source=youtube&requiressl=yes&mh=Ox&mm=31%2C29&mn=sn-ipoxu-u2x6%2Csn-un57sn7s&ms=au%2Crdu&mv=m&mvi=2&pl=21&gcr=tw&initcwndbps=1117500&vprv=1&mime=video%2Fwebm&ns=vWsRJDoGjhlsxSBQF73HTz8F&gir=yes&clen=150011&dur=117.760&lmt=1601248393338943&mt=1610370272&fvip=2&keepalive=yes&c=WEB&txp=1311222&n=j31WKrBkOJIZA0&sparams=expire%2Cei%2Cip%2Cid%2Caitags%2Csource%2Crequiressl%2Cgcr%2Cvprv%2Cmime%2Cns%2Cgir%2Cclen%2Cdur%2Clmt&lsparams=mh%2Cmm%2Cmn%2Cms%2Cmv%2Cmvi%2Cpl%2Cinitcwndbps&lsig=AG3C_xAwRQIhAOTYdW14X_wHrVxmJzj0ojiTazelusjq7e6TkRmb-_xIAiA7rfZaekdFndQN8aEouKx9DKFsIG7jT0RitY6Ed9rxNw%3D%3D&sig=AOq0QJ8wRQIgZbHwF-gWl2OnqG2cdqJU80DjbJLKeBym8hzEJVMafDsCIQD9_fNkfxXTYtRHFTSm4D50rRaIl5ThBvpxvAI-owFwHA==&ratebypass=yes", "player_url": "/s/player/9f996d3e/player_ias.vflset/en_US/base.js", "ext": "webm", "height": 144, "format_note": "144p", "container": "webm", "vcodec": "vp9", "asr": null, "filesize": 150011, "fps": 25, "tbr": 10.939, "width": 144, "acodec": "none", "downloader_options": {"http_chunk_size": 10485760}, "format": "278 - 144x144 (144p)", "protocol": "https", "http_headers": {"User-Agent": "Mozilla/5.0 (Windows NT 10.0; Win64; x64) AppleWebKit/537.36 (KHTML, like Gecko) Chrome/73.0.3683.38 Safari/537.36", "Accept-Charset": "ISO-8859-1,utf-8;q=0.7,*;q=0.7", "Accept": "text/html,application/xhtml+xml,application/xml;q=0.9,*/*;q=0.8", "Accept-Encoding": "gzip, deflate", "Accept-Language": "en-us,en;q=0.5"}}, {"format_id": "133", "url": "https://r2---sn-ipoxu-u2x6.googlevideo.com/videoplayback?expire=1610392147&ei=8k38X-emO8O_gQPg0JKQAg&ip=220.129.26.102&id=o-AEgvHlypBa1s_JPvon3YVA1UkUOXvHpjuw_qk-btsTNW&itag=133&aitags=133%2C134%2C135%2C136%2C137%2C160%2C242%2C243%2C244%2C247%2C248%2C278&source=youtube&requiressl=yes&mh=Ox&mm=31%2C29&mn=sn-ipoxu-u2x6%2Csn-un57sn7s&ms=au%2Crdu&mv=m&mvi=2&pl=21&gcr=tw&initcwndbps=1117500&vprv=1&mime=video%2Fmp4&ns=vWsRJDoGjhlsxSBQF73HTz8F&gir=yes&clen=140176&dur=117.760&lmt=1601246874674692&mt=1610370272&fvip=2&keepalive=yes&c=WEB&txp=1311222&n=j31WKrBkOJIZA0&sparams=expire%2Cei%2Cip%2Cid%2Caitags%2Csource%2Crequiressl%2Cgcr%2Cvprv%2Cmime%2Cns%2Cgir%2Cclen%2Cdur%2Clmt&lsparams=mh%2Cmm%2Cmn%2Cms%2Cmv%2Cmvi%2Cpl%2Cinitcwndbps&lsig=AG3C_xAwRgIhANIB54v3OcwcW74mq2ILrFc714cT8LtsQUUdzlzp5QtrAiEA-9hJksAKOL9AVLhwPjYDnB3OvxIrO4o8324m4Qgy0Es%3D&sig=AOq0QJ8wRgIhAMgZZihmMzKoE-7RQFDPnq-782CZOozUQPdLsS69gzLJAiEA8YmzgfMmSI6iGafYFEd7d2yspaPD747HUVFxxs3DVho=&ratebypass=yes", "player_url": "/s/player/9f996d3e/player_ias.vflset/en_US/base.js", "ext": "mp4", "height": 240, "format_note": "240p", "vcodec": "avc1.4d400c", "asr": null, "filesize": 140176, "fps": 25, "tbr": 11.09, "width": 240, "acodec": "none", "downloader_options": {"http_chunk_size": 10485760}, "format": "133 - 240x240 (240p)", "protocol": "https", "http_headers": {"User-Agent": "Mozilla/5.0 (Windows NT 10.0; Win64; x64) AppleWebKit/537.36 (KHTML, like Gecko) Chrome/73.0.3683.38 Safari/537.36", "Accept-Charset": "ISO-8859-1,utf-8;q=0.7,*;q=0.7", "Accept": "text/html,application/xhtml+xml,application/xml;q=0.9,*/*;q=0.8", "Accept-Encoding": "gzip, deflate", "Accept-Language": "en-us,en;q=0.5"}}, {"format_id": "134", "url": "https://r2---sn-ipoxu-u2x6.googlevideo.com/videoplayback?expire=1610392147&ei=8k38X-emO8O_gQPg0JKQAg&ip=220.129.26.102&id=o-AEgvHlypBa1s_JPvon3YVA1UkUOXvHpjuw_qk-btsTNW&itag=134&aitags=133%2C134%2C135%2C136%2C137%2C160%2C242%2C243%2C244%2C247%2C248%2C278&source=youtube&requiressl=yes&mh=Ox&mm=31%2C29&mn=sn-ipoxu-u2x6%2Csn-un57sn7s&ms=au%2Crdu&mv=m&mvi=2&pl=21&gcr=tw&initcwndbps=1117500&vprv=1&mime=video%2Fmp4&ns=vWsRJDoGjhlsxSBQF73HTz8F&gir=yes&clen=176598&dur=117.760&lmt=1601246874674677&mt=1610370272&fvip=2&keepalive=yes&c=WEB&txp=1311222&n=j31WKrBkOJIZA0&sparams=expire%2Cei%2Cip%2Cid%2Caitags%2Csource%2Crequiressl%2Cgcr%2Cvprv%2Cmime%2Cns%2Cgir%2Cclen%2Cdur%2Clmt&lsparams=mh%2Cmm%2Cmn%2Cms%2Cmv%2Cmvi%2Cpl%2Cinitcwndbps&lsig=AG3C_xAwRgIhAJT5QPBMHNGHlQUQTe5RqdDxRdzTS50DRFEl70GliGXvAiEA5s8k4TDsOFCva95feXcOL2uUfNe9XQnY_Nli3b0Z5pg%3D&sig=AOq0QJ8wRgIhAO5f8nSevkT-uBuhQngpDQ-QzNTpylFWGJpDcrsJsQZ3AiEA6suFlffaPKdHRubzXSk5Q9WLIHdHhjJhQgZCoGnM2kA=&ratebypass=yes", "player_url": "/s/player/9f996d3e/player_ias.vflset/en_US/base.js", "ext": "mp4", "height": 360, "format_note": "360p", "vcodec": "avc1.4d4015", "asr": null, "filesize": 176598, "fps": 25, "tbr": 13.618, "width": 360, "acodec": "none", "downloader_options": {"http_chunk_size": 10485760}, "format": "134 - 360x360 (360p)", "protocol": "https", "http_headers": {"User-Agent": "Mozilla/5.0 (Windows NT 10.0; Win64; x64) AppleWebKit/537.36 (KHTML, like Gecko) Chrome/73.0.3683.38 Safari/537.36", "Accept-Charset": "ISO-8859-1,utf-8;q=0.7,*;q=0.7", "Accept": "text/html,application/xhtml+xml,application/xml;q=0.9,*/*;q=0.8", "Accept-Encoding": "gzip, deflate", "Accept-Language": "en-us,en;q=0.5"}}, {"format_id": "242", "url": "https://r2---sn-ipoxu-u2x6.googlevideo.com/videoplayback?expire=1610392147&ei=8k38X-emO8O_gQPg0JKQAg&ip=220.129.26.102&id=o-AEgvHlypBa1s_JPvon3YVA1UkUOXvHpjuw_qk-btsTNW&itag=242&aitags=133%2C134%2C135%2C136%2C137%2C160%2C242%2C243%2C244%2C247%2C248%2C278&source=youtube&requiressl=yes&mh=Ox&mm=31%2C29&mn=sn-ipoxu-u2x6%2Csn-un57sn7s&ms=au%2Crdu&mv=m&mvi=2&pl=21&gcr=tw&initcwndbps=1117500&vprv=1&mime=video%2Fwebm&ns=vWsRJDoGjhlsxSBQF73HTz8F&gir=yes&clen=224103&dur=117.760&lmt=1601248393335383&mt=1610370272&fvip=2&keepalive=yes&c=WEB&txp=1311222&n=j31WKrBkOJIZA0&sparams=expire%2Cei%2Cip%2Cid%2Caitags%2Csource%2Crequiressl%2Cgcr%2Cvprv%2Cmime%2Cns%2Cgir%2Cclen%2Cdur%2Clmt&lsparams=mh%2Cmm%2Cmn%2Cms%2Cmv%2Cmvi%2Cpl%2Cinitcwndbps&lsig=AG3C_xAwRgIhAIj3TTgHX8TKkcgrosfhJb-54lnz29NgeSCgAbtOi-MaAiEA5rBeqiq1n5Gsz02CnykUT5frsjVULnb0yr7-7LGTYUY%3D&sig=AOq0QJ8wRAIgMWrNMsv1IkPcAqUu_041y7dJxrzhdgN5dsRd38bEzMECIBRK5C6H2NoTs0VnbWENKJ9ERnQyysQdHCn6G9XJDbMu&ratebypass=yes", "player_url": "/s/player/9f996d3e/player_ias.vflset/en_US/base.js", "ext": "webm", "height": 240, "format_note": "240p", "vcodec": "vp9", "asr": null, "filesize": 224103, "fps": 25, "tbr": 16.123, "width": 240, "acodec": "none", "downloader_options": {"http_chunk_size": 10485760}, "format": "242 - 240x240 (240p)", "protocol": "https", "http_headers": {"User-Agent": "Mozilla/5.0 (Windows NT 10.0; Win64; x64) AppleWebKit/537.36 (KHTML, like Gecko) Chrome/73.0.3683.38 Safari/537.36", "Accept-Charset": "ISO-8859-1,utf-8;q=0.7,*;q=0.7", "Accept": "text/html,application/xhtml+xml,application/xml;q=0.9,*/*;q=0.8", "Accept-Encoding": "gzip, deflate", "Accept-Language": "en-us,en;q=0.5"}}, {"format_id": "135", "url": "https://r2---sn-ipoxu-u2x6.googlevideo.com/videoplayback?expire=1610392147&ei=8k38X-emO8O_gQPg0JKQAg&ip=220.129.26.102&id=o-AEgvHlypBa1s_JPvon3YVA1UkUOXvHpjuw_qk-btsTNW&itag=135&aitags=133%2C134%2C135%2C136%2C137%2C160%2C242%2C243%2C244%2C247%2C248%2C278&source=youtube&requiressl=yes&mh=Ox&mm=31%2C29&mn=sn-ipoxu-u2x6%2Csn-un57sn7s&ms=au%2Crdu&mv=m&mvi=2&pl=21&gcr=tw&initcwndbps=1117500&vprv=1&mime=video%2Fmp4&ns=vWsRJDoGjhlsxSBQF73HTz8F&gir=yes&clen=239611&dur=117.760&lmt=1601246874675159&mt=1610370272&fvip=2&keepalive=yes&c=WEB&txp=1311222&n=j31WKrBkOJIZA0&sparams=expire%2Cei%2Cip%2Cid%2Caitags%2Csource%2Crequiressl%2Cgcr%2Cvprv%2Cmime%2Cns%2Cgir%2Cclen%2Cdur%2Clmt&lsparams=mh%2Cmm%2Cmn%2Cms%2Cmv%2Cmvi%2Cpl%2Cinitcwndbps&lsig=AG3C_xAwRgIhAObfXFZnO1T1jtMISI1SxxRkSLe1rahAPMwbEYc4oUbyAiEA0tswXFjBeUnonPf_Ce3mocSfk5QDws1f1L8pJGjWcRA%3D&sig=AOq0QJ8wRgIhALU8KbnWZR9dZ-AF8HC5C9QN_7w8KZFT8tEeGau_KKKIAiEAjm6CT4lM85H_J72asnwk4hBUOlizjlC19Syo-JSS2zQ=&ratebypass=yes", "player_url": "/s/player/9f996d3e/player_ias.vflset/en_US/base.js", "ext": "mp4", "height": 480, "format_note": "480p", "vcodec": "avc1.4d401e", "asr": null, "filesize": 239611, "fps": 25, "tbr": 17.889, "width": 480, "acodec": "none", "downloader_options": {"http_chunk_size": 10485760}, "format": "135 - 480x480 (480p)", "protocol": "https", "http_headers": {"User-Agent": "Mozilla/5.0 (Windows NT 10.0; Win64; x64) AppleWebKit/537.36 (KHTML, like Gecko) Chrome/73.0.3683.38 Safari/537.36", "Accept-Charset": "ISO-8859-1,utf-8;q=0.7,*;q=0.7", "Accept": "text/html,application/xhtml+xml,application/xml;q=0.9,*/*;q=0.8", "Accept-Encoding": "gzip, deflate", "Accept-Language": "en-us,en;q=0.5"}}, {"format_id": "243", "url": "https://r2---sn-ipoxu-u2x6.googlevideo.com/videoplayback?expire=1610392147&ei=8k38X-emO8O_gQPg0JKQAg&ip=220.129.26.102&id=o-AEgvHlypBa1s_JPvon3YVA1UkUOXvHpjuw_qk-btsTNW&itag=243&aitags=133%2C134%2C135%2C136%2C137%2C160%2C242%2C243%2C244%2C247%2C248%2C278&source=youtube&requiressl=yes&mh=Ox&mm=31%2C29&mn=sn-ipoxu-u2x6%2Csn-un57sn7s&ms=au%2Crdu&mv=m&mvi=2&pl=21&gcr=tw&initcwndbps=1117500&vprv=1&mime=video%2Fwebm&ns=vWsRJDoGjhlsxSBQF73HTz8F&gir=yes&clen=320237&dur=117.760&lmt=1601248393387359&mt=1610370272&fvip=2&keepalive=yes&c=WEB&txp=1311222&n=j31WKrBkOJIZA0&sparams=expire%2Cei%2Cip%2Cid%2Caitags%2Csource%2Crequiressl%2Cgcr%2Cvprv%2Cmime%2Cns%2Cgir%2Cclen%2Cdur%2Clmt&lsparams=mh%2Cmm%2Cmn%2Cms%2Cmv%2Cmvi%2Cpl%2Cinitcwndbps&lsig=AG3C_xAwRQIhAKlDZSh63GVYKU277GdhLPG5sBnxc_0nxLhqeakde6ptAiADtkfa2xdm-AHzmzJ18M61KXyil03kfI-ZeOaOUUXfCA%3D%3D&sig=AOq0QJ8wRQIhAJybU6LWvFV4XfNT4wMTUbmTsIlsyivGzX0P8gcUs1YIAiBmIvKb0LaemK7vXTORuu9n4_bZhfGskB9qUkd8rsnMGw==&ratebypass=yes", "player_url": "/s/player/9f996d3e/player_ias.vflset/en_US/base.js", "ext": "webm", "height": 360, "format_note": "360p", "vcodec": "vp9", "asr": null, "filesize": 320237, "fps": 25, "tbr": 22.645, "width": 360, "acodec": "none", "downloader_options": {"http_chunk_size": 10485760}, "format": "243 - 360x360 (360p)", "protocol": "https", "http_headers": {"User-Agent": "Mozilla/5.0 (Windows NT 10.0; Win64; x64) AppleWebKit/537.36 (KHTML, like Gecko) Chrome/73.0.3683.38 Safari/537.36", "Accept-Charset": "ISO-8859-1,utf-8;q=0.7,*;q=0.7", "Accept": "text/html,application/xhtml+xml,application/xml;q=0.9,*/*;q=0.8", "Accept-Encoding": "gzip, deflate", "Accept-Language": "en-us,en;q=0.5"}}, {"format_id": "136", "url": "https://r2---sn-ipoxu-u2x6.googlevideo.com/videoplayback?expire=1610392147&ei=8k38X-emO8O_gQPg0JKQAg&ip=220.129.26.102&id=o-AEgvHlypBa1s_JPvon3YVA1UkUOXvHpjuw_qk-btsTNW&itag=136&aitags=133%2C134%2C135%2C136%2C137%2C160%2C242%2C243%2C244%2C247%2C248%2C278&source=youtube&requiressl=yes&mh=Ox&mm=31%2C29&mn=sn-ipoxu-u2x6%2Csn-un57sn7s&ms=au%2Crdu&mv=m&mvi=2&pl=21&gcr=tw&initcwndbps=1117500&vprv=1&mime=video%2Fmp4&ns=vWsRJDoGjhlsxSBQF73HTz8F&gir=yes&clen=350979&dur=117.760&lmt=1601246874678899&mt=1610370272&fvip=2&keepalive=yes&c=WEB&txp=1311222&n=j31WKrBkOJIZA0&sparams=expire%2Cei%2Cip%2Cid%2Caitags%2Csource%2Crequiressl%2Cgcr%2Cvprv%2Cmime%2Cns%2Cgir%2Cclen%2Cdur%2Clmt&lsparams=mh%2Cmm%2Cmn%2Cms%2Cmv%2Cmvi%2Cpl%2Cinitcwndbps&lsig=AG3C_xAwRQIgWTraTLio-GXjJ_iOVZYDa5XTKt00UVDGs3CTm1FM6zsCIQDeo0UpMRcV6KplB3vrISuQe7Ue2w4A6zICDyflM1OjYg%3D%3D&sig=AOq0QJ8wRgIhAK_q7JUvMq4eXl0IyspQpnxTF-IZBx51kppCzZFn0gGpAiEAyp5cgKueFa77ydnAbd-sTOpaKC7ol9tmWC4LjMRcBQ4=&ratebypass=yes", "player_url": "/s/player/9f996d3e/player_ias.vflset/en_US/base.js", "ext": "mp4", "height": 720, "format_note": "720p", "vcodec": "avc1.4d401f", "asr": null, "filesize": 350979, "fps": 25, "tbr": 25.595, "width": 720, "acodec": "none", "downloader_options": {"http_chunk_size": 10485760}, "format": "136 - 720x720 (720p)", "protocol": "https", "http_headers": {"User-Agent": "Mozilla/5.0 (Windows NT 10.0; Win64; x64) AppleWebKit/537.36 (KHTML, like Gecko) Chrome/73.0.3683.38 Safari/537.36", "Accept-Charset": "ISO-8859-1,utf-8;q=0.7,*;q=0.7", "Accept": "text/html,application/xhtml+xml,application/xml;q=0.9,*/*;q=0.8", "Accept-Encoding": "gzip, deflate", "Accept-Language": "en-us,en;q=0.5"}}, {"format_id": "244", "url": "https://r2---sn-ipoxu-u2x6.googlevideo.com/videoplayback?expire=1610392147&ei=8k38X-emO8O_gQPg0JKQAg&ip=220.129.26.102&id=o-AEgvHlypBa1s_JPvon3YVA1UkUOXvHpjuw_qk-btsTNW&itag=244&aitags=133%2C134%2C135%2C136%2C137%2C160%2C242%2C243%2C244%2C247%2C248%2C278&source=youtube&requiressl=yes&mh=Ox&mm=31%2C29&mn=sn-ipoxu-u2x6%2Csn-un57sn7s&ms=au%2Crdu&mv=m&mvi=2&pl=21&gcr=tw&initcwndbps=1117500&vprv=1&mime=video%2Fwebm&ns=vWsRJDoGjhlsxSBQF73HTz8F&gir=yes&clen=459630&dur=117.760&lmt=1601248393315910&mt=1610370272&fvip=2&keepalive=yes&c=WEB&txp=1311222&n=j31WKrBkOJIZA0&sparams=expire%2Cei%2Cip%2Cid%2Caitags%2Csource%2Crequiressl%2Cgcr%2Cvprv%2Cmime%2Cns%2Cgir%2Cclen%2Cdur%2Clmt&lsparams=mh%2Cmm%2Cmn%2Cms%2Cmv%2Cmvi%2Cpl%2Cinitcwndbps&lsig=AG3C_xAwRQIgHDQ_VB_Yi_-Kn__irWMDSNtRMJMd9AqSF8xhzlG_fjUCIQCQ49GkoaSSpc4reSDJpAEqe2g8Kq70a9YljTdFfHDuQg%3D%3D&sig=AOq0QJ8wRQIgS3E5HwUwErM3O1sRkCDWSonEzWcN35kHneXA30mQ_NcCIQCMNa5wcSL70vI3w-BA2uAooUtXx_uM1i_Rm5h8SXtPqw==&ratebypass=yes", "player_url": "/s/player/9f996d3e/player_ias.vflset/en_US/base.js", "ext": "webm", "height": 480, "format_note": "480p", "vcodec": "vp9", "asr": null, "filesize": 459630, "fps": 25, "tbr": 32.1, "width": 480, "acodec": "none", "downloader_options": {"http_chunk_size": 10485760}, "format": "244 - 480x480 (480p)", "protocol": "https", "http_headers": {"User-Agent": "Mozilla/5.0 (Windows NT 10.0; Win64; x64) AppleWebKit/537.36 (KHTML, like Gecko) Chrome/73.0.3683.38 Safari/537.36", "Accept-Charset": "ISO-8859-1,utf-8;q=0.7,*;q=0.7", "Accept": "text/html,application/xhtml+xml,application/xml;q=0.9,*/*;q=0.8", "Accept-Encoding": "gzip, deflate", "Accept-Language": "en-us,en;q=0.5"}}, {"format_id": "137", "url": "https://r2---sn-ipoxu-u2x6.googlevideo.com/videoplayback?expire=1610392147&ei=8k38X-emO8O_gQPg0JKQAg&ip=220.129.26.102&id=o-AEgvHlypBa1s_JPvon3YVA1UkUOXvHpjuw_qk-btsTNW&itag=137&aitags=133%2C134%2C135%2C136%2C137%2C160%2C242%2C243%2C244%2C247%2C248%2C278&source=youtube&requiressl=yes&mh=Ox&mm=31%2C29&mn=sn-ipoxu-u2x6%2Csn-un57sn7s&ms=au%2Crdu&mv=m&mvi=2&pl=21&gcr=tw&initcwndbps=1117500&vprv=1&mime=video%2Fmp4&ns=vWsRJDoGjhlsxSBQF73HTz8F&gir=yes&clen=690645&dur=117.760&lmt=1601246719819085&mt=1610370272&fvip=2&keepalive=yes&c=WEB&txp=1311222&n=j31WKrBkOJIZA0&sparams=expire%2Cei%2Cip%2Cid%2Caitags%2Csource%2Crequiressl%2Cgcr%2Cvprv%2Cmime%2Cns%2Cgir%2Cclen%2Cdur%2Clmt&lsparams=mh%2Cmm%2Cmn%2Cms%2Cmv%2Cmvi%2Cpl%2Cinitcwndbps&lsig=AG3C_xAwRQIgfhdM9hV9yWLevxM1A36SHqkW2CnmK4U5F7jUgJuVrRsCIQDUcSUnzbbNwU3JcNvG1E0IHrchkSB45NR_LQ5lCmpdaQ%3D%3D&sig=AOq0QJ8wRQIhAKVZ6Fi9A4G5PgeZ7oBvXHXfpDPzvqLAysNMmxtSNYBRAiA6mLc643yFauwzrW3kHDOgSm6xNPL3jXeJH-r1aeE0Rw==&ratebypass=yes", "player_url": "/s/player/9f996d3e/player_ias.vflset/en_US/base.js", "ext": "mp4", "height": 1080, "format_note": "1080p", "vcodec": "avc1.640020", "asr": null, "filesize": 690645, "fps": 25, "tbr": 48.673, "width": 1080, "acodec": "none", "downloader_options": {"http_chunk_size": 10485760}, "format": "137 - 1080x1080 (1080p)", "protocol": "https", "http_headers": {"User-Agent": "Mozilla/5.0 (Windows NT 10.0; Win64; x64) AppleWebKit/537.36 (KHTML, like Gecko) Chrome/73.0.3683.38 Safari/537.36", "Accept-Charset": "ISO-8859-1,utf-8;q=0.7,*;q=0.7", "Accept": "text/html,application/xhtml+xml,application/xml;q=0.9,*/*;q=0.8", "Accept-Encoding": "gzip, deflate", "Accept-Language": "en-us,en;q=0.5"}}, {"format_id": "247", "url": "https://r2---sn-ipoxu-u2x6.googlevideo.com/videoplayback?expire=1610392147&ei=8k38X-emO8O_gQPg0JKQAg&ip=220.129.26.102&id=o-AEgvHlypBa1s_JPvon3YVA1UkUOXvHpjuw_qk-btsTNW&itag=247&aitags=133%2C134%2C135%2C136%2C137%2C160%2C242%2C243%2C244%2C247%2C248%2C278&source=youtube&requiressl=yes&mh=Ox&mm=31%2C29&mn=sn-ipoxu-u2x6%2Csn-un57sn7s&ms=au%2Crdu&mv=m&mvi=2&pl=21&gcr=tw&initcwndbps=1117500&vprv=1&mime=video%2Fwebm&ns=vWsRJDoGjhlsxSBQF73HTz8F&gir=yes&clen=822997&dur=117.760&lmt=1601248393427004&mt=1610370272&fvip=2&keepalive=yes&c=WEB&txp=1311222&n=j31WKrBkOJIZA0&sparams=expire%2Cei%2Cip%2Cid%2Caitags%2Csource%2Crequiressl%2Cgcr%2Cvprv%2Cmime%2Cns%2Cgir%2Cclen%2Cdur%2Clmt&lsparams=mh%2Cmm%2Cmn%2Cms%2Cmv%2Cmvi%2Cpl%2Cinitcwndbps&lsig=AG3C_xAwRQIhAOUQ7qU0iFHTCeKmh1UH9J9z5MLzuBjbNT2WHIstqFYtAiA-37etuUrz822Kl91LkbMm-EiW1ixKZHh84dtkUdhG6g%3D%3D&sig=AOq0QJ8wRgIhAOMo8Ljc9YTRyIvhgrZM1VOt-yWzvX4crof_Ktssxf1OAiEAlwQf6J1qZzOYGvDPly3W4dFNnFgyhRleR_x6n3Ot60g=&ratebypass=yes", "player_url": "/s/player/9f996d3e/player_ias.vflset/en_US/base.js", "ext": "webm", "height": 720, "format_note": "720p", "vcodec": "vp9", "asr": null, "filesize": 822997, "fps": 25, "tbr": 56.22, "width": 720, "acodec": "none", "downloader_options": {"http_chunk_size": 10485760}, "format": "247 - 720x720 (720p)", "protocol": "https", "http_headers": {"User-Agent": "Mozilla/5.0 (Windows NT 10.0; Win64; x64) AppleWebKit/537.36 (KHTML, like Gecko) Chrome/73.0.3683.38 Safari/537.36", "Accept-Charset": "ISO-8859-1,utf-8;q=0.7,*;q=0.7", "Accept": "text/html,application/xhtml+xml,application/xml;q=0.9,*/*;q=0.8", "Accept-Encoding": "gzip, deflate", "Accept-Language": "en-us,en;q=0.5"}}, {"format_id": "248", "url": "https://r2---sn-ipoxu-u2x6.googlevideo.com/videoplayback?expire=1610392147&ei=8k38X-emO8O_gQPg0JKQAg&ip=220.129.26.102&id=o-AEgvHlypBa1s_JPvon3YVA1UkUOXvHpjuw_qk-btsTNW&itag=248&aitags=133%2C134%2C135%2C136%2C137%2C160%2C242%2C243%2C244%2C247%2C248%2C278&source=youtube&requiressl=yes&mh=Ox&mm=31%2C29&mn=sn-ipoxu-u2x6%2Csn-un57sn7s&ms=au%2Crdu&mv=m&mvi=2&pl=21&gcr=tw&initcwndbps=1117500&vprv=1&mime=video%2Fwebm&ns=vWsRJDoGjhlsxSBQF73HTz8F&gir=yes&clen=1374529&dur=117.760&lmt=1601248065527914&mt=1610370272&fvip=2&keepalive=yes&c=WEB&txp=1311222&n=j31WKrBkOJIZA0&sparams=expire%2Cei%2Cip%2Cid%2Caitags%2Csource%2Crequiressl%2Cgcr%2Cvprv%2Cmime%2Cns%2Cgir%2Cclen%2Cdur%2Clmt&lsparams=mh%2Cmm%2Cmn%2Cms%2Cmv%2Cmvi%2Cpl%2Cinitcwndbps&lsig=AG3C_xAwRQIhAMOXKCWmpdYTf_Xaygkszx4KvlE-WIByGGPr5nWC9L1wAiAZhjwqAKcLSBvOMSTpI40H2IT-QVbw2n8brG4eiT_0_A%3D%3D&sig=AOq0QJ8wRQIhAPB2bw9dKRAweug2CDVp5q6YWa40S6tkQMX-5QgnTcOiAiA9K45lyqyBMtURX7GdlaM_6RpB06Mm9trOmv-Be1QgQg==&ratebypass=yes", "player_url": "/s/player/9f996d3e/player_ias.vflset/en_US/base.js", "ext": "webm", "height": 1080, "format_note": "1080p", "vcodec": "vp9", "asr": null, "filesize": 1374529, "fps": 25, "tbr": 93.487, "width": 1080, "acodec": "none", "downloader_options": {"http_chunk_size": 10485760}, "format": "248 - 1080x1080 (1080p)", "protocol": "https", "http_headers": {"User-Agent": "Mozilla/5.0 (Windows NT 10.0; Win64; x64) AppleWebKit/537.36 (KHTML, like Gecko) Chrome/73.0.3683.38 Safari/537.36", "Accept-Charset": "ISO-8859-1,utf-8;q=0.7,*;q=0.7", "Accept": "text/html,application/xhtml+xml,application/xml;q=0.9,*/*;q=0.8", "Accept-Encoding": "gzip, deflate", "Accept-Language": "en-us,en;q=0.5"}}, {"format_id": "18", "url": "https://r2---sn-ipoxu-u2x6.googlevideo.com/videoplayback?expire=1610392147&ei=8k38X-emO8O_gQPg0JKQAg&ip=220.129.26.102&id=o-AEgvHlypBa1s_JPvon3YVA1UkUOXvHpjuw_qk-btsTNW&itag=18&source=youtube&requiressl=yes&mh=Ox&mm=31%2C29&mn=sn-ipoxu-u2x6%2Csn-un57sn7s&ms=au%2Crdu&mv=m&mvi=2&pl=21&gcr=tw&initcwndbps=1117500&vprv=1&mime=video%2Fmp4&ns=8B7NOEJD253_yAa4_PKSK1sF&gir=yes&clen=1924742&ratebypass=yes&dur=117.818&lmt=1574180005306815&mt=1610370272&fvip=2&c=WEB&txp=1311222&n=-K93Ds-oJGQypR&sparams=expire%2Cei%2Cip%2Cid%2Citag%2Csource%2Crequiressl%2Cgcr%2Cvprv%2Cmime%2Cns%2Cgir%2Cclen%2Cratebypass%2Cdur%2Clmt&lsparams=mh%2Cmm%2Cmn%2Cms%2Cmv%2Cmvi%2Cpl%2Cinitcwndbps&lsig=AG3C_xAwRQIgUmljKtHeWH9OEjcWHf_i0F321HSmCeCRjoHryyvbLOwCIQDWVd7_0Gsc8mOhhw0mnlouHDDV2jz5IqyJUtCGrWMxAQ%3D%3D&sig=AOq0QJ8wRQIhAPcC_SLGG_uDR-Q50KwD2BDRJoAaEJFo3gB2ViiITO86AiAk1jmQPipBtLkx71jZyhMY6h5P8DM0HlBMdopSfithoA==", "player_url": "/s/player/9f996d3e/player_ias.vflset/en_US/base.js", "ext": "mp4", "width": 360, "height": 360, "acodec": "mp4a.40.2", "abr": 96, "vcodec": "avc1.42001E", "asr": 44100, "filesize": 1924742, "format_note": "360p", "fps": 25, "tbr": 130.756, "format": "18 - 360x360 (360p)", "protocol": "https", "http_headers": {"User-Agent": "Mozilla/5.0 (Windows NT 10.0; Win64; x64) AppleWebKit/537.36 (KHTML, like Gecko) Chrome/73.0.3683.38 Safari/537.36", "Accept-Charset": "ISO-8859-1,utf-8;q=0.7,*;q=0.7", "Accept": "text/html,application/xhtml+xml,application/xml;q=0.9,*/*;q=0.8", "Accept-Encoding": "gzip, deflate", "Accept-Language": "en-us,en;q=0.5"}}], "is_live": null, "start_time": null, "end_time": null, "series": null, "season_number": null, "episode_number": null, "track": "Charmes: II. Lent", "artist": "Martin Jones, Federico Mompou", "album": "Mompou: The Piano Music", "release_date": "20040301", "release_year": 2004, "extractor": "youtube", "webpage_url_basename": "watch", "extractor_key": "Youtube", "playlist": null, "playlist_index": null, "thumbnail": "https://i.ytimg.com/vi_webp/VrWAZLRdQO8/maxresdefault.webp", "display_id": "VrWAZLRdQO8", "requested_subtitles": null, "format_id": "251", "url": "https://r2---sn-ipoxu-u2x6.googlevideo.com/videoplayback?expire=1610392147&ei=8k38X-emO8O_gQPg0JKQAg&ip=220.129.26.102&id=o-AEgvHlypBa1s_JPvon3YVA1UkUOXvHpjuw_qk-btsTNW&itag=251&source=youtube&requiressl=yes&mh=Ox&mm=31%2C29&mn=sn-ipoxu-u2x6%2Csn-un57sn7s&ms=au%2Crdu&mv=m&mvi=2&pl=21&gcr=tw&initcwndbps=1117500&vprv=1&mime=audio%2Fwebm&ns=vWsRJDoGjhlsxSBQF73HTz8F&gir=yes&clen=2349175&dur=117.781&lmt=1574181845008613&mt=1610370272&fvip=2&keepalive=yes&c=WEB&txp=1301222&n=j31WKrBkOJIZA0&sparams=expire%2Cei%2Cip%2Cid%2Citag%2Csource%2Crequiressl%2Cgcr%2Cvprv%2Cmime%2Cns%2Cgir%2Cclen%2Cdur%2Clmt&lsparams=mh%2Cmm%2Cmn%2Cms%2Cmv%2Cmvi%2Cpl%2Cinitcwndbps&lsig=AG3C_xAwRQIhALsWb7dXaG7EKOCY4CGIq_MWRlOwVUMOfN4dpr9depVXAiAiogPnZYYIwasOKWDvGaROjr5wM8mn5xlYndzPzvP6ZQ%3D%3D&sig=AOq0QJ8wRgIhAIBlFgdfeeK55kZqg9QXK-QnqJTUDGnhgjEWqkDi5mnwAiEAveLovVYevc1vaPHW8xnEN4yGGjfuU5jQkPGaei5iqmQ=&ratebypass=yes", "player_url": "/s/player/9f996d3e/player_ias.vflset/en_US/base.js", "ext": "webm", "format_note": "tiny", "acodec": "opus", "abr": 160, "asr": 48000, "filesize": 2349175, "fps": null, "height": null, "tbr": 167.678, "width": null, "vcodec": "none", "downloader_options": {"http_chunk_size": 10485760}, "format": "251 - audio only (tiny)", "protocol": "https", "http_headers": {"User-Agent": "Mozilla/5.0 (Windows NT 10.0; Win64; x64) AppleWebKit/537.36 (KHTML, like Gecko) Chrome/73.0.3683.38 Safari/537.36", "Accept-Charset": "ISO-8859-1,utf-8;q=0.7,*;q=0.7", "Accept": "text/html,application/xhtml+xml,application/xml;q=0.9,*/*;q=0.8", "Accept-Encoding": "gzip, deflate", "Accept-Language": "en-us,en;q=0.5"}}