{"id": "vVTP0DOL_2Q", "uploader": "Lucas King", "uploader_id": "LucasKingPiano", "uploader_url": "http://www.youtube.com/user/LucasKingPiano", "channel_id": "UCq52MbjRULLbjRPvxM7FwZg", "channel_url": "http://www.youtube.com/channel/UCq52MbjRULLbjRPvxM7FwZg", "upload_date": "20140411", "license": null, "creator": null, "title": "Sad Piano Music - Isolation (Original Composition)", "alt_title": null, "thumbnails": [{"url": "https://i.ytimg.com/vi/vVTP0DOL_2Q/hqdefault.jpg?sqp=-oaymwEYCKgBEF5IVfKriqkDCwgBFQAAiEIYAXAB&rs=AOn4CLBE_x_pSAcIi_W1qQcN1IKURPTf1Q", "width": 168, "height": 94, "resolution": "168x94", "id": "0"}, {"url": "https://i.ytimg.com/vi/vVTP0DOL_2Q/hqdefault.jpg?sqp=-oaymwEYCMQBEG5IVfKriqkDCwgBFQAAiEIYAXAB&rs=AOn4CLCcPujIjsUb2rB3jDf-ySRRQDZqSQ", "width": 196, "height": 110, "resolution": "196x110", "id": "1"}, {"url": "https://i.ytimg.com/vi/vVTP0DOL_2Q/hqdefault.jpg?sqp=-oaymwEZCPYBEIoBSFXyq4qpAwsIARUAAIhCGAFwAQ==&rs=AOn4CLCv3QYFxlouDfNwGlvDy8G1FiCjSw", "width": 246, "height": 138, "resolution": "246x138", "id": "2"}, {"url": "https://i.ytimg.com/vi/vVTP0DOL_2Q/hqdefault.jpg?sqp=-oaymwEZCNACELwBSFXyq4qpAwsIARUAAIhCGAFwAQ==&rs=AOn4CLC39RzXw4NxeO1Oo5NETsutXlUB7w", "width": 336, "height": 188, "resolution": "336x188", "id": "3"}, {"url": "https://i.ytimg.com/vi/vVTP0DOL_2Q/maxresdefault.jpg", "width": 1920, "height": 1080, "resolution": "1920x1080", "id": "4"}], "description": "Sheet Music! https://www.musicnotes.com/sheetmusic/mtd.asp?ppn=MN0216117\n\nGet a gorgeously gruesome zombified portrait on a t-shirt. Drawn by real artists. https://getzombified.co.uk/ \n\nStart your kickboxing journey today!! https://bit.ly/36o3HJu\n\nOriginal sad piano piece called Isolation.\n\nHere it is on iTunes https://itunes.apple.com/gb/album/isolation-single/id959986310\nSpotify https://open.spotify.com/track/418lMEaG5X3bgBYYVzIigz\n\nAmazon http://www.amazon.co.uk/Isolation/dp/B00SJ6I1IK/ref=sr_1_1?ie=UTF8&qid=1422036199&sr=8-1&keywords=lucas+king+isolation\n\n\n\nHere's a tutorial for this https://www.youtube.com/watch?v=s_oJtJCPDoo\nSeems like a lot of sad things have been happening lately. I changed the EQ on the piano, it created a static sound when playing. I left it in, thought it added a bit more to the sadness.\nI got the name from the new Alien game that's coming out soon, looks really good. \nHere\n\nPic link http://apofiss.deviantart.com/art/panda-193070567\nhttp://apofiss.deviantart.com/art/poke-paper-195665550\nArt by the brilliant apofiss, beautiful artwork =D\n\nHope you enjoy =)\n\nAsk me a question at ask.fm/LucasKingPiano\n\nLike me on Facebook https://www.facebook.com/pages/Lucas-King/422277594533711\n\nFollow me on twitter @LucasKingPiano\n\nFollow me On Soundcloud  https://soundcloud.com/lucas-king-piano-music", "categories": ["Music"], "tags": ["Piano (Musical Instrument)", "piano music", "sad piano", "Composition (Field Of Study)", "sad music", "crying", "saddest piano music", "songs that make you cry", "ricegum piano", "heartbroken", "saddest piano", "saddest music", "panda music", "sad piano songs", "sad piano song"], "subtitles": {}, "automatic_captions": {}, "duration": 212, "age_limit": 0, "annotations": null, "chapters": null, "webpage_url": "https://www.youtube.com/watch?v=vVTP0DOL_2Q", "view_count": 14459293, "like_count": 196449, "dislike_count": 3025, "average_rating": 4.9393406, "formats": [{"format_id": "249", "url": "https://r8---sn-ipoxu-u2xd.googlevideo.com/videoplayback?expire=1610392212&ei=NE78X_2eEcTggAPZ7IroBg&ip=220.129.26.102&id=o-ABstA62JZbN_3UUyyDJyMS5_k8bxHOPcbY61tN4Dm-ij&itag=249&source=youtube&requiressl=yes&mh=M4&mm=31%2C29&mn=sn-ipoxu-u2xd%2Csn-un57en7e&ms=au%2Crdu&mv=m&mvi=8&pl=21&initcwndbps=1125000&vprv=1&mime=audio%2Fwebm&ns=ZPSOznNxIGS9FF2TA8hqr_AF&gir=yes&clen=1623560&dur=211.601&lmt=1540500268758425&mt=1610370272&fvip=3&keepalive=yes&c=WEB&txp=5511222&n=7veytWl4G_smnc&sparams=expire%2Cei%2Cip%2Cid%2Citag%2Csource%2Crequiressl%2Cvprv%2Cmime%2Cns%2Cgir%2Cclen%2Cdur%2Clmt&sig=AOq0QJ8wRgIhAO6IvMKJbtYwSfFIUnw74w0bB8zmO4g-rN6HyFIhmIp8AiEAmO_E4zw_xr1uUdBrXlbx_OVsgLMckuLM5FYTlEJHszM%3D&lsparams=mh%2Cmm%2Cmn%2Cms%2Cmv%2Cmvi%2Cpl%2Cinitcwndbps&lsig=AG3C_xAwRAIgTs0LiXXs9fQcgIVRZkPXVycunuRkBt_12VTfEvKhzaECIBlg92MkJ_hjkY24EnkV-ay8IE5EbFPKt0DLufm2EerV&ratebypass=yes", "player_url": null, "ext": "webm", "format_note": "tiny", "acodec": "opus", "abr": 50, "asr": 48000, "filesize": 1623560, "fps": null, "height": null, "tbr": 65.282, "width": null, "vcodec": "none", "downloader_options": {"http_chunk_size": 10485760}, "format": "249 - audio only (tiny)", "protocol": "https", "http_headers": {"User-Agent": "Mozilla/5.0 (Windows NT 10.0; Win64; x64) AppleWebKit/537.36 (KHTML, like Gecko) Chrome/73.0.3683.38 Safari/537.36", "Accept-Charset": "ISO-8859-1,utf-8;q=0.7,*;q=0.7", "Accept": "text/html,application/xhtml+xml,application/xml;q=0.9,*/*;q=0.8", "Accept-Encoding": "gzip, deflate", "Accept-Language": "en-us,en;q=0.5"}}, {"format_id": "250", "url": "https://r8---sn-ipoxu-u2xd.googlevideo.com/videoplayback?expire=1610392212&ei=NE78X_2eEcTggAPZ7IroBg&ip=220.129.26.102&id=o-ABstA62JZbN_3UUyyDJyMS5_k8bxHOPcbY61tN4Dm-ij&itag=250&source=youtube&requiressl=yes&mh=M4&mm=31%2C29&mn=sn-ipoxu-u2xd%2Csn-un57en7e&ms=au%2Crdu&mv=m&mvi=8&pl=21&initcwndbps=1125000&vprv=1&mime=audio%2Fwebm&ns=ZPSOznNxIGS9FF2TA8hqr_AF&gir=yes&clen=2148386&dur=211.601&lmt=1540500267062779&mt=1610370272&fvip=3&keepalive=yes&c=WEB&txp=5511222&n=7veytWl4G_smnc&sparams=expire%2Cei%2Cip%2Cid%2Citag%2Csource%2Crequiressl%2Cvprv%2Cmime%2Cns%2Cgir%2Cclen%2Cdur%2Clmt&sig=AOq0QJ8wRQIgZLCK-u-8R51O_xGFpG8M9pWDz1OZ95OkAvoud_BY4PcCIQC8sLWfbMB0R_SYGSeu3pzPNGcmBv4sNRyLY1qY2oEscA%3D%3D&lsparams=mh%2Cmm%2Cmn%2Cms%2Cmv%2Cmvi%2Cpl%2Cinitcwndbps&lsig=AG3C_xAwRAIgTs0LiXXs9fQcgIVRZkPXVycunuRkBt_12VTfEvKhzaECIBlg92MkJ_hjkY24EnkV-ay8IE5EbFPKt0DLufm2EerV&ratebypass=yes", "player_url": null, "ext": "webm", "format_note": "tiny", "acodec": "opus", "abr": 70, "asr": 48000, "filesize": 2148386, "fps": null, "height": null, "tbr": 86.311, "width": null, "vcodec": "none", "downloader_options": {"http_chunk_size": 10485760}, "format": "250 - audio only (tiny)", "protocol": "https", "http_headers": {"User-Agent": "Mozilla/5.0 (Windows NT 10.0; Win64; x64) AppleWebKit/537.36 (KHTML, like Gecko) Chrome/73.0.3683.38 Safari/537.36", "Accept-Charset": "ISO-8859-1,utf-8;q=0.7,*;q=0.7", "Accept": "text/html,application/xhtml+xml,application/xml;q=0.9,*/*;q=0.8", "Accept-Encoding": "gzip, deflate", "Accept-Language": "en-us,en;q=0.5"}}, {"format_id": "140", "url": "https://r8---sn-ipoxu-u2xd.googlevideo.com/videoplayback?expire=1610392212&ei=NE78X_2eEcTggAPZ7IroBg&ip=220.129.26.102&id=o-ABstA62JZbN_3UUyyDJyMS5_k8bxHOPcbY61tN4Dm-ij&itag=140&source=youtube&requiressl=yes&mh=M4&mm=31%2C29&mn=sn-ipoxu-u2xd%2Csn-un57en7e&ms=au%2Crdu&mv=m&mvi=8&pl=21&initcwndbps=1125000&vprv=1&mime=audio%2Fmp4&ns=ZPSOznNxIGS9FF2TA8hqr_AF&gir=yes&clen=3426074&dur=211.649&lmt=1610103793668026&mt=1610370272&fvip=3&keepalive=yes&c=WEB&txp=5531432&n=7veytWl4G_smnc&sparams=expire%2Cei%2Cip%2Cid%2Citag%2Csource%2Crequiressl%2Cvprv%2Cmime%2Cns%2Cgir%2Cclen%2Cdur%2Clmt&sig=AOq0QJ8wRAIgNu-Urk8t9OAcKEJ1X4VFdIva6Wcd6yuGhx8rOH5LgBwCIGR8CA2hP6dhW9dZrTgbFf8JsfrNNg_uvXDnfG-zgdaI&lsparams=mh%2Cmm%2Cmn%2Cms%2Cmv%2Cmvi%2Cpl%2Cinitcwndbps&lsig=AG3C_xAwRAIgTs0LiXXs9fQcgIVRZkPXVycunuRkBt_12VTfEvKhzaECIBlg92MkJ_hjkY24EnkV-ay8IE5EbFPKt0DLufm2EerV&ratebypass=yes", "player_url": null, "ext": "m4a", "format_note": "tiny", "acodec": "mp4a.40.2", "abr": 128, "container": "m4a_dash", "asr": 44100, "filesize": 3426074, "fps": null, "height": null, "tbr": 130.541, "width": null, "vcodec": "none", "downloader_options": {"http_chunk_size": 10485760}, "format": "140 - audio only (tiny)", "protocol": "https", "http_headers": {"User-Agent": "Mozilla/5.0 (Windows NT 10.0; Win64; x64) AppleWebKit/537.36 (KHTML, like Gecko) Chrome/73.0.3683.38 Safari/537.36", "Accept-Charset": "ISO-8859-1,utf-8;q=0.7,*;q=0.7", "Accept": "text/html,application/xhtml+xml,application/xml;q=0.9,*/*;q=0.8", "Accept-Encoding": "gzip, deflate", "Accept-Language": "en-us,en;q=0.5"}}, {"format_id": "251", "url": "https://r8---sn-ipoxu-u2xd.googlevideo.com/videoplayback?expire=1610392212&ei=NE78X_2eEcTggAPZ7IroBg&ip=220.129.26.102&id=o-ABstA62JZbN_3UUyyDJyMS5_k8bxHOPcbY61tN4Dm-ij&itag=251&source=youtube&requiressl=yes&mh=M4&mm=31%2C29&mn=sn-ipoxu-u2xd%2Csn-un57en7e&ms=au%2Crdu&mv=m&mvi=8&pl=21&initcwndbps=1125000&vprv=1&mime=audio%2Fwebm&ns=ZPSOznNxIGS9FF2TA8hqr_AF&gir=yes&clen=4068638&dur=211.601&lmt=1540500268053000&mt=1610370272&fvip=3&keepalive=yes&c=WEB&txp=5511222&n=7veytWl4G_smnc&sparams=expire%2Cei%2Cip%2Cid%2Citag%2Csource%2Crequiressl%2Cvprv%2Cmime%2Cns%2Cgir%2Cclen%2Cdur%2Clmt&sig=AOq0QJ8wRAIgXWMymwAmAiVHwz_W4AjJj9Wq0DkW7BcSN4qotiMZzn8CIALtf4Qf9hr_XTL9zILcnMGsQ0XQpygQVlTXMtoA63tl&lsparams=mh%2Cmm%2Cmn%2Cms%2Cmv%2Cmvi%2Cpl%2Cinitcwndbps&lsig=AG3C_xAwRAIgTs0LiXXs9fQcgIVRZkPXVycunuRkBt_12VTfEvKhzaECIBlg92MkJ_hjkY24EnkV-ay8IE5EbFPKt0DLufm2EerV&ratebypass=yes", "player_url": null, "ext": "webm", "format_note": "tiny", "acodec": "opus", "abr": 160, "asr": 48000, "filesize": 4068638, "fps": null, "height": null, "tbr": 160.393, "width": null, "vcodec": "none", "downloader_options": {"http_chunk_size": 10485760}, "format": "251 - audio only (tiny)", "protocol": "https", "http_headers": {"User-Agent": "Mozilla/5.0 (Windows NT 10.0; Win64; x64) AppleWebKit/537.36 (KHTML, like Gecko) Chrome/73.0.3683.38 Safari/537.36", "Accept-Charset": "ISO-8859-1,utf-8;q=0.7,*;q=0.7", "Accept": "text/html,application/xhtml+xml,application/xml;q=0.9,*/*;q=0.8", "Accept-Encoding": "gzip, deflate", "Accept-Language": "en-us,en;q=0.5"}}, {"format_id": "160", "url": "https://r8---sn-ipoxu-u2xd.googlevideo.com/videoplayback?expire=1610392212&ei=NE78X_2eEcTggAPZ7IroBg&ip=220.129.26.102&id=o-ABstA62JZbN_3UUyyDJyMS5_k8bxHOPcbY61tN4Dm-ij&itag=160&aitags=133%2C134%2C135%2C136%2C160%2C242%2C243%2C244%2C247%2C278%2C394%2C395%2C396%2C397%2C398&source=youtube&requiressl=yes&mh=M4&mm=31%2C29&mn=sn-ipoxu-u2xd%2Csn-un57en7e&ms=au%2Crdu&mv=m&mvi=8&pl=21&initcwndbps=1125000&vprv=1&mime=video%2Fmp4&ns=ZPSOznNxIGS9FF2TA8hqr_AF&gir=yes&clen=334679&dur=211.578&lmt=1610104030473960&mt=1610370272&fvip=3&keepalive=yes&c=WEB&txp=5535432&n=7veytWl4G_smnc&sparams=expire%2Cei%2Cip%2Cid%2Caitags%2Csource%2Crequiressl%2Cvprv%2Cmime%2Cns%2Cgir%2Cclen%2Cdur%2Clmt&sig=AOq0QJ8wRQIhAJvz9dpi0VR-vVmwmXsRaZakDG5b14z0rLIVqV6Gf6ZKAiB-0_fkF-qjZnieRmoiJlPca29huvcKBIqCDxWads5wVg%3D%3D&lsparams=mh%2Cmm%2Cmn%2Cms%2Cmv%2Cmvi%2Cpl%2Cinitcwndbps&lsig=AG3C_xAwRAIgTs0LiXXs9fQcgIVRZkPXVycunuRkBt_12VTfEvKhzaECIBlg92MkJ_hjkY24EnkV-ay8IE5EbFPKt0DLufm2EerV&ratebypass=yes", "player_url": null, "ext": "mp4", "height": 144, "format_note": "144p", "vcodec": "avc1.4d400c", "asr": null, "filesize": 334679, "fps": 30, "tbr": 51.164, "width": 256, "acodec": "none", "downloader_options": {"http_chunk_size": 10485760}, "format": "160 - 256x144 (144p)", "protocol": "https", "http_headers": {"User-Agent": "Mozilla/5.0 (Windows NT 10.0; Win64; x64) AppleWebKit/537.36 (KHTML, like Gecko) Chrome/73.0.3683.38 Safari/537.36", "Accept-Charset": "ISO-8859-1,utf-8;q=0.7,*;q=0.7", "Accept": "text/html,application/xhtml+xml,application/xml;q=0.9,*/*;q=0.8", "Accept-Encoding": "gzip, deflate", "Accept-Language": "en-us,en;q=0.5"}}, {"format_id": "394", "url": "https://r8---sn-ipoxu-u2xd.googlevideo.com/videoplayback?expire=1610392212&ei=NE78X_2eEcTggAPZ7IroBg&ip=220.129.26.102&id=o-ABstA62JZbN_3UUyyDJyMS5_k8bxHOPcbY61tN4Dm-ij&itag=394&aitags=133%2C134%2C135%2C136%2C160%2C242%2C243%2C244%2C247%2C278%2C394%2C395%2C396%2C397%2C398&source=youtube&requiressl=yes&mh=M4&mm=31%2C29&mn=sn-ipoxu-u2xd%2Csn-un57en7e&ms=au%2Crdu&mv=m&mvi=8&pl=21&initcwndbps=1125000&vprv=1&mime=video%2Fmp4&ns=ZPSOznNxIGS9FF2TA8hqr_AF&gir=yes&clen=904688&dur=211.578&lmt=1557237946188433&mt=1610370272&fvip=3&keepalive=yes&c=WEB&txp=5532432&n=7veytWl4G_smnc&sparams=expire%2Cei%2Cip%2Cid%2Caitags%2Csource%2Crequiressl%2Cvprv%2Cmime%2Cns%2Cgir%2Cclen%2Cdur%2Clmt&sig=AOq0QJ8wRQIgF_impWLqWepwP170_S4u7nuSDFnJr8RmllvWkoaPllUCIQDDPDsAHP7Cnji2DcwsHCKL0d28-DG3rqr9whFzNNO6AA%3D%3D&lsparams=mh%2Cmm%2Cmn%2Cms%2Cmv%2Cmvi%2Cpl%2Cinitcwndbps&lsig=AG3C_xAwRAIgTs0LiXXs9fQcgIVRZkPXVycunuRkBt_12VTfEvKhzaECIBlg92MkJ_hjkY24EnkV-ay8IE5EbFPKt0DLufm2EerV&ratebypass=yes", "player_url": null, "acodec": "none", "vcodec": "av01.0.00M.08", "asr": null, "filesize": 904688, "format_note": "144p", "fps": 30, "height": 144, "tbr": 60.701, "width": 256, "ext": "mp4", "downloader_options": {"http_chunk_size": 10485760}, "format": "394 - 256x144 (144p)", "protocol": "https", "http_headers": {"User-Agent": "Mozilla/5.0 (Windows NT 10.0; Win64; x64) AppleWebKit/537.36 (KHTML, like Gecko) Chrome/73.0.3683.38 Safari/537.36", "Accept-Charset": "ISO-8859-1,utf-8;q=0.7,*;q=0.7", "Accept": "text/html,application/xhtml+xml,application/xml;q=0.9,*/*;q=0.8", "Accept-Encoding": "gzip, deflate", "Accept-Language": "en-us,en;q=0.5"}}, {"format_id": "395", "url": "https://r8---sn-ipoxu-u2xd.googlevideo.com/videoplayback?expire=1610392212&ei=NE78X_2eEcTggAPZ7IroBg&ip=220.129.26.102&id=o-ABstA62JZbN_3UUyyDJyMS5_k8bxHOPcbY61tN4Dm-ij&itag=395&aitags=133%2C134%2C135%2C136%2C160%2C242%2C243%2C244%2C247%2C278%2C394%2C395%2C396%2C397%2C398&source=youtube&requiressl=yes&mh=M4&mm=31%2C29&mn=sn-ipoxu-u2xd%2Csn-un57en7e&ms=au%2Crdu&mv=m&mvi=8&pl=21&initcwndbps=1125000&vprv=1&mime=video%2Fmp4&ns=ZPSOznNxIGS9FF2TA8hqr_AF&gir=yes&clen=935060&dur=211.578&lmt=1557237909850243&mt=1610370272&fvip=3&keepalive=yes&c=WEB&txp=5532432&n=7veytWl4G_smnc&sparams=expire%2Cei%2Cip%2Cid%2Caitags%2Csource%2Crequiressl%2Cvprv%2Cmime%2Cns%2Cgir%2Cclen%2Cdur%2Clmt&sig=AOq0QJ8wRQIgE85CyYY--WJ1IYAhsXFt3mj0r2J4Eo-wHkVLAdJnbMYCIQCleC4mLzwxRr7gAyHP1ke2VcokQ4XEt69sLUU6t6D0TQ%3D%3D&lsparams=mh%2Cmm%2Cmn%2Cms%2Cmv%2Cmvi%2Cpl%2Cinitcwndbps&lsig=AG3C_xAwRAIgTs0LiXXs9fQcgIVRZkPXVycunuRkBt_12VTfEvKhzaECIBlg92MkJ_hjkY24EnkV-ay8IE5EbFPKt0DLufm2EerV&ratebypass=yes", "player_url": null, "acodec": "none", "vcodec": "av01.0.00M.08", "asr": null, "filesize": 935060, "format_note": "240p", "fps": 30, "height": 240, "tbr": 93.267, "width": 426, "ext": "mp4", "downloader_options": {"http_chunk_size": 10485760}, "format": "395 - 426x240 (240p)", "protocol": "https", "http_headers": {"User-Agent": "Mozilla/5.0 (Windows NT 10.0; Win64; x64) AppleWebKit/537.36 (KHTML, like Gecko) Chrome/73.0.3683.38 Safari/537.36", "Accept-Charset": "ISO-8859-1,utf-8;q=0.7,*;q=0.7", "Accept": "text/html,application/xhtml+xml,application/xml;q=0.9,*/*;q=0.8", "Accept-Encoding": "gzip, deflate", "Accept-Language": "en-us,en;q=0.5"}}, {"format_id": "278", "url": "https://r8---sn-ipoxu-u2xd.googlevideo.com/videoplayback?expire=1610392212&ei=NE78X_2eEcTggAPZ7IroBg&ip=220.129.26.102&id=o-ABstA62JZbN_3UUyyDJyMS5_k8bxHOPcbY61tN4Dm-ij&itag=278&aitags=133%2C134%2C135%2C136%2C160%2C242%2C243%2C244%2C247%2C278%2C394%2C395%2C396%2C397%2C398&source=youtube&requiressl=yes&mh=M4&mm=31%2C29&mn=sn-ipoxu-u2xd%2Csn-un57en7e&ms=au%2Crdu&mv=m&mvi=8&pl=21&initcwndbps=1125000&vprv=1&mime=video%2Fwebm&ns=ZPSOznNxIGS9FF2TA8hqr_AF&gir=yes&clen=845711&dur=211.577&lmt=1540499274122833&mt=1610370272&fvip=3&keepalive=yes&c=WEB&txp=5533432&n=7veytWl4G_smnc&sparams=expire%2Cei%2Cip%2Cid%2Caitags%2Csource%2Crequiressl%2Cvprv%2Cmime%2Cns%2Cgir%2Cclen%2Cdur%2Clmt&sig=AOq0QJ8wRQIgUT0rwaHbDBj4YLXmwOLS1BLppjs2O0YHh85QpP8cyWwCIQDtNLBrwsc7z428lTQH_Uz_gte9Aglsj4Iyq2Tcwg1M3g%3D%3D&lsparams=mh%2Cmm%2Cmn%2Cms%2Cmv%2Cmvi%2Cpl%2Cinitcwndbps&lsig=AG3C_xAwRAIgTs0LiXXs9fQcgIVRZkPXVycunuRkBt_12VTfEvKhzaECIBlg92MkJ_hjkY24EnkV-ay8IE5EbFPKt0DLufm2EerV&ratebypass=yes", "player_url": null, "ext": "webm", "height": 144, "format_note": "144p", "container": "webm", "vcodec": "vp9", "asr": null, "filesize": 845711, "fps": 30, "tbr": 95.825, "width": 256, "acodec": "none", "downloader_options": {"http_chunk_size": 10485760}, "format": "278 - 256x144 (144p)", "protocol": "https", "http_headers": {"User-Agent": "Mozilla/5.0 (Windows NT 10.0; Win64; x64) AppleWebKit/537.36 (KHTML, like Gecko) Chrome/73.0.3683.38 Safari/537.36", "Accept-Charset": "ISO-8859-1,utf-8;q=0.7,*;q=0.7", "Accept": "text/html,application/xhtml+xml,application/xml;q=0.9,*/*;q=0.8", "Accept-Encoding": "gzip, deflate", "Accept-Language": "en-us,en;q=0.5"}}, {"format_id": "242", "url": "https://r8---sn-ipoxu-u2xd.googlevideo.com/videoplayback?expire=1610392212&ei=NE78X_2eEcTggAPZ7IroBg&ip=220.129.26.102&id=o-ABstA62JZbN_3UUyyDJyMS5_k8bxHOPcbY61tN4Dm-ij&itag=242&aitags=133%2C134%2C135%2C136%2C160%2C242%2C243%2C244%2C247%2C278%2C394%2C395%2C396%2C397%2C398&source=youtube&requiressl=yes&mh=M4&mm=31%2C29&mn=sn-ipoxu-u2xd%2Csn-un57en7e&ms=au%2Crdu&mv=m&mvi=8&pl=21&initcwndbps=1125000&vprv=1&mime=video%2Fwebm&ns=ZPSOznNxIGS9FF2TA8hqr_AF&gir=yes&clen=1041524&dur=211.577&lmt=1540499813462648&mt=1610370272&fvip=3&keepalive=yes&c=WEB&txp=5533432&n=7veytWl4G_smnc&sparams=expire%2Cei%2Cip%2Cid%2Caitags%2Csource%2Crequiressl%2Cvprv%2Cmime%2Cns%2Cgir%2Cclen%2Cdur%2Clmt&sig=AOq0QJ8wRAIgHEuAYfZ3HKQBgvQhBsVuOWemQ1YaPdUwHT4tMxyvLYkCIFrFHN18Li8cqYMJVt2nEVZJuiX5W-IDCok5pfWXnNLF&lsparams=mh%2Cmm%2Cmn%2Cms%2Cmv%2Cmvi%2Cpl%2Cinitcwndbps&lsig=AG3C_xAwRAIgTs0LiXXs9fQcgIVRZkPXVycunuRkBt_12VTfEvKhzaECIBlg92MkJ_hjkY24EnkV-ay8IE5EbFPKt0DLufm2EerV&ratebypass=yes", "player_url": null, "ext": "webm", "height": 240, "format_note": "240p", "vcodec": "vp9", "asr": null, "filesize": 1041524, "fps": 30, "tbr": 119.305, "width": 426, "acodec": "none", "downloader_options": {"http_chunk_size": 10485760}, "format": "242 - 426x240 (240p)", "protocol": "https", "http_headers": {"User-Agent": "Mozilla/5.0 (Windows NT 10.0; Win64; x64) AppleWebKit/537.36 (KHTML, like Gecko) Chrome/73.0.3683.38 Safari/537.36", "Accept-Charset": "ISO-8859-1,utf-8;q=0.7,*;q=0.7", "Accept": "text/html,application/xhtml+xml,application/xml;q=0.9,*/*;q=0.8", "Accept-Encoding": "gzip, deflate", "Accept-Language": "en-us,en;q=0.5"}}, {"format_id": "133", "url": "https://r8---sn-ipoxu-u2xd.googlevideo.com/videoplayback?expire=1610392212&ei=NE78X_2eEcTggAPZ7IroBg&ip=220.129.26.102&id=o-ABstA62JZbN_3UUyyDJyMS5_k8bxHOPcbY61tN4Dm-ij&itag=133&aitags=133%2C134%2C135%2C136%2C160%2C242%2C243%2C244%2C247%2C278%2C394%2C395%2C396%2C397%2C398&source=youtube&requiressl=yes&mh=M4&mm=31%2C29&mn=sn-ipoxu-u2xd%2Csn-un57en7e&ms=au%2Crdu&mv=m&mvi=8&pl=21&initcwndbps=1125000&vprv=1&mime=video%2Fmp4&ns=ZPSOznNxIGS9FF2TA8hqr_AF&gir=yes&clen=666648&dur=211.578&lmt=1610104030473091&mt=1610370272&fvip=3&keepalive=yes&c=WEB&txp=5535432&n=7veytWl4G_smnc&sparams=expire%2Cei%2Cip%2Cid%2Caitags%2Csource%2Crequiressl%2Cvprv%2Cmime%2Cns%2Cgir%2Cclen%2Cdur%2Clmt&sig=AOq0QJ8wRgIhALN-oOh0fijq88p4Bj629XtTxmxeAw10pRUpobwTpnRwAiEAofJbfiBorClc7GOhixULnZTyozGSD-8ylUlgbFvypUU%3D&lsparams=mh%2Cmm%2Cmn%2Cms%2Cmv%2Cmvi%2Cpl%2Cinitcwndbps&lsig=AG3C_xAwRAIgTs0LiXXs9fQcgIVRZkPXVycunuRkBt_12VTfEvKhzaECIBlg92MkJ_hjkY24EnkV-ay8IE5EbFPKt0DLufm2EerV&ratebypass=yes", "player_url": null, "ext": "mp4", "height": 240, "format_note": "240p", "vcodec": "avc1.4d4015", "asr": null, "filesize": 666648, "fps": 30, "tbr": 130.684, "width": 426, "acodec": "none", "downloader_options": {"http_chunk_size": 10485760}, "format": "133 - 426x240 (240p)", "protocol": "https", "http_headers": {"User-Agent": "Mozilla/5.0 (Windows NT 10.0; Win64; x64) AppleWebKit/537.36 (KHTML, like Gecko) Chrome/73.0.3683.38 Safari/537.36", "Accept-Charset": "ISO-8859-1,utf-8;q=0.7,*;q=0.7", "Accept": "text/html,application/xhtml+xml,application/xml;q=0.9,*/*;q=0.8", "Accept-Encoding": "gzip, deflate", "Accept-Language": "en-us,en;q=0.5"}}, {"format_id": "396", "url": "https://r8---sn-ipoxu-u2xd.googlevideo.com/videoplayback?expire=1610392212&ei=NE78X_2eEcTggAPZ7IroBg&ip=220.129.26.102&id=o-ABstA62JZbN_3UUyyDJyMS5_k8bxHOPcbY61tN4Dm-ij&itag=396&aitags=133%2C134%2C135%2C136%2C160%2C242%2C243%2C244%2C247%2C278%2C394%2C395%2C396%2C397%2C398&source=youtube&requiressl=yes&mh=M4&mm=31%2C29&mn=sn-ipoxu-u2xd%2Csn-un57en7e&ms=au%2Crdu&mv=m&mvi=8&pl=21&initcwndbps=1125000&vprv=1&mime=video%2Fmp4&ns=ZPSOznNxIGS9FF2TA8hqr_AF&gir=yes&clen=1423921&dur=211.578&lmt=1557243907310073&mt=1610370272&fvip=3&keepalive=yes&c=WEB&txp=5532432&n=7veytWl4G_smnc&sparams=expire%2Cei%2Cip%2Cid%2Caitags%2Csource%2Crequiressl%2Cvprv%2Cmime%2Cns%2Cgir%2Cclen%2Cdur%2Clmt&sig=AOq0QJ8wRgIhAKaPCZ8FeS_bd4jeX6qG_CkgXbJQ42qu6U5l33od-_tlAiEAr7EadTG1Ug41DUAAjCzhG0GXUVBn6y-nbnuv1N4DgEo%3D&lsparams=mh%2Cmm%2Cmn%2Cms%2Cmv%2Cmvi%2Cpl%2Cinitcwndbps&lsig=AG3C_xAwRAIgTs0LiXXs9fQcgIVRZkPXVycunuRkBt_12VTfEvKhzaECIBlg92MkJ_hjkY24EnkV-ay8IE5EbFPKt0DLufm2EerV&ratebypass=yes", "player_url": null, "acodec": "none", "vcodec": "av01.0.01M.08", "asr": null, "filesize": 1423921, "format_note": "360p", "fps": 30, "height": 360, "tbr": 157.048, "width": 640, "ext": "mp4", "downloader_options": {"http_chunk_size": 10485760}, "format": "396 - 640x360 (360p)", "protocol": "https", "http_headers": {"User-Agent": "Mozilla/5.0 (Windows NT 10.0; Win64; x64) AppleWebKit/537.36 (KHTML, like Gecko) Chrome/73.0.3683.38 Safari/537.36", "Accept-Charset": "ISO-8859-1,utf-8;q=0.7,*;q=0.7", "Accept": "text/html,application/xhtml+xml,application/xml;q=0.9,*/*;q=0.8", "Accept-Encoding": "gzip, deflate", "Accept-Language": "en-us,en;q=0.5"}}, {"format_id": "134", "url": "https://r8---sn-ipoxu-u2xd.googlevideo.com/videoplayback?expire=1610392212&ei=NE78X_2eEcTggAPZ7IroBg&ip=220.129.26.102&id=o-ABstA62JZbN_3UUyyDJyMS5_k8bxHOPcbY61tN4Dm-ij&itag=134&aitags=133%2C134%2C135%2C136%2C160%2C242%2C243%2C244%2C247%2C278%2C394%2C395%2C396%2C397%2C398&source=youtube&requiressl=yes&mh=M4&mm=31%2C29&mn=sn-ipoxu-u2xd%2Csn-un57en7e&ms=au%2Crdu&mv=m&mvi=8&pl=21&initcwndbps=1125000&vprv=1&mime=video%2Fmp4&ns=ZPSOznNxIGS9FF2TA8hqr_AF&gir=yes&clen=709947&dur=211.578&lmt=1610104030472392&mt=1610370272&fvip=3&keepalive=yes&c=WEB&txp=5535432&n=7veytWl4G_smnc&sparams=expire%2Cei%2Cip%2Cid%2Caitags%2Csource%2Crequiressl%2Cvprv%2Cmime%2Cns%2Cgir%2Cclen%2Cdur%2Clmt&sig=AOq0QJ8wRAIgGjjgLILtjCCg2Z5Zmo2gWY4aZI9IezsbQVnQDN93h_ACIA-3of1fU1QNuQ-l3e8i5oSwpIUWhHmzPs9SdUUVAs8y&lsparams=mh%2Cmm%2Cmn%2Cms%2Cmv%2Cmvi%2Cpl%2Cinitcwndbps&lsig=AG3C_xAwRAIgTs0LiXXs9fQcgIVRZkPXVycunuRkBt_12VTfEvKhzaECIBlg92MkJ_hjkY24EnkV-ay8IE5EbFPKt0DLufm2EerV&ratebypass=yes", "player_url": null, "ext": "mp4", "height": 360, "format_note": "360p", "vcodec": "avc1.4d401e", "asr": null, "filesize": 709947, "fps": 30, "tbr": 170.669, "width": 640, "acodec": "none", "downloader_options": {"http_chunk_size": 10485760}, "format": "134 - 640x360 (360p)", "protocol": "https", "http_headers": {"User-Agent": "Mozilla/5.0 (Windows NT 10.0; Win64; x64) AppleWebKit/537.36 (KHTML, like Gecko) Chrome/73.0.3683.38 Safari/537.36", "Accept-Charset": "ISO-8859-1,utf-8;q=0.7,*;q=0.7", "Accept": "text/html,application/xhtml+xml,application/xml;q=0.9,*/*;q=0.8", "Accept-Encoding": "gzip, deflate", "Accept-Language": "en-us,en;q=0.5"}}, {"format_id": "397", "url": "https://r8---sn-ipoxu-u2xd.googlevideo.com/videoplayback?expire=1610392212&ei=NE78X_2eEcTggAPZ7IroBg&ip=220.129.26.102&id=o-ABstA62JZbN_3UUyyDJyMS5_k8bxHOPcbY61tN4Dm-ij&itag=397&aitags=133%2C134%2C135%2C136%2C160%2C242%2C243%2C244%2C247%2C278%2C394%2C395%2C396%2C397%2C398&source=youtube&requiressl=yes&mh=M4&mm=31%2C29&mn=sn-ipoxu-u2xd%2Csn-un57en7e&ms=au%2Crdu&mv=m&mvi=8&pl=21&initcwndbps=1125000&vprv=1&mime=video%2Fmp4&ns=ZPSOznNxIGS9FF2TA8hqr_AF&gir=yes&clen=2107323&dur=211.578&lmt=1557237781531305&mt=1610370272&fvip=3&keepalive=yes&c=WEB&txp=5532432&n=7veytWl4G_smnc&sparams=expire%2Cei%2Cip%2Cid%2Caitags%2Csource%2Crequiressl%2Cvprv%2Cmime%2Cns%2Cgir%2Cclen%2Cdur%2Clmt&sig=AOq0QJ8wRQIhAOG38hO_17MOPXMosyNffs3qlHoKlMTmA6aXPAooiEESAiBuG2gDiBZx2lfCOKwbPHNAnibdA1yLi8_1EDG4quCYqg%3D%3D&lsparams=mh%2Cmm%2Cmn%2Cms%2Cmv%2Cmvi%2Cpl%2Cinitcwndbps&lsig=AG3C_xAwRAIgTs0LiXXs9fQcgIVRZkPXVycunuRkBt_12VTfEvKhzaECIBlg92MkJ_hjkY24EnkV-ay8IE5EbFPKt0DLufm2EerV&ratebypass=yes", "player_url": null, "acodec": "none", "vcodec": "av01.0.04M.08", "asr": null, "filesize": 2107323, "format_note": "480p", "fps": 30, "height": 480, "tbr": 240.209, "width": 854, "ext": "mp4", "downloader_options": {"http_chunk_size": 10485760}, "format": "397 - 854x480 (480p)", "protocol": "https", "http_headers": {"User-Agent": "Mozilla/5.0 (Windows NT 10.0; Win64; x64) AppleWebKit/537.36 (KHTML, like Gecko) Chrome/73.0.3683.38 Safari/537.36", "Accept-Charset": "ISO-8859-1,utf-8;q=0.7,*;q=0.7", "Accept": "text/html,application/xhtml+xml,application/xml;q=0.9,*/*;q=0.8", "Accept-Encoding": "gzip, deflate", "Accept-Language": "en-us,en;q=0.5"}}, {"format_id": "135", "url": "https://r8---sn-ipoxu-u2xd.googlevideo.com/videoplayback?expire=1610392212&ei=NE78X_2eEcTggAPZ7IroBg&ip=220.129.26.102&id=o-ABstA62JZbN_3UUyyDJyMS5_k8bxHOPcbY61tN4Dm-ij&itag=135&aitags=133%2C134%2C135%2C136%2C160%2C242%2C243%2C244%2C247%2C278%2C394%2C395%2C396%2C397%2C398&source=youtube&requiressl=yes&mh=M4&mm=31%2C29&mn=sn-ipoxu-u2xd%2Csn-un57en7e&ms=au%2Crdu&mv=m&mvi=8&pl=21&initcwndbps=1125000&vprv=1&mime=video%2Fmp4&ns=ZPSOznNxIGS9FF2TA8hqr_AF&gir=yes&clen=882522&dur=211.578&lmt=1610104030473376&mt=1610370272&fvip=3&keepalive=yes&c=WEB&txp=5535432&n=7veytWl4G_smnc&sparams=expire%2Cei%2Cip%2Cid%2Caitags%2Csource%2Crequiressl%2Cvprv%2Cmime%2Cns%2Cgir%2Cclen%2Cdur%2Clmt&sig=AOq0QJ8wRQIgZnNkmBVH8es8Gr0VbuyKIEOPQQoUfqJgYJOqfbApE0ICIQDUdHOtNfddKhQyMN405_lWHY5YjfK_-enuTpaqS_ybdA%3D%3D&lsparams=mh%2Cmm%2Cmn%2Cms%2Cmv%2Cmvi%2Cpl%2Cinitcwndbps&lsig=AG3C_xAwRAIgTs0LiXXs9fQcgIVRZkPXVycunuRkBt_12VTfEvKhzaECIBlg92MkJ_hjkY24EnkV-ay8IE5EbFPKt0DLufm2EerV&ratebypass=yes", "player_url": null, "ext": "mp4", "height": 480, "format_note": "480p", "vcodec": "avc1.4d401f", "asr": null, "filesize": 882522, "fps": 30, "tbr": 248.985, "width": 854, "acodec": "none", "downloader_options": {"http_chunk_size": 10485760}, "format": "135 - 854x480 (480p)", "protocol": "https", "http_headers": {"User-Agent": "Mozilla/5.0 (Windows NT 10.0; Win64; x64) AppleWebKit/537.36 (KHTML, like Gecko) Chrome/73.0.3683.38 Safari/537.36", "Accept-Charset": "ISO-8859-1,utf-8;q=0.7,*;q=0.7", "Accept": "text/html,application/xhtml+xml,application/xml;q=0.9,*/*;q=0.8", "Accept-Encoding": "gzip, deflate", "Accept-Language": "en-us,en;q=0.5"}}, {"format_id": "243", "url": "https://r8---sn-ipoxu-u2xd.googlevideo.com/videoplayback?expire=1610392212&ei=NE78X_2eEcTggAPZ7IroBg&ip=220.129.26.102&id=o-ABstA62JZbN_3UUyyDJyMS5_k8bxHOPcbY61tN4Dm-ij&itag=243&aitags=133%2C134%2C135%2C136%2C160%2C242%2C243%2C244%2C247%2C278%2C394%2C395%2C396%2C397%2C398&source=youtube&requiressl=yes&mh=M4&mm=31%2C29&mn=sn-ipoxu-u2xd%2Csn-un57en7e&ms=au%2Crdu&mv=m&mvi=8&pl=21&initcwndbps=1125000&vprv=1&mime=video%2Fwebm&ns=ZPSOznNxIGS9FF2TA8hqr_AF&gir=yes&clen=1988567&dur=211.577&lmt=1540498933445923&mt=1610370272&fvip=3&keepalive=yes&c=WEB&txp=5533432&n=7veytWl4G_smnc&sparams=expire%2Cei%2Cip%2Cid%2Caitags%2Csource%2Crequiressl%2Cvprv%2Cmime%2Cns%2Cgir%2Cclen%2Cdur%2Clmt&sig=AOq0QJ8wRQIhANe5dMZoM2UMlVd6IOoXOy8Hz5hWRjOJVEGFSt55Xf7wAiBp8CsBCxMRFr_x6qfMNDvI7ssVptys_lxtkw0vcRT8Zw%3D%3D&lsparams=mh%2Cmm%2Cmn%2Cms%2Cmv%2Cmvi%2Cpl%2Cinitcwndbps&lsig=AG3C_xAwRAIgTs0LiXXs9fQcgIVRZkPXVycunuRkBt_12VTfEvKhzaECIBlg92MkJ_hjkY24EnkV-ay8IE5EbFPKt0DLufm2EerV&ratebypass=yes", "player_url": null, "ext": "webm", "height": 360, "format_note": "360p", "vcodec": "vp9", "asr": null, "filesize": 1988567, "fps": 30, "tbr": 258.867, "width": 640, "acodec": "none", "downloader_options": {"http_chunk_size": 10485760}, "format": "243 - 640x360 (360p)", "protocol": "https", "http_headers": {"User-Agent": "Mozilla/5.0 (Windows NT 10.0; Win64; x64) AppleWebKit/537.36 (KHTML, like Gecko) Chrome/73.0.3683.38 Safari/537.36", "Accept-Charset": "ISO-8859-1,utf-8;q=0.7,*;q=0.7", "Accept": "text/html,application/xhtml+xml,application/xml;q=0.9,*/*;q=0.8", "Accept-Encoding": "gzip, deflate", "Accept-Language": "en-us,en;q=0.5"}}, {"format_id": "136", "url": "https://r8---sn-ipoxu-u2xd.googlevideo.com/videoplayback?expire=1610392212&ei=NE78X_2eEcTggAPZ7IroBg&ip=220.129.26.102&id=o-ABstA62JZbN_3UUyyDJyMS5_k8bxHOPcbY61tN4Dm-ij&itag=136&aitags=133%2C134%2C135%2C136%2C160%2C242%2C243%2C244%2C247%2C278%2C394%2C395%2C396%2C397%2C398&source=youtube&requiressl=yes&mh=M4&mm=31%2C29&mn=sn-ipoxu-u2xd%2Csn-un57en7e&ms=au%2Crdu&mv=m&mvi=8&pl=21&initcwndbps=1125000&vprv=1&mime=video%2Fmp4&ns=ZPSOznNxIGS9FF2TA8hqr_AF&gir=yes&clen=1476400&dur=211.578&lmt=1610104030476362&mt=1610370272&fvip=3&keepalive=yes&c=WEB&txp=5535432&n=7veytWl4G_smnc&sparams=expire%2Cei%2Cip%2Cid%2Caitags%2Csource%2Crequiressl%2Cvprv%2Cmime%2Cns%2Cgir%2Cclen%2Cdur%2Clmt&sig=AOq0QJ8wRAIgQvCHQmkGtJ7IDR80Z9_D1QZ-YWt3btbhubHhrrW7rUUCIGAphrcp_nvDGNP0_t2NVMV8Vxou9esgt7Gsh0WEJv8a&lsparams=mh%2Cmm%2Cmn%2Cms%2Cmv%2Cmvi%2Cpl%2Cinitcwndbps&lsig=AG3C_xAwRAIgTs0LiXXs9fQcgIVRZkPXVycunuRkBt_12VTfEvKhzaECIBlg92MkJ_hjkY24EnkV-ay8IE5EbFPKt0DLufm2EerV&ratebypass=yes", "player_url": null, "ext": "mp4", "height": 720, "format_note": "720p", "vcodec": "avc1.4d401f", "asr": null, "filesize": 1476400, "fps": 30, "tbr": 382.827, "width": 1280, "acodec": "none", "downloader_options": {"http_chunk_size": 10485760}, "format": "136 - 1280x720 (720p)", "protocol": "https", "http_headers": {"User-Agent": "Mozilla/5.0 (Windows NT 10.0; Win64; x64) AppleWebKit/537.36 (KHTML, like Gecko) Chrome/73.0.3683.38 Safari/537.36", "Accept-Charset": "ISO-8859-1,utf-8;q=0.7,*;q=0.7", "Accept": "text/html,application/xhtml+xml,application/xml;q=0.9,*/*;q=0.8", "Accept-Encoding": "gzip, deflate", "Accept-Language": "en-us,en;q=0.5"}}, {"format_id": "244", "url": "https://r8---sn-ipoxu-u2xd.googlevideo.com/videoplayback?expire=1610392212&ei=NE78X_2eEcTggAPZ7IroBg&ip=220.129.26.102&id=o-ABstA62JZbN_3UUyyDJyMS5_k8bxHOPcbY61tN4Dm-ij&itag=244&aitags=133%2C134%2C135%2C136%2C160%2C242%2C243%2C244%2C247%2C278%2C394%2C395%2C396%2C397%2C398&source=youtube&requiressl=yes&mh=M4&mm=31%2C29&mn=sn-ipoxu-u2xd%2Csn-un57en7e&ms=au%2Crdu&mv=m&mvi=8&pl=21&initcwndbps=1125000&vprv=1&mime=video%2Fwebm&ns=ZPSOznNxIGS9FF2TA8hqr_AF&gir=yes&clen=1951195&dur=211.577&lmt=1540498810965562&mt=1610370272&fvip=3&keepalive=yes&c=WEB&txp=5533432&n=7veytWl4G_smnc&sparams=expire%2Cei%2Cip%2Cid%2Caitags%2Csource%2Crequiressl%2Cvprv%2Cmime%2Cns%2Cgir%2Cclen%2Cdur%2Clmt&sig=AOq0QJ8wRQIhAO5KOHks_dpLXV6OirmNtPZGoslJgQbP5kjGfTVFZsvBAiBFmZle9J2thXbOMmHPj_tq-nXmmpfm_Ilo71S0LeK2rA%3D%3D&lsparams=mh%2Cmm%2Cmn%2Cms%2Cmv%2Cmvi%2Cpl%2Cinitcwndbps&lsig=AG3C_xAwRAIgTs0LiXXs9fQcgIVRZkPXVycunuRkBt_12VTfEvKhzaECIBlg92MkJ_hjkY24EnkV-ay8IE5EbFPKt0DLufm2EerV&ratebypass=yes", "player_url": null, "ext": "webm", "height": 480, "format_note": "480p", "vcodec": "vp9", "asr": null, "filesize": 1951195, "fps": 30, "tbr": 486.648, "width": 854, "acodec": "none", "downloader_options": {"http_chunk_size": 10485760}, "format": "244 - 854x480 (480p)", "protocol": "https", "http_headers": {"User-Agent": "Mozilla/5.0 (Windows NT 10.0; Win64; x64) AppleWebKit/537.36 (KHTML, like Gecko) Chrome/73.0.3683.38 Safari/537.36", "Accept-Charset": "ISO-8859-1,utf-8;q=0.7,*;q=0.7", "Accept": "text/html,application/xhtml+xml,application/xml;q=0.9,*/*;q=0.8", "Accept-Encoding": "gzip, deflate", "Accept-Language": "en-us,en;q=0.5"}}, {"format_id": "398", "url": "https://r8---sn-ipoxu-u2xd.googlevideo.com/videoplayback?expire=1610392212&ei=NE78X_2eEcTggAPZ7IroBg&ip=220.129.26.102&id=o-ABstA62JZbN_3UUyyDJyMS5_k8bxHOPcbY61tN4Dm-ij&itag=398&aitags=133%2C134%2C135%2C136%2C160%2C242%2C243%2C244%2C247%2C278%2C394%2C395%2C396%2C397%2C398&source=youtube&requiressl=yes&mh=M4&mm=31%2C29&mn=sn-ipoxu-u2xd%2Csn-un57en7e&ms=au%2Crdu&mv=m&mvi=8&pl=21&initcwndbps=1125000&vprv=1&mime=video%2Fmp4&ns=ZPSOznNxIGS9FF2TA8hqr_AF&gir=yes&clen=4313790&dur=211.578&lmt=1557241067637797&mt=1610370272&fvip=3&keepalive=yes&c=WEB&txp=5532432&n=7veytWl4G_smnc&sparams=expire%2Cei%2Cip%2Cid%2Caitags%2Csource%2Crequiressl%2Cvprv%2Cmime%2Cns%2Cgir%2Cclen%2Cdur%2Clmt&sig=AOq0QJ8wRgIhAPdPy6l94Kvb6HLwEGjekZ0DHjSkrHVlXvQ2TL6IqOktAiEAyKmpps3ySi3YHQA60ZBcN6cQ42mo-zu6XIKdJJwUq0s%3D&lsparams=mh%2Cmm%2Cmn%2Cms%2Cmv%2Cmvi%2Cpl%2Cinitcwndbps&lsig=AG3C_xAwRAIgTs0LiXXs9fQcgIVRZkPXVycunuRkBt_12VTfEvKhzaECIBlg92MkJ_hjkY24EnkV-ay8IE5EbFPKt0DLufm2EerV&ratebypass=yes", "player_url": null, "asr": null, "filesize": 4313790, "format_note": "720p", "fps": 30, "height": 720, "tbr": 496.611, "width": 1280, "ext": "mp4", "vcodec": "av01.0.05M.08", "acodec": "none", "downloader_options": {"http_chunk_size": 10485760}, "format": "398 - 1280x720 (720p)", "protocol": "https", "http_headers": {"User-Agent": "Mozilla/5.0 (Windows NT 10.0; Win64; x64) AppleWebKit/537.36 (KHTML, like Gecko) Chrome/73.0.3683.38 Safari/537.36", "Accept-Charset": "ISO-8859-1,utf-8;q=0.7,*;q=0.7", "Accept": "text/html,application/xhtml+xml,application/xml;q=0.9,*/*;q=0.8", "Accept-Encoding": "gzip, deflate", "Accept-Language": "en-us,en;q=0.5"}}, {"format_id": "247", "url": "https://r8---sn-ipoxu-u2xd.googlevideo.com/videoplayback?expire=1610392212&ei=NE78X_2eEcTggAPZ7IroBg&ip=220.129.26.102&id=o-ABstA62JZbN_3UUyyDJyMS5_k8bxHOPcbY61tN4Dm-ij&itag=247&aitags=133%2C134%2C135%2C136%2C160%2C242%2C243%2C244%2C247%2C278%2C394%2C395%2C396%2C397%2C398&source=youtube&requiressl=yes&mh=M4&mm=31%2C29&mn=sn-ipoxu-u2xd%2Csn-un57en7e&ms=au%2Crdu&mv=m&mvi=8&pl=21&initcwndbps=1125000&vprv=1&mime=video%2Fwebm&ns=ZPSOznNxIGS9FF2TA8hqr_AF&gir=yes&clen=3175991&dur=211.577&lmt=1540498844198580&mt=1610370272&fvip=3&keepalive=yes&c=WEB&txp=5533432&n=7veytWl4G_smnc&sparams=expire%2Cei%2Cip%2Cid%2Caitags%2Csource%2Crequiressl%2Cvprv%2Cmime%2Cns%2Cgir%2Cclen%2Cdur%2Clmt&sig=AOq0QJ8wRAIgIDg0CpTHfOh31DG_cb7vxcEZmjTNYi94_5RF9syIJX4CIDcmy9DApADLnW0ejvKKA2ca_Dq9fYX6sLTnKxWXdqTf&lsparams=mh%2Cmm%2Cmn%2Cms%2Cmv%2Cmvi%2Cpl%2Cinitcwndbps&lsig=AG3C_xAwRAIgTs0LiXXs9fQcgIVRZkPXVycunuRkBt_12VTfEvKhzaECIBlg92MkJ_hjkY24EnkV-ay8IE5EbFPKt0DLufm2EerV&ratebypass=yes", "player_url": null, "ext": "webm", "height": 720, "format_note": "720p", "vcodec": "vp9", "asr": null, "filesize": 3175991, "fps": 30, "tbr": 509.076, "width": 1280, "acodec": "none", "downloader_options": {"http_chunk_size": 10485760}, "format": "247 - 1280x720 (720p)", "protocol": "https", "http_headers": {"User-Agent": "Mozilla/5.0 (Windows NT 10.0; Win64; x64) AppleWebKit/537.36 (KHTML, like Gecko) Chrome/73.0.3683.38 Safari/537.36", "Accept-Charset": "ISO-8859-1,utf-8;q=0.7,*;q=0.7", "Accept": "text/html,application/xhtml+xml,application/xml;q=0.9,*/*;q=0.8", "Accept-Encoding": "gzip, deflate", "Accept-Language": "en-us,en;q=0.5"}}, {"format_id": "18", "url": "https://r8---sn-ipoxu-u2xd.googlevideo.com/videoplayback?expire=1610392212&ei=NE78X_2eEcTggAPZ7IroBg&ip=220.129.26.102&id=o-ABstA62JZbN_3UUyyDJyMS5_k8bxHOPcbY61tN4Dm-ij&itag=18&source=youtube&requiressl=yes&mh=M4&mm=31%2C29&mn=sn-ipoxu-u2xd%2Csn-un57en7e&ms=au%2Crdu&mv=m&mvi=8&pl=21&initcwndbps=1125000&vprv=1&mime=video%2Fmp4&ns=a05WhQHTSLL6EMxfckqi3CkF&gir=yes&clen=6474683&ratebypass=yes&dur=211.649&lmt=1540496898803758&mt=1610370272&fvip=3&c=WEB&txp=5531432&n=eNuzQk2gp0Rd79&sparams=expire%2Cei%2Cip%2Cid%2Citag%2Csource%2Crequiressl%2Cvprv%2Cmime%2Cns%2Cgir%2Cclen%2Cratebypass%2Cdur%2Clmt&sig=AOq0QJ8wRAIgWn3iNNHHCKXuvPc6EgWgMfmpFgarBRk4rTij_jLp4NsCID-sl8_0njWM68aVlrHn10UiSOeQ1CzX74MfF1GQQG8Y&lsparams=mh%2Cmm%2Cmn%2Cms%2Cmv%2Cmvi%2Cpl%2Cinitcwndbps&lsig=AG3C_xAwRAIgTs0LiXXs9fQcgIVRZkPXVycunuRkBt_12VTfEvKhzaECIBlg92MkJ_hjkY24EnkV-ay8IE5EbFPKt0DLufm2EerV", "player_url": null, "ext": "mp4", "width": 640, "height": 360, "acodec": "mp4a.40.2", "abr": 96, "vcodec": "avc1.42001E", "asr": 44100, "filesize": 6474683, "format_note": "360p", "fps": 30, "tbr": 244.816, "format": "18 - 640x360 (360p)", "protocol": "https", "http_headers": {"User-Agent": "Mozilla/5.0 (Windows NT 10.0; Win64; x64) AppleWebKit/537.36 (KHTML, like Gecko) Chrome/73.0.3683.38 Safari/537.36", "Accept-Charset": "ISO-8859-1,utf-8;q=0.7,*;q=0.7", "Accept": "text/html,application/xhtml+xml,application/xml;q=0.9,*/*;q=0.8", "Accept-Encoding": "gzip, deflate", "Accept-Language": "en-us,en;q=0.5"}}], "is_live": null, "start_time": null, "end_time": null, "series": null, "season_number": null, "episode_number": null, "track": null, "artist": null, "album": null, "release_date": null, "release_year": null, "extractor": "youtube", "webpage_url_basename": "watch", "extractor_key": "Youtube", "playlist": null, "playlist_index": null, "thumbnail": "https://i.ytimg.com/vi/vVTP0DOL_2Q/maxresdefault.jpg", "display_id": "vVTP0DOL_2Q", "requested_subtitles": null, "format_id": "251", "url": "https://r8---sn-ipoxu-u2xd.googlevideo.com/videoplayback?expire=1610392212&ei=NE78X_2eEcTggAPZ7IroBg&ip=220.129.26.102&id=o-ABstA62JZbN_3UUyyDJyMS5_k8bxHOPcbY61tN4Dm-ij&itag=251&source=youtube&requiressl=yes&mh=M4&mm=31%2C29&mn=sn-ipoxu-u2xd%2Csn-un57en7e&ms=au%2Crdu&mv=m&mvi=8&pl=21&initcwndbps=1125000&vprv=1&mime=audio%2Fwebm&ns=ZPSOznNxIGS9FF2TA8hqr_AF&gir=yes&clen=4068638&dur=211.601&lmt=1540500268053000&mt=1610370272&fvip=3&keepalive=yes&c=WEB&txp=5511222&n=7veytWl4G_smnc&sparams=expire%2Cei%2Cip%2Cid%2Citag%2Csource%2Crequiressl%2Cvprv%2Cmime%2Cns%2Cgir%2Cclen%2Cdur%2Clmt&sig=AOq0QJ8wRAIgXWMymwAmAiVHwz_W4AjJj9Wq0DkW7BcSN4qotiMZzn8CIALtf4Qf9hr_XTL9zILcnMGsQ0XQpygQVlTXMtoA63tl&lsparams=mh%2Cmm%2Cmn%2Cms%2Cmv%2Cmvi%2Cpl%2Cinitcwndbps&lsig=AG3C_xAwRAIgTs0LiXXs9fQcgIVRZkPXVycunuRkBt_12VTfEvKhzaECIBlg92MkJ_hjkY24EnkV-ay8IE5EbFPKt0DLufm2EerV&ratebypass=yes", "player_url": null, "ext": "webm", "format_note": "tiny", "acodec": "opus", "abr": 160, "asr": 48000, "filesize": 4068638, "fps": null, "height": null, "tbr": 160.393, "width": null, "vcodec": "none", "downloader_options": {"http_chunk_size": 10485760}, "format": "251 - audio only (tiny)", "protocol": "https", "http_headers": {"User-Agent": "Mozilla/5.0 (Windows NT 10.0; Win64; x64) AppleWebKit/537.36 (KHTML, like Gecko) Chrome/73.0.3683.38 Safari/537.36", "Accept-Charset": "ISO-8859-1,utf-8;q=0.7,*;q=0.7", "Accept": "text/html,application/xhtml+xml,application/xml;q=0.9,*/*;q=0.8", "Accept-Encoding": "gzip, deflate", "Accept-Language": "en-us,en;q=0.5"}}