{"id": "wxXpvnmq_-E", "uploader": "Inreload - Topic", "uploader_id": "UCoSvMxHCaM0bf6dMrhRYF1Q", "uploader_url": "http://www.youtube.com/channel/UCoSvMxHCaM0bf6dMrhRYF1Q", "channel_id": "UCoSvMxHCaM0bf6dMrhRYF1Q", "channel_url": "http://www.youtube.com/channel/UCoSvMxHCaM0bf6dMrhRYF1Q", "upload_date": "20201014", "license": null, "creator": "Inreload", "title": "Autumn Memories", "alt_title": "Autumn Memories", "thumbnails": [{"url": "https://i.ytimg.com/vi/wxXpvnmq_-E/hqdefault.jpg?sqp=-oaymwEYCKgBEF5IVfKriqkDCwgBFQAAiEIYAXAB&rs=AOn4CLCE-hVswGMAynkbAJrALoMRn-549g", "width": 168, "height": 94, "resolution": "168x94", "id": "0"}, {"url": "https://i.ytimg.com/vi/wxXpvnmq_-E/hqdefault.jpg?sqp=-oaymwEYCMQBEG5IVfKriqkDCwgBFQAAiEIYAXAB&rs=AOn4CLBnnLY0wQDIcpX1bLktoLkQF9SvzQ", "width": 196, "height": 110, "resolution": "196x110", "id": "1"}, {"url": "https://i.ytimg.com/vi/wxXpvnmq_-E/hqdefault.jpg?sqp=-oaymwEZCPYBEIoBSFXyq4qpAwsIARUAAIhCGAFwAQ==&rs=AOn4CLCn7W7a8wYhoXLZTEm234TwcuQfqg", "width": 246, "height": 138, "resolution": "246x138", "id": "2"}, {"url": "https://i.ytimg.com/vi/wxXpvnmq_-E/hqdefault.jpg?sqp=-oaymwEZCNACELwBSFXyq4qpAwsIARUAAIhCGAFwAQ==&rs=AOn4CLA5HD6KbRraprBrHE0bdd9ixqULDg", "width": 336, "height": 188, "resolution": "336x188", "id": "3"}, {"url": "https://i.ytimg.com/vi/wxXpvnmq_-E/maxresdefault.jpg", "width": 1920, "height": 1080, "resolution": "1920x1080", "id": "4"}], "description": "Provided to YouTube by TuneCore\n\nAutumn Memories \u00b7 Inreload\n\nAutumn Memories\n\n\u2117 2020 Dream Relaxation\n\nReleased on: 2020-10-15\n\nAuto-generated by YouTube.", "categories": ["Music"], "tags": ["Inreload", "Autumn Memories"], "subtitles": {}, "automatic_captions": {}, "duration": 147, "age_limit": 0, "annotations": null, "chapters": null, "webpage_url": "https://www.youtube.com/watch?v=wxXpvnmq_-E", "view_count": 271, "like_count": 12, "dislike_count": null, "average_rating": 5.0, "formats": [{"format_id": "249", "url": "https://r7---sn-5njj-u2xl.googlevideo.com/videoplayback?expire=1608123752&ei=CLHZX6ftK8b6gQPK94PACQ&ip=140.109.135.166&id=o-AAIdK3okVX_SQJJhUv4lgBt4DrKUIhduA3r-G5oZNHLh&itag=249&source=youtube&requiressl=yes&mh=EF&mm=31%2C29&mn=sn-5njj-u2xl%2Csn-un57en7s&ms=au%2Crdu&mv=m&mvi=7&pl=16&gcr=tw&initcwndbps=508750&vprv=1&mime=audio%2Fwebm&ns=YUfjuV1wmgsBbCpoapIxlkEF&gir=yes&clen=1052229&dur=146.841&lmt=1601477335880992&mt=1608101795&fvip=2&keepalive=yes&c=WEB&txp=2311224&n=Rhs8grHfqTMZ5P_h8&sparams=expire%2Cei%2Cip%2Cid%2Citag%2Csource%2Crequiressl%2Cgcr%2Cvprv%2Cmime%2Cns%2Cgir%2Cclen%2Cdur%2Clmt&lsparams=mh%2Cmm%2Cmn%2Cms%2Cmv%2Cmvi%2Cpl%2Cinitcwndbps&lsig=AG3C_xAwRQIgX4Yuu9Vmxfl51RGDKCmlgq83UBl3HaawtptVKbN_hEUCIQCJOJq5_FeVwO44cs-gOtNDA1vfpv3yo64SO93X9JLesg%3D%3D&sig=AOq0QJ8wRAIgfWc1Fx815bVtI5ofgJPTHQeXffL_lpT6Iq0JetnkOe4CIC03PduQWiN6YhQ-65qpjnENtpIADHMapbZOAwUJCQhy&ratebypass=yes", "player_url": "/s/player/62f90c99/player_ias.vflset/en_US/base.js", "ext": "webm", "format_note": "tiny", "acodec": "opus", "abr": 50, "asr": 48000, "filesize": 1052229, "fps": null, "height": null, "tbr": 62.212, "width": null, "vcodec": "none", "downloader_options": {"http_chunk_size": 10485760}, "format": "249 - audio only (tiny)", "protocol": "https", "http_headers": {"User-Agent": "Mozilla/5.0 (Windows NT 10.0; Win64; x64) AppleWebKit/537.36 (KHTML, like Gecko) Chrome/74.0.3726.1 Safari/537.36", "Accept-Charset": "ISO-8859-1,utf-8;q=0.7,*;q=0.7", "Accept": "text/html,application/xhtml+xml,application/xml;q=0.9,*/*;q=0.8", "Accept-Encoding": "gzip, deflate", "Accept-Language": "en-us,en;q=0.5"}}, {"format_id": "250", "url": "https://r7---sn-5njj-u2xl.googlevideo.com/videoplayback?expire=1608123752&ei=CLHZX6ftK8b6gQPK94PACQ&ip=140.109.135.166&id=o-AAIdK3okVX_SQJJhUv4lgBt4DrKUIhduA3r-G5oZNHLh&itag=250&source=youtube&requiressl=yes&mh=EF&mm=31%2C29&mn=sn-5njj-u2xl%2Csn-un57en7s&ms=au%2Crdu&mv=m&mvi=7&pl=16&gcr=tw&initcwndbps=508750&vprv=1&mime=audio%2Fwebm&ns=YUfjuV1wmgsBbCpoapIxlkEF&gir=yes&clen=1391530&dur=146.841&lmt=1601477335980949&mt=1608101795&fvip=2&keepalive=yes&c=WEB&txp=2311224&n=Rhs8grHfqTMZ5P_h8&sparams=expire%2Cei%2Cip%2Cid%2Citag%2Csource%2Crequiressl%2Cgcr%2Cvprv%2Cmime%2Cns%2Cgir%2Cclen%2Cdur%2Clmt&lsparams=mh%2Cmm%2Cmn%2Cms%2Cmv%2Cmvi%2Cpl%2Cinitcwndbps&lsig=AG3C_xAwRQIgE7wD5L2mc1bdTM18fomRx_mAJtqFk2Gwy5mwbRQsIE8CIQCGsnlCoBGkufEgPo7w89uOxIiU9OHJXj3rnnwvr9-gDA%3D%3D&sig=AOq0QJ8wRAIgGIjrBIoy-GwhNVTa1jJoRT9V3ZQYkto7iy29SneCioACIH_K2k3CQLhORB4WCv5juY5dsC3Z_T8AlUajPP3LTMDM&ratebypass=yes", "player_url": "/s/player/62f90c99/player_ias.vflset/en_US/base.js", "ext": "webm", "format_note": "tiny", "acodec": "opus", "abr": 70, "asr": 48000, "filesize": 1391530, "fps": null, "height": null, "tbr": 81.493, "width": null, "vcodec": "none", "downloader_options": {"http_chunk_size": 10485760}, "format": "250 - audio only (tiny)", "protocol": "https", "http_headers": {"User-Agent": "Mozilla/5.0 (Windows NT 10.0; Win64; x64) AppleWebKit/537.36 (KHTML, like Gecko) Chrome/74.0.3726.1 Safari/537.36", "Accept-Charset": "ISO-8859-1,utf-8;q=0.7,*;q=0.7", "Accept": "text/html,application/xhtml+xml,application/xml;q=0.9,*/*;q=0.8", "Accept-Encoding": "gzip, deflate", "Accept-Language": "en-us,en;q=0.5"}}, {"format_id": "140", "url": "https://r7---sn-5njj-u2xl.googlevideo.com/videoplayback?expire=1608123752&ei=CLHZX6ftK8b6gQPK94PACQ&ip=140.109.135.166&id=o-AAIdK3okVX_SQJJhUv4lgBt4DrKUIhduA3r-G5oZNHLh&itag=140&source=youtube&requiressl=yes&mh=EF&mm=31%2C29&mn=sn-5njj-u2xl%2Csn-un57en7s&ms=au%2Crdu&mv=m&mvi=7&pl=16&gcr=tw&initcwndbps=508750&vprv=1&mime=audio%2Fmp4&ns=YUfjuV1wmgsBbCpoapIxlkEF&gir=yes&clen=2379148&dur=146.827&lmt=1601476287916335&mt=1608101795&fvip=2&keepalive=yes&c=WEB&txp=2311222&n=Rhs8grHfqTMZ5P_h8&sparams=expire%2Cei%2Cip%2Cid%2Citag%2Csource%2Crequiressl%2Cgcr%2Cvprv%2Cmime%2Cns%2Cgir%2Cclen%2Cdur%2Clmt&lsparams=mh%2Cmm%2Cmn%2Cms%2Cmv%2Cmvi%2Cpl%2Cinitcwndbps&lsig=AG3C_xAwRgIhAMrU7MTidd7CbmZ93RPeKsoXTu_IimArkqbC8dLtAsguAiEAq4Aj4cj4qkuPHf1RnMauHJotmoozqRMQxsTdCelOq44%3D&sig=AOq0QJ8wRQIgReigBytBKC_4Z9srbdHYJj8ffrgjaLUjScGPAvPe3WQCIQDMU_PoX-FYY_0samLQbBJAaPcMEPRQ4pbH3rVW-Gz5mw==&ratebypass=yes", "player_url": "/s/player/62f90c99/player_ias.vflset/en_US/base.js", "ext": "m4a", "format_note": "tiny", "acodec": "mp4a.40.2", "abr": 128, "container": "m4a_dash", "asr": 44100, "filesize": 2379148, "fps": null, "height": null, "tbr": 130.871, "width": null, "vcodec": "none", "downloader_options": {"http_chunk_size": 10485760}, "format": "140 - audio only (tiny)", "protocol": "https", "http_headers": {"User-Agent": "Mozilla/5.0 (Windows NT 10.0; Win64; x64) AppleWebKit/537.36 (KHTML, like Gecko) Chrome/74.0.3726.1 Safari/537.36", "Accept-Charset": "ISO-8859-1,utf-8;q=0.7,*;q=0.7", "Accept": "text/html,application/xhtml+xml,application/xml;q=0.9,*/*;q=0.8", "Accept-Encoding": "gzip, deflate", "Accept-Language": "en-us,en;q=0.5"}}, {"format_id": "251", "url": "https://r7---sn-5njj-u2xl.googlevideo.com/videoplayback?expire=1608123752&ei=CLHZX6ftK8b6gQPK94PACQ&ip=140.109.135.166&id=o-AAIdK3okVX_SQJJhUv4lgBt4DrKUIhduA3r-G5oZNHLh&itag=251&source=youtube&requiressl=yes&mh=EF&mm=31%2C29&mn=sn-5njj-u2xl%2Csn-un57en7s&ms=au%2Crdu&mv=m&mvi=7&pl=16&gcr=tw&initcwndbps=508750&vprv=1&mime=audio%2Fwebm&ns=YUfjuV1wmgsBbCpoapIxlkEF&gir=yes&clen=2737643&dur=146.841&lmt=1601477335882732&mt=1608101795&fvip=2&keepalive=yes&c=WEB&txp=2311224&n=Rhs8grHfqTMZ5P_h8&sparams=expire%2Cei%2Cip%2Cid%2Citag%2Csource%2Crequiressl%2Cgcr%2Cvprv%2Cmime%2Cns%2Cgir%2Cclen%2Cdur%2Clmt&lsparams=mh%2Cmm%2Cmn%2Cms%2Cmv%2Cmvi%2Cpl%2Cinitcwndbps&lsig=AG3C_xAwRgIhAIVeJEEokkE0j9PH8kYrQU4HhSUHyn8W-ZwP5dCphE3bAiEAks19V8Jb7-ULPoA0EJ3s6nqSS3D71VKz3GC9HfNXob4%3D&sig=AOq0QJ8wRAIgdlEKXqx0cjampf62a6Ce4a_jiRy-OvCLST4EtWE5lXICIEQnx_Wr_Xx9355C9OO8qR5F2rfX1TaAz7Hk_Di8_0PK&ratebypass=yes", "player_url": "/s/player/62f90c99/player_ias.vflset/en_US/base.js", "ext": "webm", "format_note": "tiny", "acodec": "opus", "abr": 160, "asr": 48000, "filesize": 2737643, "fps": null, "height": null, "tbr": 155.579, "width": null, "vcodec": "none", "downloader_options": {"http_chunk_size": 10485760}, "format": "251 - audio only (tiny)", "protocol": "https", "http_headers": {"User-Agent": "Mozilla/5.0 (Windows NT 10.0; Win64; x64) AppleWebKit/537.36 (KHTML, like Gecko) Chrome/74.0.3726.1 Safari/537.36", "Accept-Charset": "ISO-8859-1,utf-8;q=0.7,*;q=0.7", "Accept": "text/html,application/xhtml+xml,application/xml;q=0.9,*/*;q=0.8", "Accept-Encoding": "gzip, deflate", "Accept-Language": "en-us,en;q=0.5"}}, {"format_id": "278", "url": "https://r7---sn-5njj-u2xl.googlevideo.com/videoplayback?expire=1608123752&ei=CLHZX6ftK8b6gQPK94PACQ&ip=140.109.135.166&id=o-AAIdK3okVX_SQJJhUv4lgBt4DrKUIhduA3r-G5oZNHLh&itag=278&aitags=133%2C134%2C135%2C136%2C137%2C160%2C242%2C243%2C244%2C247%2C248%2C278&source=youtube&requiressl=yes&mh=EF&mm=31%2C29&mn=sn-5njj-u2xl%2Csn-un57en7s&ms=au%2Crdu&mv=m&mvi=7&pl=16&gcr=tw&initcwndbps=508750&vprv=1&mime=video%2Fwebm&ns=YUfjuV1wmgsBbCpoapIxlkEF&gir=yes&clen=375544&dur=146.800&lmt=1601477918881831&mt=1608101795&fvip=2&keepalive=yes&c=WEB&txp=2311224&n=Rhs8grHfqTMZ5P_h8&sparams=expire%2Cei%2Cip%2Cid%2Caitags%2Csource%2Crequiressl%2Cgcr%2Cvprv%2Cmime%2Cns%2Cgir%2Cclen%2Cdur%2Clmt&lsparams=mh%2Cmm%2Cmn%2Cms%2Cmv%2Cmvi%2Cpl%2Cinitcwndbps&lsig=AG3C_xAwRQIhAIifwSt3bLXRXTkC-aGrjZNOI3tftNe1PF0vIqsC_tSKAiBADb33glelEPgvp_nMaBBZuCTT5B76FlOrbSJcWFDtTQ%3D%3D&sig=AOq0QJ8wRAIgGWEy6myFXeo4nUFnIfKHctaY7tCFyXlrYwar50-UV_oCIHqOHeiNtAoOcQNjGJdhbZDbJ9uAAlfBKhrUPWt8EKS8&ratebypass=yes", "player_url": "/s/player/62f90c99/player_ias.vflset/en_US/base.js", "ext": "webm", "height": 144, "format_note": "144p", "container": "webm", "vcodec": "vp9", "asr": null, "filesize": 375544, "fps": 25, "tbr": 26.237, "width": 144, "acodec": "none", "downloader_options": {"http_chunk_size": 10485760}, "format": "278 - 144x144 (144p)", "protocol": "https", "http_headers": {"User-Agent": "Mozilla/5.0 (Windows NT 10.0; Win64; x64) AppleWebKit/537.36 (KHTML, like Gecko) Chrome/74.0.3726.1 Safari/537.36", "Accept-Charset": "ISO-8859-1,utf-8;q=0.7,*;q=0.7", "Accept": "text/html,application/xhtml+xml,application/xml;q=0.9,*/*;q=0.8", "Accept-Encoding": "gzip, deflate", "Accept-Language": "en-us,en;q=0.5"}}, {"format_id": "160", "url": "https://r7---sn-5njj-u2xl.googlevideo.com/videoplayback?expire=1608123752&ei=CLHZX6ftK8b6gQPK94PACQ&ip=140.109.135.166&id=o-AAIdK3okVX_SQJJhUv4lgBt4DrKUIhduA3r-G5oZNHLh&itag=160&aitags=133%2C134%2C135%2C136%2C137%2C160%2C242%2C243%2C244%2C247%2C248%2C278&source=youtube&requiressl=yes&mh=EF&mm=31%2C29&mn=sn-5njj-u2xl%2Csn-un57en7s&ms=au%2Crdu&mv=m&mvi=7&pl=16&gcr=tw&initcwndbps=508750&vprv=1&mime=video%2Fmp4&ns=YUfjuV1wmgsBbCpoapIxlkEF&gir=yes&clen=842905&dur=146.800&lmt=1601476529408475&mt=1608101795&fvip=2&keepalive=yes&c=WEB&txp=2311222&n=Rhs8grHfqTMZ5P_h8&sparams=expire%2Cei%2Cip%2Cid%2Caitags%2Csource%2Crequiressl%2Cgcr%2Cvprv%2Cmime%2Cns%2Cgir%2Cclen%2Cdur%2Clmt&lsparams=mh%2Cmm%2Cmn%2Cms%2Cmv%2Cmvi%2Cpl%2Cinitcwndbps&lsig=AG3C_xAwRAIgVvQHHJPGI6TBwlQZSQCFzlebkTZsMe_2E70-Z_Gc9E8CIALyX81LomPemJ9cXL9uUmxV6lGwhzGCbZpRvG7DcKkn&sig=AOq0QJ8wRQIgHGvhrCDUEczYovP3bEid0gWaN_UVTqSGCCjFICycf0sCIQDIlPth-084Cr-2ZeQYhLyYkux_ZbAxHF1kqP7cDvymwA==&ratebypass=yes", "player_url": "/s/player/62f90c99/player_ias.vflset/en_US/base.js", "ext": "mp4", "height": 144, "format_note": "144p", "vcodec": "avc1.4d400b", "asr": null, "filesize": 842905, "fps": 25, "tbr": 48.354, "width": 144, "acodec": "none", "downloader_options": {"http_chunk_size": 10485760}, "format": "160 - 144x144 (144p)", "protocol": "https", "http_headers": {"User-Agent": "Mozilla/5.0 (Windows NT 10.0; Win64; x64) AppleWebKit/537.36 (KHTML, like Gecko) Chrome/74.0.3726.1 Safari/537.36", "Accept-Charset": "ISO-8859-1,utf-8;q=0.7,*;q=0.7", "Accept": "text/html,application/xhtml+xml,application/xml;q=0.9,*/*;q=0.8", "Accept-Encoding": "gzip, deflate", "Accept-Language": "en-us,en;q=0.5"}}, {"format_id": "242", "url": "https://r7---sn-5njj-u2xl.googlevideo.com/videoplayback?expire=1608123752&ei=CLHZX6ftK8b6gQPK94PACQ&ip=140.109.135.166&id=o-AAIdK3okVX_SQJJhUv4lgBt4DrKUIhduA3r-G5oZNHLh&itag=242&aitags=133%2C134%2C135%2C136%2C137%2C160%2C242%2C243%2C244%2C247%2C248%2C278&source=youtube&requiressl=yes&mh=EF&mm=31%2C29&mn=sn-5njj-u2xl%2Csn-un57en7s&ms=au%2Crdu&mv=m&mvi=7&pl=16&gcr=tw&initcwndbps=508750&vprv=1&mime=video%2Fwebm&ns=YUfjuV1wmgsBbCpoapIxlkEF&gir=yes&clen=813099&dur=146.800&lmt=1601477918717942&mt=1608101795&fvip=2&keepalive=yes&c=WEB&txp=2311224&n=Rhs8grHfqTMZ5P_h8&sparams=expire%2Cei%2Cip%2Cid%2Caitags%2Csource%2Crequiressl%2Cgcr%2Cvprv%2Cmime%2Cns%2Cgir%2Cclen%2Cdur%2Clmt&lsparams=mh%2Cmm%2Cmn%2Cms%2Cmv%2Cmvi%2Cpl%2Cinitcwndbps&lsig=AG3C_xAwRQIgR6islDU6ZfeWnF99wkxryMXxp4SybQ9aQGLiWUaCuzACIQDgqhZ5a96YRAV0y0Wm_Usz3KX_PYwRZMLGM6lw_khVyw%3D%3D&sig=AOq0QJ8wRQIhAMBwvFryv70Y0qVyUGSc35BX62ynSK5HjyJE4bnkRUzHAiBA6zxqYjXampjCT5s6FyL7aSZPeZXIa5uXuOrLns8neA==&ratebypass=yes", "player_url": "/s/player/62f90c99/player_ias.vflset/en_US/base.js", "ext": "webm", "height": 240, "format_note": "240p", "vcodec": "vp9", "asr": null, "filesize": 813099, "fps": 25, "tbr": 61.655, "width": 240, "acodec": "none", "downloader_options": {"http_chunk_size": 10485760}, "format": "242 - 240x240 (240p)", "protocol": "https", "http_headers": {"User-Agent": "Mozilla/5.0 (Windows NT 10.0; Win64; x64) AppleWebKit/537.36 (KHTML, like Gecko) Chrome/74.0.3726.1 Safari/537.36", "Accept-Charset": "ISO-8859-1,utf-8;q=0.7,*;q=0.7", "Accept": "text/html,application/xhtml+xml,application/xml;q=0.9,*/*;q=0.8", "Accept-Encoding": "gzip, deflate", "Accept-Language": "en-us,en;q=0.5"}}, {"format_id": "133", "url": "https://r7---sn-5njj-u2xl.googlevideo.com/videoplayback?expire=1608123752&ei=CLHZX6ftK8b6gQPK94PACQ&ip=140.109.135.166&id=o-AAIdK3okVX_SQJJhUv4lgBt4DrKUIhduA3r-G5oZNHLh&itag=133&aitags=133%2C134%2C135%2C136%2C137%2C160%2C242%2C243%2C244%2C247%2C248%2C278&source=youtube&requiressl=yes&mh=EF&mm=31%2C29&mn=sn-5njj-u2xl%2Csn-un57en7s&ms=au%2Crdu&mv=m&mvi=7&pl=16&gcr=tw&initcwndbps=508750&vprv=1&mime=video%2Fmp4&ns=YUfjuV1wmgsBbCpoapIxlkEF&gir=yes&clen=1807821&dur=146.800&lmt=1601476529369249&mt=1608101795&fvip=2&keepalive=yes&c=WEB&txp=2311222&n=Rhs8grHfqTMZ5P_h8&sparams=expire%2Cei%2Cip%2Cid%2Caitags%2Csource%2Crequiressl%2Cgcr%2Cvprv%2Cmime%2Cns%2Cgir%2Cclen%2Cdur%2Clmt&lsparams=mh%2Cmm%2Cmn%2Cms%2Cmv%2Cmvi%2Cpl%2Cinitcwndbps&lsig=AG3C_xAwRgIhAM1tyOBZvzJ6l3ehwFNn754MfM15VM6x2M4RWJWg8b_IAiEA0wPdD8hQmUuLchbBLG3BlVQzr53tF9Jq5ZwCosL6wAg%3D&sig=AOq0QJ8wRgIhAPFb-Iki-Rh6eWn-HaAkmSEAlPJltZKsNm3ywHgbbbaKAiEAg6QqKTjbbofEGMgMIC2HkuepNpzOmE_ljaQyfdGcpYw=&ratebypass=yes", "player_url": "/s/player/62f90c99/player_ias.vflset/en_US/base.js", "ext": "mp4", "height": 240, "format_note": "240p", "vcodec": "avc1.4d400c", "asr": null, "filesize": 1807821, "fps": 25, "tbr": 111.895, "width": 240, "acodec": "none", "downloader_options": {"http_chunk_size": 10485760}, "format": "133 - 240x240 (240p)", "protocol": "https", "http_headers": {"User-Agent": "Mozilla/5.0 (Windows NT 10.0; Win64; x64) AppleWebKit/537.36 (KHTML, like Gecko) Chrome/74.0.3726.1 Safari/537.36", "Accept-Charset": "ISO-8859-1,utf-8;q=0.7,*;q=0.7", "Accept": "text/html,application/xhtml+xml,application/xml;q=0.9,*/*;q=0.8", "Accept-Encoding": "gzip, deflate", "Accept-Language": "en-us,en;q=0.5"}}, {"format_id": "243", "url": "https://r7---sn-5njj-u2xl.googlevideo.com/videoplayback?expire=1608123752&ei=CLHZX6ftK8b6gQPK94PACQ&ip=140.109.135.166&id=o-AAIdK3okVX_SQJJhUv4lgBt4DrKUIhduA3r-G5oZNHLh&itag=243&aitags=133%2C134%2C135%2C136%2C137%2C160%2C242%2C243%2C244%2C247%2C248%2C278&source=youtube&requiressl=yes&mh=EF&mm=31%2C29&mn=sn-5njj-u2xl%2Csn-un57en7s&ms=au%2Crdu&mv=m&mvi=7&pl=16&gcr=tw&initcwndbps=508750&vprv=1&mime=video%2Fwebm&ns=YUfjuV1wmgsBbCpoapIxlkEF&gir=yes&clen=1658756&dur=146.800&lmt=1601477918786628&mt=1608101795&fvip=2&keepalive=yes&c=WEB&txp=2311224&n=Rhs8grHfqTMZ5P_h8&sparams=expire%2Cei%2Cip%2Cid%2Caitags%2Csource%2Crequiressl%2Cgcr%2Cvprv%2Cmime%2Cns%2Cgir%2Cclen%2Cdur%2Clmt&lsparams=mh%2Cmm%2Cmn%2Cms%2Cmv%2Cmvi%2Cpl%2Cinitcwndbps&lsig=AG3C_xAwRQIgGAKXn0tX0233RzxhHwW214L47N07JK4z4E0bxB0MjJUCIQCsw0lvYtxTPsKWT86mu8cXQc1i9hgnBRlmWT6EE_e9Gg%3D%3D&sig=AOq0QJ8wRAIgEoEhanAwml4vGm1tmro-1QR_wWo7Zy52ab0REUrWwh4CIHRP6V7W6Jn4SeXOwqhivwSUNjy6M3zhR9RR641IqicM&ratebypass=yes", "player_url": "/s/player/62f90c99/player_ias.vflset/en_US/base.js", "ext": "webm", "height": 360, "format_note": "360p", "vcodec": "vp9", "asr": null, "filesize": 1658756, "fps": 25, "tbr": 115.988, "width": 360, "acodec": "none", "downloader_options": {"http_chunk_size": 10485760}, "format": "243 - 360x360 (360p)", "protocol": "https", "http_headers": {"User-Agent": "Mozilla/5.0 (Windows NT 10.0; Win64; x64) AppleWebKit/537.36 (KHTML, like Gecko) Chrome/74.0.3726.1 Safari/537.36", "Accept-Charset": "ISO-8859-1,utf-8;q=0.7,*;q=0.7", "Accept": "text/html,application/xhtml+xml,application/xml;q=0.9,*/*;q=0.8", "Accept-Encoding": "gzip, deflate", "Accept-Language": "en-us,en;q=0.5"}}, {"format_id": "134", "url": "https://r7---sn-5njj-u2xl.googlevideo.com/videoplayback?expire=1608123752&ei=CLHZX6ftK8b6gQPK94PACQ&ip=140.109.135.166&id=o-AAIdK3okVX_SQJJhUv4lgBt4DrKUIhduA3r-G5oZNHLh&itag=134&aitags=133%2C134%2C135%2C136%2C137%2C160%2C242%2C243%2C244%2C247%2C248%2C278&source=youtube&requiressl=yes&mh=EF&mm=31%2C29&mn=sn-5njj-u2xl%2Csn-un57en7s&ms=au%2Crdu&mv=m&mvi=7&pl=16&gcr=tw&initcwndbps=508750&vprv=1&mime=video%2Fmp4&ns=YUfjuV1wmgsBbCpoapIxlkEF&gir=yes&clen=1686703&dur=146.800&lmt=1601476772678773&mt=1608101795&fvip=2&keepalive=yes&c=WEB&txp=2311222&n=Rhs8grHfqTMZ5P_h8&sparams=expire%2Cei%2Cip%2Cid%2Caitags%2Csource%2Crequiressl%2Cgcr%2Cvprv%2Cmime%2Cns%2Cgir%2Cclen%2Cdur%2Clmt&lsparams=mh%2Cmm%2Cmn%2Cms%2Cmv%2Cmvi%2Cpl%2Cinitcwndbps&lsig=AG3C_xAwRAIga1NLpbuaY97KflCrGIObMrHaZGrhZrT69mjOIA2qkt8CIF5feKRfh7AgbGvFlxQEwleC923EBxp-L6UhGs8YAOWc&sig=AOq0QJ8wRgIhAOu6rYaafYOsoazDLI5OcJkTiWPN7MIEmRKSVygsi2nMAiEA05x4q1cHn58E4yYM2oRWx9PDb_lHDxJBuc22lOsQ0BY=&ratebypass=yes", "player_url": "/s/player/62f90c99/player_ias.vflset/en_US/base.js", "ext": "mp4", "height": 360, "format_note": "360p", "vcodec": "avc1.4d4015", "asr": null, "filesize": 1686703, "fps": 25, "tbr": 132.437, "width": 360, "acodec": "none", "downloader_options": {"http_chunk_size": 10485760}, "format": "134 - 360x360 (360p)", "protocol": "https", "http_headers": {"User-Agent": "Mozilla/5.0 (Windows NT 10.0; Win64; x64) AppleWebKit/537.36 (KHTML, like Gecko) Chrome/74.0.3726.1 Safari/537.36", "Accept-Charset": "ISO-8859-1,utf-8;q=0.7,*;q=0.7", "Accept": "text/html,application/xhtml+xml,application/xml;q=0.9,*/*;q=0.8", "Accept-Encoding": "gzip, deflate", "Accept-Language": "en-us,en;q=0.5"}}, {"format_id": "244", "url": "https://r7---sn-5njj-u2xl.googlevideo.com/videoplayback?expire=1608123752&ei=CLHZX6ftK8b6gQPK94PACQ&ip=140.109.135.166&id=o-AAIdK3okVX_SQJJhUv4lgBt4DrKUIhduA3r-G5oZNHLh&itag=244&aitags=133%2C134%2C135%2C136%2C137%2C160%2C242%2C243%2C244%2C247%2C248%2C278&source=youtube&requiressl=yes&mh=EF&mm=31%2C29&mn=sn-5njj-u2xl%2Csn-un57en7s&ms=au%2Crdu&mv=m&mvi=7&pl=16&gcr=tw&initcwndbps=508750&vprv=1&mime=video%2Fwebm&ns=YUfjuV1wmgsBbCpoapIxlkEF&gir=yes&clen=2936890&dur=146.800&lmt=1601477918734651&mt=1608101795&fvip=2&keepalive=yes&c=WEB&txp=2311224&n=Rhs8grHfqTMZ5P_h8&sparams=expire%2Cei%2Cip%2Cid%2Caitags%2Csource%2Crequiressl%2Cgcr%2Cvprv%2Cmime%2Cns%2Cgir%2Cclen%2Cdur%2Clmt&lsparams=mh%2Cmm%2Cmn%2Cms%2Cmv%2Cmvi%2Cpl%2Cinitcwndbps&lsig=AG3C_xAwRAIgeGDm39njZWt9lFB5B9xvI-1wg9taiE4F99sLfi9VR34CIH4_Wssc8iwtGDu98mm3Xg7VDLWF4ad4LknQDAfZ796L&sig=AOq0QJ8wRQIhAKX5em3GQ0TQhvJ8RHAiXnXHzHz7oNpsMmZQax6SalyqAiByuJ1FeNZoiUx3laRhgTEsfKZAuPI3ZLbcth26SO4y9g==&ratebypass=yes", "player_url": "/s/player/62f90c99/player_ias.vflset/en_US/base.js", "ext": "webm", "height": 480, "format_note": "480p", "vcodec": "vp9", "asr": null, "filesize": 2936890, "fps": 25, "tbr": 207.82, "width": 480, "acodec": "none", "downloader_options": {"http_chunk_size": 10485760}, "format": "244 - 480x480 (480p)", "protocol": "https", "http_headers": {"User-Agent": "Mozilla/5.0 (Windows NT 10.0; Win64; x64) AppleWebKit/537.36 (KHTML, like Gecko) Chrome/74.0.3726.1 Safari/537.36", "Accept-Charset": "ISO-8859-1,utf-8;q=0.7,*;q=0.7", "Accept": "text/html,application/xhtml+xml,application/xml;q=0.9,*/*;q=0.8", "Accept-Encoding": "gzip, deflate", "Accept-Language": "en-us,en;q=0.5"}}, {"format_id": "135", "url": "https://r7---sn-5njj-u2xl.googlevideo.com/videoplayback?expire=1608123752&ei=CLHZX6ftK8b6gQPK94PACQ&ip=140.109.135.166&id=o-AAIdK3okVX_SQJJhUv4lgBt4DrKUIhduA3r-G5oZNHLh&itag=135&aitags=133%2C134%2C135%2C136%2C137%2C160%2C242%2C243%2C244%2C247%2C248%2C278&source=youtube&requiressl=yes&mh=EF&mm=31%2C29&mn=sn-5njj-u2xl%2Csn-un57en7s&ms=au%2Crdu&mv=m&mvi=7&pl=16&gcr=tw&initcwndbps=508750&vprv=1&mime=video%2Fmp4&ns=YUfjuV1wmgsBbCpoapIxlkEF&gir=yes&clen=3214684&dur=146.800&lmt=1601476529376216&mt=1608101795&fvip=2&keepalive=yes&c=WEB&txp=2311222&n=Rhs8grHfqTMZ5P_h8&sparams=expire%2Cei%2Cip%2Cid%2Caitags%2Csource%2Crequiressl%2Cgcr%2Cvprv%2Cmime%2Cns%2Cgir%2Cclen%2Cdur%2Clmt&lsparams=mh%2Cmm%2Cmn%2Cms%2Cmv%2Cmvi%2Cpl%2Cinitcwndbps&lsig=AG3C_xAwRAIgCnccRmgc3sOqjUeKHzcmluOaUecseakO3_jRe3kzhbcCIErKhRNlSK4J8kzisjGkMOcoJEcP0s5ZMBiV6vMae7xD&sig=AOq0QJ8wRgIhAK4ZMRaI9KZ5-rAluONCwCXW-8GJboqpoi4QQDWB9FUaAiEA_WlaIqymZx4By0-rFqWPFFPaP0GiMPqHzfs9gSB2RUI=&ratebypass=yes", "player_url": "/s/player/62f90c99/player_ias.vflset/en_US/base.js", "ext": "mp4", "height": 480, "format_note": "480p", "vcodec": "avc1.4d401e", "asr": null, "filesize": 3214684, "fps": 25, "tbr": 252.965, "width": 480, "acodec": "none", "downloader_options": {"http_chunk_size": 10485760}, "format": "135 - 480x480 (480p)", "protocol": "https", "http_headers": {"User-Agent": "Mozilla/5.0 (Windows NT 10.0; Win64; x64) AppleWebKit/537.36 (KHTML, like Gecko) Chrome/74.0.3726.1 Safari/537.36", "Accept-Charset": "ISO-8859-1,utf-8;q=0.7,*;q=0.7", "Accept": "text/html,application/xhtml+xml,application/xml;q=0.9,*/*;q=0.8", "Accept-Encoding": "gzip, deflate", "Accept-Language": "en-us,en;q=0.5"}}, {"format_id": "247", "url": "https://r7---sn-5njj-u2xl.googlevideo.com/videoplayback?expire=1608123752&ei=CLHZX6ftK8b6gQPK94PACQ&ip=140.109.135.166&id=o-AAIdK3okVX_SQJJhUv4lgBt4DrKUIhduA3r-G5oZNHLh&itag=247&aitags=133%2C134%2C135%2C136%2C137%2C160%2C242%2C243%2C244%2C247%2C248%2C278&source=youtube&requiressl=yes&mh=EF&mm=31%2C29&mn=sn-5njj-u2xl%2Csn-un57en7s&ms=au%2Crdu&mv=m&mvi=7&pl=16&gcr=tw&initcwndbps=508750&vprv=1&mime=video%2Fwebm&ns=YUfjuV1wmgsBbCpoapIxlkEF&gir=yes&clen=5967566&dur=146.800&lmt=1601477984955305&mt=1608101795&fvip=2&keepalive=yes&c=WEB&txp=2311224&n=Rhs8grHfqTMZ5P_h8&sparams=expire%2Cei%2Cip%2Cid%2Caitags%2Csource%2Crequiressl%2Cgcr%2Cvprv%2Cmime%2Cns%2Cgir%2Cclen%2Cdur%2Clmt&lsparams=mh%2Cmm%2Cmn%2Cms%2Cmv%2Cmvi%2Cpl%2Cinitcwndbps&lsig=AG3C_xAwRgIhALHU0pbhOlHLuDlZkpTZTX5D1TXJAh1oqI3XlE8m5rYwAiEAs52OVN_W3UoEUDD5l5eBon1d0JZSqZpSE7WgWL2tLpc%3D&sig=AOq0QJ8wRAIgLvHxRoqcQTYniukiLPDr75JZFiHeUSjpGytcMYDeyQoCIDeGMkzggCTfcTRuM9amPlbp2Fg0fyjSwxH0xCT9Zycj&ratebypass=yes", "player_url": "/s/player/62f90c99/player_ias.vflset/en_US/base.js", "ext": "webm", "height": 720, "format_note": "720p", "vcodec": "vp9", "asr": null, "filesize": 5967566, "fps": 25, "tbr": 456.216, "width": 720, "acodec": "none", "downloader_options": {"http_chunk_size": 10485760}, "format": "247 - 720x720 (720p)", "protocol": "https", "http_headers": {"User-Agent": "Mozilla/5.0 (Windows NT 10.0; Win64; x64) AppleWebKit/537.36 (KHTML, like Gecko) Chrome/74.0.3726.1 Safari/537.36", "Accept-Charset": "ISO-8859-1,utf-8;q=0.7,*;q=0.7", "Accept": "text/html,application/xhtml+xml,application/xml;q=0.9,*/*;q=0.8", "Accept-Encoding": "gzip, deflate", "Accept-Language": "en-us,en;q=0.5"}}, {"format_id": "136", "url": "https://r7---sn-5njj-u2xl.googlevideo.com/videoplayback?expire=1608123752&ei=CLHZX6ftK8b6gQPK94PACQ&ip=140.109.135.166&id=o-AAIdK3okVX_SQJJhUv4lgBt4DrKUIhduA3r-G5oZNHLh&itag=136&aitags=133%2C134%2C135%2C136%2C137%2C160%2C242%2C243%2C244%2C247%2C248%2C278&source=youtube&requiressl=yes&mh=EF&mm=31%2C29&mn=sn-5njj-u2xl%2Csn-un57en7s&ms=au%2Crdu&mv=m&mvi=7&pl=16&gcr=tw&initcwndbps=508750&vprv=1&mime=video%2Fmp4&ns=YUfjuV1wmgsBbCpoapIxlkEF&gir=yes&clen=6411926&dur=146.800&lmt=1601476529395529&mt=1608101795&fvip=2&keepalive=yes&c=WEB&txp=2311222&n=Rhs8grHfqTMZ5P_h8&sparams=expire%2Cei%2Cip%2Cid%2Caitags%2Csource%2Crequiressl%2Cgcr%2Cvprv%2Cmime%2Cns%2Cgir%2Cclen%2Cdur%2Clmt&lsparams=mh%2Cmm%2Cmn%2Cms%2Cmv%2Cmvi%2Cpl%2Cinitcwndbps&lsig=AG3C_xAwRAIgW-N319zXOAfdRKMKX3aDGOouOMGJglI3gFkFUzLzFrwCIFld8CqVsJXo0cbrfuaLlRXBv0DfQISABoY2TqixNC7A&sig=AOq0QJ8wRAIgHelHwtjFzgF3hOOZPSlXJCQ6LS4-FjFzsp3X9xbwndECIFkjQ0xEyj4r6VYd_vOAByR0kHQu0B6UmDV6rBAMqN91&ratebypass=yes", "player_url": "/s/player/62f90c99/player_ias.vflset/en_US/base.js", "ext": "mp4", "height": 720, "format_note": "720p", "vcodec": "avc1.4d401f", "asr": null, "filesize": 6411926, "fps": 25, "tbr": 510.551, "width": 720, "acodec": "none", "downloader_options": {"http_chunk_size": 10485760}, "format": "136 - 720x720 (720p)", "protocol": "https", "http_headers": {"User-Agent": "Mozilla/5.0 (Windows NT 10.0; Win64; x64) AppleWebKit/537.36 (KHTML, like Gecko) Chrome/74.0.3726.1 Safari/537.36", "Accept-Charset": "ISO-8859-1,utf-8;q=0.7,*;q=0.7", "Accept": "text/html,application/xhtml+xml,application/xml;q=0.9,*/*;q=0.8", "Accept-Encoding": "gzip, deflate", "Accept-Language": "en-us,en;q=0.5"}}, {"format_id": "248", "url": "https://r7---sn-5njj-u2xl.googlevideo.com/videoplayback?expire=1608123752&ei=CLHZX6ftK8b6gQPK94PACQ&ip=140.109.135.166&id=o-AAIdK3okVX_SQJJhUv4lgBt4DrKUIhduA3r-G5oZNHLh&itag=248&aitags=133%2C134%2C135%2C136%2C137%2C160%2C242%2C243%2C244%2C247%2C248%2C278&source=youtube&requiressl=yes&mh=EF&mm=31%2C29&mn=sn-5njj-u2xl%2Csn-un57en7s&ms=au%2Crdu&mv=m&mvi=7&pl=16&gcr=tw&initcwndbps=508750&vprv=1&mime=video%2Fwebm&ns=YUfjuV1wmgsBbCpoapIxlkEF&gir=yes&clen=10429761&dur=146.800&lmt=1601477918851513&mt=1608101795&fvip=2&keepalive=yes&c=WEB&txp=2311224&n=Rhs8grHfqTMZ5P_h8&sparams=expire%2Cei%2Cip%2Cid%2Caitags%2Csource%2Crequiressl%2Cgcr%2Cvprv%2Cmime%2Cns%2Cgir%2Cclen%2Cdur%2Clmt&lsparams=mh%2Cmm%2Cmn%2Cms%2Cmv%2Cmvi%2Cpl%2Cinitcwndbps&lsig=AG3C_xAwRQIhAJTduEaNiA_yLSyjeo2Cp2-_auzZBe_YBQ84VuiNtIL8AiBP-DpEEw7Oa2cXvUSgLhJp29_bdUhBO3qrrgeJMz2InA%3D%3D&sig=AOq0QJ8wRgIhAM1Rav8Fl-Tmhs2jLM-1Dg7hUDuE9OloYPKef99hrMhuAiEAzugwb9tQ9GudLr9jcWkiCVR-TvEesDsl4ZyKTn475aE=&ratebypass=yes", "player_url": "/s/player/62f90c99/player_ias.vflset/en_US/base.js", "ext": "webm", "height": 1080, "format_note": "1080p", "vcodec": "vp9", "asr": null, "filesize": 10429761, "fps": 25, "tbr": 774.706, "width": 1080, "acodec": "none", "downloader_options": {"http_chunk_size": 10485760}, "format": "248 - 1080x1080 (1080p)", "protocol": "https", "http_headers": {"User-Agent": "Mozilla/5.0 (Windows NT 10.0; Win64; x64) AppleWebKit/537.36 (KHTML, like Gecko) Chrome/74.0.3726.1 Safari/537.36", "Accept-Charset": "ISO-8859-1,utf-8;q=0.7,*;q=0.7", "Accept": "text/html,application/xhtml+xml,application/xml;q=0.9,*/*;q=0.8", "Accept-Encoding": "gzip, deflate", "Accept-Language": "en-us,en;q=0.5"}}, {"format_id": "137", "url": "https://r7---sn-5njj-u2xl.googlevideo.com/videoplayback?expire=1608123752&ei=CLHZX6ftK8b6gQPK94PACQ&ip=140.109.135.166&id=o-AAIdK3okVX_SQJJhUv4lgBt4DrKUIhduA3r-G5oZNHLh&itag=137&aitags=133%2C134%2C135%2C136%2C137%2C160%2C242%2C243%2C244%2C247%2C248%2C278&source=youtube&requiressl=yes&mh=EF&mm=31%2C29&mn=sn-5njj-u2xl%2Csn-un57en7s&ms=au%2Crdu&mv=m&mvi=7&pl=16&gcr=tw&initcwndbps=508750&vprv=1&mime=video%2Fmp4&ns=YUfjuV1wmgsBbCpoapIxlkEF&gir=yes&clen=11646705&dur=146.800&lmt=1601476529371639&mt=1608101795&fvip=2&keepalive=yes&c=WEB&txp=2311222&n=Rhs8grHfqTMZ5P_h8&sparams=expire%2Cei%2Cip%2Cid%2Caitags%2Csource%2Crequiressl%2Cgcr%2Cvprv%2Cmime%2Cns%2Cgir%2Cclen%2Cdur%2Clmt&lsparams=mh%2Cmm%2Cmn%2Cms%2Cmv%2Cmvi%2Cpl%2Cinitcwndbps&lsig=AG3C_xAwRQIhAN4VMklh0Thgq5OsA9daP_yPVia6IS4tHNvpGC9G_OlPAiABRkKr_sKwD2aZ4O0WSG_kVbyr5HK9qMAgZkcWyCJQnQ%3D%3D&sig=AOq0QJ8wRgIhAOcr1vszOTTWpIj2gG_SRWLb1d6H3CMcZfqr6ad9sy6bAiEA6yEKGnqQOOETjmEJEreQQVO-gIQEMoptZ6Ewf5AXmuY=&ratebypass=yes", "player_url": "/s/player/62f90c99/player_ias.vflset/en_US/base.js", "ext": "mp4", "height": 1080, "format_note": "1080p", "vcodec": "avc1.640020", "asr": null, "filesize": 11646705, "fps": 25, "tbr": 927.523, "width": 1080, "acodec": "none", "downloader_options": {"http_chunk_size": 10485760}, "format": "137 - 1080x1080 (1080p)", "protocol": "https", "http_headers": {"User-Agent": "Mozilla/5.0 (Windows NT 10.0; Win64; x64) AppleWebKit/537.36 (KHTML, like Gecko) Chrome/74.0.3726.1 Safari/537.36", "Accept-Charset": "ISO-8859-1,utf-8;q=0.7,*;q=0.7", "Accept": "text/html,application/xhtml+xml,application/xml;q=0.9,*/*;q=0.8", "Accept-Encoding": "gzip, deflate", "Accept-Language": "en-us,en;q=0.5"}}, {"format_id": "18", "url": "https://r7---sn-5njj-u2xl.googlevideo.com/videoplayback?expire=1608123752&ei=CLHZX6ftK8b6gQPK94PACQ&ip=140.109.135.166&id=o-AAIdK3okVX_SQJJhUv4lgBt4DrKUIhduA3r-G5oZNHLh&itag=18&source=youtube&requiressl=yes&mh=EF&mm=31%2C29&mn=sn-5njj-u2xl%2Csn-un57en7s&ms=au%2Crdu&mv=m&mvi=7&pl=16&gcr=tw&initcwndbps=508750&vprv=1&mime=video%2Fmp4&ns=HM-uiMPkzL_M32uYbV0DVbIF&gir=yes&clen=3618813&ratebypass=yes&dur=146.866&lmt=1601476068205596&mt=1608101795&fvip=2&c=WEB&txp=2310222&n=YPKXdcTqZRxoHPpzL&sparams=expire%2Cei%2Cip%2Cid%2Citag%2Csource%2Crequiressl%2Cgcr%2Cvprv%2Cmime%2Cns%2Cgir%2Cclen%2Cratebypass%2Cdur%2Clmt&lsparams=mh%2Cmm%2Cmn%2Cms%2Cmv%2Cmvi%2Cpl%2Cinitcwndbps&lsig=AG3C_xAwRQIhAJHAS92SOxeyPnkGS52Vud6peFjSI1H-EPHUt7rEZ-EbAiBz2t2LIbIx47ZVaDHMQ4T1G4qyUnxqZmofvhQCNPRGAA%3D%3D&sig=AOq0QJ8wRQIgbGET2xh6HNt6FvZfqOQqpSEfJKkuy31yfn9yF4URNdgCIQCdtqnezlYImv8Byp4pniB5n7991-ORQJLbuCiLAOg1SA==", "player_url": "/s/player/62f90c99/player_ias.vflset/en_US/base.js", "ext": "mp4", "width": 360, "height": 360, "acodec": "mp4a.40.2", "abr": 96, "vcodec": "avc1.42001E", "asr": 44100, "filesize": 3618813, "format_note": "360p", "fps": 25, "tbr": 197.21, "format": "18 - 360x360 (360p)", "protocol": "https", "http_headers": {"User-Agent": "Mozilla/5.0 (Windows NT 10.0; Win64; x64) AppleWebKit/537.36 (KHTML, like Gecko) Chrome/74.0.3726.1 Safari/537.36", "Accept-Charset": "ISO-8859-1,utf-8;q=0.7,*;q=0.7", "Accept": "text/html,application/xhtml+xml,application/xml;q=0.9,*/*;q=0.8", "Accept-Encoding": "gzip, deflate", "Accept-Language": "en-us,en;q=0.5"}}], "is_live": null, "start_time": null, "end_time": null, "series": null, "season_number": null, "episode_number": null, "track": "Autumn Memories", "artist": "Inreload", "album": "Autumn Memories", "release_date": "20201015", "release_year": 2020, "extractor": "youtube", "webpage_url_basename": "watch", "extractor_key": "Youtube", "playlist": null, "playlist_index": null, "thumbnail": "https://i.ytimg.com/vi/wxXpvnmq_-E/maxresdefault.jpg", "display_id": "wxXpvnmq_-E", "requested_subtitles": null, "format_id": "251", "url": "https://r7---sn-5njj-u2xl.googlevideo.com/videoplayback?expire=1608123752&ei=CLHZX6ftK8b6gQPK94PACQ&ip=140.109.135.166&id=o-AAIdK3okVX_SQJJhUv4lgBt4DrKUIhduA3r-G5oZNHLh&itag=251&source=youtube&requiressl=yes&mh=EF&mm=31%2C29&mn=sn-5njj-u2xl%2Csn-un57en7s&ms=au%2Crdu&mv=m&mvi=7&pl=16&gcr=tw&initcwndbps=508750&vprv=1&mime=audio%2Fwebm&ns=YUfjuV1wmgsBbCpoapIxlkEF&gir=yes&clen=2737643&dur=146.841&lmt=1601477335882732&mt=1608101795&fvip=2&keepalive=yes&c=WEB&txp=2311224&n=Rhs8grHfqTMZ5P_h8&sparams=expire%2Cei%2Cip%2Cid%2Citag%2Csource%2Crequiressl%2Cgcr%2Cvprv%2Cmime%2Cns%2Cgir%2Cclen%2Cdur%2Clmt&lsparams=mh%2Cmm%2Cmn%2Cms%2Cmv%2Cmvi%2Cpl%2Cinitcwndbps&lsig=AG3C_xAwRgIhAIVeJEEokkE0j9PH8kYrQU4HhSUHyn8W-ZwP5dCphE3bAiEAks19V8Jb7-ULPoA0EJ3s6nqSS3D71VKz3GC9HfNXob4%3D&sig=AOq0QJ8wRAIgdlEKXqx0cjampf62a6Ce4a_jiRy-OvCLST4EtWE5lXICIEQnx_Wr_Xx9355C9OO8qR5F2rfX1TaAz7Hk_Di8_0PK&ratebypass=yes", "player_url": "/s/player/62f90c99/player_ias.vflset/en_US/base.js", "ext": "webm", "format_note": "tiny", "acodec": "opus", "abr": 160, "asr": 48000, "filesize": 2737643, "fps": null, "height": null, "tbr": 155.579, "width": null, "vcodec": "none", "downloader_options": {"http_chunk_size": 10485760}, "format": "251 - audio only (tiny)", "protocol": "https", "http_headers": {"User-Agent": "Mozilla/5.0 (Windows NT 10.0; Win64; x64) AppleWebKit/537.36 (KHTML, like Gecko) Chrome/74.0.3726.1 Safari/537.36", "Accept-Charset": "ISO-8859-1,utf-8;q=0.7,*;q=0.7", "Accept": "text/html,application/xhtml+xml,application/xml;q=0.9,*/*;q=0.8", "Accept-Encoding": "gzip, deflate", "Accept-Language": "en-us,en;q=0.5"}}