{"id": "x4B0raxVODA", "uploader": "Lucas King", "uploader_id": "LucasKingPiano", "uploader_url": "http://www.youtube.com/user/LucasKingPiano", "channel_id": "UCq52MbjRULLbjRPvxM7FwZg", "channel_url": "http://www.youtube.com/channel/UCq52MbjRULLbjRPvxM7FwZg", "upload_date": "20180323", "license": null, "creator": null, "title": "Dark Piano - Claustrophobia", "alt_title": null, "thumbnails": [{"url": "https://i.ytimg.com/vi/x4B0raxVODA/hqdefault.jpg?sqp=-oaymwEYCKgBEF5IVfKriqkDCwgBFQAAiEIYAXAB&rs=AOn4CLD1mSr4P93dCGTWm5CpVdbkksJHig", "width": 168, "height": 94, "resolution": "168x94", "id": "0"}, {"url": "https://i.ytimg.com/vi/x4B0raxVODA/hqdefault.jpg?sqp=-oaymwEYCMQBEG5IVfKriqkDCwgBFQAAiEIYAXAB&rs=AOn4CLA0r6uTxckEeGh3J6mXwuJn1EHdkQ", "width": 196, "height": 110, "resolution": "196x110", "id": "1"}, {"url": "https://i.ytimg.com/vi/x4B0raxVODA/hqdefault.jpg?sqp=-oaymwEZCPYBEIoBSFXyq4qpAwsIARUAAIhCGAFwAQ==&rs=AOn4CLCyEMNHt4foYqVTjg3fcddTbtj2Dg", "width": 246, "height": 138, "resolution": "246x138", "id": "2"}, {"url": "https://i.ytimg.com/vi/x4B0raxVODA/hqdefault.jpg?sqp=-oaymwEZCNACELwBSFXyq4qpAwsIARUAAIhCGAFwAQ==&rs=AOn4CLC6-5z3oadY_3WoeEeL7aaxPphYQQ", "width": 336, "height": 188, "resolution": "336x188", "id": "3"}, {"url": "https://i.ytimg.com/vi_webp/x4B0raxVODA/maxresdefault.webp", "width": 1920, "height": 1080, "resolution": "1920x1080", "id": "4"}], "description": "\u2022 Sheet music catalogue: https://sellfy.com/lucaskingpiano\n\nAn original piano piece called Claustrophobia\n\nI am not the artist of the artwork, art by Nicola Samori http://www.nicolasamori.com/\n\n\n\n_\n\nPatreon https://www.patreon.com/LucasKingPiano\nFiverr https://www.fiverr.com/lucaskingpiano\nBandcamp https://lucaskingpiano.bandcamp.com/releases\nYouNow https://www.younow.com/LucasKingPiano/channel\nInstagram  http://bit.ly/1VlAYcP\nTwitter http://bit.ly/1bxbJj3\nFacebook http://bit.ly/1X486n7\nWattpad http://w.tt/1VgR06v4757\nSoundCloud http://bit.ly/1QkWkSL", "categories": ["Music"], "tags": ["piano", "sadness", "saddest", "dark piano", "dark", "dark music", "darkest piano", "dark piano music", "scary music", "sad music"], "subtitles": {}, "automatic_captions": {}, "duration": 315, "age_limit": 0, "annotations": null, "chapters": null, "webpage_url": "https://www.youtube.com/watch?v=x4B0raxVODA", "view_count": 155579, "like_count": 3997, "dislike_count": 34, "average_rating": 4.9662614, "formats": [{"format_id": "249", "url": "https://r8---sn-ipoxu-u2xd.googlevideo.com/videoplayback?expire=1610392068&ei=o038X5_jOdGDrQSt45KwDg&ip=220.129.26.102&id=o-AJx4--tz9ve3oG0OmAzVzznzX5nbvdn16xhHyyZcW_zB&itag=249&source=youtube&requiressl=yes&mh=4M&mm=31%2C29&mn=sn-ipoxu-u2xd%2Csn-un57en7l&ms=au%2Crdu&mv=m&mvi=8&pl=21&initcwndbps=1033750&vprv=1&mime=audio%2Fwebm&ns=2HpiE1GKBWVcYUktKF83SOoF&gir=yes&clen=2119423&dur=314.541&lmt=1540774705940606&mt=1610370031&fvip=3&keepalive=yes&c=WEB&txp=5411222&n=F5GiLsiDQRt0RA&sparams=expire%2Cei%2Cip%2Cid%2Citag%2Csource%2Crequiressl%2Cvprv%2Cmime%2Cns%2Cgir%2Cclen%2Cdur%2Clmt&sig=AOq0QJ8wRQIgIzvBiVb8YNsqFL-w7Kubn7eWnfhHtwVgco2PbVcuucUCIQC6tLeKbCV7s9IteMaYBYo7dobHu7-h9EQRIlNpWTEaXg%3D%3D&lsparams=mh%2Cmm%2Cmn%2Cms%2Cmv%2Cmvi%2Cpl%2Cinitcwndbps&lsig=AG3C_xAwRQIhAI-_LgyT2iIudU1WqFT38XZC6Nc0jA1a16-Ho5cnaKlYAiBU5q9ZI_awE-FqDMuQZnK3E9OxxNzbcxZ68FmLnPgOKA%3D%3D&ratebypass=yes", "player_url": null, "ext": "webm", "format_note": "tiny", "acodec": "opus", "abr": 50, "asr": 48000, "filesize": 2119423, "fps": null, "height": null, "tbr": 59.167, "width": null, "vcodec": "none", "downloader_options": {"http_chunk_size": 10485760}, "format": "249 - audio only (tiny)", "protocol": "https", "http_headers": {"User-Agent": "Mozilla/5.0 (Windows NT 10.0; Win64; x64) AppleWebKit/537.36 (KHTML, like Gecko) Chrome/73.0.3683.38 Safari/537.36", "Accept-Charset": "ISO-8859-1,utf-8;q=0.7,*;q=0.7", "Accept": "text/html,application/xhtml+xml,application/xml;q=0.9,*/*;q=0.8", "Accept-Encoding": "gzip, deflate", "Accept-Language": "en-us,en;q=0.5"}}, {"format_id": "250", "url": "https://r8---sn-ipoxu-u2xd.googlevideo.com/videoplayback?expire=1610392068&ei=o038X5_jOdGDrQSt45KwDg&ip=220.129.26.102&id=o-AJx4--tz9ve3oG0OmAzVzznzX5nbvdn16xhHyyZcW_zB&itag=250&source=youtube&requiressl=yes&mh=4M&mm=31%2C29&mn=sn-ipoxu-u2xd%2Csn-un57en7l&ms=au%2Crdu&mv=m&mvi=8&pl=21&initcwndbps=1033750&vprv=1&mime=audio%2Fwebm&ns=2HpiE1GKBWVcYUktKF83SOoF&gir=yes&clen=2813465&dur=314.541&lmt=1540774705918647&mt=1610370031&fvip=3&keepalive=yes&c=WEB&txp=5411222&n=F5GiLsiDQRt0RA&sparams=expire%2Cei%2Cip%2Cid%2Citag%2Csource%2Crequiressl%2Cvprv%2Cmime%2Cns%2Cgir%2Cclen%2Cdur%2Clmt&sig=AOq0QJ8wRAIgJliSLAbnzVgw8NZxcPnl4nLTINyRnsFLCUWkezxHy-4CIHkdk_NaqhDhlRcvqMynDQGrxgU7PaQFuoYNODog1ETA&lsparams=mh%2Cmm%2Cmn%2Cms%2Cmv%2Cmvi%2Cpl%2Cinitcwndbps&lsig=AG3C_xAwRQIhAI-_LgyT2iIudU1WqFT38XZC6Nc0jA1a16-Ho5cnaKlYAiBU5q9ZI_awE-FqDMuQZnK3E9OxxNzbcxZ68FmLnPgOKA%3D%3D&ratebypass=yes", "player_url": null, "ext": "webm", "format_note": "tiny", "acodec": "opus", "abr": 70, "asr": 48000, "filesize": 2813465, "fps": null, "height": null, "tbr": 78.391, "width": null, "vcodec": "none", "downloader_options": {"http_chunk_size": 10485760}, "format": "250 - audio only (tiny)", "protocol": "https", "http_headers": {"User-Agent": "Mozilla/5.0 (Windows NT 10.0; Win64; x64) AppleWebKit/537.36 (KHTML, like Gecko) Chrome/73.0.3683.38 Safari/537.36", "Accept-Charset": "ISO-8859-1,utf-8;q=0.7,*;q=0.7", "Accept": "text/html,application/xhtml+xml,application/xml;q=0.9,*/*;q=0.8", "Accept-Encoding": "gzip, deflate", "Accept-Language": "en-us,en;q=0.5"}}, {"format_id": "140", "url": "https://r8---sn-ipoxu-u2xd.googlevideo.com/videoplayback?expire=1610392068&ei=o038X5_jOdGDrQSt45KwDg&ip=220.129.26.102&id=o-AJx4--tz9ve3oG0OmAzVzznzX5nbvdn16xhHyyZcW_zB&itag=140&source=youtube&requiressl=yes&mh=4M&mm=31%2C29&mn=sn-ipoxu-u2xd%2Csn-un57en7l&ms=au%2Crdu&mv=m&mvi=8&pl=21&initcwndbps=1033750&vprv=1&mime=audio%2Fmp4&ns=2HpiE1GKBWVcYUktKF83SOoF&gir=yes&clen=4997035&dur=314.583&lmt=1540773762434871&mt=1610370031&fvip=3&keepalive=yes&c=WEB&txp=5432432&n=F5GiLsiDQRt0RA&sparams=expire%2Cei%2Cip%2Cid%2Citag%2Csource%2Crequiressl%2Cvprv%2Cmime%2Cns%2Cgir%2Cclen%2Cdur%2Clmt&sig=AOq0QJ8wRgIhAPImh5FQsfYFa2cwxyyn8NbvFaS3aVauwlMsyWT7n8S2AiEA0bY56DnEX3BKASjpxo2_1WBYSVdMAEAaOTEJRYt6Foc%3D&lsparams=mh%2Cmm%2Cmn%2Cms%2Cmv%2Cmvi%2Cpl%2Cinitcwndbps&lsig=AG3C_xAwRQIhAI-_LgyT2iIudU1WqFT38XZC6Nc0jA1a16-Ho5cnaKlYAiBU5q9ZI_awE-FqDMuQZnK3E9OxxNzbcxZ68FmLnPgOKA%3D%3D&ratebypass=yes", "player_url": null, "ext": "m4a", "format_note": "tiny", "acodec": "mp4a.40.2", "abr": 128, "container": "m4a_dash", "asr": 44100, "filesize": 4997035, "fps": null, "height": null, "tbr": 128.104, "width": null, "vcodec": "none", "downloader_options": {"http_chunk_size": 10485760}, "format": "140 - audio only (tiny)", "protocol": "https", "http_headers": {"User-Agent": "Mozilla/5.0 (Windows NT 10.0; Win64; x64) AppleWebKit/537.36 (KHTML, like Gecko) Chrome/73.0.3683.38 Safari/537.36", "Accept-Charset": "ISO-8859-1,utf-8;q=0.7,*;q=0.7", "Accept": "text/html,application/xhtml+xml,application/xml;q=0.9,*/*;q=0.8", "Accept-Encoding": "gzip, deflate", "Accept-Language": "en-us,en;q=0.5"}}, {"format_id": "251", "url": "https://r8---sn-ipoxu-u2xd.googlevideo.com/videoplayback?expire=1610392068&ei=o038X5_jOdGDrQSt45KwDg&ip=220.129.26.102&id=o-AJx4--tz9ve3oG0OmAzVzznzX5nbvdn16xhHyyZcW_zB&itag=251&source=youtube&requiressl=yes&mh=4M&mm=31%2C29&mn=sn-ipoxu-u2xd%2Csn-un57en7l&ms=au%2Crdu&mv=m&mvi=8&pl=21&initcwndbps=1033750&vprv=1&mime=audio%2Fwebm&ns=2HpiE1GKBWVcYUktKF83SOoF&gir=yes&clen=5538717&dur=314.541&lmt=1540774705912208&mt=1610370031&fvip=3&keepalive=yes&c=WEB&txp=5411222&n=F5GiLsiDQRt0RA&sparams=expire%2Cei%2Cip%2Cid%2Citag%2Csource%2Crequiressl%2Cvprv%2Cmime%2Cns%2Cgir%2Cclen%2Cdur%2Clmt&sig=AOq0QJ8wRQIhAKHKoi1NtyzXVQtc-fAZxhySlDaHTM50LiaPkvHBXO9vAiBjSNYaYw-P-HUBx_SsGYIbGtax_eZU38VPtkUsoGIekg%3D%3D&lsparams=mh%2Cmm%2Cmn%2Cms%2Cmv%2Cmvi%2Cpl%2Cinitcwndbps&lsig=AG3C_xAwRQIhAI-_LgyT2iIudU1WqFT38XZC6Nc0jA1a16-Ho5cnaKlYAiBU5q9ZI_awE-FqDMuQZnK3E9OxxNzbcxZ68FmLnPgOKA%3D%3D&ratebypass=yes", "player_url": null, "ext": "webm", "format_note": "tiny", "acodec": "opus", "abr": 160, "asr": 48000, "filesize": 5538717, "fps": null, "height": null, "tbr": 150.926, "width": null, "vcodec": "none", "downloader_options": {"http_chunk_size": 10485760}, "format": "251 - audio only (tiny)", "protocol": "https", "http_headers": {"User-Agent": "Mozilla/5.0 (Windows NT 10.0; Win64; x64) AppleWebKit/537.36 (KHTML, like Gecko) Chrome/73.0.3683.38 Safari/537.36", "Accept-Charset": "ISO-8859-1,utf-8;q=0.7,*;q=0.7", "Accept": "text/html,application/xhtml+xml,application/xml;q=0.9,*/*;q=0.8", "Accept-Encoding": "gzip, deflate", "Accept-Language": "en-us,en;q=0.5"}}, {"format_id": "278", "url": "https://r8---sn-ipoxu-u2xd.googlevideo.com/videoplayback?expire=1610392068&ei=o038X5_jOdGDrQSt45KwDg&ip=220.129.26.102&id=o-AJx4--tz9ve3oG0OmAzVzznzX5nbvdn16xhHyyZcW_zB&itag=278&aitags=133%2C134%2C135%2C136%2C160%2C242%2C243%2C244%2C247%2C278%2C298%2C299%2C302%2C303&source=youtube&requiressl=yes&mh=4M&mm=31%2C29&mn=sn-ipoxu-u2xd%2Csn-un57en7l&ms=au%2Crdu&mv=m&mvi=8&pl=21&initcwndbps=1033750&vprv=1&mime=video%2Fwebm&ns=2HpiE1GKBWVcYUktKF83SOoF&gir=yes&clen=864717&dur=314.499&lmt=1540774076644217&mt=1610370031&fvip=3&keepalive=yes&c=WEB&txp=5432432&n=F5GiLsiDQRt0RA&sparams=expire%2Cei%2Cip%2Cid%2Caitags%2Csource%2Crequiressl%2Cvprv%2Cmime%2Cns%2Cgir%2Cclen%2Cdur%2Clmt&sig=AOq0QJ8wRQIhAOfUNDVdZq_gyIL7T4j9ECnV0u0IaZGGKD333Uip5UoDAiAyCbMy1RKhb9xA2Juck0gG_582ADEQVFZjXpA3nWN35A%3D%3D&lsparams=mh%2Cmm%2Cmn%2Cms%2Cmv%2Cmvi%2Cpl%2Cinitcwndbps&lsig=AG3C_xAwRQIhAI-_LgyT2iIudU1WqFT38XZC6Nc0jA1a16-Ho5cnaKlYAiBU5q9ZI_awE-FqDMuQZnK3E9OxxNzbcxZ68FmLnPgOKA%3D%3D&ratebypass=yes", "player_url": null, "ext": "webm", "height": 144, "format_note": "144p", "container": "webm", "vcodec": "vp9", "asr": null, "filesize": 864717, "fps": 30, "tbr": 96.147, "width": 256, "acodec": "none", "downloader_options": {"http_chunk_size": 10485760}, "format": "278 - 256x144 (144p)", "protocol": "https", "http_headers": {"User-Agent": "Mozilla/5.0 (Windows NT 10.0; Win64; x64) AppleWebKit/537.36 (KHTML, like Gecko) Chrome/73.0.3683.38 Safari/537.36", "Accept-Charset": "ISO-8859-1,utf-8;q=0.7,*;q=0.7", "Accept": "text/html,application/xhtml+xml,application/xml;q=0.9,*/*;q=0.8", "Accept-Encoding": "gzip, deflate", "Accept-Language": "en-us,en;q=0.5"}}, {"format_id": "160", "url": "https://r8---sn-ipoxu-u2xd.googlevideo.com/videoplayback?expire=1610392068&ei=o038X5_jOdGDrQSt45KwDg&ip=220.129.26.102&id=o-AJx4--tz9ve3oG0OmAzVzznzX5nbvdn16xhHyyZcW_zB&itag=160&aitags=133%2C134%2C135%2C136%2C160%2C242%2C243%2C244%2C247%2C278%2C298%2C299%2C302%2C303&source=youtube&requiressl=yes&mh=4M&mm=31%2C29&mn=sn-ipoxu-u2xd%2Csn-un57en7l&ms=au%2Crdu&mv=m&mvi=8&pl=21&initcwndbps=1033750&vprv=1&mime=video%2Fmp4&ns=2HpiE1GKBWVcYUktKF83SOoF&gir=yes&clen=469425&dur=314.499&lmt=1540773862875616&mt=1610370031&fvip=3&keepalive=yes&c=WEB&txp=5432432&n=F5GiLsiDQRt0RA&sparams=expire%2Cei%2Cip%2Cid%2Caitags%2Csource%2Crequiressl%2Cvprv%2Cmime%2Cns%2Cgir%2Cclen%2Cdur%2Clmt&sig=AOq0QJ8wRQIgazuft5835VUwOcW5wHl8oWnsxfFOJkar6qhqQw3Qlp8CIQCbbjKjtCLiaKQvO73_Uf1rCZFUy5RPcjO8LUuGWQMLbQ%3D%3D&lsparams=mh%2Cmm%2Cmn%2Cms%2Cmv%2Cmvi%2Cpl%2Cinitcwndbps&lsig=AG3C_xAwRQIhAI-_LgyT2iIudU1WqFT38XZC6Nc0jA1a16-Ho5cnaKlYAiBU5q9ZI_awE-FqDMuQZnK3E9OxxNzbcxZ68FmLnPgOKA%3D%3D&ratebypass=yes", "player_url": null, "ext": "mp4", "height": 144, "format_note": "144p", "vcodec": "avc1.4d400c", "asr": null, "filesize": 469425, "fps": 30, "tbr": 100.979, "width": 256, "acodec": "none", "downloader_options": {"http_chunk_size": 10485760}, "format": "160 - 256x144 (144p)", "protocol": "https", "http_headers": {"User-Agent": "Mozilla/5.0 (Windows NT 10.0; Win64; x64) AppleWebKit/537.36 (KHTML, like Gecko) Chrome/73.0.3683.38 Safari/537.36", "Accept-Charset": "ISO-8859-1,utf-8;q=0.7,*;q=0.7", "Accept": "text/html,application/xhtml+xml,application/xml;q=0.9,*/*;q=0.8", "Accept-Encoding": "gzip, deflate", "Accept-Language": "en-us,en;q=0.5"}}, {"format_id": "133", "url": "https://r8---sn-ipoxu-u2xd.googlevideo.com/videoplayback?expire=1610392068&ei=o038X5_jOdGDrQSt45KwDg&ip=220.129.26.102&id=o-AJx4--tz9ve3oG0OmAzVzznzX5nbvdn16xhHyyZcW_zB&itag=133&aitags=133%2C134%2C135%2C136%2C160%2C242%2C243%2C244%2C247%2C278%2C298%2C299%2C302%2C303&source=youtube&requiressl=yes&mh=4M&mm=31%2C29&mn=sn-ipoxu-u2xd%2Csn-un57en7l&ms=au%2Crdu&mv=m&mvi=8&pl=21&initcwndbps=1033750&vprv=1&mime=video%2Fmp4&ns=2HpiE1GKBWVcYUktKF83SOoF&gir=yes&clen=637097&dur=314.499&lmt=1540773862976267&mt=1610370031&fvip=3&keepalive=yes&c=WEB&txp=5432432&n=F5GiLsiDQRt0RA&sparams=expire%2Cei%2Cip%2Cid%2Caitags%2Csource%2Crequiressl%2Cvprv%2Cmime%2Cns%2Cgir%2Cclen%2Cdur%2Clmt&sig=AOq0QJ8wRgIhAPFeO49F1lsh8UW_LmvZsS19JohCGH-e8xgb015bmnCyAiEA7M69kvofPXzwmAnHDYKz4GaqWUA0VXOK6ygzkh9ckEs%3D&lsparams=mh%2Cmm%2Cmn%2Cms%2Cmv%2Cmvi%2Cpl%2Cinitcwndbps&lsig=AG3C_xAwRQIhAI-_LgyT2iIudU1WqFT38XZC6Nc0jA1a16-Ho5cnaKlYAiBU5q9ZI_awE-FqDMuQZnK3E9OxxNzbcxZ68FmLnPgOKA%3D%3D&ratebypass=yes", "player_url": null, "ext": "mp4", "height": 240, "format_note": "240p", "vcodec": "avc1.4d4015", "asr": null, "filesize": 637097, "fps": 30, "tbr": 193.255, "width": 426, "acodec": "none", "downloader_options": {"http_chunk_size": 10485760}, "format": "133 - 426x240 (240p)", "protocol": "https", "http_headers": {"User-Agent": "Mozilla/5.0 (Windows NT 10.0; Win64; x64) AppleWebKit/537.36 (KHTML, like Gecko) Chrome/73.0.3683.38 Safari/537.36", "Accept-Charset": "ISO-8859-1,utf-8;q=0.7,*;q=0.7", "Accept": "text/html,application/xhtml+xml,application/xml;q=0.9,*/*;q=0.8", "Accept-Encoding": "gzip, deflate", "Accept-Language": "en-us,en;q=0.5"}}, {"format_id": "242", "url": "https://r8---sn-ipoxu-u2xd.googlevideo.com/videoplayback?expire=1610392068&ei=o038X5_jOdGDrQSt45KwDg&ip=220.129.26.102&id=o-AJx4--tz9ve3oG0OmAzVzznzX5nbvdn16xhHyyZcW_zB&itag=242&aitags=133%2C134%2C135%2C136%2C160%2C242%2C243%2C244%2C247%2C278%2C298%2C299%2C302%2C303&source=youtube&requiressl=yes&mh=4M&mm=31%2C29&mn=sn-ipoxu-u2xd%2Csn-un57en7l&ms=au%2Crdu&mv=m&mvi=8&pl=21&initcwndbps=1033750&vprv=1&mime=video%2Fwebm&ns=2HpiE1GKBWVcYUktKF83SOoF&gir=yes&clen=1246210&dur=314.499&lmt=1540774076646199&mt=1610370031&fvip=3&keepalive=yes&c=WEB&txp=5432432&n=F5GiLsiDQRt0RA&sparams=expire%2Cei%2Cip%2Cid%2Caitags%2Csource%2Crequiressl%2Cvprv%2Cmime%2Cns%2Cgir%2Cclen%2Cdur%2Clmt&sig=AOq0QJ8wRQIhAK_83oTEKRptTlJ5ZuNG7Bs3_cqlfotT-YTTXX6yVmBMAiB4ZQ5MHEoGBB-ilfo9vOx-SwBqng2p01MEODOMiWm1Rg%3D%3D&lsparams=mh%2Cmm%2Cmn%2Cms%2Cmv%2Cmvi%2Cpl%2Cinitcwndbps&lsig=AG3C_xAwRQIhAI-_LgyT2iIudU1WqFT38XZC6Nc0jA1a16-Ho5cnaKlYAiBU5q9ZI_awE-FqDMuQZnK3E9OxxNzbcxZ68FmLnPgOKA%3D%3D&ratebypass=yes", "player_url": null, "ext": "webm", "height": 240, "format_note": "240p", "vcodec": "vp9", "asr": null, "filesize": 1246210, "fps": 30, "tbr": 216.438, "width": 426, "acodec": "none", "downloader_options": {"http_chunk_size": 10485760}, "format": "242 - 426x240 (240p)", "protocol": "https", "http_headers": {"User-Agent": "Mozilla/5.0 (Windows NT 10.0; Win64; x64) AppleWebKit/537.36 (KHTML, like Gecko) Chrome/73.0.3683.38 Safari/537.36", "Accept-Charset": "ISO-8859-1,utf-8;q=0.7,*;q=0.7", "Accept": "text/html,application/xhtml+xml,application/xml;q=0.9,*/*;q=0.8", "Accept-Encoding": "gzip, deflate", "Accept-Language": "en-us,en;q=0.5"}}, {"format_id": "243", "url": "https://r8---sn-ipoxu-u2xd.googlevideo.com/videoplayback?expire=1610392068&ei=o038X5_jOdGDrQSt45KwDg&ip=220.129.26.102&id=o-AJx4--tz9ve3oG0OmAzVzznzX5nbvdn16xhHyyZcW_zB&itag=243&aitags=133%2C134%2C135%2C136%2C160%2C242%2C243%2C244%2C247%2C278%2C298%2C299%2C302%2C303&source=youtube&requiressl=yes&mh=4M&mm=31%2C29&mn=sn-ipoxu-u2xd%2Csn-un57en7l&ms=au%2Crdu&mv=m&mvi=8&pl=21&initcwndbps=1033750&vprv=1&mime=video%2Fwebm&ns=2HpiE1GKBWVcYUktKF83SOoF&gir=yes&clen=2167475&dur=314.499&lmt=1540774076716026&mt=1610370031&fvip=3&keepalive=yes&c=WEB&txp=5432432&n=F5GiLsiDQRt0RA&sparams=expire%2Cei%2Cip%2Cid%2Caitags%2Csource%2Crequiressl%2Cvprv%2Cmime%2Cns%2Cgir%2Cclen%2Cdur%2Clmt&sig=AOq0QJ8wRgIhAIxqPEeuUZsoyvqgE6CHBWy4kMji2QNJM_im7OQ6ONIyAiEAnCRafwa2Ucqz_tjAr4HqrhUX6v7x6sEsIyzqCzGokvM%3D&lsparams=mh%2Cmm%2Cmn%2Cms%2Cmv%2Cmvi%2Cpl%2Cinitcwndbps&lsig=AG3C_xAwRQIhAI-_LgyT2iIudU1WqFT38XZC6Nc0jA1a16-Ho5cnaKlYAiBU5q9ZI_awE-FqDMuQZnK3E9OxxNzbcxZ68FmLnPgOKA%3D%3D&ratebypass=yes", "player_url": null, "ext": "webm", "height": 360, "format_note": "360p", "vcodec": "vp9", "asr": null, "filesize": 2167475, "fps": 30, "tbr": 393.725, "width": 640, "acodec": "none", "downloader_options": {"http_chunk_size": 10485760}, "format": "243 - 640x360 (360p)", "protocol": "https", "http_headers": {"User-Agent": "Mozilla/5.0 (Windows NT 10.0; Win64; x64) AppleWebKit/537.36 (KHTML, like Gecko) Chrome/73.0.3683.38 Safari/537.36", "Accept-Charset": "ISO-8859-1,utf-8;q=0.7,*;q=0.7", "Accept": "text/html,application/xhtml+xml,application/xml;q=0.9,*/*;q=0.8", "Accept-Encoding": "gzip, deflate", "Accept-Language": "en-us,en;q=0.5"}}, {"format_id": "134", "url": "https://r8---sn-ipoxu-u2xd.googlevideo.com/videoplayback?expire=1610392068&ei=o038X5_jOdGDrQSt45KwDg&ip=220.129.26.102&id=o-AJx4--tz9ve3oG0OmAzVzznzX5nbvdn16xhHyyZcW_zB&itag=134&aitags=133%2C134%2C135%2C136%2C160%2C242%2C243%2C244%2C247%2C278%2C298%2C299%2C302%2C303&source=youtube&requiressl=yes&mh=4M&mm=31%2C29&mn=sn-ipoxu-u2xd%2Csn-un57en7l&ms=au%2Crdu&mv=m&mvi=8&pl=21&initcwndbps=1033750&vprv=1&mime=video%2Fmp4&ns=2HpiE1GKBWVcYUktKF83SOoF&gir=yes&clen=1197170&dur=314.499&lmt=1540773862976423&mt=1610370031&fvip=3&keepalive=yes&c=WEB&txp=5432432&n=F5GiLsiDQRt0RA&sparams=expire%2Cei%2Cip%2Cid%2Caitags%2Csource%2Crequiressl%2Cvprv%2Cmime%2Cns%2Cgir%2Cclen%2Cdur%2Clmt&sig=AOq0QJ8wRQIhAL9IK233vwuJue4D6y6tr3mUaPUgyq3n8qEllB8tKhfmAiA7lmWVrj1w99XC4raC8mqN-lzoifRkCA4RXBDH2_9qwQ%3D%3D&lsparams=mh%2Cmm%2Cmn%2Cms%2Cmv%2Cmvi%2Cpl%2Cinitcwndbps&lsig=AG3C_xAwRQIhAI-_LgyT2iIudU1WqFT38XZC6Nc0jA1a16-Ho5cnaKlYAiBU5q9ZI_awE-FqDMuQZnK3E9OxxNzbcxZ68FmLnPgOKA%3D%3D&ratebypass=yes", "player_url": null, "ext": "mp4", "height": 360, "format_note": "360p", "vcodec": "avc1.4d401e", "asr": null, "filesize": 1197170, "fps": 30, "tbr": 514.137, "width": 640, "acodec": "none", "downloader_options": {"http_chunk_size": 10485760}, "format": "134 - 640x360 (360p)", "protocol": "https", "http_headers": {"User-Agent": "Mozilla/5.0 (Windows NT 10.0; Win64; x64) AppleWebKit/537.36 (KHTML, like Gecko) Chrome/73.0.3683.38 Safari/537.36", "Accept-Charset": "ISO-8859-1,utf-8;q=0.7,*;q=0.7", "Accept": "text/html,application/xhtml+xml,application/xml;q=0.9,*/*;q=0.8", "Accept-Encoding": "gzip, deflate", "Accept-Language": "en-us,en;q=0.5"}}, {"format_id": "244", "url": "https://r8---sn-ipoxu-u2xd.googlevideo.com/videoplayback?expire=1610392068&ei=o038X5_jOdGDrQSt45KwDg&ip=220.129.26.102&id=o-AJx4--tz9ve3oG0OmAzVzznzX5nbvdn16xhHyyZcW_zB&itag=244&aitags=133%2C134%2C135%2C136%2C160%2C242%2C243%2C244%2C247%2C278%2C298%2C299%2C302%2C303&source=youtube&requiressl=yes&mh=4M&mm=31%2C29&mn=sn-ipoxu-u2xd%2Csn-un57en7l&ms=au%2Crdu&mv=m&mvi=8&pl=21&initcwndbps=1033750&vprv=1&mime=video%2Fwebm&ns=2HpiE1GKBWVcYUktKF83SOoF&gir=yes&clen=2425953&dur=314.499&lmt=1540774076647255&mt=1610370031&fvip=3&keepalive=yes&c=WEB&txp=5432432&n=F5GiLsiDQRt0RA&sparams=expire%2Cei%2Cip%2Cid%2Caitags%2Csource%2Crequiressl%2Cvprv%2Cmime%2Cns%2Cgir%2Cclen%2Cdur%2Clmt&sig=AOq0QJ8wRgIhALCjqyZnubuoBAqmOA9U23DjtC9yjAiNL4Rd4hCDMAnBAiEA_CV8xK4Ooj8Yx9YZTD2O03Iq-ynIU8tkluUatA4gpyc%3D&lsparams=mh%2Cmm%2Cmn%2Cms%2Cmv%2Cmvi%2Cpl%2Cinitcwndbps&lsig=AG3C_xAwRQIhAI-_LgyT2iIudU1WqFT38XZC6Nc0jA1a16-Ho5cnaKlYAiBU5q9ZI_awE-FqDMuQZnK3E9OxxNzbcxZ68FmLnPgOKA%3D%3D&ratebypass=yes", "player_url": null, "ext": "webm", "height": 480, "format_note": "480p", "vcodec": "vp9", "asr": null, "filesize": 2425953, "fps": 30, "tbr": 717.646, "width": 854, "acodec": "none", "downloader_options": {"http_chunk_size": 10485760}, "format": "244 - 854x480 (480p)", "protocol": "https", "http_headers": {"User-Agent": "Mozilla/5.0 (Windows NT 10.0; Win64; x64) AppleWebKit/537.36 (KHTML, like Gecko) Chrome/73.0.3683.38 Safari/537.36", "Accept-Charset": "ISO-8859-1,utf-8;q=0.7,*;q=0.7", "Accept": "text/html,application/xhtml+xml,application/xml;q=0.9,*/*;q=0.8", "Accept-Encoding": "gzip, deflate", "Accept-Language": "en-us,en;q=0.5"}}, {"format_id": "135", "url": "https://r8---sn-ipoxu-u2xd.googlevideo.com/videoplayback?expire=1610392068&ei=o038X5_jOdGDrQSt45KwDg&ip=220.129.26.102&id=o-AJx4--tz9ve3oG0OmAzVzznzX5nbvdn16xhHyyZcW_zB&itag=135&aitags=133%2C134%2C135%2C136%2C160%2C242%2C243%2C244%2C247%2C278%2C298%2C299%2C302%2C303&source=youtube&requiressl=yes&mh=4M&mm=31%2C29&mn=sn-ipoxu-u2xd%2Csn-un57en7l&ms=au%2Crdu&mv=m&mvi=8&pl=21&initcwndbps=1033750&vprv=1&mime=video%2Fmp4&ns=2HpiE1GKBWVcYUktKF83SOoF&gir=yes&clen=2052660&dur=314.499&lmt=1540773863085394&mt=1610370031&fvip=3&keepalive=yes&c=WEB&txp=5432432&n=F5GiLsiDQRt0RA&sparams=expire%2Cei%2Cip%2Cid%2Caitags%2Csource%2Crequiressl%2Cvprv%2Cmime%2Cns%2Cgir%2Cclen%2Cdur%2Clmt&sig=AOq0QJ8wRQIhAM-Yk4oj75lqpgsr2z8HFwPg14LTbpIM294Anv0mrSDaAiASq5sHjLsOdI_e61VuFDtpR0GFrXUoB-R2StKSPj_2aQ%3D%3D&lsparams=mh%2Cmm%2Cmn%2Cms%2Cmv%2Cmvi%2Cpl%2Cinitcwndbps&lsig=AG3C_xAwRQIhAI-_LgyT2iIudU1WqFT38XZC6Nc0jA1a16-Ho5cnaKlYAiBU5q9ZI_awE-FqDMuQZnK3E9OxxNzbcxZ68FmLnPgOKA%3D%3D&ratebypass=yes", "player_url": null, "ext": "mp4", "height": 480, "format_note": "480p", "vcodec": "avc1.4d401f", "asr": null, "filesize": 2052660, "fps": 30, "tbr": 982.006, "width": 854, "acodec": "none", "downloader_options": {"http_chunk_size": 10485760}, "format": "135 - 854x480 (480p)", "protocol": "https", "http_headers": {"User-Agent": "Mozilla/5.0 (Windows NT 10.0; Win64; x64) AppleWebKit/537.36 (KHTML, like Gecko) Chrome/73.0.3683.38 Safari/537.36", "Accept-Charset": "ISO-8859-1,utf-8;q=0.7,*;q=0.7", "Accept": "text/html,application/xhtml+xml,application/xml;q=0.9,*/*;q=0.8", "Accept-Encoding": "gzip, deflate", "Accept-Language": "en-us,en;q=0.5"}}, {"format_id": "247", "url": "https://r8---sn-ipoxu-u2xd.googlevideo.com/videoplayback?expire=1610392068&ei=o038X5_jOdGDrQSt45KwDg&ip=220.129.26.102&id=o-AJx4--tz9ve3oG0OmAzVzznzX5nbvdn16xhHyyZcW_zB&itag=247&aitags=133%2C134%2C135%2C136%2C160%2C242%2C243%2C244%2C247%2C278%2C298%2C299%2C302%2C303&source=youtube&requiressl=yes&mh=4M&mm=31%2C29&mn=sn-ipoxu-u2xd%2Csn-un57en7l&ms=au%2Crdu&mv=m&mvi=8&pl=21&initcwndbps=1033750&vprv=1&mime=video%2Fwebm&ns=2HpiE1GKBWVcYUktKF83SOoF&gir=yes&clen=5690189&dur=314.499&lmt=1540774076641633&mt=1610370031&fvip=3&keepalive=yes&c=WEB&txp=5432432&n=F5GiLsiDQRt0RA&sparams=expire%2Cei%2Cip%2Cid%2Caitags%2Csource%2Crequiressl%2Cvprv%2Cmime%2Cns%2Cgir%2Cclen%2Cdur%2Clmt&sig=AOq0QJ8wRgIhAJTsBd1JHpEKm5gVSPkzFnGlku-U_6FcWCGxoXLlMTSSAiEAt1yBZBpBV_y0h__wnFdu26C6Sv0CXfFW7dp1V6fukCM%3D&lsparams=mh%2Cmm%2Cmn%2Cms%2Cmv%2Cmvi%2Cpl%2Cinitcwndbps&lsig=AG3C_xAwRQIhAI-_LgyT2iIudU1WqFT38XZC6Nc0jA1a16-Ho5cnaKlYAiBU5q9ZI_awE-FqDMuQZnK3E9OxxNzbcxZ68FmLnPgOKA%3D%3D&ratebypass=yes", "player_url": null, "ext": "webm", "height": 720, "format_note": "720p", "vcodec": "vp9", "asr": null, "filesize": 5690189, "fps": 30, "tbr": 1429.473, "width": 1280, "acodec": "none", "downloader_options": {"http_chunk_size": 10485760}, "format": "247 - 1280x720 (720p)", "protocol": "https", "http_headers": {"User-Agent": "Mozilla/5.0 (Windows NT 10.0; Win64; x64) AppleWebKit/537.36 (KHTML, like Gecko) Chrome/73.0.3683.38 Safari/537.36", "Accept-Charset": "ISO-8859-1,utf-8;q=0.7,*;q=0.7", "Accept": "text/html,application/xhtml+xml,application/xml;q=0.9,*/*;q=0.8", "Accept-Encoding": "gzip, deflate", "Accept-Language": "en-us,en;q=0.5"}}, {"format_id": "136", "url": "https://r8---sn-ipoxu-u2xd.googlevideo.com/videoplayback?expire=1610392068&ei=o038X5_jOdGDrQSt45KwDg&ip=220.129.26.102&id=o-AJx4--tz9ve3oG0OmAzVzznzX5nbvdn16xhHyyZcW_zB&itag=136&aitags=133%2C134%2C135%2C136%2C160%2C242%2C243%2C244%2C247%2C278%2C298%2C299%2C302%2C303&source=youtube&requiressl=yes&mh=4M&mm=31%2C29&mn=sn-ipoxu-u2xd%2Csn-un57en7l&ms=au%2Crdu&mv=m&mvi=8&pl=21&initcwndbps=1033750&vprv=1&mime=video%2Fmp4&ns=2HpiE1GKBWVcYUktKF83SOoF&gir=yes&clen=3419558&dur=314.499&lmt=1540773865288644&mt=1610370031&fvip=3&keepalive=yes&c=WEB&txp=5432432&n=F5GiLsiDQRt0RA&sparams=expire%2Cei%2Cip%2Cid%2Caitags%2Csource%2Crequiressl%2Cvprv%2Cmime%2Cns%2Cgir%2Cclen%2Cdur%2Clmt&sig=AOq0QJ8wRgIhAMCWclrOW_ZDx987p2DIYj9p7b0arHuzb6a1iatLCIXHAiEAtiMtHsEAuCpzDIIw6qIm96gdjBU7dQKj4DNE7Bis3c0%3D&lsparams=mh%2Cmm%2Cmn%2Cms%2Cmv%2Cmvi%2Cpl%2Cinitcwndbps&lsig=AG3C_xAwRQIhAI-_LgyT2iIudU1WqFT38XZC6Nc0jA1a16-Ho5cnaKlYAiBU5q9ZI_awE-FqDMuQZnK3E9OxxNzbcxZ68FmLnPgOKA%3D%3D&ratebypass=yes", "player_url": null, "ext": "mp4", "height": 720, "format_note": "720p", "vcodec": "avc1.4d401f", "asr": null, "filesize": 3419558, "fps": 30, "tbr": 1769.674, "width": 1280, "acodec": "none", "downloader_options": {"http_chunk_size": 10485760}, "format": "136 - 1280x720 (720p)", "protocol": "https", "http_headers": {"User-Agent": "Mozilla/5.0 (Windows NT 10.0; Win64; x64) AppleWebKit/537.36 (KHTML, like Gecko) Chrome/73.0.3683.38 Safari/537.36", "Accept-Charset": "ISO-8859-1,utf-8;q=0.7,*;q=0.7", "Accept": "text/html,application/xhtml+xml,application/xml;q=0.9,*/*;q=0.8", "Accept-Encoding": "gzip, deflate", "Accept-Language": "en-us,en;q=0.5"}}, {"format_id": "302", "url": "https://r8---sn-ipoxu-u2xd.googlevideo.com/videoplayback?expire=1610392068&ei=o038X5_jOdGDrQSt45KwDg&ip=220.129.26.102&id=o-AJx4--tz9ve3oG0OmAzVzznzX5nbvdn16xhHyyZcW_zB&itag=302&aitags=133%2C134%2C135%2C136%2C160%2C242%2C243%2C244%2C247%2C278%2C298%2C299%2C302%2C303&source=youtube&requiressl=yes&mh=4M&mm=31%2C29&mn=sn-ipoxu-u2xd%2Csn-un57en7l&ms=au%2Crdu&mv=m&mvi=8&pl=21&initcwndbps=1033750&vprv=1&mime=video%2Fwebm&ns=2HpiE1GKBWVcYUktKF83SOoF&gir=yes&clen=10049640&dur=314.516&lmt=1540773928744146&mt=1610370031&fvip=3&keepalive=yes&c=WEB&txp=5432432&n=F5GiLsiDQRt0RA&sparams=expire%2Cei%2Cip%2Cid%2Caitags%2Csource%2Crequiressl%2Cvprv%2Cmime%2Cns%2Cgir%2Cclen%2Cdur%2Clmt&sig=AOq0QJ8wRgIhAN8ZwXs-Dphqv0eNrqzJ39vu65nxoXDRcAqbARa17I4oAiEAndVkaYcenYTRbuvBlBuHmZtwdbz4jZV502Ioh4A2vUo%3D&lsparams=mh%2Cmm%2Cmn%2Cms%2Cmv%2Cmvi%2Cpl%2Cinitcwndbps&lsig=AG3C_xAwRQIhAI-_LgyT2iIudU1WqFT38XZC6Nc0jA1a16-Ho5cnaKlYAiBU5q9ZI_awE-FqDMuQZnK3E9OxxNzbcxZ68FmLnPgOKA%3D%3D&ratebypass=yes", "player_url": null, "ext": "webm", "height": 720, "format_note": "720p60", "vcodec": "vp9", "fps": 60, "asr": null, "filesize": 10049640, "tbr": 2007.285, "width": 1280, "acodec": "none", "downloader_options": {"http_chunk_size": 10485760}, "format": "302 - 1280x720 (720p60)", "protocol": "https", "http_headers": {"User-Agent": "Mozilla/5.0 (Windows NT 10.0; Win64; x64) AppleWebKit/537.36 (KHTML, like Gecko) Chrome/73.0.3683.38 Safari/537.36", "Accept-Charset": "ISO-8859-1,utf-8;q=0.7,*;q=0.7", "Accept": "text/html,application/xhtml+xml,application/xml;q=0.9,*/*;q=0.8", "Accept-Encoding": "gzip, deflate", "Accept-Language": "en-us,en;q=0.5"}}, {"format_id": "298", "url": "https://r8---sn-ipoxu-u2xd.googlevideo.com/videoplayback?expire=1610392068&ei=o038X5_jOdGDrQSt45KwDg&ip=220.129.26.102&id=o-AJx4--tz9ve3oG0OmAzVzznzX5nbvdn16xhHyyZcW_zB&itag=298&aitags=133%2C134%2C135%2C136%2C160%2C242%2C243%2C244%2C247%2C278%2C298%2C299%2C302%2C303&source=youtube&requiressl=yes&mh=4M&mm=31%2C29&mn=sn-ipoxu-u2xd%2Csn-un57en7l&ms=au%2Crdu&mv=m&mvi=8&pl=21&initcwndbps=1033750&vprv=1&mime=video%2Fmp4&ns=2HpiE1GKBWVcYUktKF83SOoF&gir=yes&clen=5185269&dur=314.516&lmt=1540773826620820&mt=1610370031&fvip=3&keepalive=yes&c=WEB&txp=5432432&n=F5GiLsiDQRt0RA&sparams=expire%2Cei%2Cip%2Cid%2Caitags%2Csource%2Crequiressl%2Cvprv%2Cmime%2Cns%2Cgir%2Cclen%2Cdur%2Clmt&sig=AOq0QJ8wRQIgOFeMqL6S7xDwoRlsOTuC-6LescFCpAV5HEj_-1VaaggCIQDDTJI8A-l9kGWLt0HIUfBzwV4gqlbzYQzRubSFQnF5Rw%3D%3D&lsparams=mh%2Cmm%2Cmn%2Cms%2Cmv%2Cmvi%2Cpl%2Cinitcwndbps&lsig=AG3C_xAwRQIhAI-_LgyT2iIudU1WqFT38XZC6Nc0jA1a16-Ho5cnaKlYAiBU5q9ZI_awE-FqDMuQZnK3E9OxxNzbcxZ68FmLnPgOKA%3D%3D&ratebypass=yes", "player_url": null, "ext": "mp4", "height": 720, "format_note": "720p60", "vcodec": "avc1.4d4020", "fps": 60, "asr": null, "filesize": 5185269, "tbr": 2586.577, "width": 1280, "acodec": "none", "downloader_options": {"http_chunk_size": 10485760}, "format": "298 - 1280x720 (720p60)", "protocol": "https", "http_headers": {"User-Agent": "Mozilla/5.0 (Windows NT 10.0; Win64; x64) AppleWebKit/537.36 (KHTML, like Gecko) Chrome/73.0.3683.38 Safari/537.36", "Accept-Charset": "ISO-8859-1,utf-8;q=0.7,*;q=0.7", "Accept": "text/html,application/xhtml+xml,application/xml;q=0.9,*/*;q=0.8", "Accept-Encoding": "gzip, deflate", "Accept-Language": "en-us,en;q=0.5"}}, {"format_id": "303", "url": "https://r8---sn-ipoxu-u2xd.googlevideo.com/videoplayback?expire=1610392068&ei=o038X5_jOdGDrQSt45KwDg&ip=220.129.26.102&id=o-AJx4--tz9ve3oG0OmAzVzznzX5nbvdn16xhHyyZcW_zB&itag=303&aitags=133%2C134%2C135%2C136%2C160%2C242%2C243%2C244%2C247%2C278%2C298%2C299%2C302%2C303&source=youtube&requiressl=yes&mh=4M&mm=31%2C29&mn=sn-ipoxu-u2xd%2Csn-un57en7l&ms=au%2Crdu&mv=m&mvi=8&pl=21&initcwndbps=1033750&vprv=1&mime=video%2Fwebm&ns=2HpiE1GKBWVcYUktKF83SOoF&gir=yes&clen=16590494&dur=314.516&lmt=1540773992342358&mt=1610370031&fvip=3&keepalive=yes&c=WEB&txp=5432432&n=F5GiLsiDQRt0RA&sparams=expire%2Cei%2Cip%2Cid%2Caitags%2Csource%2Crequiressl%2Cvprv%2Cmime%2Cns%2Cgir%2Cclen%2Cdur%2Clmt&sig=AOq0QJ8wRgIhALJtGmRd8Z5vgCUVgJPbD-_fee2C5fuag797bHZc_yIoAiEArDOlhQmM1y1ZWJuB7F5zFmG_8O2gyp8uMAolg88JH6g%3D&lsparams=mh%2Cmm%2Cmn%2Cms%2Cmv%2Cmvi%2Cpl%2Cinitcwndbps&lsig=AG3C_xAwRQIhAI-_LgyT2iIudU1WqFT38XZC6Nc0jA1a16-Ho5cnaKlYAiBU5q9ZI_awE-FqDMuQZnK3E9OxxNzbcxZ68FmLnPgOKA%3D%3D&ratebypass=yes", "player_url": null, "ext": "webm", "height": 1080, "format_note": "1080p60", "vcodec": "vp9", "fps": 60, "asr": null, "filesize": 16590494, "tbr": 3377.895, "width": 1920, "acodec": "none", "downloader_options": {"http_chunk_size": 10485760}, "format": "303 - 1920x1080 (1080p60)", "protocol": "https", "http_headers": {"User-Agent": "Mozilla/5.0 (Windows NT 10.0; Win64; x64) AppleWebKit/537.36 (KHTML, like Gecko) Chrome/73.0.3683.38 Safari/537.36", "Accept-Charset": "ISO-8859-1,utf-8;q=0.7,*;q=0.7", "Accept": "text/html,application/xhtml+xml,application/xml;q=0.9,*/*;q=0.8", "Accept-Encoding": "gzip, deflate", "Accept-Language": "en-us,en;q=0.5"}}, {"format_id": "299", "url": "https://r8---sn-ipoxu-u2xd.googlevideo.com/videoplayback?expire=1610392068&ei=o038X5_jOdGDrQSt45KwDg&ip=220.129.26.102&id=o-AJx4--tz9ve3oG0OmAzVzznzX5nbvdn16xhHyyZcW_zB&itag=299&aitags=133%2C134%2C135%2C136%2C160%2C242%2C243%2C244%2C247%2C278%2C298%2C299%2C302%2C303&source=youtube&requiressl=yes&mh=4M&mm=31%2C29&mn=sn-ipoxu-u2xd%2Csn-un57en7l&ms=au%2Crdu&mv=m&mvi=8&pl=21&initcwndbps=1033750&vprv=1&mime=video%2Fmp4&ns=2HpiE1GKBWVcYUktKF83SOoF&gir=yes&clen=9033556&dur=314.516&lmt=1540773871904988&mt=1610370031&fvip=3&keepalive=yes&c=WEB&txp=5432432&n=F5GiLsiDQRt0RA&sparams=expire%2Cei%2Cip%2Cid%2Caitags%2Csource%2Crequiressl%2Cvprv%2Cmime%2Cns%2Cgir%2Cclen%2Cdur%2Clmt&sig=AOq0QJ8wRQIgG5xDMg_VcNCp2vAmnOUsec9vJzVdjFpIBsaL9pskXBACIQCZvTYZUcD-JFxg3yUkEWspLAkFnrLsoXY6kgmFN0gAsw%3D%3D&lsparams=mh%2Cmm%2Cmn%2Cms%2Cmv%2Cmvi%2Cpl%2Cinitcwndbps&lsig=AG3C_xAwRQIhAI-_LgyT2iIudU1WqFT38XZC6Nc0jA1a16-Ho5cnaKlYAiBU5q9ZI_awE-FqDMuQZnK3E9OxxNzbcxZ68FmLnPgOKA%3D%3D&ratebypass=yes", "player_url": null, "ext": "mp4", "height": 1080, "format_note": "1080p60", "vcodec": "avc1.64002a", "fps": 60, "asr": null, "filesize": 9033556, "tbr": 4511.572, "width": 1920, "acodec": "none", "downloader_options": {"http_chunk_size": 10485760}, "format": "299 - 1920x1080 (1080p60)", "protocol": "https", "http_headers": {"User-Agent": "Mozilla/5.0 (Windows NT 10.0; Win64; x64) AppleWebKit/537.36 (KHTML, like Gecko) Chrome/73.0.3683.38 Safari/537.36", "Accept-Charset": "ISO-8859-1,utf-8;q=0.7,*;q=0.7", "Accept": "text/html,application/xhtml+xml,application/xml;q=0.9,*/*;q=0.8", "Accept-Encoding": "gzip, deflate", "Accept-Language": "en-us,en;q=0.5"}}, {"format_id": "18", "url": "https://r8---sn-ipoxu-u2xd.googlevideo.com/videoplayback?expire=1610392068&ei=o038X5_jOdGDrQSt45KwDg&ip=220.129.26.102&id=o-AJx4--tz9ve3oG0OmAzVzznzX5nbvdn16xhHyyZcW_zB&itag=18&source=youtube&requiressl=yes&mh=4M&mm=31%2C29&mn=sn-ipoxu-u2xd%2Csn-un57en7l&ms=au%2Crdu&mv=m&mvi=8&pl=21&initcwndbps=1033750&vprv=1&mime=video%2Fmp4&ns=11xO7WktO7VuaZDlY3akrlAF&gir=yes&clen=7997495&ratebypass=yes&dur=314.583&lmt=1540773787958887&mt=1610370031&fvip=3&c=WEB&txp=5431432&n=idxfbpJm9TX4Q_&sparams=expire%2Cei%2Cip%2Cid%2Citag%2Csource%2Crequiressl%2Cvprv%2Cmime%2Cns%2Cgir%2Cclen%2Cratebypass%2Cdur%2Clmt&sig=AOq0QJ8wRQIgThGh9Bo9BlO5jFHbk2VXcXa-rnUOiH7KLEGdSbaXJbQCIQD9OyEMFy_21TC6GjGCzOTpB_EXB5bCFhU0AsEf39SkVg%3D%3D&lsparams=mh%2Cmm%2Cmn%2Cms%2Cmv%2Cmvi%2Cpl%2Cinitcwndbps&lsig=AG3C_xAwRQIhAI-_LgyT2iIudU1WqFT38XZC6Nc0jA1a16-Ho5cnaKlYAiBU5q9ZI_awE-FqDMuQZnK3E9OxxNzbcxZ68FmLnPgOKA%3D%3D", "player_url": null, "ext": "mp4", "width": 640, "height": 360, "acodec": "mp4a.40.2", "abr": 96, "vcodec": "avc1.42001E", "asr": 44100, "filesize": 7997495, "format_note": "360p", "fps": 30, "tbr": 203.433, "format": "18 - 640x360 (360p)", "protocol": "https", "http_headers": {"User-Agent": "Mozilla/5.0 (Windows NT 10.0; Win64; x64) AppleWebKit/537.36 (KHTML, like Gecko) Chrome/73.0.3683.38 Safari/537.36", "Accept-Charset": "ISO-8859-1,utf-8;q=0.7,*;q=0.7", "Accept": "text/html,application/xhtml+xml,application/xml;q=0.9,*/*;q=0.8", "Accept-Encoding": "gzip, deflate", "Accept-Language": "en-us,en;q=0.5"}}], "is_live": null, "start_time": null, "end_time": null, "series": null, "season_number": null, "episode_number": null, "track": null, "artist": null, "album": null, "release_date": null, "release_year": null, "extractor": "youtube", "webpage_url_basename": "watch", "extractor_key": "Youtube", "playlist": null, "playlist_index": null, "thumbnail": "https://i.ytimg.com/vi_webp/x4B0raxVODA/maxresdefault.webp", "display_id": "x4B0raxVODA", "requested_subtitles": null, "format_id": "251", "url": "https://r8---sn-ipoxu-u2xd.googlevideo.com/videoplayback?expire=1610392068&ei=o038X5_jOdGDrQSt45KwDg&ip=220.129.26.102&id=o-AJx4--tz9ve3oG0OmAzVzznzX5nbvdn16xhHyyZcW_zB&itag=251&source=youtube&requiressl=yes&mh=4M&mm=31%2C29&mn=sn-ipoxu-u2xd%2Csn-un57en7l&ms=au%2Crdu&mv=m&mvi=8&pl=21&initcwndbps=1033750&vprv=1&mime=audio%2Fwebm&ns=2HpiE1GKBWVcYUktKF83SOoF&gir=yes&clen=5538717&dur=314.541&lmt=1540774705912208&mt=1610370031&fvip=3&keepalive=yes&c=WEB&txp=5411222&n=F5GiLsiDQRt0RA&sparams=expire%2Cei%2Cip%2Cid%2Citag%2Csource%2Crequiressl%2Cvprv%2Cmime%2Cns%2Cgir%2Cclen%2Cdur%2Clmt&sig=AOq0QJ8wRQIhAKHKoi1NtyzXVQtc-fAZxhySlDaHTM50LiaPkvHBXO9vAiBjSNYaYw-P-HUBx_SsGYIbGtax_eZU38VPtkUsoGIekg%3D%3D&lsparams=mh%2Cmm%2Cmn%2Cms%2Cmv%2Cmvi%2Cpl%2Cinitcwndbps&lsig=AG3C_xAwRQIhAI-_LgyT2iIudU1WqFT38XZC6Nc0jA1a16-Ho5cnaKlYAiBU5q9ZI_awE-FqDMuQZnK3E9OxxNzbcxZ68FmLnPgOKA%3D%3D&ratebypass=yes", "player_url": null, "ext": "webm", "format_note": "tiny", "acodec": "opus", "abr": 160, "asr": 48000, "filesize": 5538717, "fps": null, "height": null, "tbr": 150.926, "width": null, "vcodec": "none", "downloader_options": {"http_chunk_size": 10485760}, "format": "251 - audio only (tiny)", "protocol": "https", "http_headers": {"User-Agent": "Mozilla/5.0 (Windows NT 10.0; Win64; x64) AppleWebKit/537.36 (KHTML, like Gecko) Chrome/73.0.3683.38 Safari/537.36", "Accept-Charset": "ISO-8859-1,utf-8;q=0.7,*;q=0.7", "Accept": "text/html,application/xhtml+xml,application/xml;q=0.9,*/*;q=0.8", "Accept-Encoding": "gzip, deflate", "Accept-Language": "en-us,en;q=0.5"}}