{"id": "zvWX_dwQPtU", "uploader": "Michael Ortega", "uploader_id": "MichaelsPianoSongs", "uploader_url": "http://www.youtube.com/user/MichaelsPianoSongs", "channel_id": "UCjyqGFuEZho7Wc7TT5MyFwg", "channel_url": "http://www.youtube.com/channel/UCjyqGFuEZho7Wc7TT5MyFwg", "upload_date": "20190623", "license": null, "creator": null, "title": "\u201cTe Necesito\u201d (Emotional Piano) Michael Ortega & Jurrivh", "alt_title": null, "thumbnails": [{"url": "https://i.ytimg.com/vi/zvWX_dwQPtU/hqdefault.jpg?sqp=-oaymwEYCKgBEF5IVfKriqkDCwgBFQAAiEIYAXAB&rs=AOn4CLB71wllTsoEycFB5Ek8j1VmoGmU4Q", "width": 168, "height": 94, "resolution": "168x94", "id": "0"}, {"url": "https://i.ytimg.com/vi/zvWX_dwQPtU/hqdefault.jpg?sqp=-oaymwEYCMQBEG5IVfKriqkDCwgBFQAAiEIYAXAB&rs=AOn4CLB5xwX6uefQ_u1yRFrUYXNOQdelKg", "width": 196, "height": 110, "resolution": "196x110", "id": "1"}, {"url": "https://i.ytimg.com/vi/zvWX_dwQPtU/hqdefault.jpg?sqp=-oaymwEZCPYBEIoBSFXyq4qpAwsIARUAAIhCGAFwAQ==&rs=AOn4CLCpibHyCB5xCrTpTG9YtyXAU4dJjw", "width": 246, "height": 138, "resolution": "246x138", "id": "2"}, {"url": "https://i.ytimg.com/vi/zvWX_dwQPtU/hqdefault.jpg?sqp=-oaymwEZCNACELwBSFXyq4qpAwsIARUAAIhCGAFwAQ==&rs=AOn4CLDmgqx_OKlOXKx1JQRe5W1Z5uXWrg", "width": 336, "height": 188, "resolution": "336x188", "id": "3"}, {"url": "https://i.ytimg.com/vi_webp/zvWX_dwQPtU/maxresdefault.webp", "width": 1920, "height": 1080, "resolution": "1920x1080", "id": "4"}], "description": "Composed by Michael Ortega & Jurrivh \n\u25b6 Subscribe for more Music: http://bit.ly/SubToMichaelOrtega\n- Free Mp3 Download: https://bsta.rs/87f7fb4\n- Purchase (License): https://bsta.rs/87f7fb4\n\nFollow me: \n\u266a INSTAGRAM: https://www.instagram.com/michaelortegapiano\n\u266a SPOTIFY: http://bit.ly/MichaelOrtegaSpotify\n\nParpituras (Sheet Music):  \nhttps://sellfy.com/MichaelOrtega\n\n\"Te Necesito\" Es una Canci\u00f3n de Piano Compuesta por Michael Ortega Y Jurrivh. Esta melod\u00eda de piano rom\u00e1ntica y emocional.\n\n#MichaelOrtega \nCopyright \u00a9 Michael Ortega 2019\n#MichaelOrtega #Jurrivh, #SadPiano\n\nYou must purchase a license (link \u2b06 above) to use this for your Music or Videos. Ask me about non-profit projects on my Instagram (link \u2b06). \nOriginal Piano Music by Michael J. Ortega (MichaelOrtegaPiano)", "categories": ["Music"], "tags": ["Michael Ortega", "Jurrivh", "te necesito", "te necesito michael ortega", "piano", "emotional piano", "original composition", "romantico"], "subtitles": {}, "automatic_captions": {}, "duration": 294, "age_limit": 0, "annotations": null, "chapters": null, "webpage_url": "https://www.youtube.com/watch?v=zvWX_dwQPtU", "view_count": 68950, "like_count": 1973, "dislike_count": 16, "average_rating": 4.967823, "formats": [{"format_id": "249", "url": "https://r4---sn-ipoxu-u2xd.googlevideo.com/videoplayback?expire=1610392477&ei=PU_8X9LbN5fWgAOc6Z24Aw&ip=220.129.26.102&id=o-ABKl3gngCVS0mWS6uQC3ua55mhIt-1sxvii0_FohDiRz&itag=249&source=youtube&requiressl=yes&mh=8e&mm=31%2C29&mn=sn-ipoxu-u2xd%2Csn-un57sn7z&ms=au%2Crdu&mv=m&mvi=4&pl=21&initcwndbps=1138750&vprv=1&mime=audio%2Fwebm&ns=ymBNyS1toqLcRxR16AmjPYIF&gir=yes&clen=2267372&dur=294.241&lmt=1561292504553322&mt=1610370516&fvip=4&keepalive=yes&c=WEB&txp=5431432&n=NfRSRzGgYbXOsV&sparams=expire%2Cei%2Cip%2Cid%2Citag%2Csource%2Crequiressl%2Cvprv%2Cmime%2Cns%2Cgir%2Cclen%2Cdur%2Clmt&sig=AOq0QJ8wRQIhAPSSxbrh6ofWirKQxdGG547Wn_Y_8u7YEhlldgNraMaoAiBuuUUOCgqN2ABFmqYXUPMlDuhhO_hS0VUcGA8aL5mXVQ%3D%3D&lsparams=mh%2Cmm%2Cmn%2Cms%2Cmv%2Cmvi%2Cpl%2Cinitcwndbps&lsig=AG3C_xAwRAIgNIxkuhokrvuJJFQowykiHYCjJDydy7a5ouR8jJTE1YICIBiSAjusL-Y4B4LD72opvoj3sAn-g-XDUjXNVtD_8w8J&ratebypass=yes", "player_url": null, "ext": "webm", "format_note": "tiny", "acodec": "opus", "abr": 50, "asr": 48000, "filesize": 2267372, "fps": null, "height": null, "tbr": 66.092, "width": null, "vcodec": "none", "downloader_options": {"http_chunk_size": 10485760}, "format": "249 - audio only (tiny)", "protocol": "https", "http_headers": {"User-Agent": "Mozilla/5.0 (Windows NT 10.0; Win64; x64) AppleWebKit/537.36 (KHTML, like Gecko) Chrome/73.0.3683.38 Safari/537.36", "Accept-Charset": "ISO-8859-1,utf-8;q=0.7,*;q=0.7", "Accept": "text/html,application/xhtml+xml,application/xml;q=0.9,*/*;q=0.8", "Accept-Encoding": "gzip, deflate", "Accept-Language": "en-us,en;q=0.5"}}, {"format_id": "250", "url": "https://r4---sn-ipoxu-u2xd.googlevideo.com/videoplayback?expire=1610392477&ei=PU_8X9LbN5fWgAOc6Z24Aw&ip=220.129.26.102&id=o-ABKl3gngCVS0mWS6uQC3ua55mhIt-1sxvii0_FohDiRz&itag=250&source=youtube&requiressl=yes&mh=8e&mm=31%2C29&mn=sn-ipoxu-u2xd%2Csn-un57sn7z&ms=au%2Crdu&mv=m&mvi=4&pl=21&initcwndbps=1138750&vprv=1&mime=audio%2Fwebm&ns=ymBNyS1toqLcRxR16AmjPYIF&gir=yes&clen=3005575&dur=294.241&lmt=1561292506753261&mt=1610370516&fvip=4&keepalive=yes&c=WEB&txp=5431432&n=NfRSRzGgYbXOsV&sparams=expire%2Cei%2Cip%2Cid%2Citag%2Csource%2Crequiressl%2Cvprv%2Cmime%2Cns%2Cgir%2Cclen%2Cdur%2Clmt&sig=AOq0QJ8wRAIgd2EukA-2YtyPpg4aRiV2KLknzJy09IKtL3KT20YUj0gCID4SfG7ceLZU3PM-f4RiKSmtd8IdRVRHbp8CKXnjEyUa&lsparams=mh%2Cmm%2Cmn%2Cms%2Cmv%2Cmvi%2Cpl%2Cinitcwndbps&lsig=AG3C_xAwRAIgNIxkuhokrvuJJFQowykiHYCjJDydy7a5ouR8jJTE1YICIBiSAjusL-Y4B4LD72opvoj3sAn-g-XDUjXNVtD_8w8J&ratebypass=yes", "player_url": null, "ext": "webm", "format_note": "tiny", "acodec": "opus", "abr": 70, "asr": 48000, "filesize": 3005575, "fps": null, "height": null, "tbr": 87.567, "width": null, "vcodec": "none", "downloader_options": {"http_chunk_size": 10485760}, "format": "250 - audio only (tiny)", "protocol": "https", "http_headers": {"User-Agent": "Mozilla/5.0 (Windows NT 10.0; Win64; x64) AppleWebKit/537.36 (KHTML, like Gecko) Chrome/73.0.3683.38 Safari/537.36", "Accept-Charset": "ISO-8859-1,utf-8;q=0.7,*;q=0.7", "Accept": "text/html,application/xhtml+xml,application/xml;q=0.9,*/*;q=0.8", "Accept-Encoding": "gzip, deflate", "Accept-Language": "en-us,en;q=0.5"}}, {"format_id": "140", "url": "https://r4---sn-ipoxu-u2xd.googlevideo.com/videoplayback?expire=1610392477&ei=PU_8X9LbN5fWgAOc6Z24Aw&ip=220.129.26.102&id=o-ABKl3gngCVS0mWS6uQC3ua55mhIt-1sxvii0_FohDiRz&itag=140&source=youtube&requiressl=yes&mh=8e&mm=31%2C29&mn=sn-ipoxu-u2xd%2Csn-un57sn7z&ms=au%2Crdu&mv=m&mvi=4&pl=21&initcwndbps=1138750&vprv=1&mime=audio%2Fmp4&ns=ymBNyS1toqLcRxR16AmjPYIF&gir=yes&clen=4763660&dur=294.266&lmt=1561292504539424&mt=1610370516&fvip=4&keepalive=yes&c=WEB&txp=5431432&n=NfRSRzGgYbXOsV&sparams=expire%2Cei%2Cip%2Cid%2Citag%2Csource%2Crequiressl%2Cvprv%2Cmime%2Cns%2Cgir%2Cclen%2Cdur%2Clmt&sig=AOq0QJ8wRQIgQ1VOYz7XLzlEIclxOqDUE2nSChhYZQz0O5nPvWL5JpICIQC9lMNEVLw5MVtTXpFporNCOYjxTRkGx31o6DmflKn4pA%3D%3D&lsparams=mh%2Cmm%2Cmn%2Cms%2Cmv%2Cmvi%2Cpl%2Cinitcwndbps&lsig=AG3C_xAwRAIgNIxkuhokrvuJJFQowykiHYCjJDydy7a5ouR8jJTE1YICIBiSAjusL-Y4B4LD72opvoj3sAn-g-XDUjXNVtD_8w8J&ratebypass=yes", "player_url": null, "ext": "m4a", "format_note": "tiny", "acodec": "mp4a.40.2", "abr": 128, "container": "m4a_dash", "asr": 44100, "filesize": 4763660, "fps": null, "height": null, "tbr": 130.559, "width": null, "vcodec": "none", "downloader_options": {"http_chunk_size": 10485760}, "format": "140 - audio only (tiny)", "protocol": "https", "http_headers": {"User-Agent": "Mozilla/5.0 (Windows NT 10.0; Win64; x64) AppleWebKit/537.36 (KHTML, like Gecko) Chrome/73.0.3683.38 Safari/537.36", "Accept-Charset": "ISO-8859-1,utf-8;q=0.7,*;q=0.7", "Accept": "text/html,application/xhtml+xml,application/xml;q=0.9,*/*;q=0.8", "Accept-Encoding": "gzip, deflate", "Accept-Language": "en-us,en;q=0.5"}}, {"format_id": "251", "url": "https://r4---sn-ipoxu-u2xd.googlevideo.com/videoplayback?expire=1610392477&ei=PU_8X9LbN5fWgAOc6Z24Aw&ip=220.129.26.102&id=o-ABKl3gngCVS0mWS6uQC3ua55mhIt-1sxvii0_FohDiRz&itag=251&source=youtube&requiressl=yes&mh=8e&mm=31%2C29&mn=sn-ipoxu-u2xd%2Csn-un57sn7z&ms=au%2Crdu&mv=m&mvi=4&pl=21&initcwndbps=1138750&vprv=1&mime=audio%2Fwebm&ns=ymBNyS1toqLcRxR16AmjPYIF&gir=yes&clen=5646508&dur=294.241&lmt=1561292506841483&mt=1610370516&fvip=4&keepalive=yes&c=WEB&txp=5431432&n=NfRSRzGgYbXOsV&sparams=expire%2Cei%2Cip%2Cid%2Citag%2Csource%2Crequiressl%2Cvprv%2Cmime%2Cns%2Cgir%2Cclen%2Cdur%2Clmt&sig=AOq0QJ8wRQIgdqhKsC56tI2cLGO2cePyegobqv3TwdlsV4HrqD6wCFcCIQCzRpBFhMIXw8TUkRqp0Y3S25xF9HCbh2Iz2fyF3X8pEA%3D%3D&lsparams=mh%2Cmm%2Cmn%2Cms%2Cmv%2Cmvi%2Cpl%2Cinitcwndbps&lsig=AG3C_xAwRAIgNIxkuhokrvuJJFQowykiHYCjJDydy7a5ouR8jJTE1YICIBiSAjusL-Y4B4LD72opvoj3sAn-g-XDUjXNVtD_8w8J&ratebypass=yes", "player_url": null, "ext": "webm", "format_note": "tiny", "acodec": "opus", "abr": 160, "asr": 48000, "filesize": 5646508, "fps": null, "height": null, "tbr": 162.268, "width": null, "vcodec": "none", "downloader_options": {"http_chunk_size": 10485760}, "format": "251 - audio only (tiny)", "protocol": "https", "http_headers": {"User-Agent": "Mozilla/5.0 (Windows NT 10.0; Win64; x64) AppleWebKit/537.36 (KHTML, like Gecko) Chrome/73.0.3683.38 Safari/537.36", "Accept-Charset": "ISO-8859-1,utf-8;q=0.7,*;q=0.7", "Accept": "text/html,application/xhtml+xml,application/xml;q=0.9,*/*;q=0.8", "Accept-Encoding": "gzip, deflate", "Accept-Language": "en-us,en;q=0.5"}}, {"format_id": "160", "url": "https://r4---sn-ipoxu-u2xd.googlevideo.com/videoplayback?expire=1610392477&ei=PU_8X9LbN5fWgAOc6Z24Aw&ip=220.129.26.102&id=o-ABKl3gngCVS0mWS6uQC3ua55mhIt-1sxvii0_FohDiRz&itag=160&aitags=133%2C134%2C135%2C136%2C137%2C160%2C242%2C243%2C244%2C247%2C248%2C278&source=youtube&requiressl=yes&mh=8e&mm=31%2C29&mn=sn-ipoxu-u2xd%2Csn-un57sn7z&ms=au%2Crdu&mv=m&mvi=4&pl=21&initcwndbps=1138750&vprv=1&mime=video%2Fmp4&ns=ymBNyS1toqLcRxR16AmjPYIF&gir=yes&clen=1850630&dur=294.210&lmt=1561292667562687&mt=1610370516&fvip=4&keepalive=yes&c=WEB&txp=5432432&n=NfRSRzGgYbXOsV&sparams=expire%2Cei%2Cip%2Cid%2Caitags%2Csource%2Crequiressl%2Cvprv%2Cmime%2Cns%2Cgir%2Cclen%2Cdur%2Clmt&sig=AOq0QJ8wRQIhAO4x-3AtYdn3JoLHoB6-9PUKgRutxlG3moyN8tvvQ3cQAiBDA3FKWJt7u8xBX0vjImG2_Ghve13BOqxxR3_bYpXCIw%3D%3D&lsparams=mh%2Cmm%2Cmn%2Cms%2Cmv%2Cmvi%2Cpl%2Cinitcwndbps&lsig=AG3C_xAwRAIgNIxkuhokrvuJJFQowykiHYCjJDydy7a5ouR8jJTE1YICIBiSAjusL-Y4B4LD72opvoj3sAn-g-XDUjXNVtD_8w8J&ratebypass=yes", "player_url": null, "ext": "mp4", "height": 144, "format_note": "144p", "vcodec": "avc1.4d400c", "asr": null, "filesize": 1850630, "fps": 24, "tbr": 78.336, "width": 256, "acodec": "none", "downloader_options": {"http_chunk_size": 10485760}, "format": "160 - 256x144 (144p)", "protocol": "https", "http_headers": {"User-Agent": "Mozilla/5.0 (Windows NT 10.0; Win64; x64) AppleWebKit/537.36 (KHTML, like Gecko) Chrome/73.0.3683.38 Safari/537.36", "Accept-Charset": "ISO-8859-1,utf-8;q=0.7,*;q=0.7", "Accept": "text/html,application/xhtml+xml,application/xml;q=0.9,*/*;q=0.8", "Accept-Encoding": "gzip, deflate", "Accept-Language": "en-us,en;q=0.5"}}, {"format_id": "278", "url": "https://r4---sn-ipoxu-u2xd.googlevideo.com/videoplayback?expire=1610392477&ei=PU_8X9LbN5fWgAOc6Z24Aw&ip=220.129.26.102&id=o-ABKl3gngCVS0mWS6uQC3ua55mhIt-1sxvii0_FohDiRz&itag=278&aitags=133%2C134%2C135%2C136%2C137%2C160%2C242%2C243%2C244%2C247%2C248%2C278&source=youtube&requiressl=yes&mh=8e&mm=31%2C29&mn=sn-ipoxu-u2xd%2Csn-un57sn7z&ms=au%2Crdu&mv=m&mvi=4&pl=21&initcwndbps=1138750&vprv=1&mime=video%2Fwebm&ns=ymBNyS1toqLcRxR16AmjPYIF&gir=yes&clen=2967075&dur=294.210&lmt=1561292838053927&mt=1610370516&fvip=4&keepalive=yes&c=WEB&txp=5431432&n=NfRSRzGgYbXOsV&sparams=expire%2Cei%2Cip%2Cid%2Caitags%2Csource%2Crequiressl%2Cvprv%2Cmime%2Cns%2Cgir%2Cclen%2Cdur%2Clmt&sig=AOq0QJ8wRQIgGn9O2t8FkHz2DcEBQLrLYUSAJNqzZUbeROIgxF-2PGECIQCSbLWjS_wiBzTE3vkwXYb2ylOuaI8JFUIrLa7qHf4-iQ%3D%3D&lsparams=mh%2Cmm%2Cmn%2Cms%2Cmv%2Cmvi%2Cpl%2Cinitcwndbps&lsig=AG3C_xAwRAIgNIxkuhokrvuJJFQowykiHYCjJDydy7a5ouR8jJTE1YICIBiSAjusL-Y4B4LD72opvoj3sAn-g-XDUjXNVtD_8w8J&ratebypass=yes", "player_url": null, "ext": "webm", "height": 144, "format_note": "144p", "container": "webm", "vcodec": "vp9", "asr": null, "filesize": 2967075, "fps": 24, "tbr": 97.582, "width": 256, "acodec": "none", "downloader_options": {"http_chunk_size": 10485760}, "format": "278 - 256x144 (144p)", "protocol": "https", "http_headers": {"User-Agent": "Mozilla/5.0 (Windows NT 10.0; Win64; x64) AppleWebKit/537.36 (KHTML, like Gecko) Chrome/73.0.3683.38 Safari/537.36", "Accept-Charset": "ISO-8859-1,utf-8;q=0.7,*;q=0.7", "Accept": "text/html,application/xhtml+xml,application/xml;q=0.9,*/*;q=0.8", "Accept-Encoding": "gzip, deflate", "Accept-Language": "en-us,en;q=0.5"}}, {"format_id": "133", "url": "https://r4---sn-ipoxu-u2xd.googlevideo.com/videoplayback?expire=1610392477&ei=PU_8X9LbN5fWgAOc6Z24Aw&ip=220.129.26.102&id=o-ABKl3gngCVS0mWS6uQC3ua55mhIt-1sxvii0_FohDiRz&itag=133&aitags=133%2C134%2C135%2C136%2C137%2C160%2C242%2C243%2C244%2C247%2C248%2C278&source=youtube&requiressl=yes&mh=8e&mm=31%2C29&mn=sn-ipoxu-u2xd%2Csn-un57sn7z&ms=au%2Crdu&mv=m&mvi=4&pl=21&initcwndbps=1138750&vprv=1&mime=video%2Fmp4&ns=ymBNyS1toqLcRxR16AmjPYIF&gir=yes&clen=3140441&dur=294.210&lmt=1561292667562121&mt=1610370516&fvip=4&keepalive=yes&c=WEB&txp=5432432&n=NfRSRzGgYbXOsV&sparams=expire%2Cei%2Cip%2Cid%2Caitags%2Csource%2Crequiressl%2Cvprv%2Cmime%2Cns%2Cgir%2Cclen%2Cdur%2Clmt&sig=AOq0QJ8wRQIgYFz3trR0ICmgNWNgE2ENA1ZGpjhKcqkcCewD0K0wXD4CIQCdRw_nG3Z1XqS0sUPpzz7UnUzr99wPs1TFkBUkFMkEtg%3D%3D&lsparams=mh%2Cmm%2Cmn%2Cms%2Cmv%2Cmvi%2Cpl%2Cinitcwndbps&lsig=AG3C_xAwRAIgNIxkuhokrvuJJFQowykiHYCjJDydy7a5ouR8jJTE1YICIBiSAjusL-Y4B4LD72opvoj3sAn-g-XDUjXNVtD_8w8J&ratebypass=yes", "player_url": null, "ext": "mp4", "height": 240, "format_note": "240p", "vcodec": "avc1.4d4015", "asr": null, "filesize": 3140441, "fps": 24, "tbr": 136.676, "width": 426, "acodec": "none", "downloader_options": {"http_chunk_size": 10485760}, "format": "133 - 426x240 (240p)", "protocol": "https", "http_headers": {"User-Agent": "Mozilla/5.0 (Windows NT 10.0; Win64; x64) AppleWebKit/537.36 (KHTML, like Gecko) Chrome/73.0.3683.38 Safari/537.36", "Accept-Charset": "ISO-8859-1,utf-8;q=0.7,*;q=0.7", "Accept": "text/html,application/xhtml+xml,application/xml;q=0.9,*/*;q=0.8", "Accept-Encoding": "gzip, deflate", "Accept-Language": "en-us,en;q=0.5"}}, {"format_id": "242", "url": "https://r4---sn-ipoxu-u2xd.googlevideo.com/videoplayback?expire=1610392477&ei=PU_8X9LbN5fWgAOc6Z24Aw&ip=220.129.26.102&id=o-ABKl3gngCVS0mWS6uQC3ua55mhIt-1sxvii0_FohDiRz&itag=242&aitags=133%2C134%2C135%2C136%2C137%2C160%2C242%2C243%2C244%2C247%2C248%2C278&source=youtube&requiressl=yes&mh=8e&mm=31%2C29&mn=sn-ipoxu-u2xd%2Csn-un57sn7z&ms=au%2Crdu&mv=m&mvi=4&pl=21&initcwndbps=1138750&vprv=1&mime=video%2Fwebm&ns=ymBNyS1toqLcRxR16AmjPYIF&gir=yes&clen=4706206&dur=294.210&lmt=1561292838042909&mt=1610370516&fvip=4&keepalive=yes&c=WEB&txp=5431432&n=NfRSRzGgYbXOsV&sparams=expire%2Cei%2Cip%2Cid%2Caitags%2Csource%2Crequiressl%2Cvprv%2Cmime%2Cns%2Cgir%2Cclen%2Cdur%2Clmt&sig=AOq0QJ8wRQIgcd4cuZGW4fiGgvNG_Um48gG0V2xYO-D7CaxhNpjkhJECIQCdTyfa9kISFIlrlW77SMi83x49Z4qEKOnjgnKfD4EeYw%3D%3D&lsparams=mh%2Cmm%2Cmn%2Cms%2Cmv%2Cmvi%2Cpl%2Cinitcwndbps&lsig=AG3C_xAwRAIgNIxkuhokrvuJJFQowykiHYCjJDydy7a5ouR8jJTE1YICIBiSAjusL-Y4B4LD72opvoj3sAn-g-XDUjXNVtD_8w8J&ratebypass=yes", "player_url": null, "ext": "webm", "height": 240, "format_note": "240p", "vcodec": "vp9", "asr": null, "filesize": 4706206, "fps": 24, "tbr": 213.174, "width": 426, "acodec": "none", "downloader_options": {"http_chunk_size": 10485760}, "format": "242 - 426x240 (240p)", "protocol": "https", "http_headers": {"User-Agent": "Mozilla/5.0 (Windows NT 10.0; Win64; x64) AppleWebKit/537.36 (KHTML, like Gecko) Chrome/73.0.3683.38 Safari/537.36", "Accept-Charset": "ISO-8859-1,utf-8;q=0.7,*;q=0.7", "Accept": "text/html,application/xhtml+xml,application/xml;q=0.9,*/*;q=0.8", "Accept-Encoding": "gzip, deflate", "Accept-Language": "en-us,en;q=0.5"}}, {"format_id": "134", "url": "https://r4---sn-ipoxu-u2xd.googlevideo.com/videoplayback?expire=1610392477&ei=PU_8X9LbN5fWgAOc6Z24Aw&ip=220.129.26.102&id=o-ABKl3gngCVS0mWS6uQC3ua55mhIt-1sxvii0_FohDiRz&itag=134&aitags=133%2C134%2C135%2C136%2C137%2C160%2C242%2C243%2C244%2C247%2C248%2C278&source=youtube&requiressl=yes&mh=8e&mm=31%2C29&mn=sn-ipoxu-u2xd%2Csn-un57sn7z&ms=au%2Crdu&mv=m&mvi=4&pl=21&initcwndbps=1138750&vprv=1&mime=video%2Fmp4&ns=ymBNyS1toqLcRxR16AmjPYIF&gir=yes&clen=6969402&dur=294.210&lmt=1561292667574354&mt=1610370516&fvip=4&keepalive=yes&c=WEB&txp=5432432&n=NfRSRzGgYbXOsV&sparams=expire%2Cei%2Cip%2Cid%2Caitags%2Csource%2Crequiressl%2Cvprv%2Cmime%2Cns%2Cgir%2Cclen%2Cdur%2Clmt&sig=AOq0QJ8wRQIhAICRjt10xcUfqY4U0WyawnPG3FOuLyqCuoEw9DKIia-EAiBvkSoFjgSA2Y3SW7mdB1YdYkV-iqcrSeoMBF2IOmp1WQ%3D%3D&lsparams=mh%2Cmm%2Cmn%2Cms%2Cmv%2Cmvi%2Cpl%2Cinitcwndbps&lsig=AG3C_xAwRAIgNIxkuhokrvuJJFQowykiHYCjJDydy7a5ouR8jJTE1YICIBiSAjusL-Y4B4LD72opvoj3sAn-g-XDUjXNVtD_8w8J&ratebypass=yes", "player_url": null, "ext": "mp4", "height": 360, "format_note": "360p", "vcodec": "avc1.4d401e", "asr": null, "filesize": 6969402, "fps": 24, "tbr": 306.514, "width": 640, "acodec": "none", "downloader_options": {"http_chunk_size": 10485760}, "format": "134 - 640x360 (360p)", "protocol": "https", "http_headers": {"User-Agent": "Mozilla/5.0 (Windows NT 10.0; Win64; x64) AppleWebKit/537.36 (KHTML, like Gecko) Chrome/73.0.3683.38 Safari/537.36", "Accept-Charset": "ISO-8859-1,utf-8;q=0.7,*;q=0.7", "Accept": "text/html,application/xhtml+xml,application/xml;q=0.9,*/*;q=0.8", "Accept-Encoding": "gzip, deflate", "Accept-Language": "en-us,en;q=0.5"}}, {"format_id": "243", "url": "https://r4---sn-ipoxu-u2xd.googlevideo.com/videoplayback?expire=1610392477&ei=PU_8X9LbN5fWgAOc6Z24Aw&ip=220.129.26.102&id=o-ABKl3gngCVS0mWS6uQC3ua55mhIt-1sxvii0_FohDiRz&itag=243&aitags=133%2C134%2C135%2C136%2C137%2C160%2C242%2C243%2C244%2C247%2C248%2C278&source=youtube&requiressl=yes&mh=8e&mm=31%2C29&mn=sn-ipoxu-u2xd%2Csn-un57sn7z&ms=au%2Crdu&mv=m&mvi=4&pl=21&initcwndbps=1138750&vprv=1&mime=video%2Fwebm&ns=ymBNyS1toqLcRxR16AmjPYIF&gir=yes&clen=8024254&dur=294.210&lmt=1561292838033792&mt=1610370516&fvip=4&keepalive=yes&c=WEB&txp=5431432&n=NfRSRzGgYbXOsV&sparams=expire%2Cei%2Cip%2Cid%2Caitags%2Csource%2Crequiressl%2Cvprv%2Cmime%2Cns%2Cgir%2Cclen%2Cdur%2Clmt&sig=AOq0QJ8wRQIhAKFBj1mTVe43NQcxbllzebXolnBs_Pikd1J2L4Te0yulAiBJoTQh6ViDP-wld4aZbIfGa9oN9QTvqnsAMacOIIKTuw%3D%3D&lsparams=mh%2Cmm%2Cmn%2Cms%2Cmv%2Cmvi%2Cpl%2Cinitcwndbps&lsig=AG3C_xAwRAIgNIxkuhokrvuJJFQowykiHYCjJDydy7a5ouR8jJTE1YICIBiSAjusL-Y4B4LD72opvoj3sAn-g-XDUjXNVtD_8w8J&ratebypass=yes", "player_url": null, "ext": "webm", "height": 360, "format_note": "360p", "vcodec": "vp9", "asr": null, "filesize": 8024254, "fps": 24, "tbr": 358.177, "width": 640, "acodec": "none", "downloader_options": {"http_chunk_size": 10485760}, "format": "243 - 640x360 (360p)", "protocol": "https", "http_headers": {"User-Agent": "Mozilla/5.0 (Windows NT 10.0; Win64; x64) AppleWebKit/537.36 (KHTML, like Gecko) Chrome/73.0.3683.38 Safari/537.36", "Accept-Charset": "ISO-8859-1,utf-8;q=0.7,*;q=0.7", "Accept": "text/html,application/xhtml+xml,application/xml;q=0.9,*/*;q=0.8", "Accept-Encoding": "gzip, deflate", "Accept-Language": "en-us,en;q=0.5"}}, {"format_id": "135", "url": "https://r4---sn-ipoxu-u2xd.googlevideo.com/videoplayback?expire=1610392477&ei=PU_8X9LbN5fWgAOc6Z24Aw&ip=220.129.26.102&id=o-ABKl3gngCVS0mWS6uQC3ua55mhIt-1sxvii0_FohDiRz&itag=135&aitags=133%2C134%2C135%2C136%2C137%2C160%2C242%2C243%2C244%2C247%2C248%2C278&source=youtube&requiressl=yes&mh=8e&mm=31%2C29&mn=sn-ipoxu-u2xd%2Csn-un57sn7z&ms=au%2Crdu&mv=m&mvi=4&pl=21&initcwndbps=1138750&vprv=1&mime=video%2Fmp4&ns=ymBNyS1toqLcRxR16AmjPYIF&gir=yes&clen=13071081&dur=294.210&lmt=1561292667567169&mt=1610370516&fvip=4&keepalive=yes&c=WEB&txp=5432432&n=NfRSRzGgYbXOsV&sparams=expire%2Cei%2Cip%2Cid%2Caitags%2Csource%2Crequiressl%2Cvprv%2Cmime%2Cns%2Cgir%2Cclen%2Cdur%2Clmt&sig=AOq0QJ8wRQIhAKYB4xzxm7YnBC856RF42L6gdMz5zQBxEqdLEfds-y7ZAiBTVeJNzklsNBgzv6H48dw7F4bxSApM9lEXj5Ilmg9OEw%3D%3D&lsparams=mh%2Cmm%2Cmn%2Cms%2Cmv%2Cmvi%2Cpl%2Cinitcwndbps&lsig=AG3C_xAwRAIgNIxkuhokrvuJJFQowykiHYCjJDydy7a5ouR8jJTE1YICIBiSAjusL-Y4B4LD72opvoj3sAn-g-XDUjXNVtD_8w8J&ratebypass=yes", "player_url": null, "ext": "mp4", "height": 480, "format_note": "480p", "vcodec": "avc1.4d401e", "asr": null, "filesize": 13071081, "fps": 24, "tbr": 566.269, "width": 854, "acodec": "none", "downloader_options": {"http_chunk_size": 10485760}, "format": "135 - 854x480 (480p)", "protocol": "https", "http_headers": {"User-Agent": "Mozilla/5.0 (Windows NT 10.0; Win64; x64) AppleWebKit/537.36 (KHTML, like Gecko) Chrome/73.0.3683.38 Safari/537.36", "Accept-Charset": "ISO-8859-1,utf-8;q=0.7,*;q=0.7", "Accept": "text/html,application/xhtml+xml,application/xml;q=0.9,*/*;q=0.8", "Accept-Encoding": "gzip, deflate", "Accept-Language": "en-us,en;q=0.5"}}, {"format_id": "244", "url": "https://r4---sn-ipoxu-u2xd.googlevideo.com/videoplayback?expire=1610392477&ei=PU_8X9LbN5fWgAOc6Z24Aw&ip=220.129.26.102&id=o-ABKl3gngCVS0mWS6uQC3ua55mhIt-1sxvii0_FohDiRz&itag=244&aitags=133%2C134%2C135%2C136%2C137%2C160%2C242%2C243%2C244%2C247%2C248%2C278&source=youtube&requiressl=yes&mh=8e&mm=31%2C29&mn=sn-ipoxu-u2xd%2Csn-un57sn7z&ms=au%2Crdu&mv=m&mvi=4&pl=21&initcwndbps=1138750&vprv=1&mime=video%2Fwebm&ns=ymBNyS1toqLcRxR16AmjPYIF&gir=yes&clen=12882495&dur=294.210&lmt=1561292838044297&mt=1610370516&fvip=4&keepalive=yes&c=WEB&txp=5431432&n=NfRSRzGgYbXOsV&sparams=expire%2Cei%2Cip%2Cid%2Caitags%2Csource%2Crequiressl%2Cvprv%2Cmime%2Cns%2Cgir%2Cclen%2Cdur%2Clmt&sig=AOq0QJ8wRQIhAKECCEK2jZKCBWEWqt1RNMZuIjpmZrzAoftAz5Xs2b4mAiA_M7YI7JDS8a7rEPV8FBDWmXz_PGZj8NB_3jT5s8IlAw%3D%3D&lsparams=mh%2Cmm%2Cmn%2Cms%2Cmv%2Cmvi%2Cpl%2Cinitcwndbps&lsig=AG3C_xAwRAIgNIxkuhokrvuJJFQowykiHYCjJDydy7a5ouR8jJTE1YICIBiSAjusL-Y4B4LD72opvoj3sAn-g-XDUjXNVtD_8w8J&ratebypass=yes", "player_url": null, "ext": "webm", "height": 480, "format_note": "480p", "vcodec": "vp9", "asr": null, "filesize": 12882495, "fps": 24, "tbr": 594.919, "width": 854, "acodec": "none", "downloader_options": {"http_chunk_size": 10485760}, "format": "244 - 854x480 (480p)", "protocol": "https", "http_headers": {"User-Agent": "Mozilla/5.0 (Windows NT 10.0; Win64; x64) AppleWebKit/537.36 (KHTML, like Gecko) Chrome/73.0.3683.38 Safari/537.36", "Accept-Charset": "ISO-8859-1,utf-8;q=0.7,*;q=0.7", "Accept": "text/html,application/xhtml+xml,application/xml;q=0.9,*/*;q=0.8", "Accept-Encoding": "gzip, deflate", "Accept-Language": "en-us,en;q=0.5"}}, {"format_id": "136", "url": "https://r4---sn-ipoxu-u2xd.googlevideo.com/videoplayback?expire=1610392477&ei=PU_8X9LbN5fWgAOc6Z24Aw&ip=220.129.26.102&id=o-ABKl3gngCVS0mWS6uQC3ua55mhIt-1sxvii0_FohDiRz&itag=136&aitags=133%2C134%2C135%2C136%2C137%2C160%2C242%2C243%2C244%2C247%2C248%2C278&source=youtube&requiressl=yes&mh=8e&mm=31%2C29&mn=sn-ipoxu-u2xd%2Csn-un57sn7z&ms=au%2Crdu&mv=m&mvi=4&pl=21&initcwndbps=1138750&vprv=1&mime=video%2Fmp4&ns=ymBNyS1toqLcRxR16AmjPYIF&gir=yes&clen=24300499&dur=294.210&lmt=1561292667564380&mt=1610370516&fvip=4&keepalive=yes&c=WEB&txp=5432432&n=NfRSRzGgYbXOsV&sparams=expire%2Cei%2Cip%2Cid%2Caitags%2Csource%2Crequiressl%2Cvprv%2Cmime%2Cns%2Cgir%2Cclen%2Cdur%2Clmt&sig=AOq0QJ8wRgIhAO0ECNZLlo7FeQtHIdSv0SSwnf7ZDaa804B6Nffj248RAiEA6c_EFoIe5I-eWCBBSsnjcRHglHyb67PGB-628tAKkxU%3D&lsparams=mh%2Cmm%2Cmn%2Cms%2Cmv%2Cmvi%2Cpl%2Cinitcwndbps&lsig=AG3C_xAwRAIgNIxkuhokrvuJJFQowykiHYCjJDydy7a5ouR8jJTE1YICIBiSAjusL-Y4B4LD72opvoj3sAn-g-XDUjXNVtD_8w8J&ratebypass=yes", "player_url": null, "ext": "mp4", "height": 720, "format_note": "720p", "vcodec": "avc1.4d401f", "asr": null, "filesize": 24300499, "fps": 24, "tbr": 998.243, "width": 1280, "acodec": "none", "downloader_options": {"http_chunk_size": 10485760}, "format": "136 - 1280x720 (720p)", "protocol": "https", "http_headers": {"User-Agent": "Mozilla/5.0 (Windows NT 10.0; Win64; x64) AppleWebKit/537.36 (KHTML, like Gecko) Chrome/73.0.3683.38 Safari/537.36", "Accept-Charset": "ISO-8859-1,utf-8;q=0.7,*;q=0.7", "Accept": "text/html,application/xhtml+xml,application/xml;q=0.9,*/*;q=0.8", "Accept-Encoding": "gzip, deflate", "Accept-Language": "en-us,en;q=0.5"}}, {"format_id": "247", "url": "https://r4---sn-ipoxu-u2xd.googlevideo.com/videoplayback?expire=1610392477&ei=PU_8X9LbN5fWgAOc6Z24Aw&ip=220.129.26.102&id=o-ABKl3gngCVS0mWS6uQC3ua55mhIt-1sxvii0_FohDiRz&itag=247&aitags=133%2C134%2C135%2C136%2C137%2C160%2C242%2C243%2C244%2C247%2C248%2C278&source=youtube&requiressl=yes&mh=8e&mm=31%2C29&mn=sn-ipoxu-u2xd%2Csn-un57sn7z&ms=au%2Crdu&mv=m&mvi=4&pl=21&initcwndbps=1138750&vprv=1&mime=video%2Fwebm&ns=ymBNyS1toqLcRxR16AmjPYIF&gir=yes&clen=24082158&dur=294.210&lmt=1561292838053519&mt=1610370516&fvip=4&keepalive=yes&c=WEB&txp=5431432&n=NfRSRzGgYbXOsV&sparams=expire%2Cei%2Cip%2Cid%2Caitags%2Csource%2Crequiressl%2Cvprv%2Cmime%2Cns%2Cgir%2Cclen%2Cdur%2Clmt&sig=AOq0QJ8wRQIhAPycIQkzX44eAnYVBiN5_sjXQIMRfsacZDmK6ACVg_DmAiBg0yy23Y6jp4FJsG_NA8hzzbGc4aUVU0XofaPl-CUKzg%3D%3D&lsparams=mh%2Cmm%2Cmn%2Cms%2Cmv%2Cmvi%2Cpl%2Cinitcwndbps&lsig=AG3C_xAwRAIgNIxkuhokrvuJJFQowykiHYCjJDydy7a5ouR8jJTE1YICIBiSAjusL-Y4B4LD72opvoj3sAn-g-XDUjXNVtD_8w8J&ratebypass=yes", "player_url": null, "ext": "webm", "height": 720, "format_note": "720p", "vcodec": "vp9", "asr": null, "filesize": 24082158, "fps": 24, "tbr": 1127.52, "width": 1280, "acodec": "none", "downloader_options": {"http_chunk_size": 10485760}, "format": "247 - 1280x720 (720p)", "protocol": "https", "http_headers": {"User-Agent": "Mozilla/5.0 (Windows NT 10.0; Win64; x64) AppleWebKit/537.36 (KHTML, like Gecko) Chrome/73.0.3683.38 Safari/537.36", "Accept-Charset": "ISO-8859-1,utf-8;q=0.7,*;q=0.7", "Accept": "text/html,application/xhtml+xml,application/xml;q=0.9,*/*;q=0.8", "Accept-Encoding": "gzip, deflate", "Accept-Language": "en-us,en;q=0.5"}}, {"format_id": "248", "url": "https://r4---sn-ipoxu-u2xd.googlevideo.com/videoplayback?expire=1610392477&ei=PU_8X9LbN5fWgAOc6Z24Aw&ip=220.129.26.102&id=o-ABKl3gngCVS0mWS6uQC3ua55mhIt-1sxvii0_FohDiRz&itag=248&aitags=133%2C134%2C135%2C136%2C137%2C160%2C242%2C243%2C244%2C247%2C248%2C278&source=youtube&requiressl=yes&mh=8e&mm=31%2C29&mn=sn-ipoxu-u2xd%2Csn-un57sn7z&ms=au%2Crdu&mv=m&mvi=4&pl=21&initcwndbps=1138750&vprv=1&mime=video%2Fwebm&ns=ymBNyS1toqLcRxR16AmjPYIF&gir=yes&clen=40504386&dur=294.210&lmt=1561292634956367&mt=1610370516&fvip=4&keepalive=yes&c=WEB&txp=5431432&n=NfRSRzGgYbXOsV&sparams=expire%2Cei%2Cip%2Cid%2Caitags%2Csource%2Crequiressl%2Cvprv%2Cmime%2Cns%2Cgir%2Cclen%2Cdur%2Clmt&sig=AOq0QJ8wRAIgFXVhykRd3-KZnVMooZXQgjKFabZcwA4CB83yq07Gg0ICIFGebz0iaZx7z-iJkri6JovBpMGZpYMSOqBQoFbcnS2F&lsparams=mh%2Cmm%2Cmn%2Cms%2Cmv%2Cmvi%2Cpl%2Cinitcwndbps&lsig=AG3C_xAwRAIgNIxkuhokrvuJJFQowykiHYCjJDydy7a5ouR8jJTE1YICIBiSAjusL-Y4B4LD72opvoj3sAn-g-XDUjXNVtD_8w8J&ratebypass=yes", "player_url": null, "ext": "webm", "height": 1080, "format_note": "1080p", "vcodec": "vp9", "asr": null, "filesize": 40504386, "fps": 24, "tbr": 1887.778, "width": 1920, "acodec": "none", "downloader_options": {"http_chunk_size": 10485760}, "format": "248 - 1920x1080 (1080p)", "protocol": "https", "http_headers": {"User-Agent": "Mozilla/5.0 (Windows NT 10.0; Win64; x64) AppleWebKit/537.36 (KHTML, like Gecko) Chrome/73.0.3683.38 Safari/537.36", "Accept-Charset": "ISO-8859-1,utf-8;q=0.7,*;q=0.7", "Accept": "text/html,application/xhtml+xml,application/xml;q=0.9,*/*;q=0.8", "Accept-Encoding": "gzip, deflate", "Accept-Language": "en-us,en;q=0.5"}}, {"format_id": "137", "url": "https://r4---sn-ipoxu-u2xd.googlevideo.com/videoplayback?expire=1610392477&ei=PU_8X9LbN5fWgAOc6Z24Aw&ip=220.129.26.102&id=o-ABKl3gngCVS0mWS6uQC3ua55mhIt-1sxvii0_FohDiRz&itag=137&aitags=133%2C134%2C135%2C136%2C137%2C160%2C242%2C243%2C244%2C247%2C248%2C278&source=youtube&requiressl=yes&mh=8e&mm=31%2C29&mn=sn-ipoxu-u2xd%2Csn-un57sn7z&ms=au%2Crdu&mv=m&mvi=4&pl=21&initcwndbps=1138750&vprv=1&mime=video%2Fmp4&ns=ymBNyS1toqLcRxR16AmjPYIF&gir=yes&clen=44913874&dur=294.210&lmt=1561292600983827&mt=1610370516&fvip=4&keepalive=yes&c=WEB&txp=5432432&n=NfRSRzGgYbXOsV&sparams=expire%2Cei%2Cip%2Cid%2Caitags%2Csource%2Crequiressl%2Cvprv%2Cmime%2Cns%2Cgir%2Cclen%2Cdur%2Clmt&sig=AOq0QJ8wRQIgWRlGxImWwFL2Tvi_FfOUUIEn4nMBF3EfQs1vUTb5wgkCIQDXrjN2oi1HhFY6h2dkBjae5D5O6z8mOKX9zFpV5F3n1A%3D%3D&lsparams=mh%2Cmm%2Cmn%2Cms%2Cmv%2Cmvi%2Cpl%2Cinitcwndbps&lsig=AG3C_xAwRAIgNIxkuhokrvuJJFQowykiHYCjJDydy7a5ouR8jJTE1YICIBiSAjusL-Y4B4LD72opvoj3sAn-g-XDUjXNVtD_8w8J&ratebypass=yes", "player_url": null, "ext": "mp4", "height": 1080, "format_note": "1080p", "vcodec": "avc1.640028", "asr": null, "filesize": 44913874, "fps": 24, "tbr": 1919.466, "width": 1920, "acodec": "none", "downloader_options": {"http_chunk_size": 10485760}, "format": "137 - 1920x1080 (1080p)", "protocol": "https", "http_headers": {"User-Agent": "Mozilla/5.0 (Windows NT 10.0; Win64; x64) AppleWebKit/537.36 (KHTML, like Gecko) Chrome/73.0.3683.38 Safari/537.36", "Accept-Charset": "ISO-8859-1,utf-8;q=0.7,*;q=0.7", "Accept": "text/html,application/xhtml+xml,application/xml;q=0.9,*/*;q=0.8", "Accept-Encoding": "gzip, deflate", "Accept-Language": "en-us,en;q=0.5"}}, {"format_id": "18", "url": "https://r4---sn-ipoxu-u2xd.googlevideo.com/videoplayback?expire=1610392477&ei=PU_8X9LbN5fWgAOc6Z24Aw&ip=220.129.26.102&id=o-ABKl3gngCVS0mWS6uQC3ua55mhIt-1sxvii0_FohDiRz&itag=18&source=youtube&requiressl=yes&mh=8e&mm=31%2C29&mn=sn-ipoxu-u2xd%2Csn-un57sn7z&ms=au%2Crdu&mv=m&mvi=4&pl=21&initcwndbps=1138750&vprv=1&mime=video%2Fmp4&ns=sXc6ph8O7MpwLRGnJzWdC7wF&gir=yes&clen=15182544&ratebypass=yes&dur=294.266&lmt=1561292533781905&mt=1610370516&fvip=4&c=WEB&txp=5431432&n=PrteKQZBqQL59T&sparams=expire%2Cei%2Cip%2Cid%2Citag%2Csource%2Crequiressl%2Cvprv%2Cmime%2Cns%2Cgir%2Cclen%2Cratebypass%2Cdur%2Clmt&sig=AOq0QJ8wRQIhANr25YNVJLHxG2XshEQ4xGzPCy_umv7p46ZLu-qEnUoJAiAwpi9C87G83Wi-ImxZvJYy_WCMnxuQ6BbT_U-SsbUqqQ%3D%3D&lsparams=mh%2Cmm%2Cmn%2Cms%2Cmv%2Cmvi%2Cpl%2Cinitcwndbps&lsig=AG3C_xAwRAIgNIxkuhokrvuJJFQowykiHYCjJDydy7a5ouR8jJTE1YICIBiSAjusL-Y4B4LD72opvoj3sAn-g-XDUjXNVtD_8w8J", "player_url": null, "ext": "mp4", "width": 640, "height": 360, "acodec": "mp4a.40.2", "abr": 96, "vcodec": "avc1.42001E", "asr": 44100, "filesize": 15182544, "format_note": "360p", "fps": 24, "tbr": 412.835, "format": "18 - 640x360 (360p)", "protocol": "https", "http_headers": {"User-Agent": "Mozilla/5.0 (Windows NT 10.0; Win64; x64) AppleWebKit/537.36 (KHTML, like Gecko) Chrome/73.0.3683.38 Safari/537.36", "Accept-Charset": "ISO-8859-1,utf-8;q=0.7,*;q=0.7", "Accept": "text/html,application/xhtml+xml,application/xml;q=0.9,*/*;q=0.8", "Accept-Encoding": "gzip, deflate", "Accept-Language": "en-us,en;q=0.5"}}], "is_live": null, "start_time": null, "end_time": null, "series": null, "season_number": null, "episode_number": null, "track": null, "artist": null, "album": null, "release_date": null, "release_year": null, "extractor": "youtube", "webpage_url_basename": "watch", "extractor_key": "Youtube", "playlist": null, "playlist_index": null, "thumbnail": "https://i.ytimg.com/vi_webp/zvWX_dwQPtU/maxresdefault.webp", "display_id": "zvWX_dwQPtU", "requested_subtitles": null, "format_id": "251", "url": "https://r4---sn-ipoxu-u2xd.googlevideo.com/videoplayback?expire=1610392477&ei=PU_8X9LbN5fWgAOc6Z24Aw&ip=220.129.26.102&id=o-ABKl3gngCVS0mWS6uQC3ua55mhIt-1sxvii0_FohDiRz&itag=251&source=youtube&requiressl=yes&mh=8e&mm=31%2C29&mn=sn-ipoxu-u2xd%2Csn-un57sn7z&ms=au%2Crdu&mv=m&mvi=4&pl=21&initcwndbps=1138750&vprv=1&mime=audio%2Fwebm&ns=ymBNyS1toqLcRxR16AmjPYIF&gir=yes&clen=5646508&dur=294.241&lmt=1561292506841483&mt=1610370516&fvip=4&keepalive=yes&c=WEB&txp=5431432&n=NfRSRzGgYbXOsV&sparams=expire%2Cei%2Cip%2Cid%2Citag%2Csource%2Crequiressl%2Cvprv%2Cmime%2Cns%2Cgir%2Cclen%2Cdur%2Clmt&sig=AOq0QJ8wRQIgdqhKsC56tI2cLGO2cePyegobqv3TwdlsV4HrqD6wCFcCIQCzRpBFhMIXw8TUkRqp0Y3S25xF9HCbh2Iz2fyF3X8pEA%3D%3D&lsparams=mh%2Cmm%2Cmn%2Cms%2Cmv%2Cmvi%2Cpl%2Cinitcwndbps&lsig=AG3C_xAwRAIgNIxkuhokrvuJJFQowykiHYCjJDydy7a5ouR8jJTE1YICIBiSAjusL-Y4B4LD72opvoj3sAn-g-XDUjXNVtD_8w8J&ratebypass=yes", "player_url": null, "ext": "webm", "format_note": "tiny", "acodec": "opus", "abr": 160, "asr": 48000, "filesize": 5646508, "fps": null, "height": null, "tbr": 162.268, "width": null, "vcodec": "none", "downloader_options": {"http_chunk_size": 10485760}, "format": "251 - audio only (tiny)", "protocol": "https", "http_headers": {"User-Agent": "Mozilla/5.0 (Windows NT 10.0; Win64; x64) AppleWebKit/537.36 (KHTML, like Gecko) Chrome/73.0.3683.38 Safari/537.36", "Accept-Charset": "ISO-8859-1,utf-8;q=0.7,*;q=0.7", "Accept": "text/html,application/xhtml+xml,application/xml;q=0.9,*/*;q=0.8", "Accept-Encoding": "gzip, deflate", "Accept-Language": "en-us,en;q=0.5"}}