{"id": "ZvD8QSO7NPw", "uploader": "Myuu", "uploader_id": "myuuji", "uploader_url": "http://www.youtube.com/user/myuuji", "channel_id": "UCiSKnkKCKAQVxMUWpZQobuQ", "channel_url": "http://www.youtube.com/channel/UCiSKnkKCKAQVxMUWpZQobuQ", "upload_date": "20140301", "license": "Creative Commons Attribution license (reuse allowed)", "creator": null, "title": "Collapse - myuu", "alt_title": null, "thumbnails": [{"url": "https://i.ytimg.com/vi/ZvD8QSO7NPw/hqdefault.jpg?sqp=-oaymwEYCKgBEF5IVfKriqkDCwgBFQAAiEIYAXAB&rs=AOn4CLAFz5vLkls1fTRKi1UlVprXX5fe4Q", "width": 168, "height": 94, "resolution": "168x94", "id": "0"}, {"url": "https://i.ytimg.com/vi/ZvD8QSO7NPw/hqdefault.jpg?sqp=-oaymwEYCMQBEG5IVfKriqkDCwgBFQAAiEIYAXAB&rs=AOn4CLCbPOQZlqMlHX7TJt8qNHuH13n7rw", "width": 196, "height": 110, "resolution": "196x110", "id": "1"}, {"url": "https://i.ytimg.com/vi/ZvD8QSO7NPw/hqdefault.jpg?sqp=-oaymwEZCPYBEIoBSFXyq4qpAwsIARUAAIhCGAFwAQ==&rs=AOn4CLDB_ovbIefNKHNHDwAScaKea_mwnQ", "width": 246, "height": 138, "resolution": "246x138", "id": "2"}, {"url": "https://i.ytimg.com/vi/ZvD8QSO7NPw/hqdefault.jpg?sqp=-oaymwEZCNACELwBSFXyq4qpAwsIARUAAIhCGAFwAQ==&rs=AOn4CLBnM3iMosZJSnWwdl5JMcIL7HUy_w", "width": 336, "height": 188, "resolution": "336x188", "id": "3"}, {"url": "https://i.ytimg.com/vi_webp/ZvD8QSO7NPw/maxresdefault.webp", "width": 1920, "height": 1080, "resolution": "1920x1080", "id": "4"}], "description": "iTunes \u25cf http://bit.ly/UztGGd :: Bandcamp \u25cf http://bit.ly/1AwYJFS\nMP3 Download \u25ba http://thedarkpiano.com/mp3/Myuu-Collapse.mp3\n\u25cf Support me on Patreon (Early Access & more perks) \u25cf http://patreon.com/myuuji\n\nroyalty-free music | Support with Donations \u2192 http://goo.gl/tZy5p\n\nArtwork http://thesemicreepyone.deviantart.com\n\n\u266b LIKE me on Facebook: http://facebook.com/myuusic\n\u266b TWEET with me on Twitter: http://twitter.com/myuusic\n\u266b FOLLOW me on Tumblr:  http://myuusic.tumblr.com\n\nSheet Music + Tutorial + MIDI:\nhttp://youtu.be/B19ccSDVGco\n\n-------------------------------------------------------------------------------------------\nI am myuu. A musician who loves writing dark piano songs. They are free to use as long as credit is given. I always try to make the music sound creepy and beautiful at the same time. In addition to my piano and horror soundtracks I also do orchestrated pieces and industrial/experimental work.", "categories": ["Music"], "tags": ["creepy", "horror", "creepypasta", "music", "pasta", "mrcreepypasta", "ambient", "acoustic", "piano", "song", "dark", "mystic", "myuuji", "mellow", "myu", "myuji", "Mr Creepy Pasta", "Mr. Creepy Pasta", "Mr Creepypasta", "Addictive Keys", "addictivekeys", "xln", "audio", "xlnaudio", "royaltyfree", "royalty free", "royalty-free", "creativecommons", "creative", "commons", "creative commons", "mp3", "download"], "subtitles": {}, "automatic_captions": {}, "duration": 199, "age_limit": 0, "annotations": null, "chapters": null, "webpage_url": "https://www.youtube.com/watch?v=ZvD8QSO7NPw", "view_count": 1019707, "like_count": 17268, "dislike_count": 116, "average_rating": 4.9733086, "formats": [{"format_id": "249", "url": "https://r5---sn-5njj-u2xe.googlevideo.com/videoplayback?expire=1608123750&ei=BrHZX-blIYmVgAOyvpvoAQ&ip=140.109.135.166&id=o-ADoKtcgv3FbbTENGZKhAaWJwrjdaDMEqdEEVC7jDa4nY&itag=249&source=youtube&requiressl=yes&mh=xO&mm=31%2C29&mn=sn-5njj-u2xe%2Csn-un57sn7z&ms=au%2Crdu&mv=m&mvi=5&pcm2cms=yes&pl=16&pcm2=yes&initcwndbps=385000&vprv=1&mime=audio%2Fwebm&ns=NNPi08mPz1wJC99CcCNu_KIF&gir=yes&clen=1545890&dur=199.081&lmt=1496202013154617&mt=1608101795&fvip=5&keepalive=yes&beids=9466585&c=WEB&n=S_zbzc1v_rtz59qd1&sparams=expire%2Cei%2Cip%2Cid%2Citag%2Csource%2Crequiressl%2Cpcm2%2Cvprv%2Cmime%2Cns%2Cgir%2Cclen%2Cdur%2Clmt&sig=AOq0QJ8wRQIgdOTdyyxQh7NHgApNDaEkSPTRo0viP_fmA7dL_92OE5ACIQDJ1tvsc2Bxj1HPyxaESOD_DxCQ_cPRUAGro0XbCDU8Bg%3D%3D&lsparams=mh%2Cmm%2Cmn%2Cms%2Cmv%2Cmvi%2Cpcm2cms%2Cpl%2Cinitcwndbps&lsig=AG3C_xAwRQIgcYl1DH5tAKVtIZb-_v_FQO4xD36QtqQMS-cri1fKvk0CIQCOC-NuTLAS2hS4GiUOFLfaBoFAIKThHK1ysfMWZGrz7w%3D%3D&ratebypass=yes", "player_url": null, "ext": "webm", "format_note": "tiny", "acodec": "opus", "abr": 50, "asr": 48000, "filesize": 1545890, "fps": null, "height": null, "tbr": 65.897, "width": null, "vcodec": "none", "downloader_options": {"http_chunk_size": 10485760}, "format": "249 - audio only (tiny)", "protocol": "https", "http_headers": {"User-Agent": "Mozilla/5.0 (Windows NT 10.0; Win64; x64) AppleWebKit/537.36 (KHTML, like Gecko) Chrome/74.0.3726.1 Safari/537.36", "Accept-Charset": "ISO-8859-1,utf-8;q=0.7,*;q=0.7", "Accept": "text/html,application/xhtml+xml,application/xml;q=0.9,*/*;q=0.8", "Accept-Encoding": "gzip, deflate", "Accept-Language": "en-us,en;q=0.5"}}, {"format_id": "250", "url": "https://r5---sn-5njj-u2xe.googlevideo.com/videoplayback?expire=1608123750&ei=BrHZX-blIYmVgAOyvpvoAQ&ip=140.109.135.166&id=o-ADoKtcgv3FbbTENGZKhAaWJwrjdaDMEqdEEVC7jDa4nY&itag=250&source=youtube&requiressl=yes&mh=xO&mm=31%2C29&mn=sn-5njj-u2xe%2Csn-un57sn7z&ms=au%2Crdu&mv=m&mvi=5&pcm2cms=yes&pl=16&pcm2=yes&initcwndbps=385000&vprv=1&mime=audio%2Fwebm&ns=NNPi08mPz1wJC99CcCNu_KIF&gir=yes&clen=2007901&dur=199.081&lmt=1496202005119205&mt=1608101795&fvip=5&keepalive=yes&beids=9466585&c=WEB&n=S_zbzc1v_rtz59qd1&sparams=expire%2Cei%2Cip%2Cid%2Citag%2Csource%2Crequiressl%2Cpcm2%2Cvprv%2Cmime%2Cns%2Cgir%2Cclen%2Cdur%2Clmt&sig=AOq0QJ8wRgIhANQB0bsbRBDtgAqEbrIRx0xuf4BTnVn7ZllfiOIGGAleAiEAkM7jVHwr9tVGVqF0aZQT5evgEbtqLf78K3ezlyDmyws%3D&lsparams=mh%2Cmm%2Cmn%2Cms%2Cmv%2Cmvi%2Cpcm2cms%2Cpl%2Cinitcwndbps&lsig=AG3C_xAwRQIgcYl1DH5tAKVtIZb-_v_FQO4xD36QtqQMS-cri1fKvk0CIQCOC-NuTLAS2hS4GiUOFLfaBoFAIKThHK1ysfMWZGrz7w%3D%3D&ratebypass=yes", "player_url": null, "ext": "webm", "format_note": "tiny", "acodec": "opus", "abr": 70, "asr": 48000, "filesize": 2007901, "fps": null, "height": null, "tbr": 85.125, "width": null, "vcodec": "none", "downloader_options": {"http_chunk_size": 10485760}, "format": "250 - audio only (tiny)", "protocol": "https", "http_headers": {"User-Agent": "Mozilla/5.0 (Windows NT 10.0; Win64; x64) AppleWebKit/537.36 (KHTML, like Gecko) Chrome/74.0.3726.1 Safari/537.36", "Accept-Charset": "ISO-8859-1,utf-8;q=0.7,*;q=0.7", "Accept": "text/html,application/xhtml+xml,application/xml;q=0.9,*/*;q=0.8", "Accept-Encoding": "gzip, deflate", "Accept-Language": "en-us,en;q=0.5"}}, {"format_id": "140", "url": "https://r5---sn-5njj-u2xe.googlevideo.com/videoplayback?expire=1608123750&ei=BrHZX-blIYmVgAOyvpvoAQ&ip=140.109.135.166&id=o-ADoKtcgv3FbbTENGZKhAaWJwrjdaDMEqdEEVC7jDa4nY&itag=140&source=youtube&requiressl=yes&mh=xO&mm=31%2C29&mn=sn-5njj-u2xe%2Csn-un57sn7z&ms=au%2Crdu&mv=m&mvi=5&pcm2cms=yes&pl=16&pcm2=yes&initcwndbps=385000&vprv=1&mime=audio%2Fmp4&ns=NNPi08mPz1wJC99CcCNu_KIF&gir=yes&clen=3163365&dur=199.134&lmt=1508970092274822&mt=1608101795&fvip=5&keepalive=yes&beids=9466585&c=WEB&n=S_zbzc1v_rtz59qd1&sparams=expire%2Cei%2Cip%2Cid%2Citag%2Csource%2Crequiressl%2Cpcm2%2Cvprv%2Cmime%2Cns%2Cgir%2Cclen%2Cdur%2Clmt&sig=AOq0QJ8wRAIgV9z7XdxY4YdsPd107mE9bdZs76LDCV5gxYxhSi6RpAcCIFd2gGP6mwOfFzLno6aAEosIrJF4J-k1up3DaJPAr8mY&lsparams=mh%2Cmm%2Cmn%2Cms%2Cmv%2Cmvi%2Cpcm2cms%2Cpl%2Cinitcwndbps&lsig=AG3C_xAwRQIgcYl1DH5tAKVtIZb-_v_FQO4xD36QtqQMS-cri1fKvk0CIQCOC-NuTLAS2hS4GiUOFLfaBoFAIKThHK1ysfMWZGrz7w%3D%3D&ratebypass=yes", "player_url": null, "ext": "m4a", "format_note": "tiny", "acodec": "mp4a.40.2", "abr": 128, "container": "m4a_dash", "asr": 44100, "filesize": 3163365, "fps": null, "height": null, "tbr": 128.01, "width": null, "vcodec": "none", "downloader_options": {"http_chunk_size": 10485760}, "format": "140 - audio only (tiny)", "protocol": "https", "http_headers": {"User-Agent": "Mozilla/5.0 (Windows NT 10.0; Win64; x64) AppleWebKit/537.36 (KHTML, like Gecko) Chrome/74.0.3726.1 Safari/537.36", "Accept-Charset": "ISO-8859-1,utf-8;q=0.7,*;q=0.7", "Accept": "text/html,application/xhtml+xml,application/xml;q=0.9,*/*;q=0.8", "Accept-Encoding": "gzip, deflate", "Accept-Language": "en-us,en;q=0.5"}}, {"format_id": "251", "url": "https://r5---sn-5njj-u2xe.googlevideo.com/videoplayback?expire=1608123750&ei=BrHZX-blIYmVgAOyvpvoAQ&ip=140.109.135.166&id=o-ADoKtcgv3FbbTENGZKhAaWJwrjdaDMEqdEEVC7jDa4nY&itag=251&source=youtube&requiressl=yes&mh=xO&mm=31%2C29&mn=sn-5njj-u2xe%2Csn-un57sn7z&ms=au%2Crdu&mv=m&mvi=5&pcm2cms=yes&pl=16&pcm2=yes&initcwndbps=385000&vprv=1&mime=audio%2Fwebm&ns=NNPi08mPz1wJC99CcCNu_KIF&gir=yes&clen=3966660&dur=199.081&lmt=1496202006469918&mt=1608101795&fvip=5&keepalive=yes&beids=9466585&c=WEB&n=S_zbzc1v_rtz59qd1&sparams=expire%2Cei%2Cip%2Cid%2Citag%2Csource%2Crequiressl%2Cpcm2%2Cvprv%2Cmime%2Cns%2Cgir%2Cclen%2Cdur%2Clmt&sig=AOq0QJ8wRQIgY0S-LL4edxd4N_MGBRBL8oHOH3KGE-zzjb79xM4uNtcCIQDORAEupaxUrPDvK-_4FRzyQphHK2FdrU3d8tpy8OQ8Lw%3D%3D&lsparams=mh%2Cmm%2Cmn%2Cms%2Cmv%2Cmvi%2Cpcm2cms%2Cpl%2Cinitcwndbps&lsig=AG3C_xAwRQIgcYl1DH5tAKVtIZb-_v_FQO4xD36QtqQMS-cri1fKvk0CIQCOC-NuTLAS2hS4GiUOFLfaBoFAIKThHK1ysfMWZGrz7w%3D%3D&ratebypass=yes", "player_url": null, "ext": "webm", "format_note": "tiny", "acodec": "opus", "abr": 160, "asr": 48000, "filesize": 3966660, "fps": null, "height": null, "tbr": 165.463, "width": null, "vcodec": "none", "downloader_options": {"http_chunk_size": 10485760}, "format": "251 - audio only (tiny)", "protocol": "https", "http_headers": {"User-Agent": "Mozilla/5.0 (Windows NT 10.0; Win64; x64) AppleWebKit/537.36 (KHTML, like Gecko) Chrome/74.0.3726.1 Safari/537.36", "Accept-Charset": "ISO-8859-1,utf-8;q=0.7,*;q=0.7", "Accept": "text/html,application/xhtml+xml,application/xml;q=0.9,*/*;q=0.8", "Accept-Encoding": "gzip, deflate", "Accept-Language": "en-us,en;q=0.5"}}, {"format_id": "160", "url": "https://r5---sn-5njj-u2xe.googlevideo.com/videoplayback?expire=1608123750&ei=BrHZX-blIYmVgAOyvpvoAQ&ip=140.109.135.166&id=o-ADoKtcgv3FbbTENGZKhAaWJwrjdaDMEqdEEVC7jDa4nY&itag=160&aitags=133%2C134%2C135%2C136%2C137%2C160%2C242%2C243%2C244%2C247%2C248%2C278%2C394%2C395%2C396%2C397%2C398&source=youtube&requiressl=yes&mh=xO&mm=31%2C29&mn=sn-5njj-u2xe%2Csn-un57sn7z&ms=au%2Crdu&mv=m&mvi=5&pcm2cms=yes&pl=16&pcm2=yes&initcwndbps=385000&vprv=1&mime=video%2Fmp4&ns=NNPi08mPz1wJC99CcCNu_KIF&gir=yes&clen=313981&dur=199.083&lmt=1508970093856488&mt=1608101795&fvip=5&keepalive=yes&beids=9466585&c=WEB&n=S_zbzc1v_rtz59qd1&sparams=expire%2Cei%2Cip%2Cid%2Caitags%2Csource%2Crequiressl%2Cpcm2%2Cvprv%2Cmime%2Cns%2Cgir%2Cclen%2Cdur%2Clmt&sig=AOq0QJ8wRQIhAMBhrwOyyCjZD9ebvqn4WhN7BbdGGvo473cCjHjlzFeqAiBTLBxCpruQLXGIVaW74HnZI1yM4ToucDmetAAPPRr2XA%3D%3D&lsparams=mh%2Cmm%2Cmn%2Cms%2Cmv%2Cmvi%2Cpcm2cms%2Cpl%2Cinitcwndbps&lsig=AG3C_xAwRQIgcYl1DH5tAKVtIZb-_v_FQO4xD36QtqQMS-cri1fKvk0CIQCOC-NuTLAS2hS4GiUOFLfaBoFAIKThHK1ysfMWZGrz7w%3D%3D&ratebypass=yes", "player_url": null, "ext": "mp4", "height": 144, "format_note": "144p", "vcodec": "avc1.4d400b", "asr": null, "filesize": 313981, "fps": 12, "tbr": 32.315, "width": 256, "acodec": "none", "downloader_options": {"http_chunk_size": 10485760}, "format": "160 - 256x144 (144p)", "protocol": "https", "http_headers": {"User-Agent": "Mozilla/5.0 (Windows NT 10.0; Win64; x64) AppleWebKit/537.36 (KHTML, like Gecko) Chrome/74.0.3726.1 Safari/537.36", "Accept-Charset": "ISO-8859-1,utf-8;q=0.7,*;q=0.7", "Accept": "text/html,application/xhtml+xml,application/xml;q=0.9,*/*;q=0.8", "Accept-Encoding": "gzip, deflate", "Accept-Language": "en-us,en;q=0.5"}}, {"format_id": "394", "url": "https://r5---sn-5njj-u2xe.googlevideo.com/videoplayback?expire=1608123750&ei=BrHZX-blIYmVgAOyvpvoAQ&ip=140.109.135.166&id=o-ADoKtcgv3FbbTENGZKhAaWJwrjdaDMEqdEEVC7jDa4nY&itag=394&aitags=133%2C134%2C135%2C136%2C137%2C160%2C242%2C243%2C244%2C247%2C248%2C278%2C394%2C395%2C396%2C397%2C398&source=youtube&requiressl=yes&mh=xO&mm=31%2C29&mn=sn-5njj-u2xe%2Csn-un57sn7z&ms=au%2Crdu&mv=m&mvi=5&pcm2cms=yes&pl=16&pcm2=yes&initcwndbps=385000&vprv=1&mime=video%2Fmp4&ns=NNPi08mPz1wJC99CcCNu_KIF&gir=yes&clen=1050616&dur=199.083&lmt=1557224008158224&mt=1608101795&fvip=5&keepalive=yes&beids=9466585&c=WEB&txp=5432432&n=S_zbzc1v_rtz59qd1&sparams=expire%2Cei%2Cip%2Cid%2Caitags%2Csource%2Crequiressl%2Cpcm2%2Cvprv%2Cmime%2Cns%2Cgir%2Cclen%2Cdur%2Clmt&sig=AOq0QJ8wRgIhAMYRJTsR0aL01uXXagA_OVFOODX6EwPbrvWEQO7m8lw2AiEA-4hC1mf4D568Cwn24a1FuZHh67xeWAOEWIQeMiLqddI%3D&lsparams=mh%2Cmm%2Cmn%2Cms%2Cmv%2Cmvi%2Cpcm2cms%2Cpl%2Cinitcwndbps&lsig=AG3C_xAwRQIgcYl1DH5tAKVtIZb-_v_FQO4xD36QtqQMS-cri1fKvk0CIQCOC-NuTLAS2hS4GiUOFLfaBoFAIKThHK1ysfMWZGrz7w%3D%3D&ratebypass=yes", "player_url": null, "acodec": "none", "vcodec": "av01.0.00M.08", "asr": null, "filesize": 1050616, "format_note": "144p", "fps": 12, "height": 144, "tbr": 67.213, "width": 256, "ext": "mp4", "downloader_options": {"http_chunk_size": 10485760}, "format": "394 - 256x144 (144p)", "protocol": "https", "http_headers": {"User-Agent": "Mozilla/5.0 (Windows NT 10.0; Win64; x64) AppleWebKit/537.36 (KHTML, like Gecko) Chrome/74.0.3726.1 Safari/537.36", "Accept-Charset": "ISO-8859-1,utf-8;q=0.7,*;q=0.7", "Accept": "text/html,application/xhtml+xml,application/xml;q=0.9,*/*;q=0.8", "Accept-Encoding": "gzip, deflate", "Accept-Language": "en-us,en;q=0.5"}}, {"format_id": "278", "url": "https://r5---sn-5njj-u2xe.googlevideo.com/videoplayback?expire=1608123750&ei=BrHZX-blIYmVgAOyvpvoAQ&ip=140.109.135.166&id=o-ADoKtcgv3FbbTENGZKhAaWJwrjdaDMEqdEEVC7jDa4nY&itag=278&aitags=133%2C134%2C135%2C136%2C137%2C160%2C242%2C243%2C244%2C247%2C248%2C278%2C394%2C395%2C396%2C397%2C398&source=youtube&requiressl=yes&mh=xO&mm=31%2C29&mn=sn-5njj-u2xe%2Csn-un57sn7z&ms=au%2Crdu&mv=m&mvi=5&pcm2cms=yes&pl=16&pcm2=yes&initcwndbps=385000&vprv=1&mime=video%2Fwebm&ns=NNPi08mPz1wJC99CcCNu_KIF&gir=yes&clen=961568&dur=199.083&lmt=1541646974193403&mt=1608101795&fvip=5&keepalive=yes&beids=9466585&c=WEB&txp=5432432&n=S_zbzc1v_rtz59qd1&sparams=expire%2Cei%2Cip%2Cid%2Caitags%2Csource%2Crequiressl%2Cpcm2%2Cvprv%2Cmime%2Cns%2Cgir%2Cclen%2Cdur%2Clmt&sig=AOq0QJ8wRgIhAOQB2XE5R_MtlYxerZ8MFPhNbQGQTKaRP4W7JXI9RaTrAiEAk_yOx8AFKO8oZEDmq_uWppVXXycNSkJW6-XqMwIb-DU%3D&lsparams=mh%2Cmm%2Cmn%2Cms%2Cmv%2Cmvi%2Cpcm2cms%2Cpl%2Cinitcwndbps&lsig=AG3C_xAwRQIgcYl1DH5tAKVtIZb-_v_FQO4xD36QtqQMS-cri1fKvk0CIQCOC-NuTLAS2hS4GiUOFLfaBoFAIKThHK1ysfMWZGrz7w%3D%3D&ratebypass=yes", "player_url": null, "ext": "webm", "height": 144, "format_note": "144p", "container": "webm", "vcodec": "vp9", "asr": null, "filesize": 961568, "fps": 12, "tbr": 69.403, "width": 256, "acodec": "none", "downloader_options": {"http_chunk_size": 10485760}, "format": "278 - 256x144 (144p)", "protocol": "https", "http_headers": {"User-Agent": "Mozilla/5.0 (Windows NT 10.0; Win64; x64) AppleWebKit/537.36 (KHTML, like Gecko) Chrome/74.0.3726.1 Safari/537.36", "Accept-Charset": "ISO-8859-1,utf-8;q=0.7,*;q=0.7", "Accept": "text/html,application/xhtml+xml,application/xml;q=0.9,*/*;q=0.8", "Accept-Encoding": "gzip, deflate", "Accept-Language": "en-us,en;q=0.5"}}, {"format_id": "133", "url": "https://r5---sn-5njj-u2xe.googlevideo.com/videoplayback?expire=1608123750&ei=BrHZX-blIYmVgAOyvpvoAQ&ip=140.109.135.166&id=o-ADoKtcgv3FbbTENGZKhAaWJwrjdaDMEqdEEVC7jDa4nY&itag=133&aitags=133%2C134%2C135%2C136%2C137%2C160%2C242%2C243%2C244%2C247%2C248%2C278%2C394%2C395%2C396%2C397%2C398&source=youtube&requiressl=yes&mh=xO&mm=31%2C29&mn=sn-5njj-u2xe%2Csn-un57sn7z&ms=au%2Crdu&mv=m&mvi=5&pcm2cms=yes&pl=16&pcm2=yes&initcwndbps=385000&vprv=1&mime=video%2Fmp4&ns=NNPi08mPz1wJC99CcCNu_KIF&gir=yes&clen=683640&dur=199.083&lmt=1508970283258351&mt=1608101795&fvip=5&keepalive=yes&beids=9466585&c=WEB&n=S_zbzc1v_rtz59qd1&sparams=expire%2Cei%2Cip%2Cid%2Caitags%2Csource%2Crequiressl%2Cpcm2%2Cvprv%2Cmime%2Cns%2Cgir%2Cclen%2Cdur%2Clmt&sig=AOq0QJ8wRAIgF9QoAVCZP0pSvqPqSEdjNNQKAzzSWG3wGKLYM2r_q-oCIAY55GXld_xsuR7pT44m-U5B3QW1mKuKNG7PoWDZRlqM&lsparams=mh%2Cmm%2Cmn%2Cms%2Cmv%2Cmvi%2Cpcm2cms%2Cpl%2Cinitcwndbps&lsig=AG3C_xAwRQIgcYl1DH5tAKVtIZb-_v_FQO4xD36QtqQMS-cri1fKvk0CIQCOC-NuTLAS2hS4GiUOFLfaBoFAIKThHK1ysfMWZGrz7w%3D%3D&ratebypass=yes", "player_url": null, "ext": "mp4", "height": 240, "format_note": "240p", "vcodec": "avc1.4d4015", "asr": null, "filesize": 683640, "fps": 12, "tbr": 76.576, "width": 426, "acodec": "none", "downloader_options": {"http_chunk_size": 10485760}, "format": "133 - 426x240 (240p)", "protocol": "https", "http_headers": {"User-Agent": "Mozilla/5.0 (Windows NT 10.0; Win64; x64) AppleWebKit/537.36 (KHTML, like Gecko) Chrome/74.0.3726.1 Safari/537.36", "Accept-Charset": "ISO-8859-1,utf-8;q=0.7,*;q=0.7", "Accept": "text/html,application/xhtml+xml,application/xml;q=0.9,*/*;q=0.8", "Accept-Encoding": "gzip, deflate", "Accept-Language": "en-us,en;q=0.5"}}, {"format_id": "395", "url": "https://r5---sn-5njj-u2xe.googlevideo.com/videoplayback?expire=1608123750&ei=BrHZX-blIYmVgAOyvpvoAQ&ip=140.109.135.166&id=o-ADoKtcgv3FbbTENGZKhAaWJwrjdaDMEqdEEVC7jDa4nY&itag=395&aitags=133%2C134%2C135%2C136%2C137%2C160%2C242%2C243%2C244%2C247%2C248%2C278%2C394%2C395%2C396%2C397%2C398&source=youtube&requiressl=yes&mh=xO&mm=31%2C29&mn=sn-5njj-u2xe%2Csn-un57sn7z&ms=au%2Crdu&mv=m&mvi=5&pcm2cms=yes&pl=16&pcm2=yes&initcwndbps=385000&vprv=1&mime=video%2Fmp4&ns=NNPi08mPz1wJC99CcCNu_KIF&gir=yes&clen=1845725&dur=199.083&lmt=1557224025813543&mt=1608101795&fvip=5&keepalive=yes&beids=9466585&c=WEB&txp=5432432&n=S_zbzc1v_rtz59qd1&sparams=expire%2Cei%2Cip%2Cid%2Caitags%2Csource%2Crequiressl%2Cpcm2%2Cvprv%2Cmime%2Cns%2Cgir%2Cclen%2Cdur%2Clmt&sig=AOq0QJ8wRgIhAMiUxzGnQ1F4_1JnujDBuNJnCyZMnO9ED0LMljn7bkamAiEAxerShcSq-e6eLJalkwqyMPdPNxnk-U0dmTjUosvB_Yc%3D&lsparams=mh%2Cmm%2Cmn%2Cms%2Cmv%2Cmvi%2Cpcm2cms%2Cpl%2Cinitcwndbps&lsig=AG3C_xAwRQIgcYl1DH5tAKVtIZb-_v_FQO4xD36QtqQMS-cri1fKvk0CIQCOC-NuTLAS2hS4GiUOFLfaBoFAIKThHK1ysfMWZGrz7w%3D%3D&ratebypass=yes", "player_url": null, "acodec": "none", "vcodec": "av01.0.00M.08", "asr": null, "filesize": 1845725, "format_note": "240p", "fps": 12, "height": 240, "tbr": 153.115, "width": 426, "ext": "mp4", "downloader_options": {"http_chunk_size": 10485760}, "format": "395 - 426x240 (240p)", "protocol": "https", "http_headers": {"User-Agent": "Mozilla/5.0 (Windows NT 10.0; Win64; x64) AppleWebKit/537.36 (KHTML, like Gecko) Chrome/74.0.3726.1 Safari/537.36", "Accept-Charset": "ISO-8859-1,utf-8;q=0.7,*;q=0.7", "Accept": "text/html,application/xhtml+xml,application/xml;q=0.9,*/*;q=0.8", "Accept-Encoding": "gzip, deflate", "Accept-Language": "en-us,en;q=0.5"}}, {"format_id": "242", "url": "https://r5---sn-5njj-u2xe.googlevideo.com/videoplayback?expire=1608123750&ei=BrHZX-blIYmVgAOyvpvoAQ&ip=140.109.135.166&id=o-ADoKtcgv3FbbTENGZKhAaWJwrjdaDMEqdEEVC7jDa4nY&itag=242&aitags=133%2C134%2C135%2C136%2C137%2C160%2C242%2C243%2C244%2C247%2C248%2C278%2C394%2C395%2C396%2C397%2C398&source=youtube&requiressl=yes&mh=xO&mm=31%2C29&mn=sn-5njj-u2xe%2Csn-un57sn7z&ms=au%2Crdu&mv=m&mvi=5&pcm2cms=yes&pl=16&pcm2=yes&initcwndbps=385000&vprv=1&mime=video%2Fwebm&ns=NNPi08mPz1wJC99CcCNu_KIF&gir=yes&clen=2172402&dur=199.083&lmt=1541646974186984&mt=1608101795&fvip=5&keepalive=yes&beids=9466585&c=WEB&txp=5432432&n=S_zbzc1v_rtz59qd1&sparams=expire%2Cei%2Cip%2Cid%2Caitags%2Csource%2Crequiressl%2Cpcm2%2Cvprv%2Cmime%2Cns%2Cgir%2Cclen%2Cdur%2Clmt&sig=AOq0QJ8wRQIhAKouwMRe8ihkm-56MoJdpvvq0KTAM3aYo-l6PDLHao5zAiBcIbusUXG9luEQwh3UXBZWdTe1nEEl_w4wIaWHno8reQ%3D%3D&lsparams=mh%2Cmm%2Cmn%2Cms%2Cmv%2Cmvi%2Cpcm2cms%2Cpl%2Cinitcwndbps&lsig=AG3C_xAwRQIgcYl1DH5tAKVtIZb-_v_FQO4xD36QtqQMS-cri1fKvk0CIQCOC-NuTLAS2hS4GiUOFLfaBoFAIKThHK1ysfMWZGrz7w%3D%3D&ratebypass=yes", "player_url": null, "ext": "webm", "height": 240, "format_note": "240p", "vcodec": "vp9", "asr": null, "filesize": 2172402, "fps": 12, "tbr": 175.46, "width": 426, "acodec": "none", "downloader_options": {"http_chunk_size": 10485760}, "format": "242 - 426x240 (240p)", "protocol": "https", "http_headers": {"User-Agent": "Mozilla/5.0 (Windows NT 10.0; Win64; x64) AppleWebKit/537.36 (KHTML, like Gecko) Chrome/74.0.3726.1 Safari/537.36", "Accept-Charset": "ISO-8859-1,utf-8;q=0.7,*;q=0.7", "Accept": "text/html,application/xhtml+xml,application/xml;q=0.9,*/*;q=0.8", "Accept-Encoding": "gzip, deflate", "Accept-Language": "en-us,en;q=0.5"}}, {"format_id": "134", "url": "https://r5---sn-5njj-u2xe.googlevideo.com/videoplayback?expire=1608123750&ei=BrHZX-blIYmVgAOyvpvoAQ&ip=140.109.135.166&id=o-ADoKtcgv3FbbTENGZKhAaWJwrjdaDMEqdEEVC7jDa4nY&itag=134&aitags=133%2C134%2C135%2C136%2C137%2C160%2C242%2C243%2C244%2C247%2C248%2C278%2C394%2C395%2C396%2C397%2C398&source=youtube&requiressl=yes&mh=xO&mm=31%2C29&mn=sn-5njj-u2xe%2Csn-un57sn7z&ms=au%2Crdu&mv=m&mvi=5&pcm2cms=yes&pl=16&pcm2=yes&initcwndbps=385000&vprv=1&mime=video%2Fmp4&ns=NNPi08mPz1wJC99CcCNu_KIF&gir=yes&clen=1908547&dur=199.083&lmt=1508970094152671&mt=1608101795&fvip=5&keepalive=yes&beids=9466585&c=WEB&n=S_zbzc1v_rtz59qd1&sparams=expire%2Cei%2Cip%2Cid%2Caitags%2Csource%2Crequiressl%2Cpcm2%2Cvprv%2Cmime%2Cns%2Cgir%2Cclen%2Cdur%2Clmt&sig=AOq0QJ8wRQIhAIzKk33-ANl1tcw5GIe_-hTYUNrnACgYr63sltR1NgyoAiAHaHCDeG8JVvb5uvSVd1VwkpFz9bGcH_7eeT_jeBQQoA%3D%3D&lsparams=mh%2Cmm%2Cmn%2Cms%2Cmv%2Cmvi%2Cpcm2cms%2Cpl%2Cinitcwndbps&lsig=AG3C_xAwRQIgcYl1DH5tAKVtIZb-_v_FQO4xD36QtqQMS-cri1fKvk0CIQCOC-NuTLAS2hS4GiUOFLfaBoFAIKThHK1ysfMWZGrz7w%3D%3D&ratebypass=yes", "player_url": null, "ext": "mp4", "height": 360, "format_note": "360p", "vcodec": "avc1.4d4016", "asr": null, "filesize": 1908547, "fps": 12, "tbr": 222.697, "width": 640, "acodec": "none", "downloader_options": {"http_chunk_size": 10485760}, "format": "134 - 640x360 (360p)", "protocol": "https", "http_headers": {"User-Agent": "Mozilla/5.0 (Windows NT 10.0; Win64; x64) AppleWebKit/537.36 (KHTML, like Gecko) Chrome/74.0.3726.1 Safari/537.36", "Accept-Charset": "ISO-8859-1,utf-8;q=0.7,*;q=0.7", "Accept": "text/html,application/xhtml+xml,application/xml;q=0.9,*/*;q=0.8", "Accept-Encoding": "gzip, deflate", "Accept-Language": "en-us,en;q=0.5"}}, {"format_id": "396", "url": "https://r5---sn-5njj-u2xe.googlevideo.com/videoplayback?expire=1608123750&ei=BrHZX-blIYmVgAOyvpvoAQ&ip=140.109.135.166&id=o-ADoKtcgv3FbbTENGZKhAaWJwrjdaDMEqdEEVC7jDa4nY&itag=396&aitags=133%2C134%2C135%2C136%2C137%2C160%2C242%2C243%2C244%2C247%2C248%2C278%2C394%2C395%2C396%2C397%2C398&source=youtube&requiressl=yes&mh=xO&mm=31%2C29&mn=sn-5njj-u2xe%2Csn-un57sn7z&ms=au%2Crdu&mv=m&mvi=5&pcm2cms=yes&pl=16&pcm2=yes&initcwndbps=385000&vprv=1&mime=video%2Fmp4&ns=NNPi08mPz1wJC99CcCNu_KIF&gir=yes&clen=3980654&dur=199.083&lmt=1557224197274410&mt=1608101795&fvip=5&keepalive=yes&beids=9466585&c=WEB&txp=5432432&n=S_zbzc1v_rtz59qd1&sparams=expire%2Cei%2Cip%2Cid%2Caitags%2Csource%2Crequiressl%2Cpcm2%2Cvprv%2Cmime%2Cns%2Cgir%2Cclen%2Cdur%2Clmt&sig=AOq0QJ8wRgIhAMfhYH_xmUsi_WnSuDDpBiSQ5OpTHsPv7BEnuxvbYWejAiEArUA_9O9K0hjjdtIph-BJRzrXL8Ul5AaG4wMBN2AbPUU%3D&lsparams=mh%2Cmm%2Cmn%2Cms%2Cmv%2Cmvi%2Cpcm2cms%2Cpl%2Cinitcwndbps&lsig=AG3C_xAwRQIgcYl1DH5tAKVtIZb-_v_FQO4xD36QtqQMS-cri1fKvk0CIQCOC-NuTLAS2hS4GiUOFLfaBoFAIKThHK1ysfMWZGrz7w%3D%3D&ratebypass=yes", "player_url": null, "acodec": "none", "vcodec": "av01.0.01M.08", "asr": null, "filesize": 3980654, "format_note": "360p", "fps": 12, "height": 360, "tbr": 283.602, "width": 640, "ext": "mp4", "downloader_options": {"http_chunk_size": 10485760}, "format": "396 - 640x360 (360p)", "protocol": "https", "http_headers": {"User-Agent": "Mozilla/5.0 (Windows NT 10.0; Win64; x64) AppleWebKit/537.36 (KHTML, like Gecko) Chrome/74.0.3726.1 Safari/537.36", "Accept-Charset": "ISO-8859-1,utf-8;q=0.7,*;q=0.7", "Accept": "text/html,application/xhtml+xml,application/xml;q=0.9,*/*;q=0.8", "Accept-Encoding": "gzip, deflate", "Accept-Language": "en-us,en;q=0.5"}}, {"format_id": "243", "url": "https://r5---sn-5njj-u2xe.googlevideo.com/videoplayback?expire=1608123750&ei=BrHZX-blIYmVgAOyvpvoAQ&ip=140.109.135.166&id=o-ADoKtcgv3FbbTENGZKhAaWJwrjdaDMEqdEEVC7jDa4nY&itag=243&aitags=133%2C134%2C135%2C136%2C137%2C160%2C242%2C243%2C244%2C247%2C248%2C278%2C394%2C395%2C396%2C397%2C398&source=youtube&requiressl=yes&mh=xO&mm=31%2C29&mn=sn-5njj-u2xe%2Csn-un57sn7z&ms=au%2Crdu&mv=m&mvi=5&pcm2cms=yes&pl=16&pcm2=yes&initcwndbps=385000&vprv=1&mime=video%2Fwebm&ns=NNPi08mPz1wJC99CcCNu_KIF&gir=yes&clen=4140046&dur=199.083&lmt=1541646974239970&mt=1608101795&fvip=5&keepalive=yes&beids=9466585&c=WEB&txp=5432432&n=S_zbzc1v_rtz59qd1&sparams=expire%2Cei%2Cip%2Cid%2Caitags%2Csource%2Crequiressl%2Cpcm2%2Cvprv%2Cmime%2Cns%2Cgir%2Cclen%2Cdur%2Clmt&sig=AOq0QJ8wRQIgKAxWy-7Zecpz_hbklQPl71VUTktPlG1nZkKs9cEClbACIQCTkneatK3j8crPueTBffoTtdm7piZtGnz8stP-6YnXpg%3D%3D&lsparams=mh%2Cmm%2Cmn%2Cms%2Cmv%2Cmvi%2Cpcm2cms%2Cpl%2Cinitcwndbps&lsig=AG3C_xAwRQIgcYl1DH5tAKVtIZb-_v_FQO4xD36QtqQMS-cri1fKvk0CIQCOC-NuTLAS2hS4GiUOFLfaBoFAIKThHK1ysfMWZGrz7w%3D%3D&ratebypass=yes", "player_url": null, "ext": "webm", "height": 360, "format_note": "360p", "vcodec": "vp9", "asr": null, "filesize": 4140046, "fps": 12, "tbr": 333.289, "width": 640, "acodec": "none", "downloader_options": {"http_chunk_size": 10485760}, "format": "243 - 640x360 (360p)", "protocol": "https", "http_headers": {"User-Agent": "Mozilla/5.0 (Windows NT 10.0; Win64; x64) AppleWebKit/537.36 (KHTML, like Gecko) Chrome/74.0.3726.1 Safari/537.36", "Accept-Charset": "ISO-8859-1,utf-8;q=0.7,*;q=0.7", "Accept": "text/html,application/xhtml+xml,application/xml;q=0.9,*/*;q=0.8", "Accept-Encoding": "gzip, deflate", "Accept-Language": "en-us,en;q=0.5"}}, {"format_id": "135", "url": "https://r5---sn-5njj-u2xe.googlevideo.com/videoplayback?expire=1608123750&ei=BrHZX-blIYmVgAOyvpvoAQ&ip=140.109.135.166&id=o-ADoKtcgv3FbbTENGZKhAaWJwrjdaDMEqdEEVC7jDa4nY&itag=135&aitags=133%2C134%2C135%2C136%2C137%2C160%2C242%2C243%2C244%2C247%2C248%2C278%2C394%2C395%2C396%2C397%2C398&source=youtube&requiressl=yes&mh=xO&mm=31%2C29&mn=sn-5njj-u2xe%2Csn-un57sn7z&ms=au%2Crdu&mv=m&mvi=5&pcm2cms=yes&pl=16&pcm2=yes&initcwndbps=385000&vprv=1&mime=video%2Fmp4&ns=NNPi08mPz1wJC99CcCNu_KIF&gir=yes&clen=3796825&dur=199.083&lmt=1508970094350302&mt=1608101795&fvip=5&keepalive=yes&beids=9466585&c=WEB&n=S_zbzc1v_rtz59qd1&sparams=expire%2Cei%2Cip%2Cid%2Caitags%2Csource%2Crequiressl%2Cpcm2%2Cvprv%2Cmime%2Cns%2Cgir%2Cclen%2Cdur%2Clmt&sig=AOq0QJ8wRgIhAMaGzGvZJTnCksy31Ng-H4CBsIzvXf80LrrUx-t42XHqAiEAjDz_3I7TEK6ZdZ0-F5lIe09sQU9BytjlsccQ57AEaSk%3D&lsparams=mh%2Cmm%2Cmn%2Cms%2Cmv%2Cmvi%2Cpcm2cms%2Cpl%2Cinitcwndbps&lsig=AG3C_xAwRQIgcYl1DH5tAKVtIZb-_v_FQO4xD36QtqQMS-cri1fKvk0CIQCOC-NuTLAS2hS4GiUOFLfaBoFAIKThHK1ysfMWZGrz7w%3D%3D&ratebypass=yes", "player_url": null, "ext": "mp4", "height": 480, "format_note": "480p", "vcodec": "avc1.4d4016", "asr": null, "filesize": 3796825, "fps": 12, "tbr": 448.443, "width": 854, "acodec": "none", "downloader_options": {"http_chunk_size": 10485760}, "format": "135 - 854x480 (480p)", "protocol": "https", "http_headers": {"User-Agent": "Mozilla/5.0 (Windows NT 10.0; Win64; x64) AppleWebKit/537.36 (KHTML, like Gecko) Chrome/74.0.3726.1 Safari/537.36", "Accept-Charset": "ISO-8859-1,utf-8;q=0.7,*;q=0.7", "Accept": "text/html,application/xhtml+xml,application/xml;q=0.9,*/*;q=0.8", "Accept-Encoding": "gzip, deflate", "Accept-Language": "en-us,en;q=0.5"}}, {"format_id": "244", "url": "https://r5---sn-5njj-u2xe.googlevideo.com/videoplayback?expire=1608123750&ei=BrHZX-blIYmVgAOyvpvoAQ&ip=140.109.135.166&id=o-ADoKtcgv3FbbTENGZKhAaWJwrjdaDMEqdEEVC7jDa4nY&itag=244&aitags=133%2C134%2C135%2C136%2C137%2C160%2C242%2C243%2C244%2C247%2C248%2C278%2C394%2C395%2C396%2C397%2C398&source=youtube&requiressl=yes&mh=xO&mm=31%2C29&mn=sn-5njj-u2xe%2Csn-un57sn7z&ms=au%2Crdu&mv=m&mvi=5&pcm2cms=yes&pl=16&pcm2=yes&initcwndbps=385000&vprv=1&mime=video%2Fwebm&ns=NNPi08mPz1wJC99CcCNu_KIF&gir=yes&clen=5671635&dur=199.083&lmt=1541646974176741&mt=1608101795&fvip=5&keepalive=yes&beids=9466585&c=WEB&txp=5432432&n=S_zbzc1v_rtz59qd1&sparams=expire%2Cei%2Cip%2Cid%2Caitags%2Csource%2Crequiressl%2Cpcm2%2Cvprv%2Cmime%2Cns%2Cgir%2Cclen%2Cdur%2Clmt&sig=AOq0QJ8wRQIgEyQgIYu-GOJ8d8J6JiYIWlWx6Od4351dboDA650hb-sCIQD04ExEP25XF7e7gQS3kCdESOPddYuSKQCUGKJqBrAdCg%3D%3D&lsparams=mh%2Cmm%2Cmn%2Cms%2Cmv%2Cmvi%2Cpcm2cms%2Cpl%2Cinitcwndbps&lsig=AG3C_xAwRQIgcYl1DH5tAKVtIZb-_v_FQO4xD36QtqQMS-cri1fKvk0CIQCOC-NuTLAS2hS4GiUOFLfaBoFAIKThHK1ysfMWZGrz7w%3D%3D&ratebypass=yes", "player_url": null, "ext": "webm", "height": 480, "format_note": "480p", "vcodec": "vp9", "asr": null, "filesize": 5671635, "fps": 12, "tbr": 468.914, "width": 854, "acodec": "none", "downloader_options": {"http_chunk_size": 10485760}, "format": "244 - 854x480 (480p)", "protocol": "https", "http_headers": {"User-Agent": "Mozilla/5.0 (Windows NT 10.0; Win64; x64) AppleWebKit/537.36 (KHTML, like Gecko) Chrome/74.0.3726.1 Safari/537.36", "Accept-Charset": "ISO-8859-1,utf-8;q=0.7,*;q=0.7", "Accept": "text/html,application/xhtml+xml,application/xml;q=0.9,*/*;q=0.8", "Accept-Encoding": "gzip, deflate", "Accept-Language": "en-us,en;q=0.5"}}, {"format_id": "397", "url": "https://r5---sn-5njj-u2xe.googlevideo.com/videoplayback?expire=1608123750&ei=BrHZX-blIYmVgAOyvpvoAQ&ip=140.109.135.166&id=o-ADoKtcgv3FbbTENGZKhAaWJwrjdaDMEqdEEVC7jDa4nY&itag=397&aitags=133%2C134%2C135%2C136%2C137%2C160%2C242%2C243%2C244%2C247%2C248%2C278%2C394%2C395%2C396%2C397%2C398&source=youtube&requiressl=yes&mh=xO&mm=31%2C29&mn=sn-5njj-u2xe%2Csn-un57sn7z&ms=au%2Crdu&mv=m&mvi=5&pcm2cms=yes&pl=16&pcm2=yes&initcwndbps=385000&vprv=1&mime=video%2Fmp4&ns=NNPi08mPz1wJC99CcCNu_KIF&gir=yes&clen=7096672&dur=199.083&lmt=1557224376298470&mt=1608101795&fvip=5&keepalive=yes&beids=9466585&c=WEB&txp=5432432&n=S_zbzc1v_rtz59qd1&sparams=expire%2Cei%2Cip%2Cid%2Caitags%2Csource%2Crequiressl%2Cpcm2%2Cvprv%2Cmime%2Cns%2Cgir%2Cclen%2Cdur%2Clmt&sig=AOq0QJ8wRQIgfFung-dAPySBRgbV5nQeootc8dD1mzeOoTrxjqdOKc0CIQDm3CAKEQJOh2LNIyFeUXC0zog2uJfmaoPWhOjCWm3HQg%3D%3D&lsparams=mh%2Cmm%2Cmn%2Cms%2Cmv%2Cmvi%2Cpcm2cms%2Cpl%2Cinitcwndbps&lsig=AG3C_xAwRQIgcYl1DH5tAKVtIZb-_v_FQO4xD36QtqQMS-cri1fKvk0CIQCOC-NuTLAS2hS4GiUOFLfaBoFAIKThHK1ysfMWZGrz7w%3D%3D&ratebypass=yes", "player_url": null, "acodec": "none", "vcodec": "av01.0.04M.08", "asr": null, "filesize": 7096672, "format_note": "480p", "fps": 12, "height": 480, "tbr": 513.75, "width": 854, "ext": "mp4", "downloader_options": {"http_chunk_size": 10485760}, "format": "397 - 854x480 (480p)", "protocol": "https", "http_headers": {"User-Agent": "Mozilla/5.0 (Windows NT 10.0; Win64; x64) AppleWebKit/537.36 (KHTML, like Gecko) Chrome/74.0.3726.1 Safari/537.36", "Accept-Charset": "ISO-8859-1,utf-8;q=0.7,*;q=0.7", "Accept": "text/html,application/xhtml+xml,application/xml;q=0.9,*/*;q=0.8", "Accept-Encoding": "gzip, deflate", "Accept-Language": "en-us,en;q=0.5"}}, {"format_id": "398", "url": "https://r5---sn-5njj-u2xe.googlevideo.com/videoplayback?expire=1608123750&ei=BrHZX-blIYmVgAOyvpvoAQ&ip=140.109.135.166&id=o-ADoKtcgv3FbbTENGZKhAaWJwrjdaDMEqdEEVC7jDa4nY&itag=398&aitags=133%2C134%2C135%2C136%2C137%2C160%2C242%2C243%2C244%2C247%2C248%2C278%2C394%2C395%2C396%2C397%2C398&source=youtube&requiressl=yes&mh=xO&mm=31%2C29&mn=sn-5njj-u2xe%2Csn-un57sn7z&ms=au%2Crdu&mv=m&mvi=5&pcm2cms=yes&pl=16&pcm2=yes&initcwndbps=385000&vprv=1&mime=video%2Fmp4&ns=NNPi08mPz1wJC99CcCNu_KIF&gir=yes&clen=8379613&dur=199.083&lmt=1557224505920003&mt=1608101795&fvip=5&keepalive=yes&beids=9466585&c=WEB&txp=5432432&n=S_zbzc1v_rtz59qd1&sparams=expire%2Cei%2Cip%2Cid%2Caitags%2Csource%2Crequiressl%2Cpcm2%2Cvprv%2Cmime%2Cns%2Cgir%2Cclen%2Cdur%2Clmt&sig=AOq0QJ8wRQIgfauQA9W0oOUI9d10bgCCwS0Ae9lEDCnPa0_mAqY1rTwCIQC8O2jjvkzJmZSaBMqD2-NPK23IZ4iK1PXL8CCbIW4sEQ%3D%3D&lsparams=mh%2Cmm%2Cmn%2Cms%2Cmv%2Cmvi%2Cpcm2cms%2Cpl%2Cinitcwndbps&lsig=AG3C_xAwRQIgcYl1DH5tAKVtIZb-_v_FQO4xD36QtqQMS-cri1fKvk0CIQCOC-NuTLAS2hS4GiUOFLfaBoFAIKThHK1ysfMWZGrz7w%3D%3D&ratebypass=yes", "player_url": null, "asr": null, "filesize": 8379613, "format_note": "720p", "fps": 12, "height": 720, "tbr": 804.297, "width": 1280, "ext": "mp4", "vcodec": "av01.0.05M.08", "acodec": "none", "downloader_options": {"http_chunk_size": 10485760}, "format": "398 - 1280x720 (720p)", "protocol": "https", "http_headers": {"User-Agent": "Mozilla/5.0 (Windows NT 10.0; Win64; x64) AppleWebKit/537.36 (KHTML, like Gecko) Chrome/74.0.3726.1 Safari/537.36", "Accept-Charset": "ISO-8859-1,utf-8;q=0.7,*;q=0.7", "Accept": "text/html,application/xhtml+xml,application/xml;q=0.9,*/*;q=0.8", "Accept-Encoding": "gzip, deflate", "Accept-Language": "en-us,en;q=0.5"}}, {"format_id": "136", "url": "https://r5---sn-5njj-u2xe.googlevideo.com/videoplayback?expire=1608123750&ei=BrHZX-blIYmVgAOyvpvoAQ&ip=140.109.135.166&id=o-ADoKtcgv3FbbTENGZKhAaWJwrjdaDMEqdEEVC7jDa4nY&itag=136&aitags=133%2C134%2C135%2C136%2C137%2C160%2C242%2C243%2C244%2C247%2C248%2C278%2C394%2C395%2C396%2C397%2C398&source=youtube&requiressl=yes&mh=xO&mm=31%2C29&mn=sn-5njj-u2xe%2Csn-un57sn7z&ms=au%2Crdu&mv=m&mvi=5&pcm2cms=yes&pl=16&pcm2=yes&initcwndbps=385000&vprv=1&mime=video%2Fmp4&ns=NNPi08mPz1wJC99CcCNu_KIF&gir=yes&clen=7352269&dur=199.083&lmt=1508970094756353&mt=1608101795&fvip=5&keepalive=yes&beids=9466585&c=WEB&n=S_zbzc1v_rtz59qd1&sparams=expire%2Cei%2Cip%2Cid%2Caitags%2Csource%2Crequiressl%2Cpcm2%2Cvprv%2Cmime%2Cns%2Cgir%2Cclen%2Cdur%2Clmt&sig=AOq0QJ8wRQIgQGzY2g-rKFO5tlrNU_zmS4x6W34I0LiaEA9Mbuv-choCIQDJyZt2NgqP0LtpWcws1v8-gr-A44Voe0lFZxv8o0bgOQ%3D%3D&lsparams=mh%2Cmm%2Cmn%2Cms%2Cmv%2Cmvi%2Cpcm2cms%2Cpl%2Cinitcwndbps&lsig=AG3C_xAwRQIgcYl1DH5tAKVtIZb-_v_FQO4xD36QtqQMS-cri1fKvk0CIQCOC-NuTLAS2hS4GiUOFLfaBoFAIKThHK1ysfMWZGrz7w%3D%3D&ratebypass=yes", "player_url": null, "ext": "mp4", "height": 720, "format_note": "720p", "vcodec": "avc1.4d401f", "asr": null, "filesize": 7352269, "fps": 12, "tbr": 872.822, "width": 1280, "acodec": "none", "downloader_options": {"http_chunk_size": 10485760}, "format": "136 - 1280x720 (720p)", "protocol": "https", "http_headers": {"User-Agent": "Mozilla/5.0 (Windows NT 10.0; Win64; x64) AppleWebKit/537.36 (KHTML, like Gecko) Chrome/74.0.3726.1 Safari/537.36", "Accept-Charset": "ISO-8859-1,utf-8;q=0.7,*;q=0.7", "Accept": "text/html,application/xhtml+xml,application/xml;q=0.9,*/*;q=0.8", "Accept-Encoding": "gzip, deflate", "Accept-Language": "en-us,en;q=0.5"}}, {"format_id": "247", "url": "https://r5---sn-5njj-u2xe.googlevideo.com/videoplayback?expire=1608123750&ei=BrHZX-blIYmVgAOyvpvoAQ&ip=140.109.135.166&id=o-ADoKtcgv3FbbTENGZKhAaWJwrjdaDMEqdEEVC7jDa4nY&itag=247&aitags=133%2C134%2C135%2C136%2C137%2C160%2C242%2C243%2C244%2C247%2C248%2C278%2C394%2C395%2C396%2C397%2C398&source=youtube&requiressl=yes&mh=xO&mm=31%2C29&mn=sn-5njj-u2xe%2Csn-un57sn7z&ms=au%2Crdu&mv=m&mvi=5&pcm2cms=yes&pl=16&pcm2=yes&initcwndbps=385000&vprv=1&mime=video%2Fwebm&ns=NNPi08mPz1wJC99CcCNu_KIF&gir=yes&clen=15643313&dur=199.083&lmt=1541646974265115&mt=1608101795&fvip=5&keepalive=yes&beids=9466585&c=WEB&txp=5432432&n=S_zbzc1v_rtz59qd1&sparams=expire%2Cei%2Cip%2Cid%2Caitags%2Csource%2Crequiressl%2Cpcm2%2Cvprv%2Cmime%2Cns%2Cgir%2Cclen%2Cdur%2Clmt&sig=AOq0QJ8wRQIhAJNPIQqTFvQ-9C_X6hzk04h77QQGGFf24Sf5618Tr12VAiBYAghHPmmpaGZoSUbncKeLPLbrxoFWtqMGEc8RypgNjQ%3D%3D&lsparams=mh%2Cmm%2Cmn%2Cms%2Cmv%2Cmvi%2Cpcm2cms%2Cpl%2Cinitcwndbps&lsig=AG3C_xAwRQIgcYl1DH5tAKVtIZb-_v_FQO4xD36QtqQMS-cri1fKvk0CIQCOC-NuTLAS2hS4GiUOFLfaBoFAIKThHK1ysfMWZGrz7w%3D%3D&ratebypass=yes", "player_url": null, "ext": "webm", "height": 720, "format_note": "720p", "vcodec": "vp9", "asr": null, "filesize": 15643313, "fps": 12, "tbr": 963.204, "width": 1280, "acodec": "none", "downloader_options": {"http_chunk_size": 10485760}, "format": "247 - 1280x720 (720p)", "protocol": "https", "http_headers": {"User-Agent": "Mozilla/5.0 (Windows NT 10.0; Win64; x64) AppleWebKit/537.36 (KHTML, like Gecko) Chrome/74.0.3726.1 Safari/537.36", "Accept-Charset": "ISO-8859-1,utf-8;q=0.7,*;q=0.7", "Accept": "text/html,application/xhtml+xml,application/xml;q=0.9,*/*;q=0.8", "Accept-Encoding": "gzip, deflate", "Accept-Language": "en-us,en;q=0.5"}}, {"format_id": "137", "url": "https://r5---sn-5njj-u2xe.googlevideo.com/videoplayback?expire=1608123750&ei=BrHZX-blIYmVgAOyvpvoAQ&ip=140.109.135.166&id=o-ADoKtcgv3FbbTENGZKhAaWJwrjdaDMEqdEEVC7jDa4nY&itag=137&aitags=133%2C134%2C135%2C136%2C137%2C160%2C242%2C243%2C244%2C247%2C248%2C278%2C394%2C395%2C396%2C397%2C398&source=youtube&requiressl=yes&mh=xO&mm=31%2C29&mn=sn-5njj-u2xe%2Csn-un57sn7z&ms=au%2Crdu&mv=m&mvi=5&pcm2cms=yes&pl=16&pcm2=yes&initcwndbps=385000&vprv=1&mime=video%2Fmp4&ns=NNPi08mPz1wJC99CcCNu_KIF&gir=yes&clen=12197496&dur=199.083&lmt=1508970264422911&mt=1608101795&fvip=5&keepalive=yes&beids=9466585&c=WEB&n=S_zbzc1v_rtz59qd1&sparams=expire%2Cei%2Cip%2Cid%2Caitags%2Csource%2Crequiressl%2Cpcm2%2Cvprv%2Cmime%2Cns%2Cgir%2Cclen%2Cdur%2Clmt&sig=AOq0QJ8wRAIgODruD6CsDLLUbmgDrusX_xsCXRxGyYHYt6WibQ6i9kMCIAS-gLeDQI3_f84d8_PGsHrxEMRUo5gAQSeoODqolerf&lsparams=mh%2Cmm%2Cmn%2Cms%2Cmv%2Cmvi%2Cpcm2cms%2Cpl%2Cinitcwndbps&lsig=AG3C_xAwRQIgcYl1DH5tAKVtIZb-_v_FQO4xD36QtqQMS-cri1fKvk0CIQCOC-NuTLAS2hS4GiUOFLfaBoFAIKThHK1ysfMWZGrz7w%3D%3D&ratebypass=yes", "player_url": null, "ext": "mp4", "height": 1080, "format_note": "1080p", "vcodec": "avc1.640028", "asr": null, "filesize": 12197496, "fps": 12, "tbr": 1452.009, "width": 1920, "acodec": "none", "downloader_options": {"http_chunk_size": 10485760}, "format": "137 - 1920x1080 (1080p)", "protocol": "https", "http_headers": {"User-Agent": "Mozilla/5.0 (Windows NT 10.0; Win64; x64) AppleWebKit/537.36 (KHTML, like Gecko) Chrome/74.0.3726.1 Safari/537.36", "Accept-Charset": "ISO-8859-1,utf-8;q=0.7,*;q=0.7", "Accept": "text/html,application/xhtml+xml,application/xml;q=0.9,*/*;q=0.8", "Accept-Encoding": "gzip, deflate", "Accept-Language": "en-us,en;q=0.5"}}, {"format_id": "248", "url": "https://r5---sn-5njj-u2xe.googlevideo.com/videoplayback?expire=1608123750&ei=BrHZX-blIYmVgAOyvpvoAQ&ip=140.109.135.166&id=o-ADoKtcgv3FbbTENGZKhAaWJwrjdaDMEqdEEVC7jDa4nY&itag=248&aitags=133%2C134%2C135%2C136%2C137%2C160%2C242%2C243%2C244%2C247%2C248%2C278%2C394%2C395%2C396%2C397%2C398&source=youtube&requiressl=yes&mh=xO&mm=31%2C29&mn=sn-5njj-u2xe%2Csn-un57sn7z&ms=au%2Crdu&mv=m&mvi=5&pcm2cms=yes&pl=16&pcm2=yes&initcwndbps=385000&vprv=1&mime=video%2Fwebm&ns=NNPi08mPz1wJC99CcCNu_KIF&gir=yes&clen=17174042&dur=199.083&lmt=1541646818999836&mt=1608101795&fvip=5&keepalive=yes&beids=9466585&c=WEB&txp=5432432&n=S_zbzc1v_rtz59qd1&sparams=expire%2Cei%2Cip%2Cid%2Caitags%2Csource%2Crequiressl%2Cpcm2%2Cvprv%2Cmime%2Cns%2Cgir%2Cclen%2Cdur%2Clmt&sig=AOq0QJ8wRgIhAPrlEpOTwYFZn4V4dUOJjV7SmZQJQclkWQCy2l5zSqKGAiEAu0AaBTIDzSUOLPyVzqrRA-SZ9drGmPCoW4aVCLgyXt4%3D&lsparams=mh%2Cmm%2Cmn%2Cms%2Cmv%2Cmvi%2Cpcm2cms%2Cpl%2Cinitcwndbps&lsig=AG3C_xAwRQIgcYl1DH5tAKVtIZb-_v_FQO4xD36QtqQMS-cri1fKvk0CIQCOC-NuTLAS2hS4GiUOFLfaBoFAIKThHK1ysfMWZGrz7w%3D%3D&ratebypass=yes", "player_url": null, "ext": "webm", "height": 1080, "format_note": "1080p", "vcodec": "vp9", "asr": null, "filesize": 17174042, "fps": 12, "tbr": 2257.22, "width": 1920, "acodec": "none", "downloader_options": {"http_chunk_size": 10485760}, "format": "248 - 1920x1080 (1080p)", "protocol": "https", "http_headers": {"User-Agent": "Mozilla/5.0 (Windows NT 10.0; Win64; x64) AppleWebKit/537.36 (KHTML, like Gecko) Chrome/74.0.3726.1 Safari/537.36", "Accept-Charset": "ISO-8859-1,utf-8;q=0.7,*;q=0.7", "Accept": "text/html,application/xhtml+xml,application/xml;q=0.9,*/*;q=0.8", "Accept-Encoding": "gzip, deflate", "Accept-Language": "en-us,en;q=0.5"}}, {"format_id": "18", "url": "https://r5---sn-5njj-u2xe.googlevideo.com/videoplayback?expire=1608123750&ei=BrHZX-blIYmVgAOyvpvoAQ&ip=140.109.135.166&id=o-ADoKtcgv3FbbTENGZKhAaWJwrjdaDMEqdEEVC7jDa4nY&itag=18&source=youtube&requiressl=yes&mh=xO&mm=31%2C29&mn=sn-5njj-u2xe%2Csn-un57sn7z&ms=au%2Crdu&mv=m&mvi=5&pcm2cms=yes&pl=16&pcm2=yes&initcwndbps=385000&vprv=1&mime=video%2Fmp4&ns=bD37NMGsCZMo4VuX-LQ8qz4F&gir=yes&clen=6531088&ratebypass=yes&dur=199.134&lmt=1431860818621425&mt=1608101795&fvip=5&beids=9466585&c=WEB&n=ofTdNN5AP1jyilhVI&sparams=expire%2Cei%2Cip%2Cid%2Citag%2Csource%2Crequiressl%2Cpcm2%2Cvprv%2Cmime%2Cns%2Cgir%2Cclen%2Cratebypass%2Cdur%2Clmt&sig=AOq0QJ8wRQIgfBP86sdJrXvCJQJjliKssHUSwZrbu4l3Tw4IkVmNp-ACIQDP24qkTxcQuV33egcz92lBqHWrhcgAtYxJcFyAjq-DEA%3D%3D&lsparams=mh%2Cmm%2Cmn%2Cms%2Cmv%2Cmvi%2Cpcm2cms%2Cpl%2Cinitcwndbps&lsig=AG3C_xAwRQIgcYl1DH5tAKVtIZb-_v_FQO4xD36QtqQMS-cri1fKvk0CIQCOC-NuTLAS2hS4GiUOFLfaBoFAIKThHK1ysfMWZGrz7w%3D%3D", "player_url": null, "ext": "mp4", "width": 640, "height": 360, "acodec": "mp4a.40.2", "abr": 96, "vcodec": "avc1.42001E", "asr": 44100, "filesize": 6531088, "format_note": "360p", "fps": 12, "tbr": 262.446, "format": "18 - 640x360 (360p)", "protocol": "https", "http_headers": {"User-Agent": "Mozilla/5.0 (Windows NT 10.0; Win64; x64) AppleWebKit/537.36 (KHTML, like Gecko) Chrome/74.0.3726.1 Safari/537.36", "Accept-Charset": "ISO-8859-1,utf-8;q=0.7,*;q=0.7", "Accept": "text/html,application/xhtml+xml,application/xml;q=0.9,*/*;q=0.8", "Accept-Encoding": "gzip, deflate", "Accept-Language": "en-us,en;q=0.5"}}], "is_live": null, "start_time": null, "end_time": null, "series": null, "season_number": null, "episode_number": null, "track": null, "artist": null, "album": null, "release_date": null, "release_year": null, "extractor": "youtube", "webpage_url_basename": "watch", "extractor_key": "Youtube", "playlist": null, "playlist_index": null, "thumbnail": "https://i.ytimg.com/vi_webp/ZvD8QSO7NPw/maxresdefault.webp", "display_id": "ZvD8QSO7NPw", "requested_subtitles": null, "format_id": "251", "url": "https://r5---sn-5njj-u2xe.googlevideo.com/videoplayback?expire=1608123750&ei=BrHZX-blIYmVgAOyvpvoAQ&ip=140.109.135.166&id=o-ADoKtcgv3FbbTENGZKhAaWJwrjdaDMEqdEEVC7jDa4nY&itag=251&source=youtube&requiressl=yes&mh=xO&mm=31%2C29&mn=sn-5njj-u2xe%2Csn-un57sn7z&ms=au%2Crdu&mv=m&mvi=5&pcm2cms=yes&pl=16&pcm2=yes&initcwndbps=385000&vprv=1&mime=audio%2Fwebm&ns=NNPi08mPz1wJC99CcCNu_KIF&gir=yes&clen=3966660&dur=199.081&lmt=1496202006469918&mt=1608101795&fvip=5&keepalive=yes&beids=9466585&c=WEB&n=S_zbzc1v_rtz59qd1&sparams=expire%2Cei%2Cip%2Cid%2Citag%2Csource%2Crequiressl%2Cpcm2%2Cvprv%2Cmime%2Cns%2Cgir%2Cclen%2Cdur%2Clmt&sig=AOq0QJ8wRQIgY0S-LL4edxd4N_MGBRBL8oHOH3KGE-zzjb79xM4uNtcCIQDORAEupaxUrPDvK-_4FRzyQphHK2FdrU3d8tpy8OQ8Lw%3D%3D&lsparams=mh%2Cmm%2Cmn%2Cms%2Cmv%2Cmvi%2Cpcm2cms%2Cpl%2Cinitcwndbps&lsig=AG3C_xAwRQIgcYl1DH5tAKVtIZb-_v_FQO4xD36QtqQMS-cri1fKvk0CIQCOC-NuTLAS2hS4GiUOFLfaBoFAIKThHK1ysfMWZGrz7w%3D%3D&ratebypass=yes", "player_url": null, "ext": "webm", "format_note": "tiny", "acodec": "opus", "abr": 160, "asr": 48000, "filesize": 3966660, "fps": null, "height": null, "tbr": 165.463, "width": null, "vcodec": "none", "downloader_options": {"http_chunk_size": 10485760}, "format": "251 - audio only (tiny)", "protocol": "https", "http_headers": {"User-Agent": "Mozilla/5.0 (Windows NT 10.0; Win64; x64) AppleWebKit/537.36 (KHTML, like Gecko) Chrome/74.0.3726.1 Safari/537.36", "Accept-Charset": "ISO-8859-1,utf-8;q=0.7,*;q=0.7", "Accept": "text/html,application/xhtml+xml,application/xml;q=0.9,*/*;q=0.8", "Accept-Encoding": "gzip, deflate", "Accept-Language": "en-us,en;q=0.5"}}