{"id": "3As1t6JySDE", "uploader": "Blissful Radiance - Topic", "uploader_id": "UCMj8yb5pUKNCR-pmqEjURCg", "uploader_url": "http://www.youtube.com/channel/UCMj8yb5pUKNCR-pmqEjURCg", "channel_id": "UCMj8yb5pUKNCR-pmqEjURCg", "channel_url": "http://www.youtube.com/channel/UCMj8yb5pUKNCR-pmqEjURCg", "upload_date": "20200915", "license": null, "creator": "Blissful Radiance", "title": "In Between", "alt_title": "In Between", "thumbnails": [{"url": "https://i.ytimg.com/vi/3As1t6JySDE/hqdefault.jpg?sqp=-oaymwEYCKgBEF5IVfKriqkDCwgBFQAAiEIYAXAB&rs=AOn4CLCtczzVc52YtoNlLz7fHSJSlrknWQ", "width": 168, "height": 94, "resolution": "168x94", "id": "0"}, {"url": "https://i.ytimg.com/vi/3As1t6JySDE/hqdefault.jpg?sqp=-oaymwEYCMQBEG5IVfKriqkDCwgBFQAAiEIYAXAB&rs=AOn4CLCwYgVoNaMHt1r2xc6VEhHRXsLhCQ", "width": 196, "height": 110, "resolution": "196x110", "id": "1"}, {"url": "https://i.ytimg.com/vi/3As1t6JySDE/hqdefault.jpg?sqp=-oaymwEZCPYBEIoBSFXyq4qpAwsIARUAAIhCGAFwAQ==&rs=AOn4CLDwJIt46vVDctD0PDhHNT7zKQAmlQ", "width": 246, "height": 138, "resolution": "246x138", "id": "2"}, {"url": "https://i.ytimg.com/vi/3As1t6JySDE/hqdefault.jpg?sqp=-oaymwEZCNACELwBSFXyq4qpAwsIARUAAIhCGAFwAQ==&rs=AOn4CLBu9HpfQg7Dbk8ycUC5Ud9kGO_CKQ", "width": 336, "height": 188, "resolution": "336x188", "id": "3"}, {"url": "https://i.ytimg.com/vi_webp/3As1t6JySDE/maxresdefault.webp", "width": 1920, "height": 1080, "resolution": "1920x1080", "id": "4"}], "description": "Provided to YouTube by TuneCore\n\nIn Between \u00b7 Blissful Radiance\n\nMountains\n\n\u2117 2020 Dream Relaxation\n\nReleased on: 2020-09-16\n\nAuto-generated by YouTube.", "categories": ["Music"], "tags": ["Blissful Radiance", "Mountains", "In Between"], "subtitles": {}, "automatic_captions": {}, "duration": 128, "age_limit": 0, "annotations": null, "chapters": null, "webpage_url": "https://www.youtube.com/watch?v=3As1t6JySDE", "view_count": 144, "like_count": 2, "dislike_count": null, "average_rating": 5.0, "formats": [{"format_id": "249", "url": "https://r1---sn-5njj-u2xe.googlevideo.com/videoplayback?expire=1608123790&ei=LrHZX7O2JMnNgAOr8qWgDg&ip=140.109.135.166&id=o-APK2nN9WUtZnbOVmGc4MaoLvBaRrHY_0F73piRhJOcTK&itag=249&source=youtube&requiressl=yes&mh=dY&mm=31%2C29&mn=sn-5njj-u2xe%2Csn-un57en7s&ms=au%2Crdu&mv=m&mvi=1&pl=16&gcr=tw&initcwndbps=385000&vprv=1&mime=audio%2Fwebm&ns=fdwwO0YRt7Ff2PEd29ZfhDIF&gir=yes&clen=998495&dur=128.061&lmt=1600233984339087&mt=1608101795&fvip=1&keepalive=yes&c=WEB&txp=2311224&n=YPE5V3BTtUvzQqkXd&sparams=expire%2Cei%2Cip%2Cid%2Citag%2Csource%2Crequiressl%2Cgcr%2Cvprv%2Cmime%2Cns%2Cgir%2Cclen%2Cdur%2Clmt&lsparams=mh%2Cmm%2Cmn%2Cms%2Cmv%2Cmvi%2Cpl%2Cinitcwndbps&lsig=AG3C_xAwRgIhAKd_dtGjvvxfPCe6JHqBKB3qm9jKMtGIUC7V8A9f3Q08AiEAsHRpTrfh8Wx0uSDMwUWCLHnl27juuR1uErcAzidNngo%3D&sig=AOq0QJ8wRAIgbMQaB7GkkwyiSBH2qt2WZlAQi-9FZb8L_IYU1Z_jN_ICIGExd8d0Q7fsw10g4ucO7Zd7-6NAhPLQHFIUbDud07F7&ratebypass=yes", "player_url": "/s/player/62f90c99/player_ias.vflset/en_US/base.js", "ext": "webm", "format_note": "tiny", "acodec": "opus", "abr": 50, "asr": 48000, "filesize": 998495, "fps": null, "height": null, "tbr": 65.459, "width": null, "vcodec": "none", "downloader_options": {"http_chunk_size": 10485760}, "format": "249 - audio only (tiny)", "protocol": "https", "http_headers": {"User-Agent": "Mozilla/5.0 (Windows NT 10.0; Win64; x64) AppleWebKit/537.36 (KHTML, like Gecko) Chrome/70.0.3538.112 Safari/537.36", "Accept-Charset": "ISO-8859-1,utf-8;q=0.7,*;q=0.7", "Accept": "text/html,application/xhtml+xml,application/xml;q=0.9,*/*;q=0.8", "Accept-Encoding": "gzip, deflate", "Accept-Language": "en-us,en;q=0.5"}}, {"format_id": "250", "url": "https://r1---sn-5njj-u2xe.googlevideo.com/videoplayback?expire=1608123790&ei=LrHZX7O2JMnNgAOr8qWgDg&ip=140.109.135.166&id=o-APK2nN9WUtZnbOVmGc4MaoLvBaRrHY_0F73piRhJOcTK&itag=250&source=youtube&requiressl=yes&mh=dY&mm=31%2C29&mn=sn-5njj-u2xe%2Csn-un57en7s&ms=au%2Crdu&mv=m&mvi=1&pl=16&gcr=tw&initcwndbps=385000&vprv=1&mime=audio%2Fwebm&ns=fdwwO0YRt7Ff2PEd29ZfhDIF&gir=yes&clen=1331454&dur=128.061&lmt=1600233985785003&mt=1608101795&fvip=1&keepalive=yes&c=WEB&txp=2311224&n=YPE5V3BTtUvzQqkXd&sparams=expire%2Cei%2Cip%2Cid%2Citag%2Csource%2Crequiressl%2Cgcr%2Cvprv%2Cmime%2Cns%2Cgir%2Cclen%2Cdur%2Clmt&lsparams=mh%2Cmm%2Cmn%2Cms%2Cmv%2Cmvi%2Cpl%2Cinitcwndbps&lsig=AG3C_xAwRgIhAIQ-xfwYWkxIBWe5qqFyxKXXscF5MahhCov65wSOI_j2AiEAsIv2fINJwc6Rl9EjPkW7kjbFhgwEqNz7XGR_jTYhSQI%3D&sig=AOq0QJ8wRAIgDG63AV6FJQpLM-Mbix4wJL8lOhuMXSWyWYkZ8ZHMIDQCIA4jB135M6EB5fx0H6sOht8K4aUvXS-zhRvMyQLGQghu&ratebypass=yes", "player_url": "/s/player/62f90c99/player_ias.vflset/en_US/base.js", "ext": "webm", "format_note": "tiny", "acodec": "opus", "abr": 70, "asr": 48000, "filesize": 1331454, "fps": null, "height": null, "tbr": 86.776, "width": null, "vcodec": "none", "downloader_options": {"http_chunk_size": 10485760}, "format": "250 - audio only (tiny)", "protocol": "https", "http_headers": {"User-Agent": "Mozilla/5.0 (Windows NT 10.0; Win64; x64) AppleWebKit/537.36 (KHTML, like Gecko) Chrome/70.0.3538.112 Safari/537.36", "Accept-Charset": "ISO-8859-1,utf-8;q=0.7,*;q=0.7", "Accept": "text/html,application/xhtml+xml,application/xml;q=0.9,*/*;q=0.8", "Accept-Encoding": "gzip, deflate", "Accept-Language": "en-us,en;q=0.5"}}, {"format_id": "140", "url": "https://r1---sn-5njj-u2xe.googlevideo.com/videoplayback?expire=1608123790&ei=LrHZX7O2JMnNgAOr8qWgDg&ip=140.109.135.166&id=o-APK2nN9WUtZnbOVmGc4MaoLvBaRrHY_0F73piRhJOcTK&itag=140&source=youtube&requiressl=yes&mh=dY&mm=31%2C29&mn=sn-5njj-u2xe%2Csn-un57en7s&ms=au%2Crdu&mv=m&mvi=1&pl=16&gcr=tw&initcwndbps=385000&vprv=1&mime=audio%2Fmp4&ns=fdwwO0YRt7Ff2PEd29ZfhDIF&gir=yes&clen=2074992&dur=128.043&lmt=1600232628957655&mt=1608101795&fvip=1&keepalive=yes&c=WEB&txp=2311222&n=YPE5V3BTtUvzQqkXd&sparams=expire%2Cei%2Cip%2Cid%2Citag%2Csource%2Crequiressl%2Cgcr%2Cvprv%2Cmime%2Cns%2Cgir%2Cclen%2Cdur%2Clmt&lsparams=mh%2Cmm%2Cmn%2Cms%2Cmv%2Cmvi%2Cpl%2Cinitcwndbps&lsig=AG3C_xAwRAIgTcYS2c17WQ55MjM_nzK5fkKRo8WN0Cx0FRqWPVj7kO8CICEC4wiegmdLLOksB5ndBFkBGLTv-BRGzzIFBCwbW4r1&sig=AOq0QJ8wRQIgL2jppAYyMJaYKhZm0qjmrjISgzynwfw05lEHtYss1DYCIQCcHUWa5q12t1feS-NGvpMpxTRGlhS3x8fkr6gPOZQzvQ==&ratebypass=yes", "player_url": "/s/player/62f90c99/player_ias.vflset/en_US/base.js", "ext": "m4a", "format_note": "tiny", "acodec": "mp4a.40.2", "abr": 128, "container": "m4a_dash", "asr": 44100, "filesize": 2074992, "fps": null, "height": null, "tbr": 130.912, "width": null, "vcodec": "none", "downloader_options": {"http_chunk_size": 10485760}, "format": "140 - audio only (tiny)", "protocol": "https", "http_headers": {"User-Agent": "Mozilla/5.0 (Windows NT 10.0; Win64; x64) AppleWebKit/537.36 (KHTML, like Gecko) Chrome/70.0.3538.112 Safari/537.36", "Accept-Charset": "ISO-8859-1,utf-8;q=0.7,*;q=0.7", "Accept": "text/html,application/xhtml+xml,application/xml;q=0.9,*/*;q=0.8", "Accept-Encoding": "gzip, deflate", "Accept-Language": "en-us,en;q=0.5"}}, {"format_id": "251", "url": "https://r1---sn-5njj-u2xe.googlevideo.com/videoplayback?expire=1608123790&ei=LrHZX7O2JMnNgAOr8qWgDg&ip=140.109.135.166&id=o-APK2nN9WUtZnbOVmGc4MaoLvBaRrHY_0F73piRhJOcTK&itag=251&source=youtube&requiressl=yes&mh=dY&mm=31%2C29&mn=sn-5njj-u2xe%2Csn-un57en7s&ms=au%2Crdu&mv=m&mvi=1&pl=16&gcr=tw&initcwndbps=385000&vprv=1&mime=audio%2Fwebm&ns=fdwwO0YRt7Ff2PEd29ZfhDIF&gir=yes&clen=2544394&dur=128.061&lmt=1600233988494251&mt=1608101795&fvip=1&keepalive=yes&c=WEB&txp=2311224&n=YPE5V3BTtUvzQqkXd&sparams=expire%2Cei%2Cip%2Cid%2Citag%2Csource%2Crequiressl%2Cgcr%2Cvprv%2Cmime%2Cns%2Cgir%2Cclen%2Cdur%2Clmt&lsparams=mh%2Cmm%2Cmn%2Cms%2Cmv%2Cmvi%2Cpl%2Cinitcwndbps&lsig=AG3C_xAwRQIgP6L82jCJOPouxKHE145S4yGkPVEOEjoJ-g0q1KUy5EQCIQCc4HlDOkY7bPybP1aQ8CiDt2sUbcwVLPsNquUW2Fgowg%3D%3D&sig=AOq0QJ8wRgIhAOlSS516QMGry2jcZN1xwwdDlR1RhrvRk2cMuO8hOqpEAiEAuYyv2g0s7KVJqJEK6Wqp4tgHLgnsco2KGRMEoNaG16g=&ratebypass=yes", "player_url": "/s/player/62f90c99/player_ias.vflset/en_US/base.js", "ext": "webm", "format_note": "tiny", "acodec": "opus", "abr": 160, "asr": 48000, "filesize": 2544394, "fps": null, "height": null, "tbr": 163.645, "width": null, "vcodec": "none", "downloader_options": {"http_chunk_size": 10485760}, "format": "251 - audio only (tiny)", "protocol": "https", "http_headers": {"User-Agent": "Mozilla/5.0 (Windows NT 10.0; Win64; x64) AppleWebKit/537.36 (KHTML, like Gecko) Chrome/70.0.3538.112 Safari/537.36", "Accept-Charset": "ISO-8859-1,utf-8;q=0.7,*;q=0.7", "Accept": "text/html,application/xhtml+xml,application/xml;q=0.9,*/*;q=0.8", "Accept-Encoding": "gzip, deflate", "Accept-Language": "en-us,en;q=0.5"}}, {"format_id": "278", "url": "https://r1---sn-5njj-u2xe.googlevideo.com/videoplayback?expire=1608123790&ei=LrHZX7O2JMnNgAOr8qWgDg&ip=140.109.135.166&id=o-APK2nN9WUtZnbOVmGc4MaoLvBaRrHY_0F73piRhJOcTK&itag=278&aitags=133%2C134%2C135%2C136%2C137%2C160%2C242%2C243%2C244%2C247%2C248%2C278&source=youtube&requiressl=yes&mh=dY&mm=31%2C29&mn=sn-5njj-u2xe%2Csn-un57en7s&ms=au%2Crdu&mv=m&mvi=1&pl=16&gcr=tw&initcwndbps=385000&vprv=1&mime=video%2Fwebm&ns=fdwwO0YRt7Ff2PEd29ZfhDIF&gir=yes&clen=372601&dur=128.040&lmt=1600234224966297&mt=1608101795&fvip=1&keepalive=yes&c=WEB&txp=2311224&n=YPE5V3BTtUvzQqkXd&sparams=expire%2Cei%2Cip%2Cid%2Caitags%2Csource%2Crequiressl%2Cgcr%2Cvprv%2Cmime%2Cns%2Cgir%2Cclen%2Cdur%2Clmt&lsparams=mh%2Cmm%2Cmn%2Cms%2Cmv%2Cmvi%2Cpl%2Cinitcwndbps&lsig=AG3C_xAwRQIgHEpfakwkGL5CtiFRN4KVv38wBoz0KqvO_56n7Lz7B5ACIQCfO74IDwRY_6RsqUXJRrqaD_ejUi2FvMrjao2myWFEsg%3D%3D&sig=AOq0QJ8wRgIhAPHrwEQ224w23xJ8mThmLCpqRcBVQSvyrYTB0RpLK7GvAiEA8R9I0OxbKIG0BJ5e9cWeVboYNB8hLmIwS6u7smynxhk=&ratebypass=yes", "player_url": "/s/player/62f90c99/player_ias.vflset/en_US/base.js", "ext": "webm", "height": 144, "format_note": "144p", "container": "webm", "vcodec": "vp9", "asr": null, "filesize": 372601, "fps": 25, "tbr": 24.248, "width": 144, "acodec": "none", "downloader_options": {"http_chunk_size": 10485760}, "format": "278 - 144x144 (144p)", "protocol": "https", "http_headers": {"User-Agent": "Mozilla/5.0 (Windows NT 10.0; Win64; x64) AppleWebKit/537.36 (KHTML, like Gecko) Chrome/70.0.3538.112 Safari/537.36", "Accept-Charset": "ISO-8859-1,utf-8;q=0.7,*;q=0.7", "Accept": "text/html,application/xhtml+xml,application/xml;q=0.9,*/*;q=0.8", "Accept-Encoding": "gzip, deflate", "Accept-Language": "en-us,en;q=0.5"}}, {"format_id": "160", "url": "https://r1---sn-5njj-u2xe.googlevideo.com/videoplayback?expire=1608123790&ei=LrHZX7O2JMnNgAOr8qWgDg&ip=140.109.135.166&id=o-APK2nN9WUtZnbOVmGc4MaoLvBaRrHY_0F73piRhJOcTK&itag=160&aitags=133%2C134%2C135%2C136%2C137%2C160%2C242%2C243%2C244%2C247%2C248%2C278&source=youtube&requiressl=yes&mh=dY&mm=31%2C29&mn=sn-5njj-u2xe%2Csn-un57en7s&ms=au%2Crdu&mv=m&mvi=1&pl=16&gcr=tw&initcwndbps=385000&vprv=1&mime=video%2Fmp4&ns=fdwwO0YRt7Ff2PEd29ZfhDIF&gir=yes&clen=498309&dur=128.040&lmt=1600233609401146&mt=1608101795&fvip=1&keepalive=yes&c=WEB&txp=2311222&n=YPE5V3BTtUvzQqkXd&sparams=expire%2Cei%2Cip%2Cid%2Caitags%2Csource%2Crequiressl%2Cgcr%2Cvprv%2Cmime%2Cns%2Cgir%2Cclen%2Cdur%2Clmt&lsparams=mh%2Cmm%2Cmn%2Cms%2Cmv%2Cmvi%2Cpl%2Cinitcwndbps&lsig=AG3C_xAwRgIhAIvpFJ3nEJOby639085a1nQb4K2XztT1ulX-p-NNh4O3AiEA41lx_VS8sk1JkzXGYzbV4bisDdde7Vx4pijP9is4wQU%3D&sig=AOq0QJ8wRQIhANes2smvFw9Y-6b-NRn7cFrl-EPaDPCUdGz3fODznJMSAiBq4XRYpDelhEFkHGtBmlTZwSynI4LiXF8zAKzofgOZMQ==&ratebypass=yes", "player_url": "/s/player/62f90c99/player_ias.vflset/en_US/base.js", "ext": "mp4", "height": 144, "format_note": "144p", "vcodec": "avc1.4d400b", "asr": null, "filesize": 498309, "fps": 25, "tbr": 37.007, "width": 144, "acodec": "none", "downloader_options": {"http_chunk_size": 10485760}, "format": "160 - 144x144 (144p)", "protocol": "https", "http_headers": {"User-Agent": "Mozilla/5.0 (Windows NT 10.0; Win64; x64) AppleWebKit/537.36 (KHTML, like Gecko) Chrome/70.0.3538.112 Safari/537.36", "Accept-Charset": "ISO-8859-1,utf-8;q=0.7,*;q=0.7", "Accept": "text/html,application/xhtml+xml,application/xml;q=0.9,*/*;q=0.8", "Accept-Encoding": "gzip, deflate", "Accept-Language": "en-us,en;q=0.5"}}, {"format_id": "134", "url": "https://r1---sn-5njj-u2xe.googlevideo.com/videoplayback?expire=1608123790&ei=LrHZX7O2JMnNgAOr8qWgDg&ip=140.109.135.166&id=o-APK2nN9WUtZnbOVmGc4MaoLvBaRrHY_0F73piRhJOcTK&itag=134&aitags=133%2C134%2C135%2C136%2C137%2C160%2C242%2C243%2C244%2C247%2C248%2C278&source=youtube&requiressl=yes&mh=dY&mm=31%2C29&mn=sn-5njj-u2xe%2Csn-un57en7s&ms=au%2Crdu&mv=m&mvi=1&pl=16&gcr=tw&initcwndbps=385000&vprv=1&mime=video%2Fmp4&ns=fdwwO0YRt7Ff2PEd29ZfhDIF&gir=yes&clen=769983&dur=128.040&lmt=1600233609397763&mt=1608101795&fvip=1&keepalive=yes&c=WEB&txp=2311222&n=YPE5V3BTtUvzQqkXd&sparams=expire%2Cei%2Cip%2Cid%2Caitags%2Csource%2Crequiressl%2Cgcr%2Cvprv%2Cmime%2Cns%2Cgir%2Cclen%2Cdur%2Clmt&lsparams=mh%2Cmm%2Cmn%2Cms%2Cmv%2Cmvi%2Cpl%2Cinitcwndbps&lsig=AG3C_xAwRgIhAL0VN7WlPkdfJt8-zF4FmoDo_os46mVzSHSQMKYGtXcmAiEAj-6r3tvY6Zoj2PIIwgfu0mAWnqB_b6lAoztIUL_CTBw%3D&sig=AOq0QJ8wRAIgcVLUnAqse4o4q-1v0K2H_Ei6OlBOBsFfzuPimLy724YCID73pPqaS93CI-LQ51QgxAjp7CjPb9WjWCOfdSVGtMVK&ratebypass=yes", "player_url": "/s/player/62f90c99/player_ias.vflset/en_US/base.js", "ext": "mp4", "height": 360, "format_note": "360p", "vcodec": "avc1.4d4015", "asr": null, "filesize": 769983, "fps": 25, "tbr": 49.587, "width": 360, "acodec": "none", "downloader_options": {"http_chunk_size": 10485760}, "format": "134 - 360x360 (360p)", "protocol": "https", "http_headers": {"User-Agent": "Mozilla/5.0 (Windows NT 10.0; Win64; x64) AppleWebKit/537.36 (KHTML, like Gecko) Chrome/70.0.3538.112 Safari/537.36", "Accept-Charset": "ISO-8859-1,utf-8;q=0.7,*;q=0.7", "Accept": "text/html,application/xhtml+xml,application/xml;q=0.9,*/*;q=0.8", "Accept-Encoding": "gzip, deflate", "Accept-Language": "en-us,en;q=0.5"}}, {"format_id": "242", "url": "https://r1---sn-5njj-u2xe.googlevideo.com/videoplayback?expire=1608123790&ei=LrHZX7O2JMnNgAOr8qWgDg&ip=140.109.135.166&id=o-APK2nN9WUtZnbOVmGc4MaoLvBaRrHY_0F73piRhJOcTK&itag=242&aitags=133%2C134%2C135%2C136%2C137%2C160%2C242%2C243%2C244%2C247%2C248%2C278&source=youtube&requiressl=yes&mh=dY&mm=31%2C29&mn=sn-5njj-u2xe%2Csn-un57en7s&ms=au%2Crdu&mv=m&mvi=1&pl=16&gcr=tw&initcwndbps=385000&vprv=1&mime=video%2Fwebm&ns=fdwwO0YRt7Ff2PEd29ZfhDIF&gir=yes&clen=866140&dur=128.040&lmt=1600234224792970&mt=1608101795&fvip=1&keepalive=yes&c=WEB&txp=2311224&n=YPE5V3BTtUvzQqkXd&sparams=expire%2Cei%2Cip%2Cid%2Caitags%2Csource%2Crequiressl%2Cgcr%2Cvprv%2Cmime%2Cns%2Cgir%2Cclen%2Cdur%2Clmt&lsparams=mh%2Cmm%2Cmn%2Cms%2Cmv%2Cmvi%2Cpl%2Cinitcwndbps&lsig=AG3C_xAwRQIhALYY4eajpcuvIyjnQlUmIenTrycexg5UEtq2SmW8i64nAiAsQvBkM2Bw0UncnR5ZoABNK4Qfb-VQcY6qrUyQRfha1A%3D%3D&sig=AOq0QJ8wRQIgBldmdyS9VUSAmg7qHkSEMEw_DXoo4WK5QBDcJIaIxi4CIQCVXbHSgaF67hX5Nv5IMrrOwEXXdnyTesvTboOuu8oP9A==&ratebypass=yes", "player_url": "/s/player/62f90c99/player_ias.vflset/en_US/base.js", "ext": "webm", "height": 240, "format_note": "240p", "vcodec": "vp9", "asr": null, "filesize": 866140, "fps": 25, "tbr": 55.042, "width": 240, "acodec": "none", "downloader_options": {"http_chunk_size": 10485760}, "format": "242 - 240x240 (240p)", "protocol": "https", "http_headers": {"User-Agent": "Mozilla/5.0 (Windows NT 10.0; Win64; x64) AppleWebKit/537.36 (KHTML, like Gecko) Chrome/70.0.3538.112 Safari/537.36", "Accept-Charset": "ISO-8859-1,utf-8;q=0.7,*;q=0.7", "Accept": "text/html,application/xhtml+xml,application/xml;q=0.9,*/*;q=0.8", "Accept-Encoding": "gzip, deflate", "Accept-Language": "en-us,en;q=0.5"}}, {"format_id": "133", "url": "https://r1---sn-5njj-u2xe.googlevideo.com/videoplayback?expire=1608123790&ei=LrHZX7O2JMnNgAOr8qWgDg&ip=140.109.135.166&id=o-APK2nN9WUtZnbOVmGc4MaoLvBaRrHY_0F73piRhJOcTK&itag=133&aitags=133%2C134%2C135%2C136%2C137%2C160%2C242%2C243%2C244%2C247%2C248%2C278&source=youtube&requiressl=yes&mh=dY&mm=31%2C29&mn=sn-5njj-u2xe%2Csn-un57en7s&ms=au%2Crdu&mv=m&mvi=1&pl=16&gcr=tw&initcwndbps=385000&vprv=1&mime=video%2Fmp4&ns=fdwwO0YRt7Ff2PEd29ZfhDIF&gir=yes&clen=1182099&dur=128.040&lmt=1600233609400115&mt=1608101795&fvip=1&keepalive=yes&c=WEB&txp=2311222&n=YPE5V3BTtUvzQqkXd&sparams=expire%2Cei%2Cip%2Cid%2Caitags%2Csource%2Crequiressl%2Cgcr%2Cvprv%2Cmime%2Cns%2Cgir%2Cclen%2Cdur%2Clmt&lsparams=mh%2Cmm%2Cmn%2Cms%2Cmv%2Cmvi%2Cpl%2Cinitcwndbps&lsig=AG3C_xAwRQIhAMix5yBOx0EkxxjDSETOP7QqYSlxbaouYpHS6Rtxh1x9AiBZ8dBzNWBsP_VIs7qHm3U_z0amoW0CpIxxOzLB9qmpGQ%3D%3D&sig=AOq0QJ8wRgIhANoeJAirWo-vzzhFEHe1Eayx5i80fWlbeoCmouF9akDkAiEA6FYDuz8oWUJp-SLi4Y6WNpPPoAUhw814ocAzJSVhgOY=&ratebypass=yes", "player_url": "/s/player/62f90c99/player_ias.vflset/en_US/base.js", "ext": "mp4", "height": 240, "format_note": "240p", "vcodec": "avc1.4d400c", "asr": null, "filesize": 1182099, "fps": 25, "tbr": 88.039, "width": 240, "acodec": "none", "downloader_options": {"http_chunk_size": 10485760}, "format": "133 - 240x240 (240p)", "protocol": "https", "http_headers": {"User-Agent": "Mozilla/5.0 (Windows NT 10.0; Win64; x64) AppleWebKit/537.36 (KHTML, like Gecko) Chrome/70.0.3538.112 Safari/537.36", "Accept-Charset": "ISO-8859-1,utf-8;q=0.7,*;q=0.7", "Accept": "text/html,application/xhtml+xml,application/xml;q=0.9,*/*;q=0.8", "Accept-Encoding": "gzip, deflate", "Accept-Language": "en-us,en;q=0.5"}}, {"format_id": "243", "url": "https://r1---sn-5njj-u2xe.googlevideo.com/videoplayback?expire=1608123790&ei=LrHZX7O2JMnNgAOr8qWgDg&ip=140.109.135.166&id=o-APK2nN9WUtZnbOVmGc4MaoLvBaRrHY_0F73piRhJOcTK&itag=243&aitags=133%2C134%2C135%2C136%2C137%2C160%2C242%2C243%2C244%2C247%2C248%2C278&source=youtube&requiressl=yes&mh=dY&mm=31%2C29&mn=sn-5njj-u2xe%2Csn-un57en7s&ms=au%2Crdu&mv=m&mvi=1&pl=16&gcr=tw&initcwndbps=385000&vprv=1&mime=video%2Fwebm&ns=fdwwO0YRt7Ff2PEd29ZfhDIF&gir=yes&clen=1431127&dur=128.040&lmt=1600234232631030&mt=1608101795&fvip=1&keepalive=yes&c=WEB&txp=2311224&n=YPE5V3BTtUvzQqkXd&sparams=expire%2Cei%2Cip%2Cid%2Caitags%2Csource%2Crequiressl%2Cgcr%2Cvprv%2Cmime%2Cns%2Cgir%2Cclen%2Cdur%2Clmt&lsparams=mh%2Cmm%2Cmn%2Cms%2Cmv%2Cmvi%2Cpl%2Cinitcwndbps&lsig=AG3C_xAwRAIgUBN6fnau--t8hN-eGFOKMutO-jo3c-rfYdxI3axFyGkCIDPBcncf8rrfwpnL3x8HUXNI9GcOhJw0U8auvV66w5AF&sig=AOq0QJ8wRAIgMYYFPZYH9pXhCIBw8Ef123hGG1lOp_R2XEvz40fYuQoCIDoRhNTi5v6RrgEZSIzOWn-6ul_hw_loJB7R42VHdCgM&ratebypass=yes", "player_url": "/s/player/62f90c99/player_ias.vflset/en_US/base.js", "ext": "webm", "height": 360, "format_note": "360p", "vcodec": "vp9", "asr": null, "filesize": 1431127, "fps": 25, "tbr": 90.182, "width": 360, "acodec": "none", "downloader_options": {"http_chunk_size": 10485760}, "format": "243 - 360x360 (360p)", "protocol": "https", "http_headers": {"User-Agent": "Mozilla/5.0 (Windows NT 10.0; Win64; x64) AppleWebKit/537.36 (KHTML, like Gecko) Chrome/70.0.3538.112 Safari/537.36", "Accept-Charset": "ISO-8859-1,utf-8;q=0.7,*;q=0.7", "Accept": "text/html,application/xhtml+xml,application/xml;q=0.9,*/*;q=0.8", "Accept-Encoding": "gzip, deflate", "Accept-Language": "en-us,en;q=0.5"}}, {"format_id": "135", "url": "https://r1---sn-5njj-u2xe.googlevideo.com/videoplayback?expire=1608123790&ei=LrHZX7O2JMnNgAOr8qWgDg&ip=140.109.135.166&id=o-APK2nN9WUtZnbOVmGc4MaoLvBaRrHY_0F73piRhJOcTK&itag=135&aitags=133%2C134%2C135%2C136%2C137%2C160%2C242%2C243%2C244%2C247%2C248%2C278&source=youtube&requiressl=yes&mh=dY&mm=31%2C29&mn=sn-5njj-u2xe%2Csn-un57en7s&ms=au%2Crdu&mv=m&mvi=1&pl=16&gcr=tw&initcwndbps=385000&vprv=1&mime=video%2Fmp4&ns=fdwwO0YRt7Ff2PEd29ZfhDIF&gir=yes&clen=1432213&dur=128.040&lmt=1600233609400204&mt=1608101795&fvip=1&keepalive=yes&c=WEB&txp=2311222&n=YPE5V3BTtUvzQqkXd&sparams=expire%2Cei%2Cip%2Cid%2Caitags%2Csource%2Crequiressl%2Cgcr%2Cvprv%2Cmime%2Cns%2Cgir%2Cclen%2Cdur%2Clmt&lsparams=mh%2Cmm%2Cmn%2Cms%2Cmv%2Cmvi%2Cpl%2Cinitcwndbps&lsig=AG3C_xAwRAIgUneFotHx721eGDJY10pgd9pC89HtB_dMAVqdxOT_0owCIFMdSNC70Yo-Rp6yKb2TClDd1Su1KNmpFOWKza7uMrTO&sig=AOq0QJ8wRgIhAIWie_L0cMDiaEaVgZEY57e1kE5o4gEtAceoyM38_GJ0AiEA3dzNTZC2-JTStL6y6-xByf-PlGIIYa7MPaiFpQPiMkk=&ratebypass=yes", "player_url": "/s/player/62f90c99/player_ias.vflset/en_US/base.js", "ext": "mp4", "height": 480, "format_note": "480p", "vcodec": "avc1.4d401e", "asr": null, "filesize": 1432213, "fps": 25, "tbr": 91.317, "width": 480, "acodec": "none", "downloader_options": {"http_chunk_size": 10485760}, "format": "135 - 480x480 (480p)", "protocol": "https", "http_headers": {"User-Agent": "Mozilla/5.0 (Windows NT 10.0; Win64; x64) AppleWebKit/537.36 (KHTML, like Gecko) Chrome/70.0.3538.112 Safari/537.36", "Accept-Charset": "ISO-8859-1,utf-8;q=0.7,*;q=0.7", "Accept": "text/html,application/xhtml+xml,application/xml;q=0.9,*/*;q=0.8", "Accept-Encoding": "gzip, deflate", "Accept-Language": "en-us,en;q=0.5"}}, {"format_id": "244", "url": "https://r1---sn-5njj-u2xe.googlevideo.com/videoplayback?expire=1608123790&ei=LrHZX7O2JMnNgAOr8qWgDg&ip=140.109.135.166&id=o-APK2nN9WUtZnbOVmGc4MaoLvBaRrHY_0F73piRhJOcTK&itag=244&aitags=133%2C134%2C135%2C136%2C137%2C160%2C242%2C243%2C244%2C247%2C248%2C278&source=youtube&requiressl=yes&mh=dY&mm=31%2C29&mn=sn-5njj-u2xe%2Csn-un57en7s&ms=au%2Crdu&mv=m&mvi=1&pl=16&gcr=tw&initcwndbps=385000&vprv=1&mime=video%2Fwebm&ns=fdwwO0YRt7Ff2PEd29ZfhDIF&gir=yes&clen=2472983&dur=128.040&lmt=1600234230454527&mt=1608101795&fvip=1&keepalive=yes&c=WEB&txp=2311224&n=YPE5V3BTtUvzQqkXd&sparams=expire%2Cei%2Cip%2Cid%2Caitags%2Csource%2Crequiressl%2Cgcr%2Cvprv%2Cmime%2Cns%2Cgir%2Cclen%2Cdur%2Clmt&lsparams=mh%2Cmm%2Cmn%2Cms%2Cmv%2Cmvi%2Cpl%2Cinitcwndbps&lsig=AG3C_xAwRAIgNYQeNiOZer3paL0F1EOwxNNFwdWSPjixke9uQMB9yXkCIDnprVOUTo9vMngiL_z-4bOmVFm43duylX6oazl5AkOQ&sig=AOq0QJ8wRQIhAMeqcYu8seHmU5dbKQ7B0cchwR1Mco4pfhtJmCmYMXZ5AiBsCAk4Y5-TRk6glKOMwlmTnKpuAQhw5N3oWEMyRspz6Q==&ratebypass=yes", "player_url": "/s/player/62f90c99/player_ias.vflset/en_US/base.js", "ext": "webm", "height": 480, "format_note": "480p", "vcodec": "vp9", "asr": null, "filesize": 2472983, "fps": 25, "tbr": 155.043, "width": 480, "acodec": "none", "downloader_options": {"http_chunk_size": 10485760}, "format": "244 - 480x480 (480p)", "protocol": "https", "http_headers": {"User-Agent": "Mozilla/5.0 (Windows NT 10.0; Win64; x64) AppleWebKit/537.36 (KHTML, like Gecko) Chrome/70.0.3538.112 Safari/537.36", "Accept-Charset": "ISO-8859-1,utf-8;q=0.7,*;q=0.7", "Accept": "text/html,application/xhtml+xml,application/xml;q=0.9,*/*;q=0.8", "Accept-Encoding": "gzip, deflate", "Accept-Language": "en-us,en;q=0.5"}}, {"format_id": "136", "url": "https://r1---sn-5njj-u2xe.googlevideo.com/videoplayback?expire=1608123790&ei=LrHZX7O2JMnNgAOr8qWgDg&ip=140.109.135.166&id=o-APK2nN9WUtZnbOVmGc4MaoLvBaRrHY_0F73piRhJOcTK&itag=136&aitags=133%2C134%2C135%2C136%2C137%2C160%2C242%2C243%2C244%2C247%2C248%2C278&source=youtube&requiressl=yes&mh=dY&mm=31%2C29&mn=sn-5njj-u2xe%2Csn-un57en7s&ms=au%2Crdu&mv=m&mvi=1&pl=16&gcr=tw&initcwndbps=385000&vprv=1&mime=video%2Fmp4&ns=fdwwO0YRt7Ff2PEd29ZfhDIF&gir=yes&clen=2901451&dur=128.040&lmt=1600233609397219&mt=1608101795&fvip=1&keepalive=yes&c=WEB&txp=2311222&n=YPE5V3BTtUvzQqkXd&sparams=expire%2Cei%2Cip%2Cid%2Caitags%2Csource%2Crequiressl%2Cgcr%2Cvprv%2Cmime%2Cns%2Cgir%2Cclen%2Cdur%2Clmt&lsparams=mh%2Cmm%2Cmn%2Cms%2Cmv%2Cmvi%2Cpl%2Cinitcwndbps&lsig=AG3C_xAwRAIgN4K4KKPnI6arMle8scXurY5SlsDVWmYHexqxOAcpTyICIGBovayLbrbp3KxFh0Z2ENI4ejtEIxqMPdOHDDrE5VZo&sig=AOq0QJ8wRQIgDpyLvrHnKVODR4LtoZ6QygghrAFBBujfJIn1u1jx2dwCIQDDPxOjinRsptgxYJVS6bXaK1-9lDamWRc_01ScCPC7zQ==&ratebypass=yes", "player_url": "/s/player/62f90c99/player_ias.vflset/en_US/base.js", "ext": "mp4", "height": 720, "format_note": "720p", "vcodec": "avc1.4d401f", "asr": null, "filesize": 2901451, "fps": 25, "tbr": 181.904, "width": 720, "acodec": "none", "downloader_options": {"http_chunk_size": 10485760}, "format": "136 - 720x720 (720p)", "protocol": "https", "http_headers": {"User-Agent": "Mozilla/5.0 (Windows NT 10.0; Win64; x64) AppleWebKit/537.36 (KHTML, like Gecko) Chrome/70.0.3538.112 Safari/537.36", "Accept-Charset": "ISO-8859-1,utf-8;q=0.7,*;q=0.7", "Accept": "text/html,application/xhtml+xml,application/xml;q=0.9,*/*;q=0.8", "Accept-Encoding": "gzip, deflate", "Accept-Language": "en-us,en;q=0.5"}}, {"format_id": "137", "url": "https://r1---sn-5njj-u2xe.googlevideo.com/videoplayback?expire=1608123790&ei=LrHZX7O2JMnNgAOr8qWgDg&ip=140.109.135.166&id=o-APK2nN9WUtZnbOVmGc4MaoLvBaRrHY_0F73piRhJOcTK&itag=137&aitags=133%2C134%2C135%2C136%2C137%2C160%2C242%2C243%2C244%2C247%2C248%2C278&source=youtube&requiressl=yes&mh=dY&mm=31%2C29&mn=sn-5njj-u2xe%2Csn-un57en7s&ms=au%2Crdu&mv=m&mvi=1&pl=16&gcr=tw&initcwndbps=385000&vprv=1&mime=video%2Fmp4&ns=fdwwO0YRt7Ff2PEd29ZfhDIF&gir=yes&clen=5595163&dur=128.040&lmt=1600233609398306&mt=1608101795&fvip=1&keepalive=yes&c=WEB&txp=2311222&n=YPE5V3BTtUvzQqkXd&sparams=expire%2Cei%2Cip%2Cid%2Caitags%2Csource%2Crequiressl%2Cgcr%2Cvprv%2Cmime%2Cns%2Cgir%2Cclen%2Cdur%2Clmt&lsparams=mh%2Cmm%2Cmn%2Cms%2Cmv%2Cmvi%2Cpl%2Cinitcwndbps&lsig=AG3C_xAwRAIgXexdXlZL-pyeXojfKGCrzsWejVTAKLk3OK6VJ9C-RcgCIElEKW-SBDrJcQ3ZztbDgw3hndjjYL3AnY9CgQ_oEtZd&sig=AOq0QJ8wRAIgBfNrknMFdcrX5jQiH64k3MnIZk1703EOyMHPR0bSrPkCIC_lc6KrS9ssicfih6ixtuyNuq96dUsj2aBpmaqtjHO1&ratebypass=yes", "player_url": "/s/player/62f90c99/player_ias.vflset/en_US/base.js", "ext": "mp4", "height": 1080, "format_note": "1080p", "vcodec": "avc1.640020", "asr": null, "filesize": 5595163, "fps": 25, "tbr": 355.385, "width": 1080, "acodec": "none", "downloader_options": {"http_chunk_size": 10485760}, "format": "137 - 1080x1080 (1080p)", "protocol": "https", "http_headers": {"User-Agent": "Mozilla/5.0 (Windows NT 10.0; Win64; x64) AppleWebKit/537.36 (KHTML, like Gecko) Chrome/70.0.3538.112 Safari/537.36", "Accept-Charset": "ISO-8859-1,utf-8;q=0.7,*;q=0.7", "Accept": "text/html,application/xhtml+xml,application/xml;q=0.9,*/*;q=0.8", "Accept-Encoding": "gzip, deflate", "Accept-Language": "en-us,en;q=0.5"}}, {"format_id": "247", "url": "https://r1---sn-5njj-u2xe.googlevideo.com/videoplayback?expire=1608123790&ei=LrHZX7O2JMnNgAOr8qWgDg&ip=140.109.135.166&id=o-APK2nN9WUtZnbOVmGc4MaoLvBaRrHY_0F73piRhJOcTK&itag=247&aitags=133%2C134%2C135%2C136%2C137%2C160%2C242%2C243%2C244%2C247%2C248%2C278&source=youtube&requiressl=yes&mh=dY&mm=31%2C29&mn=sn-5njj-u2xe%2Csn-un57en7s&ms=au%2Crdu&mv=m&mvi=1&pl=16&gcr=tw&initcwndbps=385000&vprv=1&mime=video%2Fwebm&ns=fdwwO0YRt7Ff2PEd29ZfhDIF&gir=yes&clen=6104149&dur=128.040&lmt=1600234233615400&mt=1608101795&fvip=1&keepalive=yes&c=WEB&txp=2311224&n=YPE5V3BTtUvzQqkXd&sparams=expire%2Cei%2Cip%2Cid%2Caitags%2Csource%2Crequiressl%2Cgcr%2Cvprv%2Cmime%2Cns%2Cgir%2Cclen%2Cdur%2Clmt&lsparams=mh%2Cmm%2Cmn%2Cms%2Cmv%2Cmvi%2Cpl%2Cinitcwndbps&lsig=AG3C_xAwRAIgYsErXryYKssQogXaP4EspqAKSKSLZZ0vGWiTZR-SrPYCIEz_eNNmUXhXWlqReVv4xxmQW_Mjm1XzgdeaHGX95BEh&sig=AOq0QJ8wRQIhAPwMFDGdd404qcIX-_lJpLQGFBWJKLZIVVVW1fxVmlTMAiAdJeyBeu6tkjYm9P2hxF4oB3hpoYvCmUbFFl50JHMc9A==&ratebypass=yes", "player_url": "/s/player/62f90c99/player_ias.vflset/en_US/base.js", "ext": "webm", "height": 720, "format_note": "720p", "vcodec": "vp9", "asr": null, "filesize": 6104149, "fps": 25, "tbr": 381.512, "width": 720, "acodec": "none", "downloader_options": {"http_chunk_size": 10485760}, "format": "247 - 720x720 (720p)", "protocol": "https", "http_headers": {"User-Agent": "Mozilla/5.0 (Windows NT 10.0; Win64; x64) AppleWebKit/537.36 (KHTML, like Gecko) Chrome/70.0.3538.112 Safari/537.36", "Accept-Charset": "ISO-8859-1,utf-8;q=0.7,*;q=0.7", "Accept": "text/html,application/xhtml+xml,application/xml;q=0.9,*/*;q=0.8", "Accept-Encoding": "gzip, deflate", "Accept-Language": "en-us,en;q=0.5"}}, {"format_id": "248", "url": "https://r1---sn-5njj-u2xe.googlevideo.com/videoplayback?expire=1608123790&ei=LrHZX7O2JMnNgAOr8qWgDg&ip=140.109.135.166&id=o-APK2nN9WUtZnbOVmGc4MaoLvBaRrHY_0F73piRhJOcTK&itag=248&aitags=133%2C134%2C135%2C136%2C137%2C160%2C242%2C243%2C244%2C247%2C248%2C278&source=youtube&requiressl=yes&mh=dY&mm=31%2C29&mn=sn-5njj-u2xe%2Csn-un57en7s&ms=au%2Crdu&mv=m&mvi=1&pl=16&gcr=tw&initcwndbps=385000&vprv=1&mime=video%2Fwebm&ns=fdwwO0YRt7Ff2PEd29ZfhDIF&gir=yes&clen=9769523&dur=128.040&lmt=1600234225255580&mt=1608101795&fvip=1&keepalive=yes&c=WEB&txp=2311224&n=YPE5V3BTtUvzQqkXd&sparams=expire%2Cei%2Cip%2Cid%2Caitags%2Csource%2Crequiressl%2Cgcr%2Cvprv%2Cmime%2Cns%2Cgir%2Cclen%2Cdur%2Clmt&lsparams=mh%2Cmm%2Cmn%2Cms%2Cmv%2Cmvi%2Cpl%2Cinitcwndbps&lsig=AG3C_xAwRgIhAJg47nLRGdhcHAZCKfzjCBtTvydE8gdJoOCyNvPwXd2WAiEA_aRFUebW-383WJ22LMNNexBTL-LFyH3N22dl71A20xw%3D&sig=AOq0QJ8wRAIgOPkR1dgCMgG9RZFgLBO2hYS7XgIKtJ7d6fnyD7jgmGwCIGnV7ICyVuAMicVcXqdmb6Fx564QVrokL2qlIdpr1HV4&ratebypass=yes", "player_url": "/s/player/62f90c99/player_ias.vflset/en_US/base.js", "ext": "webm", "height": 1080, "format_note": "1080p", "vcodec": "vp9", "asr": null, "filesize": 9769523, "fps": 25, "tbr": 611.604, "width": 1080, "acodec": "none", "downloader_options": {"http_chunk_size": 10485760}, "format": "248 - 1080x1080 (1080p)", "protocol": "https", "http_headers": {"User-Agent": "Mozilla/5.0 (Windows NT 10.0; Win64; x64) AppleWebKit/537.36 (KHTML, like Gecko) Chrome/70.0.3538.112 Safari/537.36", "Accept-Charset": "ISO-8859-1,utf-8;q=0.7,*;q=0.7", "Accept": "text/html,application/xhtml+xml,application/xml;q=0.9,*/*;q=0.8", "Accept-Encoding": "gzip, deflate", "Accept-Language": "en-us,en;q=0.5"}}, {"format_id": "18", "url": "https://r1---sn-5njj-u2xe.googlevideo.com/videoplayback?expire=1608123790&ei=LrHZX7O2JMnNgAOr8qWgDg&ip=140.109.135.166&id=o-APK2nN9WUtZnbOVmGc4MaoLvBaRrHY_0F73piRhJOcTK&itag=18&source=youtube&requiressl=yes&mh=dY&mm=31%2C29&mn=sn-5njj-u2xe%2Csn-un57en7s&ms=au%2Crdu&mv=m&mvi=1&pl=16&gcr=tw&initcwndbps=385000&vprv=1&mime=video%2Fmp4&ns=xa73rHqdszg02EK7eEeBZJgF&gir=yes&clen=2434221&ratebypass=yes&dur=128.081&lmt=1600232946596748&mt=1608101795&fvip=1&c=WEB&txp=2310222&n=lJADYFEZ8K8oOn5no&sparams=expire%2Cei%2Cip%2Cid%2Citag%2Csource%2Crequiressl%2Cgcr%2Cvprv%2Cmime%2Cns%2Cgir%2Cclen%2Cratebypass%2Cdur%2Clmt&lsparams=mh%2Cmm%2Cmn%2Cms%2Cmv%2Cmvi%2Cpl%2Cinitcwndbps&lsig=AG3C_xAwRgIhAMXrzjb5QgbKUbNuevyA8ZYPi72JSaQqQCcrkVC5wRe7AiEA58an5IQX1JXVS_CA-YnL9_mVT67WIVs23OUUgwL7LbU%3D&sig=AOq0QJ8wRAIgK43HpVzaJ-wpqEDnr5i9mTDGIarSLG2n-RTqjmH_PdECIEkNjNj7dgQyZ6J0IIpz50GEctfDIJX-NNyA3nx3CNNo", "player_url": "/s/player/62f90c99/player_ias.vflset/en_US/base.js", "ext": "mp4", "width": 360, "height": 360, "acodec": "mp4a.40.2", "abr": 96, "vcodec": "avc1.42001E", "asr": 44100, "filesize": 2434221, "format_note": "360p", "fps": 25, "tbr": 152.091, "format": "18 - 360x360 (360p)", "protocol": "https", "http_headers": {"User-Agent": "Mozilla/5.0 (Windows NT 10.0; Win64; x64) AppleWebKit/537.36 (KHTML, like Gecko) Chrome/70.0.3538.112 Safari/537.36", "Accept-Charset": "ISO-8859-1,utf-8;q=0.7,*;q=0.7", "Accept": "text/html,application/xhtml+xml,application/xml;q=0.9,*/*;q=0.8", "Accept-Encoding": "gzip, deflate", "Accept-Language": "en-us,en;q=0.5"}}], "is_live": null, "start_time": null, "end_time": null, "series": null, "season_number": null, "episode_number": null, "track": "In Between", "artist": "Blissful Radiance", "album": "Mountains", "release_date": "20200916", "release_year": 2020, "extractor": "youtube", "webpage_url_basename": "watch", "extractor_key": "Youtube", "playlist": null, "playlist_index": null, "thumbnail": "https://i.ytimg.com/vi_webp/3As1t6JySDE/maxresdefault.webp", "display_id": "3As1t6JySDE", "requested_subtitles": null, "format_id": "251", "url": "https://r1---sn-5njj-u2xe.googlevideo.com/videoplayback?expire=1608123790&ei=LrHZX7O2JMnNgAOr8qWgDg&ip=140.109.135.166&id=o-APK2nN9WUtZnbOVmGc4MaoLvBaRrHY_0F73piRhJOcTK&itag=251&source=youtube&requiressl=yes&mh=dY&mm=31%2C29&mn=sn-5njj-u2xe%2Csn-un57en7s&ms=au%2Crdu&mv=m&mvi=1&pl=16&gcr=tw&initcwndbps=385000&vprv=1&mime=audio%2Fwebm&ns=fdwwO0YRt7Ff2PEd29ZfhDIF&gir=yes&clen=2544394&dur=128.061&lmt=1600233988494251&mt=1608101795&fvip=1&keepalive=yes&c=WEB&txp=2311224&n=YPE5V3BTtUvzQqkXd&sparams=expire%2Cei%2Cip%2Cid%2Citag%2Csource%2Crequiressl%2Cgcr%2Cvprv%2Cmime%2Cns%2Cgir%2Cclen%2Cdur%2Clmt&lsparams=mh%2Cmm%2Cmn%2Cms%2Cmv%2Cmvi%2Cpl%2Cinitcwndbps&lsig=AG3C_xAwRQIgP6L82jCJOPouxKHE145S4yGkPVEOEjoJ-g0q1KUy5EQCIQCc4HlDOkY7bPybP1aQ8CiDt2sUbcwVLPsNquUW2Fgowg%3D%3D&sig=AOq0QJ8wRgIhAOlSS516QMGry2jcZN1xwwdDlR1RhrvRk2cMuO8hOqpEAiEAuYyv2g0s7KVJqJEK6Wqp4tgHLgnsco2KGRMEoNaG16g=&ratebypass=yes", "player_url": "/s/player/62f90c99/player_ias.vflset/en_US/base.js", "ext": "webm", "format_note": "tiny", "acodec": "opus", "abr": 160, "asr": 48000, "filesize": 2544394, "fps": null, "height": null, "tbr": 163.645, "width": null, "vcodec": "none", "downloader_options": {"http_chunk_size": 10485760}, "format": "251 - audio only (tiny)", "protocol": "https", "http_headers": {"User-Agent": "Mozilla/5.0 (Windows NT 10.0; Win64; x64) AppleWebKit/537.36 (KHTML, like Gecko) Chrome/70.0.3538.112 Safari/537.36", "Accept-Charset": "ISO-8859-1,utf-8;q=0.7,*;q=0.7", "Accept": "text/html,application/xhtml+xml,application/xml;q=0.9,*/*;q=0.8", "Accept-Encoding": "gzip, deflate", "Accept-Language": "en-us,en;q=0.5"}}