{"id": "ADJ_PDauy-g", "uploader": "Minette Martin - Topic", "uploader_id": "UCLCkhMmUYIJaXBbIToU1lzQ", "uploader_url": "http://www.youtube.com/channel/UCLCkhMmUYIJaXBbIToU1lzQ", "channel_id": "UCLCkhMmUYIJaXBbIToU1lzQ", "channel_url": "http://www.youtube.com/channel/UCLCkhMmUYIJaXBbIToU1lzQ", "upload_date": "20201210", "license": null, "creator": "Minette Martin", "title": "Remembering", "alt_title": "Remembering", "thumbnails": [{"url": "https://i.ytimg.com/vi/ADJ_PDauy-g/hqdefault.jpg?sqp=-oaymwEYCKgBEF5IVfKriqkDCwgBFQAAiEIYAXAB&rs=AOn4CLCUwCwGlfrNETkFb4q_v9aqctxS7g", "width": 168, "height": 94, "resolution": "168x94", "id": "0"}, {"url": "https://i.ytimg.com/vi/ADJ_PDauy-g/hqdefault.jpg?sqp=-oaymwEYCMQBEG5IVfKriqkDCwgBFQAAiEIYAXAB&rs=AOn4CLC1vn5r3Ntij75dUxmWrTLt2x2yEQ", "width": 196, "height": 110, "resolution": "196x110", "id": "1"}, {"url": "https://i.ytimg.com/vi/ADJ_PDauy-g/hqdefault.jpg?sqp=-oaymwEZCPYBEIoBSFXyq4qpAwsIARUAAIhCGAFwAQ==&rs=AOn4CLCDR8fD3hkoh3IzrW851bXR6RjRGg", "width": 246, "height": 138, "resolution": "246x138", "id": "2"}, {"url": "https://i.ytimg.com/vi/ADJ_PDauy-g/hqdefault.jpg?sqp=-oaymwEZCNACELwBSFXyq4qpAwsIARUAAIhCGAFwAQ==&rs=AOn4CLA4qEZZxZuCzlcN-RPuxOAvb8asAQ", "width": 336, "height": 188, "resolution": "336x188", "id": "3"}, {"url": "https://i.ytimg.com/vi_webp/ADJ_PDauy-g/maxresdefault.webp", "width": 1920, "height": 1080, "resolution": "1920x1080", "id": "4"}], "description": "Provided to YouTube by IIP-DDS\n\nRemembering \u00b7 Minette Martin\n\nRemembering\n\n\u2117 @Copyright Queenstreet\n\nReleased on: 2020-11-20\n\nMusic  Publisher: QL Publishing\nComposer: Minette Martin\n\nAuto-generated by YouTube.", "categories": ["Music"], "tags": ["Minette Martin", "Remembering"], "subtitles": {}, "automatic_captions": {}, "duration": 139, "age_limit": 0, "annotations": null, "chapters": null, "webpage_url": "https://www.youtube.com/watch?v=ADJ_PDauy-g", "view_count": 269, "like_count": 12, "dislike_count": 2, "average_rating": 4.6923075, "formats": [{"format_id": "249", "url": "https://r3---sn-5njj-u2xl.googlevideo.com/videoplayback?expire=1609159330&ei=Qn7pX4_FA43erQSOwpSYBA&ip=140.109.135.166&id=o-AIoL4X1lzaEDVX5yzLhwKVnFatSbA9U9YxW3xs9oPb3_&itag=249&source=youtube&requiressl=yes&mh=84&mm=31%2C29&mn=sn-5njj-u2xl%2Csn-un57en7e&ms=au%2Crdu&mv=m&mvi=3&pl=16&gcr=tw&initcwndbps=375000&vprv=1&mime=audio%2Fwebm&ns=d52U51Dilck5RSa0fZ20WcEF&gir=yes&clen=1009887&dur=138.821&lmt=1607597148904653&mt=1609137405&fvip=3&keepalive=yes&c=WEB&txp=2311222&n=rb58EIzAAdXWbHR9&sparams=expire%2Cei%2Cip%2Cid%2Citag%2Csource%2Crequiressl%2Cgcr%2Cvprv%2Cmime%2Cns%2Cgir%2Cclen%2Cdur%2Clmt&lsparams=mh%2Cmm%2Cmn%2Cms%2Cmv%2Cmvi%2Cpl%2Cinitcwndbps&lsig=AG3C_xAwRAIgIsfi97jABWcz9mHphB-96WRo5Tc1NqKFDdgPqpPreU8CIGKXOAk33n98EPF43bDEVuXQYRE3VcGbIRC4_UZOzcgX&sig=AOq0QJ8wRQIgUF8N5C25vEvPDK-_OGC-hO6fx2rQR0elUgS51n1N24ACIQDQRK6LWAzWhY7GQMteGuDQAtTMiXIZRYkuFFsoEMD4KQ==&ratebypass=yes", "player_url": "/s/player/5dd3f3b2/player_ias.vflset/en_US/base.js", "ext": "webm", "format_note": "tiny", "acodec": "opus", "abr": 50, "asr": 48000, "filesize": 1009887, "fps": null, "height": null, "tbr": 65.992, "width": null, "vcodec": "none", "downloader_options": {"http_chunk_size": 10485760}, "format": "249 - audio only (tiny)", "protocol": "https", "http_headers": {"User-Agent": "Mozilla/5.0 (Windows NT 10.0; Win64; x64) AppleWebKit/537.36 (KHTML, like Gecko) Chrome/70.0.3538.61 Safari/537.36", "Accept-Charset": "ISO-8859-1,utf-8;q=0.7,*;q=0.7", "Accept": "text/html,application/xhtml+xml,application/xml;q=0.9,*/*;q=0.8", "Accept-Encoding": "gzip, deflate", "Accept-Language": "en-us,en;q=0.5"}}, {"format_id": "250", "url": "https://r3---sn-5njj-u2xl.googlevideo.com/videoplayback?expire=1609159330&ei=Qn7pX4_FA43erQSOwpSYBA&ip=140.109.135.166&id=o-AIoL4X1lzaEDVX5yzLhwKVnFatSbA9U9YxW3xs9oPb3_&itag=250&source=youtube&requiressl=yes&mh=84&mm=31%2C29&mn=sn-5njj-u2xl%2Csn-un57en7e&ms=au%2Crdu&mv=m&mvi=3&pl=16&gcr=tw&initcwndbps=375000&vprv=1&mime=audio%2Fwebm&ns=d52U51Dilck5RSa0fZ20WcEF&gir=yes&clen=1300914&dur=138.821&lmt=1607597149383943&mt=1609137405&fvip=3&keepalive=yes&c=WEB&txp=2311222&n=rb58EIzAAdXWbHR9&sparams=expire%2Cei%2Cip%2Cid%2Citag%2Csource%2Crequiressl%2Cgcr%2Cvprv%2Cmime%2Cns%2Cgir%2Cclen%2Cdur%2Clmt&lsparams=mh%2Cmm%2Cmn%2Cms%2Cmv%2Cmvi%2Cpl%2Cinitcwndbps&lsig=AG3C_xAwRAIgIp3m5XMvVCNoK3I3Cf-E-40qXLxDWEvNaEIVsxaDStICIC5zF58wKYr3gnLCRT6UXWMEfWwx7ipmp7xyKkIkZ59J&sig=AOq0QJ8wRQIhAI4Oj-VEyLp7is9MRR4mS84oyUz1kLfMgGjGUhpU34jtAiA0vzVPptDmuZxCKEENgEVr3ODV-Z-_V176JhOqxEl3bQ==&ratebypass=yes", "player_url": "/s/player/5dd3f3b2/player_ias.vflset/en_US/base.js", "ext": "webm", "format_note": "tiny", "acodec": "opus", "abr": 70, "asr": 48000, "filesize": 1300914, "fps": null, "height": null, "tbr": 83.98, "width": null, "vcodec": "none", "downloader_options": {"http_chunk_size": 10485760}, "format": "250 - audio only (tiny)", "protocol": "https", "http_headers": {"User-Agent": "Mozilla/5.0 (Windows NT 10.0; Win64; x64) AppleWebKit/537.36 (KHTML, like Gecko) Chrome/70.0.3538.61 Safari/537.36", "Accept-Charset": "ISO-8859-1,utf-8;q=0.7,*;q=0.7", "Accept": "text/html,application/xhtml+xml,application/xml;q=0.9,*/*;q=0.8", "Accept-Encoding": "gzip, deflate", "Accept-Language": "en-us,en;q=0.5"}}, {"format_id": "140", "url": "https://r3---sn-5njj-u2xl.googlevideo.com/videoplayback?expire=1609159330&ei=Qn7pX4_FA43erQSOwpSYBA&ip=140.109.135.166&id=o-AIoL4X1lzaEDVX5yzLhwKVnFatSbA9U9YxW3xs9oPb3_&itag=140&source=youtube&requiressl=yes&mh=84&mm=31%2C29&mn=sn-5njj-u2xl%2Csn-un57en7e&ms=au%2Crdu&mv=m&mvi=3&pl=16&gcr=tw&initcwndbps=375000&vprv=1&mime=audio%2Fmp4&ns=d52U51Dilck5RSa0fZ20WcEF&gir=yes&clen=2249662&dur=138.804&lmt=1607597160581542&mt=1609137405&fvip=3&keepalive=yes&c=WEB&txp=2311222&n=rb58EIzAAdXWbHR9&sparams=expire%2Cei%2Cip%2Cid%2Citag%2Csource%2Crequiressl%2Cgcr%2Cvprv%2Cmime%2Cns%2Cgir%2Cclen%2Cdur%2Clmt&lsparams=mh%2Cmm%2Cmn%2Cms%2Cmv%2Cmvi%2Cpl%2Cinitcwndbps&lsig=AG3C_xAwRQIgPml8YofxBwq41ZUMwUpLD36SHPhjdLrXPKjJ9Krvc4UCIQCCmjqdtClKIo1thF8756SvS2YCgMCxHNvx-r8B4CWZAA%3D%3D&sig=AOq0QJ8wRQIgWwCgimNtL8uclJuGV_ED0SaYa4e290oHNpiooS4n0XsCIQCbA--_WjLnCNLA1igaCSD_eftG-PMM9rDfXsAxQL8NVw==&ratebypass=yes", "player_url": "/s/player/5dd3f3b2/player_ias.vflset/en_US/base.js", "ext": "m4a", "format_note": "tiny", "acodec": "mp4a.40.2", "abr": 128, "container": "m4a_dash", "asr": 44100, "filesize": 2249662, "fps": null, "height": null, "tbr": 130.918, "width": null, "vcodec": "none", "downloader_options": {"http_chunk_size": 10485760}, "format": "140 - audio only (tiny)", "protocol": "https", "http_headers": {"User-Agent": "Mozilla/5.0 (Windows NT 10.0; Win64; x64) AppleWebKit/537.36 (KHTML, like Gecko) Chrome/70.0.3538.61 Safari/537.36", "Accept-Charset": "ISO-8859-1,utf-8;q=0.7,*;q=0.7", "Accept": "text/html,application/xhtml+xml,application/xml;q=0.9,*/*;q=0.8", "Accept-Encoding": "gzip, deflate", "Accept-Language": "en-us,en;q=0.5"}}, {"format_id": "251", "url": "https://r3---sn-5njj-u2xl.googlevideo.com/videoplayback?expire=1609159330&ei=Qn7pX4_FA43erQSOwpSYBA&ip=140.109.135.166&id=o-AIoL4X1lzaEDVX5yzLhwKVnFatSbA9U9YxW3xs9oPb3_&itag=251&source=youtube&requiressl=yes&mh=84&mm=31%2C29&mn=sn-5njj-u2xl%2Csn-un57en7e&ms=au%2Crdu&mv=m&mvi=3&pl=16&gcr=tw&initcwndbps=375000&vprv=1&mime=audio%2Fwebm&ns=d52U51Dilck5RSa0fZ20WcEF&gir=yes&clen=2435930&dur=138.821&lmt=1607597149674456&mt=1609137405&fvip=3&keepalive=yes&c=WEB&txp=2311222&n=rb58EIzAAdXWbHR9&sparams=expire%2Cei%2Cip%2Cid%2Citag%2Csource%2Crequiressl%2Cgcr%2Cvprv%2Cmime%2Cns%2Cgir%2Cclen%2Cdur%2Clmt&lsparams=mh%2Cmm%2Cmn%2Cms%2Cmv%2Cmvi%2Cpl%2Cinitcwndbps&lsig=AG3C_xAwRQIhAI5sGEsiqeUkk0uEH-a6dHQGduPc1JybDL3k2fpLsD05AiAicOU3JYwpUbeumPuy038v7PAqydR9I3tGk7r3N4ZegA%3D%3D&sig=AOq0QJ8wRQIhAP_SxwXuk4Yfk_bF1ZSeT23yG69BcLaJnf1hN6DalpL0AiBJOUkloESYH-bx3VPExcmhxxIL3xMDH00llyhoexdzbg==&ratebypass=yes", "player_url": "/s/player/5dd3f3b2/player_ias.vflset/en_US/base.js", "ext": "webm", "format_note": "tiny", "acodec": "opus", "abr": 160, "asr": 48000, "filesize": 2435930, "fps": null, "height": null, "tbr": 150.624, "width": null, "vcodec": "none", "downloader_options": {"http_chunk_size": 10485760}, "format": "251 - audio only (tiny)", "protocol": "https", "http_headers": {"User-Agent": "Mozilla/5.0 (Windows NT 10.0; Win64; x64) AppleWebKit/537.36 (KHTML, like Gecko) Chrome/70.0.3538.61 Safari/537.36", "Accept-Charset": "ISO-8859-1,utf-8;q=0.7,*;q=0.7", "Accept": "text/html,application/xhtml+xml,application/xml;q=0.9,*/*;q=0.8", "Accept-Encoding": "gzip, deflate", "Accept-Language": "en-us,en;q=0.5"}}, {"format_id": "160", "url": "https://r3---sn-5njj-u2xl.googlevideo.com/videoplayback?expire=1609159330&ei=Qn7pX4_FA43erQSOwpSYBA&ip=140.109.135.166&id=o-AIoL4X1lzaEDVX5yzLhwKVnFatSbA9U9YxW3xs9oPb3_&itag=160&aitags=133%2C134%2C135%2C136%2C137%2C160%2C242%2C243%2C244%2C247%2C248%2C278&source=youtube&requiressl=yes&mh=84&mm=31%2C29&mn=sn-5njj-u2xl%2Csn-un57en7e&ms=au%2Crdu&mv=m&mvi=3&pl=16&gcr=tw&initcwndbps=375000&vprv=1&mime=video%2Fmp4&ns=d52U51Dilck5RSa0fZ20WcEF&gir=yes&clen=243975&dur=138.800&lmt=1607597161969330&mt=1609137405&fvip=3&keepalive=yes&c=WEB&txp=2316222&n=rb58EIzAAdXWbHR9&sparams=expire%2Cei%2Cip%2Cid%2Caitags%2Csource%2Crequiressl%2Cgcr%2Cvprv%2Cmime%2Cns%2Cgir%2Cclen%2Cdur%2Clmt&lsparams=mh%2Cmm%2Cmn%2Cms%2Cmv%2Cmvi%2Cpl%2Cinitcwndbps&lsig=AG3C_xAwRgIhANjXUMr8u4gbAJg48No9DlxT256Mzrq6sV-6O_a5QAzUAiEAw-ocXQGKiVQCcUhxB-wjFrMfGFCgDdToNJHgJCFA9WQ%3D&sig=AOq0QJ8wRQIhAKyX36oxQVcEC7XDm8vvQVYglBsy04uF9njcy2ctGPT4AiAbuPK25hmqrRP-dhwd2FXKAkuEI71bOrM8rM5GnjQrBQ==&ratebypass=yes", "player_url": "/s/player/5dd3f3b2/player_ias.vflset/en_US/base.js", "ext": "mp4", "height": 144, "format_note": "144p", "vcodec": "avc1.4d400b", "asr": null, "filesize": 243975, "fps": 25, "tbr": 15.746, "width": 144, "acodec": "none", "downloader_options": {"http_chunk_size": 10485760}, "format": "160 - 144x144 (144p)", "protocol": "https", "http_headers": {"User-Agent": "Mozilla/5.0 (Windows NT 10.0; Win64; x64) AppleWebKit/537.36 (KHTML, like Gecko) Chrome/70.0.3538.61 Safari/537.36", "Accept-Charset": "ISO-8859-1,utf-8;q=0.7,*;q=0.7", "Accept": "text/html,application/xhtml+xml,application/xml;q=0.9,*/*;q=0.8", "Accept-Encoding": "gzip, deflate", "Accept-Language": "en-us,en;q=0.5"}}, {"format_id": "278", "url": "https://r3---sn-5njj-u2xl.googlevideo.com/videoplayback?expire=1609159330&ei=Qn7pX4_FA43erQSOwpSYBA&ip=140.109.135.166&id=o-AIoL4X1lzaEDVX5yzLhwKVnFatSbA9U9YxW3xs9oPb3_&itag=278&aitags=133%2C134%2C135%2C136%2C137%2C160%2C242%2C243%2C244%2C247%2C248%2C278&source=youtube&requiressl=yes&mh=84&mm=31%2C29&mn=sn-5njj-u2xl%2Csn-un57en7e&ms=au%2Crdu&mv=m&mvi=3&pl=16&gcr=tw&initcwndbps=375000&vprv=1&mime=video%2Fwebm&ns=d52U51Dilck5RSa0fZ20WcEF&gir=yes&clen=285830&dur=138.800&lmt=1607597170901110&mt=1609137405&fvip=3&keepalive=yes&c=WEB&txp=2316222&n=rb58EIzAAdXWbHR9&sparams=expire%2Cei%2Cip%2Cid%2Caitags%2Csource%2Crequiressl%2Cgcr%2Cvprv%2Cmime%2Cns%2Cgir%2Cclen%2Cdur%2Clmt&lsparams=mh%2Cmm%2Cmn%2Cms%2Cmv%2Cmvi%2Cpl%2Cinitcwndbps&lsig=AG3C_xAwRAIgVedrq40CBl1IocllAwSpjBMSEv_8mhS969CzmipmlPwCIEiFfTV00gG4mdF_4aRiKpzZ9iR4btTlkireEah6t0Xj&sig=AOq0QJ8wRQIgaHd6rIymbsLVR0Gm6fQxdWBzWziqDL3i0WIEKJtkGs4CIQDiskcb7nfhSSYxTwVz6lJCDyeX2y04XGPze2gEN4Fb-g==&ratebypass=yes", "player_url": "/s/player/5dd3f3b2/player_ias.vflset/en_US/base.js", "ext": "webm", "height": 144, "format_note": "144p", "container": "webm", "vcodec": "vp9", "asr": null, "filesize": 285830, "fps": 25, "tbr": 17.514, "width": 144, "acodec": "none", "downloader_options": {"http_chunk_size": 10485760}, "format": "278 - 144x144 (144p)", "protocol": "https", "http_headers": {"User-Agent": "Mozilla/5.0 (Windows NT 10.0; Win64; x64) AppleWebKit/537.36 (KHTML, like Gecko) Chrome/70.0.3538.61 Safari/537.36", "Accept-Charset": "ISO-8859-1,utf-8;q=0.7,*;q=0.7", "Accept": "text/html,application/xhtml+xml,application/xml;q=0.9,*/*;q=0.8", "Accept-Encoding": "gzip, deflate", "Accept-Language": "en-us,en;q=0.5"}}, {"format_id": "242", "url": "https://r3---sn-5njj-u2xl.googlevideo.com/videoplayback?expire=1609159330&ei=Qn7pX4_FA43erQSOwpSYBA&ip=140.109.135.166&id=o-AIoL4X1lzaEDVX5yzLhwKVnFatSbA9U9YxW3xs9oPb3_&itag=242&aitags=133%2C134%2C135%2C136%2C137%2C160%2C242%2C243%2C244%2C247%2C248%2C278&source=youtube&requiressl=yes&mh=84&mm=31%2C29&mn=sn-5njj-u2xl%2Csn-un57en7e&ms=au%2Crdu&mv=m&mvi=3&pl=16&gcr=tw&initcwndbps=375000&vprv=1&mime=video%2Fwebm&ns=d52U51Dilck5RSa0fZ20WcEF&gir=yes&clen=520764&dur=138.800&lmt=1607597170906577&mt=1609137405&fvip=3&keepalive=yes&c=WEB&txp=2316222&n=rb58EIzAAdXWbHR9&sparams=expire%2Cei%2Cip%2Cid%2Caitags%2Csource%2Crequiressl%2Cgcr%2Cvprv%2Cmime%2Cns%2Cgir%2Cclen%2Cdur%2Clmt&lsparams=mh%2Cmm%2Cmn%2Cms%2Cmv%2Cmvi%2Cpl%2Cinitcwndbps&lsig=AG3C_xAwRAIgdX4FPi72ZvqfbDopHlWFi8oLJdgZp63tERaKREUpzdECIGjYCbvZRu1Zk1w874cElLqIX7fTd_ZpHoyJwQWhUhlf&sig=AOq0QJ8wRgIhAIjDaGIyllBxDJm2F9oUl58NYbIAcPU1UXj3qLp3OdcKAiEA0a9sVKgqEOD9MAS8pkneViC_55mkIWfDatQRvEKFHOY=&ratebypass=yes", "player_url": "/s/player/5dd3f3b2/player_ias.vflset/en_US/base.js", "ext": "webm", "height": 240, "format_note": "240p", "vcodec": "vp9", "asr": null, "filesize": 520764, "fps": 25, "tbr": 31.109, "width": 240, "acodec": "none", "downloader_options": {"http_chunk_size": 10485760}, "format": "242 - 240x240 (240p)", "protocol": "https", "http_headers": {"User-Agent": "Mozilla/5.0 (Windows NT 10.0; Win64; x64) AppleWebKit/537.36 (KHTML, like Gecko) Chrome/70.0.3538.61 Safari/537.36", "Accept-Charset": "ISO-8859-1,utf-8;q=0.7,*;q=0.7", "Accept": "text/html,application/xhtml+xml,application/xml;q=0.9,*/*;q=0.8", "Accept-Encoding": "gzip, deflate", "Accept-Language": "en-us,en;q=0.5"}}, {"format_id": "133", "url": "https://r3---sn-5njj-u2xl.googlevideo.com/videoplayback?expire=1609159330&ei=Qn7pX4_FA43erQSOwpSYBA&ip=140.109.135.166&id=o-AIoL4X1lzaEDVX5yzLhwKVnFatSbA9U9YxW3xs9oPb3_&itag=133&aitags=133%2C134%2C135%2C136%2C137%2C160%2C242%2C243%2C244%2C247%2C248%2C278&source=youtube&requiressl=yes&mh=84&mm=31%2C29&mn=sn-5njj-u2xl%2Csn-un57en7e&ms=au%2Crdu&mv=m&mvi=3&pl=16&gcr=tw&initcwndbps=375000&vprv=1&mime=video%2Fmp4&ns=d52U51Dilck5RSa0fZ20WcEF&gir=yes&clen=558039&dur=138.800&lmt=1607597161890548&mt=1609137405&fvip=3&keepalive=yes&c=WEB&txp=2316222&n=rb58EIzAAdXWbHR9&sparams=expire%2Cei%2Cip%2Cid%2Caitags%2Csource%2Crequiressl%2Cgcr%2Cvprv%2Cmime%2Cns%2Cgir%2Cclen%2Cdur%2Clmt&lsparams=mh%2Cmm%2Cmn%2Cms%2Cmv%2Cmvi%2Cpl%2Cinitcwndbps&lsig=AG3C_xAwRQIgFdqt3XtAZXRS1MJGM09GGSD0SM84dXfCv-5856gZazUCIQCGGbfadKcgEb5MIocD_Z9AdDHP2waWrHfyqh9oTiOJwQ%3D%3D&sig=AOq0QJ8wRQIgVOqmzER8dHTwFTXj-1FZFwUpxC9x-XwpprXBGKALIicCIQC5qKvTscI1bRe0I6Vy8UywYO4WiVaXCpdFdL_thTLW4w==&ratebypass=yes", "player_url": "/s/player/5dd3f3b2/player_ias.vflset/en_US/base.js", "ext": "mp4", "height": 240, "format_note": "240p", "vcodec": "avc1.4d400c", "asr": null, "filesize": 558039, "fps": 25, "tbr": 33.921, "width": 240, "acodec": "none", "downloader_options": {"http_chunk_size": 10485760}, "format": "133 - 240x240 (240p)", "protocol": "https", "http_headers": {"User-Agent": "Mozilla/5.0 (Windows NT 10.0; Win64; x64) AppleWebKit/537.36 (KHTML, like Gecko) Chrome/70.0.3538.61 Safari/537.36", "Accept-Charset": "ISO-8859-1,utf-8;q=0.7,*;q=0.7", "Accept": "text/html,application/xhtml+xml,application/xml;q=0.9,*/*;q=0.8", "Accept-Encoding": "gzip, deflate", "Accept-Language": "en-us,en;q=0.5"}}, {"format_id": "243", "url": "https://r3---sn-5njj-u2xl.googlevideo.com/videoplayback?expire=1609159330&ei=Qn7pX4_FA43erQSOwpSYBA&ip=140.109.135.166&id=o-AIoL4X1lzaEDVX5yzLhwKVnFatSbA9U9YxW3xs9oPb3_&itag=243&aitags=133%2C134%2C135%2C136%2C137%2C160%2C242%2C243%2C244%2C247%2C248%2C278&source=youtube&requiressl=yes&mh=84&mm=31%2C29&mn=sn-5njj-u2xl%2Csn-un57en7e&ms=au%2Crdu&mv=m&mvi=3&pl=16&gcr=tw&initcwndbps=375000&vprv=1&mime=video%2Fwebm&ns=d52U51Dilck5RSa0fZ20WcEF&gir=yes&clen=1047502&dur=138.800&lmt=1607597170898809&mt=1609137405&fvip=3&keepalive=yes&c=WEB&txp=2316222&n=rb58EIzAAdXWbHR9&sparams=expire%2Cei%2Cip%2Cid%2Caitags%2Csource%2Crequiressl%2Cgcr%2Cvprv%2Cmime%2Cns%2Cgir%2Cclen%2Cdur%2Clmt&lsparams=mh%2Cmm%2Cmn%2Cms%2Cmv%2Cmvi%2Cpl%2Cinitcwndbps&lsig=AG3C_xAwRQIhAMWlv7RnmTPFj9_udCYijOBvCNJiwAC5BMM7jLGPPXqDAiBWW1E-cO1JENPd7o1rrIASseM0D9kgMRIqAm7ijM8SqA%3D%3D&sig=AOq0QJ8wRgIhALteEiOrfxco3BgNYWwjkzxczCrYAwNglyYfhBmjOPKrAiEA1ruggSj8PIHO8dbsrrisc5P9b_af2HWKsKXxQJ5pw80=&ratebypass=yes", "player_url": "/s/player/5dd3f3b2/player_ias.vflset/en_US/base.js", "ext": "webm", "height": 360, "format_note": "360p", "vcodec": "vp9", "asr": null, "filesize": 1047502, "fps": 25, "tbr": 61.596, "width": 360, "acodec": "none", "downloader_options": {"http_chunk_size": 10485760}, "format": "243 - 360x360 (360p)", "protocol": "https", "http_headers": {"User-Agent": "Mozilla/5.0 (Windows NT 10.0; Win64; x64) AppleWebKit/537.36 (KHTML, like Gecko) Chrome/70.0.3538.61 Safari/537.36", "Accept-Charset": "ISO-8859-1,utf-8;q=0.7,*;q=0.7", "Accept": "text/html,application/xhtml+xml,application/xml;q=0.9,*/*;q=0.8", "Accept-Encoding": "gzip, deflate", "Accept-Language": "en-us,en;q=0.5"}}, {"format_id": "134", "url": "https://r3---sn-5njj-u2xl.googlevideo.com/videoplayback?expire=1609159330&ei=Qn7pX4_FA43erQSOwpSYBA&ip=140.109.135.166&id=o-AIoL4X1lzaEDVX5yzLhwKVnFatSbA9U9YxW3xs9oPb3_&itag=134&aitags=133%2C134%2C135%2C136%2C137%2C160%2C242%2C243%2C244%2C247%2C248%2C278&source=youtube&requiressl=yes&mh=84&mm=31%2C29&mn=sn-5njj-u2xl%2Csn-un57en7e&ms=au%2Crdu&mv=m&mvi=3&pl=16&gcr=tw&initcwndbps=375000&vprv=1&mime=video%2Fmp4&ns=d52U51Dilck5RSa0fZ20WcEF&gir=yes&clen=1446887&dur=138.800&lmt=1607597161889577&mt=1609137405&fvip=3&keepalive=yes&c=WEB&txp=2316222&n=rb58EIzAAdXWbHR9&sparams=expire%2Cei%2Cip%2Cid%2Caitags%2Csource%2Crequiressl%2Cgcr%2Cvprv%2Cmime%2Cns%2Cgir%2Cclen%2Cdur%2Clmt&lsparams=mh%2Cmm%2Cmn%2Cms%2Cmv%2Cmvi%2Cpl%2Cinitcwndbps&lsig=AG3C_xAwRQIgGpU0jYUhfA9b4289bLleUyR6lg6jwMmpV2jrIgTtA4wCIQDlp7pD2Icyzvy2tm8hOsSeidKJm5rJJe0Hru1amgtTcw%3D%3D&sig=AOq0QJ8wRQIgdH0wiAsxU8X8itf-6bzG1q5YH_F8n9eYfbmE5dAXWeACIQCE_CD6mHJYUhex8fLWFumFXF5tVraslcfE7GpzBlw4sQ==&ratebypass=yes", "player_url": "/s/player/5dd3f3b2/player_ias.vflset/en_US/base.js", "ext": "mp4", "height": 360, "format_note": "360p", "vcodec": "avc1.4d4015", "asr": null, "filesize": 1446887, "fps": 25, "tbr": 85.36, "width": 360, "acodec": "none", "downloader_options": {"http_chunk_size": 10485760}, "format": "134 - 360x360 (360p)", "protocol": "https", "http_headers": {"User-Agent": "Mozilla/5.0 (Windows NT 10.0; Win64; x64) AppleWebKit/537.36 (KHTML, like Gecko) Chrome/70.0.3538.61 Safari/537.36", "Accept-Charset": "ISO-8859-1,utf-8;q=0.7,*;q=0.7", "Accept": "text/html,application/xhtml+xml,application/xml;q=0.9,*/*;q=0.8", "Accept-Encoding": "gzip, deflate", "Accept-Language": "en-us,en;q=0.5"}}, {"format_id": "244", "url": "https://r3---sn-5njj-u2xl.googlevideo.com/videoplayback?expire=1609159330&ei=Qn7pX4_FA43erQSOwpSYBA&ip=140.109.135.166&id=o-AIoL4X1lzaEDVX5yzLhwKVnFatSbA9U9YxW3xs9oPb3_&itag=244&aitags=133%2C134%2C135%2C136%2C137%2C160%2C242%2C243%2C244%2C247%2C248%2C278&source=youtube&requiressl=yes&mh=84&mm=31%2C29&mn=sn-5njj-u2xl%2Csn-un57en7e&ms=au%2Crdu&mv=m&mvi=3&pl=16&gcr=tw&initcwndbps=375000&vprv=1&mime=video%2Fwebm&ns=d52U51Dilck5RSa0fZ20WcEF&gir=yes&clen=2116374&dur=138.800&lmt=1607597170910583&mt=1609137405&fvip=3&keepalive=yes&c=WEB&txp=2316222&n=rb58EIzAAdXWbHR9&sparams=expire%2Cei%2Cip%2Cid%2Caitags%2Csource%2Crequiressl%2Cgcr%2Cvprv%2Cmime%2Cns%2Cgir%2Cclen%2Cdur%2Clmt&lsparams=mh%2Cmm%2Cmn%2Cms%2Cmv%2Cmvi%2Cpl%2Cinitcwndbps&lsig=AG3C_xAwRgIhAIhJv7nW2HWDMTXTBEKodTqrPDXjC7zR2bls8DSn0ouOAiEAzVY0vwDcrpvcL44VAhjoPDZ7YFkOhg7ypQ7E6BzTwjk%3D&sig=AOq0QJ8wRQIhAL_PZJBkROx2YUotWAfq_ZnmvCiB0KSzGM9R7bXTMnj8AiBE-rFZIZkDH26eOVa_uKWDaAxfYbZsJjkhOqPOnFv-KA==&ratebypass=yes", "player_url": "/s/player/5dd3f3b2/player_ias.vflset/en_US/base.js", "ext": "webm", "height": 480, "format_note": "480p", "vcodec": "vp9", "asr": null, "filesize": 2116374, "fps": 25, "tbr": 123.462, "width": 480, "acodec": "none", "downloader_options": {"http_chunk_size": 10485760}, "format": "244 - 480x480 (480p)", "protocol": "https", "http_headers": {"User-Agent": "Mozilla/5.0 (Windows NT 10.0; Win64; x64) AppleWebKit/537.36 (KHTML, like Gecko) Chrome/70.0.3538.61 Safari/537.36", "Accept-Charset": "ISO-8859-1,utf-8;q=0.7,*;q=0.7", "Accept": "text/html,application/xhtml+xml,application/xml;q=0.9,*/*;q=0.8", "Accept-Encoding": "gzip, deflate", "Accept-Language": "en-us,en;q=0.5"}}, {"format_id": "135", "url": "https://r3---sn-5njj-u2xl.googlevideo.com/videoplayback?expire=1609159330&ei=Qn7pX4_FA43erQSOwpSYBA&ip=140.109.135.166&id=o-AIoL4X1lzaEDVX5yzLhwKVnFatSbA9U9YxW3xs9oPb3_&itag=135&aitags=133%2C134%2C135%2C136%2C137%2C160%2C242%2C243%2C244%2C247%2C248%2C278&source=youtube&requiressl=yes&mh=84&mm=31%2C29&mn=sn-5njj-u2xl%2Csn-un57en7e&ms=au%2Crdu&mv=m&mvi=3&pl=16&gcr=tw&initcwndbps=375000&vprv=1&mime=video%2Fmp4&ns=d52U51Dilck5RSa0fZ20WcEF&gir=yes&clen=2880720&dur=138.800&lmt=1607597161889500&mt=1609137405&fvip=3&keepalive=yes&c=WEB&txp=2316222&n=rb58EIzAAdXWbHR9&sparams=expire%2Cei%2Cip%2Cid%2Caitags%2Csource%2Crequiressl%2Cgcr%2Cvprv%2Cmime%2Cns%2Cgir%2Cclen%2Cdur%2Clmt&lsparams=mh%2Cmm%2Cmn%2Cms%2Cmv%2Cmvi%2Cpl%2Cinitcwndbps&lsig=AG3C_xAwRAIgLEh-FZ62yQwO8eBBge4KgA-NXkHyqRQjhZSWPYPHa2QCIGevTNusk6oqzpNk2ycXe8SZWu5Sm9NwG7P3sUt8gwYQ&sig=AOq0QJ8wRQIhALLM8LpzY8ik2j9vhMPBc_groSVznqKq-Ljvey3_LQz7AiA_NvfUBSECBqO9iMWithSexEgwKhglbYkbYPyh9192XA==&ratebypass=yes", "player_url": "/s/player/5dd3f3b2/player_ias.vflset/en_US/base.js", "ext": "mp4", "height": 480, "format_note": "480p", "vcodec": "avc1.4d401e", "asr": null, "filesize": 2880720, "fps": 25, "tbr": 168.334, "width": 480, "acodec": "none", "downloader_options": {"http_chunk_size": 10485760}, "format": "135 - 480x480 (480p)", "protocol": "https", "http_headers": {"User-Agent": "Mozilla/5.0 (Windows NT 10.0; Win64; x64) AppleWebKit/537.36 (KHTML, like Gecko) Chrome/70.0.3538.61 Safari/537.36", "Accept-Charset": "ISO-8859-1,utf-8;q=0.7,*;q=0.7", "Accept": "text/html,application/xhtml+xml,application/xml;q=0.9,*/*;q=0.8", "Accept-Encoding": "gzip, deflate", "Accept-Language": "en-us,en;q=0.5"}}, {"format_id": "247", "url": "https://r3---sn-5njj-u2xl.googlevideo.com/videoplayback?expire=1609159330&ei=Qn7pX4_FA43erQSOwpSYBA&ip=140.109.135.166&id=o-AIoL4X1lzaEDVX5yzLhwKVnFatSbA9U9YxW3xs9oPb3_&itag=247&aitags=133%2C134%2C135%2C136%2C137%2C160%2C242%2C243%2C244%2C247%2C248%2C278&source=youtube&requiressl=yes&mh=84&mm=31%2C29&mn=sn-5njj-u2xl%2Csn-un57en7e&ms=au%2Crdu&mv=m&mvi=3&pl=16&gcr=tw&initcwndbps=375000&vprv=1&mime=video%2Fwebm&ns=d52U51Dilck5RSa0fZ20WcEF&gir=yes&clen=4870069&dur=138.800&lmt=1607597170899733&mt=1609137405&fvip=3&keepalive=yes&c=WEB&txp=2316222&n=rb58EIzAAdXWbHR9&sparams=expire%2Cei%2Cip%2Cid%2Caitags%2Csource%2Crequiressl%2Cgcr%2Cvprv%2Cmime%2Cns%2Cgir%2Cclen%2Cdur%2Clmt&lsparams=mh%2Cmm%2Cmn%2Cms%2Cmv%2Cmvi%2Cpl%2Cinitcwndbps&lsig=AG3C_xAwRQIhANrEL7K6PbSl_jaJ5A7Kdf509Dp057dPhlJwxttrUIdoAiAV6ckR4cFB08M5buA_FnI7nDS4HStOnjuylHGT-bX-NA%3D%3D&sig=AOq0QJ8wRAIgNlMqlBDtMlcWenEYcY2yutNZsmOKUDn5Goyt2bygpqICIGYny3zKALEZ0XTK00KgPdvQCnszdWCRpOt8mArIg3pB&ratebypass=yes", "player_url": "/s/player/5dd3f3b2/player_ias.vflset/en_US/base.js", "ext": "webm", "height": 720, "format_note": "720p", "vcodec": "vp9", "asr": null, "filesize": 4870069, "fps": 25, "tbr": 282.34, "width": 720, "acodec": "none", "downloader_options": {"http_chunk_size": 10485760}, "format": "247 - 720x720 (720p)", "protocol": "https", "http_headers": {"User-Agent": "Mozilla/5.0 (Windows NT 10.0; Win64; x64) AppleWebKit/537.36 (KHTML, like Gecko) Chrome/70.0.3538.61 Safari/537.36", "Accept-Charset": "ISO-8859-1,utf-8;q=0.7,*;q=0.7", "Accept": "text/html,application/xhtml+xml,application/xml;q=0.9,*/*;q=0.8", "Accept-Encoding": "gzip, deflate", "Accept-Language": "en-us,en;q=0.5"}}, {"format_id": "136", "url": "https://r3---sn-5njj-u2xl.googlevideo.com/videoplayback?expire=1609159330&ei=Qn7pX4_FA43erQSOwpSYBA&ip=140.109.135.166&id=o-AIoL4X1lzaEDVX5yzLhwKVnFatSbA9U9YxW3xs9oPb3_&itag=136&aitags=133%2C134%2C135%2C136%2C137%2C160%2C242%2C243%2C244%2C247%2C248%2C278&source=youtube&requiressl=yes&mh=84&mm=31%2C29&mn=sn-5njj-u2xl%2Csn-un57en7e&ms=au%2Crdu&mv=m&mvi=3&pl=16&gcr=tw&initcwndbps=375000&vprv=1&mime=video%2Fmp4&ns=d52U51Dilck5RSa0fZ20WcEF&gir=yes&clen=6018579&dur=138.800&lmt=1607597161891515&mt=1609137405&fvip=3&keepalive=yes&c=WEB&txp=2316222&n=rb58EIzAAdXWbHR9&sparams=expire%2Cei%2Cip%2Cid%2Caitags%2Csource%2Crequiressl%2Cgcr%2Cvprv%2Cmime%2Cns%2Cgir%2Cclen%2Cdur%2Clmt&lsparams=mh%2Cmm%2Cmn%2Cms%2Cmv%2Cmvi%2Cpl%2Cinitcwndbps&lsig=AG3C_xAwRQIhAJN41Dortvx2KyYekQnZu-ZcojSoTqvzmEkT7yzXyXasAiBMfWMAcvWX5kzhAEmApgQ37wXMBjX-1Ykiu4yv7SE0sQ%3D%3D&sig=AOq0QJ8wRQIhAJZexLk9o9VwyGT3flSC9yzbO8H-P_njbtTTtTRI_cr9AiB2L5Hm5F_sCsPGRO3B_-eZyePww3vyRcTF1rQMHaBLNQ==&ratebypass=yes", "player_url": "/s/player/5dd3f3b2/player_ias.vflset/en_US/base.js", "ext": "mp4", "height": 720, "format_note": "720p", "vcodec": "avc1.64001f", "asr": null, "filesize": 6018579, "fps": 25, "tbr": 348.868, "width": 720, "acodec": "none", "downloader_options": {"http_chunk_size": 10485760}, "format": "136 - 720x720 (720p)", "protocol": "https", "http_headers": {"User-Agent": "Mozilla/5.0 (Windows NT 10.0; Win64; x64) AppleWebKit/537.36 (KHTML, like Gecko) Chrome/70.0.3538.61 Safari/537.36", "Accept-Charset": "ISO-8859-1,utf-8;q=0.7,*;q=0.7", "Accept": "text/html,application/xhtml+xml,application/xml;q=0.9,*/*;q=0.8", "Accept-Encoding": "gzip, deflate", "Accept-Language": "en-us,en;q=0.5"}}, {"format_id": "248", "url": "https://r3---sn-5njj-u2xl.googlevideo.com/videoplayback?expire=1609159330&ei=Qn7pX4_FA43erQSOwpSYBA&ip=140.109.135.166&id=o-AIoL4X1lzaEDVX5yzLhwKVnFatSbA9U9YxW3xs9oPb3_&itag=248&aitags=133%2C134%2C135%2C136%2C137%2C160%2C242%2C243%2C244%2C247%2C248%2C278&source=youtube&requiressl=yes&mh=84&mm=31%2C29&mn=sn-5njj-u2xl%2Csn-un57en7e&ms=au%2Crdu&mv=m&mvi=3&pl=16&gcr=tw&initcwndbps=375000&vprv=1&mime=video%2Fwebm&ns=d52U51Dilck5RSa0fZ20WcEF&gir=yes&clen=11255904&dur=138.800&lmt=1607597170903044&mt=1609137405&fvip=3&keepalive=yes&c=WEB&txp=2316222&n=rb58EIzAAdXWbHR9&sparams=expire%2Cei%2Cip%2Cid%2Caitags%2Csource%2Crequiressl%2Cgcr%2Cvprv%2Cmime%2Cns%2Cgir%2Cclen%2Cdur%2Clmt&lsparams=mh%2Cmm%2Cmn%2Cms%2Cmv%2Cmvi%2Cpl%2Cinitcwndbps&lsig=AG3C_xAwRQIhAN0lpC6GZaApuAyEu6qygr8KVNj5PfUkAkXwIx0SA0OXAiBkPWmxia9R_DtWZpgwRSSYDfsxcODi8auVXT0kAswmxQ%3D%3D&sig=AOq0QJ8wRQIge-tmi7Wd9EP1zl-O-on9KBf8XKCDyRfBDpqKxrdsjh0CIQCSF0W9_HGcxEWTf31eFJjwv1cueZVcPLP9pbMXX9Ex_g==&ratebypass=yes", "player_url": "/s/player/5dd3f3b2/player_ias.vflset/en_US/base.js", "ext": "webm", "height": 1080, "format_note": "1080p", "vcodec": "vp9", "asr": null, "filesize": 11255904, "fps": 25, "tbr": 652.343, "width": 1080, "acodec": "none", "downloader_options": {"http_chunk_size": 10485760}, "format": "248 - 1080x1080 (1080p)", "protocol": "https", "http_headers": {"User-Agent": "Mozilla/5.0 (Windows NT 10.0; Win64; x64) AppleWebKit/537.36 (KHTML, like Gecko) Chrome/70.0.3538.61 Safari/537.36", "Accept-Charset": "ISO-8859-1,utf-8;q=0.7,*;q=0.7", "Accept": "text/html,application/xhtml+xml,application/xml;q=0.9,*/*;q=0.8", "Accept-Encoding": "gzip, deflate", "Accept-Language": "en-us,en;q=0.5"}}, {"format_id": "137", "url": "https://r3---sn-5njj-u2xl.googlevideo.com/videoplayback?expire=1609159330&ei=Qn7pX4_FA43erQSOwpSYBA&ip=140.109.135.166&id=o-AIoL4X1lzaEDVX5yzLhwKVnFatSbA9U9YxW3xs9oPb3_&itag=137&aitags=133%2C134%2C135%2C136%2C137%2C160%2C242%2C243%2C244%2C247%2C248%2C278&source=youtube&requiressl=yes&mh=84&mm=31%2C29&mn=sn-5njj-u2xl%2Csn-un57en7e&ms=au%2Crdu&mv=m&mvi=3&pl=16&gcr=tw&initcwndbps=375000&vprv=1&mime=video%2Fmp4&ns=d52U51Dilck5RSa0fZ20WcEF&gir=yes&clen=14630365&dur=138.800&lmt=1607597161888913&mt=1609137405&fvip=3&keepalive=yes&c=WEB&txp=2316222&n=rb58EIzAAdXWbHR9&sparams=expire%2Cei%2Cip%2Cid%2Caitags%2Csource%2Crequiressl%2Cgcr%2Cvprv%2Cmime%2Cns%2Cgir%2Cclen%2Cdur%2Clmt&lsparams=mh%2Cmm%2Cmn%2Cms%2Cmv%2Cmvi%2Cpl%2Cinitcwndbps&lsig=AG3C_xAwRQIhAIL7j_3OlHxSJgo0Jw-7K_uT-Q6CyuAHzQPnEZ-mN06YAiAaCDALP8gq9iCD2UEfReaO7cqO0stXwTnOW4v4Jz711A%3D%3D&sig=AOq0QJ8wRQIgAyc9PE52X0NxR4PK_hiSv5-7oZQ6Qhs2IYqs-bavxOoCIQDfbIJtV4AY7dIV0q69IpeVmoZXOEaWZZZfG80DnvbySQ==&ratebypass=yes", "player_url": "/s/player/5dd3f3b2/player_ias.vflset/en_US/base.js", "ext": "mp4", "height": 1080, "format_note": "1080p", "vcodec": "avc1.640020", "asr": null, "filesize": 14630365, "fps": 25, "tbr": 848.273, "width": 1080, "acodec": "none", "downloader_options": {"http_chunk_size": 10485760}, "format": "137 - 1080x1080 (1080p)", "protocol": "https", "http_headers": {"User-Agent": "Mozilla/5.0 (Windows NT 10.0; Win64; x64) AppleWebKit/537.36 (KHTML, like Gecko) Chrome/70.0.3538.61 Safari/537.36", "Accept-Charset": "ISO-8859-1,utf-8;q=0.7,*;q=0.7", "Accept": "text/html,application/xhtml+xml,application/xml;q=0.9,*/*;q=0.8", "Accept-Encoding": "gzip, deflate", "Accept-Language": "en-us,en;q=0.5"}}, {"format_id": "18", "url": "https://r3---sn-5njj-u2xl.googlevideo.com/videoplayback?expire=1609159330&ei=Qn7pX4_FA43erQSOwpSYBA&ip=140.109.135.166&id=o-AIoL4X1lzaEDVX5yzLhwKVnFatSbA9U9YxW3xs9oPb3_&itag=18&source=youtube&requiressl=yes&mh=84&mm=31%2C29&mn=sn-5njj-u2xl%2Csn-un57en7e&ms=au%2Crdu&mv=m&mvi=3&pl=16&gcr=tw&initcwndbps=375000&vprv=1&mime=video%2Fmp4&ns=6krPV7k-Ko793k77MGSRx5MF&gir=yes&clen=2668700&ratebypass=yes&dur=138.855&lmt=1607597147992940&mt=1609137405&fvip=3&c=WEB&txp=2310222&n=xmntgV7xdKyenAI5&sparams=expire%2Cei%2Cip%2Cid%2Citag%2Csource%2Crequiressl%2Cgcr%2Cvprv%2Cmime%2Cns%2Cgir%2Cclen%2Cratebypass%2Cdur%2Clmt&lsparams=mh%2Cmm%2Cmn%2Cms%2Cmv%2Cmvi%2Cpl%2Cinitcwndbps&lsig=AG3C_xAwRQIhALUAegUhYAV2uNjEN9ihy0g195qakosM6Xu3_pr9PJIiAiBmjbRYDszLrBwunhQUyA7VIjJgC_MOf5dDyuR4NhxI9A%3D%3D&sig=AOq0QJ8wRgIhAIFvIrev_7_Ta-bU1pHCu-4zJMm5YT2hpaeMEdtWOGiNAiEA-A6DGWCHWQOXVQMCtqSm0daU6-1B7HjKhwjEWWvgkKo=", "player_url": "/s/player/5dd3f3b2/player_ias.vflset/en_US/base.js", "ext": "mp4", "width": 360, "height": 360, "acodec": "mp4a.40.2", "abr": 96, "vcodec": "avc1.42001E", "asr": 44100, "filesize": 2668700, "format_note": "360p", "fps": 25, "tbr": 153.815, "format": "18 - 360x360 (360p)", "protocol": "https", "http_headers": {"User-Agent": "Mozilla/5.0 (Windows NT 10.0; Win64; x64) AppleWebKit/537.36 (KHTML, like Gecko) Chrome/70.0.3538.61 Safari/537.36", "Accept-Charset": "ISO-8859-1,utf-8;q=0.7,*;q=0.7", "Accept": "text/html,application/xhtml+xml,application/xml;q=0.9,*/*;q=0.8", "Accept-Encoding": "gzip, deflate", "Accept-Language": "en-us,en;q=0.5"}}], "is_live": null, "start_time": null, "end_time": null, "series": null, "season_number": null, "episode_number": null, "track": "Remembering", "artist": "Minette Martin", "album": "Remembering", "release_date": "20201120", "release_year": 2020, "extractor": "youtube", "webpage_url_basename": "watch", "extractor_key": "Youtube", "playlist": null, "playlist_index": null, "thumbnail": "https://i.ytimg.com/vi_webp/ADJ_PDauy-g/maxresdefault.webp", "display_id": "ADJ_PDauy-g", "requested_subtitles": null, "format_id": "251", "url": "https://r3---sn-5njj-u2xl.googlevideo.com/videoplayback?expire=1609159330&ei=Qn7pX4_FA43erQSOwpSYBA&ip=140.109.135.166&id=o-AIoL4X1lzaEDVX5yzLhwKVnFatSbA9U9YxW3xs9oPb3_&itag=251&source=youtube&requiressl=yes&mh=84&mm=31%2C29&mn=sn-5njj-u2xl%2Csn-un57en7e&ms=au%2Crdu&mv=m&mvi=3&pl=16&gcr=tw&initcwndbps=375000&vprv=1&mime=audio%2Fwebm&ns=d52U51Dilck5RSa0fZ20WcEF&gir=yes&clen=2435930&dur=138.821&lmt=1607597149674456&mt=1609137405&fvip=3&keepalive=yes&c=WEB&txp=2311222&n=rb58EIzAAdXWbHR9&sparams=expire%2Cei%2Cip%2Cid%2Citag%2Csource%2Crequiressl%2Cgcr%2Cvprv%2Cmime%2Cns%2Cgir%2Cclen%2Cdur%2Clmt&lsparams=mh%2Cmm%2Cmn%2Cms%2Cmv%2Cmvi%2Cpl%2Cinitcwndbps&lsig=AG3C_xAwRQIhAI5sGEsiqeUkk0uEH-a6dHQGduPc1JybDL3k2fpLsD05AiAicOU3JYwpUbeumPuy038v7PAqydR9I3tGk7r3N4ZegA%3D%3D&sig=AOq0QJ8wRQIhAP_SxwXuk4Yfk_bF1ZSeT23yG69BcLaJnf1hN6DalpL0AiBJOUkloESYH-bx3VPExcmhxxIL3xMDH00llyhoexdzbg==&ratebypass=yes", "player_url": "/s/player/5dd3f3b2/player_ias.vflset/en_US/base.js", "ext": "webm", "format_note": "tiny", "acodec": "opus", "abr": 160, "asr": 48000, "filesize": 2435930, "fps": null, "height": null, "tbr": 150.624, "width": null, "vcodec": "none", "downloader_options": {"http_chunk_size": 10485760}, "format": "251 - audio only (tiny)", "protocol": "https", "http_headers": {"User-Agent": "Mozilla/5.0 (Windows NT 10.0; Win64; x64) AppleWebKit/537.36 (KHTML, like Gecko) Chrome/70.0.3538.61 Safari/537.36", "Accept-Charset": "ISO-8859-1,utf-8;q=0.7,*;q=0.7", "Accept": "text/html,application/xhtml+xml,application/xml;q=0.9,*/*;q=0.8", "Accept-Encoding": "gzip, deflate", "Accept-Language": "en-us,en;q=0.5"}}