{"id": "HQ8ISDX6PiI", "uploader": "APX PIANO", "uploader_id": "UCPPGD9EVFhrbzV4r3fJPB5w", "uploader_url": "http://www.youtube.com/channel/UCPPGD9EVFhrbzV4r3fJPB5w", "channel_id": "UCPPGD9EVFhrbzV4r3fJPB5w", "channel_url": "http://www.youtube.com/channel/UCPPGD9EVFhrbzV4r3fJPB5w", "upload_date": "20201104", "license": null, "creator": null, "title": "Minik Jakobsen - Limerence", "alt_title": null, "thumbnails": [{"url": "https://i.ytimg.com/vi/HQ8ISDX6PiI/hqdefault.jpg?sqp=-oaymwEYCKgBEF5IVfKriqkDCwgBFQAAiEIYAXAB&rs=AOn4CLBTkzHefR1NNbtO-MVXtuCe6sH5Ww", "width": 168, "height": 94, "resolution": "168x94", "id": "0"}, {"url": "https://i.ytimg.com/vi/HQ8ISDX6PiI/hqdefault.jpg?sqp=-oaymwEYCMQBEG5IVfKriqkDCwgBFQAAiEIYAXAB&rs=AOn4CLDwI2EmJpDKSNxaru8fcqfj9mBM_w", "width": 196, "height": 110, "resolution": "196x110", "id": "1"}, {"url": "https://i.ytimg.com/vi/HQ8ISDX6PiI/hqdefault.jpg?sqp=-oaymwEZCPYBEIoBSFXyq4qpAwsIARUAAIhCGAFwAQ==&rs=AOn4CLC_-RdLNgauSx6UywRGoXjEJHOWwA", "width": 246, "height": 138, "resolution": "246x138", "id": "2"}, {"url": "https://i.ytimg.com/vi/HQ8ISDX6PiI/hqdefault.jpg?sqp=-oaymwEZCNACELwBSFXyq4qpAwsIARUAAIhCGAFwAQ==&rs=AOn4CLCfor5V6iq3ADIuGnCoCOKsgYFcMQ", "width": 336, "height": 188, "resolution": "336x188", "id": "3"}, {"url": "https://i.ytimg.com/vi_webp/HQ8ISDX6PiI/maxresdefault.webp", "width": 1920, "height": 1080, "resolution": "1920x1080", "id": "4"}], "description": "Piano music for study, deep relaxation and sleep.\n\nPlay this instrumental music in the background and use it as concentration music, focus music, sleep music or music for reading.\n\nIt can help you with a good night sleep, memory retention if you are studying for a test, finishing your homework or just listening as work music.\n\nPlease feel free to leave your comments and suggestions and to share your love by liking this video and subscribing to our channel.\n\nListen on Spotify: \n\nhttps://open.spotify.com/album/4v9IiVyBUTq72QCXrvSkhN?si=L3lMOxarQ_q9ibG-jmhGog", "categories": ["Music"], "tags": ["music", "piano", "sleep", "deep relaxation", "study", "concentration", "sleeping", "relax", "work music", "studying", "memory", "focus"], "subtitles": {}, "automatic_captions": {}, "duration": 111, "age_limit": 0, "annotations": null, "chapters": null, "webpage_url": "https://www.youtube.com/watch?v=HQ8ISDX6PiI", "view_count": 96, "like_count": 3, "dislike_count": null, "average_rating": 5.0, "formats": [{"ext": "m4a", "format_note": "DASH audio", "acodec": "mp4a.40.5", "abr": 48, "container": "m4a_dash", "format_id": "139", "manifest_url": "https://manifest.googlevideo.com/api/manifest/dash/expire/1610368276/ei/tPD7X_GpKtKys8IP1-OygAU/ip/220.129.26.102/id/1d0f084835fa3e22/source/youtube/requiressl/yes/playback_host/r8---sn-ipoxu-u2xd.googlevideo.com/mh/jr/mm/31%2C29/mn/sn-ipoxu-u2xd%2Csn-un57sn7s/ms/au%2Crdu/mv/m/mvi/8/pl/21/hfr/all/as/fmp4_audio_clear%2Cwebm_audio_clear%2Cwebm2_audio_clear%2Cfmp4_sd_hd_clear%2Cwebm2_sd_hd_clear/initcwndbps/703750/vprv/1/mt/1610345794/fvip/4/keepalive/yes/beids/9466587/itag/0/sparams/expire%2Cei%2Cip%2Cid%2Csource%2Crequiressl%2Chfr%2Cas%2Cvprv%2Citag/sig/AOq0QJ8wRgIhAPisCne-xIe9kdgUll63e4ufz5qU0M1QfFvtFevncWafAiEA5GVOnObTv3uStwuff5q7frB7I72JenivC9RCqgM9Wes%3D/lsparams/playback_host%2Cmh%2Cmm%2Cmn%2Cms%2Cmv%2Cmvi%2Cpl%2Cinitcwndbps/lsig/AG3C_xAwRQIhAMJexwXDG-dn-M_JxFtSaqbGcRxCbnaupvy2cosuc4WBAiABxR4KWxwxj7YoPdOS-31FI0AdBW9xtyoUo0QV85A_mg%3D%3D", "width": null, "height": null, "tbr": 49.878, "asr": 22050, "fps": null, "language": null, "filesize": null, "vcodec": "none", "url": "https://manifest.googlevideo.com/api/manifest/dash/expire/1610368276/ei/tPD7X_GpKtKys8IP1-OygAU/ip/220.129.26.102/id/1d0f084835fa3e22/source/youtube/requiressl/yes/playback_host/r8---sn-ipoxu-u2xd.googlevideo.com/mh/jr/mm/31%2C29/mn/sn-ipoxu-u2xd%2Csn-un57sn7s/ms/au%2Crdu/mv/m/mvi/8/pl/21/hfr/all/as/fmp4_audio_clear%2Cwebm_audio_clear%2Cwebm2_audio_clear%2Cfmp4_sd_hd_clear%2Cwebm2_sd_hd_clear/initcwndbps/703750/vprv/1/mt/1610345794/fvip/4/keepalive/yes/beids/9466587/itag/0/sparams/expire%2Cei%2Cip%2Cid%2Csource%2Crequiressl%2Chfr%2Cas%2Cvprv%2Citag/sig/AOq0QJ8wRgIhAPisCne-xIe9kdgUll63e4ufz5qU0M1QfFvtFevncWafAiEA5GVOnObTv3uStwuff5q7frB7I72JenivC9RCqgM9Wes%3D/lsparams/playback_host%2Cmh%2Cmm%2Cmn%2Cms%2Cmv%2Cmvi%2Cpl%2Cinitcwndbps/lsig/AG3C_xAwRQIhAMJexwXDG-dn-M_JxFtSaqbGcRxCbnaupvy2cosuc4WBAiABxR4KWxwxj7YoPdOS-31FI0AdBW9xtyoUo0QV85A_mg%3D%3D", "fragment_base_url": "https://r8---sn-ipoxu-u2xd.googlevideo.com/videoplayback/expire/1610368276/ei/tPD7X_GpKtKys8IP1-OygAU/ip/220.129.26.102/id/1d0f084835fa3e22/itag/139/source/youtube/requiressl/yes/mh/jr/mm/31,29/mn/sn-ipoxu-u2xd,sn-un57sn7s/ms/au,rdu/mv/m/mvi/8/pl/21/initcwndbps/703750/vprv/1/ratebypass/yes/mime/audio%2Fmp4/otfp/1/gir/yes/clen/679887/lmt/1604494099382186/dur/111.316/mt/1610345794/fvip/4/keepalive/yes/beids/9466587/sparams/expire,ei,ip,id,itag,source,requiressl,vprv,ratebypass,mime,otfp,gir,clen,lmt,dur/sig/AOq0QJ8wRAIgMLxnr2F6Yx0_RcaxNjlVfMGr6M475z-JIFdzJs_AqDkCIAgmygGnvyikNlkYy6PDYpfcxtBqxePIjRN2lprRScVo/lsparams/mh,mm,mn,ms,mv,mvi,pl,initcwndbps/lsig/AG3C_xAwRQIgEgrvDdsSBBFzRNv1ahry-5TRwT5cUJV2aS6bXEKMJ5wCIQCiOzd6yEYiFkyulTHefY3mcNgDWBmVyKCFNsYXG1xypQ%3D%3D/", "fragments": [{"path": "range/0-640"}, {"path": "range/817-62254", "duration": 9.985}, {"path": "range/62255-123208", "duration": 9.984}, {"path": "range/123209-183994", "duration": 9.985}, {"path": "range/183995-244891", "duration": 9.984}, {"path": "range/244892-305733", "duration": 9.985}, {"path": "range/305734-366631", "duration": 9.984}, {"path": "range/366632-427540", "duration": 9.985}, {"path": "range/427541-488343", "duration": 9.985}, {"path": "range/488344-549225", "duration": 9.984}, {"path": "range/549226-610076", "duration": 9.985}, {"path": "range/610077-671011", "duration": 9.984}, {"path": "range/671012-679886", "duration": 1.486}], "protocol": "http_dash_segments", "format": "139 - audio only (DASH audio)", "http_headers": {"User-Agent": "Mozilla/5.0 (Windows NT 10.0; Win64; x64) AppleWebKit/537.36 (KHTML, like Gecko) Chrome/71.0.3557.2 Safari/537.36", "Accept-Charset": "ISO-8859-1,utf-8;q=0.7,*;q=0.7", "Accept": "text/html,application/xhtml+xml,application/xml;q=0.9,*/*;q=0.8", "Accept-Encoding": "gzip, deflate", "Accept-Language": "en-us,en;q=0.5"}}, {"ext": "m4a", "format_note": "DASH audio", "acodec": "mp4a.40.2", "abr": 128, "container": "m4a_dash", "format_id": "140", "manifest_url": "https://manifest.googlevideo.com/api/manifest/dash/expire/1610368276/ei/tPD7X_GpKtKys8IP1-OygAU/ip/220.129.26.102/id/1d0f084835fa3e22/source/youtube/requiressl/yes/playback_host/r8---sn-ipoxu-u2xd.googlevideo.com/mh/jr/mm/31%2C29/mn/sn-ipoxu-u2xd%2Csn-un57sn7s/ms/au%2Crdu/mv/m/mvi/8/pl/21/hfr/all/as/fmp4_audio_clear%2Cwebm_audio_clear%2Cwebm2_audio_clear%2Cfmp4_sd_hd_clear%2Cwebm2_sd_hd_clear/initcwndbps/703750/vprv/1/mt/1610345794/fvip/4/keepalive/yes/beids/9466587/itag/0/sparams/expire%2Cei%2Cip%2Cid%2Csource%2Crequiressl%2Chfr%2Cas%2Cvprv%2Citag/sig/AOq0QJ8wRgIhAPisCne-xIe9kdgUll63e4ufz5qU0M1QfFvtFevncWafAiEA5GVOnObTv3uStwuff5q7frB7I72JenivC9RCqgM9Wes%3D/lsparams/playback_host%2Cmh%2Cmm%2Cmn%2Cms%2Cmv%2Cmvi%2Cpl%2Cinitcwndbps/lsig/AG3C_xAwRQIhAMJexwXDG-dn-M_JxFtSaqbGcRxCbnaupvy2cosuc4WBAiABxR4KWxwxj7YoPdOS-31FI0AdBW9xtyoUo0QV85A_mg%3D%3D", "width": null, "height": null, "tbr": 130.446, "asr": 44100, "fps": null, "language": null, "filesize": null, "vcodec": "none", "url": "https://manifest.googlevideo.com/api/manifest/dash/expire/1610368276/ei/tPD7X_GpKtKys8IP1-OygAU/ip/220.129.26.102/id/1d0f084835fa3e22/source/youtube/requiressl/yes/playback_host/r8---sn-ipoxu-u2xd.googlevideo.com/mh/jr/mm/31%2C29/mn/sn-ipoxu-u2xd%2Csn-un57sn7s/ms/au%2Crdu/mv/m/mvi/8/pl/21/hfr/all/as/fmp4_audio_clear%2Cwebm_audio_clear%2Cwebm2_audio_clear%2Cfmp4_sd_hd_clear%2Cwebm2_sd_hd_clear/initcwndbps/703750/vprv/1/mt/1610345794/fvip/4/keepalive/yes/beids/9466587/itag/0/sparams/expire%2Cei%2Cip%2Cid%2Csource%2Crequiressl%2Chfr%2Cas%2Cvprv%2Citag/sig/AOq0QJ8wRgIhAPisCne-xIe9kdgUll63e4ufz5qU0M1QfFvtFevncWafAiEA5GVOnObTv3uStwuff5q7frB7I72JenivC9RCqgM9Wes%3D/lsparams/playback_host%2Cmh%2Cmm%2Cmn%2Cms%2Cmv%2Cmvi%2Cpl%2Cinitcwndbps/lsig/AG3C_xAwRQIhAMJexwXDG-dn-M_JxFtSaqbGcRxCbnaupvy2cosuc4WBAiABxR4KWxwxj7YoPdOS-31FI0AdBW9xtyoUo0QV85A_mg%3D%3D", "fragment_base_url": "https://r8---sn-ipoxu-u2xd.googlevideo.com/videoplayback/expire/1610368276/ei/tPD7X_GpKtKys8IP1-OygAU/ip/220.129.26.102/id/1d0f084835fa3e22/itag/140/source/youtube/requiressl/yes/mh/jr/mm/31,29/mn/sn-ipoxu-u2xd,sn-un57sn7s/ms/au,rdu/mv/m/mvi/8/pl/21/initcwndbps/703750/vprv/1/ratebypass/yes/mime/audio%2Fmp4/otfp/1/gir/yes/clen/1801464/lmt/1604494099385483/dur/111.246/mt/1610345794/fvip/4/keepalive/yes/beids/9466587/sparams/expire,ei,ip,id,itag,source,requiressl,vprv,ratebypass,mime,otfp,gir,clen,lmt,dur/sig/AOq0QJ8wRQIgC9iVhu66VFsPSDwJ4QLGw9IKPMMXCz05rUlECWDLWYECIQCpLSTQpccGSHRk0KAwGTdxHomJ-jD1MTrBeAY_H7mkew%3D%3D/lsparams/mh,mm,mn,ms,mv,mvi,pl,initcwndbps/lsig/AG3C_xAwRAIgQNLQ9HVQqi8NPlZqpPSdT-5VpTuKTNpBGPbbn4NIULcCIEQigWqA7KQZWbLKAe2CQ9_baxD4NYlmRguwVJfKCadG/", "fragments": [{"path": "range/0-631"}, {"path": "range/808-162812", "duration": 9.985}, {"path": "range/162813-324398", "duration": 9.984}, {"path": "range/324399-485990", "duration": 9.985}, {"path": "range/485991-647615", "duration": 9.984}, {"path": "range/647616-809094", "duration": 9.985}, {"path": "range/809095-970768", "duration": 9.984}, {"path": "range/970769-1132340", "duration": 9.985}, {"path": "range/1132341-1293869", "duration": 9.985}, {"path": "range/1293870-1455471", "duration": 9.984}, {"path": "range/1455472-1617101", "duration": 9.985}, {"path": "range/1617102-1778476", "duration": 9.984}, {"path": "range/1778477-1801463", "duration": 1.486}], "protocol": "http_dash_segments", "format": "140 - audio only (DASH audio)", "http_headers": {"User-Agent": "Mozilla/5.0 (Windows NT 10.0; Win64; x64) AppleWebKit/537.36 (KHTML, like Gecko) Chrome/71.0.3557.2 Safari/537.36", "Accept-Charset": "ISO-8859-1,utf-8;q=0.7,*;q=0.7", "Accept": "text/html,application/xhtml+xml,application/xml;q=0.9,*/*;q=0.8", "Accept-Encoding": "gzip, deflate", "Accept-Language": "en-us,en;q=0.5"}}, {"ext": "webm", "format_note": "DASH audio", "acodec": "opus", "abr": 160, "format_id": "251", "manifest_url": "https://manifest.googlevideo.com/api/manifest/dash/expire/1610368276/ei/tPD7X_GpKtKys8IP1-OygAU/ip/220.129.26.102/id/1d0f084835fa3e22/source/youtube/requiressl/yes/playback_host/r8---sn-ipoxu-u2xd.googlevideo.com/mh/jr/mm/31%2C29/mn/sn-ipoxu-u2xd%2Csn-un57sn7s/ms/au%2Crdu/mv/m/mvi/8/pl/21/hfr/all/as/fmp4_audio_clear%2Cwebm_audio_clear%2Cwebm2_audio_clear%2Cfmp4_sd_hd_clear%2Cwebm2_sd_hd_clear/initcwndbps/703750/vprv/1/mt/1610345794/fvip/4/keepalive/yes/beids/9466587/itag/0/sparams/expire%2Cei%2Cip%2Cid%2Csource%2Crequiressl%2Chfr%2Cas%2Cvprv%2Citag/sig/AOq0QJ8wRgIhAPisCne-xIe9kdgUll63e4ufz5qU0M1QfFvtFevncWafAiEA5GVOnObTv3uStwuff5q7frB7I72JenivC9RCqgM9Wes%3D/lsparams/playback_host%2Cmh%2Cmm%2Cmn%2Cms%2Cmv%2Cmvi%2Cpl%2Cinitcwndbps/lsig/AG3C_xAwRQIhAMJexwXDG-dn-M_JxFtSaqbGcRxCbnaupvy2cosuc4WBAiABxR4KWxwxj7YoPdOS-31FI0AdBW9xtyoUo0QV85A_mg%3D%3D", "width": null, "height": null, "tbr": 156.666, "asr": 48000, "fps": null, "language": null, "filesize": null, "container": "webm_dash", "vcodec": "none", "url": "https://manifest.googlevideo.com/api/manifest/dash/expire/1610368276/ei/tPD7X_GpKtKys8IP1-OygAU/ip/220.129.26.102/id/1d0f084835fa3e22/source/youtube/requiressl/yes/playback_host/r8---sn-ipoxu-u2xd.googlevideo.com/mh/jr/mm/31%2C29/mn/sn-ipoxu-u2xd%2Csn-un57sn7s/ms/au%2Crdu/mv/m/mvi/8/pl/21/hfr/all/as/fmp4_audio_clear%2Cwebm_audio_clear%2Cwebm2_audio_clear%2Cfmp4_sd_hd_clear%2Cwebm2_sd_hd_clear/initcwndbps/703750/vprv/1/mt/1610345794/fvip/4/keepalive/yes/beids/9466587/itag/0/sparams/expire%2Cei%2Cip%2Cid%2Csource%2Crequiressl%2Chfr%2Cas%2Cvprv%2Citag/sig/AOq0QJ8wRgIhAPisCne-xIe9kdgUll63e4ufz5qU0M1QfFvtFevncWafAiEA5GVOnObTv3uStwuff5q7frB7I72JenivC9RCqgM9Wes%3D/lsparams/playback_host%2Cmh%2Cmm%2Cmn%2Cms%2Cmv%2Cmvi%2Cpl%2Cinitcwndbps/lsig/AG3C_xAwRQIhAMJexwXDG-dn-M_JxFtSaqbGcRxCbnaupvy2cosuc4WBAiABxR4KWxwxj7YoPdOS-31FI0AdBW9xtyoUo0QV85A_mg%3D%3D", "fragment_base_url": "https://r8---sn-ipoxu-u2xd.googlevideo.com/videoplayback/expire/1610368276/ei/tPD7X_GpKtKys8IP1-OygAU/ip/220.129.26.102/id/1d0f084835fa3e22/itag/251/source/youtube/requiressl/yes/mh/jr/mm/31,29/mn/sn-ipoxu-u2xd,sn-un57sn7s/ms/au,rdu/mv/m/mvi/8/pl/21/initcwndbps/703750/vprv/1/ratebypass/yes/mime/audio%2Fwebm/otfp/1/gir/yes/clen/2128612/lmt/1604494095808092/dur/111.221/mt/1610345794/fvip/4/keepalive/yes/beids/9466587/sparams/expire,ei,ip,id,itag,source,requiressl,vprv,ratebypass,mime,otfp,gir,clen,lmt,dur/sig/AOq0QJ8wRQIhAIJFbXRtem2q3UoAc6WJ1ysYo269zF_UQ8-31vug7vZgAiBgIBdjCPn8W-f01Iil5Nhgxqi-8mZ8Pq0hUv3XSO3CpA%3D%3D/lsparams/mh,mm,mn,ms,mv,mvi,pl,initcwndbps/lsig/AG3C_xAwRQIhAJrjPaygDaQ1IFOUGIRvGMdpVld0UTJYjmr0ngMyUcnTAiA1wgRQhcYlriBUfsGoXK9eqgjHq8zKhh6bSOzPvz9rpQ%3D%3D/", "fragments": [{"path": "range/0-265"}, {"path": "range/467-193011", "duration": 10.001}, {"path": "range/193012-383789", "duration": 10.0}, {"path": "range/383790-577095", "duration": 10.0}, {"path": "range/577096-771784", "duration": 10.0}, {"path": "range/771785-963623", "duration": 10.0}, {"path": "range/963624-1153026", "duration": 10.0}, {"path": "range/1153027-1347527", "duration": 10.0}, {"path": "range/1347528-1542268", "duration": 10.0}, {"path": "range/1542269-1737656", "duration": 10.0}, {"path": "range/1737657-1933489", "duration": 10.0}, {"path": "range/1933490-2112601", "duration": 10.0}, {"path": "range/2112602-2128611", "duration": 1.22}], "protocol": "http_dash_segments", "format": "251 - audio only (DASH audio)", "http_headers": {"User-Agent": "Mozilla/5.0 (Windows NT 10.0; Win64; x64) AppleWebKit/537.36 (KHTML, like Gecko) Chrome/71.0.3557.2 Safari/537.36", "Accept-Charset": "ISO-8859-1,utf-8;q=0.7,*;q=0.7", "Accept": "text/html,application/xhtml+xml,application/xml;q=0.9,*/*;q=0.8", "Accept-Encoding": "gzip, deflate", "Accept-Language": "en-us,en;q=0.5"}}, {"ext": "mp4", "height": 360, "format_note": "DASH video", "vcodec": "avc1.4d401e", "format_id": "134", "manifest_url": "https://manifest.googlevideo.com/api/manifest/dash/expire/1610368276/ei/tPD7X_GpKtKys8IP1-OygAU/ip/220.129.26.102/id/1d0f084835fa3e22/source/youtube/requiressl/yes/playback_host/r8---sn-ipoxu-u2xd.googlevideo.com/mh/jr/mm/31%2C29/mn/sn-ipoxu-u2xd%2Csn-un57sn7s/ms/au%2Crdu/mv/m/mvi/8/pl/21/hfr/all/as/fmp4_audio_clear%2Cwebm_audio_clear%2Cwebm2_audio_clear%2Cfmp4_sd_hd_clear%2Cwebm2_sd_hd_clear/initcwndbps/703750/vprv/1/mt/1610345794/fvip/4/keepalive/yes/beids/9466587/itag/0/sparams/expire%2Cei%2Cip%2Cid%2Csource%2Crequiressl%2Chfr%2Cas%2Cvprv%2Citag/sig/AOq0QJ8wRgIhAPisCne-xIe9kdgUll63e4ufz5qU0M1QfFvtFevncWafAiEA5GVOnObTv3uStwuff5q7frB7I72JenivC9RCqgM9Wes%3D/lsparams/playback_host%2Cmh%2Cmm%2Cmn%2Cms%2Cmv%2Cmvi%2Cpl%2Cinitcwndbps/lsig/AG3C_xAwRQIhAMJexwXDG-dn-M_JxFtSaqbGcRxCbnaupvy2cosuc4WBAiABxR4KWxwxj7YoPdOS-31FI0AdBW9xtyoUo0QV85A_mg%3D%3D", "width": 640, "tbr": 79.304, "asr": null, "fps": 25, "language": null, "filesize": null, "container": "mp4_dash", "acodec": "none", "url": "https://manifest.googlevideo.com/api/manifest/dash/expire/1610368276/ei/tPD7X_GpKtKys8IP1-OygAU/ip/220.129.26.102/id/1d0f084835fa3e22/source/youtube/requiressl/yes/playback_host/r8---sn-ipoxu-u2xd.googlevideo.com/mh/jr/mm/31%2C29/mn/sn-ipoxu-u2xd%2Csn-un57sn7s/ms/au%2Crdu/mv/m/mvi/8/pl/21/hfr/all/as/fmp4_audio_clear%2Cwebm_audio_clear%2Cwebm2_audio_clear%2Cfmp4_sd_hd_clear%2Cwebm2_sd_hd_clear/initcwndbps/703750/vprv/1/mt/1610345794/fvip/4/keepalive/yes/beids/9466587/itag/0/sparams/expire%2Cei%2Cip%2Cid%2Csource%2Crequiressl%2Chfr%2Cas%2Cvprv%2Citag/sig/AOq0QJ8wRgIhAPisCne-xIe9kdgUll63e4ufz5qU0M1QfFvtFevncWafAiEA5GVOnObTv3uStwuff5q7frB7I72JenivC9RCqgM9Wes%3D/lsparams/playback_host%2Cmh%2Cmm%2Cmn%2Cms%2Cmv%2Cmvi%2Cpl%2Cinitcwndbps/lsig/AG3C_xAwRQIhAMJexwXDG-dn-M_JxFtSaqbGcRxCbnaupvy2cosuc4WBAiABxR4KWxwxj7YoPdOS-31FI0AdBW9xtyoUo0QV85A_mg%3D%3D", "fragment_base_url": "https://r8---sn-ipoxu-u2xd.googlevideo.com/videoplayback/expire/1610368276/ei/tPD7X_GpKtKys8IP1-OygAU/ip/220.129.26.102/id/1d0f084835fa3e22/itag/134/source/youtube/requiressl/yes/mh/jr/mm/31,29/mn/sn-ipoxu-u2xd,sn-un57sn7s/ms/au,rdu/mv/m/mvi/8/pl/21/initcwndbps/703750/vprv/1/ratebypass/yes/mime/video%2Fmp4/otfp/1/gir/yes/clen/1011853/lmt/1604494096499618/dur/111.200/mt/1610345794/fvip/4/keepalive/yes/beids/9466587/sparams/expire,ei,ip,id,itag,source,requiressl,vprv,ratebypass,mime,otfp,gir,clen,lmt,dur/sig/AOq0QJ8wRQIhAOdJLQ_zBeJt6H2iwzrx0spXTS0-LTXIda3bKrVCTXvbAiB58zmX9JpTNHl8GrM2YsL8LQcYCTzKIu3C_L6OMfmnIA%3D%3D/lsparams/mh,mm,mn,ms,mv,mvi,pl,initcwndbps/lsig/AG3C_xAwRQIhAJOnp8eoYsikvZ9VHdPLTPfdaHYKjDtyjvAXE7TaWfs3AiBMuPglka8d4Uwn2un-7O-3_mn8SvbpbOgFJ8bG_5xp3A%3D%3D/", "fragments": [{"path": "range/0-740"}, {"path": "range/1037-47351", "duration": 5.12}, {"path": "range/47352-93702", "duration": 5.12}, {"path": "range/93703-140170", "duration": 5.12}, {"path": "range/140171-187005", "duration": 5.12}, {"path": "range/187006-233565", "duration": 5.12}, {"path": "range/233566-279724", "duration": 5.12}, {"path": "range/279725-326392", "duration": 5.12}, {"path": "range/326393-373277", "duration": 5.12}, {"path": "range/373278-420341", "duration": 5.12}, {"path": "range/420342-466772", "duration": 5.12}, {"path": "range/466773-514116", "duration": 5.12}, {"path": "range/514117-560261", "duration": 5.12}, {"path": "range/560262-607142", "duration": 5.12}, {"path": "range/607143-653947", "duration": 5.12}, {"path": "range/653948-700561", "duration": 5.12}, {"path": "range/700562-746493", "duration": 5.12}, {"path": "range/746494-793180", "duration": 5.12}, {"path": "range/793181-838913", "duration": 5.12}, {"path": "range/838914-884448", "duration": 5.12}, {"path": "range/884449-930317", "duration": 5.12}, {"path": "range/930318-975372", "duration": 5.12}, {"path": "range/975373-1011852", "duration": 3.68}], "protocol": "http_dash_segments", "format": "134 - 640x360 (DASH video)", "http_headers": {"User-Agent": "Mozilla/5.0 (Windows NT 10.0; Win64; x64) AppleWebKit/537.36 (KHTML, like Gecko) Chrome/71.0.3557.2 Safari/537.36", "Accept-Charset": "ISO-8859-1,utf-8;q=0.7,*;q=0.7", "Accept": "text/html,application/xhtml+xml,application/xml;q=0.9,*/*;q=0.8", "Accept-Encoding": "gzip, deflate", "Accept-Language": "en-us,en;q=0.5"}}, {"ext": "webm", "height": 144, "format_note": "DASH video", "container": "webm_dash", "vcodec": "vp9", "format_id": "278", "manifest_url": "https://manifest.googlevideo.com/api/manifest/dash/expire/1610368276/ei/tPD7X_GpKtKys8IP1-OygAU/ip/220.129.26.102/id/1d0f084835fa3e22/source/youtube/requiressl/yes/playback_host/r8---sn-ipoxu-u2xd.googlevideo.com/mh/jr/mm/31%2C29/mn/sn-ipoxu-u2xd%2Csn-un57sn7s/ms/au%2Crdu/mv/m/mvi/8/pl/21/hfr/all/as/fmp4_audio_clear%2Cwebm_audio_clear%2Cwebm2_audio_clear%2Cfmp4_sd_hd_clear%2Cwebm2_sd_hd_clear/initcwndbps/703750/vprv/1/mt/1610345794/fvip/4/keepalive/yes/beids/9466587/itag/0/sparams/expire%2Cei%2Cip%2Cid%2Csource%2Crequiressl%2Chfr%2Cas%2Cvprv%2Citag/sig/AOq0QJ8wRgIhAPisCne-xIe9kdgUll63e4ufz5qU0M1QfFvtFevncWafAiEA5GVOnObTv3uStwuff5q7frB7I72JenivC9RCqgM9Wes%3D/lsparams/playback_host%2Cmh%2Cmm%2Cmn%2Cms%2Cmv%2Cmvi%2Cpl%2Cinitcwndbps/lsig/AG3C_xAwRQIhAMJexwXDG-dn-M_JxFtSaqbGcRxCbnaupvy2cosuc4WBAiABxR4KWxwxj7YoPdOS-31FI0AdBW9xtyoUo0QV85A_mg%3D%3D", "width": 256, "tbr": 95.0, "asr": null, "fps": 25, "language": null, "filesize": null, "acodec": "none", "url": "https://manifest.googlevideo.com/api/manifest/dash/expire/1610368276/ei/tPD7X_GpKtKys8IP1-OygAU/ip/220.129.26.102/id/1d0f084835fa3e22/source/youtube/requiressl/yes/playback_host/r8---sn-ipoxu-u2xd.googlevideo.com/mh/jr/mm/31%2C29/mn/sn-ipoxu-u2xd%2Csn-un57sn7s/ms/au%2Crdu/mv/m/mvi/8/pl/21/hfr/all/as/fmp4_audio_clear%2Cwebm_audio_clear%2Cwebm2_audio_clear%2Cfmp4_sd_hd_clear%2Cwebm2_sd_hd_clear/initcwndbps/703750/vprv/1/mt/1610345794/fvip/4/keepalive/yes/beids/9466587/itag/0/sparams/expire%2Cei%2Cip%2Cid%2Csource%2Crequiressl%2Chfr%2Cas%2Cvprv%2Citag/sig/AOq0QJ8wRgIhAPisCne-xIe9kdgUll63e4ufz5qU0M1QfFvtFevncWafAiEA5GVOnObTv3uStwuff5q7frB7I72JenivC9RCqgM9Wes%3D/lsparams/playback_host%2Cmh%2Cmm%2Cmn%2Cms%2Cmv%2Cmvi%2Cpl%2Cinitcwndbps/lsig/AG3C_xAwRQIhAMJexwXDG-dn-M_JxFtSaqbGcRxCbnaupvy2cosuc4WBAiABxR4KWxwxj7YoPdOS-31FI0AdBW9xtyoUo0QV85A_mg%3D%3D", "fragment_base_url": "https://r8---sn-ipoxu-u2xd.googlevideo.com/videoplayback/expire/1610368276/ei/tPD7X_GpKtKys8IP1-OygAU/ip/220.129.26.102/id/1d0f084835fa3e22/itag/278/source/yt_otf/requiressl/yes/mh/jr/mm/31,29/mn/sn-ipoxu-u2xd,sn-un57sn7s/ms/au,rdu/mv/m/mvi/8/pl/21/initcwndbps/703750/vprv/1/ratebypass/yes/mime/video%2Fwebm/otfp/1/otf/1/lmt/1604494096438633/mt/1610345794/fvip/4/keepalive/yes/beids/9466587/sparams/expire,ei,ip,id,itag,source,requiressl,vprv,ratebypass,mime,otfp,otf,lmt/sig/AOq0QJ8wRgIhAPaOur_PQBgYxktJZSg9N6pI72aW-J6-i229m_BGMtG-AiEA0XbtKEWQw5Y0m_js7Nw3xxbTvGvUYhZhk13vAGH-7B8%3D/lsparams/mh,mm,mn,ms,mv,mvi,pl,initcwndbps/lsig/AG3C_xAwRQIhAMyDhkvDXnBiCwXDqaiLpn_FT3Zvzk8AfzgPJqwItR-iAiAST8TqDyAZxBQMtoeV57rHGD9SSHmQueuW77voEwL0yw%3D%3D/", "fragments": [{"path": "sq/0"}, {"path": "sq/1/dur/5.120", "duration": 5.12}, {"path": "sq/2/dur/5.120", "duration": 5.12}, {"path": "sq/3/dur/5.120", "duration": 5.12}, {"path": "sq/4/dur/5.120", "duration": 5.12}, {"path": "sq/5/dur/5.120", "duration": 5.12}, {"path": "sq/6/dur/5.120", "duration": 5.12}, {"path": "sq/7/dur/5.120", "duration": 5.12}, {"path": "sq/8/dur/5.120", "duration": 5.12}, {"path": "sq/9/dur/5.120", "duration": 5.12}, {"path": "sq/10/dur/5.120", "duration": 5.12}, {"path": "sq/11/dur/5.120", "duration": 5.12}, {"path": "sq/12/dur/5.120", "duration": 5.12}, {"path": "sq/13/dur/5.120", "duration": 5.12}, {"path": "sq/14/dur/5.120", "duration": 5.12}, {"path": "sq/15/dur/5.120", "duration": 5.12}, {"path": "sq/16/dur/5.120", "duration": 5.12}, {"path": "sq/17/dur/5.120", "duration": 5.12}, {"path": "sq/18/dur/5.120", "duration": 5.12}, {"path": "sq/19/dur/5.120", "duration": 5.12}, {"path": "sq/20/dur/5.120", "duration": 5.12}, {"path": "sq/21/dur/5.120", "duration": 5.12}, {"path": "sq/22/dur/3.680", "duration": 3.68}], "protocol": "http_dash_segments", "format": "278 - 256x144 (DASH video)", "http_headers": {"User-Agent": "Mozilla/5.0 (Windows NT 10.0; Win64; x64) AppleWebKit/537.36 (KHTML, like Gecko) Chrome/71.0.3557.2 Safari/537.36", "Accept-Charset": "ISO-8859-1,utf-8;q=0.7,*;q=0.7", "Accept": "text/html,application/xhtml+xml,application/xml;q=0.9,*/*;q=0.8", "Accept-Encoding": "gzip, deflate", "Accept-Language": "en-us,en;q=0.5"}}, {"ext": "mp4", "height": 144, "format_note": "DASH video", "vcodec": "avc1.4d400b", "format_id": "160", "manifest_url": "https://manifest.googlevideo.com/api/manifest/dash/expire/1610368276/ei/tPD7X_GpKtKys8IP1-OygAU/ip/220.129.26.102/id/1d0f084835fa3e22/source/youtube/requiressl/yes/playback_host/r8---sn-ipoxu-u2xd.googlevideo.com/mh/jr/mm/31%2C29/mn/sn-ipoxu-u2xd%2Csn-un57sn7s/ms/au%2Crdu/mv/m/mvi/8/pl/21/hfr/all/as/fmp4_audio_clear%2Cwebm_audio_clear%2Cwebm2_audio_clear%2Cfmp4_sd_hd_clear%2Cwebm2_sd_hd_clear/initcwndbps/703750/vprv/1/mt/1610345794/fvip/4/keepalive/yes/beids/9466587/itag/0/sparams/expire%2Cei%2Cip%2Cid%2Csource%2Crequiressl%2Chfr%2Cas%2Cvprv%2Citag/sig/AOq0QJ8wRgIhAPisCne-xIe9kdgUll63e4ufz5qU0M1QfFvtFevncWafAiEA5GVOnObTv3uStwuff5q7frB7I72JenivC9RCqgM9Wes%3D/lsparams/playback_host%2Cmh%2Cmm%2Cmn%2Cms%2Cmv%2Cmvi%2Cpl%2Cinitcwndbps/lsig/AG3C_xAwRQIhAMJexwXDG-dn-M_JxFtSaqbGcRxCbnaupvy2cosuc4WBAiABxR4KWxwxj7YoPdOS-31FI0AdBW9xtyoUo0QV85A_mg%3D%3D", "width": 256, "tbr": 108.0, "asr": null, "fps": 25, "language": null, "filesize": null, "container": "mp4_dash", "acodec": "none", "url": "https://manifest.googlevideo.com/api/manifest/dash/expire/1610368276/ei/tPD7X_GpKtKys8IP1-OygAU/ip/220.129.26.102/id/1d0f084835fa3e22/source/youtube/requiressl/yes/playback_host/r8---sn-ipoxu-u2xd.googlevideo.com/mh/jr/mm/31%2C29/mn/sn-ipoxu-u2xd%2Csn-un57sn7s/ms/au%2Crdu/mv/m/mvi/8/pl/21/hfr/all/as/fmp4_audio_clear%2Cwebm_audio_clear%2Cwebm2_audio_clear%2Cfmp4_sd_hd_clear%2Cwebm2_sd_hd_clear/initcwndbps/703750/vprv/1/mt/1610345794/fvip/4/keepalive/yes/beids/9466587/itag/0/sparams/expire%2Cei%2Cip%2Cid%2Csource%2Crequiressl%2Chfr%2Cas%2Cvprv%2Citag/sig/AOq0QJ8wRgIhAPisCne-xIe9kdgUll63e4ufz5qU0M1QfFvtFevncWafAiEA5GVOnObTv3uStwuff5q7frB7I72JenivC9RCqgM9Wes%3D/lsparams/playback_host%2Cmh%2Cmm%2Cmn%2Cms%2Cmv%2Cmvi%2Cpl%2Cinitcwndbps/lsig/AG3C_xAwRQIhAMJexwXDG-dn-M_JxFtSaqbGcRxCbnaupvy2cosuc4WBAiABxR4KWxwxj7YoPdOS-31FI0AdBW9xtyoUo0QV85A_mg%3D%3D", "fragment_base_url": "https://r8---sn-ipoxu-u2xd.googlevideo.com/videoplayback/expire/1610368276/ei/tPD7X_GpKtKys8IP1-OygAU/ip/220.129.26.102/id/1d0f084835fa3e22/itag/160/source/yt_otf/requiressl/yes/mh/jr/mm/31,29/mn/sn-ipoxu-u2xd,sn-un57sn7s/ms/au,rdu/mv/m/mvi/8/pl/21/initcwndbps/703750/vprv/1/ratebypass/yes/mime/video%2Fmp4/otfp/1/otf/1/lmt/1604494096438633/mt/1610345794/fvip/4/keepalive/yes/beids/9466587/sparams/expire,ei,ip,id,itag,source,requiressl,vprv,ratebypass,mime,otfp,otf,lmt/sig/AOq0QJ8wRQIhALmyMyfaIhby9DAtgXmLCDimgftwMrT1Ktd9u71GxkDvAiAwZEWjNtryBf-F3g6t-5j7OwR118ZkRWoislX_zWR4UQ%3D%3D/lsparams/mh,mm,mn,ms,mv,mvi,pl,initcwndbps/lsig/AG3C_xAwRQIgJJMA4m4lzhgjX7bSWUSmnaOr1O5wEf7iAofVVHBr_8sCIQDLi3X8tuQYnBTKz_CiFrBt2K6yeYFVZfj0xxXn5mJj-Q%3D%3D/", "fragments": [{"path": "sq/0"}, {"path": "sq/1/dur/5.120", "duration": 5.12}, {"path": "sq/2/dur/5.120", "duration": 5.12}, {"path": "sq/3/dur/5.120", "duration": 5.12}, {"path": "sq/4/dur/5.120", "duration": 5.12}, {"path": "sq/5/dur/5.120", "duration": 5.12}, {"path": "sq/6/dur/5.120", "duration": 5.12}, {"path": "sq/7/dur/5.120", "duration": 5.12}, {"path": "sq/8/dur/5.120", "duration": 5.12}, {"path": "sq/9/dur/5.120", "duration": 5.12}, {"path": "sq/10/dur/5.120", "duration": 5.12}, {"path": "sq/11/dur/5.120", "duration": 5.12}, {"path": "sq/12/dur/5.120", "duration": 5.12}, {"path": "sq/13/dur/5.120", "duration": 5.12}, {"path": "sq/14/dur/5.120", "duration": 5.12}, {"path": "sq/15/dur/5.120", "duration": 5.12}, {"path": "sq/16/dur/5.120", "duration": 5.12}, {"path": "sq/17/dur/5.120", "duration": 5.12}, {"path": "sq/18/dur/5.120", "duration": 5.12}, {"path": "sq/19/dur/5.120", "duration": 5.12}, {"path": "sq/20/dur/5.120", "duration": 5.12}, {"path": "sq/21/dur/5.120", "duration": 5.12}, {"path": "sq/22/dur/3.680", "duration": 3.68}], "protocol": "http_dash_segments", "format": "160 - 256x144 (DASH video)", "http_headers": {"User-Agent": "Mozilla/5.0 (Windows NT 10.0; Win64; x64) AppleWebKit/537.36 (KHTML, like Gecko) Chrome/71.0.3557.2 Safari/537.36", "Accept-Charset": "ISO-8859-1,utf-8;q=0.7,*;q=0.7", "Accept": "text/html,application/xhtml+xml,application/xml;q=0.9,*/*;q=0.8", "Accept-Encoding": "gzip, deflate", "Accept-Language": "en-us,en;q=0.5"}}, {"ext": "webm", "height": 240, "format_note": "DASH video", "vcodec": "vp9", "format_id": "242", "manifest_url": "https://manifest.googlevideo.com/api/manifest/dash/expire/1610368276/ei/tPD7X_GpKtKys8IP1-OygAU/ip/220.129.26.102/id/1d0f084835fa3e22/source/youtube/requiressl/yes/playback_host/r8---sn-ipoxu-u2xd.googlevideo.com/mh/jr/mm/31%2C29/mn/sn-ipoxu-u2xd%2Csn-un57sn7s/ms/au%2Crdu/mv/m/mvi/8/pl/21/hfr/all/as/fmp4_audio_clear%2Cwebm_audio_clear%2Cwebm2_audio_clear%2Cfmp4_sd_hd_clear%2Cwebm2_sd_hd_clear/initcwndbps/703750/vprv/1/mt/1610345794/fvip/4/keepalive/yes/beids/9466587/itag/0/sparams/expire%2Cei%2Cip%2Cid%2Csource%2Crequiressl%2Chfr%2Cas%2Cvprv%2Citag/sig/AOq0QJ8wRgIhAPisCne-xIe9kdgUll63e4ufz5qU0M1QfFvtFevncWafAiEA5GVOnObTv3uStwuff5q7frB7I72JenivC9RCqgM9Wes%3D/lsparams/playback_host%2Cmh%2Cmm%2Cmn%2Cms%2Cmv%2Cmvi%2Cpl%2Cinitcwndbps/lsig/AG3C_xAwRQIhAMJexwXDG-dn-M_JxFtSaqbGcRxCbnaupvy2cosuc4WBAiABxR4KWxwxj7YoPdOS-31FI0AdBW9xtyoUo0QV85A_mg%3D%3D", "width": 426, "tbr": 220.5, "asr": null, "fps": 25, "language": null, "filesize": null, "container": "webm_dash", "acodec": "none", "url": "https://manifest.googlevideo.com/api/manifest/dash/expire/1610368276/ei/tPD7X_GpKtKys8IP1-OygAU/ip/220.129.26.102/id/1d0f084835fa3e22/source/youtube/requiressl/yes/playback_host/r8---sn-ipoxu-u2xd.googlevideo.com/mh/jr/mm/31%2C29/mn/sn-ipoxu-u2xd%2Csn-un57sn7s/ms/au%2Crdu/mv/m/mvi/8/pl/21/hfr/all/as/fmp4_audio_clear%2Cwebm_audio_clear%2Cwebm2_audio_clear%2Cfmp4_sd_hd_clear%2Cwebm2_sd_hd_clear/initcwndbps/703750/vprv/1/mt/1610345794/fvip/4/keepalive/yes/beids/9466587/itag/0/sparams/expire%2Cei%2Cip%2Cid%2Csource%2Crequiressl%2Chfr%2Cas%2Cvprv%2Citag/sig/AOq0QJ8wRgIhAPisCne-xIe9kdgUll63e4ufz5qU0M1QfFvtFevncWafAiEA5GVOnObTv3uStwuff5q7frB7I72JenivC9RCqgM9Wes%3D/lsparams/playback_host%2Cmh%2Cmm%2Cmn%2Cms%2Cmv%2Cmvi%2Cpl%2Cinitcwndbps/lsig/AG3C_xAwRQIhAMJexwXDG-dn-M_JxFtSaqbGcRxCbnaupvy2cosuc4WBAiABxR4KWxwxj7YoPdOS-31FI0AdBW9xtyoUo0QV85A_mg%3D%3D", "fragment_base_url": "https://r8---sn-ipoxu-u2xd.googlevideo.com/videoplayback/expire/1610368276/ei/tPD7X_GpKtKys8IP1-OygAU/ip/220.129.26.102/id/1d0f084835fa3e22/itag/242/source/yt_otf/requiressl/yes/mh/jr/mm/31,29/mn/sn-ipoxu-u2xd,sn-un57sn7s/ms/au,rdu/mv/m/mvi/8/pl/21/initcwndbps/703750/vprv/1/ratebypass/yes/mime/video%2Fwebm/otfp/1/otf/1/lmt/1604494096438633/mt/1610345794/fvip/4/keepalive/yes/beids/9466587/sparams/expire,ei,ip,id,itag,source,requiressl,vprv,ratebypass,mime,otfp,otf,lmt/sig/AOq0QJ8wRgIhAM5mAnrbNpDw-f_mstPl16ReIum-hnExIGeS_5Q9NObTAiEA8XZM1sLobYXtcp3J5ZM8TAgens6LOytOIi5AoQyuzJI%3D/lsparams/mh,mm,mn,ms,mv,mvi,pl,initcwndbps/lsig/AG3C_xAwRQIhAMdniQM97xSSP5oY0Bp_KYUqAXamITOZoCJvkEW7JNq2AiB5vByz5jkxpvwVlqOeL8oQEHy8MbOMRy8cdhpkMXcKGQ%3D%3D/", "fragments": [{"path": "sq/0"}, {"path": "sq/1/dur/5.120", "duration": 5.12}, {"path": "sq/2/dur/5.120", "duration": 5.12}, {"path": "sq/3/dur/5.120", "duration": 5.12}, {"path": "sq/4/dur/5.120", "duration": 5.12}, {"path": "sq/5/dur/5.120", "duration": 5.12}, {"path": "sq/6/dur/5.120", "duration": 5.12}, {"path": "sq/7/dur/5.120", "duration": 5.12}, {"path": "sq/8/dur/5.120", "duration": 5.12}, {"path": "sq/9/dur/5.120", "duration": 5.12}, {"path": "sq/10/dur/5.120", "duration": 5.12}, {"path": "sq/11/dur/5.120", "duration": 5.12}, {"path": "sq/12/dur/5.120", "duration": 5.12}, {"path": "sq/13/dur/5.120", "duration": 5.12}, {"path": "sq/14/dur/5.120", "duration": 5.12}, {"path": "sq/15/dur/5.120", "duration": 5.12}, {"path": "sq/16/dur/5.120", "duration": 5.12}, {"path": "sq/17/dur/5.120", "duration": 5.12}, {"path": "sq/18/dur/5.120", "duration": 5.12}, {"path": "sq/19/dur/5.120", "duration": 5.12}, {"path": "sq/20/dur/5.120", "duration": 5.12}, {"path": "sq/21/dur/5.120", "duration": 5.12}, {"path": "sq/22/dur/3.680", "duration": 3.68}], "protocol": "http_dash_segments", "format": "242 - 426x240 (DASH video)", "http_headers": {"User-Agent": "Mozilla/5.0 (Windows NT 10.0; Win64; x64) AppleWebKit/537.36 (KHTML, like Gecko) Chrome/71.0.3557.2 Safari/537.36", "Accept-Charset": "ISO-8859-1,utf-8;q=0.7,*;q=0.7", "Accept": "text/html,application/xhtml+xml,application/xml;q=0.9,*/*;q=0.8", "Accept-Encoding": "gzip, deflate", "Accept-Language": "en-us,en;q=0.5"}}, {"ext": "mp4", "height": 240, "format_note": "DASH video", "vcodec": "avc1.4d400c", "format_id": "133", "manifest_url": "https://manifest.googlevideo.com/api/manifest/dash/expire/1610368276/ei/tPD7X_GpKtKys8IP1-OygAU/ip/220.129.26.102/id/1d0f084835fa3e22/source/youtube/requiressl/yes/playback_host/r8---sn-ipoxu-u2xd.googlevideo.com/mh/jr/mm/31%2C29/mn/sn-ipoxu-u2xd%2Csn-un57sn7s/ms/au%2Crdu/mv/m/mvi/8/pl/21/hfr/all/as/fmp4_audio_clear%2Cwebm_audio_clear%2Cwebm2_audio_clear%2Cfmp4_sd_hd_clear%2Cwebm2_sd_hd_clear/initcwndbps/703750/vprv/1/mt/1610345794/fvip/4/keepalive/yes/beids/9466587/itag/0/sparams/expire%2Cei%2Cip%2Cid%2Csource%2Crequiressl%2Chfr%2Cas%2Cvprv%2Citag/sig/AOq0QJ8wRgIhAPisCne-xIe9kdgUll63e4ufz5qU0M1QfFvtFevncWafAiEA5GVOnObTv3uStwuff5q7frB7I72JenivC9RCqgM9Wes%3D/lsparams/playback_host%2Cmh%2Cmm%2Cmn%2Cms%2Cmv%2Cmvi%2Cpl%2Cinitcwndbps/lsig/AG3C_xAwRQIhAMJexwXDG-dn-M_JxFtSaqbGcRxCbnaupvy2cosuc4WBAiABxR4KWxwxj7YoPdOS-31FI0AdBW9xtyoUo0QV85A_mg%3D%3D", "width": 426, "tbr": 242.0, "asr": null, "fps": 25, "language": null, "filesize": null, "container": "mp4_dash", "acodec": "none", "url": "https://manifest.googlevideo.com/api/manifest/dash/expire/1610368276/ei/tPD7X_GpKtKys8IP1-OygAU/ip/220.129.26.102/id/1d0f084835fa3e22/source/youtube/requiressl/yes/playback_host/r8---sn-ipoxu-u2xd.googlevideo.com/mh/jr/mm/31%2C29/mn/sn-ipoxu-u2xd%2Csn-un57sn7s/ms/au%2Crdu/mv/m/mvi/8/pl/21/hfr/all/as/fmp4_audio_clear%2Cwebm_audio_clear%2Cwebm2_audio_clear%2Cfmp4_sd_hd_clear%2Cwebm2_sd_hd_clear/initcwndbps/703750/vprv/1/mt/1610345794/fvip/4/keepalive/yes/beids/9466587/itag/0/sparams/expire%2Cei%2Cip%2Cid%2Csource%2Crequiressl%2Chfr%2Cas%2Cvprv%2Citag/sig/AOq0QJ8wRgIhAPisCne-xIe9kdgUll63e4ufz5qU0M1QfFvtFevncWafAiEA5GVOnObTv3uStwuff5q7frB7I72JenivC9RCqgM9Wes%3D/lsparams/playback_host%2Cmh%2Cmm%2Cmn%2Cms%2Cmv%2Cmvi%2Cpl%2Cinitcwndbps/lsig/AG3C_xAwRQIhAMJexwXDG-dn-M_JxFtSaqbGcRxCbnaupvy2cosuc4WBAiABxR4KWxwxj7YoPdOS-31FI0AdBW9xtyoUo0QV85A_mg%3D%3D", "fragment_base_url": "https://r8---sn-ipoxu-u2xd.googlevideo.com/videoplayback/expire/1610368276/ei/tPD7X_GpKtKys8IP1-OygAU/ip/220.129.26.102/id/1d0f084835fa3e22/itag/133/source/yt_otf/requiressl/yes/mh/jr/mm/31,29/mn/sn-ipoxu-u2xd,sn-un57sn7s/ms/au,rdu/mv/m/mvi/8/pl/21/initcwndbps/703750/vprv/1/ratebypass/yes/mime/video%2Fmp4/otfp/1/otf/1/lmt/1604494096438633/mt/1610345794/fvip/4/keepalive/yes/beids/9466587/sparams/expire,ei,ip,id,itag,source,requiressl,vprv,ratebypass,mime,otfp,otf,lmt/sig/AOq0QJ8wRgIhAM6zpmKNdvxUM1FG3uYLnnkiWv6DAS4Im5XGnQpLA6FMAiEA2Ee30-jK4hojTz66wFCYbDI76V2AhEP0oq1TQ1Iq4J4%3D/lsparams/mh,mm,mn,ms,mv,mvi,pl,initcwndbps/lsig/AG3C_xAwRgIhAKTUme1CuS8EAiS50STPOVVxEuUal6cv2d2LEt_f0AgFAiEAv9OZFLqtWK7UyIJM63nIDU9SkcQHDmF2JDbhAyL1CGk%3D/", "fragments": [{"path": "sq/0"}, {"path": "sq/1/dur/5.120", "duration": 5.12}, {"path": "sq/2/dur/5.120", "duration": 5.12}, {"path": "sq/3/dur/5.120", "duration": 5.12}, {"path": "sq/4/dur/5.120", "duration": 5.12}, {"path": "sq/5/dur/5.120", "duration": 5.12}, {"path": "sq/6/dur/5.120", "duration": 5.12}, {"path": "sq/7/dur/5.120", "duration": 5.12}, {"path": "sq/8/dur/5.120", "duration": 5.12}, {"path": "sq/9/dur/5.120", "duration": 5.12}, {"path": "sq/10/dur/5.120", "duration": 5.12}, {"path": "sq/11/dur/5.120", "duration": 5.12}, {"path": "sq/12/dur/5.120", "duration": 5.12}, {"path": "sq/13/dur/5.120", "duration": 5.12}, {"path": "sq/14/dur/5.120", "duration": 5.12}, {"path": "sq/15/dur/5.120", "duration": 5.12}, {"path": "sq/16/dur/5.120", "duration": 5.12}, {"path": "sq/17/dur/5.120", "duration": 5.12}, {"path": "sq/18/dur/5.120", "duration": 5.12}, {"path": "sq/19/dur/5.120", "duration": 5.12}, {"path": "sq/20/dur/5.120", "duration": 5.12}, {"path": "sq/21/dur/5.120", "duration": 5.12}, {"path": "sq/22/dur/3.680", "duration": 3.68}], "protocol": "http_dash_segments", "format": "133 - 426x240 (DASH video)", "http_headers": {"User-Agent": "Mozilla/5.0 (Windows NT 10.0; Win64; x64) AppleWebKit/537.36 (KHTML, like Gecko) Chrome/71.0.3557.2 Safari/537.36", "Accept-Charset": "ISO-8859-1,utf-8;q=0.7,*;q=0.7", "Accept": "text/html,application/xhtml+xml,application/xml;q=0.9,*/*;q=0.8", "Accept-Encoding": "gzip, deflate", "Accept-Language": "en-us,en;q=0.5"}}, {"ext": "webm", "height": 360, "format_note": "DASH video", "vcodec": "vp9", "format_id": "243", "manifest_url": "https://manifest.googlevideo.com/api/manifest/dash/expire/1610368276/ei/tPD7X_GpKtKys8IP1-OygAU/ip/220.129.26.102/id/1d0f084835fa3e22/source/youtube/requiressl/yes/playback_host/r8---sn-ipoxu-u2xd.googlevideo.com/mh/jr/mm/31%2C29/mn/sn-ipoxu-u2xd%2Csn-un57sn7s/ms/au%2Crdu/mv/m/mvi/8/pl/21/hfr/all/as/fmp4_audio_clear%2Cwebm_audio_clear%2Cwebm2_audio_clear%2Cfmp4_sd_hd_clear%2Cwebm2_sd_hd_clear/initcwndbps/703750/vprv/1/mt/1610345794/fvip/4/keepalive/yes/beids/9466587/itag/0/sparams/expire%2Cei%2Cip%2Cid%2Csource%2Crequiressl%2Chfr%2Cas%2Cvprv%2Citag/sig/AOq0QJ8wRgIhAPisCne-xIe9kdgUll63e4ufz5qU0M1QfFvtFevncWafAiEA5GVOnObTv3uStwuff5q7frB7I72JenivC9RCqgM9Wes%3D/lsparams/playback_host%2Cmh%2Cmm%2Cmn%2Cms%2Cmv%2Cmvi%2Cpl%2Cinitcwndbps/lsig/AG3C_xAwRQIhAMJexwXDG-dn-M_JxFtSaqbGcRxCbnaupvy2cosuc4WBAiABxR4KWxwxj7YoPdOS-31FI0AdBW9xtyoUo0QV85A_mg%3D%3D", "width": 640, "tbr": 405.72, "asr": null, "fps": 25, "language": null, "filesize": null, "container": "webm_dash", "acodec": "none", "url": "https://manifest.googlevideo.com/api/manifest/dash/expire/1610368276/ei/tPD7X_GpKtKys8IP1-OygAU/ip/220.129.26.102/id/1d0f084835fa3e22/source/youtube/requiressl/yes/playback_host/r8---sn-ipoxu-u2xd.googlevideo.com/mh/jr/mm/31%2C29/mn/sn-ipoxu-u2xd%2Csn-un57sn7s/ms/au%2Crdu/mv/m/mvi/8/pl/21/hfr/all/as/fmp4_audio_clear%2Cwebm_audio_clear%2Cwebm2_audio_clear%2Cfmp4_sd_hd_clear%2Cwebm2_sd_hd_clear/initcwndbps/703750/vprv/1/mt/1610345794/fvip/4/keepalive/yes/beids/9466587/itag/0/sparams/expire%2Cei%2Cip%2Cid%2Csource%2Crequiressl%2Chfr%2Cas%2Cvprv%2Citag/sig/AOq0QJ8wRgIhAPisCne-xIe9kdgUll63e4ufz5qU0M1QfFvtFevncWafAiEA5GVOnObTv3uStwuff5q7frB7I72JenivC9RCqgM9Wes%3D/lsparams/playback_host%2Cmh%2Cmm%2Cmn%2Cms%2Cmv%2Cmvi%2Cpl%2Cinitcwndbps/lsig/AG3C_xAwRQIhAMJexwXDG-dn-M_JxFtSaqbGcRxCbnaupvy2cosuc4WBAiABxR4KWxwxj7YoPdOS-31FI0AdBW9xtyoUo0QV85A_mg%3D%3D", "fragment_base_url": "https://r8---sn-ipoxu-u2xd.googlevideo.com/videoplayback/expire/1610368276/ei/tPD7X_GpKtKys8IP1-OygAU/ip/220.129.26.102/id/1d0f084835fa3e22/itag/243/source/yt_otf/requiressl/yes/mh/jr/mm/31,29/mn/sn-ipoxu-u2xd,sn-un57sn7s/ms/au,rdu/mv/m/mvi/8/pl/21/initcwndbps/703750/vprv/1/ratebypass/yes/mime/video%2Fwebm/otfp/1/otf/1/lmt/1604494096438633/mt/1610345794/fvip/4/keepalive/yes/beids/9466587/sparams/expire,ei,ip,id,itag,source,requiressl,vprv,ratebypass,mime,otfp,otf,lmt/sig/AOq0QJ8wRgIhAPneq5N7d4LgUwP9NAyixRXF5VdJ7INYzW5At3v1TAwOAiEA5S1L9hMTp33kHrWB_WZEC_BFJIHDYBKRjdT0zOG5V4M%3D/lsparams/mh,mm,mn,ms,mv,mvi,pl,initcwndbps/lsig/AG3C_xAwRgIhAPd-U3sCjNYbg8Qz6hm28ziftrpvXhiYMFor-9RBpfgRAiEA1-ljTGSXtlBLIQczJ0a-GEmr3LQ7XQblqxLl13qca5A%3D/", "fragments": [{"path": "sq/0"}, {"path": "sq/1/dur/5.120", "duration": 5.12}, {"path": "sq/2/dur/5.120", "duration": 5.12}, {"path": "sq/3/dur/5.120", "duration": 5.12}, {"path": "sq/4/dur/5.120", "duration": 5.12}, {"path": "sq/5/dur/5.120", "duration": 5.12}, {"path": "sq/6/dur/5.120", "duration": 5.12}, {"path": "sq/7/dur/5.120", "duration": 5.12}, {"path": "sq/8/dur/5.120", "duration": 5.12}, {"path": "sq/9/dur/5.120", "duration": 5.12}, {"path": "sq/10/dur/5.120", "duration": 5.12}, {"path": "sq/11/dur/5.120", "duration": 5.12}, {"path": "sq/12/dur/5.120", "duration": 5.12}, {"path": "sq/13/dur/5.120", "duration": 5.12}, {"path": "sq/14/dur/5.120", "duration": 5.12}, {"path": "sq/15/dur/5.120", "duration": 5.12}, {"path": "sq/16/dur/5.120", "duration": 5.12}, {"path": "sq/17/dur/5.120", "duration": 5.12}, {"path": "sq/18/dur/5.120", "duration": 5.12}, {"path": "sq/19/dur/5.120", "duration": 5.12}, {"path": "sq/20/dur/5.120", "duration": 5.12}, {"path": "sq/21/dur/5.120", "duration": 5.12}, {"path": "sq/22/dur/3.680", "duration": 3.68}], "protocol": "http_dash_segments", "format": "243 - 640x360 (DASH video)", "http_headers": {"User-Agent": "Mozilla/5.0 (Windows NT 10.0; Win64; x64) AppleWebKit/537.36 (KHTML, like Gecko) Chrome/71.0.3557.2 Safari/537.36", "Accept-Charset": "ISO-8859-1,utf-8;q=0.7,*;q=0.7", "Accept": "text/html,application/xhtml+xml,application/xml;q=0.9,*/*;q=0.8", "Accept-Encoding": "gzip, deflate", "Accept-Language": "en-us,en;q=0.5"}}, {"ext": "webm", "height": 480, "format_note": "DASH video", "vcodec": "vp9", "format_id": "244", "manifest_url": "https://manifest.googlevideo.com/api/manifest/dash/expire/1610368276/ei/tPD7X_GpKtKys8IP1-OygAU/ip/220.129.26.102/id/1d0f084835fa3e22/source/youtube/requiressl/yes/playback_host/r8---sn-ipoxu-u2xd.googlevideo.com/mh/jr/mm/31%2C29/mn/sn-ipoxu-u2xd%2Csn-un57sn7s/ms/au%2Crdu/mv/m/mvi/8/pl/21/hfr/all/as/fmp4_audio_clear%2Cwebm_audio_clear%2Cwebm2_audio_clear%2Cfmp4_sd_hd_clear%2Cwebm2_sd_hd_clear/initcwndbps/703750/vprv/1/mt/1610345794/fvip/4/keepalive/yes/beids/9466587/itag/0/sparams/expire%2Cei%2Cip%2Cid%2Csource%2Crequiressl%2Chfr%2Cas%2Cvprv%2Citag/sig/AOq0QJ8wRgIhAPisCne-xIe9kdgUll63e4ufz5qU0M1QfFvtFevncWafAiEA5GVOnObTv3uStwuff5q7frB7I72JenivC9RCqgM9Wes%3D/lsparams/playback_host%2Cmh%2Cmm%2Cmn%2Cms%2Cmv%2Cmvi%2Cpl%2Cinitcwndbps/lsig/AG3C_xAwRQIhAMJexwXDG-dn-M_JxFtSaqbGcRxCbnaupvy2cosuc4WBAiABxR4KWxwxj7YoPdOS-31FI0AdBW9xtyoUo0QV85A_mg%3D%3D", "width": 854, "tbr": 752.64, "asr": null, "fps": 25, "language": null, "filesize": null, "container": "webm_dash", "acodec": "none", "url": "https://manifest.googlevideo.com/api/manifest/dash/expire/1610368276/ei/tPD7X_GpKtKys8IP1-OygAU/ip/220.129.26.102/id/1d0f084835fa3e22/source/youtube/requiressl/yes/playback_host/r8---sn-ipoxu-u2xd.googlevideo.com/mh/jr/mm/31%2C29/mn/sn-ipoxu-u2xd%2Csn-un57sn7s/ms/au%2Crdu/mv/m/mvi/8/pl/21/hfr/all/as/fmp4_audio_clear%2Cwebm_audio_clear%2Cwebm2_audio_clear%2Cfmp4_sd_hd_clear%2Cwebm2_sd_hd_clear/initcwndbps/703750/vprv/1/mt/1610345794/fvip/4/keepalive/yes/beids/9466587/itag/0/sparams/expire%2Cei%2Cip%2Cid%2Csource%2Crequiressl%2Chfr%2Cas%2Cvprv%2Citag/sig/AOq0QJ8wRgIhAPisCne-xIe9kdgUll63e4ufz5qU0M1QfFvtFevncWafAiEA5GVOnObTv3uStwuff5q7frB7I72JenivC9RCqgM9Wes%3D/lsparams/playback_host%2Cmh%2Cmm%2Cmn%2Cms%2Cmv%2Cmvi%2Cpl%2Cinitcwndbps/lsig/AG3C_xAwRQIhAMJexwXDG-dn-M_JxFtSaqbGcRxCbnaupvy2cosuc4WBAiABxR4KWxwxj7YoPdOS-31FI0AdBW9xtyoUo0QV85A_mg%3D%3D", "fragment_base_url": "https://r8---sn-ipoxu-u2xd.googlevideo.com/videoplayback/expire/1610368276/ei/tPD7X_GpKtKys8IP1-OygAU/ip/220.129.26.102/id/1d0f084835fa3e22/itag/244/source/yt_otf/requiressl/yes/mh/jr/mm/31,29/mn/sn-ipoxu-u2xd,sn-un57sn7s/ms/au,rdu/mv/m/mvi/8/pl/21/initcwndbps/703750/vprv/1/ratebypass/yes/mime/video%2Fwebm/otfp/1/otf/1/lmt/1604494096438633/mt/1610345794/fvip/4/keepalive/yes/beids/9466587/sparams/expire,ei,ip,id,itag,source,requiressl,vprv,ratebypass,mime,otfp,otf,lmt/sig/AOq0QJ8wRAIgdQ4TkurGfXYNG4IpDrEV1SfiR4jzfAphPQiY7Xuvr8UCIA_ey9S_MgvTBtP7StuHQTuSpwnJvQKdqGMmI4x971z1/lsparams/mh,mm,mn,ms,mv,mvi,pl,initcwndbps/lsig/AG3C_xAwRQIgHIKb7tXF5SUSYsm6ZibSG5bN_x-oiV5wv5XzJlXjRgICIQDCFSijsmlbvySvH52_3IteKdb3uWqNzOUlYW4OKLntPQ%3D%3D/", "fragments": [{"path": "sq/0"}, {"path": "sq/1/dur/5.120", "duration": 5.12}, {"path": "sq/2/dur/5.120", "duration": 5.12}, {"path": "sq/3/dur/5.120", "duration": 5.12}, {"path": "sq/4/dur/5.120", "duration": 5.12}, {"path": "sq/5/dur/5.120", "duration": 5.12}, {"path": "sq/6/dur/5.120", "duration": 5.12}, {"path": "sq/7/dur/5.120", "duration": 5.12}, {"path": "sq/8/dur/5.120", "duration": 5.12}, {"path": "sq/9/dur/5.120", "duration": 5.12}, {"path": "sq/10/dur/5.120", "duration": 5.12}, {"path": "sq/11/dur/5.120", "duration": 5.12}, {"path": "sq/12/dur/5.120", "duration": 5.12}, {"path": "sq/13/dur/5.120", "duration": 5.12}, {"path": "sq/14/dur/5.120", "duration": 5.12}, {"path": "sq/15/dur/5.120", "duration": 5.12}, {"path": "sq/16/dur/5.120", "duration": 5.12}, {"path": "sq/17/dur/5.120", "duration": 5.12}, {"path": "sq/18/dur/5.120", "duration": 5.12}, {"path": "sq/19/dur/5.120", "duration": 5.12}, {"path": "sq/20/dur/5.120", "duration": 5.12}, {"path": "sq/21/dur/5.120", "duration": 5.12}, {"path": "sq/22/dur/3.680", "duration": 3.68}], "protocol": "http_dash_segments", "format": "244 - 854x480 (DASH video)", "http_headers": {"User-Agent": "Mozilla/5.0 (Windows NT 10.0; Win64; x64) AppleWebKit/537.36 (KHTML, like Gecko) Chrome/71.0.3557.2 Safari/537.36", "Accept-Charset": "ISO-8859-1,utf-8;q=0.7,*;q=0.7", "Accept": "text/html,application/xhtml+xml,application/xml;q=0.9,*/*;q=0.8", "Accept-Encoding": "gzip, deflate", "Accept-Language": "en-us,en;q=0.5"}}, {"ext": "mp4", "height": 1080, "format_note": "DASH video", "vcodec": "avc1.640028", "format_id": "137", "manifest_url": "https://manifest.googlevideo.com/api/manifest/dash/expire/1610368276/ei/tPD7X_GpKtKys8IP1-OygAU/ip/220.129.26.102/id/1d0f084835fa3e22/source/youtube/requiressl/yes/playback_host/r8---sn-ipoxu-u2xd.googlevideo.com/mh/jr/mm/31%2C29/mn/sn-ipoxu-u2xd%2Csn-un57sn7s/ms/au%2Crdu/mv/m/mvi/8/pl/21/hfr/all/as/fmp4_audio_clear%2Cwebm_audio_clear%2Cwebm2_audio_clear%2Cfmp4_sd_hd_clear%2Cwebm2_sd_hd_clear/initcwndbps/703750/vprv/1/mt/1610345794/fvip/4/keepalive/yes/beids/9466587/itag/0/sparams/expire%2Cei%2Cip%2Cid%2Csource%2Crequiressl%2Chfr%2Cas%2Cvprv%2Citag/sig/AOq0QJ8wRgIhAPisCne-xIe9kdgUll63e4ufz5qU0M1QfFvtFevncWafAiEA5GVOnObTv3uStwuff5q7frB7I72JenivC9RCqgM9Wes%3D/lsparams/playback_host%2Cmh%2Cmm%2Cmn%2Cms%2Cmv%2Cmvi%2Cpl%2Cinitcwndbps/lsig/AG3C_xAwRQIhAMJexwXDG-dn-M_JxFtSaqbGcRxCbnaupvy2cosuc4WBAiABxR4KWxwxj7YoPdOS-31FI0AdBW9xtyoUo0QV85A_mg%3D%3D", "width": 1920, "tbr": 852.978, "asr": null, "fps": 25, "language": null, "filesize": null, "container": "mp4_dash", "acodec": "none", "url": "https://manifest.googlevideo.com/api/manifest/dash/expire/1610368276/ei/tPD7X_GpKtKys8IP1-OygAU/ip/220.129.26.102/id/1d0f084835fa3e22/source/youtube/requiressl/yes/playback_host/r8---sn-ipoxu-u2xd.googlevideo.com/mh/jr/mm/31%2C29/mn/sn-ipoxu-u2xd%2Csn-un57sn7s/ms/au%2Crdu/mv/m/mvi/8/pl/21/hfr/all/as/fmp4_audio_clear%2Cwebm_audio_clear%2Cwebm2_audio_clear%2Cfmp4_sd_hd_clear%2Cwebm2_sd_hd_clear/initcwndbps/703750/vprv/1/mt/1610345794/fvip/4/keepalive/yes/beids/9466587/itag/0/sparams/expire%2Cei%2Cip%2Cid%2Csource%2Crequiressl%2Chfr%2Cas%2Cvprv%2Citag/sig/AOq0QJ8wRgIhAPisCne-xIe9kdgUll63e4ufz5qU0M1QfFvtFevncWafAiEA5GVOnObTv3uStwuff5q7frB7I72JenivC9RCqgM9Wes%3D/lsparams/playback_host%2Cmh%2Cmm%2Cmn%2Cms%2Cmv%2Cmvi%2Cpl%2Cinitcwndbps/lsig/AG3C_xAwRQIhAMJexwXDG-dn-M_JxFtSaqbGcRxCbnaupvy2cosuc4WBAiABxR4KWxwxj7YoPdOS-31FI0AdBW9xtyoUo0QV85A_mg%3D%3D", "fragment_base_url": "https://r8---sn-ipoxu-u2xd.googlevideo.com/videoplayback/expire/1610368276/ei/tPD7X_GpKtKys8IP1-OygAU/ip/220.129.26.102/id/1d0f084835fa3e22/itag/137/source/youtube/requiressl/yes/mh/jr/mm/31,29/mn/sn-ipoxu-u2xd,sn-un57sn7s/ms/au,rdu/mv/m/mvi/8/pl/21/initcwndbps/703750/vprv/1/ratebypass/yes/mime/video%2Fmp4/otfp/1/gir/yes/clen/9233544/lmt/1604494096438633/dur/111.200/mt/1610345794/fvip/4/keepalive/yes/beids/9466587/sparams/expire,ei,ip,id,itag,source,requiressl,vprv,ratebypass,mime,otfp,gir,clen,lmt,dur/sig/AOq0QJ8wRQIgLnDy9MjtJDZiJEI5qSmp1afWgG6oF1i1OYQJpQ1aNvYCIQDob0LZOHx3PvWu_InZmx2171pobU82undfh4BgyoTj0Q%3D%3D/lsparams/mh,mm,mn,ms,mv,mvi,pl,initcwndbps/lsig/AG3C_xAwRgIhAPdbCitVL3BtySLgQecXJbsQYxOD4lhtSDXDUWC0tEnDAiEArNsR4XZwhF5qitlTKmrQoS2V4FnNx6NOZF-pst8Rwxo%3D/", "fragments": [{"path": "range/0-741"}, {"path": "range/1038-419909", "duration": 5.12}, {"path": "range/419910-842217", "duration": 5.12}, {"path": "range/842218-1255872", "duration": 5.12}, {"path": "range/1255873-1680045", "duration": 5.12}, {"path": "range/1680046-2097560", "duration": 5.12}, {"path": "range/2097561-2520664", "duration": 5.12}, {"path": "range/2520665-2940273", "duration": 5.12}, {"path": "range/2940274-3360862", "duration": 5.12}, {"path": "range/3360863-3781372", "duration": 5.12}, {"path": "range/3781373-4199753", "duration": 5.12}, {"path": "range/4199754-4619797", "duration": 5.12}, {"path": "range/4619798-5034764", "duration": 5.12}, {"path": "range/5034765-5451650", "duration": 5.12}, {"path": "range/5451651-5870739", "duration": 5.12}, {"path": "range/5870740-6287924", "duration": 5.12}, {"path": "range/6287925-6703426", "duration": 5.12}, {"path": "range/6703427-7129488", "duration": 5.12}, {"path": "range/7129489-7554036", "duration": 5.12}, {"path": "range/7554037-7982663", "duration": 5.12}, {"path": "range/7982664-8412974", "duration": 5.12}, {"path": "range/8412975-8841173", "duration": 5.12}, {"path": "range/8841174-9233543", "duration": 3.68}], "protocol": "http_dash_segments", "format": "137 - 1920x1080 (DASH video)", "http_headers": {"User-Agent": "Mozilla/5.0 (Windows NT 10.0; Win64; x64) AppleWebKit/537.36 (KHTML, like Gecko) Chrome/71.0.3557.2 Safari/537.36", "Accept-Charset": "ISO-8859-1,utf-8;q=0.7,*;q=0.7", "Accept": "text/html,application/xhtml+xml,application/xml;q=0.9,*/*;q=0.8", "Accept-Encoding": "gzip, deflate", "Accept-Language": "en-us,en;q=0.5"}}, {"ext": "mp4", "height": 480, "format_note": "DASH video", "vcodec": "avc1.4d4014", "format_id": "135", "manifest_url": "https://manifest.googlevideo.com/api/manifest/dash/expire/1610368276/ei/tPD7X_GpKtKys8IP1-OygAU/ip/220.129.26.102/id/1d0f084835fa3e22/source/youtube/requiressl/yes/playback_host/r8---sn-ipoxu-u2xd.googlevideo.com/mh/jr/mm/31%2C29/mn/sn-ipoxu-u2xd%2Csn-un57sn7s/ms/au%2Crdu/mv/m/mvi/8/pl/21/hfr/all/as/fmp4_audio_clear%2Cwebm_audio_clear%2Cwebm2_audio_clear%2Cfmp4_sd_hd_clear%2Cwebm2_sd_hd_clear/initcwndbps/703750/vprv/1/mt/1610345794/fvip/4/keepalive/yes/beids/9466587/itag/0/sparams/expire%2Cei%2Cip%2Cid%2Csource%2Crequiressl%2Chfr%2Cas%2Cvprv%2Citag/sig/AOq0QJ8wRgIhAPisCne-xIe9kdgUll63e4ufz5qU0M1QfFvtFevncWafAiEA5GVOnObTv3uStwuff5q7frB7I72JenivC9RCqgM9Wes%3D/lsparams/playback_host%2Cmh%2Cmm%2Cmn%2Cms%2Cmv%2Cmvi%2Cpl%2Cinitcwndbps/lsig/AG3C_xAwRQIhAMJexwXDG-dn-M_JxFtSaqbGcRxCbnaupvy2cosuc4WBAiABxR4KWxwxj7YoPdOS-31FI0AdBW9xtyoUo0QV85A_mg%3D%3D", "width": 854, "tbr": 1155.0, "asr": null, "fps": 25, "language": null, "filesize": null, "container": "mp4_dash", "acodec": "none", "url": "https://manifest.googlevideo.com/api/manifest/dash/expire/1610368276/ei/tPD7X_GpKtKys8IP1-OygAU/ip/220.129.26.102/id/1d0f084835fa3e22/source/youtube/requiressl/yes/playback_host/r8---sn-ipoxu-u2xd.googlevideo.com/mh/jr/mm/31%2C29/mn/sn-ipoxu-u2xd%2Csn-un57sn7s/ms/au%2Crdu/mv/m/mvi/8/pl/21/hfr/all/as/fmp4_audio_clear%2Cwebm_audio_clear%2Cwebm2_audio_clear%2Cfmp4_sd_hd_clear%2Cwebm2_sd_hd_clear/initcwndbps/703750/vprv/1/mt/1610345794/fvip/4/keepalive/yes/beids/9466587/itag/0/sparams/expire%2Cei%2Cip%2Cid%2Csource%2Crequiressl%2Chfr%2Cas%2Cvprv%2Citag/sig/AOq0QJ8wRgIhAPisCne-xIe9kdgUll63e4ufz5qU0M1QfFvtFevncWafAiEA5GVOnObTv3uStwuff5q7frB7I72JenivC9RCqgM9Wes%3D/lsparams/playback_host%2Cmh%2Cmm%2Cmn%2Cms%2Cmv%2Cmvi%2Cpl%2Cinitcwndbps/lsig/AG3C_xAwRQIhAMJexwXDG-dn-M_JxFtSaqbGcRxCbnaupvy2cosuc4WBAiABxR4KWxwxj7YoPdOS-31FI0AdBW9xtyoUo0QV85A_mg%3D%3D", "fragment_base_url": "https://r8---sn-ipoxu-u2xd.googlevideo.com/videoplayback/expire/1610368276/ei/tPD7X_GpKtKys8IP1-OygAU/ip/220.129.26.102/id/1d0f084835fa3e22/itag/135/source/yt_otf/requiressl/yes/mh/jr/mm/31,29/mn/sn-ipoxu-u2xd,sn-un57sn7s/ms/au,rdu/mv/m/mvi/8/pl/21/initcwndbps/703750/vprv/1/ratebypass/yes/mime/video%2Fmp4/otfp/1/otf/1/lmt/1604494096438633/mt/1610345794/fvip/4/keepalive/yes/beids/9466587/sparams/expire,ei,ip,id,itag,source,requiressl,vprv,ratebypass,mime,otfp,otf,lmt/sig/AOq0QJ8wRgIhALleIzX5VbmtuBCcbkCZdTb67Ux9OKVGXHjuH0_oUwn5AiEAmVmzgYy9gusXF_s3rIfPkTTUzaIe46KSYW6XdIA8cNs%3D/lsparams/mh,mm,mn,ms,mv,mvi,pl,initcwndbps/lsig/AG3C_xAwRQIhAJF6i7nsb0qUX2yW12E6Vxn_YoA1sTRiTZkNgGBJGF0tAiANpP_ZfTxlnGErf9aXxlsK5g6SVXWma8XnBW9hBrVv3A%3D%3D/", "fragments": [{"path": "sq/0"}, {"path": "sq/1/dur/5.120", "duration": 5.12}, {"path": "sq/2/dur/5.120", "duration": 5.12}, {"path": "sq/3/dur/5.120", "duration": 5.12}, {"path": "sq/4/dur/5.120", "duration": 5.12}, {"path": "sq/5/dur/5.120", "duration": 5.12}, {"path": "sq/6/dur/5.120", "duration": 5.12}, {"path": "sq/7/dur/5.120", "duration": 5.12}, {"path": "sq/8/dur/5.120", "duration": 5.12}, {"path": "sq/9/dur/5.120", "duration": 5.12}, {"path": "sq/10/dur/5.120", "duration": 5.12}, {"path": "sq/11/dur/5.120", "duration": 5.12}, {"path": "sq/12/dur/5.120", "duration": 5.12}, {"path": "sq/13/dur/5.120", "duration": 5.12}, {"path": "sq/14/dur/5.120", "duration": 5.12}, {"path": "sq/15/dur/5.120", "duration": 5.12}, {"path": "sq/16/dur/5.120", "duration": 5.12}, {"path": "sq/17/dur/5.120", "duration": 5.12}, {"path": "sq/18/dur/5.120", "duration": 5.12}, {"path": "sq/19/dur/5.120", "duration": 5.12}, {"path": "sq/20/dur/5.120", "duration": 5.12}, {"path": "sq/21/dur/5.120", "duration": 5.12}, {"path": "sq/22/dur/3.680", "duration": 3.68}], "protocol": "http_dash_segments", "format": "135 - 854x480 (DASH video)", "http_headers": {"User-Agent": "Mozilla/5.0 (Windows NT 10.0; Win64; x64) AppleWebKit/537.36 (KHTML, like Gecko) Chrome/71.0.3557.2 Safari/537.36", "Accept-Charset": "ISO-8859-1,utf-8;q=0.7,*;q=0.7", "Accept": "text/html,application/xhtml+xml,application/xml;q=0.9,*/*;q=0.8", "Accept-Encoding": "gzip, deflate", "Accept-Language": "en-us,en;q=0.5"}}, {"ext": "webm", "height": 720, "format_note": "DASH video", "vcodec": "vp9", "format_id": "247", "manifest_url": "https://manifest.googlevideo.com/api/manifest/dash/expire/1610368276/ei/tPD7X_GpKtKys8IP1-OygAU/ip/220.129.26.102/id/1d0f084835fa3e22/source/youtube/requiressl/yes/playback_host/r8---sn-ipoxu-u2xd.googlevideo.com/mh/jr/mm/31%2C29/mn/sn-ipoxu-u2xd%2Csn-un57sn7s/ms/au%2Crdu/mv/m/mvi/8/pl/21/hfr/all/as/fmp4_audio_clear%2Cwebm_audio_clear%2Cwebm2_audio_clear%2Cfmp4_sd_hd_clear%2Cwebm2_sd_hd_clear/initcwndbps/703750/vprv/1/mt/1610345794/fvip/4/keepalive/yes/beids/9466587/itag/0/sparams/expire%2Cei%2Cip%2Cid%2Csource%2Crequiressl%2Chfr%2Cas%2Cvprv%2Citag/sig/AOq0QJ8wRgIhAPisCne-xIe9kdgUll63e4ufz5qU0M1QfFvtFevncWafAiEA5GVOnObTv3uStwuff5q7frB7I72JenivC9RCqgM9Wes%3D/lsparams/playback_host%2Cmh%2Cmm%2Cmn%2Cms%2Cmv%2Cmvi%2Cpl%2Cinitcwndbps/lsig/AG3C_xAwRQIhAMJexwXDG-dn-M_JxFtSaqbGcRxCbnaupvy2cosuc4WBAiABxR4KWxwxj7YoPdOS-31FI0AdBW9xtyoUo0QV85A_mg%3D%3D", "width": 1280, "tbr": 1505.28, "asr": null, "fps": 25, "language": null, "filesize": null, "container": "webm_dash", "acodec": "none", "url": "https://manifest.googlevideo.com/api/manifest/dash/expire/1610368276/ei/tPD7X_GpKtKys8IP1-OygAU/ip/220.129.26.102/id/1d0f084835fa3e22/source/youtube/requiressl/yes/playback_host/r8---sn-ipoxu-u2xd.googlevideo.com/mh/jr/mm/31%2C29/mn/sn-ipoxu-u2xd%2Csn-un57sn7s/ms/au%2Crdu/mv/m/mvi/8/pl/21/hfr/all/as/fmp4_audio_clear%2Cwebm_audio_clear%2Cwebm2_audio_clear%2Cfmp4_sd_hd_clear%2Cwebm2_sd_hd_clear/initcwndbps/703750/vprv/1/mt/1610345794/fvip/4/keepalive/yes/beids/9466587/itag/0/sparams/expire%2Cei%2Cip%2Cid%2Csource%2Crequiressl%2Chfr%2Cas%2Cvprv%2Citag/sig/AOq0QJ8wRgIhAPisCne-xIe9kdgUll63e4ufz5qU0M1QfFvtFevncWafAiEA5GVOnObTv3uStwuff5q7frB7I72JenivC9RCqgM9Wes%3D/lsparams/playback_host%2Cmh%2Cmm%2Cmn%2Cms%2Cmv%2Cmvi%2Cpl%2Cinitcwndbps/lsig/AG3C_xAwRQIhAMJexwXDG-dn-M_JxFtSaqbGcRxCbnaupvy2cosuc4WBAiABxR4KWxwxj7YoPdOS-31FI0AdBW9xtyoUo0QV85A_mg%3D%3D", "fragment_base_url": "https://r8---sn-ipoxu-u2xd.googlevideo.com/videoplayback/expire/1610368276/ei/tPD7X_GpKtKys8IP1-OygAU/ip/220.129.26.102/id/1d0f084835fa3e22/itag/247/source/yt_otf/requiressl/yes/mh/jr/mm/31,29/mn/sn-ipoxu-u2xd,sn-un57sn7s/ms/au,rdu/mv/m/mvi/8/pl/21/initcwndbps/703750/vprv/1/ratebypass/yes/mime/video%2Fwebm/otfp/1/otf/1/lmt/1604494096438633/mt/1610345794/fvip/4/keepalive/yes/beids/9466587/sparams/expire,ei,ip,id,itag,source,requiressl,vprv,ratebypass,mime,otfp,otf,lmt/sig/AOq0QJ8wRQIhAPOCgP9vM3hK56-CizTYB2UcF0ZgJANIjvHqTlqLCCQ3AiBcxL8erTKoNUbunua5MI3Sc_6uFvZKDj3pHVdsexObpA%3D%3D/lsparams/mh,mm,mn,ms,mv,mvi,pl,initcwndbps/lsig/AG3C_xAwRAIgQKu3CpQc8dKqtRcUeeOwn5DehssVKVos1EWSNAoBqK0CIAuEKL-BxDeDTPU5QkcEd66G-1eE_E0FuYgkiGq4MUGl/", "fragments": [{"path": "sq/0"}, {"path": "sq/1/dur/5.120", "duration": 5.12}, {"path": "sq/2/dur/5.120", "duration": 5.12}, {"path": "sq/3/dur/5.120", "duration": 5.12}, {"path": "sq/4/dur/5.120", "duration": 5.12}, {"path": "sq/5/dur/5.120", "duration": 5.12}, {"path": "sq/6/dur/5.120", "duration": 5.12}, {"path": "sq/7/dur/5.120", "duration": 5.12}, {"path": "sq/8/dur/5.120", "duration": 5.12}, {"path": "sq/9/dur/5.120", "duration": 5.12}, {"path": "sq/10/dur/5.120", "duration": 5.12}, {"path": "sq/11/dur/5.120", "duration": 5.12}, {"path": "sq/12/dur/5.120", "duration": 5.12}, {"path": "sq/13/dur/5.120", "duration": 5.12}, {"path": "sq/14/dur/5.120", "duration": 5.12}, {"path": "sq/15/dur/5.120", "duration": 5.12}, {"path": "sq/16/dur/5.120", "duration": 5.12}, {"path": "sq/17/dur/5.120", "duration": 5.12}, {"path": "sq/18/dur/5.120", "duration": 5.12}, {"path": "sq/19/dur/5.120", "duration": 5.12}, {"path": "sq/20/dur/5.120", "duration": 5.12}, {"path": "sq/21/dur/5.120", "duration": 5.12}, {"path": "sq/22/dur/3.680", "duration": 3.68}], "protocol": "http_dash_segments", "format": "247 - 1280x720 (DASH video)", "http_headers": {"User-Agent": "Mozilla/5.0 (Windows NT 10.0; Win64; x64) AppleWebKit/537.36 (KHTML, like Gecko) Chrome/71.0.3557.2 Safari/537.36", "Accept-Charset": "ISO-8859-1,utf-8;q=0.7,*;q=0.7", "Accept": "text/html,application/xhtml+xml,application/xml;q=0.9,*/*;q=0.8", "Accept-Encoding": "gzip, deflate", "Accept-Language": "en-us,en;q=0.5"}}, {"ext": "mp4", "height": 720, "format_note": "DASH video", "vcodec": "avc1.4d400b", "format_id": "136", "manifest_url": "https://manifest.googlevideo.com/api/manifest/dash/expire/1610368276/ei/tPD7X_GpKtKys8IP1-OygAU/ip/220.129.26.102/id/1d0f084835fa3e22/source/youtube/requiressl/yes/playback_host/r8---sn-ipoxu-u2xd.googlevideo.com/mh/jr/mm/31%2C29/mn/sn-ipoxu-u2xd%2Csn-un57sn7s/ms/au%2Crdu/mv/m/mvi/8/pl/21/hfr/all/as/fmp4_audio_clear%2Cwebm_audio_clear%2Cwebm2_audio_clear%2Cfmp4_sd_hd_clear%2Cwebm2_sd_hd_clear/initcwndbps/703750/vprv/1/mt/1610345794/fvip/4/keepalive/yes/beids/9466587/itag/0/sparams/expire%2Cei%2Cip%2Cid%2Csource%2Crequiressl%2Chfr%2Cas%2Cvprv%2Citag/sig/AOq0QJ8wRgIhAPisCne-xIe9kdgUll63e4ufz5qU0M1QfFvtFevncWafAiEA5GVOnObTv3uStwuff5q7frB7I72JenivC9RCqgM9Wes%3D/lsparams/playback_host%2Cmh%2Cmm%2Cmn%2Cms%2Cmv%2Cmvi%2Cpl%2Cinitcwndbps/lsig/AG3C_xAwRQIhAMJexwXDG-dn-M_JxFtSaqbGcRxCbnaupvy2cosuc4WBAiABxR4KWxwxj7YoPdOS-31FI0AdBW9xtyoUo0QV85A_mg%3D%3D", "width": 1280, "tbr": 2310.0, "asr": null, "fps": 25, "language": null, "filesize": null, "container": "mp4_dash", "acodec": "none", "url": "https://manifest.googlevideo.com/api/manifest/dash/expire/1610368276/ei/tPD7X_GpKtKys8IP1-OygAU/ip/220.129.26.102/id/1d0f084835fa3e22/source/youtube/requiressl/yes/playback_host/r8---sn-ipoxu-u2xd.googlevideo.com/mh/jr/mm/31%2C29/mn/sn-ipoxu-u2xd%2Csn-un57sn7s/ms/au%2Crdu/mv/m/mvi/8/pl/21/hfr/all/as/fmp4_audio_clear%2Cwebm_audio_clear%2Cwebm2_audio_clear%2Cfmp4_sd_hd_clear%2Cwebm2_sd_hd_clear/initcwndbps/703750/vprv/1/mt/1610345794/fvip/4/keepalive/yes/beids/9466587/itag/0/sparams/expire%2Cei%2Cip%2Cid%2Csource%2Crequiressl%2Chfr%2Cas%2Cvprv%2Citag/sig/AOq0QJ8wRgIhAPisCne-xIe9kdgUll63e4ufz5qU0M1QfFvtFevncWafAiEA5GVOnObTv3uStwuff5q7frB7I72JenivC9RCqgM9Wes%3D/lsparams/playback_host%2Cmh%2Cmm%2Cmn%2Cms%2Cmv%2Cmvi%2Cpl%2Cinitcwndbps/lsig/AG3C_xAwRQIhAMJexwXDG-dn-M_JxFtSaqbGcRxCbnaupvy2cosuc4WBAiABxR4KWxwxj7YoPdOS-31FI0AdBW9xtyoUo0QV85A_mg%3D%3D", "fragment_base_url": "https://r8---sn-ipoxu-u2xd.googlevideo.com/videoplayback/expire/1610368276/ei/tPD7X_GpKtKys8IP1-OygAU/ip/220.129.26.102/id/1d0f084835fa3e22/itag/136/source/yt_otf/requiressl/yes/mh/jr/mm/31,29/mn/sn-ipoxu-u2xd,sn-un57sn7s/ms/au,rdu/mv/m/mvi/8/pl/21/initcwndbps/703750/vprv/1/ratebypass/yes/mime/video%2Fmp4/otfp/1/otf/1/lmt/1604494096438633/mt/1610345794/fvip/4/keepalive/yes/beids/9466587/sparams/expire,ei,ip,id,itag,source,requiressl,vprv,ratebypass,mime,otfp,otf,lmt/sig/AOq0QJ8wRQIgBfPJ1fSY85jD4XRpUMtFYxlxERcgvaDCtK9Rf_wgdVICIQDNTzGb7AjYsluJyvtGDCGIZWyX5BD2I0dxjzgRJenyWw%3D%3D/lsparams/mh,mm,mn,ms,mv,mvi,pl,initcwndbps/lsig/AG3C_xAwRQIgPr07NybP2_ANKAlwEeC1VULdJOaF9VeRiSzXret2iLsCIQDbRmFZecdcOVckrrHYbBsa00cou1vr8SIxCJoSEh4X1g%3D%3D/", "fragments": [{"path": "sq/0"}, {"path": "sq/1/dur/5.120", "duration": 5.12}, {"path": "sq/2/dur/5.120", "duration": 5.12}, {"path": "sq/3/dur/5.120", "duration": 5.12}, {"path": "sq/4/dur/5.120", "duration": 5.12}, {"path": "sq/5/dur/5.120", "duration": 5.12}, {"path": "sq/6/dur/5.120", "duration": 5.12}, {"path": "sq/7/dur/5.120", "duration": 5.12}, {"path": "sq/8/dur/5.120", "duration": 5.12}, {"path": "sq/9/dur/5.120", "duration": 5.12}, {"path": "sq/10/dur/5.120", "duration": 5.12}, {"path": "sq/11/dur/5.120", "duration": 5.12}, {"path": "sq/12/dur/5.120", "duration": 5.12}, {"path": "sq/13/dur/5.120", "duration": 5.12}, {"path": "sq/14/dur/5.120", "duration": 5.12}, {"path": "sq/15/dur/5.120", "duration": 5.12}, {"path": "sq/16/dur/5.120", "duration": 5.12}, {"path": "sq/17/dur/5.120", "duration": 5.12}, {"path": "sq/18/dur/5.120", "duration": 5.12}, {"path": "sq/19/dur/5.120", "duration": 5.12}, {"path": "sq/20/dur/5.120", "duration": 5.12}, {"path": "sq/21/dur/5.120", "duration": 5.12}, {"path": "sq/22/dur/3.680", "duration": 3.68}], "protocol": "http_dash_segments", "format": "136 - 1280x720 (DASH video)", "http_headers": {"User-Agent": "Mozilla/5.0 (Windows NT 10.0; Win64; x64) AppleWebKit/537.36 (KHTML, like Gecko) Chrome/71.0.3557.2 Safari/537.36", "Accept-Charset": "ISO-8859-1,utf-8;q=0.7,*;q=0.7", "Accept": "text/html,application/xhtml+xml,application/xml;q=0.9,*/*;q=0.8", "Accept-Encoding": "gzip, deflate", "Accept-Language": "en-us,en;q=0.5"}}, {"ext": "webm", "height": 1080, "format_note": "DASH video", "vcodec": "vp9", "format_id": "248", "manifest_url": "https://manifest.googlevideo.com/api/manifest/dash/expire/1610368276/ei/tPD7X_GpKtKys8IP1-OygAU/ip/220.129.26.102/id/1d0f084835fa3e22/source/youtube/requiressl/yes/playback_host/r8---sn-ipoxu-u2xd.googlevideo.com/mh/jr/mm/31%2C29/mn/sn-ipoxu-u2xd%2Csn-un57sn7s/ms/au%2Crdu/mv/m/mvi/8/pl/21/hfr/all/as/fmp4_audio_clear%2Cwebm_audio_clear%2Cwebm2_audio_clear%2Cfmp4_sd_hd_clear%2Cwebm2_sd_hd_clear/initcwndbps/703750/vprv/1/mt/1610345794/fvip/4/keepalive/yes/beids/9466587/itag/0/sparams/expire%2Cei%2Cip%2Cid%2Csource%2Crequiressl%2Chfr%2Cas%2Cvprv%2Citag/sig/AOq0QJ8wRgIhAPisCne-xIe9kdgUll63e4ufz5qU0M1QfFvtFevncWafAiEA5GVOnObTv3uStwuff5q7frB7I72JenivC9RCqgM9Wes%3D/lsparams/playback_host%2Cmh%2Cmm%2Cmn%2Cms%2Cmv%2Cmvi%2Cpl%2Cinitcwndbps/lsig/AG3C_xAwRQIhAMJexwXDG-dn-M_JxFtSaqbGcRxCbnaupvy2cosuc4WBAiABxR4KWxwxj7YoPdOS-31FI0AdBW9xtyoUo0QV85A_mg%3D%3D", "width": 1920, "tbr": 2646.0, "asr": null, "fps": 25, "language": null, "filesize": null, "container": "webm_dash", "acodec": "none", "url": "https://manifest.googlevideo.com/api/manifest/dash/expire/1610368276/ei/tPD7X_GpKtKys8IP1-OygAU/ip/220.129.26.102/id/1d0f084835fa3e22/source/youtube/requiressl/yes/playback_host/r8---sn-ipoxu-u2xd.googlevideo.com/mh/jr/mm/31%2C29/mn/sn-ipoxu-u2xd%2Csn-un57sn7s/ms/au%2Crdu/mv/m/mvi/8/pl/21/hfr/all/as/fmp4_audio_clear%2Cwebm_audio_clear%2Cwebm2_audio_clear%2Cfmp4_sd_hd_clear%2Cwebm2_sd_hd_clear/initcwndbps/703750/vprv/1/mt/1610345794/fvip/4/keepalive/yes/beids/9466587/itag/0/sparams/expire%2Cei%2Cip%2Cid%2Csource%2Crequiressl%2Chfr%2Cas%2Cvprv%2Citag/sig/AOq0QJ8wRgIhAPisCne-xIe9kdgUll63e4ufz5qU0M1QfFvtFevncWafAiEA5GVOnObTv3uStwuff5q7frB7I72JenivC9RCqgM9Wes%3D/lsparams/playback_host%2Cmh%2Cmm%2Cmn%2Cms%2Cmv%2Cmvi%2Cpl%2Cinitcwndbps/lsig/AG3C_xAwRQIhAMJexwXDG-dn-M_JxFtSaqbGcRxCbnaupvy2cosuc4WBAiABxR4KWxwxj7YoPdOS-31FI0AdBW9xtyoUo0QV85A_mg%3D%3D", "fragment_base_url": "https://r8---sn-ipoxu-u2xd.googlevideo.com/videoplayback/expire/1610368276/ei/tPD7X_GpKtKys8IP1-OygAU/ip/220.129.26.102/id/1d0f084835fa3e22/itag/248/source/yt_otf/requiressl/yes/mh/jr/mm/31,29/mn/sn-ipoxu-u2xd,sn-un57sn7s/ms/au,rdu/mv/m/mvi/8/pl/21/initcwndbps/703750/vprv/1/ratebypass/yes/mime/video%2Fwebm/otfp/1/otf/1/lmt/1604494096438633/mt/1610345794/fvip/4/keepalive/yes/beids/9466587/sparams/expire,ei,ip,id,itag,source,requiressl,vprv,ratebypass,mime,otfp,otf,lmt/sig/AOq0QJ8wRAIgXfpwfVd1qU1-lY8Ol9IpdgrNDPkICk53EgBr7bskvEkCIAHy6AP8LcGfRHNQXgfCqJtfaZLFTkcLL3JYzjrj4S49/lsparams/mh,mm,mn,ms,mv,mvi,pl,initcwndbps/lsig/AG3C_xAwRQIhAJJADzePnMPj476ylOLox_2Q5oq1XftKQzZnacmjytiJAiBKOp2B2wdfT9cEl1y-Gx7UvjzU6pYccOkT3ioKoFebIA%3D%3D/", "fragments": [{"path": "sq/0"}, {"path": "sq/1/dur/5.120", "duration": 5.12}, {"path": "sq/2/dur/5.120", "duration": 5.12}, {"path": "sq/3/dur/5.120", "duration": 5.12}, {"path": "sq/4/dur/5.120", "duration": 5.12}, {"path": "sq/5/dur/5.120", "duration": 5.12}, {"path": "sq/6/dur/5.120", "duration": 5.12}, {"path": "sq/7/dur/5.120", "duration": 5.12}, {"path": "sq/8/dur/5.120", "duration": 5.12}, {"path": "sq/9/dur/5.120", "duration": 5.12}, {"path": "sq/10/dur/5.120", "duration": 5.12}, {"path": "sq/11/dur/5.120", "duration": 5.12}, {"path": "sq/12/dur/5.120", "duration": 5.12}, {"path": "sq/13/dur/5.120", "duration": 5.12}, {"path": "sq/14/dur/5.120", "duration": 5.12}, {"path": "sq/15/dur/5.120", "duration": 5.12}, {"path": "sq/16/dur/5.120", "duration": 5.12}, {"path": "sq/17/dur/5.120", "duration": 5.12}, {"path": "sq/18/dur/5.120", "duration": 5.12}, {"path": "sq/19/dur/5.120", "duration": 5.12}, {"path": "sq/20/dur/5.120", "duration": 5.12}, {"path": "sq/21/dur/5.120", "duration": 5.12}, {"path": "sq/22/dur/3.680", "duration": 3.68}], "protocol": "http_dash_segments", "format": "248 - 1920x1080 (DASH video)", "http_headers": {"User-Agent": "Mozilla/5.0 (Windows NT 10.0; Win64; x64) AppleWebKit/537.36 (KHTML, like Gecko) Chrome/71.0.3557.2 Safari/537.36", "Accept-Charset": "ISO-8859-1,utf-8;q=0.7,*;q=0.7", "Accept": "text/html,application/xhtml+xml,application/xml;q=0.9,*/*;q=0.8", "Accept-Encoding": "gzip, deflate", "Accept-Language": "en-us,en;q=0.5"}}, {"format_id": "18", "url": "https://r8---sn-ipoxu-u2xd.googlevideo.com/videoplayback?expire=1610368276&ei=tPD7X_GpKtKys8IP1-OygAU&ip=220.129.26.102&id=o-AGAn_gpVG_a9oT44hTak26jrYlhlohQVjfY_ITB372zs&itag=18&source=youtube&requiressl=yes&mh=jr&mm=31%2C29&mn=sn-ipoxu-u2xd%2Csn-un57sn7s&ms=au%2Crdu&mv=m&mvi=8&pl=21&initcwndbps=703750&vprv=1&mime=video%2Fmp4&ns=G88d9v1zcoRQ1dAhc8uGu_sF&gir=yes&clen=2045843&ratebypass=yes&dur=111.246&lmt=1604494085476389&mt=1610345794&fvip=4&beids=9466587&c=WEB&txp=6210222&n=imZOgjneNUdbcO&sparams=expire%2Cei%2Cip%2Cid%2Citag%2Csource%2Crequiressl%2Cvprv%2Cmime%2Cns%2Cgir%2Cclen%2Cratebypass%2Cdur%2Clmt&sig=AOq0QJ8wRgIhAMcCVLCZ4-xk4Cc5V8dshJDiLPAtw6H4cE6F44pqgyiCAiEA9M8bGM0hppH7ZK_iavtFbxVvYSWKCPOCuSWmSQ0F9Y4%3D&lsparams=mh%2Cmm%2Cmn%2Cms%2Cmv%2Cmvi%2Cpl%2Cinitcwndbps&lsig=AG3C_xAwRgIhAL8cF30PHxUHYKeBD3xBcHDq07cnCnQiOZ-yyVth7r6fAiEAhEXnKiLaa6ORztsauImnkcNBPOp5BmujBOnmluRoaWo%3D", "player_url": null, "ext": "mp4", "width": 640, "height": 360, "acodec": "mp4a.40.2", "abr": 96, "vcodec": "avc1.42001E", "asr": 44100, "filesize": 2045843, "format_note": "360p", "fps": 25, "tbr": 147.182, "format": "18 - 640x360 (360p)", "protocol": "https", "http_headers": {"User-Agent": "Mozilla/5.0 (Windows NT 10.0; Win64; x64) AppleWebKit/537.36 (KHTML, like Gecko) Chrome/71.0.3557.2 Safari/537.36", "Accept-Charset": "ISO-8859-1,utf-8;q=0.7,*;q=0.7", "Accept": "text/html,application/xhtml+xml,application/xml;q=0.9,*/*;q=0.8", "Accept-Encoding": "gzip, deflate", "Accept-Language": "en-us,en;q=0.5"}}, {"format_id": "22", "url": "https://r8---sn-ipoxu-u2xd.googlevideo.com/videoplayback?expire=1610368276&ei=tPD7X_GpKtKys8IP1-OygAU&ip=220.129.26.102&id=o-AGAn_gpVG_a9oT44hTak26jrYlhlohQVjfY_ITB372zs&itag=22&source=youtube&requiressl=yes&mh=jr&mm=31%2C29&mn=sn-ipoxu-u2xd%2Csn-un57sn7s&ms=au%2Crdu&mv=m&mvi=8&pl=21&initcwndbps=703750&vprv=1&mime=video%2Fmp4&ns=G88d9v1zcoRQ1dAhc8uGu_sF&ratebypass=yes&dur=111.246&lmt=1604494113303919&mt=1610345794&fvip=4&beids=9466587&c=WEB&txp=6216222&n=imZOgjneNUdbcO&sparams=expire%2Cei%2Cip%2Cid%2Citag%2Csource%2Crequiressl%2Cvprv%2Cmime%2Cns%2Cratebypass%2Cdur%2Clmt&sig=AOq0QJ8wRQIgJ9z34-J7BC693EUdXQ1F6YHZujp0S6bO82l1J53U0J8CIQDNaxIw8qgTNyyAP0KM5HAeNeYl4Kl-jRk8nRGQgliASA%3D%3D&lsparams=mh%2Cmm%2Cmn%2Cms%2Cmv%2Cmvi%2Cpl%2Cinitcwndbps&lsig=AG3C_xAwRgIhAL8cF30PHxUHYKeBD3xBcHDq07cnCnQiOZ-yyVth7r6fAiEAhEXnKiLaa6ORztsauImnkcNBPOp5BmujBOnmluRoaWo%3D", "player_url": null, "ext": "mp4", "width": 1280, "height": 720, "acodec": "mp4a.40.2", "abr": 192, "vcodec": "avc1.64001F", "asr": 44100, "filesize": null, "format_note": "720p", "fps": 25, "tbr": 340.465, "format": "22 - 1280x720 (720p)", "protocol": "https", "http_headers": {"User-Agent": "Mozilla/5.0 (Windows NT 10.0; Win64; x64) AppleWebKit/537.36 (KHTML, like Gecko) Chrome/71.0.3557.2 Safari/537.36", "Accept-Charset": "ISO-8859-1,utf-8;q=0.7,*;q=0.7", "Accept": "text/html,application/xhtml+xml,application/xml;q=0.9,*/*;q=0.8", "Accept-Encoding": "gzip, deflate", "Accept-Language": "en-us,en;q=0.5"}}], "is_live": null, "start_time": null, "end_time": null, "series": null, "season_number": null, "episode_number": null, "track": null, "artist": null, "album": null, "release_date": null, "release_year": null, "extractor": "youtube", "webpage_url_basename": "watch", "extractor_key": "Youtube", "playlist": null, "playlist_index": null, "thumbnail": "https://i.ytimg.com/vi_webp/HQ8ISDX6PiI/maxresdefault.webp", "display_id": "HQ8ISDX6PiI", "requested_subtitles": null, "ext": "webm", "format_note": "DASH audio", "acodec": "opus", "abr": 160, "format_id": "251", "manifest_url": "https://manifest.googlevideo.com/api/manifest/dash/expire/1610368276/ei/tPD7X_GpKtKys8IP1-OygAU/ip/220.129.26.102/id/1d0f084835fa3e22/source/youtube/requiressl/yes/playback_host/r8---sn-ipoxu-u2xd.googlevideo.com/mh/jr/mm/31%2C29/mn/sn-ipoxu-u2xd%2Csn-un57sn7s/ms/au%2Crdu/mv/m/mvi/8/pl/21/hfr/all/as/fmp4_audio_clear%2Cwebm_audio_clear%2Cwebm2_audio_clear%2Cfmp4_sd_hd_clear%2Cwebm2_sd_hd_clear/initcwndbps/703750/vprv/1/mt/1610345794/fvip/4/keepalive/yes/beids/9466587/itag/0/sparams/expire%2Cei%2Cip%2Cid%2Csource%2Crequiressl%2Chfr%2Cas%2Cvprv%2Citag/sig/AOq0QJ8wRgIhAPisCne-xIe9kdgUll63e4ufz5qU0M1QfFvtFevncWafAiEA5GVOnObTv3uStwuff5q7frB7I72JenivC9RCqgM9Wes%3D/lsparams/playback_host%2Cmh%2Cmm%2Cmn%2Cms%2Cmv%2Cmvi%2Cpl%2Cinitcwndbps/lsig/AG3C_xAwRQIhAMJexwXDG-dn-M_JxFtSaqbGcRxCbnaupvy2cosuc4WBAiABxR4KWxwxj7YoPdOS-31FI0AdBW9xtyoUo0QV85A_mg%3D%3D", "width": null, "height": null, "tbr": 156.666, "asr": 48000, "fps": null, "language": null, "filesize": null, "container": "webm_dash", "vcodec": "none", "url": "https://manifest.googlevideo.com/api/manifest/dash/expire/1610368276/ei/tPD7X_GpKtKys8IP1-OygAU/ip/220.129.26.102/id/1d0f084835fa3e22/source/youtube/requiressl/yes/playback_host/r8---sn-ipoxu-u2xd.googlevideo.com/mh/jr/mm/31%2C29/mn/sn-ipoxu-u2xd%2Csn-un57sn7s/ms/au%2Crdu/mv/m/mvi/8/pl/21/hfr/all/as/fmp4_audio_clear%2Cwebm_audio_clear%2Cwebm2_audio_clear%2Cfmp4_sd_hd_clear%2Cwebm2_sd_hd_clear/initcwndbps/703750/vprv/1/mt/1610345794/fvip/4/keepalive/yes/beids/9466587/itag/0/sparams/expire%2Cei%2Cip%2Cid%2Csource%2Crequiressl%2Chfr%2Cas%2Cvprv%2Citag/sig/AOq0QJ8wRgIhAPisCne-xIe9kdgUll63e4ufz5qU0M1QfFvtFevncWafAiEA5GVOnObTv3uStwuff5q7frB7I72JenivC9RCqgM9Wes%3D/lsparams/playback_host%2Cmh%2Cmm%2Cmn%2Cms%2Cmv%2Cmvi%2Cpl%2Cinitcwndbps/lsig/AG3C_xAwRQIhAMJexwXDG-dn-M_JxFtSaqbGcRxCbnaupvy2cosuc4WBAiABxR4KWxwxj7YoPdOS-31FI0AdBW9xtyoUo0QV85A_mg%3D%3D", "fragment_base_url": "https://r8---sn-ipoxu-u2xd.googlevideo.com/videoplayback/expire/1610368276/ei/tPD7X_GpKtKys8IP1-OygAU/ip/220.129.26.102/id/1d0f084835fa3e22/itag/251/source/youtube/requiressl/yes/mh/jr/mm/31,29/mn/sn-ipoxu-u2xd,sn-un57sn7s/ms/au,rdu/mv/m/mvi/8/pl/21/initcwndbps/703750/vprv/1/ratebypass/yes/mime/audio%2Fwebm/otfp/1/gir/yes/clen/2128612/lmt/1604494095808092/dur/111.221/mt/1610345794/fvip/4/keepalive/yes/beids/9466587/sparams/expire,ei,ip,id,itag,source,requiressl,vprv,ratebypass,mime,otfp,gir,clen,lmt,dur/sig/AOq0QJ8wRQIhAIJFbXRtem2q3UoAc6WJ1ysYo269zF_UQ8-31vug7vZgAiBgIBdjCPn8W-f01Iil5Nhgxqi-8mZ8Pq0hUv3XSO3CpA%3D%3D/lsparams/mh,mm,mn,ms,mv,mvi,pl,initcwndbps/lsig/AG3C_xAwRQIhAJrjPaygDaQ1IFOUGIRvGMdpVld0UTJYjmr0ngMyUcnTAiA1wgRQhcYlriBUfsGoXK9eqgjHq8zKhh6bSOzPvz9rpQ%3D%3D/", "fragments": [{"path": "range/0-265"}, {"path": "range/467-193011", "duration": 10.001}, {"path": "range/193012-383789", "duration": 10.0}, {"path": "range/383790-577095", "duration": 10.0}, {"path": "range/577096-771784", "duration": 10.0}, {"path": "range/771785-963623", "duration": 10.0}, {"path": "range/963624-1153026", "duration": 10.0}, {"path": "range/1153027-1347527", "duration": 10.0}, {"path": "range/1347528-1542268", "duration": 10.0}, {"path": "range/1542269-1737656", "duration": 10.0}, {"path": "range/1737657-1933489", "duration": 10.0}, {"path": "range/1933490-2112601", "duration": 10.0}, {"path": "range/2112602-2128611", "duration": 1.22}], "protocol": "http_dash_segments", "format": "251 - audio only (DASH audio)", "http_headers": {"User-Agent": "Mozilla/5.0 (Windows NT 10.0; Win64; x64) AppleWebKit/537.36 (KHTML, like Gecko) Chrome/71.0.3557.2 Safari/537.36", "Accept-Charset": "ISO-8859-1,utf-8;q=0.7,*;q=0.7", "Accept": "text/html,application/xhtml+xml,application/xml;q=0.9,*/*;q=0.8", "Accept-Encoding": "gzip, deflate", "Accept-Language": "en-us,en;q=0.5"}}