{"id": "Hwd6l9jK7bo", "uploader": "APX PIANO", "uploader_id": "UCPPGD9EVFhrbzV4r3fJPB5w", "uploader_url": "http://www.youtube.com/channel/UCPPGD9EVFhrbzV4r3fJPB5w", "channel_id": "UCPPGD9EVFhrbzV4r3fJPB5w", "channel_url": "http://www.youtube.com/channel/UCPPGD9EVFhrbzV4r3fJPB5w", "upload_date": "20201120", "license": null, "creator": null, "title": "Haakon Stange - Finding Hope", "alt_title": null, "thumbnails": [{"url": "https://i.ytimg.com/vi/Hwd6l9jK7bo/hqdefault.jpg?sqp=-oaymwEYCKgBEF5IVfKriqkDCwgBFQAAiEIYAXAB&rs=AOn4CLDx-EJshcswyVXPKW8TwI2bvLumTQ", "width": 168, "height": 94, "resolution": "168x94", "id": "0"}, {"url": "https://i.ytimg.com/vi/Hwd6l9jK7bo/hqdefault.jpg?sqp=-oaymwEYCMQBEG5IVfKriqkDCwgBFQAAiEIYAXAB&rs=AOn4CLCB6a-BjRJ1VZH6_2RqLKQdPBlE8Q", "width": 196, "height": 110, "resolution": "196x110", "id": "1"}, {"url": "https://i.ytimg.com/vi/Hwd6l9jK7bo/hqdefault.jpg?sqp=-oaymwEZCPYBEIoBSFXyq4qpAwsIARUAAIhCGAFwAQ==&rs=AOn4CLDhRIPhygHH9iKgMi9KfpiGOuZ8dw", "width": 246, "height": 138, "resolution": "246x138", "id": "2"}, {"url": "https://i.ytimg.com/vi/Hwd6l9jK7bo/hqdefault.jpg?sqp=-oaymwEZCNACELwBSFXyq4qpAwsIARUAAIhCGAFwAQ==&rs=AOn4CLAm2eGo6zcIRVi6kqhZEvHxn46Wqw", "width": 336, "height": 188, "resolution": "336x188", "id": "3"}, {"url": "https://i.ytimg.com/vi_webp/Hwd6l9jK7bo/maxresdefault.webp", "width": 1920, "height": 1080, "resolution": "1920x1080", "id": "4"}], "description": "Piano music for study, deep relaxation and sleep.\n\nPlay this instrumental music in the background and use it as concentration music, focus music, sleep music or music for reading.\n\nIt can help you with a good night sleep, memory retention if you are studying for a test, finishing your homework or just listening as work music.\n\nPlease feel free to leave your comments and suggestions and to share your love by liking this video and subscribing to our channel.\n\nListen on Spotify: \n\nhttps://open.spotify.com/album/25X6lJ7r1b4jQ3S5o8RtJs?si=Vh_iO77QQzeUzXtRK3rEmQ", "categories": ["Music"], "tags": ["music", "piano", "sleep", "deep relaxation", "study", "concentration", "sleeping", "relax", "work music", "studying", "memory", "focus"], "subtitles": {}, "automatic_captions": {}, "duration": 147, "age_limit": 0, "annotations": null, "chapters": null, "webpage_url": "https://www.youtube.com/watch?v=Hwd6l9jK7bo", "view_count": 112, "like_count": 3, "dislike_count": null, "average_rating": 5.0, "formats": [{"ext": "m4a", "format_note": "DASH audio", "acodec": "mp4a.40.5", "abr": 48, "container": "m4a_dash", "format_id": "139", "manifest_url": "https://manifest.googlevideo.com/api/manifest/dash/expire/1610368286/ei/vvD7X_mtI4ycs8IPp7yL4Ao/ip/220.129.26.102/id/1f077a97d8caedba/source/youtube/requiressl/yes/playback_host/r6---sn-ipoxu-u2x6.googlevideo.com/mh/t4/mm/31%2C29/mn/sn-ipoxu-u2x6%2Csn-un57en7s/ms/au%2Crdu/mv/m/mvi/6/pcm2cms/yes/pl/21/hfr/all/as/fmp4_audio_clear%2Cwebm_audio_clear%2Cwebm2_audio_clear%2Cfmp4_sd_hd_clear%2Cwebm2_sd_hd_clear/initcwndbps/737500/vprv/1/mt/1610345794/fvip/6/keepalive/yes/beids/23886215/itag/0/sparams/expire%2Cei%2Cip%2Cid%2Csource%2Crequiressl%2Chfr%2Cas%2Cvprv%2Citag/sig/AOq0QJ8wRQIgAnV-IDJpXW5hMS3QW5T7jLUKOh88bscIlejDUp01kRYCIQCkFgw_MlwcJ6_mIjNjplLrtLT2zKKMd8Dbij6egZMnqw%3D%3D/lsparams/playback_host%2Cmh%2Cmm%2Cmn%2Cms%2Cmv%2Cmvi%2Cpcm2cms%2Cpl%2Cinitcwndbps/lsig/AG3C_xAwRgIhAOxARSjtHJmQwUJVKDcVy8WFq0zeznwdAFr-18gXYkDWAiEAjiMkbhhkdMrNgTOFD56NPnbRJG4Q60RWyKxlb0Fi4Rg%3D", "width": null, "height": null, "tbr": 49.903, "asr": 22050, "fps": null, "language": null, "filesize": null, "vcodec": "none", "url": "https://manifest.googlevideo.com/api/manifest/dash/expire/1610368286/ei/vvD7X_mtI4ycs8IPp7yL4Ao/ip/220.129.26.102/id/1f077a97d8caedba/source/youtube/requiressl/yes/playback_host/r6---sn-ipoxu-u2x6.googlevideo.com/mh/t4/mm/31%2C29/mn/sn-ipoxu-u2x6%2Csn-un57en7s/ms/au%2Crdu/mv/m/mvi/6/pcm2cms/yes/pl/21/hfr/all/as/fmp4_audio_clear%2Cwebm_audio_clear%2Cwebm2_audio_clear%2Cfmp4_sd_hd_clear%2Cwebm2_sd_hd_clear/initcwndbps/737500/vprv/1/mt/1610345794/fvip/6/keepalive/yes/beids/23886215/itag/0/sparams/expire%2Cei%2Cip%2Cid%2Csource%2Crequiressl%2Chfr%2Cas%2Cvprv%2Citag/sig/AOq0QJ8wRQIgAnV-IDJpXW5hMS3QW5T7jLUKOh88bscIlejDUp01kRYCIQCkFgw_MlwcJ6_mIjNjplLrtLT2zKKMd8Dbij6egZMnqw%3D%3D/lsparams/playback_host%2Cmh%2Cmm%2Cmn%2Cms%2Cmv%2Cmvi%2Cpcm2cms%2Cpl%2Cinitcwndbps/lsig/AG3C_xAwRgIhAOxARSjtHJmQwUJVKDcVy8WFq0zeznwdAFr-18gXYkDWAiEAjiMkbhhkdMrNgTOFD56NPnbRJG4Q60RWyKxlb0Fi4Rg%3D", "fragment_base_url": "https://r6---sn-ipoxu-u2x6.googlevideo.com/videoplayback/expire/1610368286/ei/vvD7X_mtI4ycs8IPp7yL4Ao/ip/220.129.26.102/id/1f077a97d8caedba/itag/139/source/youtube/requiressl/yes/mh/t4/mm/31,29/mn/sn-ipoxu-u2x6,sn-un57en7s/ms/au,rdu/mv/m/mvi/6/pcm2cms/yes/pl/21/initcwndbps/737500/vprv/1/ratebypass/yes/mime/audio%2Fmp4/otfp/1/gir/yes/clen/898084/lmt/1605863853073422/dur/147.121/mt/1610345794/fvip/6/keepalive/yes/beids/23886215/sparams/expire,ei,ip,id,itag,source,requiressl,vprv,ratebypass,mime,otfp,gir,clen,lmt,dur/sig/AOq0QJ8wRAIgAwniehwyl1q11t7v_O268Yrbfu2dYVcWrGu5u4F1B-cCIERci9yJCjqOWy9E1WssE2KxnL0xgDHjwQCSiG7mjrMB/lsparams/mh,mm,mn,ms,mv,mvi,pcm2cms,pl,initcwndbps/lsig/AG3C_xAwRgIhANotGq626LeHSog043nORepo-pA0vSIp8kACy2NbfuB9AiEAyy6J0raU72GLSqXAoeX2upFQXHRFtSGy1iQ9Utf96nE%3D/", "fragments": [{"path": "range/0-640"}, {"path": "range/853-62285", "duration": 9.985}, {"path": "range/62286-123100", "duration": 9.984}, {"path": "range/123101-184045", "duration": 9.985}, {"path": "range/184046-244941", "duration": 9.984}, {"path": "range/244942-305812", "duration": 9.985}, {"path": "range/305813-366601", "duration": 9.984}, {"path": "range/366602-427444", "duration": 9.985}, {"path": "range/427445-488376", "duration": 9.985}, {"path": "range/488377-549181", "duration": 9.984}, {"path": "range/549182-610138", "duration": 9.985}, {"path": "range/610139-670988", "duration": 9.984}, {"path": "range/670989-731814", "duration": 9.985}, {"path": "range/731815-792756", "duration": 9.985}, {"path": "range/792757-853593", "duration": 9.984}, {"path": "range/853594-898083", "duration": 7.338}], "protocol": "http_dash_segments", "format": "139 - audio only (DASH audio)", "http_headers": {"User-Agent": "Mozilla/5.0 (Windows NT 10.0; Win64; x64) AppleWebKit/537.36 (KHTML, like Gecko) Chrome/71.0.3557.2 Safari/537.36", "Accept-Charset": "ISO-8859-1,utf-8;q=0.7,*;q=0.7", "Accept": "text/html,application/xhtml+xml,application/xml;q=0.9,*/*;q=0.8", "Accept-Encoding": "gzip, deflate", "Accept-Language": "en-us,en;q=0.5"}}, {"ext": "m4a", "format_note": "DASH audio", "acodec": "mp4a.40.2", "abr": 128, "container": "m4a_dash", "format_id": "140", "manifest_url": "https://manifest.googlevideo.com/api/manifest/dash/expire/1610368286/ei/vvD7X_mtI4ycs8IPp7yL4Ao/ip/220.129.26.102/id/1f077a97d8caedba/source/youtube/requiressl/yes/playback_host/r6---sn-ipoxu-u2x6.googlevideo.com/mh/t4/mm/31%2C29/mn/sn-ipoxu-u2x6%2Csn-un57en7s/ms/au%2Crdu/mv/m/mvi/6/pcm2cms/yes/pl/21/hfr/all/as/fmp4_audio_clear%2Cwebm_audio_clear%2Cwebm2_audio_clear%2Cfmp4_sd_hd_clear%2Cwebm2_sd_hd_clear/initcwndbps/737500/vprv/1/mt/1610345794/fvip/6/keepalive/yes/beids/23886215/itag/0/sparams/expire%2Cei%2Cip%2Cid%2Csource%2Crequiressl%2Chfr%2Cas%2Cvprv%2Citag/sig/AOq0QJ8wRQIgAnV-IDJpXW5hMS3QW5T7jLUKOh88bscIlejDUp01kRYCIQCkFgw_MlwcJ6_mIjNjplLrtLT2zKKMd8Dbij6egZMnqw%3D%3D/lsparams/playback_host%2Cmh%2Cmm%2Cmn%2Cms%2Cmv%2Cmvi%2Cpcm2cms%2Cpl%2Cinitcwndbps/lsig/AG3C_xAwRgIhAOxARSjtHJmQwUJVKDcVy8WFq0zeznwdAFr-18gXYkDWAiEAjiMkbhhkdMrNgTOFD56NPnbRJG4Q60RWyKxlb0Fi4Rg%3D", "width": null, "height": null, "tbr": 130.409, "asr": 44100, "fps": null, "language": null, "filesize": null, "vcodec": "none", "url": "https://manifest.googlevideo.com/api/manifest/dash/expire/1610368286/ei/vvD7X_mtI4ycs8IPp7yL4Ao/ip/220.129.26.102/id/1f077a97d8caedba/source/youtube/requiressl/yes/playback_host/r6---sn-ipoxu-u2x6.googlevideo.com/mh/t4/mm/31%2C29/mn/sn-ipoxu-u2x6%2Csn-un57en7s/ms/au%2Crdu/mv/m/mvi/6/pcm2cms/yes/pl/21/hfr/all/as/fmp4_audio_clear%2Cwebm_audio_clear%2Cwebm2_audio_clear%2Cfmp4_sd_hd_clear%2Cwebm2_sd_hd_clear/initcwndbps/737500/vprv/1/mt/1610345794/fvip/6/keepalive/yes/beids/23886215/itag/0/sparams/expire%2Cei%2Cip%2Cid%2Csource%2Crequiressl%2Chfr%2Cas%2Cvprv%2Citag/sig/AOq0QJ8wRQIgAnV-IDJpXW5hMS3QW5T7jLUKOh88bscIlejDUp01kRYCIQCkFgw_MlwcJ6_mIjNjplLrtLT2zKKMd8Dbij6egZMnqw%3D%3D/lsparams/playback_host%2Cmh%2Cmm%2Cmn%2Cms%2Cmv%2Cmvi%2Cpcm2cms%2Cpl%2Cinitcwndbps/lsig/AG3C_xAwRgIhAOxARSjtHJmQwUJVKDcVy8WFq0zeznwdAFr-18gXYkDWAiEAjiMkbhhkdMrNgTOFD56NPnbRJG4Q60RWyKxlb0Fi4Rg%3D", "fragment_base_url": "https://r6---sn-ipoxu-u2x6.googlevideo.com/videoplayback/expire/1610368286/ei/vvD7X_mtI4ycs8IPp7yL4Ao/ip/220.129.26.102/id/1f077a97d8caedba/itag/140/source/youtube/requiressl/yes/mh/t4/mm/31,29/mn/sn-ipoxu-u2x6,sn-un57en7s/ms/au,rdu/mv/m/mvi/6/pcm2cms/yes/pl/21/initcwndbps/737500/vprv/1/ratebypass/yes/mime/audio%2Fmp4/otfp/1/gir/yes/clen/2380792/lmt/1605863853063791/dur/147.051/mt/1610345794/fvip/6/keepalive/yes/beids/23886215/sparams/expire,ei,ip,id,itag,source,requiressl,vprv,ratebypass,mime,otfp,gir,clen,lmt,dur/sig/AOq0QJ8wRgIhAMFznq_79r8vGuDALj6efy7ZMOXLX51U_Q2O9k2VSakfAiEA_Cr3NyyJ1oLj1g9rsMsxSv6nWgY38bZcCo8fCFgys9I%3D/lsparams/mh,mm,mn,ms,mv,mvi,pcm2cms,pl,initcwndbps/lsig/AG3C_xAwRQIgVRkeCaxzY8aafCB5zx9uqkyPVGzR2XolTH2UA90v5t4CIQCd6L2tqJzZQ6utopzzi_0G6hkllXgMCYvrj0p9MonOLg%3D%3D/", "fragments": [{"path": "range/0-631"}, {"path": "range/844-162766", "duration": 9.985}, {"path": "range/162767-324394", "duration": 9.984}, {"path": "range/324395-486009", "duration": 9.985}, {"path": "range/486010-647528", "duration": 9.984}, {"path": "range/647529-809131", "duration": 9.985}, {"path": "range/809132-970662", "duration": 9.984}, {"path": "range/970663-1132203", "duration": 9.985}, {"path": "range/1132204-1293810", "duration": 9.985}, {"path": "range/1293811-1455395", "duration": 9.984}, {"path": "range/1455396-1616935", "duration": 9.985}, {"path": "range/1616936-1778561", "duration": 9.984}, {"path": "range/1778562-1940155", "duration": 9.985}, {"path": "range/1940156-2101722", "duration": 9.985}, {"path": "range/2101723-2263311", "duration": 9.984}, {"path": "range/2263312-2380791", "duration": 7.338}], "protocol": "http_dash_segments", "format": "140 - audio only (DASH audio)", "http_headers": {"User-Agent": "Mozilla/5.0 (Windows NT 10.0; Win64; x64) AppleWebKit/537.36 (KHTML, like Gecko) Chrome/71.0.3557.2 Safari/537.36", "Accept-Charset": "ISO-8859-1,utf-8;q=0.7,*;q=0.7", "Accept": "text/html,application/xhtml+xml,application/xml;q=0.9,*/*;q=0.8", "Accept-Encoding": "gzip, deflate", "Accept-Language": "en-us,en;q=0.5"}}, {"ext": "webm", "format_note": "DASH audio", "acodec": "opus", "abr": 160, "format_id": "251", "manifest_url": "https://manifest.googlevideo.com/api/manifest/dash/expire/1610368286/ei/vvD7X_mtI4ycs8IPp7yL4Ao/ip/220.129.26.102/id/1f077a97d8caedba/source/youtube/requiressl/yes/playback_host/r6---sn-ipoxu-u2x6.googlevideo.com/mh/t4/mm/31%2C29/mn/sn-ipoxu-u2x6%2Csn-un57en7s/ms/au%2Crdu/mv/m/mvi/6/pcm2cms/yes/pl/21/hfr/all/as/fmp4_audio_clear%2Cwebm_audio_clear%2Cwebm2_audio_clear%2Cfmp4_sd_hd_clear%2Cwebm2_sd_hd_clear/initcwndbps/737500/vprv/1/mt/1610345794/fvip/6/keepalive/yes/beids/23886215/itag/0/sparams/expire%2Cei%2Cip%2Cid%2Csource%2Crequiressl%2Chfr%2Cas%2Cvprv%2Citag/sig/AOq0QJ8wRQIgAnV-IDJpXW5hMS3QW5T7jLUKOh88bscIlejDUp01kRYCIQCkFgw_MlwcJ6_mIjNjplLrtLT2zKKMd8Dbij6egZMnqw%3D%3D/lsparams/playback_host%2Cmh%2Cmm%2Cmn%2Cms%2Cmv%2Cmvi%2Cpcm2cms%2Cpl%2Cinitcwndbps/lsig/AG3C_xAwRgIhAOxARSjtHJmQwUJVKDcVy8WFq0zeznwdAFr-18gXYkDWAiEAjiMkbhhkdMrNgTOFD56NPnbRJG4Q60RWyKxlb0Fi4Rg%3D", "width": null, "height": null, "tbr": 149.977, "asr": 48000, "fps": null, "language": null, "filesize": null, "container": "webm_dash", "vcodec": "none", "url": "https://manifest.googlevideo.com/api/manifest/dash/expire/1610368286/ei/vvD7X_mtI4ycs8IPp7yL4Ao/ip/220.129.26.102/id/1f077a97d8caedba/source/youtube/requiressl/yes/playback_host/r6---sn-ipoxu-u2x6.googlevideo.com/mh/t4/mm/31%2C29/mn/sn-ipoxu-u2x6%2Csn-un57en7s/ms/au%2Crdu/mv/m/mvi/6/pcm2cms/yes/pl/21/hfr/all/as/fmp4_audio_clear%2Cwebm_audio_clear%2Cwebm2_audio_clear%2Cfmp4_sd_hd_clear%2Cwebm2_sd_hd_clear/initcwndbps/737500/vprv/1/mt/1610345794/fvip/6/keepalive/yes/beids/23886215/itag/0/sparams/expire%2Cei%2Cip%2Cid%2Csource%2Crequiressl%2Chfr%2Cas%2Cvprv%2Citag/sig/AOq0QJ8wRQIgAnV-IDJpXW5hMS3QW5T7jLUKOh88bscIlejDUp01kRYCIQCkFgw_MlwcJ6_mIjNjplLrtLT2zKKMd8Dbij6egZMnqw%3D%3D/lsparams/playback_host%2Cmh%2Cmm%2Cmn%2Cms%2Cmv%2Cmvi%2Cpcm2cms%2Cpl%2Cinitcwndbps/lsig/AG3C_xAwRgIhAOxARSjtHJmQwUJVKDcVy8WFq0zeznwdAFr-18gXYkDWAiEAjiMkbhhkdMrNgTOFD56NPnbRJG4Q60RWyKxlb0Fi4Rg%3D", "fragment_base_url": "https://r6---sn-ipoxu-u2x6.googlevideo.com/videoplayback/expire/1610368286/ei/vvD7X_mtI4ycs8IPp7yL4Ao/ip/220.129.26.102/id/1f077a97d8caedba/itag/251/source/youtube/requiressl/yes/mh/t4/mm/31,29/mn/sn-ipoxu-u2x6,sn-un57en7s/ms/au,rdu/mv/m/mvi/6/pcm2cms/yes/pl/21/initcwndbps/737500/vprv/1/ratebypass/yes/mime/audio%2Fwebm/otfp/1/gir/yes/clen/2678483/lmt/1605863847368837/dur/147.021/mt/1610345794/fvip/6/keepalive/yes/beids/23886215/sparams/expire,ei,ip,id,itag,source,requiressl,vprv,ratebypass,mime,otfp,gir,clen,lmt,dur/sig/AOq0QJ8wRQIgdAzk_r0hMj33BRW6mETxkpQ0IwQ2DRAnZLzr8YWSsDoCIQDhOP68FTdG2VxuRl7HxxYr76GYNAR6V8TCNWf41qqTSw%3D%3D/lsparams/mh,mm,mn,ms,mv,mvi,pcm2cms,pl,initcwndbps/lsig/AG3C_xAwRgIhAN2r5r8mFGXv27_JbFxCACocT55UzbDMjy_RnRmO_rZPAiEA5mHxn5sWo9IMnIlzIacV7XNCd1FSsCUImmmOKaFrsXA%3D/", "fragments": [{"path": "range/0-265"}, {"path": "range/518-183345", "duration": 10.001}, {"path": "range/183346-367221", "duration": 10.0}, {"path": "range/367222-553346", "duration": 10.0}, {"path": "range/553347-732608", "duration": 10.0}, {"path": "range/732609-920080", "duration": 10.0}, {"path": "range/920081-1104168", "duration": 10.0}, {"path": "range/1104169-1285652", "duration": 10.0}, {"path": "range/1285653-1464436", "duration": 10.0}, {"path": "range/1464437-1649937", "duration": 10.0}, {"path": "range/1649938-1834668", "duration": 10.0}, {"path": "range/1834669-2014555", "duration": 10.0}, {"path": "range/2014556-2199490", "duration": 10.0}, {"path": "range/2199491-2384002", "duration": 10.0}, {"path": "range/2384003-2566741", "duration": 10.0}, {"path": "range/2566742-2678482", "duration": 7.02}], "protocol": "http_dash_segments", "format": "251 - audio only (DASH audio)", "http_headers": {"User-Agent": "Mozilla/5.0 (Windows NT 10.0; Win64; x64) AppleWebKit/537.36 (KHTML, like Gecko) Chrome/71.0.3557.2 Safari/537.36", "Accept-Charset": "ISO-8859-1,utf-8;q=0.7,*;q=0.7", "Accept": "text/html,application/xhtml+xml,application/xml;q=0.9,*/*;q=0.8", "Accept-Encoding": "gzip, deflate", "Accept-Language": "en-us,en;q=0.5"}}, {"ext": "mp4", "height": 360, "format_note": "DASH video", "vcodec": "avc1.4d401e", "format_id": "134", "manifest_url": "https://manifest.googlevideo.com/api/manifest/dash/expire/1610368286/ei/vvD7X_mtI4ycs8IPp7yL4Ao/ip/220.129.26.102/id/1f077a97d8caedba/source/youtube/requiressl/yes/playback_host/r6---sn-ipoxu-u2x6.googlevideo.com/mh/t4/mm/31%2C29/mn/sn-ipoxu-u2x6%2Csn-un57en7s/ms/au%2Crdu/mv/m/mvi/6/pcm2cms/yes/pl/21/hfr/all/as/fmp4_audio_clear%2Cwebm_audio_clear%2Cwebm2_audio_clear%2Cfmp4_sd_hd_clear%2Cwebm2_sd_hd_clear/initcwndbps/737500/vprv/1/mt/1610345794/fvip/6/keepalive/yes/beids/23886215/itag/0/sparams/expire%2Cei%2Cip%2Cid%2Csource%2Crequiressl%2Chfr%2Cas%2Cvprv%2Citag/sig/AOq0QJ8wRQIgAnV-IDJpXW5hMS3QW5T7jLUKOh88bscIlejDUp01kRYCIQCkFgw_MlwcJ6_mIjNjplLrtLT2zKKMd8Dbij6egZMnqw%3D%3D/lsparams/playback_host%2Cmh%2Cmm%2Cmn%2Cms%2Cmv%2Cmvi%2Cpcm2cms%2Cpl%2Cinitcwndbps/lsig/AG3C_xAwRgIhAOxARSjtHJmQwUJVKDcVy8WFq0zeznwdAFr-18gXYkDWAiEAjiMkbhhkdMrNgTOFD56NPnbRJG4Q60RWyKxlb0Fi4Rg%3D", "width": 640, "tbr": 88.775, "asr": null, "fps": 25, "language": null, "filesize": null, "container": "mp4_dash", "acodec": "none", "url": "https://manifest.googlevideo.com/api/manifest/dash/expire/1610368286/ei/vvD7X_mtI4ycs8IPp7yL4Ao/ip/220.129.26.102/id/1f077a97d8caedba/source/youtube/requiressl/yes/playback_host/r6---sn-ipoxu-u2x6.googlevideo.com/mh/t4/mm/31%2C29/mn/sn-ipoxu-u2x6%2Csn-un57en7s/ms/au%2Crdu/mv/m/mvi/6/pcm2cms/yes/pl/21/hfr/all/as/fmp4_audio_clear%2Cwebm_audio_clear%2Cwebm2_audio_clear%2Cfmp4_sd_hd_clear%2Cwebm2_sd_hd_clear/initcwndbps/737500/vprv/1/mt/1610345794/fvip/6/keepalive/yes/beids/23886215/itag/0/sparams/expire%2Cei%2Cip%2Cid%2Csource%2Crequiressl%2Chfr%2Cas%2Cvprv%2Citag/sig/AOq0QJ8wRQIgAnV-IDJpXW5hMS3QW5T7jLUKOh88bscIlejDUp01kRYCIQCkFgw_MlwcJ6_mIjNjplLrtLT2zKKMd8Dbij6egZMnqw%3D%3D/lsparams/playback_host%2Cmh%2Cmm%2Cmn%2Cms%2Cmv%2Cmvi%2Cpcm2cms%2Cpl%2Cinitcwndbps/lsig/AG3C_xAwRgIhAOxARSjtHJmQwUJVKDcVy8WFq0zeznwdAFr-18gXYkDWAiEAjiMkbhhkdMrNgTOFD56NPnbRJG4Q60RWyKxlb0Fi4Rg%3D", "fragment_base_url": "https://r6---sn-ipoxu-u2x6.googlevideo.com/videoplayback/expire/1610368286/ei/vvD7X_mtI4ycs8IPp7yL4Ao/ip/220.129.26.102/id/1f077a97d8caedba/itag/134/source/youtube/requiressl/yes/mh/t4/mm/31,29/mn/sn-ipoxu-u2x6,sn-un57en7s/ms/au,rdu/mv/m/mvi/6/pcm2cms/yes/pl/21/initcwndbps/737500/vprv/1/ratebypass/yes/mime/video%2Fmp4/otfp/1/gir/yes/clen/1451168/lmt/1605863862158968/dur/147.000/mt/1610345794/fvip/6/keepalive/yes/beids/23886215/sparams/expire,ei,ip,id,itag,source,requiressl,vprv,ratebypass,mime,otfp,gir,clen,lmt,dur/sig/AOq0QJ8wRQIgZPWweHSnxg6x7TMkP6sN9IGGEbcsV_KlEpYJuPDKF8cCIQCRql6kkoNzO6bP04bP6EMHBaEweJIu-eNVO3xZ9N-LeA%3D%3D/lsparams/mh,mm,mn,ms,mv,mvi,pcm2cms,pl,initcwndbps/lsig/AG3C_xAwRgIhAKOVJoIbHTqbYYJkY5YPfAj8ANk00w49fbL5PPXMZGx6AiEAyhMWF0aB1DeAJp8ipstKBOlQv_esZ6Jh9Xn9aOMfU-s%3D/", "fragments": [{"path": "range/0-740"}, {"path": "range/1121-56815", "duration": 5.12}, {"path": "range/56816-108935", "duration": 5.12}, {"path": "range/108936-160912", "duration": 5.12}, {"path": "range/160913-213319", "duration": 5.12}, {"path": "range/213320-264364", "duration": 5.12}, {"path": "range/264365-318493", "duration": 5.12}, {"path": "range/318494-368560", "duration": 5.12}, {"path": "range/368561-421603", "duration": 5.12}, {"path": "range/421604-474448", "duration": 5.12}, {"path": "range/474449-526534", "duration": 5.12}, {"path": "range/526535-578573", "duration": 5.12}, {"path": "range/578574-629595", "duration": 5.12}, {"path": "range/629596-680257", "duration": 5.12}, {"path": "range/680258-730216", "duration": 5.12}, {"path": "range/730217-779454", "duration": 5.12}, {"path": "range/779455-828826", "duration": 5.12}, {"path": "range/828827-878140", "duration": 5.12}, {"path": "range/878141-926983", "duration": 5.12}, {"path": "range/926984-975632", "duration": 5.12}, {"path": "range/975633-1024351", "duration": 5.12}, {"path": "range/1024352-1073310", "duration": 5.12}, {"path": "range/1073311-1122107", "duration": 5.12}, {"path": "range/1122108-1170702", "duration": 5.12}, {"path": "range/1170703-1219241", "duration": 5.12}, {"path": "range/1219242-1268217", "duration": 5.12}, {"path": "range/1268218-1315906", "duration": 5.12}, {"path": "range/1315907-1364273", "duration": 5.12}, {"path": "range/1364274-1411783", "duration": 5.12}, {"path": "range/1411784-1451167", "duration": 3.64}], "protocol": "http_dash_segments", "format": "134 - 640x360 (DASH video)", "http_headers": {"User-Agent": "Mozilla/5.0 (Windows NT 10.0; Win64; x64) AppleWebKit/537.36 (KHTML, like Gecko) Chrome/71.0.3557.2 Safari/537.36", "Accept-Charset": "ISO-8859-1,utf-8;q=0.7,*;q=0.7", "Accept": "text/html,application/xhtml+xml,application/xml;q=0.9,*/*;q=0.8", "Accept-Encoding": "gzip, deflate", "Accept-Language": "en-us,en;q=0.5"}}, {"ext": "webm", "height": 144, "format_note": "DASH video", "container": "webm_dash", "vcodec": "vp9", "format_id": "278", "manifest_url": "https://manifest.googlevideo.com/api/manifest/dash/expire/1610368286/ei/vvD7X_mtI4ycs8IPp7yL4Ao/ip/220.129.26.102/id/1f077a97d8caedba/source/youtube/requiressl/yes/playback_host/r6---sn-ipoxu-u2x6.googlevideo.com/mh/t4/mm/31%2C29/mn/sn-ipoxu-u2x6%2Csn-un57en7s/ms/au%2Crdu/mv/m/mvi/6/pcm2cms/yes/pl/21/hfr/all/as/fmp4_audio_clear%2Cwebm_audio_clear%2Cwebm2_audio_clear%2Cfmp4_sd_hd_clear%2Cwebm2_sd_hd_clear/initcwndbps/737500/vprv/1/mt/1610345794/fvip/6/keepalive/yes/beids/23886215/itag/0/sparams/expire%2Cei%2Cip%2Cid%2Csource%2Crequiressl%2Chfr%2Cas%2Cvprv%2Citag/sig/AOq0QJ8wRQIgAnV-IDJpXW5hMS3QW5T7jLUKOh88bscIlejDUp01kRYCIQCkFgw_MlwcJ6_mIjNjplLrtLT2zKKMd8Dbij6egZMnqw%3D%3D/lsparams/playback_host%2Cmh%2Cmm%2Cmn%2Cms%2Cmv%2Cmvi%2Cpcm2cms%2Cpl%2Cinitcwndbps/lsig/AG3C_xAwRgIhAOxARSjtHJmQwUJVKDcVy8WFq0zeznwdAFr-18gXYkDWAiEAjiMkbhhkdMrNgTOFD56NPnbRJG4Q60RWyKxlb0Fi4Rg%3D", "width": 256, "tbr": 95.0, "asr": null, "fps": 25, "language": null, "filesize": null, "acodec": "none", "url": "https://manifest.googlevideo.com/api/manifest/dash/expire/1610368286/ei/vvD7X_mtI4ycs8IPp7yL4Ao/ip/220.129.26.102/id/1f077a97d8caedba/source/youtube/requiressl/yes/playback_host/r6---sn-ipoxu-u2x6.googlevideo.com/mh/t4/mm/31%2C29/mn/sn-ipoxu-u2x6%2Csn-un57en7s/ms/au%2Crdu/mv/m/mvi/6/pcm2cms/yes/pl/21/hfr/all/as/fmp4_audio_clear%2Cwebm_audio_clear%2Cwebm2_audio_clear%2Cfmp4_sd_hd_clear%2Cwebm2_sd_hd_clear/initcwndbps/737500/vprv/1/mt/1610345794/fvip/6/keepalive/yes/beids/23886215/itag/0/sparams/expire%2Cei%2Cip%2Cid%2Csource%2Crequiressl%2Chfr%2Cas%2Cvprv%2Citag/sig/AOq0QJ8wRQIgAnV-IDJpXW5hMS3QW5T7jLUKOh88bscIlejDUp01kRYCIQCkFgw_MlwcJ6_mIjNjplLrtLT2zKKMd8Dbij6egZMnqw%3D%3D/lsparams/playback_host%2Cmh%2Cmm%2Cmn%2Cms%2Cmv%2Cmvi%2Cpcm2cms%2Cpl%2Cinitcwndbps/lsig/AG3C_xAwRgIhAOxARSjtHJmQwUJVKDcVy8WFq0zeznwdAFr-18gXYkDWAiEAjiMkbhhkdMrNgTOFD56NPnbRJG4Q60RWyKxlb0Fi4Rg%3D", "fragment_base_url": "https://r6---sn-ipoxu-u2x6.googlevideo.com/videoplayback/expire/1610368286/ei/vvD7X_mtI4ycs8IPp7yL4Ao/ip/220.129.26.102/id/1f077a97d8caedba/itag/278/source/yt_otf/requiressl/yes/mh/t4/mm/31,29/mn/sn-ipoxu-u2x6,sn-un57en7s/ms/au,rdu/mv/m/mvi/6/pcm2cms/yes/pl/21/initcwndbps/737500/vprv/1/ratebypass/yes/mime/video%2Fwebm/otfp/1/otf/1/lmt/1605863862124046/mt/1610345794/fvip/6/keepalive/yes/beids/23886215/sparams/expire,ei,ip,id,itag,source,requiressl,vprv,ratebypass,mime,otfp,otf,lmt/sig/AOq0QJ8wRAIgAvU6hDcGKfXp6_X5CXU5T4F7ZaAEf6VZLoJrD0rCILACIA8qh_wJ-IIrMQdYnDHUdkMAr6lHCZ-4X-vnQJQYKqJX/lsparams/mh,mm,mn,ms,mv,mvi,pcm2cms,pl,initcwndbps/lsig/AG3C_xAwRAIgSRBaJ7M4HfWWcMYrAzOLhTkL0HmrRCIk-L6A5YowuisCIEbfzD7mqp7r9MTz4tuIffh2JjAf5wr1jyDrHa1rxTxR/", "fragments": [{"path": "sq/0"}, {"path": "sq/1/dur/5.120", "duration": 5.12}, {"path": "sq/2/dur/5.120", "duration": 5.12}, {"path": "sq/3/dur/5.120", "duration": 5.12}, {"path": "sq/4/dur/5.120", "duration": 5.12}, {"path": "sq/5/dur/5.120", "duration": 5.12}, {"path": "sq/6/dur/5.120", "duration": 5.12}, {"path": "sq/7/dur/5.120", "duration": 5.12}, {"path": "sq/8/dur/5.120", "duration": 5.12}, {"path": "sq/9/dur/5.120", "duration": 5.12}, {"path": "sq/10/dur/5.120", "duration": 5.12}, {"path": "sq/11/dur/5.120", "duration": 5.12}, {"path": "sq/12/dur/5.120", "duration": 5.12}, {"path": "sq/13/dur/5.120", "duration": 5.12}, {"path": "sq/14/dur/5.120", "duration": 5.12}, {"path": "sq/15/dur/5.120", "duration": 5.12}, {"path": "sq/16/dur/5.120", "duration": 5.12}, {"path": "sq/17/dur/5.120", "duration": 5.12}, {"path": "sq/18/dur/5.120", "duration": 5.12}, {"path": "sq/19/dur/5.120", "duration": 5.12}, {"path": "sq/20/dur/5.120", "duration": 5.12}, {"path": "sq/21/dur/5.120", "duration": 5.12}, {"path": "sq/22/dur/5.120", "duration": 5.12}, {"path": "sq/23/dur/5.120", "duration": 5.12}, {"path": "sq/24/dur/5.120", "duration": 5.12}, {"path": "sq/25/dur/5.120", "duration": 5.12}, {"path": "sq/26/dur/5.120", "duration": 5.12}, {"path": "sq/27/dur/5.120", "duration": 5.12}, {"path": "sq/28/dur/5.120", "duration": 5.12}, {"path": "sq/29/dur/3.640", "duration": 3.64}], "protocol": "http_dash_segments", "format": "278 - 256x144 (DASH video)", "http_headers": {"User-Agent": "Mozilla/5.0 (Windows NT 10.0; Win64; x64) AppleWebKit/537.36 (KHTML, like Gecko) Chrome/71.0.3557.2 Safari/537.36", "Accept-Charset": "ISO-8859-1,utf-8;q=0.7,*;q=0.7", "Accept": "text/html,application/xhtml+xml,application/xml;q=0.9,*/*;q=0.8", "Accept-Encoding": "gzip, deflate", "Accept-Language": "en-us,en;q=0.5"}}, {"ext": "mp4", "height": 144, "format_note": "DASH video", "vcodec": "avc1.4d400b", "format_id": "160", "manifest_url": "https://manifest.googlevideo.com/api/manifest/dash/expire/1610368286/ei/vvD7X_mtI4ycs8IPp7yL4Ao/ip/220.129.26.102/id/1f077a97d8caedba/source/youtube/requiressl/yes/playback_host/r6---sn-ipoxu-u2x6.googlevideo.com/mh/t4/mm/31%2C29/mn/sn-ipoxu-u2x6%2Csn-un57en7s/ms/au%2Crdu/mv/m/mvi/6/pcm2cms/yes/pl/21/hfr/all/as/fmp4_audio_clear%2Cwebm_audio_clear%2Cwebm2_audio_clear%2Cfmp4_sd_hd_clear%2Cwebm2_sd_hd_clear/initcwndbps/737500/vprv/1/mt/1610345794/fvip/6/keepalive/yes/beids/23886215/itag/0/sparams/expire%2Cei%2Cip%2Cid%2Csource%2Crequiressl%2Chfr%2Cas%2Cvprv%2Citag/sig/AOq0QJ8wRQIgAnV-IDJpXW5hMS3QW5T7jLUKOh88bscIlejDUp01kRYCIQCkFgw_MlwcJ6_mIjNjplLrtLT2zKKMd8Dbij6egZMnqw%3D%3D/lsparams/playback_host%2Cmh%2Cmm%2Cmn%2Cms%2Cmv%2Cmvi%2Cpcm2cms%2Cpl%2Cinitcwndbps/lsig/AG3C_xAwRgIhAOxARSjtHJmQwUJVKDcVy8WFq0zeznwdAFr-18gXYkDWAiEAjiMkbhhkdMrNgTOFD56NPnbRJG4Q60RWyKxlb0Fi4Rg%3D", "width": 256, "tbr": 108.0, "asr": null, "fps": 25, "language": null, "filesize": null, "container": "mp4_dash", "acodec": "none", "url": "https://manifest.googlevideo.com/api/manifest/dash/expire/1610368286/ei/vvD7X_mtI4ycs8IPp7yL4Ao/ip/220.129.26.102/id/1f077a97d8caedba/source/youtube/requiressl/yes/playback_host/r6---sn-ipoxu-u2x6.googlevideo.com/mh/t4/mm/31%2C29/mn/sn-ipoxu-u2x6%2Csn-un57en7s/ms/au%2Crdu/mv/m/mvi/6/pcm2cms/yes/pl/21/hfr/all/as/fmp4_audio_clear%2Cwebm_audio_clear%2Cwebm2_audio_clear%2Cfmp4_sd_hd_clear%2Cwebm2_sd_hd_clear/initcwndbps/737500/vprv/1/mt/1610345794/fvip/6/keepalive/yes/beids/23886215/itag/0/sparams/expire%2Cei%2Cip%2Cid%2Csource%2Crequiressl%2Chfr%2Cas%2Cvprv%2Citag/sig/AOq0QJ8wRQIgAnV-IDJpXW5hMS3QW5T7jLUKOh88bscIlejDUp01kRYCIQCkFgw_MlwcJ6_mIjNjplLrtLT2zKKMd8Dbij6egZMnqw%3D%3D/lsparams/playback_host%2Cmh%2Cmm%2Cmn%2Cms%2Cmv%2Cmvi%2Cpcm2cms%2Cpl%2Cinitcwndbps/lsig/AG3C_xAwRgIhAOxARSjtHJmQwUJVKDcVy8WFq0zeznwdAFr-18gXYkDWAiEAjiMkbhhkdMrNgTOFD56NPnbRJG4Q60RWyKxlb0Fi4Rg%3D", "fragment_base_url": "https://r6---sn-ipoxu-u2x6.googlevideo.com/videoplayback/expire/1610368286/ei/vvD7X_mtI4ycs8IPp7yL4Ao/ip/220.129.26.102/id/1f077a97d8caedba/itag/160/source/yt_otf/requiressl/yes/mh/t4/mm/31,29/mn/sn-ipoxu-u2x6,sn-un57en7s/ms/au,rdu/mv/m/mvi/6/pcm2cms/yes/pl/21/initcwndbps/737500/vprv/1/ratebypass/yes/mime/video%2Fmp4/otfp/1/otf/1/lmt/1605863862124046/mt/1610345794/fvip/6/keepalive/yes/beids/23886215/sparams/expire,ei,ip,id,itag,source,requiressl,vprv,ratebypass,mime,otfp,otf,lmt/sig/AOq0QJ8wQwIfEl6frNR_O41Fbvj8gAvGMum1EEsXBOShFROOKuWmrwIgC-jpBJtkw_zvmkqVP4pplz_nbHs0qmeSeSB0I6j0Fi8%3D/lsparams/mh,mm,mn,ms,mv,mvi,pcm2cms,pl,initcwndbps/lsig/AG3C_xAwRQIhAN9rfRZDsT3tu6RFyXt1KXZsASdft2tJ77P8XxtGlMKtAiBMbI13-Jm94QICKH2aQPFo52FGHD787_8L73NzlTIX_g%3D%3D/", "fragments": [{"path": "sq/0"}, {"path": "sq/1/dur/5.120", "duration": 5.12}, {"path": "sq/2/dur/5.120", "duration": 5.12}, {"path": "sq/3/dur/5.120", "duration": 5.12}, {"path": "sq/4/dur/5.120", "duration": 5.12}, {"path": "sq/5/dur/5.120", "duration": 5.12}, {"path": "sq/6/dur/5.120", "duration": 5.12}, {"path": "sq/7/dur/5.120", "duration": 5.12}, {"path": "sq/8/dur/5.120", "duration": 5.12}, {"path": "sq/9/dur/5.120", "duration": 5.12}, {"path": "sq/10/dur/5.120", "duration": 5.12}, {"path": "sq/11/dur/5.120", "duration": 5.12}, {"path": "sq/12/dur/5.120", "duration": 5.12}, {"path": "sq/13/dur/5.120", "duration": 5.12}, {"path": "sq/14/dur/5.120", "duration": 5.12}, {"path": "sq/15/dur/5.120", "duration": 5.12}, {"path": "sq/16/dur/5.120", "duration": 5.12}, {"path": "sq/17/dur/5.120", "duration": 5.12}, {"path": "sq/18/dur/5.120", "duration": 5.12}, {"path": "sq/19/dur/5.120", "duration": 5.12}, {"path": "sq/20/dur/5.120", "duration": 5.12}, {"path": "sq/21/dur/5.120", "duration": 5.12}, {"path": "sq/22/dur/5.120", "duration": 5.12}, {"path": "sq/23/dur/5.120", "duration": 5.12}, {"path": "sq/24/dur/5.120", "duration": 5.12}, {"path": "sq/25/dur/5.120", "duration": 5.12}, {"path": "sq/26/dur/5.120", "duration": 5.12}, {"path": "sq/27/dur/5.120", "duration": 5.12}, {"path": "sq/28/dur/5.120", "duration": 5.12}, {"path": "sq/29/dur/3.640", "duration": 3.64}], "protocol": "http_dash_segments", "format": "160 - 256x144 (DASH video)", "http_headers": {"User-Agent": "Mozilla/5.0 (Windows NT 10.0; Win64; x64) AppleWebKit/537.36 (KHTML, like Gecko) Chrome/71.0.3557.2 Safari/537.36", "Accept-Charset": "ISO-8859-1,utf-8;q=0.7,*;q=0.7", "Accept": "text/html,application/xhtml+xml,application/xml;q=0.9,*/*;q=0.8", "Accept-Encoding": "gzip, deflate", "Accept-Language": "en-us,en;q=0.5"}}, {"ext": "webm", "height": 240, "format_note": "DASH video", "vcodec": "vp9", "format_id": "242", "manifest_url": "https://manifest.googlevideo.com/api/manifest/dash/expire/1610368286/ei/vvD7X_mtI4ycs8IPp7yL4Ao/ip/220.129.26.102/id/1f077a97d8caedba/source/youtube/requiressl/yes/playback_host/r6---sn-ipoxu-u2x6.googlevideo.com/mh/t4/mm/31%2C29/mn/sn-ipoxu-u2x6%2Csn-un57en7s/ms/au%2Crdu/mv/m/mvi/6/pcm2cms/yes/pl/21/hfr/all/as/fmp4_audio_clear%2Cwebm_audio_clear%2Cwebm2_audio_clear%2Cfmp4_sd_hd_clear%2Cwebm2_sd_hd_clear/initcwndbps/737500/vprv/1/mt/1610345794/fvip/6/keepalive/yes/beids/23886215/itag/0/sparams/expire%2Cei%2Cip%2Cid%2Csource%2Crequiressl%2Chfr%2Cas%2Cvprv%2Citag/sig/AOq0QJ8wRQIgAnV-IDJpXW5hMS3QW5T7jLUKOh88bscIlejDUp01kRYCIQCkFgw_MlwcJ6_mIjNjplLrtLT2zKKMd8Dbij6egZMnqw%3D%3D/lsparams/playback_host%2Cmh%2Cmm%2Cmn%2Cms%2Cmv%2Cmvi%2Cpcm2cms%2Cpl%2Cinitcwndbps/lsig/AG3C_xAwRgIhAOxARSjtHJmQwUJVKDcVy8WFq0zeznwdAFr-18gXYkDWAiEAjiMkbhhkdMrNgTOFD56NPnbRJG4Q60RWyKxlb0Fi4Rg%3D", "width": 426, "tbr": 220.5, "asr": null, "fps": 25, "language": null, "filesize": null, "container": "webm_dash", "acodec": "none", "url": "https://manifest.googlevideo.com/api/manifest/dash/expire/1610368286/ei/vvD7X_mtI4ycs8IPp7yL4Ao/ip/220.129.26.102/id/1f077a97d8caedba/source/youtube/requiressl/yes/playback_host/r6---sn-ipoxu-u2x6.googlevideo.com/mh/t4/mm/31%2C29/mn/sn-ipoxu-u2x6%2Csn-un57en7s/ms/au%2Crdu/mv/m/mvi/6/pcm2cms/yes/pl/21/hfr/all/as/fmp4_audio_clear%2Cwebm_audio_clear%2Cwebm2_audio_clear%2Cfmp4_sd_hd_clear%2Cwebm2_sd_hd_clear/initcwndbps/737500/vprv/1/mt/1610345794/fvip/6/keepalive/yes/beids/23886215/itag/0/sparams/expire%2Cei%2Cip%2Cid%2Csource%2Crequiressl%2Chfr%2Cas%2Cvprv%2Citag/sig/AOq0QJ8wRQIgAnV-IDJpXW5hMS3QW5T7jLUKOh88bscIlejDUp01kRYCIQCkFgw_MlwcJ6_mIjNjplLrtLT2zKKMd8Dbij6egZMnqw%3D%3D/lsparams/playback_host%2Cmh%2Cmm%2Cmn%2Cms%2Cmv%2Cmvi%2Cpcm2cms%2Cpl%2Cinitcwndbps/lsig/AG3C_xAwRgIhAOxARSjtHJmQwUJVKDcVy8WFq0zeznwdAFr-18gXYkDWAiEAjiMkbhhkdMrNgTOFD56NPnbRJG4Q60RWyKxlb0Fi4Rg%3D", "fragment_base_url": "https://r6---sn-ipoxu-u2x6.googlevideo.com/videoplayback/expire/1610368286/ei/vvD7X_mtI4ycs8IPp7yL4Ao/ip/220.129.26.102/id/1f077a97d8caedba/itag/242/source/yt_otf/requiressl/yes/mh/t4/mm/31,29/mn/sn-ipoxu-u2x6,sn-un57en7s/ms/au,rdu/mv/m/mvi/6/pcm2cms/yes/pl/21/initcwndbps/737500/vprv/1/ratebypass/yes/mime/video%2Fwebm/otfp/1/otf/1/lmt/1605863862124046/mt/1610345794/fvip/6/keepalive/yes/beids/23886215/sparams/expire,ei,ip,id,itag,source,requiressl,vprv,ratebypass,mime,otfp,otf,lmt/sig/AOq0QJ8wRgIhANp49ZkJgdz-dx6Yj7MkH-f5mk7atnRUqiJRPKc5WZVGAiEAubWS1waLSfxjdNN4E8YvH-MOiN9dxb-_i5esMcJMzys%3D/lsparams/mh,mm,mn,ms,mv,mvi,pcm2cms,pl,initcwndbps/lsig/AG3C_xAwRAIgWpYjc2lOjDhNSLRiXqEks2XwiivSSI4iomXX3Pg8NmkCIGoJdt-oeKTNBzxG7a8re4V0vr3vdADZCK8-6SuK0cQB/", "fragments": [{"path": "sq/0"}, {"path": "sq/1/dur/5.120", "duration": 5.12}, {"path": "sq/2/dur/5.120", "duration": 5.12}, {"path": "sq/3/dur/5.120", "duration": 5.12}, {"path": "sq/4/dur/5.120", "duration": 5.12}, {"path": "sq/5/dur/5.120", "duration": 5.12}, {"path": "sq/6/dur/5.120", "duration": 5.12}, {"path": "sq/7/dur/5.120", "duration": 5.12}, {"path": "sq/8/dur/5.120", "duration": 5.12}, {"path": "sq/9/dur/5.120", "duration": 5.12}, {"path": "sq/10/dur/5.120", "duration": 5.12}, {"path": "sq/11/dur/5.120", "duration": 5.12}, {"path": "sq/12/dur/5.120", "duration": 5.12}, {"path": "sq/13/dur/5.120", "duration": 5.12}, {"path": "sq/14/dur/5.120", "duration": 5.12}, {"path": "sq/15/dur/5.120", "duration": 5.12}, {"path": "sq/16/dur/5.120", "duration": 5.12}, {"path": "sq/17/dur/5.120", "duration": 5.12}, {"path": "sq/18/dur/5.120", "duration": 5.12}, {"path": "sq/19/dur/5.120", "duration": 5.12}, {"path": "sq/20/dur/5.120", "duration": 5.12}, {"path": "sq/21/dur/5.120", "duration": 5.12}, {"path": "sq/22/dur/5.120", "duration": 5.12}, {"path": "sq/23/dur/5.120", "duration": 5.12}, {"path": "sq/24/dur/5.120", "duration": 5.12}, {"path": "sq/25/dur/5.120", "duration": 5.12}, {"path": "sq/26/dur/5.120", "duration": 5.12}, {"path": "sq/27/dur/5.120", "duration": 5.12}, {"path": "sq/28/dur/5.120", "duration": 5.12}, {"path": "sq/29/dur/3.640", "duration": 3.64}], "protocol": "http_dash_segments", "format": "242 - 426x240 (DASH video)", "http_headers": {"User-Agent": "Mozilla/5.0 (Windows NT 10.0; Win64; x64) AppleWebKit/537.36 (KHTML, like Gecko) Chrome/71.0.3557.2 Safari/537.36", "Accept-Charset": "ISO-8859-1,utf-8;q=0.7,*;q=0.7", "Accept": "text/html,application/xhtml+xml,application/xml;q=0.9,*/*;q=0.8", "Accept-Encoding": "gzip, deflate", "Accept-Language": "en-us,en;q=0.5"}}, {"ext": "mp4", "height": 240, "format_note": "DASH video", "vcodec": "avc1.4d400c", "format_id": "133", "manifest_url": "https://manifest.googlevideo.com/api/manifest/dash/expire/1610368286/ei/vvD7X_mtI4ycs8IPp7yL4Ao/ip/220.129.26.102/id/1f077a97d8caedba/source/youtube/requiressl/yes/playback_host/r6---sn-ipoxu-u2x6.googlevideo.com/mh/t4/mm/31%2C29/mn/sn-ipoxu-u2x6%2Csn-un57en7s/ms/au%2Crdu/mv/m/mvi/6/pcm2cms/yes/pl/21/hfr/all/as/fmp4_audio_clear%2Cwebm_audio_clear%2Cwebm2_audio_clear%2Cfmp4_sd_hd_clear%2Cwebm2_sd_hd_clear/initcwndbps/737500/vprv/1/mt/1610345794/fvip/6/keepalive/yes/beids/23886215/itag/0/sparams/expire%2Cei%2Cip%2Cid%2Csource%2Crequiressl%2Chfr%2Cas%2Cvprv%2Citag/sig/AOq0QJ8wRQIgAnV-IDJpXW5hMS3QW5T7jLUKOh88bscIlejDUp01kRYCIQCkFgw_MlwcJ6_mIjNjplLrtLT2zKKMd8Dbij6egZMnqw%3D%3D/lsparams/playback_host%2Cmh%2Cmm%2Cmn%2Cms%2Cmv%2Cmvi%2Cpcm2cms%2Cpl%2Cinitcwndbps/lsig/AG3C_xAwRgIhAOxARSjtHJmQwUJVKDcVy8WFq0zeznwdAFr-18gXYkDWAiEAjiMkbhhkdMrNgTOFD56NPnbRJG4Q60RWyKxlb0Fi4Rg%3D", "width": 426, "tbr": 242.0, "asr": null, "fps": 25, "language": null, "filesize": null, "container": "mp4_dash", "acodec": "none", "url": "https://manifest.googlevideo.com/api/manifest/dash/expire/1610368286/ei/vvD7X_mtI4ycs8IPp7yL4Ao/ip/220.129.26.102/id/1f077a97d8caedba/source/youtube/requiressl/yes/playback_host/r6---sn-ipoxu-u2x6.googlevideo.com/mh/t4/mm/31%2C29/mn/sn-ipoxu-u2x6%2Csn-un57en7s/ms/au%2Crdu/mv/m/mvi/6/pcm2cms/yes/pl/21/hfr/all/as/fmp4_audio_clear%2Cwebm_audio_clear%2Cwebm2_audio_clear%2Cfmp4_sd_hd_clear%2Cwebm2_sd_hd_clear/initcwndbps/737500/vprv/1/mt/1610345794/fvip/6/keepalive/yes/beids/23886215/itag/0/sparams/expire%2Cei%2Cip%2Cid%2Csource%2Crequiressl%2Chfr%2Cas%2Cvprv%2Citag/sig/AOq0QJ8wRQIgAnV-IDJpXW5hMS3QW5T7jLUKOh88bscIlejDUp01kRYCIQCkFgw_MlwcJ6_mIjNjplLrtLT2zKKMd8Dbij6egZMnqw%3D%3D/lsparams/playback_host%2Cmh%2Cmm%2Cmn%2Cms%2Cmv%2Cmvi%2Cpcm2cms%2Cpl%2Cinitcwndbps/lsig/AG3C_xAwRgIhAOxARSjtHJmQwUJVKDcVy8WFq0zeznwdAFr-18gXYkDWAiEAjiMkbhhkdMrNgTOFD56NPnbRJG4Q60RWyKxlb0Fi4Rg%3D", "fragment_base_url": "https://r6---sn-ipoxu-u2x6.googlevideo.com/videoplayback/expire/1610368286/ei/vvD7X_mtI4ycs8IPp7yL4Ao/ip/220.129.26.102/id/1f077a97d8caedba/itag/133/source/yt_otf/requiressl/yes/mh/t4/mm/31,29/mn/sn-ipoxu-u2x6,sn-un57en7s/ms/au,rdu/mv/m/mvi/6/pcm2cms/yes/pl/21/initcwndbps/737500/vprv/1/ratebypass/yes/mime/video%2Fmp4/otfp/1/otf/1/lmt/1605863862124046/mt/1610345794/fvip/6/keepalive/yes/beids/23886215/sparams/expire,ei,ip,id,itag,source,requiressl,vprv,ratebypass,mime,otfp,otf,lmt/sig/AOq0QJ8wRQIgGWIAfiRLG8uryn1A1H2KAQ0JGE02EjI_a6I0ovJ7yjECIQDAfonYLQqGqEA45EaaI0ZkJdsJ5ddmO2D6x3kPJ1hd7g%3D%3D/lsparams/mh,mm,mn,ms,mv,mvi,pcm2cms,pl,initcwndbps/lsig/AG3C_xAwRQIgWB1gNOeBQrRfg0rzt9pvpM9kXx8UHfKizVIJqv-t9UECIQDmt8VomkKCX5_b39gfLD7p0lE2rnd-eqp7WVjd1wOmIA%3D%3D/", "fragments": [{"path": "sq/0"}, {"path": "sq/1/dur/5.120", "duration": 5.12}, {"path": "sq/2/dur/5.120", "duration": 5.12}, {"path": "sq/3/dur/5.120", "duration": 5.12}, {"path": "sq/4/dur/5.120", "duration": 5.12}, {"path": "sq/5/dur/5.120", "duration": 5.12}, {"path": "sq/6/dur/5.120", "duration": 5.12}, {"path": "sq/7/dur/5.120", "duration": 5.12}, {"path": "sq/8/dur/5.120", "duration": 5.12}, {"path": "sq/9/dur/5.120", "duration": 5.12}, {"path": "sq/10/dur/5.120", "duration": 5.12}, {"path": "sq/11/dur/5.120", "duration": 5.12}, {"path": "sq/12/dur/5.120", "duration": 5.12}, {"path": "sq/13/dur/5.120", "duration": 5.12}, {"path": "sq/14/dur/5.120", "duration": 5.12}, {"path": "sq/15/dur/5.120", "duration": 5.12}, {"path": "sq/16/dur/5.120", "duration": 5.12}, {"path": "sq/17/dur/5.120", "duration": 5.12}, {"path": "sq/18/dur/5.120", "duration": 5.12}, {"path": "sq/19/dur/5.120", "duration": 5.12}, {"path": "sq/20/dur/5.120", "duration": 5.12}, {"path": "sq/21/dur/5.120", "duration": 5.12}, {"path": "sq/22/dur/5.120", "duration": 5.12}, {"path": "sq/23/dur/5.120", "duration": 5.12}, {"path": "sq/24/dur/5.120", "duration": 5.12}, {"path": "sq/25/dur/5.120", "duration": 5.12}, {"path": "sq/26/dur/5.120", "duration": 5.12}, {"path": "sq/27/dur/5.120", "duration": 5.12}, {"path": "sq/28/dur/5.120", "duration": 5.12}, {"path": "sq/29/dur/3.640", "duration": 3.64}], "protocol": "http_dash_segments", "format": "133 - 426x240 (DASH video)", "http_headers": {"User-Agent": "Mozilla/5.0 (Windows NT 10.0; Win64; x64) AppleWebKit/537.36 (KHTML, like Gecko) Chrome/71.0.3557.2 Safari/537.36", "Accept-Charset": "ISO-8859-1,utf-8;q=0.7,*;q=0.7", "Accept": "text/html,application/xhtml+xml,application/xml;q=0.9,*/*;q=0.8", "Accept-Encoding": "gzip, deflate", "Accept-Language": "en-us,en;q=0.5"}}, {"ext": "webm", "height": 360, "format_note": "DASH video", "vcodec": "vp9", "format_id": "243", "manifest_url": "https://manifest.googlevideo.com/api/manifest/dash/expire/1610368286/ei/vvD7X_mtI4ycs8IPp7yL4Ao/ip/220.129.26.102/id/1f077a97d8caedba/source/youtube/requiressl/yes/playback_host/r6---sn-ipoxu-u2x6.googlevideo.com/mh/t4/mm/31%2C29/mn/sn-ipoxu-u2x6%2Csn-un57en7s/ms/au%2Crdu/mv/m/mvi/6/pcm2cms/yes/pl/21/hfr/all/as/fmp4_audio_clear%2Cwebm_audio_clear%2Cwebm2_audio_clear%2Cfmp4_sd_hd_clear%2Cwebm2_sd_hd_clear/initcwndbps/737500/vprv/1/mt/1610345794/fvip/6/keepalive/yes/beids/23886215/itag/0/sparams/expire%2Cei%2Cip%2Cid%2Csource%2Crequiressl%2Chfr%2Cas%2Cvprv%2Citag/sig/AOq0QJ8wRQIgAnV-IDJpXW5hMS3QW5T7jLUKOh88bscIlejDUp01kRYCIQCkFgw_MlwcJ6_mIjNjplLrtLT2zKKMd8Dbij6egZMnqw%3D%3D/lsparams/playback_host%2Cmh%2Cmm%2Cmn%2Cms%2Cmv%2Cmvi%2Cpcm2cms%2Cpl%2Cinitcwndbps/lsig/AG3C_xAwRgIhAOxARSjtHJmQwUJVKDcVy8WFq0zeznwdAFr-18gXYkDWAiEAjiMkbhhkdMrNgTOFD56NPnbRJG4Q60RWyKxlb0Fi4Rg%3D", "width": 640, "tbr": 405.72, "asr": null, "fps": 25, "language": null, "filesize": null, "container": "webm_dash", "acodec": "none", "url": "https://manifest.googlevideo.com/api/manifest/dash/expire/1610368286/ei/vvD7X_mtI4ycs8IPp7yL4Ao/ip/220.129.26.102/id/1f077a97d8caedba/source/youtube/requiressl/yes/playback_host/r6---sn-ipoxu-u2x6.googlevideo.com/mh/t4/mm/31%2C29/mn/sn-ipoxu-u2x6%2Csn-un57en7s/ms/au%2Crdu/mv/m/mvi/6/pcm2cms/yes/pl/21/hfr/all/as/fmp4_audio_clear%2Cwebm_audio_clear%2Cwebm2_audio_clear%2Cfmp4_sd_hd_clear%2Cwebm2_sd_hd_clear/initcwndbps/737500/vprv/1/mt/1610345794/fvip/6/keepalive/yes/beids/23886215/itag/0/sparams/expire%2Cei%2Cip%2Cid%2Csource%2Crequiressl%2Chfr%2Cas%2Cvprv%2Citag/sig/AOq0QJ8wRQIgAnV-IDJpXW5hMS3QW5T7jLUKOh88bscIlejDUp01kRYCIQCkFgw_MlwcJ6_mIjNjplLrtLT2zKKMd8Dbij6egZMnqw%3D%3D/lsparams/playback_host%2Cmh%2Cmm%2Cmn%2Cms%2Cmv%2Cmvi%2Cpcm2cms%2Cpl%2Cinitcwndbps/lsig/AG3C_xAwRgIhAOxARSjtHJmQwUJVKDcVy8WFq0zeznwdAFr-18gXYkDWAiEAjiMkbhhkdMrNgTOFD56NPnbRJG4Q60RWyKxlb0Fi4Rg%3D", "fragment_base_url": "https://r6---sn-ipoxu-u2x6.googlevideo.com/videoplayback/expire/1610368286/ei/vvD7X_mtI4ycs8IPp7yL4Ao/ip/220.129.26.102/id/1f077a97d8caedba/itag/243/source/yt_otf/requiressl/yes/mh/t4/mm/31,29/mn/sn-ipoxu-u2x6,sn-un57en7s/ms/au,rdu/mv/m/mvi/6/pcm2cms/yes/pl/21/initcwndbps/737500/vprv/1/ratebypass/yes/mime/video%2Fwebm/otfp/1/otf/1/lmt/1605863862124046/mt/1610345794/fvip/6/keepalive/yes/beids/23886215/sparams/expire,ei,ip,id,itag,source,requiressl,vprv,ratebypass,mime,otfp,otf,lmt/sig/AOq0QJ8wRQIhALKMgOk6uildwNt0bFj0QTPRAjf2HSZ9Kslg78E-XFCnAiBIQDG3oUjyM_-CiFxnYTEKvIwrD5ZrPLzd-U_CvQElQg%3D%3D/lsparams/mh,mm,mn,ms,mv,mvi,pcm2cms,pl,initcwndbps/lsig/AG3C_xAwRQIgIClfNWEV_u7HCvbf2fKzyLGcsv_oV6iToI2hH5dEslwCIQDsFpE6L7nAESne6aeNTgZ3isuTZF2Rn-RzxFlgAnBPCg%3D%3D/", "fragments": [{"path": "sq/0"}, {"path": "sq/1/dur/5.120", "duration": 5.12}, {"path": "sq/2/dur/5.120", "duration": 5.12}, {"path": "sq/3/dur/5.120", "duration": 5.12}, {"path": "sq/4/dur/5.120", "duration": 5.12}, {"path": "sq/5/dur/5.120", "duration": 5.12}, {"path": "sq/6/dur/5.120", "duration": 5.12}, {"path": "sq/7/dur/5.120", "duration": 5.12}, {"path": "sq/8/dur/5.120", "duration": 5.12}, {"path": "sq/9/dur/5.120", "duration": 5.12}, {"path": "sq/10/dur/5.120", "duration": 5.12}, {"path": "sq/11/dur/5.120", "duration": 5.12}, {"path": "sq/12/dur/5.120", "duration": 5.12}, {"path": "sq/13/dur/5.120", "duration": 5.12}, {"path": "sq/14/dur/5.120", "duration": 5.12}, {"path": "sq/15/dur/5.120", "duration": 5.12}, {"path": "sq/16/dur/5.120", "duration": 5.12}, {"path": "sq/17/dur/5.120", "duration": 5.12}, {"path": "sq/18/dur/5.120", "duration": 5.12}, {"path": "sq/19/dur/5.120", "duration": 5.12}, {"path": "sq/20/dur/5.120", "duration": 5.12}, {"path": "sq/21/dur/5.120", "duration": 5.12}, {"path": "sq/22/dur/5.120", "duration": 5.12}, {"path": "sq/23/dur/5.120", "duration": 5.12}, {"path": "sq/24/dur/5.120", "duration": 5.12}, {"path": "sq/25/dur/5.120", "duration": 5.12}, {"path": "sq/26/dur/5.120", "duration": 5.12}, {"path": "sq/27/dur/5.120", "duration": 5.12}, {"path": "sq/28/dur/5.120", "duration": 5.12}, {"path": "sq/29/dur/3.640", "duration": 3.64}], "protocol": "http_dash_segments", "format": "243 - 640x360 (DASH video)", "http_headers": {"User-Agent": "Mozilla/5.0 (Windows NT 10.0; Win64; x64) AppleWebKit/537.36 (KHTML, like Gecko) Chrome/71.0.3557.2 Safari/537.36", "Accept-Charset": "ISO-8859-1,utf-8;q=0.7,*;q=0.7", "Accept": "text/html,application/xhtml+xml,application/xml;q=0.9,*/*;q=0.8", "Accept-Encoding": "gzip, deflate", "Accept-Language": "en-us,en;q=0.5"}}, {"ext": "webm", "height": 480, "format_note": "DASH video", "vcodec": "vp9", "format_id": "244", "manifest_url": "https://manifest.googlevideo.com/api/manifest/dash/expire/1610368286/ei/vvD7X_mtI4ycs8IPp7yL4Ao/ip/220.129.26.102/id/1f077a97d8caedba/source/youtube/requiressl/yes/playback_host/r6---sn-ipoxu-u2x6.googlevideo.com/mh/t4/mm/31%2C29/mn/sn-ipoxu-u2x6%2Csn-un57en7s/ms/au%2Crdu/mv/m/mvi/6/pcm2cms/yes/pl/21/hfr/all/as/fmp4_audio_clear%2Cwebm_audio_clear%2Cwebm2_audio_clear%2Cfmp4_sd_hd_clear%2Cwebm2_sd_hd_clear/initcwndbps/737500/vprv/1/mt/1610345794/fvip/6/keepalive/yes/beids/23886215/itag/0/sparams/expire%2Cei%2Cip%2Cid%2Csource%2Crequiressl%2Chfr%2Cas%2Cvprv%2Citag/sig/AOq0QJ8wRQIgAnV-IDJpXW5hMS3QW5T7jLUKOh88bscIlejDUp01kRYCIQCkFgw_MlwcJ6_mIjNjplLrtLT2zKKMd8Dbij6egZMnqw%3D%3D/lsparams/playback_host%2Cmh%2Cmm%2Cmn%2Cms%2Cmv%2Cmvi%2Cpcm2cms%2Cpl%2Cinitcwndbps/lsig/AG3C_xAwRgIhAOxARSjtHJmQwUJVKDcVy8WFq0zeznwdAFr-18gXYkDWAiEAjiMkbhhkdMrNgTOFD56NPnbRJG4Q60RWyKxlb0Fi4Rg%3D", "width": 854, "tbr": 752.64, "asr": null, "fps": 25, "language": null, "filesize": null, "container": "webm_dash", "acodec": "none", "url": "https://manifest.googlevideo.com/api/manifest/dash/expire/1610368286/ei/vvD7X_mtI4ycs8IPp7yL4Ao/ip/220.129.26.102/id/1f077a97d8caedba/source/youtube/requiressl/yes/playback_host/r6---sn-ipoxu-u2x6.googlevideo.com/mh/t4/mm/31%2C29/mn/sn-ipoxu-u2x6%2Csn-un57en7s/ms/au%2Crdu/mv/m/mvi/6/pcm2cms/yes/pl/21/hfr/all/as/fmp4_audio_clear%2Cwebm_audio_clear%2Cwebm2_audio_clear%2Cfmp4_sd_hd_clear%2Cwebm2_sd_hd_clear/initcwndbps/737500/vprv/1/mt/1610345794/fvip/6/keepalive/yes/beids/23886215/itag/0/sparams/expire%2Cei%2Cip%2Cid%2Csource%2Crequiressl%2Chfr%2Cas%2Cvprv%2Citag/sig/AOq0QJ8wRQIgAnV-IDJpXW5hMS3QW5T7jLUKOh88bscIlejDUp01kRYCIQCkFgw_MlwcJ6_mIjNjplLrtLT2zKKMd8Dbij6egZMnqw%3D%3D/lsparams/playback_host%2Cmh%2Cmm%2Cmn%2Cms%2Cmv%2Cmvi%2Cpcm2cms%2Cpl%2Cinitcwndbps/lsig/AG3C_xAwRgIhAOxARSjtHJmQwUJVKDcVy8WFq0zeznwdAFr-18gXYkDWAiEAjiMkbhhkdMrNgTOFD56NPnbRJG4Q60RWyKxlb0Fi4Rg%3D", "fragment_base_url": "https://r6---sn-ipoxu-u2x6.googlevideo.com/videoplayback/expire/1610368286/ei/vvD7X_mtI4ycs8IPp7yL4Ao/ip/220.129.26.102/id/1f077a97d8caedba/itag/244/source/yt_otf/requiressl/yes/mh/t4/mm/31,29/mn/sn-ipoxu-u2x6,sn-un57en7s/ms/au,rdu/mv/m/mvi/6/pcm2cms/yes/pl/21/initcwndbps/737500/vprv/1/ratebypass/yes/mime/video%2Fwebm/otfp/1/otf/1/lmt/1605863862124046/mt/1610345794/fvip/6/keepalive/yes/beids/23886215/sparams/expire,ei,ip,id,itag,source,requiressl,vprv,ratebypass,mime,otfp,otf,lmt/sig/AOq0QJ8wRQIhALbGybCEhvOmbSnhpTF_AjWO8hi9cDnEJTOwA8Wv6gqtAiBQ51ElR7Ku_OFWmM76Vl3_WDh9UBh6omUZXBYMir9Ljw%3D%3D/lsparams/mh,mm,mn,ms,mv,mvi,pcm2cms,pl,initcwndbps/lsig/AG3C_xAwRQIhANw7uPgqdbYOqQxZ2_Y6WgAp4R_IaKYq4mN628m73-lnAiBoRvFwIOIU88G8hEW9Xcl-SpMQP7MagOvwZuwX5Z9jwQ%3D%3D/", "fragments": [{"path": "sq/0"}, {"path": "sq/1/dur/5.120", "duration": 5.12}, {"path": "sq/2/dur/5.120", "duration": 5.12}, {"path": "sq/3/dur/5.120", "duration": 5.12}, {"path": "sq/4/dur/5.120", "duration": 5.12}, {"path": "sq/5/dur/5.120", "duration": 5.12}, {"path": "sq/6/dur/5.120", "duration": 5.12}, {"path": "sq/7/dur/5.120", "duration": 5.12}, {"path": "sq/8/dur/5.120", "duration": 5.12}, {"path": "sq/9/dur/5.120", "duration": 5.12}, {"path": "sq/10/dur/5.120", "duration": 5.12}, {"path": "sq/11/dur/5.120", "duration": 5.12}, {"path": "sq/12/dur/5.120", "duration": 5.12}, {"path": "sq/13/dur/5.120", "duration": 5.12}, {"path": "sq/14/dur/5.120", "duration": 5.12}, {"path": "sq/15/dur/5.120", "duration": 5.12}, {"path": "sq/16/dur/5.120", "duration": 5.12}, {"path": "sq/17/dur/5.120", "duration": 5.12}, {"path": "sq/18/dur/5.120", "duration": 5.12}, {"path": "sq/19/dur/5.120", "duration": 5.12}, {"path": "sq/20/dur/5.120", "duration": 5.12}, {"path": "sq/21/dur/5.120", "duration": 5.12}, {"path": "sq/22/dur/5.120", "duration": 5.12}, {"path": "sq/23/dur/5.120", "duration": 5.12}, {"path": "sq/24/dur/5.120", "duration": 5.12}, {"path": "sq/25/dur/5.120", "duration": 5.12}, {"path": "sq/26/dur/5.120", "duration": 5.12}, {"path": "sq/27/dur/5.120", "duration": 5.12}, {"path": "sq/28/dur/5.120", "duration": 5.12}, {"path": "sq/29/dur/3.640", "duration": 3.64}], "protocol": "http_dash_segments", "format": "244 - 854x480 (DASH video)", "http_headers": {"User-Agent": "Mozilla/5.0 (Windows NT 10.0; Win64; x64) AppleWebKit/537.36 (KHTML, like Gecko) Chrome/71.0.3557.2 Safari/537.36", "Accept-Charset": "ISO-8859-1,utf-8;q=0.7,*;q=0.7", "Accept": "text/html,application/xhtml+xml,application/xml;q=0.9,*/*;q=0.8", "Accept-Encoding": "gzip, deflate", "Accept-Language": "en-us,en;q=0.5"}}, {"ext": "mp4", "height": 1080, "format_note": "DASH video", "vcodec": "avc1.640028", "format_id": "137", "manifest_url": "https://manifest.googlevideo.com/api/manifest/dash/expire/1610368286/ei/vvD7X_mtI4ycs8IPp7yL4Ao/ip/220.129.26.102/id/1f077a97d8caedba/source/youtube/requiressl/yes/playback_host/r6---sn-ipoxu-u2x6.googlevideo.com/mh/t4/mm/31%2C29/mn/sn-ipoxu-u2x6%2Csn-un57en7s/ms/au%2Crdu/mv/m/mvi/6/pcm2cms/yes/pl/21/hfr/all/as/fmp4_audio_clear%2Cwebm_audio_clear%2Cwebm2_audio_clear%2Cfmp4_sd_hd_clear%2Cwebm2_sd_hd_clear/initcwndbps/737500/vprv/1/mt/1610345794/fvip/6/keepalive/yes/beids/23886215/itag/0/sparams/expire%2Cei%2Cip%2Cid%2Csource%2Crequiressl%2Chfr%2Cas%2Cvprv%2Citag/sig/AOq0QJ8wRQIgAnV-IDJpXW5hMS3QW5T7jLUKOh88bscIlejDUp01kRYCIQCkFgw_MlwcJ6_mIjNjplLrtLT2zKKMd8Dbij6egZMnqw%3D%3D/lsparams/playback_host%2Cmh%2Cmm%2Cmn%2Cms%2Cmv%2Cmvi%2Cpcm2cms%2Cpl%2Cinitcwndbps/lsig/AG3C_xAwRgIhAOxARSjtHJmQwUJVKDcVy8WFq0zeznwdAFr-18gXYkDWAiEAjiMkbhhkdMrNgTOFD56NPnbRJG4Q60RWyKxlb0Fi4Rg%3D", "width": 1920, "tbr": 1060.452, "asr": null, "fps": 25, "language": null, "filesize": null, "container": "mp4_dash", "acodec": "none", "url": "https://manifest.googlevideo.com/api/manifest/dash/expire/1610368286/ei/vvD7X_mtI4ycs8IPp7yL4Ao/ip/220.129.26.102/id/1f077a97d8caedba/source/youtube/requiressl/yes/playback_host/r6---sn-ipoxu-u2x6.googlevideo.com/mh/t4/mm/31%2C29/mn/sn-ipoxu-u2x6%2Csn-un57en7s/ms/au%2Crdu/mv/m/mvi/6/pcm2cms/yes/pl/21/hfr/all/as/fmp4_audio_clear%2Cwebm_audio_clear%2Cwebm2_audio_clear%2Cfmp4_sd_hd_clear%2Cwebm2_sd_hd_clear/initcwndbps/737500/vprv/1/mt/1610345794/fvip/6/keepalive/yes/beids/23886215/itag/0/sparams/expire%2Cei%2Cip%2Cid%2Csource%2Crequiressl%2Chfr%2Cas%2Cvprv%2Citag/sig/AOq0QJ8wRQIgAnV-IDJpXW5hMS3QW5T7jLUKOh88bscIlejDUp01kRYCIQCkFgw_MlwcJ6_mIjNjplLrtLT2zKKMd8Dbij6egZMnqw%3D%3D/lsparams/playback_host%2Cmh%2Cmm%2Cmn%2Cms%2Cmv%2Cmvi%2Cpcm2cms%2Cpl%2Cinitcwndbps/lsig/AG3C_xAwRgIhAOxARSjtHJmQwUJVKDcVy8WFq0zeznwdAFr-18gXYkDWAiEAjiMkbhhkdMrNgTOFD56NPnbRJG4Q60RWyKxlb0Fi4Rg%3D", "fragment_base_url": "https://r6---sn-ipoxu-u2x6.googlevideo.com/videoplayback/expire/1610368286/ei/vvD7X_mtI4ycs8IPp7yL4Ao/ip/220.129.26.102/id/1f077a97d8caedba/itag/137/source/youtube/requiressl/yes/mh/t4/mm/31,29/mn/sn-ipoxu-u2x6,sn-un57en7s/ms/au,rdu/mv/m/mvi/6/pcm2cms/yes/pl/21/initcwndbps/737500/vprv/1/ratebypass/yes/mime/video%2Fmp4/otfp/1/gir/yes/clen/15228106/lmt/1605863862124046/dur/147.000/mt/1610345794/fvip/6/keepalive/yes/beids/23886215/sparams/expire,ei,ip,id,itag,source,requiressl,vprv,ratebypass,mime,otfp,gir,clen,lmt,dur/sig/AOq0QJ8wRAIgJkmjYCsLkAgB3QoFRnoHUFOcoERjIgyRu6IoOB1KuGcCIFsndbHSJxe7zL7n7WmbcDEcglYYLjvWhS2746g25Qwl/lsparams/mh,mm,mn,ms,mv,mvi,pcm2cms,pl,initcwndbps/lsig/AG3C_xAwRQIgDyy1K6ES91hIPYDuYdl2tUkvvuUuhx7WTgY2jRkUCX4CIQD0c8bAcsmknjKKY0IngC77TO60WIKSnqncUHrP3UHizg%3D%3D/", "fragments": [{"path": "range/0-741"}, {"path": "range/1122-529453", "duration": 5.12}, {"path": "range/529454-1063130", "duration": 5.12}, {"path": "range/1063131-1586779", "duration": 5.12}, {"path": "range/1586780-2118958", "duration": 5.12}, {"path": "range/2118959-2639277", "duration": 5.12}, {"path": "range/2639278-3167890", "duration": 5.12}, {"path": "range/3167891-3691300", "duration": 5.12}, {"path": "range/3691301-4216302", "duration": 5.12}, {"path": "range/4216303-4738426", "duration": 5.12}, {"path": "range/4738427-5265002", "duration": 5.12}, {"path": "range/5265003-5790687", "duration": 5.12}, {"path": "range/5790688-6309171", "duration": 5.12}, {"path": "range/6309172-6824839", "duration": 5.12}, {"path": "range/6824840-7345371", "duration": 5.12}, {"path": "range/7345372-7862104", "duration": 5.12}, {"path": "range/7862105-8386032", "duration": 5.12}, {"path": "range/8386033-8918354", "duration": 5.12}, {"path": "range/8918355-9448576", "duration": 5.12}, {"path": "range/9448577-9983040", "duration": 5.12}, {"path": "range/9983041-10523170", "duration": 5.12}, {"path": "range/10523171-11049757", "duration": 5.12}, {"path": "range/11049758-11580007", "duration": 5.12}, {"path": "range/11580008-12116429", "duration": 5.12}, {"path": "range/12116430-12643511", "duration": 5.12}, {"path": "range/12643512-13173569", "duration": 5.12}, {"path": "range/13173570-13700181", "duration": 5.12}, {"path": "range/13700182-14222987", "duration": 5.12}, {"path": "range/14222988-14745599", "duration": 5.12}, {"path": "range/14745600-15228105", "duration": 3.64}], "protocol": "http_dash_segments", "format": "137 - 1920x1080 (DASH video)", "http_headers": {"User-Agent": "Mozilla/5.0 (Windows NT 10.0; Win64; x64) AppleWebKit/537.36 (KHTML, like Gecko) Chrome/71.0.3557.2 Safari/537.36", "Accept-Charset": "ISO-8859-1,utf-8;q=0.7,*;q=0.7", "Accept": "text/html,application/xhtml+xml,application/xml;q=0.9,*/*;q=0.8", "Accept-Encoding": "gzip, deflate", "Accept-Language": "en-us,en;q=0.5"}}, {"ext": "mp4", "height": 480, "format_note": "DASH video", "vcodec": "avc1.4d4014", "format_id": "135", "manifest_url": "https://manifest.googlevideo.com/api/manifest/dash/expire/1610368286/ei/vvD7X_mtI4ycs8IPp7yL4Ao/ip/220.129.26.102/id/1f077a97d8caedba/source/youtube/requiressl/yes/playback_host/r6---sn-ipoxu-u2x6.googlevideo.com/mh/t4/mm/31%2C29/mn/sn-ipoxu-u2x6%2Csn-un57en7s/ms/au%2Crdu/mv/m/mvi/6/pcm2cms/yes/pl/21/hfr/all/as/fmp4_audio_clear%2Cwebm_audio_clear%2Cwebm2_audio_clear%2Cfmp4_sd_hd_clear%2Cwebm2_sd_hd_clear/initcwndbps/737500/vprv/1/mt/1610345794/fvip/6/keepalive/yes/beids/23886215/itag/0/sparams/expire%2Cei%2Cip%2Cid%2Csource%2Crequiressl%2Chfr%2Cas%2Cvprv%2Citag/sig/AOq0QJ8wRQIgAnV-IDJpXW5hMS3QW5T7jLUKOh88bscIlejDUp01kRYCIQCkFgw_MlwcJ6_mIjNjplLrtLT2zKKMd8Dbij6egZMnqw%3D%3D/lsparams/playback_host%2Cmh%2Cmm%2Cmn%2Cms%2Cmv%2Cmvi%2Cpcm2cms%2Cpl%2Cinitcwndbps/lsig/AG3C_xAwRgIhAOxARSjtHJmQwUJVKDcVy8WFq0zeznwdAFr-18gXYkDWAiEAjiMkbhhkdMrNgTOFD56NPnbRJG4Q60RWyKxlb0Fi4Rg%3D", "width": 854, "tbr": 1155.0, "asr": null, "fps": 25, "language": null, "filesize": null, "container": "mp4_dash", "acodec": "none", "url": "https://manifest.googlevideo.com/api/manifest/dash/expire/1610368286/ei/vvD7X_mtI4ycs8IPp7yL4Ao/ip/220.129.26.102/id/1f077a97d8caedba/source/youtube/requiressl/yes/playback_host/r6---sn-ipoxu-u2x6.googlevideo.com/mh/t4/mm/31%2C29/mn/sn-ipoxu-u2x6%2Csn-un57en7s/ms/au%2Crdu/mv/m/mvi/6/pcm2cms/yes/pl/21/hfr/all/as/fmp4_audio_clear%2Cwebm_audio_clear%2Cwebm2_audio_clear%2Cfmp4_sd_hd_clear%2Cwebm2_sd_hd_clear/initcwndbps/737500/vprv/1/mt/1610345794/fvip/6/keepalive/yes/beids/23886215/itag/0/sparams/expire%2Cei%2Cip%2Cid%2Csource%2Crequiressl%2Chfr%2Cas%2Cvprv%2Citag/sig/AOq0QJ8wRQIgAnV-IDJpXW5hMS3QW5T7jLUKOh88bscIlejDUp01kRYCIQCkFgw_MlwcJ6_mIjNjplLrtLT2zKKMd8Dbij6egZMnqw%3D%3D/lsparams/playback_host%2Cmh%2Cmm%2Cmn%2Cms%2Cmv%2Cmvi%2Cpcm2cms%2Cpl%2Cinitcwndbps/lsig/AG3C_xAwRgIhAOxARSjtHJmQwUJVKDcVy8WFq0zeznwdAFr-18gXYkDWAiEAjiMkbhhkdMrNgTOFD56NPnbRJG4Q60RWyKxlb0Fi4Rg%3D", "fragment_base_url": "https://r6---sn-ipoxu-u2x6.googlevideo.com/videoplayback/expire/1610368286/ei/vvD7X_mtI4ycs8IPp7yL4Ao/ip/220.129.26.102/id/1f077a97d8caedba/itag/135/source/yt_otf/requiressl/yes/mh/t4/mm/31,29/mn/sn-ipoxu-u2x6,sn-un57en7s/ms/au,rdu/mv/m/mvi/6/pcm2cms/yes/pl/21/initcwndbps/737500/vprv/1/ratebypass/yes/mime/video%2Fmp4/otfp/1/otf/1/lmt/1605863862124046/mt/1610345794/fvip/6/keepalive/yes/beids/23886215/sparams/expire,ei,ip,id,itag,source,requiressl,vprv,ratebypass,mime,otfp,otf,lmt/sig/AOq0QJ8wRgIhALiGPs1iD5HvcEoQuAkcksvQI8LWt9u7R_YHNVLqQ4C-AiEA0ob9cssYy1tsOIZk0Wg3TaD43BT26E_dQATFGEYdiSY%3D/lsparams/mh,mm,mn,ms,mv,mvi,pcm2cms,pl,initcwndbps/lsig/AG3C_xAwRQIgZ2JTNt3Tc3lefCZ39apzzxWdqs149FrleTktqbDuhi8CIQCJQOdHuO_Jj6N2V6qeeAIuY_4IShCh4SGYFv4FxQLQeQ%3D%3D/", "fragments": [{"path": "sq/0"}, {"path": "sq/1/dur/5.120", "duration": 5.12}, {"path": "sq/2/dur/5.120", "duration": 5.12}, {"path": "sq/3/dur/5.120", "duration": 5.12}, {"path": "sq/4/dur/5.120", "duration": 5.12}, {"path": "sq/5/dur/5.120", "duration": 5.12}, {"path": "sq/6/dur/5.120", "duration": 5.12}, {"path": "sq/7/dur/5.120", "duration": 5.12}, {"path": "sq/8/dur/5.120", "duration": 5.12}, {"path": "sq/9/dur/5.120", "duration": 5.12}, {"path": "sq/10/dur/5.120", "duration": 5.12}, {"path": "sq/11/dur/5.120", "duration": 5.12}, {"path": "sq/12/dur/5.120", "duration": 5.12}, {"path": "sq/13/dur/5.120", "duration": 5.12}, {"path": "sq/14/dur/5.120", "duration": 5.12}, {"path": "sq/15/dur/5.120", "duration": 5.12}, {"path": "sq/16/dur/5.120", "duration": 5.12}, {"path": "sq/17/dur/5.120", "duration": 5.12}, {"path": "sq/18/dur/5.120", "duration": 5.12}, {"path": "sq/19/dur/5.120", "duration": 5.12}, {"path": "sq/20/dur/5.120", "duration": 5.12}, {"path": "sq/21/dur/5.120", "duration": 5.12}, {"path": "sq/22/dur/5.120", "duration": 5.12}, {"path": "sq/23/dur/5.120", "duration": 5.12}, {"path": "sq/24/dur/5.120", "duration": 5.12}, {"path": "sq/25/dur/5.120", "duration": 5.12}, {"path": "sq/26/dur/5.120", "duration": 5.12}, {"path": "sq/27/dur/5.120", "duration": 5.12}, {"path": "sq/28/dur/5.120", "duration": 5.12}, {"path": "sq/29/dur/3.640", "duration": 3.64}], "protocol": "http_dash_segments", "format": "135 - 854x480 (DASH video)", "http_headers": {"User-Agent": "Mozilla/5.0 (Windows NT 10.0; Win64; x64) AppleWebKit/537.36 (KHTML, like Gecko) Chrome/71.0.3557.2 Safari/537.36", "Accept-Charset": "ISO-8859-1,utf-8;q=0.7,*;q=0.7", "Accept": "text/html,application/xhtml+xml,application/xml;q=0.9,*/*;q=0.8", "Accept-Encoding": "gzip, deflate", "Accept-Language": "en-us,en;q=0.5"}}, {"ext": "webm", "height": 720, "format_note": "DASH video", "vcodec": "vp9", "format_id": "247", "manifest_url": "https://manifest.googlevideo.com/api/manifest/dash/expire/1610368286/ei/vvD7X_mtI4ycs8IPp7yL4Ao/ip/220.129.26.102/id/1f077a97d8caedba/source/youtube/requiressl/yes/playback_host/r6---sn-ipoxu-u2x6.googlevideo.com/mh/t4/mm/31%2C29/mn/sn-ipoxu-u2x6%2Csn-un57en7s/ms/au%2Crdu/mv/m/mvi/6/pcm2cms/yes/pl/21/hfr/all/as/fmp4_audio_clear%2Cwebm_audio_clear%2Cwebm2_audio_clear%2Cfmp4_sd_hd_clear%2Cwebm2_sd_hd_clear/initcwndbps/737500/vprv/1/mt/1610345794/fvip/6/keepalive/yes/beids/23886215/itag/0/sparams/expire%2Cei%2Cip%2Cid%2Csource%2Crequiressl%2Chfr%2Cas%2Cvprv%2Citag/sig/AOq0QJ8wRQIgAnV-IDJpXW5hMS3QW5T7jLUKOh88bscIlejDUp01kRYCIQCkFgw_MlwcJ6_mIjNjplLrtLT2zKKMd8Dbij6egZMnqw%3D%3D/lsparams/playback_host%2Cmh%2Cmm%2Cmn%2Cms%2Cmv%2Cmvi%2Cpcm2cms%2Cpl%2Cinitcwndbps/lsig/AG3C_xAwRgIhAOxARSjtHJmQwUJVKDcVy8WFq0zeznwdAFr-18gXYkDWAiEAjiMkbhhkdMrNgTOFD56NPnbRJG4Q60RWyKxlb0Fi4Rg%3D", "width": 1280, "tbr": 1505.28, "asr": null, "fps": 25, "language": null, "filesize": null, "container": "webm_dash", "acodec": "none", "url": "https://manifest.googlevideo.com/api/manifest/dash/expire/1610368286/ei/vvD7X_mtI4ycs8IPp7yL4Ao/ip/220.129.26.102/id/1f077a97d8caedba/source/youtube/requiressl/yes/playback_host/r6---sn-ipoxu-u2x6.googlevideo.com/mh/t4/mm/31%2C29/mn/sn-ipoxu-u2x6%2Csn-un57en7s/ms/au%2Crdu/mv/m/mvi/6/pcm2cms/yes/pl/21/hfr/all/as/fmp4_audio_clear%2Cwebm_audio_clear%2Cwebm2_audio_clear%2Cfmp4_sd_hd_clear%2Cwebm2_sd_hd_clear/initcwndbps/737500/vprv/1/mt/1610345794/fvip/6/keepalive/yes/beids/23886215/itag/0/sparams/expire%2Cei%2Cip%2Cid%2Csource%2Crequiressl%2Chfr%2Cas%2Cvprv%2Citag/sig/AOq0QJ8wRQIgAnV-IDJpXW5hMS3QW5T7jLUKOh88bscIlejDUp01kRYCIQCkFgw_MlwcJ6_mIjNjplLrtLT2zKKMd8Dbij6egZMnqw%3D%3D/lsparams/playback_host%2Cmh%2Cmm%2Cmn%2Cms%2Cmv%2Cmvi%2Cpcm2cms%2Cpl%2Cinitcwndbps/lsig/AG3C_xAwRgIhAOxARSjtHJmQwUJVKDcVy8WFq0zeznwdAFr-18gXYkDWAiEAjiMkbhhkdMrNgTOFD56NPnbRJG4Q60RWyKxlb0Fi4Rg%3D", "fragment_base_url": "https://r6---sn-ipoxu-u2x6.googlevideo.com/videoplayback/expire/1610368286/ei/vvD7X_mtI4ycs8IPp7yL4Ao/ip/220.129.26.102/id/1f077a97d8caedba/itag/247/source/yt_otf/requiressl/yes/mh/t4/mm/31,29/mn/sn-ipoxu-u2x6,sn-un57en7s/ms/au,rdu/mv/m/mvi/6/pcm2cms/yes/pl/21/initcwndbps/737500/vprv/1/ratebypass/yes/mime/video%2Fwebm/otfp/1/otf/1/lmt/1605863862124046/mt/1610345794/fvip/6/keepalive/yes/beids/23886215/sparams/expire,ei,ip,id,itag,source,requiressl,vprv,ratebypass,mime,otfp,otf,lmt/sig/AOq0QJ8wRQIgdWKQBu7uwbwS4J_DozFXvNX0zOqKiF-2VIdnhr6U0JUCIQDzNq9ZCg22ebRrOt8cKD_YRzD09toiMuSj3mgfalxA7w%3D%3D/lsparams/mh,mm,mn,ms,mv,mvi,pcm2cms,pl,initcwndbps/lsig/AG3C_xAwRQIhAKYAFE02NF2HRKgXm0ItAFFwyaskkLq0zETEdbnTE8qGAiAuSNma63X3cQxU0pKNfgUF3kC9VeGp4KeP7DO0dxxlPA%3D%3D/", "fragments": [{"path": "sq/0"}, {"path": "sq/1/dur/5.120", "duration": 5.12}, {"path": "sq/2/dur/5.120", "duration": 5.12}, {"path": "sq/3/dur/5.120", "duration": 5.12}, {"path": "sq/4/dur/5.120", "duration": 5.12}, {"path": "sq/5/dur/5.120", "duration": 5.12}, {"path": "sq/6/dur/5.120", "duration": 5.12}, {"path": "sq/7/dur/5.120", "duration": 5.12}, {"path": "sq/8/dur/5.120", "duration": 5.12}, {"path": "sq/9/dur/5.120", "duration": 5.12}, {"path": "sq/10/dur/5.120", "duration": 5.12}, {"path": "sq/11/dur/5.120", "duration": 5.12}, {"path": "sq/12/dur/5.120", "duration": 5.12}, {"path": "sq/13/dur/5.120", "duration": 5.12}, {"path": "sq/14/dur/5.120", "duration": 5.12}, {"path": "sq/15/dur/5.120", "duration": 5.12}, {"path": "sq/16/dur/5.120", "duration": 5.12}, {"path": "sq/17/dur/5.120", "duration": 5.12}, {"path": "sq/18/dur/5.120", "duration": 5.12}, {"path": "sq/19/dur/5.120", "duration": 5.12}, {"path": "sq/20/dur/5.120", "duration": 5.12}, {"path": "sq/21/dur/5.120", "duration": 5.12}, {"path": "sq/22/dur/5.120", "duration": 5.12}, {"path": "sq/23/dur/5.120", "duration": 5.12}, {"path": "sq/24/dur/5.120", "duration": 5.12}, {"path": "sq/25/dur/5.120", "duration": 5.12}, {"path": "sq/26/dur/5.120", "duration": 5.12}, {"path": "sq/27/dur/5.120", "duration": 5.12}, {"path": "sq/28/dur/5.120", "duration": 5.12}, {"path": "sq/29/dur/3.640", "duration": 3.64}], "protocol": "http_dash_segments", "format": "247 - 1280x720 (DASH video)", "http_headers": {"User-Agent": "Mozilla/5.0 (Windows NT 10.0; Win64; x64) AppleWebKit/537.36 (KHTML, like Gecko) Chrome/71.0.3557.2 Safari/537.36", "Accept-Charset": "ISO-8859-1,utf-8;q=0.7,*;q=0.7", "Accept": "text/html,application/xhtml+xml,application/xml;q=0.9,*/*;q=0.8", "Accept-Encoding": "gzip, deflate", "Accept-Language": "en-us,en;q=0.5"}}, {"ext": "mp4", "height": 720, "format_note": "DASH video", "vcodec": "avc1.4d400b", "format_id": "136", "manifest_url": "https://manifest.googlevideo.com/api/manifest/dash/expire/1610368286/ei/vvD7X_mtI4ycs8IPp7yL4Ao/ip/220.129.26.102/id/1f077a97d8caedba/source/youtube/requiressl/yes/playback_host/r6---sn-ipoxu-u2x6.googlevideo.com/mh/t4/mm/31%2C29/mn/sn-ipoxu-u2x6%2Csn-un57en7s/ms/au%2Crdu/mv/m/mvi/6/pcm2cms/yes/pl/21/hfr/all/as/fmp4_audio_clear%2Cwebm_audio_clear%2Cwebm2_audio_clear%2Cfmp4_sd_hd_clear%2Cwebm2_sd_hd_clear/initcwndbps/737500/vprv/1/mt/1610345794/fvip/6/keepalive/yes/beids/23886215/itag/0/sparams/expire%2Cei%2Cip%2Cid%2Csource%2Crequiressl%2Chfr%2Cas%2Cvprv%2Citag/sig/AOq0QJ8wRQIgAnV-IDJpXW5hMS3QW5T7jLUKOh88bscIlejDUp01kRYCIQCkFgw_MlwcJ6_mIjNjplLrtLT2zKKMd8Dbij6egZMnqw%3D%3D/lsparams/playback_host%2Cmh%2Cmm%2Cmn%2Cms%2Cmv%2Cmvi%2Cpcm2cms%2Cpl%2Cinitcwndbps/lsig/AG3C_xAwRgIhAOxARSjtHJmQwUJVKDcVy8WFq0zeznwdAFr-18gXYkDWAiEAjiMkbhhkdMrNgTOFD56NPnbRJG4Q60RWyKxlb0Fi4Rg%3D", "width": 1280, "tbr": 2310.0, "asr": null, "fps": 25, "language": null, "filesize": null, "container": "mp4_dash", "acodec": "none", "url": "https://manifest.googlevideo.com/api/manifest/dash/expire/1610368286/ei/vvD7X_mtI4ycs8IPp7yL4Ao/ip/220.129.26.102/id/1f077a97d8caedba/source/youtube/requiressl/yes/playback_host/r6---sn-ipoxu-u2x6.googlevideo.com/mh/t4/mm/31%2C29/mn/sn-ipoxu-u2x6%2Csn-un57en7s/ms/au%2Crdu/mv/m/mvi/6/pcm2cms/yes/pl/21/hfr/all/as/fmp4_audio_clear%2Cwebm_audio_clear%2Cwebm2_audio_clear%2Cfmp4_sd_hd_clear%2Cwebm2_sd_hd_clear/initcwndbps/737500/vprv/1/mt/1610345794/fvip/6/keepalive/yes/beids/23886215/itag/0/sparams/expire%2Cei%2Cip%2Cid%2Csource%2Crequiressl%2Chfr%2Cas%2Cvprv%2Citag/sig/AOq0QJ8wRQIgAnV-IDJpXW5hMS3QW5T7jLUKOh88bscIlejDUp01kRYCIQCkFgw_MlwcJ6_mIjNjplLrtLT2zKKMd8Dbij6egZMnqw%3D%3D/lsparams/playback_host%2Cmh%2Cmm%2Cmn%2Cms%2Cmv%2Cmvi%2Cpcm2cms%2Cpl%2Cinitcwndbps/lsig/AG3C_xAwRgIhAOxARSjtHJmQwUJVKDcVy8WFq0zeznwdAFr-18gXYkDWAiEAjiMkbhhkdMrNgTOFD56NPnbRJG4Q60RWyKxlb0Fi4Rg%3D", "fragment_base_url": "https://r6---sn-ipoxu-u2x6.googlevideo.com/videoplayback/expire/1610368286/ei/vvD7X_mtI4ycs8IPp7yL4Ao/ip/220.129.26.102/id/1f077a97d8caedba/itag/136/source/yt_otf/requiressl/yes/mh/t4/mm/31,29/mn/sn-ipoxu-u2x6,sn-un57en7s/ms/au,rdu/mv/m/mvi/6/pcm2cms/yes/pl/21/initcwndbps/737500/vprv/1/ratebypass/yes/mime/video%2Fmp4/otfp/1/otf/1/lmt/1605863862124046/mt/1610345794/fvip/6/keepalive/yes/beids/23886215/sparams/expire,ei,ip,id,itag,source,requiressl,vprv,ratebypass,mime,otfp,otf,lmt/sig/AOq0QJ8wRgIhAKA0ogq5wQXNbvL8gsJ_k4QeZZMMi97q0pxNqwl3rztCAiEAgqBzAnPR1yNgIbBAgGfrWp96NSzikh0H7X2BVPk4loE%3D/lsparams/mh,mm,mn,ms,mv,mvi,pcm2cms,pl,initcwndbps/lsig/AG3C_xAwRAIgc5HJPOdvUzFaZFsDBiJivK_6G2DFU2XEriVy1lMjKMQCIHO2f6Wqg3JhMCk7neI7foCSVveqREv3if9LlLR0QoIv/", "fragments": [{"path": "sq/0"}, {"path": "sq/1/dur/5.120", "duration": 5.12}, {"path": "sq/2/dur/5.120", "duration": 5.12}, {"path": "sq/3/dur/5.120", "duration": 5.12}, {"path": "sq/4/dur/5.120", "duration": 5.12}, {"path": "sq/5/dur/5.120", "duration": 5.12}, {"path": "sq/6/dur/5.120", "duration": 5.12}, {"path": "sq/7/dur/5.120", "duration": 5.12}, {"path": "sq/8/dur/5.120", "duration": 5.12}, {"path": "sq/9/dur/5.120", "duration": 5.12}, {"path": "sq/10/dur/5.120", "duration": 5.12}, {"path": "sq/11/dur/5.120", "duration": 5.12}, {"path": "sq/12/dur/5.120", "duration": 5.12}, {"path": "sq/13/dur/5.120", "duration": 5.12}, {"path": "sq/14/dur/5.120", "duration": 5.12}, {"path": "sq/15/dur/5.120", "duration": 5.12}, {"path": "sq/16/dur/5.120", "duration": 5.12}, {"path": "sq/17/dur/5.120", "duration": 5.12}, {"path": "sq/18/dur/5.120", "duration": 5.12}, {"path": "sq/19/dur/5.120", "duration": 5.12}, {"path": "sq/20/dur/5.120", "duration": 5.12}, {"path": "sq/21/dur/5.120", "duration": 5.12}, {"path": "sq/22/dur/5.120", "duration": 5.12}, {"path": "sq/23/dur/5.120", "duration": 5.12}, {"path": "sq/24/dur/5.120", "duration": 5.12}, {"path": "sq/25/dur/5.120", "duration": 5.12}, {"path": "sq/26/dur/5.120", "duration": 5.12}, {"path": "sq/27/dur/5.120", "duration": 5.12}, {"path": "sq/28/dur/5.120", "duration": 5.12}, {"path": "sq/29/dur/3.640", "duration": 3.64}], "protocol": "http_dash_segments", "format": "136 - 1280x720 (DASH video)", "http_headers": {"User-Agent": "Mozilla/5.0 (Windows NT 10.0; Win64; x64) AppleWebKit/537.36 (KHTML, like Gecko) Chrome/71.0.3557.2 Safari/537.36", "Accept-Charset": "ISO-8859-1,utf-8;q=0.7,*;q=0.7", "Accept": "text/html,application/xhtml+xml,application/xml;q=0.9,*/*;q=0.8", "Accept-Encoding": "gzip, deflate", "Accept-Language": "en-us,en;q=0.5"}}, {"ext": "webm", "height": 1080, "format_note": "DASH video", "vcodec": "vp9", "format_id": "248", "manifest_url": "https://manifest.googlevideo.com/api/manifest/dash/expire/1610368286/ei/vvD7X_mtI4ycs8IPp7yL4Ao/ip/220.129.26.102/id/1f077a97d8caedba/source/youtube/requiressl/yes/playback_host/r6---sn-ipoxu-u2x6.googlevideo.com/mh/t4/mm/31%2C29/mn/sn-ipoxu-u2x6%2Csn-un57en7s/ms/au%2Crdu/mv/m/mvi/6/pcm2cms/yes/pl/21/hfr/all/as/fmp4_audio_clear%2Cwebm_audio_clear%2Cwebm2_audio_clear%2Cfmp4_sd_hd_clear%2Cwebm2_sd_hd_clear/initcwndbps/737500/vprv/1/mt/1610345794/fvip/6/keepalive/yes/beids/23886215/itag/0/sparams/expire%2Cei%2Cip%2Cid%2Csource%2Crequiressl%2Chfr%2Cas%2Cvprv%2Citag/sig/AOq0QJ8wRQIgAnV-IDJpXW5hMS3QW5T7jLUKOh88bscIlejDUp01kRYCIQCkFgw_MlwcJ6_mIjNjplLrtLT2zKKMd8Dbij6egZMnqw%3D%3D/lsparams/playback_host%2Cmh%2Cmm%2Cmn%2Cms%2Cmv%2Cmvi%2Cpcm2cms%2Cpl%2Cinitcwndbps/lsig/AG3C_xAwRgIhAOxARSjtHJmQwUJVKDcVy8WFq0zeznwdAFr-18gXYkDWAiEAjiMkbhhkdMrNgTOFD56NPnbRJG4Q60RWyKxlb0Fi4Rg%3D", "width": 1920, "tbr": 2646.0, "asr": null, "fps": 25, "language": null, "filesize": null, "container": "webm_dash", "acodec": "none", "url": "https://manifest.googlevideo.com/api/manifest/dash/expire/1610368286/ei/vvD7X_mtI4ycs8IPp7yL4Ao/ip/220.129.26.102/id/1f077a97d8caedba/source/youtube/requiressl/yes/playback_host/r6---sn-ipoxu-u2x6.googlevideo.com/mh/t4/mm/31%2C29/mn/sn-ipoxu-u2x6%2Csn-un57en7s/ms/au%2Crdu/mv/m/mvi/6/pcm2cms/yes/pl/21/hfr/all/as/fmp4_audio_clear%2Cwebm_audio_clear%2Cwebm2_audio_clear%2Cfmp4_sd_hd_clear%2Cwebm2_sd_hd_clear/initcwndbps/737500/vprv/1/mt/1610345794/fvip/6/keepalive/yes/beids/23886215/itag/0/sparams/expire%2Cei%2Cip%2Cid%2Csource%2Crequiressl%2Chfr%2Cas%2Cvprv%2Citag/sig/AOq0QJ8wRQIgAnV-IDJpXW5hMS3QW5T7jLUKOh88bscIlejDUp01kRYCIQCkFgw_MlwcJ6_mIjNjplLrtLT2zKKMd8Dbij6egZMnqw%3D%3D/lsparams/playback_host%2Cmh%2Cmm%2Cmn%2Cms%2Cmv%2Cmvi%2Cpcm2cms%2Cpl%2Cinitcwndbps/lsig/AG3C_xAwRgIhAOxARSjtHJmQwUJVKDcVy8WFq0zeznwdAFr-18gXYkDWAiEAjiMkbhhkdMrNgTOFD56NPnbRJG4Q60RWyKxlb0Fi4Rg%3D", "fragment_base_url": "https://r6---sn-ipoxu-u2x6.googlevideo.com/videoplayback/expire/1610368286/ei/vvD7X_mtI4ycs8IPp7yL4Ao/ip/220.129.26.102/id/1f077a97d8caedba/itag/248/source/yt_otf/requiressl/yes/mh/t4/mm/31,29/mn/sn-ipoxu-u2x6,sn-un57en7s/ms/au,rdu/mv/m/mvi/6/pcm2cms/yes/pl/21/initcwndbps/737500/vprv/1/ratebypass/yes/mime/video%2Fwebm/otfp/1/otf/1/lmt/1605863862124046/mt/1610345794/fvip/6/keepalive/yes/beids/23886215/sparams/expire,ei,ip,id,itag,source,requiressl,vprv,ratebypass,mime,otfp,otf,lmt/sig/AOq0QJ8wRQIgEDhK86-Pygn0iowualSgZ5d1qHAA0HHNbYSd2us0sSQCIQDfBeSa5p5cd0mcFYMFeHGUv9QKb7Qdk2FF7Wg1XxP81Q%3D%3D/lsparams/mh,mm,mn,ms,mv,mvi,pcm2cms,pl,initcwndbps/lsig/AG3C_xAwRAIgXy7VwOZZWlYOjMXuxbr-pJqBZSRQrTgmP3D3wbvP4AgCIC-oPSbPEyi1kJgHzt_E2aS-brZR5knBEBQWGR6drzzF/", "fragments": [{"path": "sq/0"}, {"path": "sq/1/dur/5.120", "duration": 5.12}, {"path": "sq/2/dur/5.120", "duration": 5.12}, {"path": "sq/3/dur/5.120", "duration": 5.12}, {"path": "sq/4/dur/5.120", "duration": 5.12}, {"path": "sq/5/dur/5.120", "duration": 5.12}, {"path": "sq/6/dur/5.120", "duration": 5.12}, {"path": "sq/7/dur/5.120", "duration": 5.12}, {"path": "sq/8/dur/5.120", "duration": 5.12}, {"path": "sq/9/dur/5.120", "duration": 5.12}, {"path": "sq/10/dur/5.120", "duration": 5.12}, {"path": "sq/11/dur/5.120", "duration": 5.12}, {"path": "sq/12/dur/5.120", "duration": 5.12}, {"path": "sq/13/dur/5.120", "duration": 5.12}, {"path": "sq/14/dur/5.120", "duration": 5.12}, {"path": "sq/15/dur/5.120", "duration": 5.12}, {"path": "sq/16/dur/5.120", "duration": 5.12}, {"path": "sq/17/dur/5.120", "duration": 5.12}, {"path": "sq/18/dur/5.120", "duration": 5.12}, {"path": "sq/19/dur/5.120", "duration": 5.12}, {"path": "sq/20/dur/5.120", "duration": 5.12}, {"path": "sq/21/dur/5.120", "duration": 5.12}, {"path": "sq/22/dur/5.120", "duration": 5.12}, {"path": "sq/23/dur/5.120", "duration": 5.12}, {"path": "sq/24/dur/5.120", "duration": 5.12}, {"path": "sq/25/dur/5.120", "duration": 5.12}, {"path": "sq/26/dur/5.120", "duration": 5.12}, {"path": "sq/27/dur/5.120", "duration": 5.12}, {"path": "sq/28/dur/5.120", "duration": 5.12}, {"path": "sq/29/dur/3.640", "duration": 3.64}], "protocol": "http_dash_segments", "format": "248 - 1920x1080 (DASH video)", "http_headers": {"User-Agent": "Mozilla/5.0 (Windows NT 10.0; Win64; x64) AppleWebKit/537.36 (KHTML, like Gecko) Chrome/71.0.3557.2 Safari/537.36", "Accept-Charset": "ISO-8859-1,utf-8;q=0.7,*;q=0.7", "Accept": "text/html,application/xhtml+xml,application/xml;q=0.9,*/*;q=0.8", "Accept-Encoding": "gzip, deflate", "Accept-Language": "en-us,en;q=0.5"}}, {"format_id": "18", "url": "https://r6---sn-ipoxu-u2x6.googlevideo.com/videoplayback?expire=1610368286&ei=vvD7X_mtI4ycs8IPp7yL4Ao&ip=220.129.26.102&id=o-AFahlUnySUjXXF65A48-KKxo2LAN0VRWbpMHenJdVVsU&itag=18&source=youtube&requiressl=yes&mh=t4&mm=31%2C29&mn=sn-ipoxu-u2x6%2Csn-un57en7s&ms=au%2Crdu&mv=m&mvi=6&pcm2cms=yes&pl=21&initcwndbps=737500&vprv=1&mime=video%2Fmp4&ns=lIe4t5bmO0u06J4VGkB4Nf0F&gir=yes&clen=2839705&ratebypass=yes&dur=147.051&lmt=1605863854858277&mt=1610345794&fvip=6&beids=23886215&c=WEB&txp=6210222&n=iuykbR8Bt2c6yq&sparams=expire%2Cei%2Cip%2Cid%2Citag%2Csource%2Crequiressl%2Cvprv%2Cmime%2Cns%2Cgir%2Cclen%2Cratebypass%2Cdur%2Clmt&sig=AOq0QJ8wRQIga99vPTLMHRAAF1-B_z-5uFow2xjTk5rveOjyusWrP9kCIQCJZjqbcP8_9d8LraJMuI-IMoM0lVHoCTljKTbzYb6wzg%3D%3D&lsparams=mh%2Cmm%2Cmn%2Cms%2Cmv%2Cmvi%2Cpcm2cms%2Cpl%2Cinitcwndbps&lsig=AG3C_xAwRQIgU-o1M3jO-PL0y4BfzMMA6cQtDXsPage1yok3EQLJo24CIQDPluz1zu4sGbFPI6NKtEO78zEHHU8m5E6TknGJnCRgEQ%3D%3D", "player_url": null, "ext": "mp4", "width": 640, "height": 360, "acodec": "mp4a.40.2", "abr": 96, "vcodec": "avc1.42001E", "asr": 44100, "filesize": 2839705, "format_note": "360p", "fps": 25, "tbr": 154.541, "format": "18 - 640x360 (360p)", "protocol": "https", "http_headers": {"User-Agent": "Mozilla/5.0 (Windows NT 10.0; Win64; x64) AppleWebKit/537.36 (KHTML, like Gecko) Chrome/71.0.3557.2 Safari/537.36", "Accept-Charset": "ISO-8859-1,utf-8;q=0.7,*;q=0.7", "Accept": "text/html,application/xhtml+xml,application/xml;q=0.9,*/*;q=0.8", "Accept-Encoding": "gzip, deflate", "Accept-Language": "en-us,en;q=0.5"}}, {"format_id": "22", "url": "https://r6---sn-ipoxu-u2x6.googlevideo.com/videoplayback?expire=1610368286&ei=vvD7X_mtI4ycs8IPp7yL4Ao&ip=220.129.26.102&id=o-AFahlUnySUjXXF65A48-KKxo2LAN0VRWbpMHenJdVVsU&itag=22&source=youtube&requiressl=yes&mh=t4&mm=31%2C29&mn=sn-ipoxu-u2x6%2Csn-un57en7s&ms=au%2Crdu&mv=m&mvi=6&pcm2cms=yes&pl=21&initcwndbps=737500&vprv=1&mime=video%2Fmp4&ns=lIe4t5bmO0u06J4VGkB4Nf0F&ratebypass=yes&dur=147.051&lmt=1605863886623042&mt=1610345794&fvip=6&beids=23886215&c=WEB&txp=6216222&n=iuykbR8Bt2c6yq&sparams=expire%2Cei%2Cip%2Cid%2Citag%2Csource%2Crequiressl%2Cvprv%2Cmime%2Cns%2Cratebypass%2Cdur%2Clmt&sig=AOq0QJ8wRgIhAPHdgKhwuEyAa5zyhOiRXpTWocneJrHyT4lRab7bslsnAiEA2V-_ykkh7jwXP-SxzprduEEW9Xz7PIc7RJUQs3oPmpk%3D&lsparams=mh%2Cmm%2Cmn%2Cms%2Cmv%2Cmvi%2Cpcm2cms%2Cpl%2Cinitcwndbps&lsig=AG3C_xAwRQIgU-o1M3jO-PL0y4BfzMMA6cQtDXsPage1yok3EQLJo24CIQDPluz1zu4sGbFPI6NKtEO78zEHHU8m5E6TknGJnCRgEQ%3D%3D", "player_url": null, "ext": "mp4", "width": 1280, "height": 720, "acodec": "mp4a.40.2", "abr": 192, "vcodec": "avc1.64001F", "asr": 44100, "filesize": null, "format_note": "720p", "fps": 25, "tbr": 372.352, "format": "22 - 1280x720 (720p)", "protocol": "https", "http_headers": {"User-Agent": "Mozilla/5.0 (Windows NT 10.0; Win64; x64) AppleWebKit/537.36 (KHTML, like Gecko) Chrome/71.0.3557.2 Safari/537.36", "Accept-Charset": "ISO-8859-1,utf-8;q=0.7,*;q=0.7", "Accept": "text/html,application/xhtml+xml,application/xml;q=0.9,*/*;q=0.8", "Accept-Encoding": "gzip, deflate", "Accept-Language": "en-us,en;q=0.5"}}], "is_live": null, "start_time": null, "end_time": null, "series": null, "season_number": null, "episode_number": null, "track": null, "artist": null, "album": null, "release_date": null, "release_year": null, "extractor": "youtube", "webpage_url_basename": "watch", "extractor_key": "Youtube", "playlist": null, "playlist_index": null, "thumbnail": "https://i.ytimg.com/vi_webp/Hwd6l9jK7bo/maxresdefault.webp", "display_id": "Hwd6l9jK7bo", "requested_subtitles": null, "ext": "webm", "format_note": "DASH audio", "acodec": "opus", "abr": 160, "format_id": "251", "manifest_url": "https://manifest.googlevideo.com/api/manifest/dash/expire/1610368286/ei/vvD7X_mtI4ycs8IPp7yL4Ao/ip/220.129.26.102/id/1f077a97d8caedba/source/youtube/requiressl/yes/playback_host/r6---sn-ipoxu-u2x6.googlevideo.com/mh/t4/mm/31%2C29/mn/sn-ipoxu-u2x6%2Csn-un57en7s/ms/au%2Crdu/mv/m/mvi/6/pcm2cms/yes/pl/21/hfr/all/as/fmp4_audio_clear%2Cwebm_audio_clear%2Cwebm2_audio_clear%2Cfmp4_sd_hd_clear%2Cwebm2_sd_hd_clear/initcwndbps/737500/vprv/1/mt/1610345794/fvip/6/keepalive/yes/beids/23886215/itag/0/sparams/expire%2Cei%2Cip%2Cid%2Csource%2Crequiressl%2Chfr%2Cas%2Cvprv%2Citag/sig/AOq0QJ8wRQIgAnV-IDJpXW5hMS3QW5T7jLUKOh88bscIlejDUp01kRYCIQCkFgw_MlwcJ6_mIjNjplLrtLT2zKKMd8Dbij6egZMnqw%3D%3D/lsparams/playback_host%2Cmh%2Cmm%2Cmn%2Cms%2Cmv%2Cmvi%2Cpcm2cms%2Cpl%2Cinitcwndbps/lsig/AG3C_xAwRgIhAOxARSjtHJmQwUJVKDcVy8WFq0zeznwdAFr-18gXYkDWAiEAjiMkbhhkdMrNgTOFD56NPnbRJG4Q60RWyKxlb0Fi4Rg%3D", "width": null, "height": null, "tbr": 149.977, "asr": 48000, "fps": null, "language": null, "filesize": null, "container": "webm_dash", "vcodec": "none", "url": "https://manifest.googlevideo.com/api/manifest/dash/expire/1610368286/ei/vvD7X_mtI4ycs8IPp7yL4Ao/ip/220.129.26.102/id/1f077a97d8caedba/source/youtube/requiressl/yes/playback_host/r6---sn-ipoxu-u2x6.googlevideo.com/mh/t4/mm/31%2C29/mn/sn-ipoxu-u2x6%2Csn-un57en7s/ms/au%2Crdu/mv/m/mvi/6/pcm2cms/yes/pl/21/hfr/all/as/fmp4_audio_clear%2Cwebm_audio_clear%2Cwebm2_audio_clear%2Cfmp4_sd_hd_clear%2Cwebm2_sd_hd_clear/initcwndbps/737500/vprv/1/mt/1610345794/fvip/6/keepalive/yes/beids/23886215/itag/0/sparams/expire%2Cei%2Cip%2Cid%2Csource%2Crequiressl%2Chfr%2Cas%2Cvprv%2Citag/sig/AOq0QJ8wRQIgAnV-IDJpXW5hMS3QW5T7jLUKOh88bscIlejDUp01kRYCIQCkFgw_MlwcJ6_mIjNjplLrtLT2zKKMd8Dbij6egZMnqw%3D%3D/lsparams/playback_host%2Cmh%2Cmm%2Cmn%2Cms%2Cmv%2Cmvi%2Cpcm2cms%2Cpl%2Cinitcwndbps/lsig/AG3C_xAwRgIhAOxARSjtHJmQwUJVKDcVy8WFq0zeznwdAFr-18gXYkDWAiEAjiMkbhhkdMrNgTOFD56NPnbRJG4Q60RWyKxlb0Fi4Rg%3D", "fragment_base_url": "https://r6---sn-ipoxu-u2x6.googlevideo.com/videoplayback/expire/1610368286/ei/vvD7X_mtI4ycs8IPp7yL4Ao/ip/220.129.26.102/id/1f077a97d8caedba/itag/251/source/youtube/requiressl/yes/mh/t4/mm/31,29/mn/sn-ipoxu-u2x6,sn-un57en7s/ms/au,rdu/mv/m/mvi/6/pcm2cms/yes/pl/21/initcwndbps/737500/vprv/1/ratebypass/yes/mime/audio%2Fwebm/otfp/1/gir/yes/clen/2678483/lmt/1605863847368837/dur/147.021/mt/1610345794/fvip/6/keepalive/yes/beids/23886215/sparams/expire,ei,ip,id,itag,source,requiressl,vprv,ratebypass,mime,otfp,gir,clen,lmt,dur/sig/AOq0QJ8wRQIgdAzk_r0hMj33BRW6mETxkpQ0IwQ2DRAnZLzr8YWSsDoCIQDhOP68FTdG2VxuRl7HxxYr76GYNAR6V8TCNWf41qqTSw%3D%3D/lsparams/mh,mm,mn,ms,mv,mvi,pcm2cms,pl,initcwndbps/lsig/AG3C_xAwRgIhAN2r5r8mFGXv27_JbFxCACocT55UzbDMjy_RnRmO_rZPAiEA5mHxn5sWo9IMnIlzIacV7XNCd1FSsCUImmmOKaFrsXA%3D/", "fragments": [{"path": "range/0-265"}, {"path": "range/518-183345", "duration": 10.001}, {"path": "range/183346-367221", "duration": 10.0}, {"path": "range/367222-553346", "duration": 10.0}, {"path": "range/553347-732608", "duration": 10.0}, {"path": "range/732609-920080", "duration": 10.0}, {"path": "range/920081-1104168", "duration": 10.0}, {"path": "range/1104169-1285652", "duration": 10.0}, {"path": "range/1285653-1464436", "duration": 10.0}, {"path": "range/1464437-1649937", "duration": 10.0}, {"path": "range/1649938-1834668", "duration": 10.0}, {"path": "range/1834669-2014555", "duration": 10.0}, {"path": "range/2014556-2199490", "duration": 10.0}, {"path": "range/2199491-2384002", "duration": 10.0}, {"path": "range/2384003-2566741", "duration": 10.0}, {"path": "range/2566742-2678482", "duration": 7.02}], "protocol": "http_dash_segments", "format": "251 - audio only (DASH audio)", "http_headers": {"User-Agent": "Mozilla/5.0 (Windows NT 10.0; Win64; x64) AppleWebKit/537.36 (KHTML, like Gecko) Chrome/71.0.3557.2 Safari/537.36", "Accept-Charset": "ISO-8859-1,utf-8;q=0.7,*;q=0.7", "Accept": "text/html,application/xhtml+xml,application/xml;q=0.9,*/*;q=0.8", "Accept-Encoding": "gzip, deflate", "Accept-Language": "en-us,en;q=0.5"}}