{"id": "IgpNyJVWcBo", "uploader": "Novum Cordis - Topic", "uploader_id": "UCZzXqxxqaEH--lSMbDgPbBg", "uploader_url": "http://www.youtube.com/channel/UCZzXqxxqaEH--lSMbDgPbBg", "channel_id": "UCZzXqxxqaEH--lSMbDgPbBg", "channel_url": "http://www.youtube.com/channel/UCZzXqxxqaEH--lSMbDgPbBg", "upload_date": "20200702", "license": null, "creator": "Novum Cordis", "title": "Love Will Set Us Free", "alt_title": "Love Will Set Us Free", "thumbnails": [{"url": "https://i.ytimg.com/vi/IgpNyJVWcBo/hqdefault.jpg?sqp=-oaymwEYCKgBEF5IVfKriqkDCwgBFQAAiEIYAXAB&rs=AOn4CLA-LoWPDEXRLWNC2gUnzdlz5WjLXA", "width": 168, "height": 94, "resolution": "168x94", "id": "0"}, {"url": "https://i.ytimg.com/vi/IgpNyJVWcBo/hqdefault.jpg?sqp=-oaymwEYCMQBEG5IVfKriqkDCwgBFQAAiEIYAXAB&rs=AOn4CLAzn0JtJATLNKwSx8LbK-4gA2QM4w", "width": 196, "height": 110, "resolution": "196x110", "id": "1"}, {"url": "https://i.ytimg.com/vi/IgpNyJVWcBo/hqdefault.jpg?sqp=-oaymwEZCPYBEIoBSFXyq4qpAwsIARUAAIhCGAFwAQ==&rs=AOn4CLCXZ_ykXw4IczCehvhXN25ysJwpNA", "width": 246, "height": 138, "resolution": "246x138", "id": "2"}, {"url": "https://i.ytimg.com/vi/IgpNyJVWcBo/hqdefault.jpg?sqp=-oaymwEZCNACELwBSFXyq4qpAwsIARUAAIhCGAFwAQ==&rs=AOn4CLBGdP0nbz2co0nY1CVYSyJ9zWMLmQ", "width": 336, "height": 188, "resolution": "336x188", "id": "3"}, {"url": "https://i.ytimg.com/vi_webp/IgpNyJVWcBo/maxresdefault.webp", "width": 1920, "height": 1080, "resolution": "1920x1080", "id": "4"}], "description": "Provided to YouTube by IIP-DDS\n\nLove Will Set Us Free \u00b7 Novum Cordis\n\nLove Will Set Us Free\n\n\u2117 Novum Cordis\n\nReleased on: 2020-07-03\n\nArtist: Novum Cordis\n\nAuto-generated by YouTube.", "categories": ["Music"], "tags": ["Novum Cordis", "Love Will Set Us Free"], "subtitles": {}, "automatic_captions": {}, "duration": 145, "age_limit": 0, "annotations": null, "chapters": null, "webpage_url": "https://www.youtube.com/watch?v=IgpNyJVWcBo", "view_count": 713, "like_count": 31, "dislike_count": null, "average_rating": 5.0, "formats": [{"format_id": "249", "url": "https://r3---sn-ipoxu-u2xd.googlevideo.com/videoplayback?expire=1610368128&ei=IPD7X7bkNMrUgQOnn4S4Bw&ip=220.129.26.102&id=o-ALrvMjoAnBvBALQ7GFUf38WFPSHrBs-QxCzKJK2q1e_9&itag=249&source=youtube&requiressl=yes&mh=Qz&mm=31%2C29&mn=sn-ipoxu-u2xd%2Csn-un57en7e&ms=au%2Crdu&mv=m&mvi=3&pl=21&gcr=tw&initcwndbps=703750&vprv=1&mime=audio%2Fwebm&ns=3cqs8CK6YEjnmHD04mMzWKIF&gir=yes&clen=1025805&dur=145.341&lmt=1593008955445777&mt=1610345794&fvip=3&keepalive=yes&c=WEB&txp=2311222&n=2z3rJAoMR1ksBI&sparams=expire%2Cei%2Cip%2Cid%2Citag%2Csource%2Crequiressl%2Cgcr%2Cvprv%2Cmime%2Cns%2Cgir%2Cclen%2Cdur%2Clmt&lsparams=mh%2Cmm%2Cmn%2Cms%2Cmv%2Cmvi%2Cpl%2Cinitcwndbps&lsig=AG3C_xAwRgIhAMiJomenYVyfeyENMev3agXYUifrBbw_H6oNbkP05z3RAiEA08VIm3bGtTtDrpxcU-fEAAjRpwWNIMCYMmPnZFdjfjA%3D&sig=AOq0QJ8wRgIhAJDgbPkPweFVl_BzUeiivBLN5E4wJiG6fkl2kiXHs9STAiEAzB7CJOUEF-VHNRe0N3zXriqCa5DMZBhLveLbdlUQjDo=&ratebypass=yes", "player_url": "/s/player/9f996d3e/player_ias.vflset/en_US/base.js", "ext": "webm", "format_note": "tiny", "acodec": "opus", "abr": 50, "asr": 48000, "filesize": 1025805, "fps": null, "height": null, "tbr": 60.289, "width": null, "vcodec": "none", "downloader_options": {"http_chunk_size": 10485760}, "format": "249 - audio only (tiny)", "protocol": "https", "http_headers": {"User-Agent": "Mozilla/5.0 (Windows NT 10.0; Win64; x64) AppleWebKit/537.36 (KHTML, like Gecko) Chrome/71.0.3557.2 Safari/537.36", "Accept-Charset": "ISO-8859-1,utf-8;q=0.7,*;q=0.7", "Accept": "text/html,application/xhtml+xml,application/xml;q=0.9,*/*;q=0.8", "Accept-Encoding": "gzip, deflate", "Accept-Language": "en-us,en;q=0.5"}}, {"format_id": "250", "url": "https://r3---sn-ipoxu-u2xd.googlevideo.com/videoplayback?expire=1610368128&ei=IPD7X7bkNMrUgQOnn4S4Bw&ip=220.129.26.102&id=o-ALrvMjoAnBvBALQ7GFUf38WFPSHrBs-QxCzKJK2q1e_9&itag=250&source=youtube&requiressl=yes&mh=Qz&mm=31%2C29&mn=sn-ipoxu-u2xd%2Csn-un57en7e&ms=au%2Crdu&mv=m&mvi=3&pl=21&gcr=tw&initcwndbps=703750&vprv=1&mime=audio%2Fwebm&ns=3cqs8CK6YEjnmHD04mMzWKIF&gir=yes&clen=1361356&dur=145.341&lmt=1593008955939141&mt=1610345794&fvip=3&keepalive=yes&c=WEB&txp=2311222&n=2z3rJAoMR1ksBI&sparams=expire%2Cei%2Cip%2Cid%2Citag%2Csource%2Crequiressl%2Cgcr%2Cvprv%2Cmime%2Cns%2Cgir%2Cclen%2Cdur%2Clmt&lsparams=mh%2Cmm%2Cmn%2Cms%2Cmv%2Cmvi%2Cpl%2Cinitcwndbps&lsig=AG3C_xAwRgIhAJG607ZNyg-C_C6nwEyOxjquWOMrxBTgGXoJQJNimVkAAiEArvmQ9LXanIXQJmArDyarYTm4ZrwRxXiebOSByo3xvjM%3D&sig=AOq0QJ8wRQIhAJh0it-QhcyWnNoOGRdis32kuapDDyU0fVj9tUNiV7nYAiBS-YSYde52hhQZ3j3VpkKWfnpSP-6M2dff2CXq2H_-Gg==&ratebypass=yes", "player_url": "/s/player/9f996d3e/player_ias.vflset/en_US/base.js", "ext": "webm", "format_note": "tiny", "acodec": "opus", "abr": 70, "asr": 48000, "filesize": 1361356, "fps": null, "height": null, "tbr": 80.703, "width": null, "vcodec": "none", "downloader_options": {"http_chunk_size": 10485760}, "format": "250 - audio only (tiny)", "protocol": "https", "http_headers": {"User-Agent": "Mozilla/5.0 (Windows NT 10.0; Win64; x64) AppleWebKit/537.36 (KHTML, like Gecko) Chrome/71.0.3557.2 Safari/537.36", "Accept-Charset": "ISO-8859-1,utf-8;q=0.7,*;q=0.7", "Accept": "text/html,application/xhtml+xml,application/xml;q=0.9,*/*;q=0.8", "Accept-Encoding": "gzip, deflate", "Accept-Language": "en-us,en;q=0.5"}}, {"format_id": "140", "url": "https://r3---sn-ipoxu-u2xd.googlevideo.com/videoplayback?expire=1610368128&ei=IPD7X7bkNMrUgQOnn4S4Bw&ip=220.129.26.102&id=o-ALrvMjoAnBvBALQ7GFUf38WFPSHrBs-QxCzKJK2q1e_9&itag=140&source=youtube&requiressl=yes&mh=Qz&mm=31%2C29&mn=sn-ipoxu-u2xd%2Csn-un57en7e&ms=au%2Crdu&mv=m&mvi=3&pl=21&gcr=tw&initcwndbps=703750&vprv=1&mime=audio%2Fmp4&ns=3cqs8CK6YEjnmHD04mMzWKIF&gir=yes&clen=2354410&dur=145.313&lmt=1593008974875734&mt=1610345794&fvip=3&keepalive=yes&c=WEB&txp=2311222&n=2z3rJAoMR1ksBI&sparams=expire%2Cei%2Cip%2Cid%2Citag%2Csource%2Crequiressl%2Cgcr%2Cvprv%2Cmime%2Cns%2Cgir%2Cclen%2Cdur%2Clmt&lsparams=mh%2Cmm%2Cmn%2Cms%2Cmv%2Cmvi%2Cpl%2Cinitcwndbps&lsig=AG3C_xAwRgIhALBseqO7rAEHjJECEN5q6W0OekU2Af9XG6pb3n3nwfAdAiEA1PWwbojt7pRd74FtPhnyqyImDeFR4niU9TlN3uiBmW8%3D&sig=AOq0QJ8wRQIgK-euF_zTNibdpo5xleU1Pt5ARsznH9-npDzLWEePvZoCIQD2NgbLAe_ATKFyx0_C_d4XOxsNhsy8kRSt-LYNPz--vQ==&ratebypass=yes", "player_url": "/s/player/9f996d3e/player_ias.vflset/en_US/base.js", "ext": "m4a", "format_note": "tiny", "acodec": "mp4a.40.2", "abr": 128, "container": "m4a_dash", "asr": 44100, "filesize": 2354410, "fps": null, "height": null, "tbr": 131.045, "width": null, "vcodec": "none", "downloader_options": {"http_chunk_size": 10485760}, "format": "140 - audio only (tiny)", "protocol": "https", "http_headers": {"User-Agent": "Mozilla/5.0 (Windows NT 10.0; Win64; x64) AppleWebKit/537.36 (KHTML, like Gecko) Chrome/71.0.3557.2 Safari/537.36", "Accept-Charset": "ISO-8859-1,utf-8;q=0.7,*;q=0.7", "Accept": "text/html,application/xhtml+xml,application/xml;q=0.9,*/*;q=0.8", "Accept-Encoding": "gzip, deflate", "Accept-Language": "en-us,en;q=0.5"}}, {"format_id": "251", "url": "https://r3---sn-ipoxu-u2xd.googlevideo.com/videoplayback?expire=1610368128&ei=IPD7X7bkNMrUgQOnn4S4Bw&ip=220.129.26.102&id=o-ALrvMjoAnBvBALQ7GFUf38WFPSHrBs-QxCzKJK2q1e_9&itag=251&source=youtube&requiressl=yes&mh=Qz&mm=31%2C29&mn=sn-ipoxu-u2xd%2Csn-un57en7e&ms=au%2Crdu&mv=m&mvi=3&pl=21&gcr=tw&initcwndbps=703750&vprv=1&mime=audio%2Fwebm&ns=3cqs8CK6YEjnmHD04mMzWKIF&gir=yes&clen=2662842&dur=145.341&lmt=1593008956842506&mt=1610345794&fvip=3&keepalive=yes&c=WEB&txp=2311222&n=2z3rJAoMR1ksBI&sparams=expire%2Cei%2Cip%2Cid%2Citag%2Csource%2Crequiressl%2Cgcr%2Cvprv%2Cmime%2Cns%2Cgir%2Cclen%2Cdur%2Clmt&lsparams=mh%2Cmm%2Cmn%2Cms%2Cmv%2Cmvi%2Cpl%2Cinitcwndbps&lsig=AG3C_xAwRQIgJW46U7MuZ8E58OVZEWBL2ElsvyXFl7KwyCcm1PRN9EQCIQCQw-wqoib_j5lkPvKfMI1h_BCxMOpGKP0LVU3nsYiwbg%3D%3D&sig=AOq0QJ8wRgIhANTZ_n1xYVv3X5KYpGKPXOlTpxAFauSMZ4FLUYnsPxacAiEAgeEJRu54-CzOBu03FHBqw67i28AWmLai9BKmsI6sdhk=&ratebypass=yes", "player_url": "/s/player/9f996d3e/player_ias.vflset/en_US/base.js", "ext": "webm", "format_note": "tiny", "acodec": "opus", "abr": 160, "asr": 48000, "filesize": 2662842, "fps": null, "height": null, "tbr": 155.159, "width": null, "vcodec": "none", "downloader_options": {"http_chunk_size": 10485760}, "format": "251 - audio only (tiny)", "protocol": "https", "http_headers": {"User-Agent": "Mozilla/5.0 (Windows NT 10.0; Win64; x64) AppleWebKit/537.36 (KHTML, like Gecko) Chrome/71.0.3557.2 Safari/537.36", "Accept-Charset": "ISO-8859-1,utf-8;q=0.7,*;q=0.7", "Accept": "text/html,application/xhtml+xml,application/xml;q=0.9,*/*;q=0.8", "Accept-Encoding": "gzip, deflate", "Accept-Language": "en-us,en;q=0.5"}}, {"format_id": "160", "url": "https://r3---sn-ipoxu-u2xd.googlevideo.com/videoplayback?expire=1610368128&ei=IPD7X7bkNMrUgQOnn4S4Bw&ip=220.129.26.102&id=o-ALrvMjoAnBvBALQ7GFUf38WFPSHrBs-QxCzKJK2q1e_9&itag=160&aitags=133%2C134%2C135%2C136%2C137%2C160%2C242%2C243%2C244%2C247%2C248%2C278&source=youtube&requiressl=yes&mh=Qz&mm=31%2C29&mn=sn-ipoxu-u2xd%2Csn-un57en7e&ms=au%2Crdu&mv=m&mvi=3&pl=21&gcr=tw&initcwndbps=703750&vprv=1&mime=video%2Fmp4&ns=3cqs8CK6YEjnmHD04mMzWKIF&gir=yes&clen=133096&dur=145.280&lmt=1593009007348307&mt=1610345794&fvip=3&keepalive=yes&c=WEB&txp=2316222&n=2z3rJAoMR1ksBI&sparams=expire%2Cei%2Cip%2Cid%2Caitags%2Csource%2Crequiressl%2Cgcr%2Cvprv%2Cmime%2Cns%2Cgir%2Cclen%2Cdur%2Clmt&lsparams=mh%2Cmm%2Cmn%2Cms%2Cmv%2Cmvi%2Cpl%2Cinitcwndbps&lsig=AG3C_xAwRgIhALs9zcQeZhiMMo2BtldNPpcNVui7i_zrMlVTEAsmSvhNAiEA8U-a1YXJCaK7w_Pw-pvqmcG6s3B1vnaEH1TBTiYciPE%3D&sig=AOq0QJ8wRgIhALXU73be6f2qid6Yk10in5PlhU-z8Px238tSPDbB3ayzAiEAryO444iIwkoB4ZrtHmkc5x574pFj-p4bOSo0z3mTOc8=&ratebypass=yes", "player_url": "/s/player/9f996d3e/player_ias.vflset/en_US/base.js", "ext": "mp4", "height": 144, "format_note": "144p", "vcodec": "avc1.4d400b", "asr": null, "filesize": 133096, "fps": 25, "tbr": 11.02, "width": 144, "acodec": "none", "downloader_options": {"http_chunk_size": 10485760}, "format": "160 - 144x144 (144p)", "protocol": "https", "http_headers": {"User-Agent": "Mozilla/5.0 (Windows NT 10.0; Win64; x64) AppleWebKit/537.36 (KHTML, like Gecko) Chrome/71.0.3557.2 Safari/537.36", "Accept-Charset": "ISO-8859-1,utf-8;q=0.7,*;q=0.7", "Accept": "text/html,application/xhtml+xml,application/xml;q=0.9,*/*;q=0.8", "Accept-Encoding": "gzip, deflate", "Accept-Language": "en-us,en;q=0.5"}}, {"format_id": "278", "url": "https://r3---sn-ipoxu-u2xd.googlevideo.com/videoplayback?expire=1610368128&ei=IPD7X7bkNMrUgQOnn4S4Bw&ip=220.129.26.102&id=o-ALrvMjoAnBvBALQ7GFUf38WFPSHrBs-QxCzKJK2q1e_9&itag=278&aitags=133%2C134%2C135%2C136%2C137%2C160%2C242%2C243%2C244%2C247%2C248%2C278&source=youtube&requiressl=yes&mh=Qz&mm=31%2C29&mn=sn-ipoxu-u2xd%2Csn-un57en7e&ms=au%2Crdu&mv=m&mvi=3&pl=21&gcr=tw&initcwndbps=703750&vprv=1&mime=video%2Fwebm&ns=3cqs8CK6YEjnmHD04mMzWKIF&gir=yes&clen=149165&dur=145.280&lmt=1593010041454467&mt=1610345794&fvip=3&keepalive=yes&c=WEB&txp=2316222&n=2z3rJAoMR1ksBI&sparams=expire%2Cei%2Cip%2Cid%2Caitags%2Csource%2Crequiressl%2Cgcr%2Cvprv%2Cmime%2Cns%2Cgir%2Cclen%2Cdur%2Clmt&lsparams=mh%2Cmm%2Cmn%2Cms%2Cmv%2Cmvi%2Cpl%2Cinitcwndbps&lsig=AG3C_xAwRgIhAP48HHHmQpBpj7AC3vFv4kIOmFhckoLaYw-HxIs9O-xbAiEAj8J4hM5FfUZNMWyCQaBU0hQfz5ybOaIuRTJL_NTD6ME%3D&sig=AOq0QJ8wRgIhAL3ZACKjSN-2hCPZCT8ml28mFoafBODUSbh2DF7h39FnAiEA1a_itV6_3L0LNqVyj6ONyirjxw6xhDxW59uNY29yTts=&ratebypass=yes", "player_url": "/s/player/9f996d3e/player_ias.vflset/en_US/base.js", "ext": "webm", "height": 144, "format_note": "144p", "container": "webm", "vcodec": "vp9", "asr": null, "filesize": 149165, "fps": 25, "tbr": 12.391, "width": 144, "acodec": "none", "downloader_options": {"http_chunk_size": 10485760}, "format": "278 - 144x144 (144p)", "protocol": "https", "http_headers": {"User-Agent": "Mozilla/5.0 (Windows NT 10.0; Win64; x64) AppleWebKit/537.36 (KHTML, like Gecko) Chrome/71.0.3557.2 Safari/537.36", "Accept-Charset": "ISO-8859-1,utf-8;q=0.7,*;q=0.7", "Accept": "text/html,application/xhtml+xml,application/xml;q=0.9,*/*;q=0.8", "Accept-Encoding": "gzip, deflate", "Accept-Language": "en-us,en;q=0.5"}}, {"format_id": "242", "url": "https://r3---sn-ipoxu-u2xd.googlevideo.com/videoplayback?expire=1610368128&ei=IPD7X7bkNMrUgQOnn4S4Bw&ip=220.129.26.102&id=o-ALrvMjoAnBvBALQ7GFUf38WFPSHrBs-QxCzKJK2q1e_9&itag=242&aitags=133%2C134%2C135%2C136%2C137%2C160%2C242%2C243%2C244%2C247%2C248%2C278&source=youtube&requiressl=yes&mh=Qz&mm=31%2C29&mn=sn-ipoxu-u2xd%2Csn-un57en7e&ms=au%2Crdu&mv=m&mvi=3&pl=21&gcr=tw&initcwndbps=703750&vprv=1&mime=video%2Fwebm&ns=3cqs8CK6YEjnmHD04mMzWKIF&gir=yes&clen=173326&dur=145.280&lmt=1593010041451933&mt=1610345794&fvip=3&keepalive=yes&c=WEB&txp=2316222&n=2z3rJAoMR1ksBI&sparams=expire%2Cei%2Cip%2Cid%2Caitags%2Csource%2Crequiressl%2Cgcr%2Cvprv%2Cmime%2Cns%2Cgir%2Cclen%2Cdur%2Clmt&lsparams=mh%2Cmm%2Cmn%2Cms%2Cmv%2Cmvi%2Cpl%2Cinitcwndbps&lsig=AG3C_xAwRgIhAK_uvMM53aP6tiBuyVN2HkQR1_YsazmcFg_tYxLaysRiAiEAhnNTdJCqHAZR6vxa0RBCE9agMHlR2p84G_ksYb_-3kg%3D&sig=AOq0QJ8wRAIge5tDKJh9pxLVPwhyEIxrah5XdrG3A7YG8pyEc28H8H0CIF3OLPeqXObjhCbTuPRrAaN83s2Q05psFmF1FRNI7i2x&ratebypass=yes", "player_url": "/s/player/9f996d3e/player_ias.vflset/en_US/base.js", "ext": "webm", "height": 240, "format_note": "240p", "vcodec": "vp9", "asr": null, "filesize": 173326, "fps": 25, "tbr": 14.587, "width": 240, "acodec": "none", "downloader_options": {"http_chunk_size": 10485760}, "format": "242 - 240x240 (240p)", "protocol": "https", "http_headers": {"User-Agent": "Mozilla/5.0 (Windows NT 10.0; Win64; x64) AppleWebKit/537.36 (KHTML, like Gecko) Chrome/71.0.3557.2 Safari/537.36", "Accept-Charset": "ISO-8859-1,utf-8;q=0.7,*;q=0.7", "Accept": "text/html,application/xhtml+xml,application/xml;q=0.9,*/*;q=0.8", "Accept-Encoding": "gzip, deflate", "Accept-Language": "en-us,en;q=0.5"}}, {"format_id": "133", "url": "https://r3---sn-ipoxu-u2xd.googlevideo.com/videoplayback?expire=1610368128&ei=IPD7X7bkNMrUgQOnn4S4Bw&ip=220.129.26.102&id=o-ALrvMjoAnBvBALQ7GFUf38WFPSHrBs-QxCzKJK2q1e_9&itag=133&aitags=133%2C134%2C135%2C136%2C137%2C160%2C242%2C243%2C244%2C247%2C248%2C278&source=youtube&requiressl=yes&mh=Qz&mm=31%2C29&mn=sn-ipoxu-u2xd%2Csn-un57en7e&ms=au%2Crdu&mv=m&mvi=3&pl=21&gcr=tw&initcwndbps=703750&vprv=1&mime=video%2Fmp4&ns=3cqs8CK6YEjnmHD04mMzWKIF&gir=yes&clen=181487&dur=145.280&lmt=1593009007360582&mt=1610345794&fvip=3&keepalive=yes&c=WEB&txp=2316222&n=2z3rJAoMR1ksBI&sparams=expire%2Cei%2Cip%2Cid%2Caitags%2Csource%2Crequiressl%2Cgcr%2Cvprv%2Cmime%2Cns%2Cgir%2Cclen%2Cdur%2Clmt&lsparams=mh%2Cmm%2Cmn%2Cms%2Cmv%2Cmvi%2Cpl%2Cinitcwndbps&lsig=AG3C_xAwRQIgGJx1Zx4oyqwCLJfAlas3kP4CjTHqpkm0t1Kc8P7TH-kCIQD8AJtVHbQTNbFDRJ7qPGy9e5XrK7DGMlwi2vrnTQzLKQ%3D%3D&sig=AOq0QJ8wRQIhAI5-nx9rQ5fIy6tmjlr4WCv1EThfcxRspb1cMeID4jfBAiACpeEnbJZTBsmupGoiJj-Wh8GYLpZSdgKAF36QVrhKRQ==&ratebypass=yes", "player_url": "/s/player/9f996d3e/player_ias.vflset/en_US/base.js", "ext": "mp4", "height": 240, "format_note": "240p", "vcodec": "avc1.4d400c", "asr": null, "filesize": 181487, "fps": 25, "tbr": 16.883, "width": 240, "acodec": "none", "downloader_options": {"http_chunk_size": 10485760}, "format": "133 - 240x240 (240p)", "protocol": "https", "http_headers": {"User-Agent": "Mozilla/5.0 (Windows NT 10.0; Win64; x64) AppleWebKit/537.36 (KHTML, like Gecko) Chrome/71.0.3557.2 Safari/537.36", "Accept-Charset": "ISO-8859-1,utf-8;q=0.7,*;q=0.7", "Accept": "text/html,application/xhtml+xml,application/xml;q=0.9,*/*;q=0.8", "Accept-Encoding": "gzip, deflate", "Accept-Language": "en-us,en;q=0.5"}}, {"format_id": "243", "url": "https://r3---sn-ipoxu-u2xd.googlevideo.com/videoplayback?expire=1610368128&ei=IPD7X7bkNMrUgQOnn4S4Bw&ip=220.129.26.102&id=o-ALrvMjoAnBvBALQ7GFUf38WFPSHrBs-QxCzKJK2q1e_9&itag=243&aitags=133%2C134%2C135%2C136%2C137%2C160%2C242%2C243%2C244%2C247%2C248%2C278&source=youtube&requiressl=yes&mh=Qz&mm=31%2C29&mn=sn-ipoxu-u2xd%2Csn-un57en7e&ms=au%2Crdu&mv=m&mvi=3&pl=21&gcr=tw&initcwndbps=703750&vprv=1&mime=video%2Fwebm&ns=3cqs8CK6YEjnmHD04mMzWKIF&gir=yes&clen=228727&dur=145.280&lmt=1593010041450757&mt=1610345794&fvip=3&keepalive=yes&c=WEB&txp=2316222&n=2z3rJAoMR1ksBI&sparams=expire%2Cei%2Cip%2Cid%2Caitags%2Csource%2Crequiressl%2Cgcr%2Cvprv%2Cmime%2Cns%2Cgir%2Cclen%2Cdur%2Clmt&lsparams=mh%2Cmm%2Cmn%2Cms%2Cmv%2Cmvi%2Cpl%2Cinitcwndbps&lsig=AG3C_xAwRQIhAIOxjIgClD1914uLe3baySkayedAho5Y1ETaCmL396w1AiBh6v4rKGtPfDXUfmk3bQXGag1ardauL26LsMrs_HYE-g%3D%3D&sig=AOq0QJ8wRgIhALDBTKc-eWSBKfLM-q9oBBsDQKyH4WNT_sufTIAYghACAiEAhoUqSYzVvQ1SUihxJyuTVAHrXCDdVjeTVYQdBTais2c=&ratebypass=yes", "player_url": "/s/player/9f996d3e/player_ias.vflset/en_US/base.js", "ext": "webm", "height": 360, "format_note": "360p", "vcodec": "vp9", "asr": null, "filesize": 228727, "fps": 25, "tbr": 19.658, "width": 360, "acodec": "none", "downloader_options": {"http_chunk_size": 10485760}, "format": "243 - 360x360 (360p)", "protocol": "https", "http_headers": {"User-Agent": "Mozilla/5.0 (Windows NT 10.0; Win64; x64) AppleWebKit/537.36 (KHTML, like Gecko) Chrome/71.0.3557.2 Safari/537.36", "Accept-Charset": "ISO-8859-1,utf-8;q=0.7,*;q=0.7", "Accept": "text/html,application/xhtml+xml,application/xml;q=0.9,*/*;q=0.8", "Accept-Encoding": "gzip, deflate", "Accept-Language": "en-us,en;q=0.5"}}, {"format_id": "244", "url": "https://r3---sn-ipoxu-u2xd.googlevideo.com/videoplayback?expire=1610368128&ei=IPD7X7bkNMrUgQOnn4S4Bw&ip=220.129.26.102&id=o-ALrvMjoAnBvBALQ7GFUf38WFPSHrBs-QxCzKJK2q1e_9&itag=244&aitags=133%2C134%2C135%2C136%2C137%2C160%2C242%2C243%2C244%2C247%2C248%2C278&source=youtube&requiressl=yes&mh=Qz&mm=31%2C29&mn=sn-ipoxu-u2xd%2Csn-un57en7e&ms=au%2Crdu&mv=m&mvi=3&pl=21&gcr=tw&initcwndbps=703750&vprv=1&mime=video%2Fwebm&ns=3cqs8CK6YEjnmHD04mMzWKIF&gir=yes&clen=236582&dur=145.280&lmt=1593010041450312&mt=1610345794&fvip=3&keepalive=yes&c=WEB&txp=2316222&n=2z3rJAoMR1ksBI&sparams=expire%2Cei%2Cip%2Cid%2Caitags%2Csource%2Crequiressl%2Cgcr%2Cvprv%2Cmime%2Cns%2Cgir%2Cclen%2Cdur%2Clmt&lsparams=mh%2Cmm%2Cmn%2Cms%2Cmv%2Cmvi%2Cpl%2Cinitcwndbps&lsig=AG3C_xAwRAIgLClRNHiWu9cGOy0SgKcKubyr6A-Y8da6Dpf-mPXRusACICS16vp094GV_ELLRYVzv6ODi2k1nZaKNsfPSBZ5dTHc&sig=AOq0QJ8wRAIgAs6Mmr5AXKlV7z7Ca3sN1sj3Qw8-La5-9mOMsvIQqcICIBoxMf2wcS06Q9mJ0-h24eioBU6P5swbB9XaREzA3h8_&ratebypass=yes", "player_url": "/s/player/9f996d3e/player_ias.vflset/en_US/base.js", "ext": "webm", "height": 480, "format_note": "480p", "vcodec": "vp9", "asr": null, "filesize": 236582, "fps": 25, "tbr": 21.7, "width": 480, "acodec": "none", "downloader_options": {"http_chunk_size": 10485760}, "format": "244 - 480x480 (480p)", "protocol": "https", "http_headers": {"User-Agent": "Mozilla/5.0 (Windows NT 10.0; Win64; x64) AppleWebKit/537.36 (KHTML, like Gecko) Chrome/71.0.3557.2 Safari/537.36", "Accept-Charset": "ISO-8859-1,utf-8;q=0.7,*;q=0.7", "Accept": "text/html,application/xhtml+xml,application/xml;q=0.9,*/*;q=0.8", "Accept-Encoding": "gzip, deflate", "Accept-Language": "en-us,en;q=0.5"}}, {"format_id": "134", "url": "https://r3---sn-ipoxu-u2xd.googlevideo.com/videoplayback?expire=1610368128&ei=IPD7X7bkNMrUgQOnn4S4Bw&ip=220.129.26.102&id=o-ALrvMjoAnBvBALQ7GFUf38WFPSHrBs-QxCzKJK2q1e_9&itag=134&aitags=133%2C134%2C135%2C136%2C137%2C160%2C242%2C243%2C244%2C247%2C248%2C278&source=youtube&requiressl=yes&mh=Qz&mm=31%2C29&mn=sn-ipoxu-u2xd%2Csn-un57en7e&ms=au%2Crdu&mv=m&mvi=3&pl=21&gcr=tw&initcwndbps=703750&vprv=1&mime=video%2Fmp4&ns=3cqs8CK6YEjnmHD04mMzWKIF&gir=yes&clen=271907&dur=145.280&lmt=1593009007352502&mt=1610345794&fvip=3&keepalive=yes&c=WEB&txp=2316222&n=2z3rJAoMR1ksBI&sparams=expire%2Cei%2Cip%2Cid%2Caitags%2Csource%2Crequiressl%2Cgcr%2Cvprv%2Cmime%2Cns%2Cgir%2Cclen%2Cdur%2Clmt&lsparams=mh%2Cmm%2Cmn%2Cms%2Cmv%2Cmvi%2Cpl%2Cinitcwndbps&lsig=AG3C_xAwRgIhAJZctObUxwCGNfgF0EnqZvv3iAfdU80tps6iOGnPnwB5AiEA9NzhNRa2ZqwBbik7TXwivDeikkXEakWshZAw9ElOwzU%3D&sig=AOq0QJ8wRgIhAM7CFAW_ID3gUoP5TwHurAnTVVOyksz_h6l_ZyR3NPO5AiEAyz-VKIGOhYNYCwBKiyP746_2hhpaIXIa5hN5AGwKeeI=&ratebypass=yes", "player_url": "/s/player/9f996d3e/player_ias.vflset/en_US/base.js", "ext": "mp4", "height": 360, "format_note": "360p", "vcodec": "avc1.4d4015", "asr": null, "filesize": 271907, "fps": 25, "tbr": 27.525, "width": 360, "acodec": "none", "downloader_options": {"http_chunk_size": 10485760}, "format": "134 - 360x360 (360p)", "protocol": "https", "http_headers": {"User-Agent": "Mozilla/5.0 (Windows NT 10.0; Win64; x64) AppleWebKit/537.36 (KHTML, like Gecko) Chrome/71.0.3557.2 Safari/537.36", "Accept-Charset": "ISO-8859-1,utf-8;q=0.7,*;q=0.7", "Accept": "text/html,application/xhtml+xml,application/xml;q=0.9,*/*;q=0.8", "Accept-Encoding": "gzip, deflate", "Accept-Language": "en-us,en;q=0.5"}}, {"format_id": "247", "url": "https://r3---sn-ipoxu-u2xd.googlevideo.com/videoplayback?expire=1610368128&ei=IPD7X7bkNMrUgQOnn4S4Bw&ip=220.129.26.102&id=o-ALrvMjoAnBvBALQ7GFUf38WFPSHrBs-QxCzKJK2q1e_9&itag=247&aitags=133%2C134%2C135%2C136%2C137%2C160%2C242%2C243%2C244%2C247%2C248%2C278&source=youtube&requiressl=yes&mh=Qz&mm=31%2C29&mn=sn-ipoxu-u2xd%2Csn-un57en7e&ms=au%2Crdu&mv=m&mvi=3&pl=21&gcr=tw&initcwndbps=703750&vprv=1&mime=video%2Fwebm&ns=3cqs8CK6YEjnmHD04mMzWKIF&gir=yes&clen=375341&dur=145.280&lmt=1593010041454102&mt=1610345794&fvip=3&keepalive=yes&c=WEB&txp=2316222&n=2z3rJAoMR1ksBI&sparams=expire%2Cei%2Cip%2Cid%2Caitags%2Csource%2Crequiressl%2Cgcr%2Cvprv%2Cmime%2Cns%2Cgir%2Cclen%2Cdur%2Clmt&lsparams=mh%2Cmm%2Cmn%2Cms%2Cmv%2Cmvi%2Cpl%2Cinitcwndbps&lsig=AG3C_xAwRQIgQdIetmkMrNTJqRWk3927DIGzI8RtbBva_Iw6qNSb8hwCIQDnr2ZhMIi8ZJxq4m7CJF8zMSIHinPtCFzFDfNjfkPwFQ%3D%3D&sig=AOq0QJ8wRQIgICcwZNrCw8mgcK7jEoFMeSQSM_EKQGoqIamPgXnaGyoCIQCm-YGhcBvEtz3acCJYM4K-Scj7RkQt0el-fnVf_YsYYA==&ratebypass=yes", "player_url": "/s/player/9f996d3e/player_ias.vflset/en_US/base.js", "ext": "webm", "height": 720, "format_note": "720p", "vcodec": "vp9", "asr": null, "filesize": 375341, "fps": 25, "tbr": 37.866, "width": 720, "acodec": "none", "downloader_options": {"http_chunk_size": 10485760}, "format": "247 - 720x720 (720p)", "protocol": "https", "http_headers": {"User-Agent": "Mozilla/5.0 (Windows NT 10.0; Win64; x64) AppleWebKit/537.36 (KHTML, like Gecko) Chrome/71.0.3557.2 Safari/537.36", "Accept-Charset": "ISO-8859-1,utf-8;q=0.7,*;q=0.7", "Accept": "text/html,application/xhtml+xml,application/xml;q=0.9,*/*;q=0.8", "Accept-Encoding": "gzip, deflate", "Accept-Language": "en-us,en;q=0.5"}}, {"format_id": "135", "url": "https://r3---sn-ipoxu-u2xd.googlevideo.com/videoplayback?expire=1610368128&ei=IPD7X7bkNMrUgQOnn4S4Bw&ip=220.129.26.102&id=o-ALrvMjoAnBvBALQ7GFUf38WFPSHrBs-QxCzKJK2q1e_9&itag=135&aitags=133%2C134%2C135%2C136%2C137%2C160%2C242%2C243%2C244%2C247%2C248%2C278&source=youtube&requiressl=yes&mh=Qz&mm=31%2C29&mn=sn-ipoxu-u2xd%2Csn-un57en7e&ms=au%2Crdu&mv=m&mvi=3&pl=21&gcr=tw&initcwndbps=703750&vprv=1&mime=video%2Fmp4&ns=3cqs8CK6YEjnmHD04mMzWKIF&gir=yes&clen=362265&dur=145.280&lmt=1593009007356366&mt=1610345794&fvip=3&keepalive=yes&c=WEB&txp=2316222&n=2z3rJAoMR1ksBI&sparams=expire%2Cei%2Cip%2Cid%2Caitags%2Csource%2Crequiressl%2Cgcr%2Cvprv%2Cmime%2Cns%2Cgir%2Cclen%2Cdur%2Clmt&lsparams=mh%2Cmm%2Cmn%2Cms%2Cmv%2Cmvi%2Cpl%2Cinitcwndbps&lsig=AG3C_xAwRQIhAJPxI35H6dJLY-HUO66o-psTx6T0wMcOF4AmBWrovjjYAiBJaVdPM36eSQG2Iwm6YaoKm0wIbgrhlGU7qppcVhBeig%3D%3D&sig=AOq0QJ8wRgIhAIjtZBiixk5ezRlkhIt_vtBAmbYmC7HnvjLa4prbJr9iAiEA5eybcZXt7QdA8yKB7PyMBZZlNyxs6_9mL-JtQSju9LI=&ratebypass=yes", "player_url": "/s/player/9f996d3e/player_ias.vflset/en_US/base.js", "ext": "mp4", "height": 480, "format_note": "480p", "vcodec": "avc1.4d401e", "asr": null, "filesize": 362265, "fps": 25, "tbr": 41.304, "width": 480, "acodec": "none", "downloader_options": {"http_chunk_size": 10485760}, "format": "135 - 480x480 (480p)", "protocol": "https", "http_headers": {"User-Agent": "Mozilla/5.0 (Windows NT 10.0; Win64; x64) AppleWebKit/537.36 (KHTML, like Gecko) Chrome/71.0.3557.2 Safari/537.36", "Accept-Charset": "ISO-8859-1,utf-8;q=0.7,*;q=0.7", "Accept": "text/html,application/xhtml+xml,application/xml;q=0.9,*/*;q=0.8", "Accept-Encoding": "gzip, deflate", "Accept-Language": "en-us,en;q=0.5"}}, {"format_id": "136", "url": "https://r3---sn-ipoxu-u2xd.googlevideo.com/videoplayback?expire=1610368128&ei=IPD7X7bkNMrUgQOnn4S4Bw&ip=220.129.26.102&id=o-ALrvMjoAnBvBALQ7GFUf38WFPSHrBs-QxCzKJK2q1e_9&itag=136&aitags=133%2C134%2C135%2C136%2C137%2C160%2C242%2C243%2C244%2C247%2C248%2C278&source=youtube&requiressl=yes&mh=Qz&mm=31%2C29&mn=sn-ipoxu-u2xd%2Csn-un57en7e&ms=au%2Crdu&mv=m&mvi=3&pl=21&gcr=tw&initcwndbps=703750&vprv=1&mime=video%2Fmp4&ns=3cqs8CK6YEjnmHD04mMzWKIF&gir=yes&clen=611376&dur=145.280&lmt=1593009007350207&mt=1610345794&fvip=3&keepalive=yes&c=WEB&txp=2316222&n=2z3rJAoMR1ksBI&sparams=expire%2Cei%2Cip%2Cid%2Caitags%2Csource%2Crequiressl%2Cgcr%2Cvprv%2Cmime%2Cns%2Cgir%2Cclen%2Cdur%2Clmt&lsparams=mh%2Cmm%2Cmn%2Cms%2Cmv%2Cmvi%2Cpl%2Cinitcwndbps&lsig=AG3C_xAwRAIgA1PZMeCauw6-CbsCBJwVBcXULoGS1WIJfja_Htje4X0CIGvSK4XiC3ZNJU5dIT1K0QSPAsKPfHKljSpAG8-flMbg&sig=AOq0QJ8wRgIhAPGaTeZuYWfFFTKYwnfYZSHpiRbp1J9n5TJznwNOTxLoAiEAi6qEfDvwGgguL7fikZCXY7IAnIkcKLdWEEphN17o8Nc=&ratebypass=yes", "player_url": "/s/player/9f996d3e/player_ias.vflset/en_US/base.js", "ext": "mp4", "height": 720, "format_note": "720p", "vcodec": "avc1.64001f", "asr": null, "filesize": 611376, "fps": 25, "tbr": 75.695, "width": 720, "acodec": "none", "downloader_options": {"http_chunk_size": 10485760}, "format": "136 - 720x720 (720p)", "protocol": "https", "http_headers": {"User-Agent": "Mozilla/5.0 (Windows NT 10.0; Win64; x64) AppleWebKit/537.36 (KHTML, like Gecko) Chrome/71.0.3557.2 Safari/537.36", "Accept-Charset": "ISO-8859-1,utf-8;q=0.7,*;q=0.7", "Accept": "text/html,application/xhtml+xml,application/xml;q=0.9,*/*;q=0.8", "Accept-Encoding": "gzip, deflate", "Accept-Language": "en-us,en;q=0.5"}}, {"format_id": "248", "url": "https://r3---sn-ipoxu-u2xd.googlevideo.com/videoplayback?expire=1610368128&ei=IPD7X7bkNMrUgQOnn4S4Bw&ip=220.129.26.102&id=o-ALrvMjoAnBvBALQ7GFUf38WFPSHrBs-QxCzKJK2q1e_9&itag=248&aitags=133%2C134%2C135%2C136%2C137%2C160%2C242%2C243%2C244%2C247%2C248%2C278&source=youtube&requiressl=yes&mh=Qz&mm=31%2C29&mn=sn-ipoxu-u2xd%2Csn-un57en7e&ms=au%2Crdu&mv=m&mvi=3&pl=21&gcr=tw&initcwndbps=703750&vprv=1&mime=video%2Fwebm&ns=3cqs8CK6YEjnmHD04mMzWKIF&gir=yes&clen=899987&dur=145.280&lmt=1593010041455309&mt=1610345794&fvip=3&keepalive=yes&c=WEB&txp=2316222&n=2z3rJAoMR1ksBI&sparams=expire%2Cei%2Cip%2Cid%2Caitags%2Csource%2Crequiressl%2Cgcr%2Cvprv%2Cmime%2Cns%2Cgir%2Cclen%2Cdur%2Clmt&lsparams=mh%2Cmm%2Cmn%2Cms%2Cmv%2Cmvi%2Cpl%2Cinitcwndbps&lsig=AG3C_xAwRAIgeT1l5xZ4FPkb8STwzogU56RZrHyG1ATwFI1qhlCHzC4CIBEXxlVRfqYTotZDsHXxR0NIFYSHuztogTgBCwf7ZDWq&sig=AOq0QJ8wRQIhAN-MTIhYm8fUiglLgI4GpWKOLLnFiEawtPZAyTRw8_feAiBdwLdDWsGvqYLQKCAZYWdSOHtNB1Obxs6z2K6aEk71hA==&ratebypass=yes", "player_url": "/s/player/9f996d3e/player_ias.vflset/en_US/base.js", "ext": "webm", "height": 1080, "format_note": "1080p", "vcodec": "vp9", "asr": null, "filesize": 899987, "fps": 25, "tbr": 89.583, "width": 1080, "acodec": "none", "downloader_options": {"http_chunk_size": 10485760}, "format": "248 - 1080x1080 (1080p)", "protocol": "https", "http_headers": {"User-Agent": "Mozilla/5.0 (Windows NT 10.0; Win64; x64) AppleWebKit/537.36 (KHTML, like Gecko) Chrome/71.0.3557.2 Safari/537.36", "Accept-Charset": "ISO-8859-1,utf-8;q=0.7,*;q=0.7", "Accept": "text/html,application/xhtml+xml,application/xml;q=0.9,*/*;q=0.8", "Accept-Encoding": "gzip, deflate", "Accept-Language": "en-us,en;q=0.5"}}, {"format_id": "137", "url": "https://r3---sn-ipoxu-u2xd.googlevideo.com/videoplayback?expire=1610368128&ei=IPD7X7bkNMrUgQOnn4S4Bw&ip=220.129.26.102&id=o-ALrvMjoAnBvBALQ7GFUf38WFPSHrBs-QxCzKJK2q1e_9&itag=137&aitags=133%2C134%2C135%2C136%2C137%2C160%2C242%2C243%2C244%2C247%2C248%2C278&source=youtube&requiressl=yes&mh=Qz&mm=31%2C29&mn=sn-ipoxu-u2xd%2Csn-un57en7e&ms=au%2Crdu&mv=m&mvi=3&pl=21&gcr=tw&initcwndbps=703750&vprv=1&mime=video%2Fmp4&ns=3cqs8CK6YEjnmHD04mMzWKIF&gir=yes&clen=1113331&dur=145.280&lmt=1593009007353944&mt=1610345794&fvip=3&keepalive=yes&c=WEB&txp=2316222&n=2z3rJAoMR1ksBI&sparams=expire%2Cei%2Cip%2Cid%2Caitags%2Csource%2Crequiressl%2Cgcr%2Cvprv%2Cmime%2Cns%2Cgir%2Cclen%2Cdur%2Clmt&lsparams=mh%2Cmm%2Cmn%2Cms%2Cmv%2Cmvi%2Cpl%2Cinitcwndbps&lsig=AG3C_xAwRQIgY48WT5jSCWLCaqQG1u9Iz4WIG9dCuvjIGSrzKkmSir0CIQDoZXxeFHwkjlOLmdL8yna95BUAtyJGueAjNYFdouJHAQ%3D%3D&sig=AOq0QJ8wRgIhAJwtOI6t--CLru4rUG01f7D0GDELRGfvZOSISyz0oPUIAiEA1s3xdlUa2vtrJ9X_avuDaGIB1d0GQELoXrAbyiG6IuA=&ratebypass=yes", "player_url": "/s/player/9f996d3e/player_ias.vflset/en_US/base.js", "ext": "mp4", "height": 1080, "format_note": "1080p", "vcodec": "avc1.640020", "asr": null, "filesize": 1113331, "fps": 25, "tbr": 141.6, "width": 1080, "acodec": "none", "downloader_options": {"http_chunk_size": 10485760}, "format": "137 - 1080x1080 (1080p)", "protocol": "https", "http_headers": {"User-Agent": "Mozilla/5.0 (Windows NT 10.0; Win64; x64) AppleWebKit/537.36 (KHTML, like Gecko) Chrome/71.0.3557.2 Safari/537.36", "Accept-Charset": "ISO-8859-1,utf-8;q=0.7,*;q=0.7", "Accept": "text/html,application/xhtml+xml,application/xml;q=0.9,*/*;q=0.8", "Accept-Encoding": "gzip, deflate", "Accept-Language": "en-us,en;q=0.5"}}, {"format_id": "18", "url": "https://r3---sn-ipoxu-u2xd.googlevideo.com/videoplayback?expire=1610368128&ei=IPD7X7bkNMrUgQOnn4S4Bw&ip=220.129.26.102&id=o-ALrvMjoAnBvBALQ7GFUf38WFPSHrBs-QxCzKJK2q1e_9&itag=18&source=youtube&requiressl=yes&mh=Qz&mm=31%2C29&mn=sn-ipoxu-u2xd%2Csn-un57en7e&ms=au%2Crdu&mv=m&mvi=3&pl=21&gcr=tw&initcwndbps=703750&vprv=1&mime=video%2Fmp4&ns=sCujJ-Kp89oRWXnZoRqNfyUF&gir=yes&clen=2047755&ratebypass=yes&dur=145.356&lmt=1593008957921897&mt=1610345794&fvip=3&c=WEB&txp=2316222&n=Ct0QBCgLttZ9Ki&sparams=expire%2Cei%2Cip%2Cid%2Citag%2Csource%2Crequiressl%2Cgcr%2Cvprv%2Cmime%2Cns%2Cgir%2Cclen%2Cratebypass%2Cdur%2Clmt&lsparams=mh%2Cmm%2Cmn%2Cms%2Cmv%2Cmvi%2Cpl%2Cinitcwndbps&lsig=AG3C_xAwRQIhAL92qI6X8pprUrjhk6-l4RvYP-tdpQHDt4-cbdu7nLzNAiAx4lQ3IbXKuFB_kTDdC12jbkty7wdSART_mFGYu50tcg%3D%3D&sig=AOq0QJ8wRAIgJU_Bg-rv88DZwArs7Jy8RIdF57xKLhhVzqbfRCoezMcCIHo1J0iqzWSbyh7VwtCXDk8aVFUfw65whUlxJGsBu3BX", "player_url": "/s/player/9f996d3e/player_ias.vflset/en_US/base.js", "ext": "mp4", "width": 360, "height": 360, "acodec": "mp4a.40.2", "abr": 96, "vcodec": "avc1.42001E", "asr": 44100, "filesize": 2047755, "format_note": "360p", "fps": 25, "tbr": 112.761, "format": "18 - 360x360 (360p)", "protocol": "https", "http_headers": {"User-Agent": "Mozilla/5.0 (Windows NT 10.0; Win64; x64) AppleWebKit/537.36 (KHTML, like Gecko) Chrome/71.0.3557.2 Safari/537.36", "Accept-Charset": "ISO-8859-1,utf-8;q=0.7,*;q=0.7", "Accept": "text/html,application/xhtml+xml,application/xml;q=0.9,*/*;q=0.8", "Accept-Encoding": "gzip, deflate", "Accept-Language": "en-us,en;q=0.5"}}], "is_live": null, "start_time": null, "end_time": null, "series": null, "season_number": null, "episode_number": null, "track": "Love Will Set Us Free", "artist": "Novum Cordis", "album": "Love Will Set Us Free", "release_date": "20200703", "release_year": 2020, "extractor": "youtube", "webpage_url_basename": "watch", "extractor_key": "Youtube", "playlist": null, "playlist_index": null, "thumbnail": "https://i.ytimg.com/vi_webp/IgpNyJVWcBo/maxresdefault.webp", "display_id": "IgpNyJVWcBo", "requested_subtitles": null, "format_id": "251", "url": "https://r3---sn-ipoxu-u2xd.googlevideo.com/videoplayback?expire=1610368128&ei=IPD7X7bkNMrUgQOnn4S4Bw&ip=220.129.26.102&id=o-ALrvMjoAnBvBALQ7GFUf38WFPSHrBs-QxCzKJK2q1e_9&itag=251&source=youtube&requiressl=yes&mh=Qz&mm=31%2C29&mn=sn-ipoxu-u2xd%2Csn-un57en7e&ms=au%2Crdu&mv=m&mvi=3&pl=21&gcr=tw&initcwndbps=703750&vprv=1&mime=audio%2Fwebm&ns=3cqs8CK6YEjnmHD04mMzWKIF&gir=yes&clen=2662842&dur=145.341&lmt=1593008956842506&mt=1610345794&fvip=3&keepalive=yes&c=WEB&txp=2311222&n=2z3rJAoMR1ksBI&sparams=expire%2Cei%2Cip%2Cid%2Citag%2Csource%2Crequiressl%2Cgcr%2Cvprv%2Cmime%2Cns%2Cgir%2Cclen%2Cdur%2Clmt&lsparams=mh%2Cmm%2Cmn%2Cms%2Cmv%2Cmvi%2Cpl%2Cinitcwndbps&lsig=AG3C_xAwRQIgJW46U7MuZ8E58OVZEWBL2ElsvyXFl7KwyCcm1PRN9EQCIQCQw-wqoib_j5lkPvKfMI1h_BCxMOpGKP0LVU3nsYiwbg%3D%3D&sig=AOq0QJ8wRgIhANTZ_n1xYVv3X5KYpGKPXOlTpxAFauSMZ4FLUYnsPxacAiEAgeEJRu54-CzOBu03FHBqw67i28AWmLai9BKmsI6sdhk=&ratebypass=yes", "player_url": "/s/player/9f996d3e/player_ias.vflset/en_US/base.js", "ext": "webm", "format_note": "tiny", "acodec": "opus", "abr": 160, "asr": 48000, "filesize": 2662842, "fps": null, "height": null, "tbr": 155.159, "width": null, "vcodec": "none", "downloader_options": {"http_chunk_size": 10485760}, "format": "251 - audio only (tiny)", "protocol": "https", "http_headers": {"User-Agent": "Mozilla/5.0 (Windows NT 10.0; Win64; x64) AppleWebKit/537.36 (KHTML, like Gecko) Chrome/71.0.3557.2 Safari/537.36", "Accept-Charset": "ISO-8859-1,utf-8;q=0.7,*;q=0.7", "Accept": "text/html,application/xhtml+xml,application/xml;q=0.9,*/*;q=0.8", "Accept-Encoding": "gzip, deflate", "Accept-Language": "en-us,en;q=0.5"}}