{"id": "lQCrA2TE-fo", "uploader": "Samuel F\u00e9lix", "uploader_id": "UCsfyGZf8F2eGxyidZp3LZYg", "uploader_url": "http://www.youtube.com/channel/UCsfyGZf8F2eGxyidZp3LZYg", "channel_id": "UCsfyGZf8F2eGxyidZp3LZYg", "channel_url": "http://www.youtube.com/channel/UCsfyGZf8F2eGxyidZp3LZYg", "upload_date": "20200618", "license": null, "creator": null, "title": "Samuel F\u00e9lix - D\u00e9part", "alt_title": null, "thumbnails": [{"url": "https://i.ytimg.com/vi/lQCrA2TE-fo/hqdefault.jpg?sqp=-oaymwEYCKgBEF5IVfKriqkDCwgBFQAAiEIYAXAB&rs=AOn4CLAu7O0IHdYTF-VgBCyD3-SBbK1GOQ", "width": 168, "height": 94, "resolution": "168x94", "id": "0"}, {"url": "https://i.ytimg.com/vi/lQCrA2TE-fo/hqdefault.jpg?sqp=-oaymwEYCMQBEG5IVfKriqkDCwgBFQAAiEIYAXAB&rs=AOn4CLDWnLlSmpldRmkflO_oWFZ0WM6tbA", "width": 196, "height": 110, "resolution": "196x110", "id": "1"}, {"url": "https://i.ytimg.com/vi/lQCrA2TE-fo/hqdefault.jpg?sqp=-oaymwEZCPYBEIoBSFXyq4qpAwsIARUAAIhCGAFwAQ==&rs=AOn4CLDsPNs6XL5SBSLq9RWHh9AbKqWoXQ", "width": 246, "height": 138, "resolution": "246x138", "id": "2"}, {"url": "https://i.ytimg.com/vi/lQCrA2TE-fo/hqdefault.jpg?sqp=-oaymwEZCNACELwBSFXyq4qpAwsIARUAAIhCGAFwAQ==&rs=AOn4CLBieDh7GT3ALBwHihwUrRkt1Xn6vQ", "width": 336, "height": 188, "resolution": "336x188", "id": "3"}, {"url": "https://i.ytimg.com/vi_webp/lQCrA2TE-fo/maxresdefault.webp", "width": 1920, "height": 1080, "resolution": "1920x1080", "id": "4"}], "description": "Download the sheet music: https://samuelfelix.bandcamp.com/merch\nSpotify: https://open.spotify.com/artist/4QCrQhj1liuos6rjK3hUBr?si=bnYQn-JEQCioCVrxVo6yeQ\nD\u00e9part by Samuel F\u00e9lix from his upcoming debut album.\n\n\nArtwork by Patrick Atkins\nhttps://www.patrickatkins.co.uk/", "categories": ["People & Blogs"], "tags": ["\u00f3lafur arnalds", "samuel f\u00e9lix", "Alexis Ffrench", "Yiruma", "the piano guys", "dirk maassen", "bill laurance", "florian christl", "annelie", "luke howard", "g\u00e5el", "Joep Beving", "Agnes Obel", "Piano", "relaxing music", "moux", "mewael yemane", "james Heather", "ludovico Einaudi", "Satie", "Erik Satie", "Easy Piano"], "subtitles": {}, "automatic_captions": {}, "duration": 191, "age_limit": 0, "annotations": null, "chapters": null, "webpage_url": "https://www.youtube.com/watch?v=lQCrA2TE-fo", "view_count": 17344, "like_count": 73, "dislike_count": null, "average_rating": 5.0, "formats": [{"ext": "m4a", "format_note": "DASH audio", "acodec": "mp4a.40.5", "abr": 48, "container": "m4a_dash", "format_id": "139", "manifest_url": "https://manifest.googlevideo.com/api/manifest/dash/expire/1609941104/ei/EGz1X9DyGIay4QLh_pKYBA/ip/140.109.134.180/id/9500ab0364c4f9fa/source/youtube/requiressl/yes/playback_host/r1---sn-5njj-u2xl.googlevideo.com/mh/vp/mm/31%2C29/mn/sn-5njj-u2xl%2Csn-un57sn7s/ms/au%2Crdu/mv/m/mvi/1/pcm2cms/yes/pl/16/tx/23938784/txs/23938784%2C23938785%2C23938786/hfr/all/as/fmp4_audio_clear%2Cwebm_audio_clear%2Cwebm2_audio_clear%2Cfmp4_sd_hd_clear%2Cwebm2_sd_hd_clear/initcwndbps/521250/vprv/1/mt/1609919103/fvip/1/keepalive/yes/itag/0/sparams/expire%2Cei%2Cip%2Cid%2Csource%2Crequiressl%2Ctx%2Ctxs%2Chfr%2Cas%2Cvprv%2Citag/sig/AOq0QJ8wRQIgQAnDMeRFwCQkA9l7JtwUZVNSrBXoHlbXq3MPah8fZG0CIQDnb0HEdIvjabgb0rvCe5Qj4aEX_d8pUycHVcqLbeS6iA%3D%3D/lsparams/playback_host%2Cmh%2Cmm%2Cmn%2Cms%2Cmv%2Cmvi%2Cpcm2cms%2Cpl%2Cinitcwndbps/lsig/AG3C_xAwRQIgCq7jUEhBuIzvZgvn5asRBaPEPYzbHzstsS0q4ToZZZ8CIQDJ5Kdf0kSjKIRoR6cavVdLq09-aECp8HFDm6Ac4Uxydg%3D%3D", "width": null, "height": null, "tbr": 49.957, "asr": 22050, "fps": null, "language": null, "filesize": null, "vcodec": "none", "url": "https://manifest.googlevideo.com/api/manifest/dash/expire/1609941104/ei/EGz1X9DyGIay4QLh_pKYBA/ip/140.109.134.180/id/9500ab0364c4f9fa/source/youtube/requiressl/yes/playback_host/r1---sn-5njj-u2xl.googlevideo.com/mh/vp/mm/31%2C29/mn/sn-5njj-u2xl%2Csn-un57sn7s/ms/au%2Crdu/mv/m/mvi/1/pcm2cms/yes/pl/16/tx/23938784/txs/23938784%2C23938785%2C23938786/hfr/all/as/fmp4_audio_clear%2Cwebm_audio_clear%2Cwebm2_audio_clear%2Cfmp4_sd_hd_clear%2Cwebm2_sd_hd_clear/initcwndbps/521250/vprv/1/mt/1609919103/fvip/1/keepalive/yes/itag/0/sparams/expire%2Cei%2Cip%2Cid%2Csource%2Crequiressl%2Ctx%2Ctxs%2Chfr%2Cas%2Cvprv%2Citag/sig/AOq0QJ8wRQIgQAnDMeRFwCQkA9l7JtwUZVNSrBXoHlbXq3MPah8fZG0CIQDnb0HEdIvjabgb0rvCe5Qj4aEX_d8pUycHVcqLbeS6iA%3D%3D/lsparams/playback_host%2Cmh%2Cmm%2Cmn%2Cms%2Cmv%2Cmvi%2Cpcm2cms%2Cpl%2Cinitcwndbps/lsig/AG3C_xAwRQIgCq7jUEhBuIzvZgvn5asRBaPEPYzbHzstsS0q4ToZZZ8CIQDJ5Kdf0kSjKIRoR6cavVdLq09-aECp8HFDm6Ac4Uxydg%3D%3D", "fragment_base_url": "https://r1---sn-5njj-u2xl.googlevideo.com/videoplayback/expire/1609941104/ei/EGz1X9DyGIay4QLh_pKYBA/ip/140.109.134.180/id/9500ab0364c4f9fa/itag/139/source/youtube/requiressl/yes/mh/vp/mm/31,29/mn/sn-5njj-u2xl,sn-un57sn7s/ms/au,rdu/mv/m/mvi/1/pcm2cms/yes/pl/16/initcwndbps/521250/vprv/1/ratebypass/yes/mime/audio%2Fmp4/otfp/1/gir/yes/clen/1163941/lmt/1585621362050612/dur/190.682/mt/1609919103/fvip/1/keepalive/yes/sparams/expire,ei,ip,id,itag,source,requiressl,vprv,ratebypass,mime,otfp,gir,clen,lmt,dur/sig/AOq0QJ8wRQIgJzIVFmzhkL-eXm0H4XFTZKz6wC9aX_03KnloG2nXQ5UCIQCPJ_SjM-Mfj_Bm1aKwi_DEEdVNPuO4Z3mvRty_zTSI3Q%3D%3D/lsparams/mh,mm,mn,ms,mv,mvi,pcm2cms,pl,initcwndbps/lsig/AG3C_xAwRQIhAKt36BYIBRXsNclvWEf7rqcbpOp7bVoxLgt6VA957JQgAiBUHMV6wYqTfaD4C1d1uOhWkOTNWlf3aTI64KJSgT3zhg%3D%3D/", "fragments": [{"path": "range/0-640"}, {"path": "range/913-62352", "duration": 9.985}, {"path": "range/62353-123183", "duration": 9.984}, {"path": "range/123184-184029", "duration": 9.985}, {"path": "range/184030-244953", "duration": 9.984}, {"path": "range/244954-305898", "duration": 9.985}, {"path": "range/305899-366711", "duration": 9.984}, {"path": "range/366712-427674", "duration": 9.985}, {"path": "range/427675-488334", "duration": 9.985}, {"path": "range/488335-549316", "duration": 9.984}, {"path": "range/549317-610228", "duration": 9.985}, {"path": "range/610229-671158", "duration": 9.984}, {"path": "range/671159-731966", "duration": 9.985}, {"path": "range/731967-792830", "duration": 9.985}, {"path": "range/792831-853766", "duration": 9.984}, {"path": "range/853767-914516", "duration": 9.985}, {"path": "range/914517-975357", "duration": 9.984}, {"path": "range/975358-1036290", "duration": 9.985}, {"path": "range/1036291-1097179", "duration": 9.984}, {"path": "range/1097180-1158061", "duration": 9.985}, {"path": "range/1158062-1163940", "duration": 0.975}], "protocol": "http_dash_segments", "format": "139 - audio only (DASH audio)", "http_headers": {"User-Agent": "Mozilla/5.0 (Windows NT 10.0; Win64; x64) AppleWebKit/537.36 (KHTML, like Gecko) Chrome/72.0.3602.1 Safari/537.36", "Accept-Charset": "ISO-8859-1,utf-8;q=0.7,*;q=0.7", "Accept": "text/html,application/xhtml+xml,application/xml;q=0.9,*/*;q=0.8", "Accept-Encoding": "gzip, deflate", "Accept-Language": "en-us,en;q=0.5"}}, {"ext": "m4a", "format_note": "DASH audio", "acodec": "mp4a.40.2", "abr": 128, "container": "m4a_dash", "format_id": "140", "manifest_url": "https://manifest.googlevideo.com/api/manifest/dash/expire/1609941104/ei/EGz1X9DyGIay4QLh_pKYBA/ip/140.109.134.180/id/9500ab0364c4f9fa/source/youtube/requiressl/yes/playback_host/r1---sn-5njj-u2xl.googlevideo.com/mh/vp/mm/31%2C29/mn/sn-5njj-u2xl%2Csn-un57sn7s/ms/au%2Crdu/mv/m/mvi/1/pcm2cms/yes/pl/16/tx/23938784/txs/23938784%2C23938785%2C23938786/hfr/all/as/fmp4_audio_clear%2Cwebm_audio_clear%2Cwebm2_audio_clear%2Cfmp4_sd_hd_clear%2Cwebm2_sd_hd_clear/initcwndbps/521250/vprv/1/mt/1609919103/fvip/1/keepalive/yes/itag/0/sparams/expire%2Cei%2Cip%2Cid%2Csource%2Crequiressl%2Ctx%2Ctxs%2Chfr%2Cas%2Cvprv%2Citag/sig/AOq0QJ8wRQIgQAnDMeRFwCQkA9l7JtwUZVNSrBXoHlbXq3MPah8fZG0CIQDnb0HEdIvjabgb0rvCe5Qj4aEX_d8pUycHVcqLbeS6iA%3D%3D/lsparams/playback_host%2Cmh%2Cmm%2Cmn%2Cms%2Cmv%2Cmvi%2Cpcm2cms%2Cpl%2Cinitcwndbps/lsig/AG3C_xAwRQIgCq7jUEhBuIzvZgvn5asRBaPEPYzbHzstsS0q4ToZZZ8CIQDJ5Kdf0kSjKIRoR6cavVdLq09-aECp8HFDm6Ac4Uxydg%3D%3D", "width": null, "height": null, "tbr": 130.633, "asr": 44100, "fps": null, "language": null, "filesize": null, "vcodec": "none", "url": "https://manifest.googlevideo.com/api/manifest/dash/expire/1609941104/ei/EGz1X9DyGIay4QLh_pKYBA/ip/140.109.134.180/id/9500ab0364c4f9fa/source/youtube/requiressl/yes/playback_host/r1---sn-5njj-u2xl.googlevideo.com/mh/vp/mm/31%2C29/mn/sn-5njj-u2xl%2Csn-un57sn7s/ms/au%2Crdu/mv/m/mvi/1/pcm2cms/yes/pl/16/tx/23938784/txs/23938784%2C23938785%2C23938786/hfr/all/as/fmp4_audio_clear%2Cwebm_audio_clear%2Cwebm2_audio_clear%2Cfmp4_sd_hd_clear%2Cwebm2_sd_hd_clear/initcwndbps/521250/vprv/1/mt/1609919103/fvip/1/keepalive/yes/itag/0/sparams/expire%2Cei%2Cip%2Cid%2Csource%2Crequiressl%2Ctx%2Ctxs%2Chfr%2Cas%2Cvprv%2Citag/sig/AOq0QJ8wRQIgQAnDMeRFwCQkA9l7JtwUZVNSrBXoHlbXq3MPah8fZG0CIQDnb0HEdIvjabgb0rvCe5Qj4aEX_d8pUycHVcqLbeS6iA%3D%3D/lsparams/playback_host%2Cmh%2Cmm%2Cmn%2Cms%2Cmv%2Cmvi%2Cpcm2cms%2Cpl%2Cinitcwndbps/lsig/AG3C_xAwRQIgCq7jUEhBuIzvZgvn5asRBaPEPYzbHzstsS0q4ToZZZ8CIQDJ5Kdf0kSjKIRoR6cavVdLq09-aECp8HFDm6Ac4Uxydg%3D%3D", "fragment_base_url": "https://r1---sn-5njj-u2xl.googlevideo.com/videoplayback/expire/1609941104/ei/EGz1X9DyGIay4QLh_pKYBA/ip/140.109.134.180/id/9500ab0364c4f9fa/itag/140/source/youtube/requiressl/yes/mh/vp/mm/31,29/mn/sn-5njj-u2xl,sn-un57sn7s/ms/au,rdu/mv/m/mvi/1/pcm2cms/yes/pl/16/initcwndbps/521250/vprv/1/ratebypass/yes/mime/audio%2Fmp4/otfp/1/gir/yes/clen/3085890/lmt/1585621362050519/dur/190.612/mt/1609919103/fvip/1/keepalive/yes/sparams/expire,ei,ip,id,itag,source,requiressl,vprv,ratebypass,mime,otfp,gir,clen,lmt,dur/sig/AOq0QJ8wRAIgcib8wJnXR3WpZQsaMh395w6ZFd9dhIjTZhnRFxjr3FoCIFOhEDNPPLObGb0Fm9dO7TJW7j5bogIdibhuSofO-AS2/lsparams/mh,mm,mn,ms,mv,mvi,pcm2cms,pl,initcwndbps/lsig/AG3C_xAwRQIhAOfvIAB2-vin0CLkuQ1811H4Kv5cGFzJNKNFul1T_bi3AiBhDwgSN6xW1BeGFSB6fDu5ASpKUJrsV2xR5GUACPQslA%3D%3D/", "fragments": [{"path": "range/0-631"}, {"path": "range/904-163046", "duration": 9.985}, {"path": "range/163047-324426", "duration": 9.984}, {"path": "range/324427-486028", "duration": 9.985}, {"path": "range/486029-647633", "duration": 9.984}, {"path": "range/647634-809227", "duration": 9.985}, {"path": "range/809228-970688", "duration": 9.984}, {"path": "range/970689-1132370", "duration": 9.985}, {"path": "range/1132371-1293886", "duration": 9.985}, {"path": "range/1293887-1455400", "duration": 9.984}, {"path": "range/1455401-1617021", "duration": 9.985}, {"path": "range/1617022-1778583", "duration": 9.984}, {"path": "range/1778584-1940323", "duration": 9.985}, {"path": "range/1940324-2101823", "duration": 9.985}, {"path": "range/2101824-2263504", "duration": 9.984}, {"path": "range/2263505-2424914", "duration": 9.985}, {"path": "range/2424915-2586461", "duration": 9.984}, {"path": "range/2586462-2748063", "duration": 9.985}, {"path": "range/2748064-2909662", "duration": 9.984}, {"path": "range/2909663-3071225", "duration": 9.985}, {"path": "range/3071226-3085889", "duration": 0.975}], "protocol": "http_dash_segments", "format": "140 - audio only (DASH audio)", "http_headers": {"User-Agent": "Mozilla/5.0 (Windows NT 10.0; Win64; x64) AppleWebKit/537.36 (KHTML, like Gecko) Chrome/72.0.3602.1 Safari/537.36", "Accept-Charset": "ISO-8859-1,utf-8;q=0.7,*;q=0.7", "Accept": "text/html,application/xhtml+xml,application/xml;q=0.9,*/*;q=0.8", "Accept-Encoding": "gzip, deflate", "Accept-Language": "en-us,en;q=0.5"}}, {"ext": "webm", "format_note": "DASH audio", "acodec": "opus", "abr": 160, "format_id": "251", "manifest_url": "https://manifest.googlevideo.com/api/manifest/dash/expire/1609941104/ei/EGz1X9DyGIay4QLh_pKYBA/ip/140.109.134.180/id/9500ab0364c4f9fa/source/youtube/requiressl/yes/playback_host/r1---sn-5njj-u2xl.googlevideo.com/mh/vp/mm/31%2C29/mn/sn-5njj-u2xl%2Csn-un57sn7s/ms/au%2Crdu/mv/m/mvi/1/pcm2cms/yes/pl/16/tx/23938784/txs/23938784%2C23938785%2C23938786/hfr/all/as/fmp4_audio_clear%2Cwebm_audio_clear%2Cwebm2_audio_clear%2Cfmp4_sd_hd_clear%2Cwebm2_sd_hd_clear/initcwndbps/521250/vprv/1/mt/1609919103/fvip/1/keepalive/yes/itag/0/sparams/expire%2Cei%2Cip%2Cid%2Csource%2Crequiressl%2Ctx%2Ctxs%2Chfr%2Cas%2Cvprv%2Citag/sig/AOq0QJ8wRQIgQAnDMeRFwCQkA9l7JtwUZVNSrBXoHlbXq3MPah8fZG0CIQDnb0HEdIvjabgb0rvCe5Qj4aEX_d8pUycHVcqLbeS6iA%3D%3D/lsparams/playback_host%2Cmh%2Cmm%2Cmn%2Cms%2Cmv%2Cmvi%2Cpcm2cms%2Cpl%2Cinitcwndbps/lsig/AG3C_xAwRQIgCq7jUEhBuIzvZgvn5asRBaPEPYzbHzstsS0q4ToZZZ8CIQDJ5Kdf0kSjKIRoR6cavVdLq09-aECp8HFDm6Ac4Uxydg%3D%3D", "width": null, "height": null, "tbr": 153.769, "asr": 48000, "fps": null, "language": null, "filesize": null, "container": "webm_dash", "vcodec": "none", "url": "https://manifest.googlevideo.com/api/manifest/dash/expire/1609941104/ei/EGz1X9DyGIay4QLh_pKYBA/ip/140.109.134.180/id/9500ab0364c4f9fa/source/youtube/requiressl/yes/playback_host/r1---sn-5njj-u2xl.googlevideo.com/mh/vp/mm/31%2C29/mn/sn-5njj-u2xl%2Csn-un57sn7s/ms/au%2Crdu/mv/m/mvi/1/pcm2cms/yes/pl/16/tx/23938784/txs/23938784%2C23938785%2C23938786/hfr/all/as/fmp4_audio_clear%2Cwebm_audio_clear%2Cwebm2_audio_clear%2Cfmp4_sd_hd_clear%2Cwebm2_sd_hd_clear/initcwndbps/521250/vprv/1/mt/1609919103/fvip/1/keepalive/yes/itag/0/sparams/expire%2Cei%2Cip%2Cid%2Csource%2Crequiressl%2Ctx%2Ctxs%2Chfr%2Cas%2Cvprv%2Citag/sig/AOq0QJ8wRQIgQAnDMeRFwCQkA9l7JtwUZVNSrBXoHlbXq3MPah8fZG0CIQDnb0HEdIvjabgb0rvCe5Qj4aEX_d8pUycHVcqLbeS6iA%3D%3D/lsparams/playback_host%2Cmh%2Cmm%2Cmn%2Cms%2Cmv%2Cmvi%2Cpcm2cms%2Cpl%2Cinitcwndbps/lsig/AG3C_xAwRQIgCq7jUEhBuIzvZgvn5asRBaPEPYzbHzstsS0q4ToZZZ8CIQDJ5Kdf0kSjKIRoR6cavVdLq09-aECp8HFDm6Ac4Uxydg%3D%3D", "fragment_base_url": "https://r1---sn-5njj-u2xl.googlevideo.com/videoplayback/expire/1609941104/ei/EGz1X9DyGIay4QLh_pKYBA/ip/140.109.134.180/id/9500ab0364c4f9fa/itag/251/source/youtube/requiressl/yes/mh/vp/mm/31,29/mn/sn-5njj-u2xl,sn-un57sn7s/ms/au,rdu/mv/m/mvi/1/pcm2cms/yes/pl/16/initcwndbps/521250/vprv/1/ratebypass/yes/mime/audio%2Fwebm/otfp/1/gir/yes/clen/3584595/lmt/1585621360244653/dur/190.581/mt/1609919103/fvip/1/keepalive/yes/sparams/expire,ei,ip,id,itag,source,requiressl,vprv,ratebypass,mime,otfp,gir,clen,lmt,dur/sig/AOq0QJ8wRQIhAM8cs2vsTXJMPC32dtC2fIeSLVdpU3c4SS4-VcOmKEZkAiActJHIvGiH0icwS5oKtzwRnwiBBitz8tUOmzOyVZLMxw%3D%3D/lsparams/mh,mm,mn,ms,mv,mvi,pcm2cms,pl,initcwndbps/lsig/AG3C_xAwRQIgDp3Uw8ep8ZST5ka6TobdlCpI5AsTPJKTdRNy5aXHOqkCIQCVOu_RkQyqJl6JnVxOw5pbIwjMus74wTIz65_8ZjOw7A%3D%3D/", "fragments": [{"path": "range/0-265"}, {"path": "range/603-189909", "duration": 10.001}, {"path": "range/189910-377830", "duration": 10.0}, {"path": "range/377831-566923", "duration": 10.0}, {"path": "range/566924-759135", "duration": 10.0}, {"path": "range/759136-947638", "duration": 10.0}, {"path": "range/947639-1137460", "duration": 10.0}, {"path": "range/1137461-1326078", "duration": 10.0}, {"path": "range/1326079-1515934", "duration": 10.0}, {"path": "range/1515935-1702864", "duration": 10.0}, {"path": "range/1702865-1891673", "duration": 10.0}, {"path": "range/1891674-2081872", "duration": 10.0}, {"path": "range/2081873-2271098", "duration": 10.0}, {"path": "range/2271099-2461238", "duration": 10.0}, {"path": "range/2461239-2650694", "duration": 10.0}, {"path": "range/2650695-2840867", "duration": 10.0}, {"path": "range/2840868-3029043", "duration": 10.0}, {"path": "range/3029044-3213641", "duration": 10.0}, {"path": "range/3213642-3402188", "duration": 10.0}, {"path": "range/3402189-3576471", "duration": 10.0}, {"path": "range/3576472-3584594", "duration": 0.58}], "protocol": "http_dash_segments", "format": "251 - audio only (DASH audio)", "http_headers": {"User-Agent": "Mozilla/5.0 (Windows NT 10.0; Win64; x64) AppleWebKit/537.36 (KHTML, like Gecko) Chrome/72.0.3602.1 Safari/537.36", "Accept-Charset": "ISO-8859-1,utf-8;q=0.7,*;q=0.7", "Accept": "text/html,application/xhtml+xml,application/xml;q=0.9,*/*;q=0.8", "Accept-Encoding": "gzip, deflate", "Accept-Language": "en-us,en;q=0.5"}}, {"ext": "webm", "height": 144, "format_note": "DASH video", "container": "webm_dash", "vcodec": "vp9", "format_id": "278", "manifest_url": "https://manifest.googlevideo.com/api/manifest/dash/expire/1609941104/ei/EGz1X9DyGIay4QLh_pKYBA/ip/140.109.134.180/id/9500ab0364c4f9fa/source/youtube/requiressl/yes/playback_host/r1---sn-5njj-u2xl.googlevideo.com/mh/vp/mm/31%2C29/mn/sn-5njj-u2xl%2Csn-un57sn7s/ms/au%2Crdu/mv/m/mvi/1/pcm2cms/yes/pl/16/tx/23938784/txs/23938784%2C23938785%2C23938786/hfr/all/as/fmp4_audio_clear%2Cwebm_audio_clear%2Cwebm2_audio_clear%2Cfmp4_sd_hd_clear%2Cwebm2_sd_hd_clear/initcwndbps/521250/vprv/1/mt/1609919103/fvip/1/keepalive/yes/itag/0/sparams/expire%2Cei%2Cip%2Cid%2Csource%2Crequiressl%2Ctx%2Ctxs%2Chfr%2Cas%2Cvprv%2Citag/sig/AOq0QJ8wRQIgQAnDMeRFwCQkA9l7JtwUZVNSrBXoHlbXq3MPah8fZG0CIQDnb0HEdIvjabgb0rvCe5Qj4aEX_d8pUycHVcqLbeS6iA%3D%3D/lsparams/playback_host%2Cmh%2Cmm%2Cmn%2Cms%2Cmv%2Cmvi%2Cpcm2cms%2Cpl%2Cinitcwndbps/lsig/AG3C_xAwRQIgCq7jUEhBuIzvZgvn5asRBaPEPYzbHzstsS0q4ToZZZ8CIQDJ5Kdf0kSjKIRoR6cavVdLq09-aECp8HFDm6Ac4Uxydg%3D%3D", "width": 256, "tbr": 95.0, "asr": null, "fps": 24, "language": null, "filesize": null, "acodec": "none", "url": "https://manifest.googlevideo.com/api/manifest/dash/expire/1609941104/ei/EGz1X9DyGIay4QLh_pKYBA/ip/140.109.134.180/id/9500ab0364c4f9fa/source/youtube/requiressl/yes/playback_host/r1---sn-5njj-u2xl.googlevideo.com/mh/vp/mm/31%2C29/mn/sn-5njj-u2xl%2Csn-un57sn7s/ms/au%2Crdu/mv/m/mvi/1/pcm2cms/yes/pl/16/tx/23938784/txs/23938784%2C23938785%2C23938786/hfr/all/as/fmp4_audio_clear%2Cwebm_audio_clear%2Cwebm2_audio_clear%2Cfmp4_sd_hd_clear%2Cwebm2_sd_hd_clear/initcwndbps/521250/vprv/1/mt/1609919103/fvip/1/keepalive/yes/itag/0/sparams/expire%2Cei%2Cip%2Cid%2Csource%2Crequiressl%2Ctx%2Ctxs%2Chfr%2Cas%2Cvprv%2Citag/sig/AOq0QJ8wRQIgQAnDMeRFwCQkA9l7JtwUZVNSrBXoHlbXq3MPah8fZG0CIQDnb0HEdIvjabgb0rvCe5Qj4aEX_d8pUycHVcqLbeS6iA%3D%3D/lsparams/playback_host%2Cmh%2Cmm%2Cmn%2Cms%2Cmv%2Cmvi%2Cpcm2cms%2Cpl%2Cinitcwndbps/lsig/AG3C_xAwRQIgCq7jUEhBuIzvZgvn5asRBaPEPYzbHzstsS0q4ToZZZ8CIQDJ5Kdf0kSjKIRoR6cavVdLq09-aECp8HFDm6Ac4Uxydg%3D%3D", "fragment_base_url": "https://r1---sn-5njj-u2xl.googlevideo.com/videoplayback/expire/1609941104/ei/EGz1X9DyGIay4QLh_pKYBA/ip/140.109.134.180/id/9500ab0364c4f9fa/itag/278/source/yt_otf/requiressl/yes/mh/vp/mm/31,29/mn/sn-5njj-u2xl,sn-un57sn7s/ms/au,rdu/mv/m/mvi/1/pcm2cms/yes/pl/16/initcwndbps/521250/vprv/1/ratebypass/yes/mime/video%2Fwebm/otfp/1/otf/1/lmt/1586081234869009/mt/1609919103/fvip/1/keepalive/yes/sparams/expire,ei,ip,id,itag,source,requiressl,vprv,ratebypass,mime,otfp,otf,lmt/sig/AOq0QJ8wRAIgDzJ_E3xUrxwEONOY3QPqjJ9p5O71_zDizxmJLpLU8Z8CIBIO2jCmLuNFhCWf3niJZrNVvV-EsGF8UxEOilwMf68A/lsparams/mh,mm,mn,ms,mv,mvi,pcm2cms,pl,initcwndbps/lsig/AG3C_xAwRQIhAMsg6CnaaalPk3kCjUus2gkEG9t1SvTZcp7q8ff9Aox9AiArx_wD2tIflg_-TFcSD6tPJsKFgwsx7G9fIz7ALxEdZQ%3D%3D/", "fragments": [{"path": "sq/0"}, {"path": "sq/1/dur/5.339", "duration": 5.339}, {"path": "sq/2/dur/5.338", "duration": 5.338}, {"path": "sq/3/dur/5.339", "duration": 5.339}, {"path": "sq/4/dur/5.339", "duration": 5.339}, {"path": "sq/5/dur/5.338", "duration": 5.338}, {"path": "sq/6/dur/5.339", "duration": 5.339}, {"path": "sq/7/dur/5.339", "duration": 5.339}, {"path": "sq/8/dur/5.338", "duration": 5.338}, {"path": "sq/9/dur/5.339", "duration": 5.339}, {"path": "sq/10/dur/5.339", "duration": 5.339}, {"path": "sq/11/dur/5.338", "duration": 5.338}, {"path": "sq/12/dur/5.339", "duration": 5.339}, {"path": "sq/13/dur/5.339", "duration": 5.339}, {"path": "sq/14/dur/5.338", "duration": 5.338}, {"path": "sq/15/dur/5.339", "duration": 5.339}, {"path": "sq/16/dur/5.339", "duration": 5.339}, {"path": "sq/17/dur/5.338", "duration": 5.338}, {"path": "sq/18/dur/5.339", "duration": 5.339}, {"path": "sq/19/dur/5.339", "duration": 5.339}, {"path": "sq/20/dur/5.338", "duration": 5.338}, {"path": "sq/21/dur/5.339", "duration": 5.339}, {"path": "sq/22/dur/5.339", "duration": 5.339}, {"path": "sq/23/dur/5.338", "duration": 5.338}, {"path": "sq/24/dur/5.339", "duration": 5.339}, {"path": "sq/25/dur/5.339", "duration": 5.339}, {"path": "sq/26/dur/5.338", "duration": 5.338}, {"path": "sq/27/dur/5.339", "duration": 5.339}, {"path": "sq/28/dur/5.339", "duration": 5.339}, {"path": "sq/29/dur/5.338", "duration": 5.338}, {"path": "sq/30/dur/5.339", "duration": 5.339}, {"path": "sq/31/dur/5.339", "duration": 5.339}, {"path": "sq/32/dur/5.338", "duration": 5.338}, {"path": "sq/33/dur/5.339", "duration": 5.339}, {"path": "sq/34/dur/5.339", "duration": 5.339}, {"path": "sq/35/dur/5.338", "duration": 5.338}, {"path": "sq/36/dur/3.712", "duration": 3.712}], "protocol": "http_dash_segments", "format": "278 - 256x144 (DASH video)", "http_headers": {"User-Agent": "Mozilla/5.0 (Windows NT 10.0; Win64; x64) AppleWebKit/537.36 (KHTML, like Gecko) Chrome/72.0.3602.1 Safari/537.36", "Accept-Charset": "ISO-8859-1,utf-8;q=0.7,*;q=0.7", "Accept": "text/html,application/xhtml+xml,application/xml;q=0.9,*/*;q=0.8", "Accept-Encoding": "gzip, deflate", "Accept-Language": "en-us,en;q=0.5"}}, {"ext": "mp4", "height": 144, "format_note": "DASH video", "vcodec": "avc1.4d400b", "format_id": "160", "manifest_url": "https://manifest.googlevideo.com/api/manifest/dash/expire/1609941104/ei/EGz1X9DyGIay4QLh_pKYBA/ip/140.109.134.180/id/9500ab0364c4f9fa/source/youtube/requiressl/yes/playback_host/r1---sn-5njj-u2xl.googlevideo.com/mh/vp/mm/31%2C29/mn/sn-5njj-u2xl%2Csn-un57sn7s/ms/au%2Crdu/mv/m/mvi/1/pcm2cms/yes/pl/16/tx/23938784/txs/23938784%2C23938785%2C23938786/hfr/all/as/fmp4_audio_clear%2Cwebm_audio_clear%2Cwebm2_audio_clear%2Cfmp4_sd_hd_clear%2Cwebm2_sd_hd_clear/initcwndbps/521250/vprv/1/mt/1609919103/fvip/1/keepalive/yes/itag/0/sparams/expire%2Cei%2Cip%2Cid%2Csource%2Crequiressl%2Ctx%2Ctxs%2Chfr%2Cas%2Cvprv%2Citag/sig/AOq0QJ8wRQIgQAnDMeRFwCQkA9l7JtwUZVNSrBXoHlbXq3MPah8fZG0CIQDnb0HEdIvjabgb0rvCe5Qj4aEX_d8pUycHVcqLbeS6iA%3D%3D/lsparams/playback_host%2Cmh%2Cmm%2Cmn%2Cms%2Cmv%2Cmvi%2Cpcm2cms%2Cpl%2Cinitcwndbps/lsig/AG3C_xAwRQIgCq7jUEhBuIzvZgvn5asRBaPEPYzbHzstsS0q4ToZZZ8CIQDJ5Kdf0kSjKIRoR6cavVdLq09-aECp8HFDm6Ac4Uxydg%3D%3D", "width": 256, "tbr": 108.0, "asr": null, "fps": 24, "language": null, "filesize": null, "container": "mp4_dash", "acodec": "none", "url": "https://manifest.googlevideo.com/api/manifest/dash/expire/1609941104/ei/EGz1X9DyGIay4QLh_pKYBA/ip/140.109.134.180/id/9500ab0364c4f9fa/source/youtube/requiressl/yes/playback_host/r1---sn-5njj-u2xl.googlevideo.com/mh/vp/mm/31%2C29/mn/sn-5njj-u2xl%2Csn-un57sn7s/ms/au%2Crdu/mv/m/mvi/1/pcm2cms/yes/pl/16/tx/23938784/txs/23938784%2C23938785%2C23938786/hfr/all/as/fmp4_audio_clear%2Cwebm_audio_clear%2Cwebm2_audio_clear%2Cfmp4_sd_hd_clear%2Cwebm2_sd_hd_clear/initcwndbps/521250/vprv/1/mt/1609919103/fvip/1/keepalive/yes/itag/0/sparams/expire%2Cei%2Cip%2Cid%2Csource%2Crequiressl%2Ctx%2Ctxs%2Chfr%2Cas%2Cvprv%2Citag/sig/AOq0QJ8wRQIgQAnDMeRFwCQkA9l7JtwUZVNSrBXoHlbXq3MPah8fZG0CIQDnb0HEdIvjabgb0rvCe5Qj4aEX_d8pUycHVcqLbeS6iA%3D%3D/lsparams/playback_host%2Cmh%2Cmm%2Cmn%2Cms%2Cmv%2Cmvi%2Cpcm2cms%2Cpl%2Cinitcwndbps/lsig/AG3C_xAwRQIgCq7jUEhBuIzvZgvn5asRBaPEPYzbHzstsS0q4ToZZZ8CIQDJ5Kdf0kSjKIRoR6cavVdLq09-aECp8HFDm6Ac4Uxydg%3D%3D", "fragment_base_url": "https://r1---sn-5njj-u2xl.googlevideo.com/videoplayback/expire/1609941104/ei/EGz1X9DyGIay4QLh_pKYBA/ip/140.109.134.180/id/9500ab0364c4f9fa/itag/160/source/yt_otf/requiressl/yes/mh/vp/mm/31,29/mn/sn-5njj-u2xl,sn-un57sn7s/ms/au,rdu/mv/m/mvi/1/pcm2cms/yes/pl/16/initcwndbps/521250/vprv/1/ratebypass/yes/mime/video%2Fmp4/otfp/1/otf/1/lmt/1586081234869009/mt/1609919103/fvip/1/keepalive/yes/sparams/expire,ei,ip,id,itag,source,requiressl,vprv,ratebypass,mime,otfp,otf,lmt/sig/AOq0QJ8wRQIgF6pdlXbuo3uSKUjK3MpsYwSPgV3P6CSa4C8w0-MeUwkCIQDZOnk-pWuISBuORD2FQKpi85vN1K5tG00BeLq3thyOcg%3D%3D/lsparams/mh,mm,mn,ms,mv,mvi,pcm2cms,pl,initcwndbps/lsig/AG3C_xAwRQIhAJtjPlP10Hpi49Xodqg-SJ3JgwcV2zzdEmrBKnZIUhAlAiAZxaj2-IHN8YI76I8xmwRdn70WdSkngpx53NWvkWEFeQ%3D%3D/", "fragments": [{"path": "sq/0"}, {"path": "sq/1/dur/5.339", "duration": 5.339}, {"path": "sq/2/dur/5.338", "duration": 5.338}, {"path": "sq/3/dur/5.339", "duration": 5.339}, {"path": "sq/4/dur/5.339", "duration": 5.339}, {"path": "sq/5/dur/5.338", "duration": 5.338}, {"path": "sq/6/dur/5.339", "duration": 5.339}, {"path": "sq/7/dur/5.339", "duration": 5.339}, {"path": "sq/8/dur/5.338", "duration": 5.338}, {"path": "sq/9/dur/5.339", "duration": 5.339}, {"path": "sq/10/dur/5.339", "duration": 5.339}, {"path": "sq/11/dur/5.338", "duration": 5.338}, {"path": "sq/12/dur/5.339", "duration": 5.339}, {"path": "sq/13/dur/5.339", "duration": 5.339}, {"path": "sq/14/dur/5.338", "duration": 5.338}, {"path": "sq/15/dur/5.339", "duration": 5.339}, {"path": "sq/16/dur/5.339", "duration": 5.339}, {"path": "sq/17/dur/5.338", "duration": 5.338}, {"path": "sq/18/dur/5.339", "duration": 5.339}, {"path": "sq/19/dur/5.339", "duration": 5.339}, {"path": "sq/20/dur/5.338", "duration": 5.338}, {"path": "sq/21/dur/5.339", "duration": 5.339}, {"path": "sq/22/dur/5.339", "duration": 5.339}, {"path": "sq/23/dur/5.338", "duration": 5.338}, {"path": "sq/24/dur/5.339", "duration": 5.339}, {"path": "sq/25/dur/5.339", "duration": 5.339}, {"path": "sq/26/dur/5.338", "duration": 5.338}, {"path": "sq/27/dur/5.339", "duration": 5.339}, {"path": "sq/28/dur/5.339", "duration": 5.339}, {"path": "sq/29/dur/5.338", "duration": 5.338}, {"path": "sq/30/dur/5.339", "duration": 5.339}, {"path": "sq/31/dur/5.339", "duration": 5.339}, {"path": "sq/32/dur/5.338", "duration": 5.338}, {"path": "sq/33/dur/5.339", "duration": 5.339}, {"path": "sq/34/dur/5.339", "duration": 5.339}, {"path": "sq/35/dur/5.338", "duration": 5.338}, {"path": "sq/36/dur/3.712", "duration": 3.712}], "protocol": "http_dash_segments", "format": "160 - 256x144 (DASH video)", "http_headers": {"User-Agent": "Mozilla/5.0 (Windows NT 10.0; Win64; x64) AppleWebKit/537.36 (KHTML, like Gecko) Chrome/72.0.3602.1 Safari/537.36", "Accept-Charset": "ISO-8859-1,utf-8;q=0.7,*;q=0.7", "Accept": "text/html,application/xhtml+xml,application/xml;q=0.9,*/*;q=0.8", "Accept-Encoding": "gzip, deflate", "Accept-Language": "en-us,en;q=0.5"}}, {"ext": "mp4", "height": 360, "format_note": "DASH video", "vcodec": "avc1.4d401e", "format_id": "134", "manifest_url": "https://manifest.googlevideo.com/api/manifest/dash/expire/1609941104/ei/EGz1X9DyGIay4QLh_pKYBA/ip/140.109.134.180/id/9500ab0364c4f9fa/source/youtube/requiressl/yes/playback_host/r1---sn-5njj-u2xl.googlevideo.com/mh/vp/mm/31%2C29/mn/sn-5njj-u2xl%2Csn-un57sn7s/ms/au%2Crdu/mv/m/mvi/1/pcm2cms/yes/pl/16/tx/23938784/txs/23938784%2C23938785%2C23938786/hfr/all/as/fmp4_audio_clear%2Cwebm_audio_clear%2Cwebm2_audio_clear%2Cfmp4_sd_hd_clear%2Cwebm2_sd_hd_clear/initcwndbps/521250/vprv/1/mt/1609919103/fvip/1/keepalive/yes/itag/0/sparams/expire%2Cei%2Cip%2Cid%2Csource%2Crequiressl%2Ctx%2Ctxs%2Chfr%2Cas%2Cvprv%2Citag/sig/AOq0QJ8wRQIgQAnDMeRFwCQkA9l7JtwUZVNSrBXoHlbXq3MPah8fZG0CIQDnb0HEdIvjabgb0rvCe5Qj4aEX_d8pUycHVcqLbeS6iA%3D%3D/lsparams/playback_host%2Cmh%2Cmm%2Cmn%2Cms%2Cmv%2Cmvi%2Cpcm2cms%2Cpl%2Cinitcwndbps/lsig/AG3C_xAwRQIgCq7jUEhBuIzvZgvn5asRBaPEPYzbHzstsS0q4ToZZZ8CIQDJ5Kdf0kSjKIRoR6cavVdLq09-aECp8HFDm6Ac4Uxydg%3D%3D", "width": 640, "tbr": 168.708, "asr": null, "fps": 24, "language": null, "filesize": null, "container": "mp4_dash", "acodec": "none", "url": "https://manifest.googlevideo.com/api/manifest/dash/expire/1609941104/ei/EGz1X9DyGIay4QLh_pKYBA/ip/140.109.134.180/id/9500ab0364c4f9fa/source/youtube/requiressl/yes/playback_host/r1---sn-5njj-u2xl.googlevideo.com/mh/vp/mm/31%2C29/mn/sn-5njj-u2xl%2Csn-un57sn7s/ms/au%2Crdu/mv/m/mvi/1/pcm2cms/yes/pl/16/tx/23938784/txs/23938784%2C23938785%2C23938786/hfr/all/as/fmp4_audio_clear%2Cwebm_audio_clear%2Cwebm2_audio_clear%2Cfmp4_sd_hd_clear%2Cwebm2_sd_hd_clear/initcwndbps/521250/vprv/1/mt/1609919103/fvip/1/keepalive/yes/itag/0/sparams/expire%2Cei%2Cip%2Cid%2Csource%2Crequiressl%2Ctx%2Ctxs%2Chfr%2Cas%2Cvprv%2Citag/sig/AOq0QJ8wRQIgQAnDMeRFwCQkA9l7JtwUZVNSrBXoHlbXq3MPah8fZG0CIQDnb0HEdIvjabgb0rvCe5Qj4aEX_d8pUycHVcqLbeS6iA%3D%3D/lsparams/playback_host%2Cmh%2Cmm%2Cmn%2Cms%2Cmv%2Cmvi%2Cpcm2cms%2Cpl%2Cinitcwndbps/lsig/AG3C_xAwRQIgCq7jUEhBuIzvZgvn5asRBaPEPYzbHzstsS0q4ToZZZ8CIQDJ5Kdf0kSjKIRoR6cavVdLq09-aECp8HFDm6Ac4Uxydg%3D%3D", "fragment_base_url": "https://r1---sn-5njj-u2xl.googlevideo.com/videoplayback/expire/1609941104/ei/EGz1X9DyGIay4QLh_pKYBA/ip/140.109.134.180/id/9500ab0364c4f9fa/itag/134/source/youtube/requiressl/yes/mh/vp/mm/31,29/mn/sn-5njj-u2xl,sn-un57sn7s/ms/au,rdu/mv/m/mvi/1/pcm2cms/yes/pl/16/initcwndbps/521250/vprv/1/ratebypass/yes/mime/video%2Fmp4/otfp/1/gir/yes/clen/3803253/lmt/1586081234869009/dur/190.565/mt/1609919103/fvip/1/keepalive/yes/sparams/expire,ei,ip,id,itag,source,requiressl,vprv,ratebypass,mime,otfp,gir,clen,lmt,dur/sig/AOq0QJ8wRQIgCssJsM7DH51aXrPbvzA8Io7goECLJFf43Q54eLDfqtwCIQDwAwkVSc1RxMT89QXV-4NkvuA2Q1Rb0AWFEu0f9LNqLQ%3D%3D/lsparams/mh,mm,mn,ms,mv,mvi,pcm2cms,pl,initcwndbps/lsig/AG3C_xAwRgIhAOC2KdeV6XCPz207yzUl534EHuazhJCjrfvc97IAacuAAiEAsoGUBpdGpXourpxV7Y0OI8f-Rs8AiLdPivy9wBu8v_k%3D/", "fragments": [{"path": "range/0-738"}, {"path": "range/1203-108178", "duration": 5.339}, {"path": "range/108179-210948", "duration": 5.338}, {"path": "range/210949-318043", "duration": 5.339}, {"path": "range/318044-424136", "duration": 5.339}, {"path": "range/424137-533764", "duration": 5.338}, {"path": "range/533765-639503", "duration": 5.339}, {"path": "range/639504-747514", "duration": 5.339}, {"path": "range/747515-854867", "duration": 5.338}, {"path": "range/854868-967459", "duration": 5.339}, {"path": "range/967460-1074483", "duration": 5.339}, {"path": "range/1074484-1184294", "duration": 5.338}, {"path": "range/1184295-1290237", "duration": 5.339}, {"path": "range/1290238-1396162", "duration": 5.339}, {"path": "range/1396163-1502377", "duration": 5.338}, {"path": "range/1502378-1606204", "duration": 5.339}, {"path": "range/1606205-1711104", "duration": 5.339}, {"path": "range/1711105-1815183", "duration": 5.338}, {"path": "range/1815184-1918148", "duration": 5.339}, {"path": "range/1918149-2022955", "duration": 5.339}, {"path": "range/2022956-2129009", "duration": 5.338}, {"path": "range/2129010-2235825", "duration": 5.339}, {"path": "range/2235826-2343168", "duration": 5.339}, {"path": "range/2343169-2450893", "duration": 5.338}, {"path": "range/2450894-2559194", "duration": 5.339}, {"path": "range/2559195-2665431", "duration": 5.339}, {"path": "range/2665432-2774964", "duration": 5.338}, {"path": "range/2774965-2881605", "duration": 5.339}, {"path": "range/2881606-2990377", "duration": 5.339}, {"path": "range/2990378-3094661", "duration": 5.338}, {"path": "range/3094662-3202778", "duration": 5.339}, {"path": "range/3202779-3305629", "duration": 5.339}, {"path": "range/3305630-3409402", "duration": 5.338}, {"path": "range/3409403-3513418", "duration": 5.339}, {"path": "range/3513419-3621325", "duration": 5.339}, {"path": "range/3621326-3725565", "duration": 5.338}, {"path": "range/3725566-3803252", "duration": 3.712}], "protocol": "http_dash_segments", "format": "134 - 640x360 (DASH video)", "http_headers": {"User-Agent": "Mozilla/5.0 (Windows NT 10.0; Win64; x64) AppleWebKit/537.36 (KHTML, like Gecko) Chrome/72.0.3602.1 Safari/537.36", "Accept-Charset": "ISO-8859-1,utf-8;q=0.7,*;q=0.7", "Accept": "text/html,application/xhtml+xml,application/xml;q=0.9,*/*;q=0.8", "Accept-Encoding": "gzip, deflate", "Accept-Language": "en-us,en;q=0.5"}}, {"ext": "webm", "height": 240, "format_note": "DASH video", "vcodec": "vp9", "format_id": "242", "manifest_url": "https://manifest.googlevideo.com/api/manifest/dash/expire/1609941104/ei/EGz1X9DyGIay4QLh_pKYBA/ip/140.109.134.180/id/9500ab0364c4f9fa/source/youtube/requiressl/yes/playback_host/r1---sn-5njj-u2xl.googlevideo.com/mh/vp/mm/31%2C29/mn/sn-5njj-u2xl%2Csn-un57sn7s/ms/au%2Crdu/mv/m/mvi/1/pcm2cms/yes/pl/16/tx/23938784/txs/23938784%2C23938785%2C23938786/hfr/all/as/fmp4_audio_clear%2Cwebm_audio_clear%2Cwebm2_audio_clear%2Cfmp4_sd_hd_clear%2Cwebm2_sd_hd_clear/initcwndbps/521250/vprv/1/mt/1609919103/fvip/1/keepalive/yes/itag/0/sparams/expire%2Cei%2Cip%2Cid%2Csource%2Crequiressl%2Ctx%2Ctxs%2Chfr%2Cas%2Cvprv%2Citag/sig/AOq0QJ8wRQIgQAnDMeRFwCQkA9l7JtwUZVNSrBXoHlbXq3MPah8fZG0CIQDnb0HEdIvjabgb0rvCe5Qj4aEX_d8pUycHVcqLbeS6iA%3D%3D/lsparams/playback_host%2Cmh%2Cmm%2Cmn%2Cms%2Cmv%2Cmvi%2Cpcm2cms%2Cpl%2Cinitcwndbps/lsig/AG3C_xAwRQIgCq7jUEhBuIzvZgvn5asRBaPEPYzbHzstsS0q4ToZZZ8CIQDJ5Kdf0kSjKIRoR6cavVdLq09-aECp8HFDm6Ac4Uxydg%3D%3D", "width": 426, "tbr": 220.5, "asr": null, "fps": 24, "language": null, "filesize": null, "container": "webm_dash", "acodec": "none", "url": "https://manifest.googlevideo.com/api/manifest/dash/expire/1609941104/ei/EGz1X9DyGIay4QLh_pKYBA/ip/140.109.134.180/id/9500ab0364c4f9fa/source/youtube/requiressl/yes/playback_host/r1---sn-5njj-u2xl.googlevideo.com/mh/vp/mm/31%2C29/mn/sn-5njj-u2xl%2Csn-un57sn7s/ms/au%2Crdu/mv/m/mvi/1/pcm2cms/yes/pl/16/tx/23938784/txs/23938784%2C23938785%2C23938786/hfr/all/as/fmp4_audio_clear%2Cwebm_audio_clear%2Cwebm2_audio_clear%2Cfmp4_sd_hd_clear%2Cwebm2_sd_hd_clear/initcwndbps/521250/vprv/1/mt/1609919103/fvip/1/keepalive/yes/itag/0/sparams/expire%2Cei%2Cip%2Cid%2Csource%2Crequiressl%2Ctx%2Ctxs%2Chfr%2Cas%2Cvprv%2Citag/sig/AOq0QJ8wRQIgQAnDMeRFwCQkA9l7JtwUZVNSrBXoHlbXq3MPah8fZG0CIQDnb0HEdIvjabgb0rvCe5Qj4aEX_d8pUycHVcqLbeS6iA%3D%3D/lsparams/playback_host%2Cmh%2Cmm%2Cmn%2Cms%2Cmv%2Cmvi%2Cpcm2cms%2Cpl%2Cinitcwndbps/lsig/AG3C_xAwRQIgCq7jUEhBuIzvZgvn5asRBaPEPYzbHzstsS0q4ToZZZ8CIQDJ5Kdf0kSjKIRoR6cavVdLq09-aECp8HFDm6Ac4Uxydg%3D%3D", "fragment_base_url": "https://r1---sn-5njj-u2xl.googlevideo.com/videoplayback/expire/1609941104/ei/EGz1X9DyGIay4QLh_pKYBA/ip/140.109.134.180/id/9500ab0364c4f9fa/itag/242/source/yt_otf/requiressl/yes/mh/vp/mm/31,29/mn/sn-5njj-u2xl,sn-un57sn7s/ms/au,rdu/mv/m/mvi/1/pcm2cms/yes/pl/16/initcwndbps/521250/vprv/1/ratebypass/yes/mime/video%2Fwebm/otfp/1/otf/1/lmt/1586081234869009/mt/1609919103/fvip/1/keepalive/yes/sparams/expire,ei,ip,id,itag,source,requiressl,vprv,ratebypass,mime,otfp,otf,lmt/sig/AOq0QJ8wRQIhANxRbd6wIRGkUho6-kNksc7lwIlvjrS6t7-CY2SZ8_pmAiBtMc-g0J3IrhUuZMVAjj6qQTtYUOzkx73rF2ESfUKB_Q%3D%3D/lsparams/mh,mm,mn,ms,mv,mvi,pcm2cms,pl,initcwndbps/lsig/AG3C_xAwRAIge8AHE8tvmfI_pjOyacCu6EsbFvZWkUfwkkk6rjNo02QCIA9RBUAdUWvNkBfInW6XrJa74A9AK_aKBVY83cLcmOEF/", "fragments": [{"path": "sq/0"}, {"path": "sq/1/dur/5.339", "duration": 5.339}, {"path": "sq/2/dur/5.338", "duration": 5.338}, {"path": "sq/3/dur/5.339", "duration": 5.339}, {"path": "sq/4/dur/5.339", "duration": 5.339}, {"path": "sq/5/dur/5.338", "duration": 5.338}, {"path": "sq/6/dur/5.339", "duration": 5.339}, {"path": "sq/7/dur/5.339", "duration": 5.339}, {"path": "sq/8/dur/5.338", "duration": 5.338}, {"path": "sq/9/dur/5.339", "duration": 5.339}, {"path": "sq/10/dur/5.339", "duration": 5.339}, {"path": "sq/11/dur/5.338", "duration": 5.338}, {"path": "sq/12/dur/5.339", "duration": 5.339}, {"path": "sq/13/dur/5.339", "duration": 5.339}, {"path": "sq/14/dur/5.338", "duration": 5.338}, {"path": "sq/15/dur/5.339", "duration": 5.339}, {"path": "sq/16/dur/5.339", "duration": 5.339}, {"path": "sq/17/dur/5.338", "duration": 5.338}, {"path": "sq/18/dur/5.339", "duration": 5.339}, {"path": "sq/19/dur/5.339", "duration": 5.339}, {"path": "sq/20/dur/5.338", "duration": 5.338}, {"path": "sq/21/dur/5.339", "duration": 5.339}, {"path": "sq/22/dur/5.339", "duration": 5.339}, {"path": "sq/23/dur/5.338", "duration": 5.338}, {"path": "sq/24/dur/5.339", "duration": 5.339}, {"path": "sq/25/dur/5.339", "duration": 5.339}, {"path": "sq/26/dur/5.338", "duration": 5.338}, {"path": "sq/27/dur/5.339", "duration": 5.339}, {"path": "sq/28/dur/5.339", "duration": 5.339}, {"path": "sq/29/dur/5.338", "duration": 5.338}, {"path": "sq/30/dur/5.339", "duration": 5.339}, {"path": "sq/31/dur/5.339", "duration": 5.339}, {"path": "sq/32/dur/5.338", "duration": 5.338}, {"path": "sq/33/dur/5.339", "duration": 5.339}, {"path": "sq/34/dur/5.339", "duration": 5.339}, {"path": "sq/35/dur/5.338", "duration": 5.338}, {"path": "sq/36/dur/3.712", "duration": 3.712}], "protocol": "http_dash_segments", "format": "242 - 426x240 (DASH video)", "http_headers": {"User-Agent": "Mozilla/5.0 (Windows NT 10.0; Win64; x64) AppleWebKit/537.36 (KHTML, like Gecko) Chrome/72.0.3602.1 Safari/537.36", "Accept-Charset": "ISO-8859-1,utf-8;q=0.7,*;q=0.7", "Accept": "text/html,application/xhtml+xml,application/xml;q=0.9,*/*;q=0.8", "Accept-Encoding": "gzip, deflate", "Accept-Language": "en-us,en;q=0.5"}}, {"ext": "mp4", "height": 240, "format_note": "DASH video", "vcodec": "avc1.4d400c", "format_id": "133", "manifest_url": "https://manifest.googlevideo.com/api/manifest/dash/expire/1609941104/ei/EGz1X9DyGIay4QLh_pKYBA/ip/140.109.134.180/id/9500ab0364c4f9fa/source/youtube/requiressl/yes/playback_host/r1---sn-5njj-u2xl.googlevideo.com/mh/vp/mm/31%2C29/mn/sn-5njj-u2xl%2Csn-un57sn7s/ms/au%2Crdu/mv/m/mvi/1/pcm2cms/yes/pl/16/tx/23938784/txs/23938784%2C23938785%2C23938786/hfr/all/as/fmp4_audio_clear%2Cwebm_audio_clear%2Cwebm2_audio_clear%2Cfmp4_sd_hd_clear%2Cwebm2_sd_hd_clear/initcwndbps/521250/vprv/1/mt/1609919103/fvip/1/keepalive/yes/itag/0/sparams/expire%2Cei%2Cip%2Cid%2Csource%2Crequiressl%2Ctx%2Ctxs%2Chfr%2Cas%2Cvprv%2Citag/sig/AOq0QJ8wRQIgQAnDMeRFwCQkA9l7JtwUZVNSrBXoHlbXq3MPah8fZG0CIQDnb0HEdIvjabgb0rvCe5Qj4aEX_d8pUycHVcqLbeS6iA%3D%3D/lsparams/playback_host%2Cmh%2Cmm%2Cmn%2Cms%2Cmv%2Cmvi%2Cpcm2cms%2Cpl%2Cinitcwndbps/lsig/AG3C_xAwRQIgCq7jUEhBuIzvZgvn5asRBaPEPYzbHzstsS0q4ToZZZ8CIQDJ5Kdf0kSjKIRoR6cavVdLq09-aECp8HFDm6Ac4Uxydg%3D%3D", "width": 426, "tbr": 242.0, "asr": null, "fps": 24, "language": null, "filesize": null, "container": "mp4_dash", "acodec": "none", "url": "https://manifest.googlevideo.com/api/manifest/dash/expire/1609941104/ei/EGz1X9DyGIay4QLh_pKYBA/ip/140.109.134.180/id/9500ab0364c4f9fa/source/youtube/requiressl/yes/playback_host/r1---sn-5njj-u2xl.googlevideo.com/mh/vp/mm/31%2C29/mn/sn-5njj-u2xl%2Csn-un57sn7s/ms/au%2Crdu/mv/m/mvi/1/pcm2cms/yes/pl/16/tx/23938784/txs/23938784%2C23938785%2C23938786/hfr/all/as/fmp4_audio_clear%2Cwebm_audio_clear%2Cwebm2_audio_clear%2Cfmp4_sd_hd_clear%2Cwebm2_sd_hd_clear/initcwndbps/521250/vprv/1/mt/1609919103/fvip/1/keepalive/yes/itag/0/sparams/expire%2Cei%2Cip%2Cid%2Csource%2Crequiressl%2Ctx%2Ctxs%2Chfr%2Cas%2Cvprv%2Citag/sig/AOq0QJ8wRQIgQAnDMeRFwCQkA9l7JtwUZVNSrBXoHlbXq3MPah8fZG0CIQDnb0HEdIvjabgb0rvCe5Qj4aEX_d8pUycHVcqLbeS6iA%3D%3D/lsparams/playback_host%2Cmh%2Cmm%2Cmn%2Cms%2Cmv%2Cmvi%2Cpcm2cms%2Cpl%2Cinitcwndbps/lsig/AG3C_xAwRQIgCq7jUEhBuIzvZgvn5asRBaPEPYzbHzstsS0q4ToZZZ8CIQDJ5Kdf0kSjKIRoR6cavVdLq09-aECp8HFDm6Ac4Uxydg%3D%3D", "fragment_base_url": "https://r1---sn-5njj-u2xl.googlevideo.com/videoplayback/expire/1609941104/ei/EGz1X9DyGIay4QLh_pKYBA/ip/140.109.134.180/id/9500ab0364c4f9fa/itag/133/source/yt_otf/requiressl/yes/mh/vp/mm/31,29/mn/sn-5njj-u2xl,sn-un57sn7s/ms/au,rdu/mv/m/mvi/1/pcm2cms/yes/pl/16/initcwndbps/521250/vprv/1/ratebypass/yes/mime/video%2Fmp4/otfp/1/otf/1/lmt/1586081234869009/mt/1609919103/fvip/1/keepalive/yes/sparams/expire,ei,ip,id,itag,source,requiressl,vprv,ratebypass,mime,otfp,otf,lmt/sig/AOq0QJ8wRgIhAKdTYBvP9fpeVyKDs9dg-uAnHrzubrIBhvxnCVap4bErAiEAkiFltmoRwaiVOKnnXo4ChWjY5QmXEJYo9CAgyrG8r50%3D/lsparams/mh,mm,mn,ms,mv,mvi,pcm2cms,pl,initcwndbps/lsig/AG3C_xAwRgIhAP1WsUyLxkVd1CC5oMfcKj_OM8Ccw283vCv-Enejl-74AiEA4klm_lD4zvLYVhdjoyMJwzcD-kpPqBlKORWmukxp9jE%3D/", "fragments": [{"path": "sq/0"}, {"path": "sq/1/dur/5.339", "duration": 5.339}, {"path": "sq/2/dur/5.338", "duration": 5.338}, {"path": "sq/3/dur/5.339", "duration": 5.339}, {"path": "sq/4/dur/5.339", "duration": 5.339}, {"path": "sq/5/dur/5.338", "duration": 5.338}, {"path": "sq/6/dur/5.339", "duration": 5.339}, {"path": "sq/7/dur/5.339", "duration": 5.339}, {"path": "sq/8/dur/5.338", "duration": 5.338}, {"path": "sq/9/dur/5.339", "duration": 5.339}, {"path": "sq/10/dur/5.339", "duration": 5.339}, {"path": "sq/11/dur/5.338", "duration": 5.338}, {"path": "sq/12/dur/5.339", "duration": 5.339}, {"path": "sq/13/dur/5.339", "duration": 5.339}, {"path": "sq/14/dur/5.338", "duration": 5.338}, {"path": "sq/15/dur/5.339", "duration": 5.339}, {"path": "sq/16/dur/5.339", "duration": 5.339}, {"path": "sq/17/dur/5.338", "duration": 5.338}, {"path": "sq/18/dur/5.339", "duration": 5.339}, {"path": "sq/19/dur/5.339", "duration": 5.339}, {"path": "sq/20/dur/5.338", "duration": 5.338}, {"path": "sq/21/dur/5.339", "duration": 5.339}, {"path": "sq/22/dur/5.339", "duration": 5.339}, {"path": "sq/23/dur/5.338", "duration": 5.338}, {"path": "sq/24/dur/5.339", "duration": 5.339}, {"path": "sq/25/dur/5.339", "duration": 5.339}, {"path": "sq/26/dur/5.338", "duration": 5.338}, {"path": "sq/27/dur/5.339", "duration": 5.339}, {"path": "sq/28/dur/5.339", "duration": 5.339}, {"path": "sq/29/dur/5.338", "duration": 5.338}, {"path": "sq/30/dur/5.339", "duration": 5.339}, {"path": "sq/31/dur/5.339", "duration": 5.339}, {"path": "sq/32/dur/5.338", "duration": 5.338}, {"path": "sq/33/dur/5.339", "duration": 5.339}, {"path": "sq/34/dur/5.339", "duration": 5.339}, {"path": "sq/35/dur/5.338", "duration": 5.338}, {"path": "sq/36/dur/3.712", "duration": 3.712}], "protocol": "http_dash_segments", "format": "133 - 426x240 (DASH video)", "http_headers": {"User-Agent": "Mozilla/5.0 (Windows NT 10.0; Win64; x64) AppleWebKit/537.36 (KHTML, like Gecko) Chrome/72.0.3602.1 Safari/537.36", "Accept-Charset": "ISO-8859-1,utf-8;q=0.7,*;q=0.7", "Accept": "text/html,application/xhtml+xml,application/xml;q=0.9,*/*;q=0.8", "Accept-Encoding": "gzip, deflate", "Accept-Language": "en-us,en;q=0.5"}}, {"ext": "webm", "height": 360, "format_note": "DASH video", "vcodec": "vp9", "format_id": "243", "manifest_url": "https://manifest.googlevideo.com/api/manifest/dash/expire/1609941104/ei/EGz1X9DyGIay4QLh_pKYBA/ip/140.109.134.180/id/9500ab0364c4f9fa/source/youtube/requiressl/yes/playback_host/r1---sn-5njj-u2xl.googlevideo.com/mh/vp/mm/31%2C29/mn/sn-5njj-u2xl%2Csn-un57sn7s/ms/au%2Crdu/mv/m/mvi/1/pcm2cms/yes/pl/16/tx/23938784/txs/23938784%2C23938785%2C23938786/hfr/all/as/fmp4_audio_clear%2Cwebm_audio_clear%2Cwebm2_audio_clear%2Cfmp4_sd_hd_clear%2Cwebm2_sd_hd_clear/initcwndbps/521250/vprv/1/mt/1609919103/fvip/1/keepalive/yes/itag/0/sparams/expire%2Cei%2Cip%2Cid%2Csource%2Crequiressl%2Ctx%2Ctxs%2Chfr%2Cas%2Cvprv%2Citag/sig/AOq0QJ8wRQIgQAnDMeRFwCQkA9l7JtwUZVNSrBXoHlbXq3MPah8fZG0CIQDnb0HEdIvjabgb0rvCe5Qj4aEX_d8pUycHVcqLbeS6iA%3D%3D/lsparams/playback_host%2Cmh%2Cmm%2Cmn%2Cms%2Cmv%2Cmvi%2Cpcm2cms%2Cpl%2Cinitcwndbps/lsig/AG3C_xAwRQIgCq7jUEhBuIzvZgvn5asRBaPEPYzbHzstsS0q4ToZZZ8CIQDJ5Kdf0kSjKIRoR6cavVdLq09-aECp8HFDm6Ac4Uxydg%3D%3D", "width": 640, "tbr": 405.72, "asr": null, "fps": 24, "language": null, "filesize": null, "container": "webm_dash", "acodec": "none", "url": "https://manifest.googlevideo.com/api/manifest/dash/expire/1609941104/ei/EGz1X9DyGIay4QLh_pKYBA/ip/140.109.134.180/id/9500ab0364c4f9fa/source/youtube/requiressl/yes/playback_host/r1---sn-5njj-u2xl.googlevideo.com/mh/vp/mm/31%2C29/mn/sn-5njj-u2xl%2Csn-un57sn7s/ms/au%2Crdu/mv/m/mvi/1/pcm2cms/yes/pl/16/tx/23938784/txs/23938784%2C23938785%2C23938786/hfr/all/as/fmp4_audio_clear%2Cwebm_audio_clear%2Cwebm2_audio_clear%2Cfmp4_sd_hd_clear%2Cwebm2_sd_hd_clear/initcwndbps/521250/vprv/1/mt/1609919103/fvip/1/keepalive/yes/itag/0/sparams/expire%2Cei%2Cip%2Cid%2Csource%2Crequiressl%2Ctx%2Ctxs%2Chfr%2Cas%2Cvprv%2Citag/sig/AOq0QJ8wRQIgQAnDMeRFwCQkA9l7JtwUZVNSrBXoHlbXq3MPah8fZG0CIQDnb0HEdIvjabgb0rvCe5Qj4aEX_d8pUycHVcqLbeS6iA%3D%3D/lsparams/playback_host%2Cmh%2Cmm%2Cmn%2Cms%2Cmv%2Cmvi%2Cpcm2cms%2Cpl%2Cinitcwndbps/lsig/AG3C_xAwRQIgCq7jUEhBuIzvZgvn5asRBaPEPYzbHzstsS0q4ToZZZ8CIQDJ5Kdf0kSjKIRoR6cavVdLq09-aECp8HFDm6Ac4Uxydg%3D%3D", "fragment_base_url": "https://r1---sn-5njj-u2xl.googlevideo.com/videoplayback/expire/1609941104/ei/EGz1X9DyGIay4QLh_pKYBA/ip/140.109.134.180/id/9500ab0364c4f9fa/itag/243/source/yt_otf/requiressl/yes/mh/vp/mm/31,29/mn/sn-5njj-u2xl,sn-un57sn7s/ms/au,rdu/mv/m/mvi/1/pcm2cms/yes/pl/16/initcwndbps/521250/vprv/1/ratebypass/yes/mime/video%2Fwebm/otfp/1/otf/1/lmt/1586081234869009/mt/1609919103/fvip/1/keepalive/yes/sparams/expire,ei,ip,id,itag,source,requiressl,vprv,ratebypass,mime,otfp,otf,lmt/sig/AOq0QJ8wRQIgE8pHI3PmY5SuYFE9weJRsV3JhiNpFZw5pOOiEbVVYzECIQDdd109NQGOkSpXszoEEliPdOKLm0E2nZzz5naHQkdObg%3D%3D/lsparams/mh,mm,mn,ms,mv,mvi,pcm2cms,pl,initcwndbps/lsig/AG3C_xAwRQIhAM39g2memCc8ARmzUEfyIog2COe1ASD2isVENd6X783NAiAG_kRYUm0C6yCRiA11zCFIXqiQQmtX2A373jEIcnHr8A%3D%3D/", "fragments": [{"path": "sq/0"}, {"path": "sq/1/dur/5.339", "duration": 5.339}, {"path": "sq/2/dur/5.338", "duration": 5.338}, {"path": "sq/3/dur/5.339", "duration": 5.339}, {"path": "sq/4/dur/5.339", "duration": 5.339}, {"path": "sq/5/dur/5.338", "duration": 5.338}, {"path": "sq/6/dur/5.339", "duration": 5.339}, {"path": "sq/7/dur/5.339", "duration": 5.339}, {"path": "sq/8/dur/5.338", "duration": 5.338}, {"path": "sq/9/dur/5.339", "duration": 5.339}, {"path": "sq/10/dur/5.339", "duration": 5.339}, {"path": "sq/11/dur/5.338", "duration": 5.338}, {"path": "sq/12/dur/5.339", "duration": 5.339}, {"path": "sq/13/dur/5.339", "duration": 5.339}, {"path": "sq/14/dur/5.338", "duration": 5.338}, {"path": "sq/15/dur/5.339", "duration": 5.339}, {"path": "sq/16/dur/5.339", "duration": 5.339}, {"path": "sq/17/dur/5.338", "duration": 5.338}, {"path": "sq/18/dur/5.339", "duration": 5.339}, {"path": "sq/19/dur/5.339", "duration": 5.339}, {"path": "sq/20/dur/5.338", "duration": 5.338}, {"path": "sq/21/dur/5.339", "duration": 5.339}, {"path": "sq/22/dur/5.339", "duration": 5.339}, {"path": "sq/23/dur/5.338", "duration": 5.338}, {"path": "sq/24/dur/5.339", "duration": 5.339}, {"path": "sq/25/dur/5.339", "duration": 5.339}, {"path": "sq/26/dur/5.338", "duration": 5.338}, {"path": "sq/27/dur/5.339", "duration": 5.339}, {"path": "sq/28/dur/5.339", "duration": 5.339}, {"path": "sq/29/dur/5.338", "duration": 5.338}, {"path": "sq/30/dur/5.339", "duration": 5.339}, {"path": "sq/31/dur/5.339", "duration": 5.339}, {"path": "sq/32/dur/5.338", "duration": 5.338}, {"path": "sq/33/dur/5.339", "duration": 5.339}, {"path": "sq/34/dur/5.339", "duration": 5.339}, {"path": "sq/35/dur/5.338", "duration": 5.338}, {"path": "sq/36/dur/3.712", "duration": 3.712}], "protocol": "http_dash_segments", "format": "243 - 640x360 (DASH video)", "http_headers": {"User-Agent": "Mozilla/5.0 (Windows NT 10.0; Win64; x64) AppleWebKit/537.36 (KHTML, like Gecko) Chrome/72.0.3602.1 Safari/537.36", "Accept-Charset": "ISO-8859-1,utf-8;q=0.7,*;q=0.7", "Accept": "text/html,application/xhtml+xml,application/xml;q=0.9,*/*;q=0.8", "Accept-Encoding": "gzip, deflate", "Accept-Language": "en-us,en;q=0.5"}}, {"ext": "webm", "height": 480, "format_note": "DASH video", "vcodec": "vp9", "format_id": "244", "manifest_url": "https://manifest.googlevideo.com/api/manifest/dash/expire/1609941104/ei/EGz1X9DyGIay4QLh_pKYBA/ip/140.109.134.180/id/9500ab0364c4f9fa/source/youtube/requiressl/yes/playback_host/r1---sn-5njj-u2xl.googlevideo.com/mh/vp/mm/31%2C29/mn/sn-5njj-u2xl%2Csn-un57sn7s/ms/au%2Crdu/mv/m/mvi/1/pcm2cms/yes/pl/16/tx/23938784/txs/23938784%2C23938785%2C23938786/hfr/all/as/fmp4_audio_clear%2Cwebm_audio_clear%2Cwebm2_audio_clear%2Cfmp4_sd_hd_clear%2Cwebm2_sd_hd_clear/initcwndbps/521250/vprv/1/mt/1609919103/fvip/1/keepalive/yes/itag/0/sparams/expire%2Cei%2Cip%2Cid%2Csource%2Crequiressl%2Ctx%2Ctxs%2Chfr%2Cas%2Cvprv%2Citag/sig/AOq0QJ8wRQIgQAnDMeRFwCQkA9l7JtwUZVNSrBXoHlbXq3MPah8fZG0CIQDnb0HEdIvjabgb0rvCe5Qj4aEX_d8pUycHVcqLbeS6iA%3D%3D/lsparams/playback_host%2Cmh%2Cmm%2Cmn%2Cms%2Cmv%2Cmvi%2Cpcm2cms%2Cpl%2Cinitcwndbps/lsig/AG3C_xAwRQIgCq7jUEhBuIzvZgvn5asRBaPEPYzbHzstsS0q4ToZZZ8CIQDJ5Kdf0kSjKIRoR6cavVdLq09-aECp8HFDm6Ac4Uxydg%3D%3D", "width": 854, "tbr": 752.64, "asr": null, "fps": 24, "language": null, "filesize": null, "container": "webm_dash", "acodec": "none", "url": "https://manifest.googlevideo.com/api/manifest/dash/expire/1609941104/ei/EGz1X9DyGIay4QLh_pKYBA/ip/140.109.134.180/id/9500ab0364c4f9fa/source/youtube/requiressl/yes/playback_host/r1---sn-5njj-u2xl.googlevideo.com/mh/vp/mm/31%2C29/mn/sn-5njj-u2xl%2Csn-un57sn7s/ms/au%2Crdu/mv/m/mvi/1/pcm2cms/yes/pl/16/tx/23938784/txs/23938784%2C23938785%2C23938786/hfr/all/as/fmp4_audio_clear%2Cwebm_audio_clear%2Cwebm2_audio_clear%2Cfmp4_sd_hd_clear%2Cwebm2_sd_hd_clear/initcwndbps/521250/vprv/1/mt/1609919103/fvip/1/keepalive/yes/itag/0/sparams/expire%2Cei%2Cip%2Cid%2Csource%2Crequiressl%2Ctx%2Ctxs%2Chfr%2Cas%2Cvprv%2Citag/sig/AOq0QJ8wRQIgQAnDMeRFwCQkA9l7JtwUZVNSrBXoHlbXq3MPah8fZG0CIQDnb0HEdIvjabgb0rvCe5Qj4aEX_d8pUycHVcqLbeS6iA%3D%3D/lsparams/playback_host%2Cmh%2Cmm%2Cmn%2Cms%2Cmv%2Cmvi%2Cpcm2cms%2Cpl%2Cinitcwndbps/lsig/AG3C_xAwRQIgCq7jUEhBuIzvZgvn5asRBaPEPYzbHzstsS0q4ToZZZ8CIQDJ5Kdf0kSjKIRoR6cavVdLq09-aECp8HFDm6Ac4Uxydg%3D%3D", "fragment_base_url": "https://r1---sn-5njj-u2xl.googlevideo.com/videoplayback/expire/1609941104/ei/EGz1X9DyGIay4QLh_pKYBA/ip/140.109.134.180/id/9500ab0364c4f9fa/itag/244/source/yt_otf/requiressl/yes/mh/vp/mm/31,29/mn/sn-5njj-u2xl,sn-un57sn7s/ms/au,rdu/mv/m/mvi/1/pcm2cms/yes/pl/16/initcwndbps/521250/vprv/1/ratebypass/yes/mime/video%2Fwebm/otfp/1/otf/1/lmt/1586081234869009/mt/1609919103/fvip/1/keepalive/yes/sparams/expire,ei,ip,id,itag,source,requiressl,vprv,ratebypass,mime,otfp,otf,lmt/sig/AOq0QJ8wRAIgMYLUemOgZpjPBx2XeuFtQsxCFdxs91BxcoCY3tjJkngCIGbJtXEcLifYS0Sc7Xeg7E4f7rTW9uN7ItTeoAMLDDQ7/lsparams/mh,mm,mn,ms,mv,mvi,pcm2cms,pl,initcwndbps/lsig/AG3C_xAwRQIgH-760vqZ8Un2mmzLigLdvT3q4bgZ-WwGbXNrwmtRbNMCIQCzXFo60RhUZpyd5akgl9nHWmGiT56v-UCtusjPpyuSig%3D%3D/", "fragments": [{"path": "sq/0"}, {"path": "sq/1/dur/5.339", "duration": 5.339}, {"path": "sq/2/dur/5.338", "duration": 5.338}, {"path": "sq/3/dur/5.339", "duration": 5.339}, {"path": "sq/4/dur/5.339", "duration": 5.339}, {"path": "sq/5/dur/5.338", "duration": 5.338}, {"path": "sq/6/dur/5.339", "duration": 5.339}, {"path": "sq/7/dur/5.339", "duration": 5.339}, {"path": "sq/8/dur/5.338", "duration": 5.338}, {"path": "sq/9/dur/5.339", "duration": 5.339}, {"path": "sq/10/dur/5.339", "duration": 5.339}, {"path": "sq/11/dur/5.338", "duration": 5.338}, {"path": "sq/12/dur/5.339", "duration": 5.339}, {"path": "sq/13/dur/5.339", "duration": 5.339}, {"path": "sq/14/dur/5.338", "duration": 5.338}, {"path": "sq/15/dur/5.339", "duration": 5.339}, {"path": "sq/16/dur/5.339", "duration": 5.339}, {"path": "sq/17/dur/5.338", "duration": 5.338}, {"path": "sq/18/dur/5.339", "duration": 5.339}, {"path": "sq/19/dur/5.339", "duration": 5.339}, {"path": "sq/20/dur/5.338", "duration": 5.338}, {"path": "sq/21/dur/5.339", "duration": 5.339}, {"path": "sq/22/dur/5.339", "duration": 5.339}, {"path": "sq/23/dur/5.338", "duration": 5.338}, {"path": "sq/24/dur/5.339", "duration": 5.339}, {"path": "sq/25/dur/5.339", "duration": 5.339}, {"path": "sq/26/dur/5.338", "duration": 5.338}, {"path": "sq/27/dur/5.339", "duration": 5.339}, {"path": "sq/28/dur/5.339", "duration": 5.339}, {"path": "sq/29/dur/5.338", "duration": 5.338}, {"path": "sq/30/dur/5.339", "duration": 5.339}, {"path": "sq/31/dur/5.339", "duration": 5.339}, {"path": "sq/32/dur/5.338", "duration": 5.338}, {"path": "sq/33/dur/5.339", "duration": 5.339}, {"path": "sq/34/dur/5.339", "duration": 5.339}, {"path": "sq/35/dur/5.338", "duration": 5.338}, {"path": "sq/36/dur/3.712", "duration": 3.712}], "protocol": "http_dash_segments", "format": "244 - 854x480 (DASH video)", "http_headers": {"User-Agent": "Mozilla/5.0 (Windows NT 10.0; Win64; x64) AppleWebKit/537.36 (KHTML, like Gecko) Chrome/72.0.3602.1 Safari/537.36", "Accept-Charset": "ISO-8859-1,utf-8;q=0.7,*;q=0.7", "Accept": "text/html,application/xhtml+xml,application/xml;q=0.9,*/*;q=0.8", "Accept-Encoding": "gzip, deflate", "Accept-Language": "en-us,en;q=0.5"}}, {"ext": "mp4", "height": 480, "format_note": "DASH video", "vcodec": "avc1.4d4014", "format_id": "135", "manifest_url": "https://manifest.googlevideo.com/api/manifest/dash/expire/1609941104/ei/EGz1X9DyGIay4QLh_pKYBA/ip/140.109.134.180/id/9500ab0364c4f9fa/source/youtube/requiressl/yes/playback_host/r1---sn-5njj-u2xl.googlevideo.com/mh/vp/mm/31%2C29/mn/sn-5njj-u2xl%2Csn-un57sn7s/ms/au%2Crdu/mv/m/mvi/1/pcm2cms/yes/pl/16/tx/23938784/txs/23938784%2C23938785%2C23938786/hfr/all/as/fmp4_audio_clear%2Cwebm_audio_clear%2Cwebm2_audio_clear%2Cfmp4_sd_hd_clear%2Cwebm2_sd_hd_clear/initcwndbps/521250/vprv/1/mt/1609919103/fvip/1/keepalive/yes/itag/0/sparams/expire%2Cei%2Cip%2Cid%2Csource%2Crequiressl%2Ctx%2Ctxs%2Chfr%2Cas%2Cvprv%2Citag/sig/AOq0QJ8wRQIgQAnDMeRFwCQkA9l7JtwUZVNSrBXoHlbXq3MPah8fZG0CIQDnb0HEdIvjabgb0rvCe5Qj4aEX_d8pUycHVcqLbeS6iA%3D%3D/lsparams/playback_host%2Cmh%2Cmm%2Cmn%2Cms%2Cmv%2Cmvi%2Cpcm2cms%2Cpl%2Cinitcwndbps/lsig/AG3C_xAwRQIgCq7jUEhBuIzvZgvn5asRBaPEPYzbHzstsS0q4ToZZZ8CIQDJ5Kdf0kSjKIRoR6cavVdLq09-aECp8HFDm6Ac4Uxydg%3D%3D", "width": 854, "tbr": 1155.0, "asr": null, "fps": 24, "language": null, "filesize": null, "container": "mp4_dash", "acodec": "none", "url": "https://manifest.googlevideo.com/api/manifest/dash/expire/1609941104/ei/EGz1X9DyGIay4QLh_pKYBA/ip/140.109.134.180/id/9500ab0364c4f9fa/source/youtube/requiressl/yes/playback_host/r1---sn-5njj-u2xl.googlevideo.com/mh/vp/mm/31%2C29/mn/sn-5njj-u2xl%2Csn-un57sn7s/ms/au%2Crdu/mv/m/mvi/1/pcm2cms/yes/pl/16/tx/23938784/txs/23938784%2C23938785%2C23938786/hfr/all/as/fmp4_audio_clear%2Cwebm_audio_clear%2Cwebm2_audio_clear%2Cfmp4_sd_hd_clear%2Cwebm2_sd_hd_clear/initcwndbps/521250/vprv/1/mt/1609919103/fvip/1/keepalive/yes/itag/0/sparams/expire%2Cei%2Cip%2Cid%2Csource%2Crequiressl%2Ctx%2Ctxs%2Chfr%2Cas%2Cvprv%2Citag/sig/AOq0QJ8wRQIgQAnDMeRFwCQkA9l7JtwUZVNSrBXoHlbXq3MPah8fZG0CIQDnb0HEdIvjabgb0rvCe5Qj4aEX_d8pUycHVcqLbeS6iA%3D%3D/lsparams/playback_host%2Cmh%2Cmm%2Cmn%2Cms%2Cmv%2Cmvi%2Cpcm2cms%2Cpl%2Cinitcwndbps/lsig/AG3C_xAwRQIgCq7jUEhBuIzvZgvn5asRBaPEPYzbHzstsS0q4ToZZZ8CIQDJ5Kdf0kSjKIRoR6cavVdLq09-aECp8HFDm6Ac4Uxydg%3D%3D", "fragment_base_url": "https://r1---sn-5njj-u2xl.googlevideo.com/videoplayback/expire/1609941104/ei/EGz1X9DyGIay4QLh_pKYBA/ip/140.109.134.180/id/9500ab0364c4f9fa/itag/135/source/yt_otf/requiressl/yes/mh/vp/mm/31,29/mn/sn-5njj-u2xl,sn-un57sn7s/ms/au,rdu/mv/m/mvi/1/pcm2cms/yes/pl/16/initcwndbps/521250/vprv/1/ratebypass/yes/mime/video%2Fmp4/otfp/1/otf/1/lmt/1586081234869009/mt/1609919103/fvip/1/keepalive/yes/sparams/expire,ei,ip,id,itag,source,requiressl,vprv,ratebypass,mime,otfp,otf,lmt/sig/AOq0QJ8wRgIhALVqoTpe10BxA882O7Qr9oIU9eRpBDfeavTfT6RuUgO7AiEA64oqAz0FYYX3JqgTpV5ZFuj6vXiycaUZURlT549USiE%3D/lsparams/mh,mm,mn,ms,mv,mvi,pcm2cms,pl,initcwndbps/lsig/AG3C_xAwRAIgCboTiZp-r5aw52uoZq7DuSbB6_WesCp3HRseEWZH5A0CIBa_WFXprYyo8d0QTazLrnQ9m4G-7ZC4awBPFp2lIoTq/", "fragments": [{"path": "sq/0"}, {"path": "sq/1/dur/5.339", "duration": 5.339}, {"path": "sq/2/dur/5.338", "duration": 5.338}, {"path": "sq/3/dur/5.339", "duration": 5.339}, {"path": "sq/4/dur/5.339", "duration": 5.339}, {"path": "sq/5/dur/5.338", "duration": 5.338}, {"path": "sq/6/dur/5.339", "duration": 5.339}, {"path": "sq/7/dur/5.339", "duration": 5.339}, {"path": "sq/8/dur/5.338", "duration": 5.338}, {"path": "sq/9/dur/5.339", "duration": 5.339}, {"path": "sq/10/dur/5.339", "duration": 5.339}, {"path": "sq/11/dur/5.338", "duration": 5.338}, {"path": "sq/12/dur/5.339", "duration": 5.339}, {"path": "sq/13/dur/5.339", "duration": 5.339}, {"path": "sq/14/dur/5.338", "duration": 5.338}, {"path": "sq/15/dur/5.339", "duration": 5.339}, {"path": "sq/16/dur/5.339", "duration": 5.339}, {"path": "sq/17/dur/5.338", "duration": 5.338}, {"path": "sq/18/dur/5.339", "duration": 5.339}, {"path": "sq/19/dur/5.339", "duration": 5.339}, {"path": "sq/20/dur/5.338", "duration": 5.338}, {"path": "sq/21/dur/5.339", "duration": 5.339}, {"path": "sq/22/dur/5.339", "duration": 5.339}, {"path": "sq/23/dur/5.338", "duration": 5.338}, {"path": "sq/24/dur/5.339", "duration": 5.339}, {"path": "sq/25/dur/5.339", "duration": 5.339}, {"path": "sq/26/dur/5.338", "duration": 5.338}, {"path": "sq/27/dur/5.339", "duration": 5.339}, {"path": "sq/28/dur/5.339", "duration": 5.339}, {"path": "sq/29/dur/5.338", "duration": 5.338}, {"path": "sq/30/dur/5.339", "duration": 5.339}, {"path": "sq/31/dur/5.339", "duration": 5.339}, {"path": "sq/32/dur/5.338", "duration": 5.338}, {"path": "sq/33/dur/5.339", "duration": 5.339}, {"path": "sq/34/dur/5.339", "duration": 5.339}, {"path": "sq/35/dur/5.338", "duration": 5.338}, {"path": "sq/36/dur/3.712", "duration": 3.712}], "protocol": "http_dash_segments", "format": "135 - 854x480 (DASH video)", "http_headers": {"User-Agent": "Mozilla/5.0 (Windows NT 10.0; Win64; x64) AppleWebKit/537.36 (KHTML, like Gecko) Chrome/72.0.3602.1 Safari/537.36", "Accept-Charset": "ISO-8859-1,utf-8;q=0.7,*;q=0.7", "Accept": "text/html,application/xhtml+xml,application/xml;q=0.9,*/*;q=0.8", "Accept-Encoding": "gzip, deflate", "Accept-Language": "en-us,en;q=0.5"}}, {"ext": "mp4", "height": 1080, "format_note": "DASH video", "vcodec": "avc1.640028", "format_id": "137", "manifest_url": "https://manifest.googlevideo.com/api/manifest/dash/expire/1609941104/ei/EGz1X9DyGIay4QLh_pKYBA/ip/140.109.134.180/id/9500ab0364c4f9fa/source/youtube/requiressl/yes/playback_host/r1---sn-5njj-u2xl.googlevideo.com/mh/vp/mm/31%2C29/mn/sn-5njj-u2xl%2Csn-un57sn7s/ms/au%2Crdu/mv/m/mvi/1/pcm2cms/yes/pl/16/tx/23938784/txs/23938784%2C23938785%2C23938786/hfr/all/as/fmp4_audio_clear%2Cwebm_audio_clear%2Cwebm2_audio_clear%2Cfmp4_sd_hd_clear%2Cwebm2_sd_hd_clear/initcwndbps/521250/vprv/1/mt/1609919103/fvip/1/keepalive/yes/itag/0/sparams/expire%2Cei%2Cip%2Cid%2Csource%2Crequiressl%2Ctx%2Ctxs%2Chfr%2Cas%2Cvprv%2Citag/sig/AOq0QJ8wRQIgQAnDMeRFwCQkA9l7JtwUZVNSrBXoHlbXq3MPah8fZG0CIQDnb0HEdIvjabgb0rvCe5Qj4aEX_d8pUycHVcqLbeS6iA%3D%3D/lsparams/playback_host%2Cmh%2Cmm%2Cmn%2Cms%2Cmv%2Cmvi%2Cpcm2cms%2Cpl%2Cinitcwndbps/lsig/AG3C_xAwRQIgCq7jUEhBuIzvZgvn5asRBaPEPYzbHzstsS0q4ToZZZ8CIQDJ5Kdf0kSjKIRoR6cavVdLq09-aECp8HFDm6Ac4Uxydg%3D%3D", "width": 1920, "tbr": 1426.938, "asr": null, "fps": 24, "language": null, "filesize": null, "container": "mp4_dash", "acodec": "none", "url": "https://manifest.googlevideo.com/api/manifest/dash/expire/1609941104/ei/EGz1X9DyGIay4QLh_pKYBA/ip/140.109.134.180/id/9500ab0364c4f9fa/source/youtube/requiressl/yes/playback_host/r1---sn-5njj-u2xl.googlevideo.com/mh/vp/mm/31%2C29/mn/sn-5njj-u2xl%2Csn-un57sn7s/ms/au%2Crdu/mv/m/mvi/1/pcm2cms/yes/pl/16/tx/23938784/txs/23938784%2C23938785%2C23938786/hfr/all/as/fmp4_audio_clear%2Cwebm_audio_clear%2Cwebm2_audio_clear%2Cfmp4_sd_hd_clear%2Cwebm2_sd_hd_clear/initcwndbps/521250/vprv/1/mt/1609919103/fvip/1/keepalive/yes/itag/0/sparams/expire%2Cei%2Cip%2Cid%2Csource%2Crequiressl%2Ctx%2Ctxs%2Chfr%2Cas%2Cvprv%2Citag/sig/AOq0QJ8wRQIgQAnDMeRFwCQkA9l7JtwUZVNSrBXoHlbXq3MPah8fZG0CIQDnb0HEdIvjabgb0rvCe5Qj4aEX_d8pUycHVcqLbeS6iA%3D%3D/lsparams/playback_host%2Cmh%2Cmm%2Cmn%2Cms%2Cmv%2Cmvi%2Cpcm2cms%2Cpl%2Cinitcwndbps/lsig/AG3C_xAwRQIgCq7jUEhBuIzvZgvn5asRBaPEPYzbHzstsS0q4ToZZZ8CIQDJ5Kdf0kSjKIRoR6cavVdLq09-aECp8HFDm6Ac4Uxydg%3D%3D", "fragment_base_url": "https://r1---sn-5njj-u2xl.googlevideo.com/videoplayback/expire/1609941104/ei/EGz1X9DyGIay4QLh_pKYBA/ip/140.109.134.180/id/9500ab0364c4f9fa/itag/137/source/youtube/requiressl/yes/mh/vp/mm/31,29/mn/sn-5njj-u2xl,sn-un57sn7s/ms/au,rdu/mv/m/mvi/1/pcm2cms/yes/pl/16/initcwndbps/521250/vprv/1/ratebypass/yes/mime/video%2Fmp4/otfp/1/gir/yes/clen/31981068/lmt/1586081234869009/dur/190.565/mt/1609919103/fvip/1/keepalive/yes/sparams/expire,ei,ip,id,itag,source,requiressl,vprv,ratebypass,mime,otfp,gir,clen,lmt,dur/sig/AOq0QJ8wRQIgFH6bVGHokUEr4i28Nd1aqSvW24zFpphuVjkPTNw5-jgCIQCNFK553z6GAiiflps2I3eDyDBdr8ta4RGQsZKFZj45wA%3D%3D/lsparams/mh,mm,mn,ms,mv,mvi,pcm2cms,pl,initcwndbps/lsig/AG3C_xAwRQIgJyeuPEC0vpTsy_RUb55TzNfjn6sUZ0RaXN3V5P_qMFMCIQChJE78tIFk5pDAr_HjhHTYkdGsdjwjihEMAUBOt5XRug%3D%3D/", "fragments": [{"path": "range/0-740"}, {"path": "range/1205-842312", "duration": 5.339}, {"path": "range/842313-1703332", "duration": 5.338}, {"path": "range/1703333-2574120", "duration": 5.339}, {"path": "range/2574121-3419328", "duration": 5.339}, {"path": "range/3419329-4302244", "duration": 5.338}, {"path": "range/4302245-5222176", "duration": 5.339}, {"path": "range/5222177-6166113", "duration": 5.339}, {"path": "range/6166114-7091881", "duration": 5.338}, {"path": "range/7091882-8040478", "duration": 5.339}, {"path": "range/8040479-8978308", "duration": 5.339}, {"path": "range/8978309-9923021", "duration": 5.338}, {"path": "range/9923022-10866717", "duration": 5.339}, {"path": "range/10866718-11784274", "duration": 5.339}, {"path": "range/11784275-12666304", "duration": 5.338}, {"path": "range/12666305-13541610", "duration": 5.339}, {"path": "range/13541611-14414422", "duration": 5.339}, {"path": "range/14414423-15275967", "duration": 5.338}, {"path": "range/15275968-16149447", "duration": 5.339}, {"path": "range/16149448-16990689", "duration": 5.339}, {"path": "range/16990690-17888321", "duration": 5.338}, {"path": "range/17888322-18781369", "duration": 5.339}, {"path": "range/18781370-19712947", "duration": 5.339}, {"path": "range/19712948-20650618", "duration": 5.338}, {"path": "range/20650619-21595176", "duration": 5.339}, {"path": "range/21595177-22513300", "duration": 5.339}, {"path": "range/22513301-23465603", "duration": 5.338}, {"path": "range/23465604-24367722", "duration": 5.339}, {"path": "range/24367723-25301462", "duration": 5.339}, {"path": "range/25301463-26139834", "duration": 5.338}, {"path": "range/26139835-26993240", "duration": 5.339}, {"path": "range/26993241-27852648", "duration": 5.339}, {"path": "range/27852649-28730230", "duration": 5.338}, {"path": "range/28730231-29610580", "duration": 5.339}, {"path": "range/29610581-30479345", "duration": 5.339}, {"path": "range/30479346-31355249", "duration": 5.338}, {"path": "range/31355250-31981067", "duration": 3.712}], "protocol": "http_dash_segments", "format": "137 - 1920x1080 (DASH video)", "http_headers": {"User-Agent": "Mozilla/5.0 (Windows NT 10.0; Win64; x64) AppleWebKit/537.36 (KHTML, like Gecko) Chrome/72.0.3602.1 Safari/537.36", "Accept-Charset": "ISO-8859-1,utf-8;q=0.7,*;q=0.7", "Accept": "text/html,application/xhtml+xml,application/xml;q=0.9,*/*;q=0.8", "Accept-Encoding": "gzip, deflate", "Accept-Language": "en-us,en;q=0.5"}}, {"ext": "webm", "height": 720, "format_note": "DASH video", "vcodec": "vp9", "format_id": "247", "manifest_url": "https://manifest.googlevideo.com/api/manifest/dash/expire/1609941104/ei/EGz1X9DyGIay4QLh_pKYBA/ip/140.109.134.180/id/9500ab0364c4f9fa/source/youtube/requiressl/yes/playback_host/r1---sn-5njj-u2xl.googlevideo.com/mh/vp/mm/31%2C29/mn/sn-5njj-u2xl%2Csn-un57sn7s/ms/au%2Crdu/mv/m/mvi/1/pcm2cms/yes/pl/16/tx/23938784/txs/23938784%2C23938785%2C23938786/hfr/all/as/fmp4_audio_clear%2Cwebm_audio_clear%2Cwebm2_audio_clear%2Cfmp4_sd_hd_clear%2Cwebm2_sd_hd_clear/initcwndbps/521250/vprv/1/mt/1609919103/fvip/1/keepalive/yes/itag/0/sparams/expire%2Cei%2Cip%2Cid%2Csource%2Crequiressl%2Ctx%2Ctxs%2Chfr%2Cas%2Cvprv%2Citag/sig/AOq0QJ8wRQIgQAnDMeRFwCQkA9l7JtwUZVNSrBXoHlbXq3MPah8fZG0CIQDnb0HEdIvjabgb0rvCe5Qj4aEX_d8pUycHVcqLbeS6iA%3D%3D/lsparams/playback_host%2Cmh%2Cmm%2Cmn%2Cms%2Cmv%2Cmvi%2Cpcm2cms%2Cpl%2Cinitcwndbps/lsig/AG3C_xAwRQIgCq7jUEhBuIzvZgvn5asRBaPEPYzbHzstsS0q4ToZZZ8CIQDJ5Kdf0kSjKIRoR6cavVdLq09-aECp8HFDm6Ac4Uxydg%3D%3D", "width": 1280, "tbr": 1505.28, "asr": null, "fps": 24, "language": null, "filesize": null, "container": "webm_dash", "acodec": "none", "url": "https://manifest.googlevideo.com/api/manifest/dash/expire/1609941104/ei/EGz1X9DyGIay4QLh_pKYBA/ip/140.109.134.180/id/9500ab0364c4f9fa/source/youtube/requiressl/yes/playback_host/r1---sn-5njj-u2xl.googlevideo.com/mh/vp/mm/31%2C29/mn/sn-5njj-u2xl%2Csn-un57sn7s/ms/au%2Crdu/mv/m/mvi/1/pcm2cms/yes/pl/16/tx/23938784/txs/23938784%2C23938785%2C23938786/hfr/all/as/fmp4_audio_clear%2Cwebm_audio_clear%2Cwebm2_audio_clear%2Cfmp4_sd_hd_clear%2Cwebm2_sd_hd_clear/initcwndbps/521250/vprv/1/mt/1609919103/fvip/1/keepalive/yes/itag/0/sparams/expire%2Cei%2Cip%2Cid%2Csource%2Crequiressl%2Ctx%2Ctxs%2Chfr%2Cas%2Cvprv%2Citag/sig/AOq0QJ8wRQIgQAnDMeRFwCQkA9l7JtwUZVNSrBXoHlbXq3MPah8fZG0CIQDnb0HEdIvjabgb0rvCe5Qj4aEX_d8pUycHVcqLbeS6iA%3D%3D/lsparams/playback_host%2Cmh%2Cmm%2Cmn%2Cms%2Cmv%2Cmvi%2Cpcm2cms%2Cpl%2Cinitcwndbps/lsig/AG3C_xAwRQIgCq7jUEhBuIzvZgvn5asRBaPEPYzbHzstsS0q4ToZZZ8CIQDJ5Kdf0kSjKIRoR6cavVdLq09-aECp8HFDm6Ac4Uxydg%3D%3D", "fragment_base_url": "https://r1---sn-5njj-u2xl.googlevideo.com/videoplayback/expire/1609941104/ei/EGz1X9DyGIay4QLh_pKYBA/ip/140.109.134.180/id/9500ab0364c4f9fa/itag/247/source/yt_otf/requiressl/yes/mh/vp/mm/31,29/mn/sn-5njj-u2xl,sn-un57sn7s/ms/au,rdu/mv/m/mvi/1/pcm2cms/yes/pl/16/initcwndbps/521250/vprv/1/ratebypass/yes/mime/video%2Fwebm/otfp/1/otf/1/lmt/1586081234869009/mt/1609919103/fvip/1/keepalive/yes/sparams/expire,ei,ip,id,itag,source,requiressl,vprv,ratebypass,mime,otfp,otf,lmt/sig/AOq0QJ8wRQIhAJgefuGJnuKU-SSIchAhcTlhnQM0mso5P1LQxelg_4vEAiAEJI7ysNNld-gR-PD0MSC1R4PzOqo2EhmFYC8DDZ5GkQ%3D%3D/lsparams/mh,mm,mn,ms,mv,mvi,pcm2cms,pl,initcwndbps/lsig/AG3C_xAwRgIhALyLgp4xKN5JyQJxIfHdbPNGc3tgHB8aY6BYakSkl9_YAiEAgc-cXHQRTvPgzymyIVVGQAKYzwJoVUMUPsuNZJOAMqw%3D/", "fragments": [{"path": "sq/0"}, {"path": "sq/1/dur/5.339", "duration": 5.339}, {"path": "sq/2/dur/5.338", "duration": 5.338}, {"path": "sq/3/dur/5.339", "duration": 5.339}, {"path": "sq/4/dur/5.339", "duration": 5.339}, {"path": "sq/5/dur/5.338", "duration": 5.338}, {"path": "sq/6/dur/5.339", "duration": 5.339}, {"path": "sq/7/dur/5.339", "duration": 5.339}, {"path": "sq/8/dur/5.338", "duration": 5.338}, {"path": "sq/9/dur/5.339", "duration": 5.339}, {"path": "sq/10/dur/5.339", "duration": 5.339}, {"path": "sq/11/dur/5.338", "duration": 5.338}, {"path": "sq/12/dur/5.339", "duration": 5.339}, {"path": "sq/13/dur/5.339", "duration": 5.339}, {"path": "sq/14/dur/5.338", "duration": 5.338}, {"path": "sq/15/dur/5.339", "duration": 5.339}, {"path": "sq/16/dur/5.339", "duration": 5.339}, {"path": "sq/17/dur/5.338", "duration": 5.338}, {"path": "sq/18/dur/5.339", "duration": 5.339}, {"path": "sq/19/dur/5.339", "duration": 5.339}, {"path": "sq/20/dur/5.338", "duration": 5.338}, {"path": "sq/21/dur/5.339", "duration": 5.339}, {"path": "sq/22/dur/5.339", "duration": 5.339}, {"path": "sq/23/dur/5.338", "duration": 5.338}, {"path": "sq/24/dur/5.339", "duration": 5.339}, {"path": "sq/25/dur/5.339", "duration": 5.339}, {"path": "sq/26/dur/5.338", "duration": 5.338}, {"path": "sq/27/dur/5.339", "duration": 5.339}, {"path": "sq/28/dur/5.339", "duration": 5.339}, {"path": "sq/29/dur/5.338", "duration": 5.338}, {"path": "sq/30/dur/5.339", "duration": 5.339}, {"path": "sq/31/dur/5.339", "duration": 5.339}, {"path": "sq/32/dur/5.338", "duration": 5.338}, {"path": "sq/33/dur/5.339", "duration": 5.339}, {"path": "sq/34/dur/5.339", "duration": 5.339}, {"path": "sq/35/dur/5.338", "duration": 5.338}, {"path": "sq/36/dur/3.712", "duration": 3.712}], "protocol": "http_dash_segments", "format": "247 - 1280x720 (DASH video)", "http_headers": {"User-Agent": "Mozilla/5.0 (Windows NT 10.0; Win64; x64) AppleWebKit/537.36 (KHTML, like Gecko) Chrome/72.0.3602.1 Safari/537.36", "Accept-Charset": "ISO-8859-1,utf-8;q=0.7,*;q=0.7", "Accept": "text/html,application/xhtml+xml,application/xml;q=0.9,*/*;q=0.8", "Accept-Encoding": "gzip, deflate", "Accept-Language": "en-us,en;q=0.5"}}, {"ext": "mp4", "height": 720, "format_note": "DASH video", "vcodec": "avc1.4d4016", "format_id": "136", "manifest_url": "https://manifest.googlevideo.com/api/manifest/dash/expire/1609941104/ei/EGz1X9DyGIay4QLh_pKYBA/ip/140.109.134.180/id/9500ab0364c4f9fa/source/youtube/requiressl/yes/playback_host/r1---sn-5njj-u2xl.googlevideo.com/mh/vp/mm/31%2C29/mn/sn-5njj-u2xl%2Csn-un57sn7s/ms/au%2Crdu/mv/m/mvi/1/pcm2cms/yes/pl/16/tx/23938784/txs/23938784%2C23938785%2C23938786/hfr/all/as/fmp4_audio_clear%2Cwebm_audio_clear%2Cwebm2_audio_clear%2Cfmp4_sd_hd_clear%2Cwebm2_sd_hd_clear/initcwndbps/521250/vprv/1/mt/1609919103/fvip/1/keepalive/yes/itag/0/sparams/expire%2Cei%2Cip%2Cid%2Csource%2Crequiressl%2Ctx%2Ctxs%2Chfr%2Cas%2Cvprv%2Citag/sig/AOq0QJ8wRQIgQAnDMeRFwCQkA9l7JtwUZVNSrBXoHlbXq3MPah8fZG0CIQDnb0HEdIvjabgb0rvCe5Qj4aEX_d8pUycHVcqLbeS6iA%3D%3D/lsparams/playback_host%2Cmh%2Cmm%2Cmn%2Cms%2Cmv%2Cmvi%2Cpcm2cms%2Cpl%2Cinitcwndbps/lsig/AG3C_xAwRQIgCq7jUEhBuIzvZgvn5asRBaPEPYzbHzstsS0q4ToZZZ8CIQDJ5Kdf0kSjKIRoR6cavVdLq09-aECp8HFDm6Ac4Uxydg%3D%3D", "width": 1280, "tbr": 2310.0, "asr": null, "fps": 24, "language": null, "filesize": null, "container": "mp4_dash", "acodec": "none", "url": "https://manifest.googlevideo.com/api/manifest/dash/expire/1609941104/ei/EGz1X9DyGIay4QLh_pKYBA/ip/140.109.134.180/id/9500ab0364c4f9fa/source/youtube/requiressl/yes/playback_host/r1---sn-5njj-u2xl.googlevideo.com/mh/vp/mm/31%2C29/mn/sn-5njj-u2xl%2Csn-un57sn7s/ms/au%2Crdu/mv/m/mvi/1/pcm2cms/yes/pl/16/tx/23938784/txs/23938784%2C23938785%2C23938786/hfr/all/as/fmp4_audio_clear%2Cwebm_audio_clear%2Cwebm2_audio_clear%2Cfmp4_sd_hd_clear%2Cwebm2_sd_hd_clear/initcwndbps/521250/vprv/1/mt/1609919103/fvip/1/keepalive/yes/itag/0/sparams/expire%2Cei%2Cip%2Cid%2Csource%2Crequiressl%2Ctx%2Ctxs%2Chfr%2Cas%2Cvprv%2Citag/sig/AOq0QJ8wRQIgQAnDMeRFwCQkA9l7JtwUZVNSrBXoHlbXq3MPah8fZG0CIQDnb0HEdIvjabgb0rvCe5Qj4aEX_d8pUycHVcqLbeS6iA%3D%3D/lsparams/playback_host%2Cmh%2Cmm%2Cmn%2Cms%2Cmv%2Cmvi%2Cpcm2cms%2Cpl%2Cinitcwndbps/lsig/AG3C_xAwRQIgCq7jUEhBuIzvZgvn5asRBaPEPYzbHzstsS0q4ToZZZ8CIQDJ5Kdf0kSjKIRoR6cavVdLq09-aECp8HFDm6Ac4Uxydg%3D%3D", "fragment_base_url": "https://r1---sn-5njj-u2xl.googlevideo.com/videoplayback/expire/1609941104/ei/EGz1X9DyGIay4QLh_pKYBA/ip/140.109.134.180/id/9500ab0364c4f9fa/itag/136/source/yt_otf/requiressl/yes/mh/vp/mm/31,29/mn/sn-5njj-u2xl,sn-un57sn7s/ms/au,rdu/mv/m/mvi/1/pcm2cms/yes/pl/16/initcwndbps/521250/vprv/1/ratebypass/yes/mime/video%2Fmp4/otfp/1/otf/1/lmt/1586081234869009/mt/1609919103/fvip/1/keepalive/yes/sparams/expire,ei,ip,id,itag,source,requiressl,vprv,ratebypass,mime,otfp,otf,lmt/sig/AOq0QJ8wRQIhAKZY0KaoZxcf9j9ahJNqO8VOzXcIB5EV7yW3HLuqesmOAiAnLQn6_uVD7dy9lThArXjx2Oui_vqFl-kWb0E7FC2NBw%3D%3D/lsparams/mh,mm,mn,ms,mv,mvi,pcm2cms,pl,initcwndbps/lsig/AG3C_xAwRAIgLUSqtBTg7qK3oe5if_IaFU_1QiuVLliYtQv3tC07qE4CIGyW_Qb-7eS_9PFB0uaZi7EBx6RGA5dp7M3UBU4gKORM/", "fragments": [{"path": "sq/0"}, {"path": "sq/1/dur/5.339", "duration": 5.339}, {"path": "sq/2/dur/5.338", "duration": 5.338}, {"path": "sq/3/dur/5.339", "duration": 5.339}, {"path": "sq/4/dur/5.339", "duration": 5.339}, {"path": "sq/5/dur/5.338", "duration": 5.338}, {"path": "sq/6/dur/5.339", "duration": 5.339}, {"path": "sq/7/dur/5.339", "duration": 5.339}, {"path": "sq/8/dur/5.338", "duration": 5.338}, {"path": "sq/9/dur/5.339", "duration": 5.339}, {"path": "sq/10/dur/5.339", "duration": 5.339}, {"path": "sq/11/dur/5.338", "duration": 5.338}, {"path": "sq/12/dur/5.339", "duration": 5.339}, {"path": "sq/13/dur/5.339", "duration": 5.339}, {"path": "sq/14/dur/5.338", "duration": 5.338}, {"path": "sq/15/dur/5.339", "duration": 5.339}, {"path": "sq/16/dur/5.339", "duration": 5.339}, {"path": "sq/17/dur/5.338", "duration": 5.338}, {"path": "sq/18/dur/5.339", "duration": 5.339}, {"path": "sq/19/dur/5.339", "duration": 5.339}, {"path": "sq/20/dur/5.338", "duration": 5.338}, {"path": "sq/21/dur/5.339", "duration": 5.339}, {"path": "sq/22/dur/5.339", "duration": 5.339}, {"path": "sq/23/dur/5.338", "duration": 5.338}, {"path": "sq/24/dur/5.339", "duration": 5.339}, {"path": "sq/25/dur/5.339", "duration": 5.339}, {"path": "sq/26/dur/5.338", "duration": 5.338}, {"path": "sq/27/dur/5.339", "duration": 5.339}, {"path": "sq/28/dur/5.339", "duration": 5.339}, {"path": "sq/29/dur/5.338", "duration": 5.338}, {"path": "sq/30/dur/5.339", "duration": 5.339}, {"path": "sq/31/dur/5.339", "duration": 5.339}, {"path": "sq/32/dur/5.338", "duration": 5.338}, {"path": "sq/33/dur/5.339", "duration": 5.339}, {"path": "sq/34/dur/5.339", "duration": 5.339}, {"path": "sq/35/dur/5.338", "duration": 5.338}, {"path": "sq/36/dur/3.712", "duration": 3.712}], "protocol": "http_dash_segments", "format": "136 - 1280x720 (DASH video)", "http_headers": {"User-Agent": "Mozilla/5.0 (Windows NT 10.0; Win64; x64) AppleWebKit/537.36 (KHTML, like Gecko) Chrome/72.0.3602.1 Safari/537.36", "Accept-Charset": "ISO-8859-1,utf-8;q=0.7,*;q=0.7", "Accept": "text/html,application/xhtml+xml,application/xml;q=0.9,*/*;q=0.8", "Accept-Encoding": "gzip, deflate", "Accept-Language": "en-us,en;q=0.5"}}, {"ext": "webm", "height": 1080, "format_note": "DASH video", "vcodec": "vp9", "format_id": "248", "manifest_url": "https://manifest.googlevideo.com/api/manifest/dash/expire/1609941104/ei/EGz1X9DyGIay4QLh_pKYBA/ip/140.109.134.180/id/9500ab0364c4f9fa/source/youtube/requiressl/yes/playback_host/r1---sn-5njj-u2xl.googlevideo.com/mh/vp/mm/31%2C29/mn/sn-5njj-u2xl%2Csn-un57sn7s/ms/au%2Crdu/mv/m/mvi/1/pcm2cms/yes/pl/16/tx/23938784/txs/23938784%2C23938785%2C23938786/hfr/all/as/fmp4_audio_clear%2Cwebm_audio_clear%2Cwebm2_audio_clear%2Cfmp4_sd_hd_clear%2Cwebm2_sd_hd_clear/initcwndbps/521250/vprv/1/mt/1609919103/fvip/1/keepalive/yes/itag/0/sparams/expire%2Cei%2Cip%2Cid%2Csource%2Crequiressl%2Ctx%2Ctxs%2Chfr%2Cas%2Cvprv%2Citag/sig/AOq0QJ8wRQIgQAnDMeRFwCQkA9l7JtwUZVNSrBXoHlbXq3MPah8fZG0CIQDnb0HEdIvjabgb0rvCe5Qj4aEX_d8pUycHVcqLbeS6iA%3D%3D/lsparams/playback_host%2Cmh%2Cmm%2Cmn%2Cms%2Cmv%2Cmvi%2Cpcm2cms%2Cpl%2Cinitcwndbps/lsig/AG3C_xAwRQIgCq7jUEhBuIzvZgvn5asRBaPEPYzbHzstsS0q4ToZZZ8CIQDJ5Kdf0kSjKIRoR6cavVdLq09-aECp8HFDm6Ac4Uxydg%3D%3D", "width": 1920, "tbr": 2646.0, "asr": null, "fps": 24, "language": null, "filesize": null, "container": "webm_dash", "acodec": "none", "url": "https://manifest.googlevideo.com/api/manifest/dash/expire/1609941104/ei/EGz1X9DyGIay4QLh_pKYBA/ip/140.109.134.180/id/9500ab0364c4f9fa/source/youtube/requiressl/yes/playback_host/r1---sn-5njj-u2xl.googlevideo.com/mh/vp/mm/31%2C29/mn/sn-5njj-u2xl%2Csn-un57sn7s/ms/au%2Crdu/mv/m/mvi/1/pcm2cms/yes/pl/16/tx/23938784/txs/23938784%2C23938785%2C23938786/hfr/all/as/fmp4_audio_clear%2Cwebm_audio_clear%2Cwebm2_audio_clear%2Cfmp4_sd_hd_clear%2Cwebm2_sd_hd_clear/initcwndbps/521250/vprv/1/mt/1609919103/fvip/1/keepalive/yes/itag/0/sparams/expire%2Cei%2Cip%2Cid%2Csource%2Crequiressl%2Ctx%2Ctxs%2Chfr%2Cas%2Cvprv%2Citag/sig/AOq0QJ8wRQIgQAnDMeRFwCQkA9l7JtwUZVNSrBXoHlbXq3MPah8fZG0CIQDnb0HEdIvjabgb0rvCe5Qj4aEX_d8pUycHVcqLbeS6iA%3D%3D/lsparams/playback_host%2Cmh%2Cmm%2Cmn%2Cms%2Cmv%2Cmvi%2Cpcm2cms%2Cpl%2Cinitcwndbps/lsig/AG3C_xAwRQIgCq7jUEhBuIzvZgvn5asRBaPEPYzbHzstsS0q4ToZZZ8CIQDJ5Kdf0kSjKIRoR6cavVdLq09-aECp8HFDm6Ac4Uxydg%3D%3D", "fragment_base_url": "https://r1---sn-5njj-u2xl.googlevideo.com/videoplayback/expire/1609941104/ei/EGz1X9DyGIay4QLh_pKYBA/ip/140.109.134.180/id/9500ab0364c4f9fa/itag/248/source/yt_otf/requiressl/yes/mh/vp/mm/31,29/mn/sn-5njj-u2xl,sn-un57sn7s/ms/au,rdu/mv/m/mvi/1/pcm2cms/yes/pl/16/initcwndbps/521250/vprv/1/ratebypass/yes/mime/video%2Fwebm/otfp/1/otf/1/lmt/1586081234869009/mt/1609919103/fvip/1/keepalive/yes/sparams/expire,ei,ip,id,itag,source,requiressl,vprv,ratebypass,mime,otfp,otf,lmt/sig/AOq0QJ8wRAIgIXWwT_O0KVA4cZw-dnDzcc6HXeiJWn585FMTOwlMbHYCIAeUw58sj32hdCvYprAP0Dka4UsUpdtWhrVd5FYLcO1Z/lsparams/mh,mm,mn,ms,mv,mvi,pcm2cms,pl,initcwndbps/lsig/AG3C_xAwRgIhAMDKL5CwJjdWVujGVA1S6zQ9_Opt6o343Cxb0bxvZPmFAiEAg8eWUdkyc_9IfhZEYlZ1zRjCKSGozpU8shdItrzTgZY%3D/", "fragments": [{"path": "sq/0"}, {"path": "sq/1/dur/5.339", "duration": 5.339}, {"path": "sq/2/dur/5.338", "duration": 5.338}, {"path": "sq/3/dur/5.339", "duration": 5.339}, {"path": "sq/4/dur/5.339", "duration": 5.339}, {"path": "sq/5/dur/5.338", "duration": 5.338}, {"path": "sq/6/dur/5.339", "duration": 5.339}, {"path": "sq/7/dur/5.339", "duration": 5.339}, {"path": "sq/8/dur/5.338", "duration": 5.338}, {"path": "sq/9/dur/5.339", "duration": 5.339}, {"path": "sq/10/dur/5.339", "duration": 5.339}, {"path": "sq/11/dur/5.338", "duration": 5.338}, {"path": "sq/12/dur/5.339", "duration": 5.339}, {"path": "sq/13/dur/5.339", "duration": 5.339}, {"path": "sq/14/dur/5.338", "duration": 5.338}, {"path": "sq/15/dur/5.339", "duration": 5.339}, {"path": "sq/16/dur/5.339", "duration": 5.339}, {"path": "sq/17/dur/5.338", "duration": 5.338}, {"path": "sq/18/dur/5.339", "duration": 5.339}, {"path": "sq/19/dur/5.339", "duration": 5.339}, {"path": "sq/20/dur/5.338", "duration": 5.338}, {"path": "sq/21/dur/5.339", "duration": 5.339}, {"path": "sq/22/dur/5.339", "duration": 5.339}, {"path": "sq/23/dur/5.338", "duration": 5.338}, {"path": "sq/24/dur/5.339", "duration": 5.339}, {"path": "sq/25/dur/5.339", "duration": 5.339}, {"path": "sq/26/dur/5.338", "duration": 5.338}, {"path": "sq/27/dur/5.339", "duration": 5.339}, {"path": "sq/28/dur/5.339", "duration": 5.339}, {"path": "sq/29/dur/5.338", "duration": 5.338}, {"path": "sq/30/dur/5.339", "duration": 5.339}, {"path": "sq/31/dur/5.339", "duration": 5.339}, {"path": "sq/32/dur/5.338", "duration": 5.338}, {"path": "sq/33/dur/5.339", "duration": 5.339}, {"path": "sq/34/dur/5.339", "duration": 5.339}, {"path": "sq/35/dur/5.338", "duration": 5.338}, {"path": "sq/36/dur/3.712", "duration": 3.712}], "protocol": "http_dash_segments", "format": "248 - 1920x1080 (DASH video)", "http_headers": {"User-Agent": "Mozilla/5.0 (Windows NT 10.0; Win64; x64) AppleWebKit/537.36 (KHTML, like Gecko) Chrome/72.0.3602.1 Safari/537.36", "Accept-Charset": "ISO-8859-1,utf-8;q=0.7,*;q=0.7", "Accept": "text/html,application/xhtml+xml,application/xml;q=0.9,*/*;q=0.8", "Accept-Encoding": "gzip, deflate", "Accept-Language": "en-us,en;q=0.5"}}, {"format_id": "18", "url": "https://r1---sn-5njj-u2xl.googlevideo.com/videoplayback?expire=1609941104&ei=EGz1X9DyGIay4QLh_pKYBA&ip=140.109.134.180&id=o-AJRMt8N5uxl4y-OpDEPP6M0EZGChP2hRkrdN2abtkL4L&itag=18&source=youtube&requiressl=yes&mh=vp&mm=31%2C29&mn=sn-5njj-u2xl%2Csn-un57sn7s&ms=au%2Crdu&mv=m&mvi=1&pcm2cms=yes&pl=16&initcwndbps=521250&vprv=1&mime=video%2Fmp4&ns=E1-zgHtFRj53BwbMLnGbQP4F&gir=yes&clen=6800999&ratebypass=yes&dur=190.612&lmt=1585621357534962&mt=1609919103&fvip=1&c=WEB&txp=6216222&n=jGSRJryhfXEeHjI0&sparams=expire%2Cei%2Cip%2Cid%2Citag%2Csource%2Crequiressl%2Cvprv%2Cmime%2Cns%2Cgir%2Cclen%2Cratebypass%2Cdur%2Clmt&sig=AOq0QJ8wRQIgW9rnEZI6h44YLhj84G6VdztRgQAeuH3Js76NorFQ8YsCIQDrWJblHGwjC7gxE-Iqrq56R-ypvrACvX6ZPcK7-3rCUw%3D%3D&lsparams=mh%2Cmm%2Cmn%2Cms%2Cmv%2Cmvi%2Cpcm2cms%2Cpl%2Cinitcwndbps&lsig=AG3C_xAwRQIgMagKKRo--w6j5nv94RHzgi6JycbJPXlQPikTK5as2AQCIQCdvGdwGl87PAIn9g4bvMqJpdSrnu42BEY2cDtj_DzOpQ%3D%3D", "player_url": null, "ext": "mp4", "width": 640, "height": 360, "acodec": "mp4a.40.2", "abr": 96, "vcodec": "avc1.42001E", "asr": 44100, "filesize": 6800999, "format_note": "360p", "fps": 24, "tbr": 285.508, "format": "18 - 640x360 (360p)", "protocol": "https", "http_headers": {"User-Agent": "Mozilla/5.0 (Windows NT 10.0; Win64; x64) AppleWebKit/537.36 (KHTML, like Gecko) Chrome/72.0.3602.1 Safari/537.36", "Accept-Charset": "ISO-8859-1,utf-8;q=0.7,*;q=0.7", "Accept": "text/html,application/xhtml+xml,application/xml;q=0.9,*/*;q=0.8", "Accept-Encoding": "gzip, deflate", "Accept-Language": "en-us,en;q=0.5"}}], "is_live": null, "start_time": null, "end_time": null, "series": null, "season_number": null, "episode_number": null, "track": null, "artist": null, "album": null, "release_date": null, "release_year": null, "extractor": "youtube", "webpage_url_basename": "watch", "extractor_key": "Youtube", "playlist": null, "playlist_index": null, "thumbnail": "https://i.ytimg.com/vi_webp/lQCrA2TE-fo/maxresdefault.webp", "display_id": "lQCrA2TE-fo", "requested_subtitles": null, "ext": "webm", "format_note": "DASH audio", "acodec": "opus", "abr": 160, "format_id": "251", "manifest_url": "https://manifest.googlevideo.com/api/manifest/dash/expire/1609941104/ei/EGz1X9DyGIay4QLh_pKYBA/ip/140.109.134.180/id/9500ab0364c4f9fa/source/youtube/requiressl/yes/playback_host/r1---sn-5njj-u2xl.googlevideo.com/mh/vp/mm/31%2C29/mn/sn-5njj-u2xl%2Csn-un57sn7s/ms/au%2Crdu/mv/m/mvi/1/pcm2cms/yes/pl/16/tx/23938784/txs/23938784%2C23938785%2C23938786/hfr/all/as/fmp4_audio_clear%2Cwebm_audio_clear%2Cwebm2_audio_clear%2Cfmp4_sd_hd_clear%2Cwebm2_sd_hd_clear/initcwndbps/521250/vprv/1/mt/1609919103/fvip/1/keepalive/yes/itag/0/sparams/expire%2Cei%2Cip%2Cid%2Csource%2Crequiressl%2Ctx%2Ctxs%2Chfr%2Cas%2Cvprv%2Citag/sig/AOq0QJ8wRQIgQAnDMeRFwCQkA9l7JtwUZVNSrBXoHlbXq3MPah8fZG0CIQDnb0HEdIvjabgb0rvCe5Qj4aEX_d8pUycHVcqLbeS6iA%3D%3D/lsparams/playback_host%2Cmh%2Cmm%2Cmn%2Cms%2Cmv%2Cmvi%2Cpcm2cms%2Cpl%2Cinitcwndbps/lsig/AG3C_xAwRQIgCq7jUEhBuIzvZgvn5asRBaPEPYzbHzstsS0q4ToZZZ8CIQDJ5Kdf0kSjKIRoR6cavVdLq09-aECp8HFDm6Ac4Uxydg%3D%3D", "width": null, "height": null, "tbr": 153.769, "asr": 48000, "fps": null, "language": null, "filesize": null, "container": "webm_dash", "vcodec": "none", "url": "https://manifest.googlevideo.com/api/manifest/dash/expire/1609941104/ei/EGz1X9DyGIay4QLh_pKYBA/ip/140.109.134.180/id/9500ab0364c4f9fa/source/youtube/requiressl/yes/playback_host/r1---sn-5njj-u2xl.googlevideo.com/mh/vp/mm/31%2C29/mn/sn-5njj-u2xl%2Csn-un57sn7s/ms/au%2Crdu/mv/m/mvi/1/pcm2cms/yes/pl/16/tx/23938784/txs/23938784%2C23938785%2C23938786/hfr/all/as/fmp4_audio_clear%2Cwebm_audio_clear%2Cwebm2_audio_clear%2Cfmp4_sd_hd_clear%2Cwebm2_sd_hd_clear/initcwndbps/521250/vprv/1/mt/1609919103/fvip/1/keepalive/yes/itag/0/sparams/expire%2Cei%2Cip%2Cid%2Csource%2Crequiressl%2Ctx%2Ctxs%2Chfr%2Cas%2Cvprv%2Citag/sig/AOq0QJ8wRQIgQAnDMeRFwCQkA9l7JtwUZVNSrBXoHlbXq3MPah8fZG0CIQDnb0HEdIvjabgb0rvCe5Qj4aEX_d8pUycHVcqLbeS6iA%3D%3D/lsparams/playback_host%2Cmh%2Cmm%2Cmn%2Cms%2Cmv%2Cmvi%2Cpcm2cms%2Cpl%2Cinitcwndbps/lsig/AG3C_xAwRQIgCq7jUEhBuIzvZgvn5asRBaPEPYzbHzstsS0q4ToZZZ8CIQDJ5Kdf0kSjKIRoR6cavVdLq09-aECp8HFDm6Ac4Uxydg%3D%3D", "fragment_base_url": "https://r1---sn-5njj-u2xl.googlevideo.com/videoplayback/expire/1609941104/ei/EGz1X9DyGIay4QLh_pKYBA/ip/140.109.134.180/id/9500ab0364c4f9fa/itag/251/source/youtube/requiressl/yes/mh/vp/mm/31,29/mn/sn-5njj-u2xl,sn-un57sn7s/ms/au,rdu/mv/m/mvi/1/pcm2cms/yes/pl/16/initcwndbps/521250/vprv/1/ratebypass/yes/mime/audio%2Fwebm/otfp/1/gir/yes/clen/3584595/lmt/1585621360244653/dur/190.581/mt/1609919103/fvip/1/keepalive/yes/sparams/expire,ei,ip,id,itag,source,requiressl,vprv,ratebypass,mime,otfp,gir,clen,lmt,dur/sig/AOq0QJ8wRQIhAM8cs2vsTXJMPC32dtC2fIeSLVdpU3c4SS4-VcOmKEZkAiActJHIvGiH0icwS5oKtzwRnwiBBitz8tUOmzOyVZLMxw%3D%3D/lsparams/mh,mm,mn,ms,mv,mvi,pcm2cms,pl,initcwndbps/lsig/AG3C_xAwRQIgDp3Uw8ep8ZST5ka6TobdlCpI5AsTPJKTdRNy5aXHOqkCIQCVOu_RkQyqJl6JnVxOw5pbIwjMus74wTIz65_8ZjOw7A%3D%3D/", "fragments": [{"path": "range/0-265"}, {"path": "range/603-189909", "duration": 10.001}, {"path": "range/189910-377830", "duration": 10.0}, {"path": "range/377831-566923", "duration": 10.0}, {"path": "range/566924-759135", "duration": 10.0}, {"path": "range/759136-947638", "duration": 10.0}, {"path": "range/947639-1137460", "duration": 10.0}, {"path": "range/1137461-1326078", "duration": 10.0}, {"path": "range/1326079-1515934", "duration": 10.0}, {"path": "range/1515935-1702864", "duration": 10.0}, {"path": "range/1702865-1891673", "duration": 10.0}, {"path": "range/1891674-2081872", "duration": 10.0}, {"path": "range/2081873-2271098", "duration": 10.0}, {"path": "range/2271099-2461238", "duration": 10.0}, {"path": "range/2461239-2650694", "duration": 10.0}, {"path": "range/2650695-2840867", "duration": 10.0}, {"path": "range/2840868-3029043", "duration": 10.0}, {"path": "range/3029044-3213641", "duration": 10.0}, {"path": "range/3213642-3402188", "duration": 10.0}, {"path": "range/3402189-3576471", "duration": 10.0}, {"path": "range/3576472-3584594", "duration": 0.58}], "protocol": "http_dash_segments", "format": "251 - audio only (DASH audio)", "http_headers": {"User-Agent": "Mozilla/5.0 (Windows NT 10.0; Win64; x64) AppleWebKit/537.36 (KHTML, like Gecko) Chrome/72.0.3602.1 Safari/537.36", "Accept-Charset": "ISO-8859-1,utf-8;q=0.7,*;q=0.7", "Accept": "text/html,application/xhtml+xml,application/xml;q=0.9,*/*;q=0.8", "Accept-Encoding": "gzip, deflate", "Accept-Language": "en-us,en;q=0.5"}}