{"id": "nGkpcWNAxDU", "uploader": "Alavilla Mailla - Topic", "uploader_id": "UCcm54cqV830F_mFhFIFp-Fg", "uploader_url": "http://www.youtube.com/channel/UCcm54cqV830F_mFhFIFp-Fg", "channel_id": "UCcm54cqV830F_mFhFIFp-Fg", "channel_url": "http://www.youtube.com/channel/UCcm54cqV830F_mFhFIFp-Fg", "upload_date": "20200916", "license": null, "creator": "Alavilla Mailla", "title": "Stars On High", "alt_title": "Stars On High", "thumbnails": [{"url": "https://i.ytimg.com/vi/nGkpcWNAxDU/hqdefault.jpg?sqp=-oaymwEYCKgBEF5IVfKriqkDCwgBFQAAiEIYAXAB&rs=AOn4CLBK22aSfq7P1OT2YRwUljka5CNUZA", "width": 168, "height": 94, "resolution": "168x94", "id": "0"}, {"url": "https://i.ytimg.com/vi/nGkpcWNAxDU/hqdefault.jpg?sqp=-oaymwEYCMQBEG5IVfKriqkDCwgBFQAAiEIYAXAB&rs=AOn4CLCf5s532t98vSfo6yyNAom7SpeLOg", "width": 196, "height": 110, "resolution": "196x110", "id": "1"}, {"url": "https://i.ytimg.com/vi/nGkpcWNAxDU/hqdefault.jpg?sqp=-oaymwEZCPYBEIoBSFXyq4qpAwsIARUAAIhCGAFwAQ==&rs=AOn4CLA3cb8lkr0fYa6f5CBckzcTwl7wDQ", "width": 246, "height": 138, "resolution": "246x138", "id": "2"}, {"url": "https://i.ytimg.com/vi/nGkpcWNAxDU/hqdefault.jpg?sqp=-oaymwEZCNACELwBSFXyq4qpAwsIARUAAIhCGAFwAQ==&rs=AOn4CLBGpv-sOZeNVOb6vy8oOGUQHdSOZw", "width": 336, "height": 188, "resolution": "336x188", "id": "3"}, {"url": "https://i.ytimg.com/vi_webp/nGkpcWNAxDU/maxresdefault.webp", "width": 1920, "height": 1080, "resolution": "1920x1080", "id": "4"}], "description": "Provided to YouTube by TuneCore\n\nStars On High \u00b7 Alavilla Mailla\n\nStars On High\n\n\u2117 2020 Dream Relaxation\n\nReleased on: 2020-06-29\n\nAuto-generated by YouTube.", "categories": ["Music"], "tags": ["Alavilla Mailla", "Stars On High"], "subtitles": {}, "automatic_captions": {}, "duration": 119, "age_limit": 0, "annotations": null, "chapters": null, "webpage_url": "https://www.youtube.com/watch?v=nGkpcWNAxDU", "view_count": 59, "like_count": 5, "dislike_count": null, "average_rating": 5.0, "formats": [{"format_id": "249", "url": "https://r5---sn-5njj-u2xe.googlevideo.com/videoplayback?expire=1608639827&ei=85DhX7KiHN2ws8IP6-2smAM&ip=140.109.134.236&id=o-AO_22kgBORRD0b3FeDn5ObvQgqc5zVsFiQ-A82Iq56Gn&itag=249&source=youtube&requiressl=yes&mh=h8&mm=31%2C29&mn=sn-5njj-u2xe%2Csn-un57sn76&ms=au%2Crdu&mv=m&mvi=5&pl=16&gcr=tw&initcwndbps=342500&vprv=1&mime=audio%2Fwebm&ns=qj-OC0qlzpqlYVFz3XEIntAF&gir=yes&clen=976620&dur=118.821&lmt=1600318938939967&mt=1608618034&fvip=5&keepalive=yes&c=WEB&txp=2311224&n=Txz24F1H09Y9AMBH&sparams=expire%2Cei%2Cip%2Cid%2Citag%2Csource%2Crequiressl%2Cgcr%2Cvprv%2Cmime%2Cns%2Cgir%2Cclen%2Cdur%2Clmt&lsparams=mh%2Cmm%2Cmn%2Cms%2Cmv%2Cmvi%2Cpl%2Cinitcwndbps&lsig=AG3C_xAwRAIgAn8ki7Kp0vAJUwULgq3nBiSWdqA4wG50Eo0Sj_Fq1hoCIF7GXnbl1smbEOYwWJ-ptdcA66mAnQyvI6l_E5bwB-lF&sig=AOq0QJ8wRQIgPUodgZoLtvwwYlK1Do6BD0xcTYM6VFDFrgwMs0YVDLICIQDc8v-x0Nhy8Dv8Ds93huY970LUhDMToB5WhQtql8X0xA==&ratebypass=yes", "player_url": "/s/player/5dd3f3b2/player_ias.vflset/en_US/base.js", "ext": "webm", "format_note": "tiny", "acodec": "opus", "abr": 50, "asr": 48000, "filesize": 976620, "fps": null, "height": null, "tbr": 72.163, "width": null, "vcodec": "none", "downloader_options": {"http_chunk_size": 10485760}, "format": "249 - audio only (tiny)", "protocol": "https", "http_headers": {"User-Agent": "Mozilla/5.0 (Windows NT 10.0; Win64; x64) AppleWebKit/537.36 (KHTML, like Gecko) Chrome/72.0.3626.92 Safari/537.36", "Accept-Charset": "ISO-8859-1,utf-8;q=0.7,*;q=0.7", "Accept": "text/html,application/xhtml+xml,application/xml;q=0.9,*/*;q=0.8", "Accept-Encoding": "gzip, deflate", "Accept-Language": "en-us,en;q=0.5"}}, {"format_id": "250", "url": "https://r5---sn-5njj-u2xe.googlevideo.com/videoplayback?expire=1608639827&ei=85DhX7KiHN2ws8IP6-2smAM&ip=140.109.134.236&id=o-AO_22kgBORRD0b3FeDn5ObvQgqc5zVsFiQ-A82Iq56Gn&itag=250&source=youtube&requiressl=yes&mh=h8&mm=31%2C29&mn=sn-5njj-u2xe%2Csn-un57sn76&ms=au%2Crdu&mv=m&mvi=5&pl=16&gcr=tw&initcwndbps=342500&vprv=1&mime=audio%2Fwebm&ns=qj-OC0qlzpqlYVFz3XEIntAF&gir=yes&clen=1280285&dur=118.821&lmt=1600318938990546&mt=1608618034&fvip=5&keepalive=yes&c=WEB&txp=2311224&n=Txz24F1H09Y9AMBH&sparams=expire%2Cei%2Cip%2Cid%2Citag%2Csource%2Crequiressl%2Cgcr%2Cvprv%2Cmime%2Cns%2Cgir%2Cclen%2Cdur%2Clmt&lsparams=mh%2Cmm%2Cmn%2Cms%2Cmv%2Cmvi%2Cpl%2Cinitcwndbps&lsig=AG3C_xAwRQIhAIP7rYFXDg2BK_2lmSTJzAel3EUuuuLs0iN2mvKKmQq6AiB7VfxlpAdO5CaZM0pNYbObroiCCeB7VucPzrPYnwIFog%3D%3D&sig=AOq0QJ8wRQIgK5nZ36MYAO2aq7ucYhV8ZX9-5zXvox0WV1fmZSQ_qEoCIQDXF2QnvhiCXFIBDDe4C4AkA-ql-0sFo3t6UMF8JGRSTw==&ratebypass=yes", "player_url": "/s/player/5dd3f3b2/player_ias.vflset/en_US/base.js", "ext": "webm", "format_note": "tiny", "acodec": "opus", "abr": 70, "asr": 48000, "filesize": 1280285, "fps": null, "height": null, "tbr": 94.74, "width": null, "vcodec": "none", "downloader_options": {"http_chunk_size": 10485760}, "format": "250 - audio only (tiny)", "protocol": "https", "http_headers": {"User-Agent": "Mozilla/5.0 (Windows NT 10.0; Win64; x64) AppleWebKit/537.36 (KHTML, like Gecko) Chrome/72.0.3626.92 Safari/537.36", "Accept-Charset": "ISO-8859-1,utf-8;q=0.7,*;q=0.7", "Accept": "text/html,application/xhtml+xml,application/xml;q=0.9,*/*;q=0.8", "Accept-Encoding": "gzip, deflate", "Accept-Language": "en-us,en;q=0.5"}}, {"format_id": "140", "url": "https://r5---sn-5njj-u2xe.googlevideo.com/videoplayback?expire=1608639827&ei=85DhX7KiHN2ws8IP6-2smAM&ip=140.109.134.236&id=o-AO_22kgBORRD0b3FeDn5ObvQgqc5zVsFiQ-A82Iq56Gn&itag=140&source=youtube&requiressl=yes&mh=h8&mm=31%2C29&mn=sn-5njj-u2xe%2Csn-un57sn76&ms=au%2Crdu&mv=m&mvi=5&pl=16&gcr=tw&initcwndbps=342500&vprv=1&mime=audio%2Fmp4&ns=qj-OC0qlzpqlYVFz3XEIntAF&gir=yes&clen=1925855&dur=118.799&lmt=1600318180980904&mt=1608618034&fvip=5&keepalive=yes&c=WEB&txp=2311222&n=Txz24F1H09Y9AMBH&sparams=expire%2Cei%2Cip%2Cid%2Citag%2Csource%2Crequiressl%2Cgcr%2Cvprv%2Cmime%2Cns%2Cgir%2Cclen%2Cdur%2Clmt&lsparams=mh%2Cmm%2Cmn%2Cms%2Cmv%2Cmvi%2Cpl%2Cinitcwndbps&lsig=AG3C_xAwRQIgH4kaQLRYapZLsO5s2iSMT8nynh2uMfh0FV5v3EcK7XsCIQCVI0kYKL0Qt9znS-ASiy1LkwpH5-fT9JKm7xlKFgOyKg%3D%3D&sig=AOq0QJ8wRAIgMmMXP7fD35-dEORKa-qNJfKkkwOPwtwLkidumo38_PYCIC0wZaEzTvzjRxwjfpIQavbII1oTRktP_iZ-EFDPT4s9&ratebypass=yes", "player_url": "/s/player/5dd3f3b2/player_ias.vflset/en_US/base.js", "ext": "m4a", "format_note": "tiny", "acodec": "mp4a.40.2", "abr": 128, "container": "m4a_dash", "asr": 44100, "filesize": 1925855, "fps": null, "height": null, "tbr": 130.961, "width": null, "vcodec": "none", "downloader_options": {"http_chunk_size": 10485760}, "format": "140 - audio only (tiny)", "protocol": "https", "http_headers": {"User-Agent": "Mozilla/5.0 (Windows NT 10.0; Win64; x64) AppleWebKit/537.36 (KHTML, like Gecko) Chrome/72.0.3626.92 Safari/537.36", "Accept-Charset": "ISO-8859-1,utf-8;q=0.7,*;q=0.7", "Accept": "text/html,application/xhtml+xml,application/xml;q=0.9,*/*;q=0.8", "Accept-Encoding": "gzip, deflate", "Accept-Language": "en-us,en;q=0.5"}}, {"format_id": "251", "url": "https://r5---sn-5njj-u2xe.googlevideo.com/videoplayback?expire=1608639827&ei=85DhX7KiHN2ws8IP6-2smAM&ip=140.109.134.236&id=o-AO_22kgBORRD0b3FeDn5ObvQgqc5zVsFiQ-A82Iq56Gn&itag=251&source=youtube&requiressl=yes&mh=h8&mm=31%2C29&mn=sn-5njj-u2xe%2Csn-un57sn76&ms=au%2Crdu&mv=m&mvi=5&pl=16&gcr=tw&initcwndbps=342500&vprv=1&mime=audio%2Fwebm&ns=qj-OC0qlzpqlYVFz3XEIntAF&gir=yes&clen=2416681&dur=118.821&lmt=1600318962809809&mt=1608618034&fvip=5&keepalive=yes&c=WEB&txp=2311224&n=Txz24F1H09Y9AMBH&sparams=expire%2Cei%2Cip%2Cid%2Citag%2Csource%2Crequiressl%2Cgcr%2Cvprv%2Cmime%2Cns%2Cgir%2Cclen%2Cdur%2Clmt&lsparams=mh%2Cmm%2Cmn%2Cms%2Cmv%2Cmvi%2Cpl%2Cinitcwndbps&lsig=AG3C_xAwRQIhAN-a2O-xtEdu_E1R9mtDG470W80Rv6jUYUGBB1N37YuZAiASV78MeukoVE5p3kxySfXDzD23eFeimGHBd8eUldo8jA%3D%3D&sig=AOq0QJ8wRQIhANpJRPzp12FSX9s31ZTJynQaEnZGhrOgaQI90EDtMi71AiAW5YV1IATTeJUzidxd7HdlNHZayomoSaIcszyfOwHrUg==&ratebypass=yes", "player_url": "/s/player/5dd3f3b2/player_ias.vflset/en_US/base.js", "ext": "webm", "format_note": "tiny", "acodec": "opus", "abr": 160, "asr": 48000, "filesize": 2416681, "fps": null, "height": null, "tbr": 175.485, "width": null, "vcodec": "none", "downloader_options": {"http_chunk_size": 10485760}, "format": "251 - audio only (tiny)", "protocol": "https", "http_headers": {"User-Agent": "Mozilla/5.0 (Windows NT 10.0; Win64; x64) AppleWebKit/537.36 (KHTML, like Gecko) Chrome/72.0.3626.92 Safari/537.36", "Accept-Charset": "ISO-8859-1,utf-8;q=0.7,*;q=0.7", "Accept": "text/html,application/xhtml+xml,application/xml;q=0.9,*/*;q=0.8", "Accept-Encoding": "gzip, deflate", "Accept-Language": "en-us,en;q=0.5"}}, {"format_id": "278", "url": "https://r5---sn-5njj-u2xe.googlevideo.com/videoplayback?expire=1608639827&ei=85DhX7KiHN2ws8IP6-2smAM&ip=140.109.134.236&id=o-AO_22kgBORRD0b3FeDn5ObvQgqc5zVsFiQ-A82Iq56Gn&itag=278&aitags=133%2C134%2C135%2C136%2C137%2C160%2C242%2C243%2C244%2C247%2C248%2C278&source=youtube&requiressl=yes&mh=h8&mm=31%2C29&mn=sn-5njj-u2xe%2Csn-un57sn76&ms=au%2Crdu&mv=m&mvi=5&pl=16&gcr=tw&initcwndbps=342500&vprv=1&mime=video%2Fwebm&ns=qj-OC0qlzpqlYVFz3XEIntAF&gir=yes&clen=321260&dur=118.800&lmt=1600319031664298&mt=1608618034&fvip=5&keepalive=yes&c=WEB&txp=2311224&n=Txz24F1H09Y9AMBH&sparams=expire%2Cei%2Cip%2Cid%2Caitags%2Csource%2Crequiressl%2Cgcr%2Cvprv%2Cmime%2Cns%2Cgir%2Cclen%2Cdur%2Clmt&lsparams=mh%2Cmm%2Cmn%2Cms%2Cmv%2Cmvi%2Cpl%2Cinitcwndbps&lsig=AG3C_xAwRQIhANDCYbMuAjeAhYAdnl5entSRQZ7Nx_d3cf4GIF69tNaJAiBCScRVGibsndzgARlg5w2AFhwMDr5xd3EOmPnxNRsbZg%3D%3D&sig=AOq0QJ8wRQIhAOTQ0UMOSYVVLEY5w_P7_S_SfoIDIRBK3fECyX2KcFfEAiAtN-2OKWoZkIL4ykUcMxsoRLmddluM0qGRZLjjk-w-2w==&ratebypass=yes", "player_url": "/s/player/5dd3f3b2/player_ias.vflset/en_US/base.js", "ext": "webm", "height": 144, "format_note": "144p", "container": "webm", "vcodec": "vp9", "asr": null, "filesize": 321260, "fps": 25, "tbr": 47.023, "width": 144, "acodec": "none", "downloader_options": {"http_chunk_size": 10485760}, "format": "278 - 144x144 (144p)", "protocol": "https", "http_headers": {"User-Agent": "Mozilla/5.0 (Windows NT 10.0; Win64; x64) AppleWebKit/537.36 (KHTML, like Gecko) Chrome/72.0.3626.92 Safari/537.36", "Accept-Charset": "ISO-8859-1,utf-8;q=0.7,*;q=0.7", "Accept": "text/html,application/xhtml+xml,application/xml;q=0.9,*/*;q=0.8", "Accept-Encoding": "gzip, deflate", "Accept-Language": "en-us,en;q=0.5"}}, {"format_id": "160", "url": "https://r5---sn-5njj-u2xe.googlevideo.com/videoplayback?expire=1608639827&ei=85DhX7KiHN2ws8IP6-2smAM&ip=140.109.134.236&id=o-AO_22kgBORRD0b3FeDn5ObvQgqc5zVsFiQ-A82Iq56Gn&itag=160&aitags=133%2C134%2C135%2C136%2C137%2C160%2C242%2C243%2C244%2C247%2C248%2C278&source=youtube&requiressl=yes&mh=h8&mm=31%2C29&mn=sn-5njj-u2xe%2Csn-un57sn76&ms=au%2Crdu&mv=m&mvi=5&pl=16&gcr=tw&initcwndbps=342500&vprv=1&mime=video%2Fmp4&ns=qj-OC0qlzpqlYVFz3XEIntAF&gir=yes&clen=621300&dur=118.800&lmt=1600318429245723&mt=1608618034&fvip=5&keepalive=yes&c=WEB&txp=2311222&n=Txz24F1H09Y9AMBH&sparams=expire%2Cei%2Cip%2Cid%2Caitags%2Csource%2Crequiressl%2Cgcr%2Cvprv%2Cmime%2Cns%2Cgir%2Cclen%2Cdur%2Clmt&lsparams=mh%2Cmm%2Cmn%2Cms%2Cmv%2Cmvi%2Cpl%2Cinitcwndbps&lsig=AG3C_xAwRAIgcEwvTUre3dCbgwgP9wtBtLY_5y_ohjwwGPQtYX39KF8CIEkVN0BTK7pj3BPmM1O_A9Pet136pJIoC3eDWMTfwCm8&sig=AOq0QJ8wRgIhAP0gh1agiIro-nW7ynhthouFtmlTEixkAjquHLMK9FvPAiEA4wcJjjQiF5PjQxevZi8LxRyHN4TQBFmP61LdGeROfSQ=&ratebypass=yes", "player_url": "/s/player/5dd3f3b2/player_ias.vflset/en_US/base.js", "ext": "mp4", "height": 144, "format_note": "144p", "vcodec": "avc1.4d400b", "asr": null, "filesize": 621300, "fps": 25, "tbr": 52.569, "width": 144, "acodec": "none", "downloader_options": {"http_chunk_size": 10485760}, "format": "160 - 144x144 (144p)", "protocol": "https", "http_headers": {"User-Agent": "Mozilla/5.0 (Windows NT 10.0; Win64; x64) AppleWebKit/537.36 (KHTML, like Gecko) Chrome/72.0.3626.92 Safari/537.36", "Accept-Charset": "ISO-8859-1,utf-8;q=0.7,*;q=0.7", "Accept": "text/html,application/xhtml+xml,application/xml;q=0.9,*/*;q=0.8", "Accept-Encoding": "gzip, deflate", "Accept-Language": "en-us,en;q=0.5"}}, {"format_id": "242", "url": "https://r5---sn-5njj-u2xe.googlevideo.com/videoplayback?expire=1608639827&ei=85DhX7KiHN2ws8IP6-2smAM&ip=140.109.134.236&id=o-AO_22kgBORRD0b3FeDn5ObvQgqc5zVsFiQ-A82Iq56Gn&itag=242&aitags=133%2C134%2C135%2C136%2C137%2C160%2C242%2C243%2C244%2C247%2C248%2C278&source=youtube&requiressl=yes&mh=h8&mm=31%2C29&mn=sn-5njj-u2xe%2Csn-un57sn76&ms=au%2Crdu&mv=m&mvi=5&pl=16&gcr=tw&initcwndbps=342500&vprv=1&mime=video%2Fwebm&ns=qj-OC0qlzpqlYVFz3XEIntAF&gir=yes&clen=657363&dur=118.800&lmt=1600319031682028&mt=1608618034&fvip=5&keepalive=yes&c=WEB&txp=2311224&n=Txz24F1H09Y9AMBH&sparams=expire%2Cei%2Cip%2Cid%2Caitags%2Csource%2Crequiressl%2Cgcr%2Cvprv%2Cmime%2Cns%2Cgir%2Cclen%2Cdur%2Clmt&lsparams=mh%2Cmm%2Cmn%2Cms%2Cmv%2Cmvi%2Cpl%2Cinitcwndbps&lsig=AG3C_xAwRQIhAM7Rc4MopePCP8xeQtz3s0s_aji-0m75SBrRaHaMtVxcAiAMwrt-eUn7roJXmrLRonqLwcJFbwjvmwX2Si5S0zEDMA%3D%3D&sig=AOq0QJ8wRAIgWX-ZWq5KVQTfmh8Lsusa77wXVU-gUal90zfmz1mNBdkCIA9ImBE4SbJhx_M5lrUAcsJTpoKUMM1AXOpmqYH97ece&ratebypass=yes", "player_url": "/s/player/5dd3f3b2/player_ias.vflset/en_US/base.js", "ext": "webm", "height": 240, "format_note": "240p", "vcodec": "vp9", "asr": null, "filesize": 657363, "fps": 25, "tbr": 107.969, "width": 240, "acodec": "none", "downloader_options": {"http_chunk_size": 10485760}, "format": "242 - 240x240 (240p)", "protocol": "https", "http_headers": {"User-Agent": "Mozilla/5.0 (Windows NT 10.0; Win64; x64) AppleWebKit/537.36 (KHTML, like Gecko) Chrome/72.0.3626.92 Safari/537.36", "Accept-Charset": "ISO-8859-1,utf-8;q=0.7,*;q=0.7", "Accept": "text/html,application/xhtml+xml,application/xml;q=0.9,*/*;q=0.8", "Accept-Encoding": "gzip, deflate", "Accept-Language": "en-us,en;q=0.5"}}, {"format_id": "133", "url": "https://r5---sn-5njj-u2xe.googlevideo.com/videoplayback?expire=1608639827&ei=85DhX7KiHN2ws8IP6-2smAM&ip=140.109.134.236&id=o-AO_22kgBORRD0b3FeDn5ObvQgqc5zVsFiQ-A82Iq56Gn&itag=133&aitags=133%2C134%2C135%2C136%2C137%2C160%2C242%2C243%2C244%2C247%2C248%2C278&source=youtube&requiressl=yes&mh=h8&mm=31%2C29&mn=sn-5njj-u2xe%2Csn-un57sn76&ms=au%2Crdu&mv=m&mvi=5&pl=16&gcr=tw&initcwndbps=342500&vprv=1&mime=video%2Fmp4&ns=qj-OC0qlzpqlYVFz3XEIntAF&gir=yes&clen=1523768&dur=118.800&lmt=1600318429242483&mt=1608618034&fvip=5&keepalive=yes&c=WEB&txp=2311222&n=Txz24F1H09Y9AMBH&sparams=expire%2Cei%2Cip%2Cid%2Caitags%2Csource%2Crequiressl%2Cgcr%2Cvprv%2Cmime%2Cns%2Cgir%2Cclen%2Cdur%2Clmt&lsparams=mh%2Cmm%2Cmn%2Cms%2Cmv%2Cmvi%2Cpl%2Cinitcwndbps&lsig=AG3C_xAwRQIgJ8c28l-jvok0N_sdvHTWTdUzBK8hOhU293ri_jGPK50CIQCMP8dPODZmLsJF9WMLsCDmCEg0oDcikU6LjbEwUxIEEQ%3D%3D&sig=AOq0QJ8wRgIhAPxGxVKCvA3ngmuRALQnPZ_qIwHllb0UAJyEv3TYAdn0AiEAwBIA7NvGS_vKgMT-zIQlq0eCjVV2S-gsfVOP6zmVpMw=&ratebypass=yes", "player_url": "/s/player/5dd3f3b2/player_ias.vflset/en_US/base.js", "ext": "mp4", "height": 240, "format_note": "240p", "vcodec": "avc1.4d400c", "asr": null, "filesize": 1523768, "fps": 25, "tbr": 126.692, "width": 240, "acodec": "none", "downloader_options": {"http_chunk_size": 10485760}, "format": "133 - 240x240 (240p)", "protocol": "https", "http_headers": {"User-Agent": "Mozilla/5.0 (Windows NT 10.0; Win64; x64) AppleWebKit/537.36 (KHTML, like Gecko) Chrome/72.0.3626.92 Safari/537.36", "Accept-Charset": "ISO-8859-1,utf-8;q=0.7,*;q=0.7", "Accept": "text/html,application/xhtml+xml,application/xml;q=0.9,*/*;q=0.8", "Accept-Encoding": "gzip, deflate", "Accept-Language": "en-us,en;q=0.5"}}, {"format_id": "243", "url": "https://r5---sn-5njj-u2xe.googlevideo.com/videoplayback?expire=1608639827&ei=85DhX7KiHN2ws8IP6-2smAM&ip=140.109.134.236&id=o-AO_22kgBORRD0b3FeDn5ObvQgqc5zVsFiQ-A82Iq56Gn&itag=243&aitags=133%2C134%2C135%2C136%2C137%2C160%2C242%2C243%2C244%2C247%2C248%2C278&source=youtube&requiressl=yes&mh=h8&mm=31%2C29&mn=sn-5njj-u2xe%2Csn-un57sn76&ms=au%2Crdu&mv=m&mvi=5&pl=16&gcr=tw&initcwndbps=342500&vprv=1&mime=video%2Fwebm&ns=qj-OC0qlzpqlYVFz3XEIntAF&gir=yes&clen=1069294&dur=118.800&lmt=1600319031672615&mt=1608618034&fvip=5&keepalive=yes&c=WEB&txp=2311224&n=Txz24F1H09Y9AMBH&sparams=expire%2Cei%2Cip%2Cid%2Caitags%2Csource%2Crequiressl%2Cgcr%2Cvprv%2Cmime%2Cns%2Cgir%2Cclen%2Cdur%2Clmt&lsparams=mh%2Cmm%2Cmn%2Cms%2Cmv%2Cmvi%2Cpl%2Cinitcwndbps&lsig=AG3C_xAwRQIhANADVV9XK-e9gyC_X4rsczOJogGAi42dYfZvlY0qs27QAiAO6QQPKmZBeWrjX9H0k-yLW9TtSGN1qYZqKCM1SQBubg%3D%3D&sig=AOq0QJ8wRQIgPCaZaLeU9RPclE0OYo0xAiJrF-AJ3Sto0E9kO6JdHAUCIQD2L7jbCZWDZECkdW_5iglqEB5xxLV02XogzAC4Mctqug==&ratebypass=yes", "player_url": "/s/player/5dd3f3b2/player_ias.vflset/en_US/base.js", "ext": "webm", "height": 360, "format_note": "360p", "vcodec": "vp9", "asr": null, "filesize": 1069294, "fps": 25, "tbr": 207.184, "width": 360, "acodec": "none", "downloader_options": {"http_chunk_size": 10485760}, "format": "243 - 360x360 (360p)", "protocol": "https", "http_headers": {"User-Agent": "Mozilla/5.0 (Windows NT 10.0; Win64; x64) AppleWebKit/537.36 (KHTML, like Gecko) Chrome/72.0.3626.92 Safari/537.36", "Accept-Charset": "ISO-8859-1,utf-8;q=0.7,*;q=0.7", "Accept": "text/html,application/xhtml+xml,application/xml;q=0.9,*/*;q=0.8", "Accept-Encoding": "gzip, deflate", "Accept-Language": "en-us,en;q=0.5"}}, {"format_id": "134", "url": "https://r5---sn-5njj-u2xe.googlevideo.com/videoplayback?expire=1608639827&ei=85DhX7KiHN2ws8IP6-2smAM&ip=140.109.134.236&id=o-AO_22kgBORRD0b3FeDn5ObvQgqc5zVsFiQ-A82Iq56Gn&itag=134&aitags=133%2C134%2C135%2C136%2C137%2C160%2C242%2C243%2C244%2C247%2C248%2C278&source=youtube&requiressl=yes&mh=h8&mm=31%2C29&mn=sn-5njj-u2xe%2Csn-un57sn76&ms=au%2Crdu&mv=m&mvi=5&pl=16&gcr=tw&initcwndbps=342500&vprv=1&mime=video%2Fmp4&ns=qj-OC0qlzpqlYVFz3XEIntAF&gir=yes&clen=1204231&dur=118.800&lmt=1600318429241416&mt=1608618034&fvip=5&keepalive=yes&c=WEB&txp=2311222&n=Txz24F1H09Y9AMBH&sparams=expire%2Cei%2Cip%2Cid%2Caitags%2Csource%2Crequiressl%2Cgcr%2Cvprv%2Cmime%2Cns%2Cgir%2Cclen%2Cdur%2Clmt&lsparams=mh%2Cmm%2Cmn%2Cms%2Cmv%2Cmvi%2Cpl%2Cinitcwndbps&lsig=AG3C_xAwRAIgW4GvLpU4Y6YIJoEotUD3tgSO2tkxwHHNxb8I3JP1RagCICITAO2qa3_f93wSjl0lWjZkOdPC1UwaD24F9AZrVGgc&sig=AOq0QJ8wRQIhANRXTMrMvZDu6vepStd0FnjQkZJBTe_BgBpN27hI8Az_AiBxykve-lGcJtavF5E84PX7-GtK8LDWLlfutvZdqVOW4A==&ratebypass=yes", "player_url": "/s/player/5dd3f3b2/player_ias.vflset/en_US/base.js", "ext": "mp4", "height": 360, "format_note": "360p", "vcodec": "avc1.4d4015", "asr": null, "filesize": 1204231, "fps": 25, "tbr": 328.307, "width": 360, "acodec": "none", "downloader_options": {"http_chunk_size": 10485760}, "format": "134 - 360x360 (360p)", "protocol": "https", "http_headers": {"User-Agent": "Mozilla/5.0 (Windows NT 10.0; Win64; x64) AppleWebKit/537.36 (KHTML, like Gecko) Chrome/72.0.3626.92 Safari/537.36", "Accept-Charset": "ISO-8859-1,utf-8;q=0.7,*;q=0.7", "Accept": "text/html,application/xhtml+xml,application/xml;q=0.9,*/*;q=0.8", "Accept-Encoding": "gzip, deflate", "Accept-Language": "en-us,en;q=0.5"}}, {"format_id": "244", "url": "https://r5---sn-5njj-u2xe.googlevideo.com/videoplayback?expire=1608639827&ei=85DhX7KiHN2ws8IP6-2smAM&ip=140.109.134.236&id=o-AO_22kgBORRD0b3FeDn5ObvQgqc5zVsFiQ-A82Iq56Gn&itag=244&aitags=133%2C134%2C135%2C136%2C137%2C160%2C242%2C243%2C244%2C247%2C248%2C278&source=youtube&requiressl=yes&mh=h8&mm=31%2C29&mn=sn-5njj-u2xe%2Csn-un57sn76&ms=au%2Crdu&mv=m&mvi=5&pl=16&gcr=tw&initcwndbps=342500&vprv=1&mime=video%2Fwebm&ns=qj-OC0qlzpqlYVFz3XEIntAF&gir=yes&clen=1920629&dur=118.800&lmt=1600319031733101&mt=1608618034&fvip=5&keepalive=yes&c=WEB&txp=2311224&n=Txz24F1H09Y9AMBH&sparams=expire%2Cei%2Cip%2Cid%2Caitags%2Csource%2Crequiressl%2Cgcr%2Cvprv%2Cmime%2Cns%2Cgir%2Cclen%2Cdur%2Clmt&lsparams=mh%2Cmm%2Cmn%2Cms%2Cmv%2Cmvi%2Cpl%2Cinitcwndbps&lsig=AG3C_xAwRAIgaxjKFSzeOL_Ce0oaT_rENNrKrVWV73MlfRpfRSInSlYCICoIEfbw1AY2n_EfWB_FnGV4ZgIM1hSb7e0Yyqf43qpf&sig=AOq0QJ8wRAIgWq0utqf2BKzvqn8jCYAuamJbYLzOgKgdPemzdpM-BXUCICxKjO8XHUWcKuLB3MkHpvwODl2N03lpVXPqdRoOATwC&ratebypass=yes", "player_url": "/s/player/5dd3f3b2/player_ias.vflset/en_US/base.js", "ext": "webm", "height": 480, "format_note": "480p", "vcodec": "vp9", "asr": null, "filesize": 1920629, "fps": 25, "tbr": 408.692, "width": 480, "acodec": "none", "downloader_options": {"http_chunk_size": 10485760}, "format": "244 - 480x480 (480p)", "protocol": "https", "http_headers": {"User-Agent": "Mozilla/5.0 (Windows NT 10.0; Win64; x64) AppleWebKit/537.36 (KHTML, like Gecko) Chrome/72.0.3626.92 Safari/537.36", "Accept-Charset": "ISO-8859-1,utf-8;q=0.7,*;q=0.7", "Accept": "text/html,application/xhtml+xml,application/xml;q=0.9,*/*;q=0.8", "Accept-Encoding": "gzip, deflate", "Accept-Language": "en-us,en;q=0.5"}}, {"format_id": "135", "url": "https://r5---sn-5njj-u2xe.googlevideo.com/videoplayback?expire=1608639827&ei=85DhX7KiHN2ws8IP6-2smAM&ip=140.109.134.236&id=o-AO_22kgBORRD0b3FeDn5ObvQgqc5zVsFiQ-A82Iq56Gn&itag=135&aitags=133%2C134%2C135%2C136%2C137%2C160%2C242%2C243%2C244%2C247%2C248%2C278&source=youtube&requiressl=yes&mh=h8&mm=31%2C29&mn=sn-5njj-u2xe%2Csn-un57sn76&ms=au%2Crdu&mv=m&mvi=5&pl=16&gcr=tw&initcwndbps=342500&vprv=1&mime=video%2Fmp4&ns=qj-OC0qlzpqlYVFz3XEIntAF&gir=yes&clen=2320372&dur=118.800&lmt=1600318429241982&mt=1608618034&fvip=5&keepalive=yes&c=WEB&txp=2311222&n=Txz24F1H09Y9AMBH&sparams=expire%2Cei%2Cip%2Cid%2Caitags%2Csource%2Crequiressl%2Cgcr%2Cvprv%2Cmime%2Cns%2Cgir%2Cclen%2Cdur%2Clmt&lsparams=mh%2Cmm%2Cmn%2Cms%2Cmv%2Cmvi%2Cpl%2Cinitcwndbps&lsig=AG3C_xAwRAIgIVIMMndYnOGT_ukI8ZWXHcjyzreLHZ16ItDHtsxULx0CIBR98lYOu4j0PCKlPa_l1F14lIo_WABp3cMzKndgH_QU&sig=AOq0QJ8wRAIgMzJRx0OPl1DR9gtbAz-AoMvfbLg0NG5VOwmIWq0iFRQCIB2B6-jIkD_rPS5QFi07xeIpIVxtuGv_x0YqgPE5bDU9&ratebypass=yes", "player_url": "/s/player/5dd3f3b2/player_ias.vflset/en_US/base.js", "ext": "mp4", "height": 480, "format_note": "480p", "vcodec": "avc1.4d401e", "asr": null, "filesize": 2320372, "fps": 25, "tbr": 654.769, "width": 480, "acodec": "none", "downloader_options": {"http_chunk_size": 10485760}, "format": "135 - 480x480 (480p)", "protocol": "https", "http_headers": {"User-Agent": "Mozilla/5.0 (Windows NT 10.0; Win64; x64) AppleWebKit/537.36 (KHTML, like Gecko) Chrome/72.0.3626.92 Safari/537.36", "Accept-Charset": "ISO-8859-1,utf-8;q=0.7,*;q=0.7", "Accept": "text/html,application/xhtml+xml,application/xml;q=0.9,*/*;q=0.8", "Accept-Encoding": "gzip, deflate", "Accept-Language": "en-us,en;q=0.5"}}, {"format_id": "247", "url": "https://r5---sn-5njj-u2xe.googlevideo.com/videoplayback?expire=1608639827&ei=85DhX7KiHN2ws8IP6-2smAM&ip=140.109.134.236&id=o-AO_22kgBORRD0b3FeDn5ObvQgqc5zVsFiQ-A82Iq56Gn&itag=247&aitags=133%2C134%2C135%2C136%2C137%2C160%2C242%2C243%2C244%2C247%2C248%2C278&source=youtube&requiressl=yes&mh=h8&mm=31%2C29&mn=sn-5njj-u2xe%2Csn-un57sn76&ms=au%2Crdu&mv=m&mvi=5&pl=16&gcr=tw&initcwndbps=342500&vprv=1&mime=video%2Fwebm&ns=qj-OC0qlzpqlYVFz3XEIntAF&gir=yes&clen=4143038&dur=118.800&lmt=1600319031711269&mt=1608618034&fvip=5&keepalive=yes&c=WEB&txp=2311224&n=Txz24F1H09Y9AMBH&sparams=expire%2Cei%2Cip%2Cid%2Caitags%2Csource%2Crequiressl%2Cgcr%2Cvprv%2Cmime%2Cns%2Cgir%2Cclen%2Cdur%2Clmt&lsparams=mh%2Cmm%2Cmn%2Cms%2Cmv%2Cmvi%2Cpl%2Cinitcwndbps&lsig=AG3C_xAwRQIgeNJiNeIv2tUPxkvaQsZPDwh-fRww1R6BYWEPXRD5CskCIQDhf09I2I14ML_3_kkr0AE4sMEmo6OasNTb4zXnepLakg%3D%3D&sig=AOq0QJ8wRQIgZivskZ8M9JC4m1jltQYXKiI03EGTGm2v0RCQExNIl3oCIQDep3t2blLteDjF3QCOODXli-JxVR5qeWBFZEeIYoZVUQ==&ratebypass=yes", "player_url": "/s/player/5dd3f3b2/player_ias.vflset/en_US/base.js", "ext": "webm", "height": 720, "format_note": "720p", "vcodec": "vp9", "asr": null, "filesize": 4143038, "fps": 25, "tbr": 905.169, "width": 720, "acodec": "none", "downloader_options": {"http_chunk_size": 10485760}, "format": "247 - 720x720 (720p)", "protocol": "https", "http_headers": {"User-Agent": "Mozilla/5.0 (Windows NT 10.0; Win64; x64) AppleWebKit/537.36 (KHTML, like Gecko) Chrome/72.0.3626.92 Safari/537.36", "Accept-Charset": "ISO-8859-1,utf-8;q=0.7,*;q=0.7", "Accept": "text/html,application/xhtml+xml,application/xml;q=0.9,*/*;q=0.8", "Accept-Encoding": "gzip, deflate", "Accept-Language": "en-us,en;q=0.5"}}, {"format_id": "136", "url": "https://r5---sn-5njj-u2xe.googlevideo.com/videoplayback?expire=1608639827&ei=85DhX7KiHN2ws8IP6-2smAM&ip=140.109.134.236&id=o-AO_22kgBORRD0b3FeDn5ObvQgqc5zVsFiQ-A82Iq56Gn&itag=136&aitags=133%2C134%2C135%2C136%2C137%2C160%2C242%2C243%2C244%2C247%2C248%2C278&source=youtube&requiressl=yes&mh=h8&mm=31%2C29&mn=sn-5njj-u2xe%2Csn-un57sn76&ms=au%2Crdu&mv=m&mvi=5&pl=16&gcr=tw&initcwndbps=342500&vprv=1&mime=video%2Fmp4&ns=qj-OC0qlzpqlYVFz3XEIntAF&gir=yes&clen=4737584&dur=118.800&lmt=1600318429249291&mt=1608618034&fvip=5&keepalive=yes&c=WEB&txp=2311222&n=Txz24F1H09Y9AMBH&sparams=expire%2Cei%2Cip%2Cid%2Caitags%2Csource%2Crequiressl%2Cgcr%2Cvprv%2Cmime%2Cns%2Cgir%2Cclen%2Cdur%2Clmt&lsparams=mh%2Cmm%2Cmn%2Cms%2Cmv%2Cmvi%2Cpl%2Cinitcwndbps&lsig=AG3C_xAwRAIgGqsSQSWlvehrQ2NhYRO1FtiC877ncTY6_rntn9OmN6YCIAY6GSqwBaOuZY_OsoqgWul9k7VA4m-1H-AvZ1F-pcZh&sig=AOq0QJ8wRAIgbBjKCTb52auxJaLGp2914ZXjJ0sjb9qrQBVvulDaAI0CIAOwVT9ADlN-JTKB5wmYR-jwVAnQZr41kJnVyOkl53Fe&ratebypass=yes", "player_url": "/s/player/5dd3f3b2/player_ias.vflset/en_US/base.js", "ext": "mp4", "height": 720, "format_note": "720p", "vcodec": "avc1.4d401f", "asr": null, "filesize": 4737584, "fps": 25, "tbr": 1323.084, "width": 720, "acodec": "none", "downloader_options": {"http_chunk_size": 10485760}, "format": "136 - 720x720 (720p)", "protocol": "https", "http_headers": {"User-Agent": "Mozilla/5.0 (Windows NT 10.0; Win64; x64) AppleWebKit/537.36 (KHTML, like Gecko) Chrome/72.0.3626.92 Safari/537.36", "Accept-Charset": "ISO-8859-1,utf-8;q=0.7,*;q=0.7", "Accept": "text/html,application/xhtml+xml,application/xml;q=0.9,*/*;q=0.8", "Accept-Encoding": "gzip, deflate", "Accept-Language": "en-us,en;q=0.5"}}, {"format_id": "248", "url": "https://r5---sn-5njj-u2xe.googlevideo.com/videoplayback?expire=1608639827&ei=85DhX7KiHN2ws8IP6-2smAM&ip=140.109.134.236&id=o-AO_22kgBORRD0b3FeDn5ObvQgqc5zVsFiQ-A82Iq56Gn&itag=248&aitags=133%2C134%2C135%2C136%2C137%2C160%2C242%2C243%2C244%2C247%2C248%2C278&source=youtube&requiressl=yes&mh=h8&mm=31%2C29&mn=sn-5njj-u2xe%2Csn-un57sn76&ms=au%2Crdu&mv=m&mvi=5&pl=16&gcr=tw&initcwndbps=342500&vprv=1&mime=video%2Fwebm&ns=qj-OC0qlzpqlYVFz3XEIntAF&gir=yes&clen=8114090&dur=118.800&lmt=1600319031743599&mt=1608618034&fvip=5&keepalive=yes&c=WEB&txp=2311224&n=Txz24F1H09Y9AMBH&sparams=expire%2Cei%2Cip%2Cid%2Caitags%2Csource%2Crequiressl%2Cgcr%2Cvprv%2Cmime%2Cns%2Cgir%2Cclen%2Cdur%2Clmt&lsparams=mh%2Cmm%2Cmn%2Cms%2Cmv%2Cmvi%2Cpl%2Cinitcwndbps&lsig=AG3C_xAwRQIhAJpTe8oyS9bxbH0WJ0h6vR-pGbT5U7U3VNcAvCJ71uW7AiBsnGNJHlhO_y7hvLxmSdYSOtt6CED51w_VVa0MpzexWw%3D%3D&sig=AOq0QJ8wRQIgO5wVoHb25R7BgxX8WdJwOYcCip0sBS5NcMwCVKCggVkCIQCLHakoedktNc8mDhl0DBKwfUzhv0j0AHsW7xg-z7u-ZA==&ratebypass=yes", "player_url": "/s/player/5dd3f3b2/player_ias.vflset/en_US/base.js", "ext": "webm", "height": 1080, "format_note": "1080p", "vcodec": "vp9", "asr": null, "filesize": 8114090, "fps": 25, "tbr": 1595.076, "width": 1080, "acodec": "none", "downloader_options": {"http_chunk_size": 10485760}, "format": "248 - 1080x1080 (1080p)", "protocol": "https", "http_headers": {"User-Agent": "Mozilla/5.0 (Windows NT 10.0; Win64; x64) AppleWebKit/537.36 (KHTML, like Gecko) Chrome/72.0.3626.92 Safari/537.36", "Accept-Charset": "ISO-8859-1,utf-8;q=0.7,*;q=0.7", "Accept": "text/html,application/xhtml+xml,application/xml;q=0.9,*/*;q=0.8", "Accept-Encoding": "gzip, deflate", "Accept-Language": "en-us,en;q=0.5"}}, {"format_id": "137", "url": "https://r5---sn-5njj-u2xe.googlevideo.com/videoplayback?expire=1608639827&ei=85DhX7KiHN2ws8IP6-2smAM&ip=140.109.134.236&id=o-AO_22kgBORRD0b3FeDn5ObvQgqc5zVsFiQ-A82Iq56Gn&itag=137&aitags=133%2C134%2C135%2C136%2C137%2C160%2C242%2C243%2C244%2C247%2C248%2C278&source=youtube&requiressl=yes&mh=h8&mm=31%2C29&mn=sn-5njj-u2xe%2Csn-un57sn76&ms=au%2Crdu&mv=m&mvi=5&pl=16&gcr=tw&initcwndbps=342500&vprv=1&mime=video%2Fmp4&ns=qj-OC0qlzpqlYVFz3XEIntAF&gir=yes&clen=9132031&dur=118.800&lmt=1600318429240768&mt=1608618034&fvip=5&keepalive=yes&c=WEB&txp=2311222&n=Txz24F1H09Y9AMBH&sparams=expire%2Cei%2Cip%2Cid%2Caitags%2Csource%2Crequiressl%2Cgcr%2Cvprv%2Cmime%2Cns%2Cgir%2Cclen%2Cdur%2Clmt&lsparams=mh%2Cmm%2Cmn%2Cms%2Cmv%2Cmvi%2Cpl%2Cinitcwndbps&lsig=AG3C_xAwRgIhAJxrYJWzxABnTF-IOTJN0YtKwI7DYy1zNSFMiO7Q-lHhAiEA__OuhWXnGSLpX5SZ7KZNCobHbf75Xsd3gYPn2mbBj4M%3D&sig=AOq0QJ8wRAIgDRdxVe5_J5mbYvEHupL_ei3vHP1H2hBV6vRgH3uPcPQCIEMnB1-DvaBeARj76tKjF-SF0FFFCJhWaAIBUY76Uxn8&ratebypass=yes", "player_url": "/s/player/5dd3f3b2/player_ias.vflset/en_US/base.js", "ext": "mp4", "height": 1080, "format_note": "1080p", "vcodec": "avc1.640020", "asr": null, "filesize": 9132031, "fps": 25, "tbr": 2463.93, "width": 1080, "acodec": "none", "downloader_options": {"http_chunk_size": 10485760}, "format": "137 - 1080x1080 (1080p)", "protocol": "https", "http_headers": {"User-Agent": "Mozilla/5.0 (Windows NT 10.0; Win64; x64) AppleWebKit/537.36 (KHTML, like Gecko) Chrome/72.0.3626.92 Safari/537.36", "Accept-Charset": "ISO-8859-1,utf-8;q=0.7,*;q=0.7", "Accept": "text/html,application/xhtml+xml,application/xml;q=0.9,*/*;q=0.8", "Accept-Encoding": "gzip, deflate", "Accept-Language": "en-us,en;q=0.5"}}, {"format_id": "18", "url": "https://r5---sn-5njj-u2xe.googlevideo.com/videoplayback?expire=1608639827&ei=85DhX7KiHN2ws8IP6-2smAM&ip=140.109.134.236&id=o-AO_22kgBORRD0b3FeDn5ObvQgqc5zVsFiQ-A82Iq56Gn&itag=18&source=youtube&requiressl=yes&mh=h8&mm=31%2C29&mn=sn-5njj-u2xe%2Csn-un57sn76&ms=au%2Crdu&mv=m&mvi=5&pl=16&gcr=tw&initcwndbps=342500&vprv=1&mime=video%2Fmp4&ns=7azdfFpBf6mu1KlfIqHXlpIF&gir=yes&clen=2651848&ratebypass=yes&dur=118.839&lmt=1600318174578245&mt=1608618034&fvip=5&c=WEB&txp=2310222&n=W6uvQCbllebZes-x&sparams=expire%2Cei%2Cip%2Cid%2Citag%2Csource%2Crequiressl%2Cgcr%2Cvprv%2Cmime%2Cns%2Cgir%2Cclen%2Cratebypass%2Cdur%2Clmt&lsparams=mh%2Cmm%2Cmn%2Cms%2Cmv%2Cmvi%2Cpl%2Cinitcwndbps&lsig=AG3C_xAwRQIgEZCSSfTmeB29aaf3Y07L-8AAEopqyxm4Lr07KXBkZrQCIQCCO-aguxAX6jGElF-3cGYUCsxUuRR1dKKCqMhECtM9pg%3D%3D&sig=AOq0QJ8wRAIgZV5zTp-zvg8JYzGAxp38RAaNhuZXgvBnNHuiRmYK5DECIC0nbq1Kk9QTNkDRkpg2FyagtGbBSM8uwWqtpIAgwLXp", "player_url": "/s/player/5dd3f3b2/player_ias.vflset/en_US/base.js", "ext": "mp4", "width": 360, "height": 360, "acodec": "mp4a.40.2", "abr": 96, "vcodec": "avc1.42001E", "asr": 44100, "filesize": 2651848, "format_note": "360p", "fps": 25, "tbr": 178.575, "format": "18 - 360x360 (360p)", "protocol": "https", "http_headers": {"User-Agent": "Mozilla/5.0 (Windows NT 10.0; Win64; x64) AppleWebKit/537.36 (KHTML, like Gecko) Chrome/72.0.3626.92 Safari/537.36", "Accept-Charset": "ISO-8859-1,utf-8;q=0.7,*;q=0.7", "Accept": "text/html,application/xhtml+xml,application/xml;q=0.9,*/*;q=0.8", "Accept-Encoding": "gzip, deflate", "Accept-Language": "en-us,en;q=0.5"}}], "is_live": null, "start_time": null, "end_time": null, "series": null, "season_number": null, "episode_number": null, "track": "Stars On High", "artist": "Alavilla Mailla", "album": "Stars On High", "release_date": "20200629", "release_year": 2020, "extractor": "youtube", "webpage_url_basename": "watch", "extractor_key": "Youtube", "playlist": null, "playlist_index": null, "thumbnail": "https://i.ytimg.com/vi_webp/nGkpcWNAxDU/maxresdefault.webp", "display_id": "nGkpcWNAxDU", "requested_subtitles": null, "format_id": "251", "url": "https://r5---sn-5njj-u2xe.googlevideo.com/videoplayback?expire=1608639827&ei=85DhX7KiHN2ws8IP6-2smAM&ip=140.109.134.236&id=o-AO_22kgBORRD0b3FeDn5ObvQgqc5zVsFiQ-A82Iq56Gn&itag=251&source=youtube&requiressl=yes&mh=h8&mm=31%2C29&mn=sn-5njj-u2xe%2Csn-un57sn76&ms=au%2Crdu&mv=m&mvi=5&pl=16&gcr=tw&initcwndbps=342500&vprv=1&mime=audio%2Fwebm&ns=qj-OC0qlzpqlYVFz3XEIntAF&gir=yes&clen=2416681&dur=118.821&lmt=1600318962809809&mt=1608618034&fvip=5&keepalive=yes&c=WEB&txp=2311224&n=Txz24F1H09Y9AMBH&sparams=expire%2Cei%2Cip%2Cid%2Citag%2Csource%2Crequiressl%2Cgcr%2Cvprv%2Cmime%2Cns%2Cgir%2Cclen%2Cdur%2Clmt&lsparams=mh%2Cmm%2Cmn%2Cms%2Cmv%2Cmvi%2Cpl%2Cinitcwndbps&lsig=AG3C_xAwRQIhAN-a2O-xtEdu_E1R9mtDG470W80Rv6jUYUGBB1N37YuZAiASV78MeukoVE5p3kxySfXDzD23eFeimGHBd8eUldo8jA%3D%3D&sig=AOq0QJ8wRQIhANpJRPzp12FSX9s31ZTJynQaEnZGhrOgaQI90EDtMi71AiAW5YV1IATTeJUzidxd7HdlNHZayomoSaIcszyfOwHrUg==&ratebypass=yes", "player_url": "/s/player/5dd3f3b2/player_ias.vflset/en_US/base.js", "ext": "webm", "format_note": "tiny", "acodec": "opus", "abr": 160, "asr": 48000, "filesize": 2416681, "fps": null, "height": null, "tbr": 175.485, "width": null, "vcodec": "none", "downloader_options": {"http_chunk_size": 10485760}, "format": "251 - audio only (tiny)", "protocol": "https", "http_headers": {"User-Agent": "Mozilla/5.0 (Windows NT 10.0; Win64; x64) AppleWebKit/537.36 (KHTML, like Gecko) Chrome/72.0.3626.92 Safari/537.36", "Accept-Charset": "ISO-8859-1,utf-8;q=0.7,*;q=0.7", "Accept": "text/html,application/xhtml+xml,application/xml;q=0.9,*/*;q=0.8", "Accept-Encoding": "gzip, deflate", "Accept-Language": "en-us,en;q=0.5"}}