{"id": "OgkB7PfqWzA", "uploader": "Kaipuu - Topic", "uploader_id": "UCguQKlctQU-9mCi4WwT0zFg", "uploader_url": "http://www.youtube.com/channel/UCguQKlctQU-9mCi4WwT0zFg", "channel_id": "UCguQKlctQU-9mCi4WwT0zFg", "channel_url": "http://www.youtube.com/channel/UCguQKlctQU-9mCi4WwT0zFg", "upload_date": "20200521", "license": null, "creator": "Kaipuu", "title": "Glow", "alt_title": "Glow", "thumbnails": [{"url": "https://i.ytimg.com/vi/OgkB7PfqWzA/hqdefault.jpg?sqp=-oaymwEYCKgBEF5IVfKriqkDCwgBFQAAiEIYAXAB&rs=AOn4CLAWedt5KLyRrcdlxGoMS9F2fHC0mQ", "width": 168, "height": 94, "resolution": "168x94", "id": "0"}, {"url": "https://i.ytimg.com/vi/OgkB7PfqWzA/hqdefault.jpg?sqp=-oaymwEYCMQBEG5IVfKriqkDCwgBFQAAiEIYAXAB&rs=AOn4CLAazJTm2e-8aFJicd6eO5bLRAXByQ", "width": 196, "height": 110, "resolution": "196x110", "id": "1"}, {"url": "https://i.ytimg.com/vi/OgkB7PfqWzA/hqdefault.jpg?sqp=-oaymwEZCPYBEIoBSFXyq4qpAwsIARUAAIhCGAFwAQ==&rs=AOn4CLCSjMF5gQLo8qHIXeSNlP4fb0bO3g", "width": 246, "height": 138, "resolution": "246x138", "id": "2"}, {"url": "https://i.ytimg.com/vi/OgkB7PfqWzA/hqdefault.jpg?sqp=-oaymwEZCNACELwBSFXyq4qpAwsIARUAAIhCGAFwAQ==&rs=AOn4CLBNIQMi-9RITpepIGR_6j9ySTKBlQ", "width": 336, "height": 188, "resolution": "336x188", "id": "3"}, {"url": "https://i.ytimg.com/vi_webp/OgkB7PfqWzA/maxresdefault.webp", "width": 1920, "height": 1080, "resolution": "1920x1080", "id": "4"}], "description": "Provided to YouTube by Soundrop\n\nGlow \u00b7 Kaipuu\n\nGlow\n\n\u2117 2020 Kaipuu\n\nReleased on: 2020-05-22\n\nComposer: Saku Maristo\n\nAuto-generated by YouTube.", "categories": ["Music"], "tags": ["Kaipuu", "Glow"], "subtitles": {}, "automatic_captions": {}, "duration": 132, "age_limit": 0, "annotations": null, "chapters": null, "webpage_url": "https://www.youtube.com/watch?v=OgkB7PfqWzA", "view_count": 34, "like_count": 3, "dislike_count": null, "average_rating": 5.0, "formats": [{"format_id": "249", "url": "https://r6---sn-5njj-u2xe.googlevideo.com/videoplayback?expire=1608123795&ei=M7HZX-KQEYyuqQHu6qKYCA&ip=140.109.135.166&id=o-APEymTXbl2W59GmhhYhbfqZLIe_qOWhkcClj8AhMLhMj&itag=249&source=youtube&requiressl=yes&mh=1n&mm=31%2C29&mn=sn-5njj-u2xe%2Csn-un57sn7z&ms=au%2Crdu&mv=m&mvi=6&pl=16&gcr=tw&initcwndbps=385000&vprv=1&mime=audio%2Fwebm&ns=wmSw1cMOK-uO4JGs6HjNARoF&gir=yes&clen=980537&dur=131.961&lmt=1589479147363740&mt=1608101795&fvip=6&keepalive=yes&c=WEB&txp=2311222&n=LL5J41_FGXFIgfTbT&sparams=expire%2Cei%2Cip%2Cid%2Citag%2Csource%2Crequiressl%2Cgcr%2Cvprv%2Cmime%2Cns%2Cgir%2Cclen%2Cdur%2Clmt&lsparams=mh%2Cmm%2Cmn%2Cms%2Cmv%2Cmvi%2Cpl%2Cinitcwndbps&lsig=AG3C_xAwRQIgNQ_4iP4ZWkofbgz10v5oBES3SxtH1a7Y4pwvmfdBpTkCIQCXy7KeE7vIqDn4Z0qyxMkloHHi__76oN7X-FAmK30yZg%3D%3D&sig=AOq0QJ8wRQIhAIVigfUfm7pPqKu2J8rBUuRqu8D5efHk9_jNh6Z_Z0GYAiBswwXFXPYhuuGAwfOebvjF-WEdmpBqYwCqSTDCMR4GFA==&ratebypass=yes", "player_url": "/s/player/62f90c99/player_ias.vflset/en_US/base.js", "ext": "webm", "format_note": "tiny", "acodec": "opus", "abr": 50, "asr": 48000, "filesize": 980537, "fps": null, "height": null, "tbr": 80.959, "width": null, "vcodec": "none", "downloader_options": {"http_chunk_size": 10485760}, "format": "249 - audio only (tiny)", "protocol": "https", "http_headers": {"User-Agent": "Mozilla/5.0 (Windows NT 10.0; Win64; x64) AppleWebKit/537.36 (KHTML, like Gecko) Chrome/70.0.3538.112 Safari/537.36", "Accept-Charset": "ISO-8859-1,utf-8;q=0.7,*;q=0.7", "Accept": "text/html,application/xhtml+xml,application/xml;q=0.9,*/*;q=0.8", "Accept-Encoding": "gzip, deflate", "Accept-Language": "en-us,en;q=0.5"}}, {"format_id": "250", "url": "https://r6---sn-5njj-u2xe.googlevideo.com/videoplayback?expire=1608123795&ei=M7HZX-KQEYyuqQHu6qKYCA&ip=140.109.135.166&id=o-APEymTXbl2W59GmhhYhbfqZLIe_qOWhkcClj8AhMLhMj&itag=250&source=youtube&requiressl=yes&mh=1n&mm=31%2C29&mn=sn-5njj-u2xe%2Csn-un57sn7z&ms=au%2Crdu&mv=m&mvi=6&pl=16&gcr=tw&initcwndbps=385000&vprv=1&mime=audio%2Fwebm&ns=wmSw1cMOK-uO4JGs6HjNARoF&gir=yes&clen=1291225&dur=131.961&lmt=1589479147770567&mt=1608101795&fvip=6&keepalive=yes&c=WEB&txp=2311222&n=LL5J41_FGXFIgfTbT&sparams=expire%2Cei%2Cip%2Cid%2Citag%2Csource%2Crequiressl%2Cgcr%2Cvprv%2Cmime%2Cns%2Cgir%2Cclen%2Cdur%2Clmt&lsparams=mh%2Cmm%2Cmn%2Cms%2Cmv%2Cmvi%2Cpl%2Cinitcwndbps&lsig=AG3C_xAwRAIgRkgLgo1fUse9WIxGAedE54rW-Ot-nQMT5jxN7I63KL8CIHGjiJi5GVAdA0BFfSLyB2qDXXj8E4sN-00IBgLySxmW&sig=AOq0QJ8wRQIgcVBaPfc4eGxYo6i5inP644j1l6w563Ttpy-VN4jLyycCIQCYredOs9XSQSTkDxHKzlLE2Uha3t9akSzM5uP55SAjvg==&ratebypass=yes", "player_url": "/s/player/62f90c99/player_ias.vflset/en_US/base.js", "ext": "webm", "format_note": "tiny", "acodec": "opus", "abr": 70, "asr": 48000, "filesize": 1291225, "fps": null, "height": null, "tbr": 104.065, "width": null, "vcodec": "none", "downloader_options": {"http_chunk_size": 10485760}, "format": "250 - audio only (tiny)", "protocol": "https", "http_headers": {"User-Agent": "Mozilla/5.0 (Windows NT 10.0; Win64; x64) AppleWebKit/537.36 (KHTML, like Gecko) Chrome/70.0.3538.112 Safari/537.36", "Accept-Charset": "ISO-8859-1,utf-8;q=0.7,*;q=0.7", "Accept": "text/html,application/xhtml+xml,application/xml;q=0.9,*/*;q=0.8", "Accept-Encoding": "gzip, deflate", "Accept-Language": "en-us,en;q=0.5"}}, {"format_id": "140", "url": "https://r6---sn-5njj-u2xe.googlevideo.com/videoplayback?expire=1608123795&ei=M7HZX-KQEYyuqQHu6qKYCA&ip=140.109.135.166&id=o-APEymTXbl2W59GmhhYhbfqZLIe_qOWhkcClj8AhMLhMj&itag=140&source=youtube&requiressl=yes&mh=1n&mm=31%2C29&mn=sn-5njj-u2xe%2Csn-un57sn7z&ms=au%2Crdu&mv=m&mvi=6&pl=16&gcr=tw&initcwndbps=385000&vprv=1&mime=audio%2Fmp4&ns=wmSw1cMOK-uO4JGs6HjNARoF&gir=yes&clen=2137425&dur=131.945&lmt=1589479166540286&mt=1608101795&fvip=6&keepalive=yes&c=WEB&txp=2311222&n=LL5J41_FGXFIgfTbT&sparams=expire%2Cei%2Cip%2Cid%2Citag%2Csource%2Crequiressl%2Cgcr%2Cvprv%2Cmime%2Cns%2Cgir%2Cclen%2Cdur%2Clmt&lsparams=mh%2Cmm%2Cmn%2Cms%2Cmv%2Cmvi%2Cpl%2Cinitcwndbps&lsig=AG3C_xAwRQIgDkEq-4AHwIyu-6SAMHYJIEe9jczzI00sbtscBdPKkW8CIQCr_bMHV_u3l68pTdEBhGbKTMk1EWqRS-vVBwfU65-IFQ%3D%3D&sig=AOq0QJ8wRQIgFTZqielrMHrdGB4N8jeFFwuO0nQBZNX3Bk6PWEc0KwoCIQDrXed9ZxmLx0owZR1L5CkKYxhgMam3iKkf6ipKKp5e1g==&ratebypass=yes", "player_url": "/s/player/62f90c99/player_ias.vflset/en_US/base.js", "ext": "m4a", "format_note": "tiny", "acodec": "mp4a.40.2", "abr": 128, "container": "m4a_dash", "asr": 44100, "filesize": 2137425, "fps": null, "height": null, "tbr": 131.182, "width": null, "vcodec": "none", "downloader_options": {"http_chunk_size": 10485760}, "format": "140 - audio only (tiny)", "protocol": "https", "http_headers": {"User-Agent": "Mozilla/5.0 (Windows NT 10.0; Win64; x64) AppleWebKit/537.36 (KHTML, like Gecko) Chrome/70.0.3538.112 Safari/537.36", "Accept-Charset": "ISO-8859-1,utf-8;q=0.7,*;q=0.7", "Accept": "text/html,application/xhtml+xml,application/xml;q=0.9,*/*;q=0.8", "Accept-Encoding": "gzip, deflate", "Accept-Language": "en-us,en;q=0.5"}}, {"format_id": "251", "url": "https://r6---sn-5njj-u2xe.googlevideo.com/videoplayback?expire=1608123795&ei=M7HZX-KQEYyuqQHu6qKYCA&ip=140.109.135.166&id=o-APEymTXbl2W59GmhhYhbfqZLIe_qOWhkcClj8AhMLhMj&itag=251&source=youtube&requiressl=yes&mh=1n&mm=31%2C29&mn=sn-5njj-u2xe%2Csn-un57sn7z&ms=au%2Crdu&mv=m&mvi=6&pl=16&gcr=tw&initcwndbps=385000&vprv=1&mime=audio%2Fwebm&ns=wmSw1cMOK-uO4JGs6HjNARoF&gir=yes&clen=2527964&dur=131.961&lmt=1589479148470854&mt=1608101795&fvip=6&keepalive=yes&c=WEB&txp=2311222&n=LL5J41_FGXFIgfTbT&sparams=expire%2Cei%2Cip%2Cid%2Citag%2Csource%2Crequiressl%2Cgcr%2Cvprv%2Cmime%2Cns%2Cgir%2Cclen%2Cdur%2Clmt&lsparams=mh%2Cmm%2Cmn%2Cms%2Cmv%2Cmvi%2Cpl%2Cinitcwndbps&lsig=AG3C_xAwRgIhALsTc40T9mb5ZIimGJjVBtRvCEPz6mLGSuYZ6K-7r6iaAiEA9yVPC5c_C8Uy6ZoAogxXtTiiWe3LCMrhFBhw8W7Mmkg%3D&sig=AOq0QJ8wRQIhAI84UTqi20gukyqsC_8Sx0SzLYzPSs76DgOgGkJPHMU8AiBdwQK6rLbiSTWl3YSjGqipGMbW1AL3Ph7lrqL10AG6eA==&ratebypass=yes", "player_url": "/s/player/62f90c99/player_ias.vflset/en_US/base.js", "ext": "webm", "format_note": "tiny", "acodec": "opus", "abr": 160, "asr": 48000, "filesize": 2527964, "fps": null, "height": null, "tbr": 203.228, "width": null, "vcodec": "none", "downloader_options": {"http_chunk_size": 10485760}, "format": "251 - audio only (tiny)", "protocol": "https", "http_headers": {"User-Agent": "Mozilla/5.0 (Windows NT 10.0; Win64; x64) AppleWebKit/537.36 (KHTML, like Gecko) Chrome/70.0.3538.112 Safari/537.36", "Accept-Charset": "ISO-8859-1,utf-8;q=0.7,*;q=0.7", "Accept": "text/html,application/xhtml+xml,application/xml;q=0.9,*/*;q=0.8", "Accept-Encoding": "gzip, deflate", "Accept-Language": "en-us,en;q=0.5"}}, {"format_id": "160", "url": "https://r6---sn-5njj-u2xe.googlevideo.com/videoplayback?expire=1608123795&ei=M7HZX-KQEYyuqQHu6qKYCA&ip=140.109.135.166&id=o-APEymTXbl2W59GmhhYhbfqZLIe_qOWhkcClj8AhMLhMj&itag=160&aitags=133%2C134%2C135%2C136%2C137%2C160%2C242%2C243%2C244%2C247%2C248%2C278&source=youtube&requiressl=yes&mh=1n&mm=31%2C29&mn=sn-5njj-u2xe%2Csn-un57sn7z&ms=au%2Crdu&mv=m&mvi=6&pl=16&gcr=tw&initcwndbps=385000&vprv=1&mime=video%2Fmp4&ns=wmSw1cMOK-uO4JGs6HjNARoF&gir=yes&clen=192677&dur=131.920&lmt=1589479155381424&mt=1608101795&fvip=6&keepalive=yes&c=WEB&txp=2316222&n=LL5J41_FGXFIgfTbT&sparams=expire%2Cei%2Cip%2Cid%2Caitags%2Csource%2Crequiressl%2Cgcr%2Cvprv%2Cmime%2Cns%2Cgir%2Cclen%2Cdur%2Clmt&lsparams=mh%2Cmm%2Cmn%2Cms%2Cmv%2Cmvi%2Cpl%2Cinitcwndbps&lsig=AG3C_xAwRAIgN9S-W5mZqOtMGDe0PWQoA6em8s9LK5DmeFRtHq4cXBwCIAmqduv-aMUyMIW1TirPm7O5hKiRkAWJ_CLwzGIbqb3Y&sig=AOq0QJ8wRgIhAOtpSoSYnXom0dRHmUeocTARnZ-jdW66s7YQD16ivud0AiEAq7rI-QsEwP69yEi0m5FOUE2M6Wcq95hYrexx6-U5BpY=&ratebypass=yes", "player_url": "/s/player/62f90c99/player_ias.vflset/en_US/base.js", "ext": "mp4", "height": 144, "format_note": "144p", "vcodec": "avc1.4d400b", "asr": null, "filesize": 192677, "fps": 25, "tbr": 13.61, "width": 144, "acodec": "none", "downloader_options": {"http_chunk_size": 10485760}, "format": "160 - 144x144 (144p)", "protocol": "https", "http_headers": {"User-Agent": "Mozilla/5.0 (Windows NT 10.0; Win64; x64) AppleWebKit/537.36 (KHTML, like Gecko) Chrome/70.0.3538.112 Safari/537.36", "Accept-Charset": "ISO-8859-1,utf-8;q=0.7,*;q=0.7", "Accept": "text/html,application/xhtml+xml,application/xml;q=0.9,*/*;q=0.8", "Accept-Encoding": "gzip, deflate", "Accept-Language": "en-us,en;q=0.5"}}, {"format_id": "278", "url": "https://r6---sn-5njj-u2xe.googlevideo.com/videoplayback?expire=1608123795&ei=M7HZX-KQEYyuqQHu6qKYCA&ip=140.109.135.166&id=o-APEymTXbl2W59GmhhYhbfqZLIe_qOWhkcClj8AhMLhMj&itag=278&aitags=133%2C134%2C135%2C136%2C137%2C160%2C242%2C243%2C244%2C247%2C248%2C278&source=youtube&requiressl=yes&mh=1n&mm=31%2C29&mn=sn-5njj-u2xe%2Csn-un57sn7z&ms=au%2Crdu&mv=m&mvi=6&pl=16&gcr=tw&initcwndbps=385000&vprv=1&mime=video%2Fwebm&ns=wmSw1cMOK-uO4JGs6HjNARoF&gir=yes&clen=209651&dur=131.920&lmt=1589479165359409&mt=1608101795&fvip=6&keepalive=yes&c=WEB&txp=2316222&n=LL5J41_FGXFIgfTbT&sparams=expire%2Cei%2Cip%2Cid%2Caitags%2Csource%2Crequiressl%2Cgcr%2Cvprv%2Cmime%2Cns%2Cgir%2Cclen%2Cdur%2Clmt&lsparams=mh%2Cmm%2Cmn%2Cms%2Cmv%2Cmvi%2Cpl%2Cinitcwndbps&lsig=AG3C_xAwRQIhALPdETioBF6NkX3EmXeEXHzufKf0Z9KOa_LwR0LKw4TlAiBETuPe-B6cYHGdaW8LsytuvNXZoOMSz562pTBKfl9bIQ%3D%3D&sig=AOq0QJ8wRgIhAP2JeE6-eRzu-oA24bybf7pzg8taS45RS3SB9MPGNB_uAiEAng6wua3iIVAFJh4GepkSnGXPver_nb7tcCI-y8rq5bw=&ratebypass=yes", "player_url": "/s/player/62f90c99/player_ias.vflset/en_US/base.js", "ext": "webm", "height": 144, "format_note": "144p", "container": "webm", "vcodec": "vp9", "asr": null, "filesize": 209651, "fps": 25, "tbr": 14.587, "width": 144, "acodec": "none", "downloader_options": {"http_chunk_size": 10485760}, "format": "278 - 144x144 (144p)", "protocol": "https", "http_headers": {"User-Agent": "Mozilla/5.0 (Windows NT 10.0; Win64; x64) AppleWebKit/537.36 (KHTML, like Gecko) Chrome/70.0.3538.112 Safari/537.36", "Accept-Charset": "ISO-8859-1,utf-8;q=0.7,*;q=0.7", "Accept": "text/html,application/xhtml+xml,application/xml;q=0.9,*/*;q=0.8", "Accept-Encoding": "gzip, deflate", "Accept-Language": "en-us,en;q=0.5"}}, {"format_id": "242", "url": "https://r6---sn-5njj-u2xe.googlevideo.com/videoplayback?expire=1608123795&ei=M7HZX-KQEYyuqQHu6qKYCA&ip=140.109.135.166&id=o-APEymTXbl2W59GmhhYhbfqZLIe_qOWhkcClj8AhMLhMj&itag=242&aitags=133%2C134%2C135%2C136%2C137%2C160%2C242%2C243%2C244%2C247%2C248%2C278&source=youtube&requiressl=yes&mh=1n&mm=31%2C29&mn=sn-5njj-u2xe%2Csn-un57sn7z&ms=au%2Crdu&mv=m&mvi=6&pl=16&gcr=tw&initcwndbps=385000&vprv=1&mime=video%2Fwebm&ns=wmSw1cMOK-uO4JGs6HjNARoF&gir=yes&clen=222321&dur=131.920&lmt=1589479165633576&mt=1608101795&fvip=6&keepalive=yes&c=WEB&txp=2316222&n=LL5J41_FGXFIgfTbT&sparams=expire%2Cei%2Cip%2Cid%2Caitags%2Csource%2Crequiressl%2Cgcr%2Cvprv%2Cmime%2Cns%2Cgir%2Cclen%2Cdur%2Clmt&lsparams=mh%2Cmm%2Cmn%2Cms%2Cmv%2Cmvi%2Cpl%2Cinitcwndbps&lsig=AG3C_xAwRAIgfIDSaoJnkWM4ee_TANUv3p2xxcTvnLNqGjfvJwSLx9gCIGnBUO7irYaQ6chhJWuvubqUfKnkYs4gR8A4o1oGRKdr&sig=AOq0QJ8wRQIgHZtjuwfjiuhjaa1ivD_EbpIvnyVEfvIMb8hHr5592GsCIQD4btKYmT0tfbRaoZmPUEZxLj0aL7NuMNzigimbCHrhMg==&ratebypass=yes", "player_url": "/s/player/62f90c99/player_ias.vflset/en_US/base.js", "ext": "webm", "height": 240, "format_note": "240p", "vcodec": "vp9", "asr": null, "filesize": 222321, "fps": 25, "tbr": 15.085, "width": 240, "acodec": "none", "downloader_options": {"http_chunk_size": 10485760}, "format": "242 - 240x240 (240p)", "protocol": "https", "http_headers": {"User-Agent": "Mozilla/5.0 (Windows NT 10.0; Win64; x64) AppleWebKit/537.36 (KHTML, like Gecko) Chrome/70.0.3538.112 Safari/537.36", "Accept-Charset": "ISO-8859-1,utf-8;q=0.7,*;q=0.7", "Accept": "text/html,application/xhtml+xml,application/xml;q=0.9,*/*;q=0.8", "Accept-Encoding": "gzip, deflate", "Accept-Language": "en-us,en;q=0.5"}}, {"format_id": "244", "url": "https://r6---sn-5njj-u2xe.googlevideo.com/videoplayback?expire=1608123795&ei=M7HZX-KQEYyuqQHu6qKYCA&ip=140.109.135.166&id=o-APEymTXbl2W59GmhhYhbfqZLIe_qOWhkcClj8AhMLhMj&itag=244&aitags=133%2C134%2C135%2C136%2C137%2C160%2C242%2C243%2C244%2C247%2C248%2C278&source=youtube&requiressl=yes&mh=1n&mm=31%2C29&mn=sn-5njj-u2xe%2Csn-un57sn7z&ms=au%2Crdu&mv=m&mvi=6&pl=16&gcr=tw&initcwndbps=385000&vprv=1&mime=video%2Fwebm&ns=wmSw1cMOK-uO4JGs6HjNARoF&gir=yes&clen=240029&dur=131.920&lmt=1589479165270631&mt=1608101795&fvip=6&keepalive=yes&c=WEB&txp=2316222&n=LL5J41_FGXFIgfTbT&sparams=expire%2Cei%2Cip%2Cid%2Caitags%2Csource%2Crequiressl%2Cgcr%2Cvprv%2Cmime%2Cns%2Cgir%2Cclen%2Cdur%2Clmt&lsparams=mh%2Cmm%2Cmn%2Cms%2Cmv%2Cmvi%2Cpl%2Cinitcwndbps&lsig=AG3C_xAwRAIgChrTbUQPBRbT8ZTcfq6qeNT7w0Kr0IqpcnfUsU9XJkACIGvG9IllY4u2C9bN9BgIClg_UUuRNvjU9bljNWEu_tYv&sig=AOq0QJ8wRQIgXCTYsl1fLhXjZrmIrUSTqqmkgixM50OrOa00eL8UoSoCIQCp0tmMqwlfKd1a82rwZYiucwlGSU5MlpiaCA6mpaWKfQ==&ratebypass=yes", "player_url": "/s/player/62f90c99/player_ias.vflset/en_US/base.js", "ext": "webm", "height": 480, "format_note": "480p", "vcodec": "vp9", "asr": null, "filesize": 240029, "fps": 25, "tbr": 16.93, "width": 480, "acodec": "none", "downloader_options": {"http_chunk_size": 10485760}, "format": "244 - 480x480 (480p)", "protocol": "https", "http_headers": {"User-Agent": "Mozilla/5.0 (Windows NT 10.0; Win64; x64) AppleWebKit/537.36 (KHTML, like Gecko) Chrome/70.0.3538.112 Safari/537.36", "Accept-Charset": "ISO-8859-1,utf-8;q=0.7,*;q=0.7", "Accept": "text/html,application/xhtml+xml,application/xml;q=0.9,*/*;q=0.8", "Accept-Encoding": "gzip, deflate", "Accept-Language": "en-us,en;q=0.5"}}, {"format_id": "243", "url": "https://r6---sn-5njj-u2xe.googlevideo.com/videoplayback?expire=1608123795&ei=M7HZX-KQEYyuqQHu6qKYCA&ip=140.109.135.166&id=o-APEymTXbl2W59GmhhYhbfqZLIe_qOWhkcClj8AhMLhMj&itag=243&aitags=133%2C134%2C135%2C136%2C137%2C160%2C242%2C243%2C244%2C247%2C248%2C278&source=youtube&requiressl=yes&mh=1n&mm=31%2C29&mn=sn-5njj-u2xe%2Csn-un57sn7z&ms=au%2Crdu&mv=m&mvi=6&pl=16&gcr=tw&initcwndbps=385000&vprv=1&mime=video%2Fwebm&ns=wmSw1cMOK-uO4JGs6HjNARoF&gir=yes&clen=266900&dur=131.920&lmt=1589479165273645&mt=1608101795&fvip=6&keepalive=yes&c=WEB&txp=2316222&n=LL5J41_FGXFIgfTbT&sparams=expire%2Cei%2Cip%2Cid%2Caitags%2Csource%2Crequiressl%2Cgcr%2Cvprv%2Cmime%2Cns%2Cgir%2Cclen%2Cdur%2Clmt&lsparams=mh%2Cmm%2Cmn%2Cms%2Cmv%2Cmvi%2Cpl%2Cinitcwndbps&lsig=AG3C_xAwRQIhAOBeHqU6LzZIcGAV5ye4WziR-dj_RgPkpB7cnxpkuAvDAiBqYn0E_aIqsN7lxLjv70A-8Wn2ETg31OFZr_8VEXxyug%3D%3D&sig=AOq0QJ8wRgIhALyQ6X3xVTfABbFe4JcfblBOauAc5g-0tmeToD0exKLoAiEAnoXUYC2ExHp9WDZ1BY3yyNDV46V4AC7OLDG7ptHtMa4=&ratebypass=yes", "player_url": "/s/player/62f90c99/player_ias.vflset/en_US/base.js", "ext": "webm", "height": 360, "format_note": "360p", "vcodec": "vp9", "asr": null, "filesize": 266900, "fps": 25, "tbr": 18.148, "width": 360, "acodec": "none", "downloader_options": {"http_chunk_size": 10485760}, "format": "243 - 360x360 (360p)", "protocol": "https", "http_headers": {"User-Agent": "Mozilla/5.0 (Windows NT 10.0; Win64; x64) AppleWebKit/537.36 (KHTML, like Gecko) Chrome/70.0.3538.112 Safari/537.36", "Accept-Charset": "ISO-8859-1,utf-8;q=0.7,*;q=0.7", "Accept": "text/html,application/xhtml+xml,application/xml;q=0.9,*/*;q=0.8", "Accept-Encoding": "gzip, deflate", "Accept-Language": "en-us,en;q=0.5"}}, {"format_id": "133", "url": "https://r6---sn-5njj-u2xe.googlevideo.com/videoplayback?expire=1608123795&ei=M7HZX-KQEYyuqQHu6qKYCA&ip=140.109.135.166&id=o-APEymTXbl2W59GmhhYhbfqZLIe_qOWhkcClj8AhMLhMj&itag=133&aitags=133%2C134%2C135%2C136%2C137%2C160%2C242%2C243%2C244%2C247%2C248%2C278&source=youtube&requiressl=yes&mh=1n&mm=31%2C29&mn=sn-5njj-u2xe%2Csn-un57sn7z&ms=au%2Crdu&mv=m&mvi=6&pl=16&gcr=tw&initcwndbps=385000&vprv=1&mime=video%2Fmp4&ns=wmSw1cMOK-uO4JGs6HjNARoF&gir=yes&clen=287129&dur=131.920&lmt=1589479155390584&mt=1608101795&fvip=6&keepalive=yes&c=WEB&txp=2316222&n=LL5J41_FGXFIgfTbT&sparams=expire%2Cei%2Cip%2Cid%2Caitags%2Csource%2Crequiressl%2Cgcr%2Cvprv%2Cmime%2Cns%2Cgir%2Cclen%2Cdur%2Clmt&lsparams=mh%2Cmm%2Cmn%2Cms%2Cmv%2Cmvi%2Cpl%2Cinitcwndbps&lsig=AG3C_xAwRgIhAPQdlAV1luUHzm5kSH4rmfQJwvfXqRDpARIR2ROegZy5AiEAx2FwBQrFONuvI7BXzOhQddtCOR_zurQP3rIkCluZft8%3D&sig=AOq0QJ8wRQIgI_Rmer88UJZ0cUvt6DVVnnHmDY3af0VyVeiSh1pGMqQCIQCyGMZvaVOUBt_K_QW9RWeHiUgXiBZEsqLFpdg1talGIg==&ratebypass=yes", "player_url": "/s/player/62f90c99/player_ias.vflset/en_US/base.js", "ext": "mp4", "height": 240, "format_note": "240p", "vcodec": "avc1.4d400c", "asr": null, "filesize": 287129, "fps": 25, "tbr": 19.838, "width": 240, "acodec": "none", "downloader_options": {"http_chunk_size": 10485760}, "format": "133 - 240x240 (240p)", "protocol": "https", "http_headers": {"User-Agent": "Mozilla/5.0 (Windows NT 10.0; Win64; x64) AppleWebKit/537.36 (KHTML, like Gecko) Chrome/70.0.3538.112 Safari/537.36", "Accept-Charset": "ISO-8859-1,utf-8;q=0.7,*;q=0.7", "Accept": "text/html,application/xhtml+xml,application/xml;q=0.9,*/*;q=0.8", "Accept-Encoding": "gzip, deflate", "Accept-Language": "en-us,en;q=0.5"}}, {"format_id": "247", "url": "https://r6---sn-5njj-u2xe.googlevideo.com/videoplayback?expire=1608123795&ei=M7HZX-KQEYyuqQHu6qKYCA&ip=140.109.135.166&id=o-APEymTXbl2W59GmhhYhbfqZLIe_qOWhkcClj8AhMLhMj&itag=247&aitags=133%2C134%2C135%2C136%2C137%2C160%2C242%2C243%2C244%2C247%2C248%2C278&source=youtube&requiressl=yes&mh=1n&mm=31%2C29&mn=sn-5njj-u2xe%2Csn-un57sn7z&ms=au%2Crdu&mv=m&mvi=6&pl=16&gcr=tw&initcwndbps=385000&vprv=1&mime=video%2Fwebm&ns=wmSw1cMOK-uO4JGs6HjNARoF&gir=yes&clen=391054&dur=131.920&lmt=1589479165206773&mt=1608101795&fvip=6&keepalive=yes&c=WEB&txp=2316222&n=LL5J41_FGXFIgfTbT&sparams=expire%2Cei%2Cip%2Cid%2Caitags%2Csource%2Crequiressl%2Cgcr%2Cvprv%2Cmime%2Cns%2Cgir%2Cclen%2Cdur%2Clmt&lsparams=mh%2Cmm%2Cmn%2Cms%2Cmv%2Cmvi%2Cpl%2Cinitcwndbps&lsig=AG3C_xAwRAIgTrH0yw0eyDOhqdIFiMFA2_D8D_4H4LnGW021liOI8OMCIAH_pTLR2J_f4He84GuzxfxXgaQKVzcu3rhetn3kj7iu&sig=AOq0QJ8wRQIgTLlq0CEZVxUKS1hFwGCuzJekaPBTpEvfQfnAduyR8p8CIQC_SguijxALRPXb5PrI7h0UeJyr5WdKBta4O4028WUz_Q==&ratebypass=yes", "player_url": "/s/player/62f90c99/player_ias.vflset/en_US/base.js", "ext": "webm", "height": 720, "format_note": "720p", "vcodec": "vp9", "asr": null, "filesize": 391054, "fps": 25, "tbr": 26.463, "width": 720, "acodec": "none", "downloader_options": {"http_chunk_size": 10485760}, "format": "247 - 720x720 (720p)", "protocol": "https", "http_headers": {"User-Agent": "Mozilla/5.0 (Windows NT 10.0; Win64; x64) AppleWebKit/537.36 (KHTML, like Gecko) Chrome/70.0.3538.112 Safari/537.36", "Accept-Charset": "ISO-8859-1,utf-8;q=0.7,*;q=0.7", "Accept": "text/html,application/xhtml+xml,application/xml;q=0.9,*/*;q=0.8", "Accept-Encoding": "gzip, deflate", "Accept-Language": "en-us,en;q=0.5"}}, {"format_id": "134", "url": "https://r6---sn-5njj-u2xe.googlevideo.com/videoplayback?expire=1608123795&ei=M7HZX-KQEYyuqQHu6qKYCA&ip=140.109.135.166&id=o-APEymTXbl2W59GmhhYhbfqZLIe_qOWhkcClj8AhMLhMj&itag=134&aitags=133%2C134%2C135%2C136%2C137%2C160%2C242%2C243%2C244%2C247%2C248%2C278&source=youtube&requiressl=yes&mh=1n&mm=31%2C29&mn=sn-5njj-u2xe%2Csn-un57sn7z&ms=au%2Crdu&mv=m&mvi=6&pl=16&gcr=tw&initcwndbps=385000&vprv=1&mime=video%2Fmp4&ns=wmSw1cMOK-uO4JGs6HjNARoF&gir=yes&clen=418889&dur=131.920&lmt=1589479155389338&mt=1608101795&fvip=6&keepalive=yes&c=WEB&txp=2316222&n=LL5J41_FGXFIgfTbT&sparams=expire%2Cei%2Cip%2Cid%2Caitags%2Csource%2Crequiressl%2Cgcr%2Cvprv%2Cmime%2Cns%2Cgir%2Cclen%2Cdur%2Clmt&lsparams=mh%2Cmm%2Cmn%2Cms%2Cmv%2Cmvi%2Cpl%2Cinitcwndbps&lsig=AG3C_xAwRAIgEG7IEg61oijuKKqDAmYpVK7CCvkPq-D560rL-A5b7gwCIEVEEJ4OOz23zHk09krXN7SpQOd8FHOb1zVNqgVGYh2c&sig=AOq0QJ8wRAIgHhawjTLK0kyJH7qARz90QyY6rONuLrhKdXLEagWoda4CIEpToeoYI5tdQwQdBeZECBsuiGJj204c1GSjFWnoZK4v&ratebypass=yes", "player_url": "/s/player/62f90c99/player_ias.vflset/en_US/base.js", "ext": "mp4", "height": 360, "format_note": "360p", "vcodec": "avc1.4d4015", "asr": null, "filesize": 418889, "fps": 25, "tbr": 31.232, "width": 360, "acodec": "none", "downloader_options": {"http_chunk_size": 10485760}, "format": "134 - 360x360 (360p)", "protocol": "https", "http_headers": {"User-Agent": "Mozilla/5.0 (Windows NT 10.0; Win64; x64) AppleWebKit/537.36 (KHTML, like Gecko) Chrome/70.0.3538.112 Safari/537.36", "Accept-Charset": "ISO-8859-1,utf-8;q=0.7,*;q=0.7", "Accept": "text/html,application/xhtml+xml,application/xml;q=0.9,*/*;q=0.8", "Accept-Encoding": "gzip, deflate", "Accept-Language": "en-us,en;q=0.5"}}, {"format_id": "248", "url": "https://r6---sn-5njj-u2xe.googlevideo.com/videoplayback?expire=1608123795&ei=M7HZX-KQEYyuqQHu6qKYCA&ip=140.109.135.166&id=o-APEymTXbl2W59GmhhYhbfqZLIe_qOWhkcClj8AhMLhMj&itag=248&aitags=133%2C134%2C135%2C136%2C137%2C160%2C242%2C243%2C244%2C247%2C248%2C278&source=youtube&requiressl=yes&mh=1n&mm=31%2C29&mn=sn-5njj-u2xe%2Csn-un57sn7z&ms=au%2Crdu&mv=m&mvi=6&pl=16&gcr=tw&initcwndbps=385000&vprv=1&mime=video%2Fwebm&ns=wmSw1cMOK-uO4JGs6HjNARoF&gir=yes&clen=584260&dur=131.920&lmt=1589479165232110&mt=1608101795&fvip=6&keepalive=yes&c=WEB&txp=2316222&n=LL5J41_FGXFIgfTbT&sparams=expire%2Cei%2Cip%2Cid%2Caitags%2Csource%2Crequiressl%2Cgcr%2Cvprv%2Cmime%2Cns%2Cgir%2Cclen%2Cdur%2Clmt&lsparams=mh%2Cmm%2Cmn%2Cms%2Cmv%2Cmvi%2Cpl%2Cinitcwndbps&lsig=AG3C_xAwRQIgBvLoOhDeq5jNfPkeFbqtNYacDuHOeoftFSl5aO5ZteACIQD3ohov7bAq0__dMKzRlIAhMVVXwvH8Sfh4O_ExYESOIg%3D%3D&sig=AOq0QJ8wRQIhANXsaFk9ag2_gVFgFmD8srQuCIOdnQ8bWtogR2TNumPIAiBDFIyYWJx79ZuitkEpNdCNkU19DgU9TaNrXggoaE6QIA==&ratebypass=yes", "player_url": "/s/player/62f90c99/player_ias.vflset/en_US/base.js", "ext": "webm", "height": 1080, "format_note": "1080p", "vcodec": "vp9", "asr": null, "filesize": 584260, "fps": 25, "tbr": 42.716, "width": 1080, "acodec": "none", "downloader_options": {"http_chunk_size": 10485760}, "format": "248 - 1080x1080 (1080p)", "protocol": "https", "http_headers": {"User-Agent": "Mozilla/5.0 (Windows NT 10.0; Win64; x64) AppleWebKit/537.36 (KHTML, like Gecko) Chrome/70.0.3538.112 Safari/537.36", "Accept-Charset": "ISO-8859-1,utf-8;q=0.7,*;q=0.7", "Accept": "text/html,application/xhtml+xml,application/xml;q=0.9,*/*;q=0.8", "Accept-Encoding": "gzip, deflate", "Accept-Language": "en-us,en;q=0.5"}}, {"format_id": "135", "url": "https://r6---sn-5njj-u2xe.googlevideo.com/videoplayback?expire=1608123795&ei=M7HZX-KQEYyuqQHu6qKYCA&ip=140.109.135.166&id=o-APEymTXbl2W59GmhhYhbfqZLIe_qOWhkcClj8AhMLhMj&itag=135&aitags=133%2C134%2C135%2C136%2C137%2C160%2C242%2C243%2C244%2C247%2C248%2C278&source=youtube&requiressl=yes&mh=1n&mm=31%2C29&mn=sn-5njj-u2xe%2Csn-un57sn7z&ms=au%2Crdu&mv=m&mvi=6&pl=16&gcr=tw&initcwndbps=385000&vprv=1&mime=video%2Fmp4&ns=wmSw1cMOK-uO4JGs6HjNARoF&gir=yes&clen=651088&dur=131.920&lmt=1589479155382820&mt=1608101795&fvip=6&keepalive=yes&c=WEB&txp=2316222&n=LL5J41_FGXFIgfTbT&sparams=expire%2Cei%2Cip%2Cid%2Caitags%2Csource%2Crequiressl%2Cgcr%2Cvprv%2Cmime%2Cns%2Cgir%2Cclen%2Cdur%2Clmt&lsparams=mh%2Cmm%2Cmn%2Cms%2Cmv%2Cmvi%2Cpl%2Cinitcwndbps&lsig=AG3C_xAwRQIhAJY9IdWoDRUFI34pS-w2owrzOZMTPMVnJiu4M4Kiry38AiBK649IlBlb7pDazmX1JayrMVFuijsdgEceWenrJsdicQ%3D%3D&sig=AOq0QJ8wRQIhAKQSEHXvxSs2w3b8Ns3yVzkAM0yyr0Ck6xtKAUXPzDWJAiAExfq37X8wG4lJxf4Fo223Ct2kpzO4eisqVDQNe3xNhA==&ratebypass=yes", "player_url": "/s/player/62f90c99/player_ias.vflset/en_US/base.js", "ext": "mp4", "height": 480, "format_note": "480p", "vcodec": "avc1.4d401e", "asr": null, "filesize": 651088, "fps": 25, "tbr": 49.344, "width": 480, "acodec": "none", "downloader_options": {"http_chunk_size": 10485760}, "format": "135 - 480x480 (480p)", "protocol": "https", "http_headers": {"User-Agent": "Mozilla/5.0 (Windows NT 10.0; Win64; x64) AppleWebKit/537.36 (KHTML, like Gecko) Chrome/70.0.3538.112 Safari/537.36", "Accept-Charset": "ISO-8859-1,utf-8;q=0.7,*;q=0.7", "Accept": "text/html,application/xhtml+xml,application/xml;q=0.9,*/*;q=0.8", "Accept-Encoding": "gzip, deflate", "Accept-Language": "en-us,en;q=0.5"}}, {"format_id": "136", "url": "https://r6---sn-5njj-u2xe.googlevideo.com/videoplayback?expire=1608123795&ei=M7HZX-KQEYyuqQHu6qKYCA&ip=140.109.135.166&id=o-APEymTXbl2W59GmhhYhbfqZLIe_qOWhkcClj8AhMLhMj&itag=136&aitags=133%2C134%2C135%2C136%2C137%2C160%2C242%2C243%2C244%2C247%2C248%2C278&source=youtube&requiressl=yes&mh=1n&mm=31%2C29&mn=sn-5njj-u2xe%2Csn-un57sn7z&ms=au%2Crdu&mv=m&mvi=6&pl=16&gcr=tw&initcwndbps=385000&vprv=1&mime=video%2Fmp4&ns=wmSw1cMOK-uO4JGs6HjNARoF&gir=yes&clen=1063235&dur=131.920&lmt=1589479155379130&mt=1608101795&fvip=6&keepalive=yes&c=WEB&txp=2316222&n=LL5J41_FGXFIgfTbT&sparams=expire%2Cei%2Cip%2Cid%2Caitags%2Csource%2Crequiressl%2Cgcr%2Cvprv%2Cmime%2Cns%2Cgir%2Cclen%2Cdur%2Clmt&lsparams=mh%2Cmm%2Cmn%2Cms%2Cmv%2Cmvi%2Cpl%2Cinitcwndbps&lsig=AG3C_xAwRgIhALTXRNBdA7ZNhKuJO8WsEQpuJ-fJQtJa7h3HcIbTozM_AiEAnTfRJGU_EkcsoNiI-V1ltLS2MJNH4f5VMtBQOInYn8k%3D&sig=AOq0QJ8wRAIgBL5JtkFjKYsTFtCGg0CEVKnlb1adZs3pA3Hu3ykaYWUCIDRdpo3fT8uPsXPrD2uKTKzVbx15Ba7GmlN9dz-1jbBL&ratebypass=yes", "player_url": "/s/player/62f90c99/player_ias.vflset/en_US/base.js", "ext": "mp4", "height": 720, "format_note": "720p", "vcodec": "avc1.4d401f", "asr": null, "filesize": 1063235, "fps": 25, "tbr": 81.177, "width": 720, "acodec": "none", "downloader_options": {"http_chunk_size": 10485760}, "format": "136 - 720x720 (720p)", "protocol": "https", "http_headers": {"User-Agent": "Mozilla/5.0 (Windows NT 10.0; Win64; x64) AppleWebKit/537.36 (KHTML, like Gecko) Chrome/70.0.3538.112 Safari/537.36", "Accept-Charset": "ISO-8859-1,utf-8;q=0.7,*;q=0.7", "Accept": "text/html,application/xhtml+xml,application/xml;q=0.9,*/*;q=0.8", "Accept-Encoding": "gzip, deflate", "Accept-Language": "en-us,en;q=0.5"}}, {"format_id": "137", "url": "https://r6---sn-5njj-u2xe.googlevideo.com/videoplayback?expire=1608123795&ei=M7HZX-KQEYyuqQHu6qKYCA&ip=140.109.135.166&id=o-APEymTXbl2W59GmhhYhbfqZLIe_qOWhkcClj8AhMLhMj&itag=137&aitags=133%2C134%2C135%2C136%2C137%2C160%2C242%2C243%2C244%2C247%2C248%2C278&source=youtube&requiressl=yes&mh=1n&mm=31%2C29&mn=sn-5njj-u2xe%2Csn-un57sn7z&ms=au%2Crdu&mv=m&mvi=6&pl=16&gcr=tw&initcwndbps=385000&vprv=1&mime=video%2Fmp4&ns=wmSw1cMOK-uO4JGs6HjNARoF&gir=yes&clen=1943865&dur=131.920&lmt=1589479155379822&mt=1608101795&fvip=6&keepalive=yes&c=WEB&txp=2316222&n=LL5J41_FGXFIgfTbT&sparams=expire%2Cei%2Cip%2Cid%2Caitags%2Csource%2Crequiressl%2Cgcr%2Cvprv%2Cmime%2Cns%2Cgir%2Cclen%2Cdur%2Clmt&lsparams=mh%2Cmm%2Cmn%2Cms%2Cmv%2Cmvi%2Cpl%2Cinitcwndbps&lsig=AG3C_xAwRgIhAKhSaT4UcfaZBU8GfK6IzhetMeueOYuvPE8cDbjdujn6AiEA6_RnXIGi7jSgt07FlF1ZtEAtI8FcfPat8FljoWMS_hU%3D&sig=AOq0QJ8wRAIgTvZGXwV-ABij_qurwgYWYkqKQ-r5WGxxiJmnj3hOTyoCIEBM_ZgujcH8ZppHAmichtxiR6Vx2HB7pWHxFtIhflZ7&ratebypass=yes", "player_url": "/s/player/62f90c99/player_ias.vflset/en_US/base.js", "ext": "mp4", "height": 1080, "format_note": "1080p", "vcodec": "avc1.640020", "asr": null, "filesize": 1943865, "fps": 25, "tbr": 148.755, "width": 1080, "acodec": "none", "downloader_options": {"http_chunk_size": 10485760}, "format": "137 - 1080x1080 (1080p)", "protocol": "https", "http_headers": {"User-Agent": "Mozilla/5.0 (Windows NT 10.0; Win64; x64) AppleWebKit/537.36 (KHTML, like Gecko) Chrome/70.0.3538.112 Safari/537.36", "Accept-Charset": "ISO-8859-1,utf-8;q=0.7,*;q=0.7", "Accept": "text/html,application/xhtml+xml,application/xml;q=0.9,*/*;q=0.8", "Accept-Encoding": "gzip, deflate", "Accept-Language": "en-us,en;q=0.5"}}, {"format_id": "18", "url": "https://r6---sn-5njj-u2xe.googlevideo.com/videoplayback?expire=1608123795&ei=M7HZX-KQEYyuqQHu6qKYCA&ip=140.109.135.166&id=o-APEymTXbl2W59GmhhYhbfqZLIe_qOWhkcClj8AhMLhMj&itag=18&source=youtube&requiressl=yes&mh=1n&mm=31%2C29&mn=sn-5njj-u2xe%2Csn-un57sn7z&ms=au%2Crdu&mv=m&mvi=6&pl=16&gcr=tw&initcwndbps=385000&vprv=1&mime=video%2Fmp4&ns=xPGeGGSQjRlf12A9GItpm98F&gir=yes&clen=2074517&ratebypass=yes&dur=131.982&lmt=1589479156138591&mt=1608101795&fvip=6&c=WEB&txp=2316222&n=xHmJLOMEpIrDkwIs0&sparams=expire%2Cei%2Cip%2Cid%2Citag%2Csource%2Crequiressl%2Cgcr%2Cvprv%2Cmime%2Cns%2Cgir%2Cclen%2Cratebypass%2Cdur%2Clmt&lsparams=mh%2Cmm%2Cmn%2Cms%2Cmv%2Cmvi%2Cpl%2Cinitcwndbps&lsig=AG3C_xAwRAIgLRXKWUxQfV4S5md3ifamg43u0rhapGb_OHwEPZJ4qUQCICSoS34MPFyB1ERXQVHUuMvxG3LfE5a_VGUsSJg74Scc&sig=AOq0QJ8wRgIhAI2gz_VeMyPprcLXerC4t7uHZQE0fshUatvAnK4OzGo6AiEAyRdpqg2fOCm2a8lbMq-2kY4jFhBkulxVO1uKpuBJC_o=", "player_url": "/s/player/62f90c99/player_ias.vflset/en_US/base.js", "ext": "mp4", "width": 360, "height": 360, "acodec": "mp4a.40.2", "abr": 96, "vcodec": "avc1.42001E", "asr": 44100, "filesize": 2074517, "format_note": "360p", "fps": 25, "tbr": 125.804, "format": "18 - 360x360 (360p)", "protocol": "https", "http_headers": {"User-Agent": "Mozilla/5.0 (Windows NT 10.0; Win64; x64) AppleWebKit/537.36 (KHTML, like Gecko) Chrome/70.0.3538.112 Safari/537.36", "Accept-Charset": "ISO-8859-1,utf-8;q=0.7,*;q=0.7", "Accept": "text/html,application/xhtml+xml,application/xml;q=0.9,*/*;q=0.8", "Accept-Encoding": "gzip, deflate", "Accept-Language": "en-us,en;q=0.5"}}], "is_live": null, "start_time": null, "end_time": null, "series": null, "season_number": null, "episode_number": null, "track": "Glow", "artist": "Kaipuu", "album": "Glow", "release_date": "20200522", "release_year": 2020, "extractor": "youtube", "webpage_url_basename": "watch", "extractor_key": "Youtube", "playlist": null, "playlist_index": null, "thumbnail": "https://i.ytimg.com/vi_webp/OgkB7PfqWzA/maxresdefault.webp", "display_id": "OgkB7PfqWzA", "requested_subtitles": null, "format_id": "251", "url": "https://r6---sn-5njj-u2xe.googlevideo.com/videoplayback?expire=1608123795&ei=M7HZX-KQEYyuqQHu6qKYCA&ip=140.109.135.166&id=o-APEymTXbl2W59GmhhYhbfqZLIe_qOWhkcClj8AhMLhMj&itag=251&source=youtube&requiressl=yes&mh=1n&mm=31%2C29&mn=sn-5njj-u2xe%2Csn-un57sn7z&ms=au%2Crdu&mv=m&mvi=6&pl=16&gcr=tw&initcwndbps=385000&vprv=1&mime=audio%2Fwebm&ns=wmSw1cMOK-uO4JGs6HjNARoF&gir=yes&clen=2527964&dur=131.961&lmt=1589479148470854&mt=1608101795&fvip=6&keepalive=yes&c=WEB&txp=2311222&n=LL5J41_FGXFIgfTbT&sparams=expire%2Cei%2Cip%2Cid%2Citag%2Csource%2Crequiressl%2Cgcr%2Cvprv%2Cmime%2Cns%2Cgir%2Cclen%2Cdur%2Clmt&lsparams=mh%2Cmm%2Cmn%2Cms%2Cmv%2Cmvi%2Cpl%2Cinitcwndbps&lsig=AG3C_xAwRgIhALsTc40T9mb5ZIimGJjVBtRvCEPz6mLGSuYZ6K-7r6iaAiEA9yVPC5c_C8Uy6ZoAogxXtTiiWe3LCMrhFBhw8W7Mmkg%3D&sig=AOq0QJ8wRQIhAI84UTqi20gukyqsC_8Sx0SzLYzPSs76DgOgGkJPHMU8AiBdwQK6rLbiSTWl3YSjGqipGMbW1AL3Ph7lrqL10AG6eA==&ratebypass=yes", "player_url": "/s/player/62f90c99/player_ias.vflset/en_US/base.js", "ext": "webm", "format_note": "tiny", "acodec": "opus", "abr": 160, "asr": 48000, "filesize": 2527964, "fps": null, "height": null, "tbr": 203.228, "width": null, "vcodec": "none", "downloader_options": {"http_chunk_size": 10485760}, "format": "251 - audio only (tiny)", "protocol": "https", "http_headers": {"User-Agent": "Mozilla/5.0 (Windows NT 10.0; Win64; x64) AppleWebKit/537.36 (KHTML, like Gecko) Chrome/70.0.3538.112 Safari/537.36", "Accept-Charset": "ISO-8859-1,utf-8;q=0.7,*;q=0.7", "Accept": "text/html,application/xhtml+xml,application/xml;q=0.9,*/*;q=0.8", "Accept-Encoding": "gzip, deflate", "Accept-Language": "en-us,en;q=0.5"}}