{"id": "pzeHffxmdcE", "uploader": "Eric Badanti - Topic", "uploader_id": "UClyrEj5jUQdBnqVB4UafOCg", "uploader_url": "http://www.youtube.com/channel/UClyrEj5jUQdBnqVB4UafOCg", "channel_id": "UClyrEj5jUQdBnqVB4UafOCg", "channel_url": "http://www.youtube.com/channel/UClyrEj5jUQdBnqVB4UafOCg", "upload_date": "20201219", "license": null, "creator": "Eric Badanti", "title": "Vals De Rodrigues", "alt_title": "Vals De Rodrigues", "thumbnails": [{"url": "https://i.ytimg.com/vi/pzeHffxmdcE/hqdefault.jpg?sqp=-oaymwEYCKgBEF5IVfKriqkDCwgBFQAAiEIYAXAB&rs=AOn4CLApLSt-hM3lHvDg5IbmvWpOdPzxTg", "width": 168, "height": 94, "resolution": "168x94", "id": "0"}, {"url": "https://i.ytimg.com/vi/pzeHffxmdcE/hqdefault.jpg?sqp=-oaymwEYCMQBEG5IVfKriqkDCwgBFQAAiEIYAXAB&rs=AOn4CLC-Prs345KiuMjLmHM47pTMlWoQEA", "width": 196, "height": 110, "resolution": "196x110", "id": "1"}, {"url": "https://i.ytimg.com/vi/pzeHffxmdcE/hqdefault.jpg?sqp=-oaymwEZCPYBEIoBSFXyq4qpAwsIARUAAIhCGAFwAQ==&rs=AOn4CLCLaprJB_djKLTgfQxtDIjIyIUSJg", "width": 246, "height": 138, "resolution": "246x138", "id": "2"}, {"url": "https://i.ytimg.com/vi/pzeHffxmdcE/hqdefault.jpg?sqp=-oaymwEZCNACELwBSFXyq4qpAwsIARUAAIhCGAFwAQ==&rs=AOn4CLBvmLCzKa_xj0rUsq3793Z5ddlkWw", "width": 336, "height": 188, "resolution": "336x188", "id": "3"}, {"url": "https://i.ytimg.com/vi_webp/pzeHffxmdcE/maxresdefault.webp", "width": 1920, "height": 1080, "resolution": "1920x1080", "id": "4"}], "description": "Provided to YouTube by IIP-DDS\n\nVals De Rodrigues \u00b7 Eric Badanti\n\nVals De Rodrigues\n\n\u2117 Catfish Records / Fergus & Fish\n\nReleased on: 2017-01-01\n\nMusic  Publisher: Copyright Control\nMusic  Publisher: Copyright Control\nComposer: Erik V\u00e5rdstedt\nComposer: Fredrik Bostr\u00f6m\n\nAuto-generated by YouTube.", "categories": ["Music"], "tags": ["Eric Badanti", "Vals De Rodrigues"], "subtitles": {}, "automatic_captions": {}, "duration": 161, "age_limit": 0, "annotations": null, "chapters": null, "webpage_url": "https://www.youtube.com/watch?v=pzeHffxmdcE", "view_count": 421, "like_count": 19, "dislike_count": null, "average_rating": 5.0, "formats": [{"format_id": "249", "url": "https://r6---sn-5njj-u2xl.googlevideo.com/videoplayback?expire=1609159332&ei=RH7pX8nAD4ahqQGG14aQAw&ip=140.109.135.166&id=o-AOUwl16xHq-KhjXMnxgWkfKqkav0gZTIPk-RIZ2HozmV&itag=249&source=youtube&requiressl=yes&mh=QT&mm=31%2C29&mn=sn-5njj-u2xl%2Csn-un57en7e&ms=au%2Crdu&mv=m&mvi=6&pcm2cms=yes&pl=16&gcr=tw&initcwndbps=375000&vprv=1&mime=audio%2Fwebm&ns=-kagFivsyax-vurO9SpDghAF&gir=yes&clen=1139117&dur=161.221&lmt=1608366600590339&mt=1609137405&fvip=6&keepalive=yes&c=WEB&txp=2311222&n=AQ9-mzQfVJjKSmq-&sparams=expire%2Cei%2Cip%2Cid%2Citag%2Csource%2Crequiressl%2Cgcr%2Cvprv%2Cmime%2Cns%2Cgir%2Cclen%2Cdur%2Clmt&lsparams=mh%2Cmm%2Cmn%2Cms%2Cmv%2Cmvi%2Cpcm2cms%2Cpl%2Cinitcwndbps&lsig=AG3C_xAwRAIgK5eBMbFPB5HzAdCJVZaSTawOuhQ0E7VV5uvL4sW6gB4CIBstrDgyi2lBa3wwpE1DJxhW74c6D98Q6TNv2XsFclYa&sig=AOq0QJ8wRgIhAKJR2t76ciN6FLwviSSiqLwwbLBnU0a7sbVTVdBVV9JGAiEAgNlJQd0LM1pOkotTwmKoctA0k2r2z5zYbnR6Vcueqeo=&ratebypass=yes", "player_url": "/s/player/5dd3f3b2/player_ias.vflset/en_US/base.js", "ext": "webm", "format_note": "tiny", "acodec": "opus", "abr": 50, "asr": 48000, "filesize": 1139117, "fps": null, "height": null, "tbr": 61.83, "width": null, "vcodec": "none", "downloader_options": {"http_chunk_size": 10485760}, "format": "249 - audio only (tiny)", "protocol": "https", "http_headers": {"User-Agent": "Mozilla/5.0 (Windows NT 10.0; Win64; x64) AppleWebKit/537.36 (KHTML, like Gecko) Chrome/70.0.3538.61 Safari/537.36", "Accept-Charset": "ISO-8859-1,utf-8;q=0.7,*;q=0.7", "Accept": "text/html,application/xhtml+xml,application/xml;q=0.9,*/*;q=0.8", "Accept-Encoding": "gzip, deflate", "Accept-Language": "en-us,en;q=0.5"}}, {"format_id": "250", "url": "https://r6---sn-5njj-u2xl.googlevideo.com/videoplayback?expire=1609159332&ei=RH7pX8nAD4ahqQGG14aQAw&ip=140.109.135.166&id=o-AOUwl16xHq-KhjXMnxgWkfKqkav0gZTIPk-RIZ2HozmV&itag=250&source=youtube&requiressl=yes&mh=QT&mm=31%2C29&mn=sn-5njj-u2xl%2Csn-un57en7e&ms=au%2Crdu&mv=m&mvi=6&pcm2cms=yes&pl=16&gcr=tw&initcwndbps=375000&vprv=1&mime=audio%2Fwebm&ns=-kagFivsyax-vurO9SpDghAF&gir=yes&clen=1506565&dur=161.221&lmt=1608366600982137&mt=1609137405&fvip=6&keepalive=yes&c=WEB&txp=2311222&n=AQ9-mzQfVJjKSmq-&sparams=expire%2Cei%2Cip%2Cid%2Citag%2Csource%2Crequiressl%2Cgcr%2Cvprv%2Cmime%2Cns%2Cgir%2Cclen%2Cdur%2Clmt&lsparams=mh%2Cmm%2Cmn%2Cms%2Cmv%2Cmvi%2Cpcm2cms%2Cpl%2Cinitcwndbps&lsig=AG3C_xAwRQIgOdDuqQDmrqudM9pT87ueWGTU5gfUEU5uhYj--tZRU2gCIQDjtlCmgn1xGKFGdMY9c4bn9_bwk6Kv8cYHOwYYyHF05A%3D%3D&sig=AOq0QJ8wRgIhAJSlMgvoJU0kky2ftRI3gl_jaaq46Ye4BOSPTym9cjpvAiEAruTU3Oid0kfKYe-krMTXRkQJldwE7KT8t64EMq0np9Q=&ratebypass=yes", "player_url": "/s/player/5dd3f3b2/player_ias.vflset/en_US/base.js", "ext": "webm", "format_note": "tiny", "acodec": "opus", "abr": 70, "asr": 48000, "filesize": 1506565, "fps": null, "height": null, "tbr": 81.188, "width": null, "vcodec": "none", "downloader_options": {"http_chunk_size": 10485760}, "format": "250 - audio only (tiny)", "protocol": "https", "http_headers": {"User-Agent": "Mozilla/5.0 (Windows NT 10.0; Win64; x64) AppleWebKit/537.36 (KHTML, like Gecko) Chrome/70.0.3538.61 Safari/537.36", "Accept-Charset": "ISO-8859-1,utf-8;q=0.7,*;q=0.7", "Accept": "text/html,application/xhtml+xml,application/xml;q=0.9,*/*;q=0.8", "Accept-Encoding": "gzip, deflate", "Accept-Language": "en-us,en;q=0.5"}}, {"format_id": "140", "url": "https://r6---sn-5njj-u2xl.googlevideo.com/videoplayback?expire=1609159332&ei=RH7pX8nAD4ahqQGG14aQAw&ip=140.109.135.166&id=o-AOUwl16xHq-KhjXMnxgWkfKqkav0gZTIPk-RIZ2HozmV&itag=140&source=youtube&requiressl=yes&mh=QT&mm=31%2C29&mn=sn-5njj-u2xl%2Csn-un57en7e&ms=au%2Crdu&mv=m&mvi=6&pcm2cms=yes&pl=16&gcr=tw&initcwndbps=375000&vprv=1&mime=audio%2Fmp4&ns=-kagFivsyax-vurO9SpDghAF&gir=yes&clen=2611149&dur=161.209&lmt=1608366609003096&mt=1609137405&fvip=6&keepalive=yes&c=WEB&txp=2311222&n=AQ9-mzQfVJjKSmq-&sparams=expire%2Cei%2Cip%2Cid%2Citag%2Csource%2Crequiressl%2Cgcr%2Cvprv%2Cmime%2Cns%2Cgir%2Cclen%2Cdur%2Clmt&lsparams=mh%2Cmm%2Cmn%2Cms%2Cmv%2Cmvi%2Cpcm2cms%2Cpl%2Cinitcwndbps&lsig=AG3C_xAwRQIhAIp21XojR_9ZMt2T9oUkreYM_4EHlzJz-3kIDSFYCkvNAiBIjO3IhigCYW9-NUrchS7PKNHY6qMSC1tM-yZ_-jyeHg%3D%3D&sig=AOq0QJ8wRQIhAMcvvYxrqtcG2DZ4nlWidvS1pc3reKVQlPlzx3VHey5wAiAq3Xw12aye69ns6YNiv1bVJSExIkXA9GvvmOSzc93FMA==&ratebypass=yes", "player_url": "/s/player/5dd3f3b2/player_ias.vflset/en_US/base.js", "ext": "m4a", "format_note": "tiny", "acodec": "mp4a.40.2", "abr": 128, "container": "m4a_dash", "asr": 44100, "filesize": 2611149, "fps": null, "height": null, "tbr": 132.402, "width": null, "vcodec": "none", "downloader_options": {"http_chunk_size": 10485760}, "format": "140 - audio only (tiny)", "protocol": "https", "http_headers": {"User-Agent": "Mozilla/5.0 (Windows NT 10.0; Win64; x64) AppleWebKit/537.36 (KHTML, like Gecko) Chrome/70.0.3538.61 Safari/537.36", "Accept-Charset": "ISO-8859-1,utf-8;q=0.7,*;q=0.7", "Accept": "text/html,application/xhtml+xml,application/xml;q=0.9,*/*;q=0.8", "Accept-Encoding": "gzip, deflate", "Accept-Language": "en-us,en;q=0.5"}}, {"format_id": "251", "url": "https://r6---sn-5njj-u2xl.googlevideo.com/videoplayback?expire=1609159332&ei=RH7pX8nAD4ahqQGG14aQAw&ip=140.109.135.166&id=o-AOUwl16xHq-KhjXMnxgWkfKqkav0gZTIPk-RIZ2HozmV&itag=251&source=youtube&requiressl=yes&mh=QT&mm=31%2C29&mn=sn-5njj-u2xl%2Csn-un57en7e&ms=au%2Crdu&mv=m&mvi=6&pcm2cms=yes&pl=16&gcr=tw&initcwndbps=375000&vprv=1&mime=audio%2Fwebm&ns=-kagFivsyax-vurO9SpDghAF&gir=yes&clen=2928361&dur=161.221&lmt=1608366600982653&mt=1609137405&fvip=6&keepalive=yes&c=WEB&txp=2311222&n=AQ9-mzQfVJjKSmq-&sparams=expire%2Cei%2Cip%2Cid%2Citag%2Csource%2Crequiressl%2Cgcr%2Cvprv%2Cmime%2Cns%2Cgir%2Cclen%2Cdur%2Clmt&lsparams=mh%2Cmm%2Cmn%2Cms%2Cmv%2Cmvi%2Cpcm2cms%2Cpl%2Cinitcwndbps&lsig=AG3C_xAwRQIhAML9sz7ozKgJkAF6kICp1_4eJlowihTO8eJe_q-UJV2bAiBHXMmBKQsAmISd3pEZ2KyTwWLPrI1N1DYYh9HSiuM0bA%3D%3D&sig=AOq0QJ8wRAIgcFBNtplkgYHK_zUMTIfFBNSjdcVrYb45O5QfLV2YeQACIEpuwzsn0kcJb7DWZ9f1Wb9aYI8BJA6uzgXJ5HQspO8W&ratebypass=yes", "player_url": "/s/player/5dd3f3b2/player_ias.vflset/en_US/base.js", "ext": "webm", "format_note": "tiny", "acodec": "opus", "abr": 160, "asr": 48000, "filesize": 2928361, "fps": null, "height": null, "tbr": 156.259, "width": null, "vcodec": "none", "downloader_options": {"http_chunk_size": 10485760}, "format": "251 - audio only (tiny)", "protocol": "https", "http_headers": {"User-Agent": "Mozilla/5.0 (Windows NT 10.0; Win64; x64) AppleWebKit/537.36 (KHTML, like Gecko) Chrome/70.0.3538.61 Safari/537.36", "Accept-Charset": "ISO-8859-1,utf-8;q=0.7,*;q=0.7", "Accept": "text/html,application/xhtml+xml,application/xml;q=0.9,*/*;q=0.8", "Accept-Encoding": "gzip, deflate", "Accept-Language": "en-us,en;q=0.5"}}, {"format_id": "160", "url": "https://r6---sn-5njj-u2xl.googlevideo.com/videoplayback?expire=1609159332&ei=RH7pX8nAD4ahqQGG14aQAw&ip=140.109.135.166&id=o-AOUwl16xHq-KhjXMnxgWkfKqkav0gZTIPk-RIZ2HozmV&itag=160&aitags=133%2C134%2C135%2C136%2C137%2C160%2C242%2C243%2C244%2C247%2C248%2C278&source=youtube&requiressl=yes&mh=QT&mm=31%2C29&mn=sn-5njj-u2xl%2Csn-un57en7e&ms=au%2Crdu&mv=m&mvi=6&pcm2cms=yes&pl=16&gcr=tw&initcwndbps=375000&vprv=1&mime=video%2Fmp4&ns=-kagFivsyax-vurO9SpDghAF&gir=yes&clen=366124&dur=161.200&lmt=1608366607899221&mt=1609137405&fvip=6&keepalive=yes&c=WEB&txp=2316222&n=AQ9-mzQfVJjKSmq-&sparams=expire%2Cei%2Cip%2Cid%2Caitags%2Csource%2Crequiressl%2Cgcr%2Cvprv%2Cmime%2Cns%2Cgir%2Cclen%2Cdur%2Clmt&lsparams=mh%2Cmm%2Cmn%2Cms%2Cmv%2Cmvi%2Cpcm2cms%2Cpl%2Cinitcwndbps&lsig=AG3C_xAwRgIhAI7SLUTxmcZjFnVA59gfnWzy_blj9mBoWq8FdfeLRZL2AiEAxiF9TRSJogCKTjpyeo9De2nDKgTtqvytpjG5LkxxLaM%3D&sig=AOq0QJ8wRQIgNvV-HCvXLclEIpUlUe_v7NX4uKazLU0-NSj8L9TXEeMCIQCcgyT5haWdXfrvWQZ1c9Eq-wTD4tnpY7mhRdO0m16itA==&ratebypass=yes", "player_url": "/s/player/5dd3f3b2/player_ias.vflset/en_US/base.js", "ext": "mp4", "height": 144, "format_note": "144p", "vcodec": "avc1.4d400b", "asr": null, "filesize": 366124, "fps": 25, "tbr": 27.319, "width": 144, "acodec": "none", "downloader_options": {"http_chunk_size": 10485760}, "format": "160 - 144x144 (144p)", "protocol": "https", "http_headers": {"User-Agent": "Mozilla/5.0 (Windows NT 10.0; Win64; x64) AppleWebKit/537.36 (KHTML, like Gecko) Chrome/70.0.3538.61 Safari/537.36", "Accept-Charset": "ISO-8859-1,utf-8;q=0.7,*;q=0.7", "Accept": "text/html,application/xhtml+xml,application/xml;q=0.9,*/*;q=0.8", "Accept-Encoding": "gzip, deflate", "Accept-Language": "en-us,en;q=0.5"}}, {"format_id": "278", "url": "https://r6---sn-5njj-u2xl.googlevideo.com/videoplayback?expire=1609159332&ei=RH7pX8nAD4ahqQGG14aQAw&ip=140.109.135.166&id=o-AOUwl16xHq-KhjXMnxgWkfKqkav0gZTIPk-RIZ2HozmV&itag=278&aitags=133%2C134%2C135%2C136%2C137%2C160%2C242%2C243%2C244%2C247%2C248%2C278&source=youtube&requiressl=yes&mh=QT&mm=31%2C29&mn=sn-5njj-u2xl%2Csn-un57en7e&ms=au%2Crdu&mv=m&mvi=6&pcm2cms=yes&pl=16&gcr=tw&initcwndbps=375000&vprv=1&mime=video%2Fwebm&ns=-kagFivsyax-vurO9SpDghAF&gir=yes&clen=426010&dur=161.200&lmt=1608366609207222&mt=1609137405&fvip=6&keepalive=yes&c=WEB&txp=2316222&n=AQ9-mzQfVJjKSmq-&sparams=expire%2Cei%2Cip%2Cid%2Caitags%2Csource%2Crequiressl%2Cgcr%2Cvprv%2Cmime%2Cns%2Cgir%2Cclen%2Cdur%2Clmt&lsparams=mh%2Cmm%2Cmn%2Cms%2Cmv%2Cmvi%2Cpcm2cms%2Cpl%2Cinitcwndbps&lsig=AG3C_xAwRAIgbsD9DWyU0sW2NYHDEOADiQ-Ze_p4khffosafxc-rC48CIG910WA9sxKJnR_hj9LKacrxDdL5ia6S9VxjnU40zbKX&sig=AOq0QJ8wRAIgKCqMb8TZgoxyQlLUDkCi0MR0Crlf0tbZylF7uRdwm3ACIFeT4hRMFpAGj9TrFTbJne7qXj0WhV_OksPL-ZhQfBpf&ratebypass=yes", "player_url": "/s/player/5dd3f3b2/player_ias.vflset/en_US/base.js", "ext": "webm", "height": 144, "format_note": "144p", "container": "webm", "vcodec": "vp9", "asr": null, "filesize": 426010, "fps": 25, "tbr": 33.558, "width": 144, "acodec": "none", "downloader_options": {"http_chunk_size": 10485760}, "format": "278 - 144x144 (144p)", "protocol": "https", "http_headers": {"User-Agent": "Mozilla/5.0 (Windows NT 10.0; Win64; x64) AppleWebKit/537.36 (KHTML, like Gecko) Chrome/70.0.3538.61 Safari/537.36", "Accept-Charset": "ISO-8859-1,utf-8;q=0.7,*;q=0.7", "Accept": "text/html,application/xhtml+xml,application/xml;q=0.9,*/*;q=0.8", "Accept-Encoding": "gzip, deflate", "Accept-Language": "en-us,en;q=0.5"}}, {"format_id": "133", "url": "https://r6---sn-5njj-u2xl.googlevideo.com/videoplayback?expire=1609159332&ei=RH7pX8nAD4ahqQGG14aQAw&ip=140.109.135.166&id=o-AOUwl16xHq-KhjXMnxgWkfKqkav0gZTIPk-RIZ2HozmV&itag=133&aitags=133%2C134%2C135%2C136%2C137%2C160%2C242%2C243%2C244%2C247%2C248%2C278&source=youtube&requiressl=yes&mh=QT&mm=31%2C29&mn=sn-5njj-u2xl%2Csn-un57en7e&ms=au%2Crdu&mv=m&mvi=6&pcm2cms=yes&pl=16&gcr=tw&initcwndbps=375000&vprv=1&mime=video%2Fmp4&ns=-kagFivsyax-vurO9SpDghAF&gir=yes&clen=724071&dur=161.200&lmt=1608366607899519&mt=1609137405&fvip=6&keepalive=yes&c=WEB&txp=2316222&n=AQ9-mzQfVJjKSmq-&sparams=expire%2Cei%2Cip%2Cid%2Caitags%2Csource%2Crequiressl%2Cgcr%2Cvprv%2Cmime%2Cns%2Cgir%2Cclen%2Cdur%2Clmt&lsparams=mh%2Cmm%2Cmn%2Cms%2Cmv%2Cmvi%2Cpcm2cms%2Cpl%2Cinitcwndbps&lsig=AG3C_xAwRAIgcpp2n1n_tbhCZTnk6I9LG-uMNFZBfh-VVx6rOL-JUSwCIBFsMr1rhvsMUjd5IVmbeJtygy-INhoBt8OTC6uVnKYu&sig=AOq0QJ8wRgIhAMbJH_ZuKITcuqZmE9jbrRgU0_gTC_qUWDC_HHBtmFojAiEAsO52Sw4kwi-6Gd4eehxvm65Arf7jHdsGV_KosWVauBM=&ratebypass=yes", "player_url": "/s/player/5dd3f3b2/player_ias.vflset/en_US/base.js", "ext": "mp4", "height": 240, "format_note": "240p", "vcodec": "avc1.4d400c", "asr": null, "filesize": 724071, "fps": 25, "tbr": 56.487, "width": 240, "acodec": "none", "downloader_options": {"http_chunk_size": 10485760}, "format": "133 - 240x240 (240p)", "protocol": "https", "http_headers": {"User-Agent": "Mozilla/5.0 (Windows NT 10.0; Win64; x64) AppleWebKit/537.36 (KHTML, like Gecko) Chrome/70.0.3538.61 Safari/537.36", "Accept-Charset": "ISO-8859-1,utf-8;q=0.7,*;q=0.7", "Accept": "text/html,application/xhtml+xml,application/xml;q=0.9,*/*;q=0.8", "Accept-Encoding": "gzip, deflate", "Accept-Language": "en-us,en;q=0.5"}}, {"format_id": "242", "url": "https://r6---sn-5njj-u2xl.googlevideo.com/videoplayback?expire=1609159332&ei=RH7pX8nAD4ahqQGG14aQAw&ip=140.109.135.166&id=o-AOUwl16xHq-KhjXMnxgWkfKqkav0gZTIPk-RIZ2HozmV&itag=242&aitags=133%2C134%2C135%2C136%2C137%2C160%2C242%2C243%2C244%2C247%2C248%2C278&source=youtube&requiressl=yes&mh=QT&mm=31%2C29&mn=sn-5njj-u2xl%2Csn-un57en7e&ms=au%2Crdu&mv=m&mvi=6&pcm2cms=yes&pl=16&gcr=tw&initcwndbps=375000&vprv=1&mime=video%2Fwebm&ns=-kagFivsyax-vurO9SpDghAF&gir=yes&clen=714092&dur=161.200&lmt=1608366609205980&mt=1609137405&fvip=6&keepalive=yes&c=WEB&txp=2316222&n=AQ9-mzQfVJjKSmq-&sparams=expire%2Cei%2Cip%2Cid%2Caitags%2Csource%2Crequiressl%2Cgcr%2Cvprv%2Cmime%2Cns%2Cgir%2Cclen%2Cdur%2Clmt&lsparams=mh%2Cmm%2Cmn%2Cms%2Cmv%2Cmvi%2Cpcm2cms%2Cpl%2Cinitcwndbps&lsig=AG3C_xAwRQIhAKq7d7ZK2lu7EYz1QZr6Efh6kPzF10P_Kabw4E0gQsvbAiA1dKIV97WiXR7KCYaJTRQ8aT8QgcWADWOAz4BBz_kOkQ%3D%3D&sig=AOq0QJ8wRQIhAMTvr92fEdsLssd5uEqz24xHdGg9x2g9KjIxBHQv8SGHAiBexIAHPWU3hHOQK_p85-_aiOZElnaMuP9Bmn1OXYivEw==&ratebypass=yes", "player_url": "/s/player/5dd3f3b2/player_ias.vflset/en_US/base.js", "ext": "webm", "height": 240, "format_note": "240p", "vcodec": "vp9", "asr": null, "filesize": 714092, "fps": 25, "tbr": 62.248, "width": 240, "acodec": "none", "downloader_options": {"http_chunk_size": 10485760}, "format": "242 - 240x240 (240p)", "protocol": "https", "http_headers": {"User-Agent": "Mozilla/5.0 (Windows NT 10.0; Win64; x64) AppleWebKit/537.36 (KHTML, like Gecko) Chrome/70.0.3538.61 Safari/537.36", "Accept-Charset": "ISO-8859-1,utf-8;q=0.7,*;q=0.7", "Accept": "text/html,application/xhtml+xml,application/xml;q=0.9,*/*;q=0.8", "Accept-Encoding": "gzip, deflate", "Accept-Language": "en-us,en;q=0.5"}}, {"format_id": "243", "url": "https://r6---sn-5njj-u2xl.googlevideo.com/videoplayback?expire=1609159332&ei=RH7pX8nAD4ahqQGG14aQAw&ip=140.109.135.166&id=o-AOUwl16xHq-KhjXMnxgWkfKqkav0gZTIPk-RIZ2HozmV&itag=243&aitags=133%2C134%2C135%2C136%2C137%2C160%2C242%2C243%2C244%2C247%2C248%2C278&source=youtube&requiressl=yes&mh=QT&mm=31%2C29&mn=sn-5njj-u2xl%2Csn-un57en7e&ms=au%2Crdu&mv=m&mvi=6&pcm2cms=yes&pl=16&gcr=tw&initcwndbps=375000&vprv=1&mime=video%2Fwebm&ns=-kagFivsyax-vurO9SpDghAF&gir=yes&clen=1055041&dur=161.200&lmt=1608366609207434&mt=1609137405&fvip=6&keepalive=yes&c=WEB&txp=2316222&n=AQ9-mzQfVJjKSmq-&sparams=expire%2Cei%2Cip%2Cid%2Caitags%2Csource%2Crequiressl%2Cgcr%2Cvprv%2Cmime%2Cns%2Cgir%2Cclen%2Cdur%2Clmt&lsparams=mh%2Cmm%2Cmn%2Cms%2Cmv%2Cmvi%2Cpcm2cms%2Cpl%2Cinitcwndbps&lsig=AG3C_xAwRQIhANl-f1StecQoAm8ggfplVijsZ5Br9-1q_ENHdWECnTw9AiAqZhjIrkxbwTcDb1V2A5lArKyQ2_O5gUPO1mHUJWMG9g%3D%3D&sig=AOq0QJ8wRQIhAOf-lP8gL7Cb6Nzh6PC_xt9eRQK7wBd2hvwHOJYR69RaAiBvmHYz34Fof15IKnQAcG_Ft-O3dQOMK0n-pGfu0H4rJA==&ratebypass=yes", "player_url": "/s/player/5dd3f3b2/player_ias.vflset/en_US/base.js", "ext": "webm", "height": 360, "format_note": "360p", "vcodec": "vp9", "asr": null, "filesize": 1055041, "fps": 25, "tbr": 90.374, "width": 360, "acodec": "none", "downloader_options": {"http_chunk_size": 10485760}, "format": "243 - 360x360 (360p)", "protocol": "https", "http_headers": {"User-Agent": "Mozilla/5.0 (Windows NT 10.0; Win64; x64) AppleWebKit/537.36 (KHTML, like Gecko) Chrome/70.0.3538.61 Safari/537.36", "Accept-Charset": "ISO-8859-1,utf-8;q=0.7,*;q=0.7", "Accept": "text/html,application/xhtml+xml,application/xml;q=0.9,*/*;q=0.8", "Accept-Encoding": "gzip, deflate", "Accept-Language": "en-us,en;q=0.5"}}, {"format_id": "134", "url": "https://r6---sn-5njj-u2xl.googlevideo.com/videoplayback?expire=1609159332&ei=RH7pX8nAD4ahqQGG14aQAw&ip=140.109.135.166&id=o-AOUwl16xHq-KhjXMnxgWkfKqkav0gZTIPk-RIZ2HozmV&itag=134&aitags=133%2C134%2C135%2C136%2C137%2C160%2C242%2C243%2C244%2C247%2C248%2C278&source=youtube&requiressl=yes&mh=QT&mm=31%2C29&mn=sn-5njj-u2xl%2Csn-un57en7e&ms=au%2Crdu&mv=m&mvi=6&pcm2cms=yes&pl=16&gcr=tw&initcwndbps=375000&vprv=1&mime=video%2Fmp4&ns=-kagFivsyax-vurO9SpDghAF&gir=yes&clen=1226530&dur=161.200&lmt=1608366607898957&mt=1609137405&fvip=6&keepalive=yes&c=WEB&txp=2316222&n=AQ9-mzQfVJjKSmq-&sparams=expire%2Cei%2Cip%2Cid%2Caitags%2Csource%2Crequiressl%2Cgcr%2Cvprv%2Cmime%2Cns%2Cgir%2Cclen%2Cdur%2Clmt&lsparams=mh%2Cmm%2Cmn%2Cms%2Cmv%2Cmvi%2Cpcm2cms%2Cpl%2Cinitcwndbps&lsig=AG3C_xAwRgIhAIhXnXTIAZ2zFSrbdkTmlXbSvRkJvqY4F59TtjkCAB0VAiEAoKx7zXjaa3XzlsyQAFZDQEhcQvixfriryZ76Q6UDo3k%3D&sig=AOq0QJ8wRQIgZvaKLvip30RdOk9hN31eIFquQnK0-zNKba-OdZAG7NQCIQDxfCW25Xlh-u8nBrgj8GipUE3lTs8CMYEtfJQ3WV4iOQ==&ratebypass=yes", "player_url": "/s/player/5dd3f3b2/player_ias.vflset/en_US/base.js", "ext": "mp4", "height": 360, "format_note": "360p", "vcodec": "avc1.4d4015", "asr": null, "filesize": 1226530, "fps": 25, "tbr": 101.416, "width": 360, "acodec": "none", "downloader_options": {"http_chunk_size": 10485760}, "format": "134 - 360x360 (360p)", "protocol": "https", "http_headers": {"User-Agent": "Mozilla/5.0 (Windows NT 10.0; Win64; x64) AppleWebKit/537.36 (KHTML, like Gecko) Chrome/70.0.3538.61 Safari/537.36", "Accept-Charset": "ISO-8859-1,utf-8;q=0.7,*;q=0.7", "Accept": "text/html,application/xhtml+xml,application/xml;q=0.9,*/*;q=0.8", "Accept-Encoding": "gzip, deflate", "Accept-Language": "en-us,en;q=0.5"}}, {"format_id": "244", "url": "https://r6---sn-5njj-u2xl.googlevideo.com/videoplayback?expire=1609159332&ei=RH7pX8nAD4ahqQGG14aQAw&ip=140.109.135.166&id=o-AOUwl16xHq-KhjXMnxgWkfKqkav0gZTIPk-RIZ2HozmV&itag=244&aitags=133%2C134%2C135%2C136%2C137%2C160%2C242%2C243%2C244%2C247%2C248%2C278&source=youtube&requiressl=yes&mh=QT&mm=31%2C29&mn=sn-5njj-u2xl%2Csn-un57en7e&ms=au%2Crdu&mv=m&mvi=6&pcm2cms=yes&pl=16&gcr=tw&initcwndbps=375000&vprv=1&mime=video%2Fwebm&ns=-kagFivsyax-vurO9SpDghAF&gir=yes&clen=1421036&dur=161.200&lmt=1608366609220305&mt=1609137405&fvip=6&keepalive=yes&c=WEB&txp=2316222&n=AQ9-mzQfVJjKSmq-&sparams=expire%2Cei%2Cip%2Cid%2Caitags%2Csource%2Crequiressl%2Cgcr%2Cvprv%2Cmime%2Cns%2Cgir%2Cclen%2Cdur%2Clmt&lsparams=mh%2Cmm%2Cmn%2Cms%2Cmv%2Cmvi%2Cpcm2cms%2Cpl%2Cinitcwndbps&lsig=AG3C_xAwRAIgIYvvuoZC2yqnRICUbCbfA4q6k0ehrFJzVS83Qev_6EUCIHl2ordrl0OUDdQG2065mCAl0Y2NzUkUjIZdbQi3LwQC&sig=AOq0QJ8wRgIhAN4_4qv54rhRotrj-UlX1Wvws_F8AmrXWGlusRRm8mN3AiEAsVOFp6fF3k6ZiuTBWan_MI8vXhRtdmXZ0hhHoMooUOk=&ratebypass=yes", "player_url": "/s/player/5dd3f3b2/player_ias.vflset/en_US/base.js", "ext": "webm", "height": 480, "format_note": "480p", "vcodec": "vp9", "asr": null, "filesize": 1421036, "fps": 25, "tbr": 124.503, "width": 480, "acodec": "none", "downloader_options": {"http_chunk_size": 10485760}, "format": "244 - 480x480 (480p)", "protocol": "https", "http_headers": {"User-Agent": "Mozilla/5.0 (Windows NT 10.0; Win64; x64) AppleWebKit/537.36 (KHTML, like Gecko) Chrome/70.0.3538.61 Safari/537.36", "Accept-Charset": "ISO-8859-1,utf-8;q=0.7,*;q=0.7", "Accept": "text/html,application/xhtml+xml,application/xml;q=0.9,*/*;q=0.8", "Accept-Encoding": "gzip, deflate", "Accept-Language": "en-us,en;q=0.5"}}, {"format_id": "135", "url": "https://r6---sn-5njj-u2xl.googlevideo.com/videoplayback?expire=1609159332&ei=RH7pX8nAD4ahqQGG14aQAw&ip=140.109.135.166&id=o-AOUwl16xHq-KhjXMnxgWkfKqkav0gZTIPk-RIZ2HozmV&itag=135&aitags=133%2C134%2C135%2C136%2C137%2C160%2C242%2C243%2C244%2C247%2C248%2C278&source=youtube&requiressl=yes&mh=QT&mm=31%2C29&mn=sn-5njj-u2xl%2Csn-un57en7e&ms=au%2Crdu&mv=m&mvi=6&pcm2cms=yes&pl=16&gcr=tw&initcwndbps=375000&vprv=1&mime=video%2Fmp4&ns=-kagFivsyax-vurO9SpDghAF&gir=yes&clen=2078515&dur=161.200&lmt=1608366607896790&mt=1609137405&fvip=6&keepalive=yes&c=WEB&txp=2316222&n=AQ9-mzQfVJjKSmq-&sparams=expire%2Cei%2Cip%2Cid%2Caitags%2Csource%2Crequiressl%2Cgcr%2Cvprv%2Cmime%2Cns%2Cgir%2Cclen%2Cdur%2Clmt&lsparams=mh%2Cmm%2Cmn%2Cms%2Cmv%2Cmvi%2Cpcm2cms%2Cpl%2Cinitcwndbps&lsig=AG3C_xAwRQIgSLEv5eWCBsPZ7ZgA8GvUgIjsUmLdisdDff4q9SNqrkICIQDebt60XhtodoUJZsEvulwWjMg22y_JS4nVvKSkNtr3iA%3D%3D&sig=AOq0QJ8wRgIhAOmUkjJa7qN9pW4T-7scdzUpFo8XkEOZZw1B8TTsZD4dAiEA9v2nuhrpCfj6Iq3LuQZJLACXW7sFJh0fpmQBxuzKNMo=&ratebypass=yes", "player_url": "/s/player/5dd3f3b2/player_ias.vflset/en_US/base.js", "ext": "mp4", "height": 480, "format_note": "480p", "vcodec": "avc1.4d401e", "asr": null, "filesize": 2078515, "fps": 25, "tbr": 175.058, "width": 480, "acodec": "none", "downloader_options": {"http_chunk_size": 10485760}, "format": "135 - 480x480 (480p)", "protocol": "https", "http_headers": {"User-Agent": "Mozilla/5.0 (Windows NT 10.0; Win64; x64) AppleWebKit/537.36 (KHTML, like Gecko) Chrome/70.0.3538.61 Safari/537.36", "Accept-Charset": "ISO-8859-1,utf-8;q=0.7,*;q=0.7", "Accept": "text/html,application/xhtml+xml,application/xml;q=0.9,*/*;q=0.8", "Accept-Encoding": "gzip, deflate", "Accept-Language": "en-us,en;q=0.5"}}, {"format_id": "247", "url": "https://r6---sn-5njj-u2xl.googlevideo.com/videoplayback?expire=1609159332&ei=RH7pX8nAD4ahqQGG14aQAw&ip=140.109.135.166&id=o-AOUwl16xHq-KhjXMnxgWkfKqkav0gZTIPk-RIZ2HozmV&itag=247&aitags=133%2C134%2C135%2C136%2C137%2C160%2C242%2C243%2C244%2C247%2C248%2C278&source=youtube&requiressl=yes&mh=QT&mm=31%2C29&mn=sn-5njj-u2xl%2Csn-un57en7e&ms=au%2Crdu&mv=m&mvi=6&pcm2cms=yes&pl=16&gcr=tw&initcwndbps=375000&vprv=1&mime=video%2Fwebm&ns=-kagFivsyax-vurO9SpDghAF&gir=yes&clen=2151392&dur=161.200&lmt=1608366609207720&mt=1609137405&fvip=6&keepalive=yes&c=WEB&txp=2316222&n=AQ9-mzQfVJjKSmq-&sparams=expire%2Cei%2Cip%2Cid%2Caitags%2Csource%2Crequiressl%2Cgcr%2Cvprv%2Cmime%2Cns%2Cgir%2Cclen%2Cdur%2Clmt&lsparams=mh%2Cmm%2Cmn%2Cms%2Cmv%2Cmvi%2Cpcm2cms%2Cpl%2Cinitcwndbps&lsig=AG3C_xAwRQIhAP6RBRwMfBOVhxwjn82p_9ZQDKTDp1TzFEElswAemv2-AiA0Ev4WLGDE3nuOBMcLCb5fde296Buh-E1wPz8awEC_5g%3D%3D&sig=AOq0QJ8wRgIhAK-Q3bHiU79pxSHTumFgCEgM3uOMvDUwXQFX1j5AmfPTAiEAs8h6cqlVItSnDdxdfZfoyX-YTlyfXtaBH7X85Kv_jkw=&ratebypass=yes", "player_url": "/s/player/5dd3f3b2/player_ias.vflset/en_US/base.js", "ext": "webm", "height": 720, "format_note": "720p", "vcodec": "vp9", "asr": null, "filesize": 2151392, "fps": 25, "tbr": 203.083, "width": 720, "acodec": "none", "downloader_options": {"http_chunk_size": 10485760}, "format": "247 - 720x720 (720p)", "protocol": "https", "http_headers": {"User-Agent": "Mozilla/5.0 (Windows NT 10.0; Win64; x64) AppleWebKit/537.36 (KHTML, like Gecko) Chrome/70.0.3538.61 Safari/537.36", "Accept-Charset": "ISO-8859-1,utf-8;q=0.7,*;q=0.7", "Accept": "text/html,application/xhtml+xml,application/xml;q=0.9,*/*;q=0.8", "Accept-Encoding": "gzip, deflate", "Accept-Language": "en-us,en;q=0.5"}}, {"format_id": "136", "url": "https://r6---sn-5njj-u2xl.googlevideo.com/videoplayback?expire=1609159332&ei=RH7pX8nAD4ahqQGG14aQAw&ip=140.109.135.166&id=o-AOUwl16xHq-KhjXMnxgWkfKqkav0gZTIPk-RIZ2HozmV&itag=136&aitags=133%2C134%2C135%2C136%2C137%2C160%2C242%2C243%2C244%2C247%2C248%2C278&source=youtube&requiressl=yes&mh=QT&mm=31%2C29&mn=sn-5njj-u2xl%2Csn-un57en7e&ms=au%2Crdu&mv=m&mvi=6&pcm2cms=yes&pl=16&gcr=tw&initcwndbps=375000&vprv=1&mime=video%2Fmp4&ns=-kagFivsyax-vurO9SpDghAF&gir=yes&clen=4207500&dur=161.200&lmt=1608366607896584&mt=1609137405&fvip=6&keepalive=yes&c=WEB&txp=2316222&n=AQ9-mzQfVJjKSmq-&sparams=expire%2Cei%2Cip%2Cid%2Caitags%2Csource%2Crequiressl%2Cgcr%2Cvprv%2Cmime%2Cns%2Cgir%2Cclen%2Cdur%2Clmt&lsparams=mh%2Cmm%2Cmn%2Cms%2Cmv%2Cmvi%2Cpcm2cms%2Cpl%2Cinitcwndbps&lsig=AG3C_xAwRgIhAOLR07GAZXvBIRGp2KeE7Jyq1yPV_h40c1rahUYX75VwAiEAsmNeD_A2KttDL_vjkhvNcsSQbk1cDGMENIwvEXLw_dU%3D&sig=AOq0QJ8wRgIhAINBeOVfTYknKQdPHZ-BEJ_hHfCDF5OU5kF4EK8D3iFDAiEA6h5ClnnaP2nWRb4K3hyeqFT4u1J6-7k1aVhDpsOnQcU=&ratebypass=yes", "player_url": "/s/player/5dd3f3b2/player_ias.vflset/en_US/base.js", "ext": "mp4", "height": 720, "format_note": "720p", "vcodec": "avc1.64001f", "asr": null, "filesize": 4207500, "fps": 25, "tbr": 351.748, "width": 720, "acodec": "none", "downloader_options": {"http_chunk_size": 10485760}, "format": "136 - 720x720 (720p)", "protocol": "https", "http_headers": {"User-Agent": "Mozilla/5.0 (Windows NT 10.0; Win64; x64) AppleWebKit/537.36 (KHTML, like Gecko) Chrome/70.0.3538.61 Safari/537.36", "Accept-Charset": "ISO-8859-1,utf-8;q=0.7,*;q=0.7", "Accept": "text/html,application/xhtml+xml,application/xml;q=0.9,*/*;q=0.8", "Accept-Encoding": "gzip, deflate", "Accept-Language": "en-us,en;q=0.5"}}, {"format_id": "248", "url": "https://r6---sn-5njj-u2xl.googlevideo.com/videoplayback?expire=1609159332&ei=RH7pX8nAD4ahqQGG14aQAw&ip=140.109.135.166&id=o-AOUwl16xHq-KhjXMnxgWkfKqkav0gZTIPk-RIZ2HozmV&itag=248&aitags=133%2C134%2C135%2C136%2C137%2C160%2C242%2C243%2C244%2C247%2C248%2C278&source=youtube&requiressl=yes&mh=QT&mm=31%2C29&mn=sn-5njj-u2xl%2Csn-un57en7e&ms=au%2Crdu&mv=m&mvi=6&pcm2cms=yes&pl=16&gcr=tw&initcwndbps=375000&vprv=1&mime=video%2Fwebm&ns=-kagFivsyax-vurO9SpDghAF&gir=yes&clen=5296923&dur=161.200&lmt=1608366609205071&mt=1609137405&fvip=6&keepalive=yes&c=WEB&txp=2316222&n=AQ9-mzQfVJjKSmq-&sparams=expire%2Cei%2Cip%2Cid%2Caitags%2Csource%2Crequiressl%2Cgcr%2Cvprv%2Cmime%2Cns%2Cgir%2Cclen%2Cdur%2Clmt&lsparams=mh%2Cmm%2Cmn%2Cms%2Cmv%2Cmvi%2Cpcm2cms%2Cpl%2Cinitcwndbps&lsig=AG3C_xAwRQIgPeNmlt0yzac1sBQDsPIS1USFHwko9ttntWFflN1_kP8CIQCffo1vFtwT0-C98cFuhCXTrb1HW4pZx3YKNfF0JyQ8TA%3D%3D&sig=AOq0QJ8wRQIhAIAurrr4ZVxPrYv2aZ6RWlvltCwmskT8r2qDPcfQ2tAtAiB_1pTBLwwoGLlDKepRNoXwGltaCvlQnPSaUKihZ2MMig==&ratebypass=yes", "player_url": "/s/player/5dd3f3b2/player_ias.vflset/en_US/base.js", "ext": "webm", "height": 1080, "format_note": "1080p", "vcodec": "vp9", "asr": null, "filesize": 5296923, "fps": 25, "tbr": 454.958, "width": 1080, "acodec": "none", "downloader_options": {"http_chunk_size": 10485760}, "format": "248 - 1080x1080 (1080p)", "protocol": "https", "http_headers": {"User-Agent": "Mozilla/5.0 (Windows NT 10.0; Win64; x64) AppleWebKit/537.36 (KHTML, like Gecko) Chrome/70.0.3538.61 Safari/537.36", "Accept-Charset": "ISO-8859-1,utf-8;q=0.7,*;q=0.7", "Accept": "text/html,application/xhtml+xml,application/xml;q=0.9,*/*;q=0.8", "Accept-Encoding": "gzip, deflate", "Accept-Language": "en-us,en;q=0.5"}}, {"format_id": "137", "url": "https://r6---sn-5njj-u2xl.googlevideo.com/videoplayback?expire=1609159332&ei=RH7pX8nAD4ahqQGG14aQAw&ip=140.109.135.166&id=o-AOUwl16xHq-KhjXMnxgWkfKqkav0gZTIPk-RIZ2HozmV&itag=137&aitags=133%2C134%2C135%2C136%2C137%2C160%2C242%2C243%2C244%2C247%2C248%2C278&source=youtube&requiressl=yes&mh=QT&mm=31%2C29&mn=sn-5njj-u2xl%2Csn-un57en7e&ms=au%2Crdu&mv=m&mvi=6&pcm2cms=yes&pl=16&gcr=tw&initcwndbps=375000&vprv=1&mime=video%2Fmp4&ns=-kagFivsyax-vurO9SpDghAF&gir=yes&clen=8504329&dur=161.200&lmt=1608366607897020&mt=1609137405&fvip=6&keepalive=yes&c=WEB&txp=2316222&n=AQ9-mzQfVJjKSmq-&sparams=expire%2Cei%2Cip%2Cid%2Caitags%2Csource%2Crequiressl%2Cgcr%2Cvprv%2Cmime%2Cns%2Cgir%2Cclen%2Cdur%2Clmt&lsparams=mh%2Cmm%2Cmn%2Cms%2Cmv%2Cmvi%2Cpcm2cms%2Cpl%2Cinitcwndbps&lsig=AG3C_xAwRAIgV8DhB8qkGXqiDpuzh7xmVvXkR79fmlNhcbgIn4YjBcICIGqPT50UCoqRkfCjxNCgLdJqDfQutnvMInW39H9fnAc7&sig=AOq0QJ8wRQIgMXZ27OVbBo7iaLm1AlUiy5eL4Z6iMWK94KdCDBSZUa0CIQCikLIF0TADchAoFgOgWFtdqltc6k9fGKV3k1O2_06hJg==&ratebypass=yes", "player_url": "/s/player/5dd3f3b2/player_ias.vflset/en_US/base.js", "ext": "mp4", "height": 1080, "format_note": "1080p", "vcodec": "avc1.640020", "asr": null, "filesize": 8504329, "fps": 25, "tbr": 845.78, "width": 1080, "acodec": "none", "downloader_options": {"http_chunk_size": 10485760}, "format": "137 - 1080x1080 (1080p)", "protocol": "https", "http_headers": {"User-Agent": "Mozilla/5.0 (Windows NT 10.0; Win64; x64) AppleWebKit/537.36 (KHTML, like Gecko) Chrome/70.0.3538.61 Safari/537.36", "Accept-Charset": "ISO-8859-1,utf-8;q=0.7,*;q=0.7", "Accept": "text/html,application/xhtml+xml,application/xml;q=0.9,*/*;q=0.8", "Accept-Encoding": "gzip, deflate", "Accept-Language": "en-us,en;q=0.5"}}, {"format_id": "18", "url": "https://r6---sn-5njj-u2xl.googlevideo.com/videoplayback?expire=1609159332&ei=RH7pX8nAD4ahqQGG14aQAw&ip=140.109.135.166&id=o-AOUwl16xHq-KhjXMnxgWkfKqkav0gZTIPk-RIZ2HozmV&itag=18&source=youtube&requiressl=yes&mh=QT&mm=31%2C29&mn=sn-5njj-u2xl%2Csn-un57en7e&ms=au%2Crdu&mv=m&mvi=6&pcm2cms=yes&pl=16&gcr=tw&initcwndbps=375000&vprv=1&mime=video%2Fmp4&ns=zHCyueeayp-Qm_2e3UTKhewF&gir=yes&clen=2813783&ratebypass=yes&dur=161.262&lmt=1608366599581055&mt=1609137405&fvip=6&c=WEB&txp=2310222&n=yJuQ8FMSH9snXsCu&sparams=expire%2Cei%2Cip%2Cid%2Citag%2Csource%2Crequiressl%2Cgcr%2Cvprv%2Cmime%2Cns%2Cgir%2Cclen%2Cratebypass%2Cdur%2Clmt&lsparams=mh%2Cmm%2Cmn%2Cms%2Cmv%2Cmvi%2Cpcm2cms%2Cpl%2Cinitcwndbps&lsig=AG3C_xAwRQIhAMh4hIDj1MlBEunYaZT9Veb_XkiEFNpPYuS0WYRt7ShgAiBs2TNIMb7f4CMvfsqBXNS1K-ehCOjh50OKZulI2jI_NA%3D%3D&sig=AOq0QJ8wRQIhAJIkc_xxrxEvOfxY5LcBcdkrlOyut0-syWs3AjQmEcvZAiBBphEEAnHPLghkPSmp1Qp-YTBGYp1XUSP0rm3p1BwuPw==", "player_url": "/s/player/5dd3f3b2/player_ias.vflset/en_US/base.js", "ext": "mp4", "width": 360, "height": 360, "acodec": "mp4a.40.2", "abr": 96, "vcodec": "avc1.42001E", "asr": 44100, "filesize": 2813783, "format_note": "360p", "fps": 25, "tbr": 139.641, "format": "18 - 360x360 (360p)", "protocol": "https", "http_headers": {"User-Agent": "Mozilla/5.0 (Windows NT 10.0; Win64; x64) AppleWebKit/537.36 (KHTML, like Gecko) Chrome/70.0.3538.61 Safari/537.36", "Accept-Charset": "ISO-8859-1,utf-8;q=0.7,*;q=0.7", "Accept": "text/html,application/xhtml+xml,application/xml;q=0.9,*/*;q=0.8", "Accept-Encoding": "gzip, deflate", "Accept-Language": "en-us,en;q=0.5"}}], "is_live": null, "start_time": null, "end_time": null, "series": null, "season_number": null, "episode_number": null, "track": "Vals De Rodrigues", "artist": "Eric Badanti", "album": "Vals De Rodrigues", "release_date": "20170101", "release_year": 2017, "extractor": "youtube", "webpage_url_basename": "watch", "extractor_key": "Youtube", "playlist": null, "playlist_index": null, "thumbnail": "https://i.ytimg.com/vi_webp/pzeHffxmdcE/maxresdefault.webp", "display_id": "pzeHffxmdcE", "requested_subtitles": null, "format_id": "251", "url": "https://r6---sn-5njj-u2xl.googlevideo.com/videoplayback?expire=1609159332&ei=RH7pX8nAD4ahqQGG14aQAw&ip=140.109.135.166&id=o-AOUwl16xHq-KhjXMnxgWkfKqkav0gZTIPk-RIZ2HozmV&itag=251&source=youtube&requiressl=yes&mh=QT&mm=31%2C29&mn=sn-5njj-u2xl%2Csn-un57en7e&ms=au%2Crdu&mv=m&mvi=6&pcm2cms=yes&pl=16&gcr=tw&initcwndbps=375000&vprv=1&mime=audio%2Fwebm&ns=-kagFivsyax-vurO9SpDghAF&gir=yes&clen=2928361&dur=161.221&lmt=1608366600982653&mt=1609137405&fvip=6&keepalive=yes&c=WEB&txp=2311222&n=AQ9-mzQfVJjKSmq-&sparams=expire%2Cei%2Cip%2Cid%2Citag%2Csource%2Crequiressl%2Cgcr%2Cvprv%2Cmime%2Cns%2Cgir%2Cclen%2Cdur%2Clmt&lsparams=mh%2Cmm%2Cmn%2Cms%2Cmv%2Cmvi%2Cpcm2cms%2Cpl%2Cinitcwndbps&lsig=AG3C_xAwRQIhAML9sz7ozKgJkAF6kICp1_4eJlowihTO8eJe_q-UJV2bAiBHXMmBKQsAmISd3pEZ2KyTwWLPrI1N1DYYh9HSiuM0bA%3D%3D&sig=AOq0QJ8wRAIgcFBNtplkgYHK_zUMTIfFBNSjdcVrYb45O5QfLV2YeQACIEpuwzsn0kcJb7DWZ9f1Wb9aYI8BJA6uzgXJ5HQspO8W&ratebypass=yes", "player_url": "/s/player/5dd3f3b2/player_ias.vflset/en_US/base.js", "ext": "webm", "format_note": "tiny", "acodec": "opus", "abr": 160, "asr": 48000, "filesize": 2928361, "fps": null, "height": null, "tbr": 156.259, "width": null, "vcodec": "none", "downloader_options": {"http_chunk_size": 10485760}, "format": "251 - audio only (tiny)", "protocol": "https", "http_headers": {"User-Agent": "Mozilla/5.0 (Windows NT 10.0; Win64; x64) AppleWebKit/537.36 (KHTML, like Gecko) Chrome/70.0.3538.61 Safari/537.36", "Accept-Charset": "ISO-8859-1,utf-8;q=0.7,*;q=0.7", "Accept": "text/html,application/xhtml+xml,application/xml;q=0.9,*/*;q=0.8", "Accept-Encoding": "gzip, deflate", "Accept-Language": "en-us,en;q=0.5"}}