{"id": "QBJ6YYYpIyk", "uploader": "Alavilla Mailla - Topic", "uploader_id": "UCcm54cqV830F_mFhFIFp-Fg", "uploader_url": "http://www.youtube.com/channel/UCcm54cqV830F_mFhFIFp-Fg", "channel_id": "UCcm54cqV830F_mFhFIFp-Fg", "channel_url": "http://www.youtube.com/channel/UCcm54cqV830F_mFhFIFp-Fg", "upload_date": "20200915", "license": null, "creator": "Alavilla Mailla", "title": "Fragile Beings", "alt_title": "Fragile Beings", "thumbnails": [{"url": "https://i.ytimg.com/vi/QBJ6YYYpIyk/hqdefault.jpg?sqp=-oaymwEYCKgBEF5IVfKriqkDCwgBFQAAiEIYAXAB&rs=AOn4CLATYQIlBRdwETtRYEeRSFEcieockg", "width": 168, "height": 94, "resolution": "168x94", "id": "0"}, {"url": "https://i.ytimg.com/vi/QBJ6YYYpIyk/hqdefault.jpg?sqp=-oaymwEYCMQBEG5IVfKriqkDCwgBFQAAiEIYAXAB&rs=AOn4CLDFCtD4qutsseEv3SrGYzp6R0ggGw", "width": 196, "height": 110, "resolution": "196x110", "id": "1"}, {"url": "https://i.ytimg.com/vi/QBJ6YYYpIyk/hqdefault.jpg?sqp=-oaymwEZCPYBEIoBSFXyq4qpAwsIARUAAIhCGAFwAQ==&rs=AOn4CLC-JUwyU_-VRtlxopA0oZdKg3oohA", "width": 246, "height": 138, "resolution": "246x138", "id": "2"}, {"url": "https://i.ytimg.com/vi/QBJ6YYYpIyk/hqdefault.jpg?sqp=-oaymwEZCNACELwBSFXyq4qpAwsIARUAAIhCGAFwAQ==&rs=AOn4CLDlNvn0upHnSKosBU24u6Ddndok_Q", "width": 336, "height": 188, "resolution": "336x188", "id": "3"}, {"url": "https://i.ytimg.com/vi_webp/QBJ6YYYpIyk/maxresdefault.webp", "width": 1920, "height": 1080, "resolution": "1920x1080", "id": "4"}], "description": "Provided to YouTube by TuneCore\n\nFragile Beings \u00b7 Alavilla Mailla\n\nFragile Beings\n\n\u2117 2020 Dream Relaxation\n\nReleased on: 2020-06-19\n\nAuto-generated by YouTube.", "categories": ["Music"], "tags": ["Alavilla Mailla", "Fragile Beings"], "subtitles": {}, "automatic_captions": {}, "duration": 104, "age_limit": 0, "annotations": null, "chapters": null, "webpage_url": "https://www.youtube.com/watch?v=QBJ6YYYpIyk", "view_count": 36, "like_count": 2, "dislike_count": null, "average_rating": 5.0, "formats": [{"format_id": "249", "url": "https://r1---sn-5njj-u2xl.googlevideo.com/videoplayback?expire=1608639824&ei=8JDhX53HH5yMs8IP7Iqq-AU&ip=140.109.134.236&id=o-AHwwDUomXT0TMD3E2GW6d4r5KvaxtnxAEjrztzK5xAaM&itag=249&source=youtube&requiressl=yes&mh=9p&mm=31%2C29&mn=sn-5njj-u2xl%2Csn-un57sn7z&ms=au%2Crdu&mv=m&mvi=1&pl=16&gcr=tw&initcwndbps=393750&vprv=1&mime=audio%2Fwebm&ns=Wgr_xzuflCr5IX60vt8slNkF&gir=yes&clen=801701&dur=104.201&lmt=1600236492154220&mt=1608618034&fvip=1&keepalive=yes&c=WEB&txp=2311224&n=i8k7O1Xx64vNqj7b&sparams=expire%2Cei%2Cip%2Cid%2Citag%2Csource%2Crequiressl%2Cgcr%2Cvprv%2Cmime%2Cns%2Cgir%2Cclen%2Cdur%2Clmt&lsparams=mh%2Cmm%2Cmn%2Cms%2Cmv%2Cmvi%2Cpl%2Cinitcwndbps&lsig=AG3C_xAwRQIhAOvumW5RqtG8mFdrUDsLX2edBuM3f5vdB9RKUA5uC0lTAiA6lksykaspydfYJtev7HHuSvH-YwcoGmJwAnEdWTIAnQ%3D%3D&sig=AOq0QJ8wRQIhAMdgFuNTRZ3eTk0vtwueQKulXXq3Kz1XNIIw5qdlHT3aAiB1ZeIfKCXWg8nV425VcrsXHvu3QuCQRP--iM6NLf19qQ==&ratebypass=yes", "player_url": "/s/player/5dd3f3b2/player_ias.vflset/en_US/base.js", "ext": "webm", "format_note": "tiny", "acodec": "opus", "abr": 50, "asr": 48000, "filesize": 801701, "fps": null, "height": null, "tbr": 66.008, "width": null, "vcodec": "none", "downloader_options": {"http_chunk_size": 10485760}, "format": "249 - audio only (tiny)", "protocol": "https", "http_headers": {"User-Agent": "Mozilla/5.0 (Windows NT 10.0; Win64; x64) AppleWebKit/537.36 (KHTML, like Gecko) Chrome/72.0.3626.92 Safari/537.36", "Accept-Charset": "ISO-8859-1,utf-8;q=0.7,*;q=0.7", "Accept": "text/html,application/xhtml+xml,application/xml;q=0.9,*/*;q=0.8", "Accept-Encoding": "gzip, deflate", "Accept-Language": "en-us,en;q=0.5"}}, {"format_id": "250", "url": "https://r1---sn-5njj-u2xl.googlevideo.com/videoplayback?expire=1608639824&ei=8JDhX53HH5yMs8IP7Iqq-AU&ip=140.109.134.236&id=o-AHwwDUomXT0TMD3E2GW6d4r5KvaxtnxAEjrztzK5xAaM&itag=250&source=youtube&requiressl=yes&mh=9p&mm=31%2C29&mn=sn-5njj-u2xl%2Csn-un57sn7z&ms=au%2Crdu&mv=m&mvi=1&pl=16&gcr=tw&initcwndbps=393750&vprv=1&mime=audio%2Fwebm&ns=Wgr_xzuflCr5IX60vt8slNkF&gir=yes&clen=1051566&dur=104.201&lmt=1600236486965952&mt=1608618034&fvip=1&keepalive=yes&c=WEB&txp=2311224&n=i8k7O1Xx64vNqj7b&sparams=expire%2Cei%2Cip%2Cid%2Citag%2Csource%2Crequiressl%2Cgcr%2Cvprv%2Cmime%2Cns%2Cgir%2Cclen%2Cdur%2Clmt&lsparams=mh%2Cmm%2Cmn%2Cms%2Cmv%2Cmvi%2Cpl%2Cinitcwndbps&lsig=AG3C_xAwRQIhAKmMBx6foAHaJUp6MSLLHhReka8kT3ZdpC7lY8XstsVcAiB3YYJsNpbPsTZucsZxt3wBXgYzG4lNv2wpWM5-s1QX-w%3D%3D&sig=AOq0QJ8wRQIgKMNL1PwVf5oeEU-FDaoyg-zfgi1wlQy3DOpo5Wnw4ZkCIQCciEbzBnqpDOGW_yK6NB-XmJiqf-BX_fPosYxl9UyboQ==&ratebypass=yes", "player_url": "/s/player/5dd3f3b2/player_ias.vflset/en_US/base.js", "ext": "webm", "format_note": "tiny", "acodec": "opus", "abr": 70, "asr": 48000, "filesize": 1051566, "fps": null, "height": null, "tbr": 86.61, "width": null, "vcodec": "none", "downloader_options": {"http_chunk_size": 10485760}, "format": "250 - audio only (tiny)", "protocol": "https", "http_headers": {"User-Agent": "Mozilla/5.0 (Windows NT 10.0; Win64; x64) AppleWebKit/537.36 (KHTML, like Gecko) Chrome/72.0.3626.92 Safari/537.36", "Accept-Charset": "ISO-8859-1,utf-8;q=0.7,*;q=0.7", "Accept": "text/html,application/xhtml+xml,application/xml;q=0.9,*/*;q=0.8", "Accept-Encoding": "gzip, deflate", "Accept-Language": "en-us,en;q=0.5"}}, {"format_id": "140", "url": "https://r1---sn-5njj-u2xl.googlevideo.com/videoplayback?expire=1608639824&ei=8JDhX53HH5yMs8IP7Iqq-AU&ip=140.109.134.236&id=o-AHwwDUomXT0TMD3E2GW6d4r5KvaxtnxAEjrztzK5xAaM&itag=140&source=youtube&requiressl=yes&mh=9p&mm=31%2C29&mn=sn-5njj-u2xl%2Csn-un57sn7z&ms=au%2Crdu&mv=m&mvi=1&pl=16&gcr=tw&initcwndbps=393750&vprv=1&mime=audio%2Fmp4&ns=Wgr_xzuflCr5IX60vt8slNkF&gir=yes&clen=1688733&dur=104.182&lmt=1600232409141167&mt=1608618034&fvip=1&keepalive=yes&c=WEB&txp=2311222&n=i8k7O1Xx64vNqj7b&sparams=expire%2Cei%2Cip%2Cid%2Citag%2Csource%2Crequiressl%2Cgcr%2Cvprv%2Cmime%2Cns%2Cgir%2Cclen%2Cdur%2Clmt&lsparams=mh%2Cmm%2Cmn%2Cms%2Cmv%2Cmvi%2Cpl%2Cinitcwndbps&lsig=AG3C_xAwRAIgEOlKXwExa4ucuvzl6QqmVg8NJRYTqtYVk5TeQWIWl58CIHxnbyz6NVkZielCaoRXi01hBLJS6mBaFRK7WGdiuLiu&sig=AOq0QJ8wRQIgPNpAmvyVxH0m8FKHwKhq0iX1Jos2tDdy5Wy2renBd1YCIQDHpD9BpwMN0RWMkNQP7VNJZf4vzAXnbnCT6i8z22JbyA==&ratebypass=yes", "player_url": "/s/player/5dd3f3b2/player_ias.vflset/en_US/base.js", "ext": "m4a", "format_note": "tiny", "acodec": "mp4a.40.2", "abr": 128, "container": "m4a_dash", "asr": 44100, "filesize": 1688733, "fps": null, "height": null, "tbr": 131.239, "width": null, "vcodec": "none", "downloader_options": {"http_chunk_size": 10485760}, "format": "140 - audio only (tiny)", "protocol": "https", "http_headers": {"User-Agent": "Mozilla/5.0 (Windows NT 10.0; Win64; x64) AppleWebKit/537.36 (KHTML, like Gecko) Chrome/72.0.3626.92 Safari/537.36", "Accept-Charset": "ISO-8859-1,utf-8;q=0.7,*;q=0.7", "Accept": "text/html,application/xhtml+xml,application/xml;q=0.9,*/*;q=0.8", "Accept-Encoding": "gzip, deflate", "Accept-Language": "en-us,en;q=0.5"}}, {"format_id": "251", "url": "https://r1---sn-5njj-u2xl.googlevideo.com/videoplayback?expire=1608639824&ei=8JDhX53HH5yMs8IP7Iqq-AU&ip=140.109.134.236&id=o-AHwwDUomXT0TMD3E2GW6d4r5KvaxtnxAEjrztzK5xAaM&itag=251&source=youtube&requiressl=yes&mh=9p&mm=31%2C29&mn=sn-5njj-u2xl%2Csn-un57sn7z&ms=au%2Crdu&mv=m&mvi=1&pl=16&gcr=tw&initcwndbps=393750&vprv=1&mime=audio%2Fwebm&ns=Wgr_xzuflCr5IX60vt8slNkF&gir=yes&clen=2020562&dur=104.201&lmt=1600236471622099&mt=1608618034&fvip=1&keepalive=yes&c=WEB&txp=2311224&n=i8k7O1Xx64vNqj7b&sparams=expire%2Cei%2Cip%2Cid%2Citag%2Csource%2Crequiressl%2Cgcr%2Cvprv%2Cmime%2Cns%2Cgir%2Cclen%2Cdur%2Clmt&lsparams=mh%2Cmm%2Cmn%2Cms%2Cmv%2Cmvi%2Cpl%2Cinitcwndbps&lsig=AG3C_xAwRgIhAKKuZR4cmEN44dZ0NOqwnwb-qh-q6a-jX8i6RBMDB5kgAiEAoMAAKohZfai9lk_4y65Zi1pHjdNX-u5MwZJxnvUHJKU%3D&sig=AOq0QJ8wRAIgZ2zJAKSpPDwVxB0AMWalYgLQ8hH10AoJ_n1pszk5LiMCIDY2G4lblrgpsCSDNSBgvuQo69loybrVMg0r0Rq7B2Vd&ratebypass=yes", "player_url": "/s/player/5dd3f3b2/player_ias.vflset/en_US/base.js", "ext": "webm", "format_note": "tiny", "acodec": "opus", "abr": 160, "asr": 48000, "filesize": 2020562, "fps": null, "height": null, "tbr": 164.755, "width": null, "vcodec": "none", "downloader_options": {"http_chunk_size": 10485760}, "format": "251 - audio only (tiny)", "protocol": "https", "http_headers": {"User-Agent": "Mozilla/5.0 (Windows NT 10.0; Win64; x64) AppleWebKit/537.36 (KHTML, like Gecko) Chrome/72.0.3626.92 Safari/537.36", "Accept-Charset": "ISO-8859-1,utf-8;q=0.7,*;q=0.7", "Accept": "text/html,application/xhtml+xml,application/xml;q=0.9,*/*;q=0.8", "Accept-Encoding": "gzip, deflate", "Accept-Language": "en-us,en;q=0.5"}}, {"format_id": "278", "url": "https://r1---sn-5njj-u2xl.googlevideo.com/videoplayback?expire=1608639824&ei=8JDhX53HH5yMs8IP7Iqq-AU&ip=140.109.134.236&id=o-AHwwDUomXT0TMD3E2GW6d4r5KvaxtnxAEjrztzK5xAaM&itag=278&aitags=133%2C134%2C135%2C136%2C137%2C160%2C242%2C243%2C244%2C247%2C248%2C278&source=youtube&requiressl=yes&mh=9p&mm=31%2C29&mn=sn-5njj-u2xl%2Csn-un57sn7z&ms=au%2Crdu&mv=m&mvi=1&pl=16&gcr=tw&initcwndbps=393750&vprv=1&mime=video%2Fwebm&ns=Wgr_xzuflCr5IX60vt8slNkF&gir=yes&clen=282045&dur=104.160&lmt=1600236852972036&mt=1608618034&fvip=1&keepalive=yes&c=WEB&txp=2311224&n=i8k7O1Xx64vNqj7b&sparams=expire%2Cei%2Cip%2Cid%2Caitags%2Csource%2Crequiressl%2Cgcr%2Cvprv%2Cmime%2Cns%2Cgir%2Cclen%2Cdur%2Clmt&lsparams=mh%2Cmm%2Cmn%2Cms%2Cmv%2Cmvi%2Cpl%2Cinitcwndbps&lsig=AG3C_xAwRQIge7HsSjS6d2whAxZ2dqCcCE8mBNdfQHezUpDLdsxoKngCIQCqQQd3bnoJWbfmNnSZo7N-5chvdA-IhKVJJAWz7MMgkQ%3D%3D&sig=AOq0QJ8wRAIgEsLXGaLS7JCyJJyhXMvqyEDHW00F9SmqM9GHwdZeq5sCIHklWeS6ZQ3Sfd53Oxl4eamqRrSR1-XUhfpyNFvV6hJJ&ratebypass=yes", "player_url": "/s/player/5dd3f3b2/player_ias.vflset/en_US/base.js", "ext": "webm", "height": 144, "format_note": "144p", "container": "webm", "vcodec": "vp9", "asr": null, "filesize": 282045, "fps": 25, "tbr": 36.345, "width": 144, "acodec": "none", "downloader_options": {"http_chunk_size": 10485760}, "format": "278 - 144x144 (144p)", "protocol": "https", "http_headers": {"User-Agent": "Mozilla/5.0 (Windows NT 10.0; Win64; x64) AppleWebKit/537.36 (KHTML, like Gecko) Chrome/72.0.3626.92 Safari/537.36", "Accept-Charset": "ISO-8859-1,utf-8;q=0.7,*;q=0.7", "Accept": "text/html,application/xhtml+xml,application/xml;q=0.9,*/*;q=0.8", "Accept-Encoding": "gzip, deflate", "Accept-Language": "en-us,en;q=0.5"}}, {"format_id": "160", "url": "https://r1---sn-5njj-u2xl.googlevideo.com/videoplayback?expire=1608639824&ei=8JDhX53HH5yMs8IP7Iqq-AU&ip=140.109.134.236&id=o-AHwwDUomXT0TMD3E2GW6d4r5KvaxtnxAEjrztzK5xAaM&itag=160&aitags=133%2C134%2C135%2C136%2C137%2C160%2C242%2C243%2C244%2C247%2C248%2C278&source=youtube&requiressl=yes&mh=9p&mm=31%2C29&mn=sn-5njj-u2xl%2Csn-un57sn7z&ms=au%2Crdu&mv=m&mvi=1&pl=16&gcr=tw&initcwndbps=393750&vprv=1&mime=video%2Fmp4&ns=Wgr_xzuflCr5IX60vt8slNkF&gir=yes&clen=553540&dur=104.160&lmt=1600235782752441&mt=1608618034&fvip=1&keepalive=yes&c=WEB&txp=2311222&n=i8k7O1Xx64vNqj7b&sparams=expire%2Cei%2Cip%2Cid%2Caitags%2Csource%2Crequiressl%2Cgcr%2Cvprv%2Cmime%2Cns%2Cgir%2Cclen%2Cdur%2Clmt&lsparams=mh%2Cmm%2Cmn%2Cms%2Cmv%2Cmvi%2Cpl%2Cinitcwndbps&lsig=AG3C_xAwRgIhAP3LXjrz9VWYarmuLVj5UlNv-mS6SBcSaQZ5D5cfSDi5AiEAgXehrClRuyKzdxE1IYa0re9jsLE9Te0eXgt5H5gQuNM%3D&sig=AOq0QJ8wRAIgVczcqx5G4kXNAle_r3ilI_c0AUalJDRWxq-Latj6_cMCIFkDoPOHILUBh1iGSoCzSCTfcOEWFUQBntXszvS0LAXL&ratebypass=yes", "player_url": "/s/player/5dd3f3b2/player_ias.vflset/en_US/base.js", "ext": "mp4", "height": 144, "format_note": "144p", "vcodec": "avc1.4d400b", "asr": null, "filesize": 553540, "fps": 25, "tbr": 57.372, "width": 144, "acodec": "none", "downloader_options": {"http_chunk_size": 10485760}, "format": "160 - 144x144 (144p)", "protocol": "https", "http_headers": {"User-Agent": "Mozilla/5.0 (Windows NT 10.0; Win64; x64) AppleWebKit/537.36 (KHTML, like Gecko) Chrome/72.0.3626.92 Safari/537.36", "Accept-Charset": "ISO-8859-1,utf-8;q=0.7,*;q=0.7", "Accept": "text/html,application/xhtml+xml,application/xml;q=0.9,*/*;q=0.8", "Accept-Encoding": "gzip, deflate", "Accept-Language": "en-us,en;q=0.5"}}, {"format_id": "242", "url": "https://r1---sn-5njj-u2xl.googlevideo.com/videoplayback?expire=1608639824&ei=8JDhX53HH5yMs8IP7Iqq-AU&ip=140.109.134.236&id=o-AHwwDUomXT0TMD3E2GW6d4r5KvaxtnxAEjrztzK5xAaM&itag=242&aitags=133%2C134%2C135%2C136%2C137%2C160%2C242%2C243%2C244%2C247%2C248%2C278&source=youtube&requiressl=yes&mh=9p&mm=31%2C29&mn=sn-5njj-u2xl%2Csn-un57sn7z&ms=au%2Crdu&mv=m&mvi=1&pl=16&gcr=tw&initcwndbps=393750&vprv=1&mime=video%2Fwebm&ns=Wgr_xzuflCr5IX60vt8slNkF&gir=yes&clen=695462&dur=104.160&lmt=1600236961399254&mt=1608618034&fvip=1&keepalive=yes&c=WEB&txp=2311224&n=i8k7O1Xx64vNqj7b&sparams=expire%2Cei%2Cip%2Cid%2Caitags%2Csource%2Crequiressl%2Cgcr%2Cvprv%2Cmime%2Cns%2Cgir%2Cclen%2Cdur%2Clmt&lsparams=mh%2Cmm%2Cmn%2Cms%2Cmv%2Cmvi%2Cpl%2Cinitcwndbps&lsig=AG3C_xAwRgIhAPA6XncndXekYVlhgZS4txpsEUdm66U7SXlGjpA5rAVhAiEA7JIHPi2LvtJbiBxeX0YTPzDkylZnTW_wLalhthZo0yM%3D&sig=AOq0QJ8wRQIhAJ5ys-4oaodknIHpGT4boTTpgkMAVVfGmGkpE28-XISGAiAsAyk9F2r9C3ABP_0UgPpZyvA0RYwBagk7nsDRO0XGmA==&ratebypass=yes", "player_url": "/s/player/5dd3f3b2/player_ias.vflset/en_US/base.js", "ext": "webm", "height": 240, "format_note": "240p", "vcodec": "vp9", "asr": null, "filesize": 695462, "fps": 25, "tbr": 66.55, "width": 240, "acodec": "none", "downloader_options": {"http_chunk_size": 10485760}, "format": "242 - 240x240 (240p)", "protocol": "https", "http_headers": {"User-Agent": "Mozilla/5.0 (Windows NT 10.0; Win64; x64) AppleWebKit/537.36 (KHTML, like Gecko) Chrome/72.0.3626.92 Safari/537.36", "Accept-Charset": "ISO-8859-1,utf-8;q=0.7,*;q=0.7", "Accept": "text/html,application/xhtml+xml,application/xml;q=0.9,*/*;q=0.8", "Accept-Encoding": "gzip, deflate", "Accept-Language": "en-us,en;q=0.5"}}, {"format_id": "134", "url": "https://r1---sn-5njj-u2xl.googlevideo.com/videoplayback?expire=1608639824&ei=8JDhX53HH5yMs8IP7Iqq-AU&ip=140.109.134.236&id=o-AHwwDUomXT0TMD3E2GW6d4r5KvaxtnxAEjrztzK5xAaM&itag=134&aitags=133%2C134%2C135%2C136%2C137%2C160%2C242%2C243%2C244%2C247%2C248%2C278&source=youtube&requiressl=yes&mh=9p&mm=31%2C29&mn=sn-5njj-u2xl%2Csn-un57sn7z&ms=au%2Crdu&mv=m&mvi=1&pl=16&gcr=tw&initcwndbps=393750&vprv=1&mime=video%2Fmp4&ns=Wgr_xzuflCr5IX60vt8slNkF&gir=yes&clen=585263&dur=104.160&lmt=1600235782645152&mt=1608618034&fvip=1&keepalive=yes&c=WEB&txp=2311222&n=i8k7O1Xx64vNqj7b&sparams=expire%2Cei%2Cip%2Cid%2Caitags%2Csource%2Crequiressl%2Cgcr%2Cvprv%2Cmime%2Cns%2Cgir%2Cclen%2Cdur%2Clmt&lsparams=mh%2Cmm%2Cmn%2Cms%2Cmv%2Cmvi%2Cpl%2Cinitcwndbps&lsig=AG3C_xAwRQIhAKrIAaDjB6HuAvG1QiJwQ30sMFFc36fNoQSVSOCe711aAiAy7943cQX7p72pGi0Mj_BzuaIylXqWRSOfQrX_pGg_Yg%3D%3D&sig=AOq0QJ8wRQIgQpvZofldwQ6Dv0fqhdOi_blCqX-6TiD2alPQcq4arAkCIQDTgakdo4JsXFrLvizsvAA06I2QzfIKcHLC5ZhFhaIarQ==&ratebypass=yes", "player_url": "/s/player/5dd3f3b2/player_ias.vflset/en_US/base.js", "ext": "mp4", "height": 360, "format_note": "360p", "vcodec": "avc1.4d4015", "asr": null, "filesize": 585263, "fps": 25, "tbr": 115.768, "width": 360, "acodec": "none", "downloader_options": {"http_chunk_size": 10485760}, "format": "134 - 360x360 (360p)", "protocol": "https", "http_headers": {"User-Agent": "Mozilla/5.0 (Windows NT 10.0; Win64; x64) AppleWebKit/537.36 (KHTML, like Gecko) Chrome/72.0.3626.92 Safari/537.36", "Accept-Charset": "ISO-8859-1,utf-8;q=0.7,*;q=0.7", "Accept": "text/html,application/xhtml+xml,application/xml;q=0.9,*/*;q=0.8", "Accept-Encoding": "gzip, deflate", "Accept-Language": "en-us,en;q=0.5"}}, {"format_id": "133", "url": "https://r1---sn-5njj-u2xl.googlevideo.com/videoplayback?expire=1608639824&ei=8JDhX53HH5yMs8IP7Iqq-AU&ip=140.109.134.236&id=o-AHwwDUomXT0TMD3E2GW6d4r5KvaxtnxAEjrztzK5xAaM&itag=133&aitags=133%2C134%2C135%2C136%2C137%2C160%2C242%2C243%2C244%2C247%2C248%2C278&source=youtube&requiressl=yes&mh=9p&mm=31%2C29&mn=sn-5njj-u2xl%2Csn-un57sn7z&ms=au%2Crdu&mv=m&mvi=1&pl=16&gcr=tw&initcwndbps=393750&vprv=1&mime=video%2Fmp4&ns=Wgr_xzuflCr5IX60vt8slNkF&gir=yes&clen=1280372&dur=104.160&lmt=1600235782661124&mt=1608618034&fvip=1&keepalive=yes&c=WEB&txp=2311222&n=i8k7O1Xx64vNqj7b&sparams=expire%2Cei%2Cip%2Cid%2Caitags%2Csource%2Crequiressl%2Cgcr%2Cvprv%2Cmime%2Cns%2Cgir%2Cclen%2Cdur%2Clmt&lsparams=mh%2Cmm%2Cmn%2Cms%2Cmv%2Cmvi%2Cpl%2Cinitcwndbps&lsig=AG3C_xAwRgIhAJIzxedcI5YCSYHB65gXfTnxAn7d1hoqKD4mCr30MMXsAiEA80Z7IEgO0sCNMLDdVvgQMLFSLdQsBf0jJo5zZ0GZGak%3D&sig=AOq0QJ8wRQIhALJzpzAPkSs2Pr_J_0vel2QEJ1YQedL7MbN6Z3FM-IAvAiB1LqM3ApBVnmOGU7ESnSfSSSM8OdfD7gM8aBJ35QZZZw==&ratebypass=yes", "player_url": "/s/player/5dd3f3b2/player_ias.vflset/en_US/base.js", "ext": "mp4", "height": 240, "format_note": "240p", "vcodec": "avc1.4d400c", "asr": null, "filesize": 1280372, "fps": 25, "tbr": 120.245, "width": 240, "acodec": "none", "downloader_options": {"http_chunk_size": 10485760}, "format": "133 - 240x240 (240p)", "protocol": "https", "http_headers": {"User-Agent": "Mozilla/5.0 (Windows NT 10.0; Win64; x64) AppleWebKit/537.36 (KHTML, like Gecko) Chrome/72.0.3626.92 Safari/537.36", "Accept-Charset": "ISO-8859-1,utf-8;q=0.7,*;q=0.7", "Accept": "text/html,application/xhtml+xml,application/xml;q=0.9,*/*;q=0.8", "Accept-Encoding": "gzip, deflate", "Accept-Language": "en-us,en;q=0.5"}}, {"format_id": "243", "url": "https://r1---sn-5njj-u2xl.googlevideo.com/videoplayback?expire=1608639824&ei=8JDhX53HH5yMs8IP7Iqq-AU&ip=140.109.134.236&id=o-AHwwDUomXT0TMD3E2GW6d4r5KvaxtnxAEjrztzK5xAaM&itag=243&aitags=133%2C134%2C135%2C136%2C137%2C160%2C242%2C243%2C244%2C247%2C248%2C278&source=youtube&requiressl=yes&mh=9p&mm=31%2C29&mn=sn-5njj-u2xl%2Csn-un57sn7z&ms=au%2Crdu&mv=m&mvi=1&pl=16&gcr=tw&initcwndbps=393750&vprv=1&mime=video%2Fwebm&ns=Wgr_xzuflCr5IX60vt8slNkF&gir=yes&clen=1155702&dur=104.160&lmt=1600236872144390&mt=1608618034&fvip=1&keepalive=yes&c=WEB&txp=2311224&n=i8k7O1Xx64vNqj7b&sparams=expire%2Cei%2Cip%2Cid%2Caitags%2Csource%2Crequiressl%2Cgcr%2Cvprv%2Cmime%2Cns%2Cgir%2Cclen%2Cdur%2Clmt&lsparams=mh%2Cmm%2Cmn%2Cms%2Cmv%2Cmvi%2Cpl%2Cinitcwndbps&lsig=AG3C_xAwRAIgDRAfrQQmaXnCbESL9VgTp5wmwiGpoiQ9AuBozxNRA1kCIEveqBJxz55jBiXlKlarWdWuFJSGfYXr1d5oSKKr0_Nq&sig=AOq0QJ8wRQIgNKx25iFNHLNe47Hy-f1uctVqb7cBJkXrdnT77gvDUqgCIQDAJA-sn85gDp5Qi46hZWr1dO8fMBDUiCMHNywit3NT-g==&ratebypass=yes", "player_url": "/s/player/5dd3f3b2/player_ias.vflset/en_US/base.js", "ext": "webm", "height": 360, "format_note": "360p", "vcodec": "vp9", "asr": null, "filesize": 1155702, "fps": 25, "tbr": 172.268, "width": 360, "acodec": "none", "downloader_options": {"http_chunk_size": 10485760}, "format": "243 - 360x360 (360p)", "protocol": "https", "http_headers": {"User-Agent": "Mozilla/5.0 (Windows NT 10.0; Win64; x64) AppleWebKit/537.36 (KHTML, like Gecko) Chrome/72.0.3626.92 Safari/537.36", "Accept-Charset": "ISO-8859-1,utf-8;q=0.7,*;q=0.7", "Accept": "text/html,application/xhtml+xml,application/xml;q=0.9,*/*;q=0.8", "Accept-Encoding": "gzip, deflate", "Accept-Language": "en-us,en;q=0.5"}}, {"format_id": "135", "url": "https://r1---sn-5njj-u2xl.googlevideo.com/videoplayback?expire=1608639824&ei=8JDhX53HH5yMs8IP7Iqq-AU&ip=140.109.134.236&id=o-AHwwDUomXT0TMD3E2GW6d4r5KvaxtnxAEjrztzK5xAaM&itag=135&aitags=133%2C134%2C135%2C136%2C137%2C160%2C242%2C243%2C244%2C247%2C248%2C278&source=youtube&requiressl=yes&mh=9p&mm=31%2C29&mn=sn-5njj-u2xl%2Csn-un57sn7z&ms=au%2Crdu&mv=m&mvi=1&pl=16&gcr=tw&initcwndbps=393750&vprv=1&mime=video%2Fmp4&ns=Wgr_xzuflCr5IX60vt8slNkF&gir=yes&clen=941725&dur=104.160&lmt=1600235782646650&mt=1608618034&fvip=1&keepalive=yes&c=WEB&txp=2311222&n=i8k7O1Xx64vNqj7b&sparams=expire%2Cei%2Cip%2Cid%2Caitags%2Csource%2Crequiressl%2Cgcr%2Cvprv%2Cmime%2Cns%2Cgir%2Cclen%2Cdur%2Clmt&lsparams=mh%2Cmm%2Cmn%2Cms%2Cmv%2Cmvi%2Cpl%2Cinitcwndbps&lsig=AG3C_xAwRQIhAOOe0-ro7tdF0Q0LbekU3hN3IVYwxHc-B7aFFCx0URXbAiAE_LbiISzlohg1bQ3obh3-JJwqfJJDPCuvE2ttfOGT0g%3D%3D&sig=AOq0QJ8wRQIhAJ8vjCn26RhrC_IibPaldji8-elc-JuF9Snhn4raaKESAiBDNA5bpBdBs-Hv42Nt93rQ3gG8GYCeZUgW0odcZSsIAQ==&ratebypass=yes", "player_url": "/s/player/5dd3f3b2/player_ias.vflset/en_US/base.js", "ext": "mp4", "height": 480, "format_note": "480p", "vcodec": "avc1.4d401e", "asr": null, "filesize": 941725, "fps": 25, "tbr": 192.513, "width": 480, "acodec": "none", "downloader_options": {"http_chunk_size": 10485760}, "format": "135 - 480x480 (480p)", "protocol": "https", "http_headers": {"User-Agent": "Mozilla/5.0 (Windows NT 10.0; Win64; x64) AppleWebKit/537.36 (KHTML, like Gecko) Chrome/72.0.3626.92 Safari/537.36", "Accept-Charset": "ISO-8859-1,utf-8;q=0.7,*;q=0.7", "Accept": "text/html,application/xhtml+xml,application/xml;q=0.9,*/*;q=0.8", "Accept-Encoding": "gzip, deflate", "Accept-Language": "en-us,en;q=0.5"}}, {"format_id": "244", "url": "https://r1---sn-5njj-u2xl.googlevideo.com/videoplayback?expire=1608639824&ei=8JDhX53HH5yMs8IP7Iqq-AU&ip=140.109.134.236&id=o-AHwwDUomXT0TMD3E2GW6d4r5KvaxtnxAEjrztzK5xAaM&itag=244&aitags=133%2C134%2C135%2C136%2C137%2C160%2C242%2C243%2C244%2C247%2C248%2C278&source=youtube&requiressl=yes&mh=9p&mm=31%2C29&mn=sn-5njj-u2xl%2Csn-un57sn7z&ms=au%2Crdu&mv=m&mvi=1&pl=16&gcr=tw&initcwndbps=393750&vprv=1&mime=video%2Fwebm&ns=Wgr_xzuflCr5IX60vt8slNkF&gir=yes&clen=2197773&dur=104.160&lmt=1600236849436910&mt=1608618034&fvip=1&keepalive=yes&c=WEB&txp=2311224&n=i8k7O1Xx64vNqj7b&sparams=expire%2Cei%2Cip%2Cid%2Caitags%2Csource%2Crequiressl%2Cgcr%2Cvprv%2Cmime%2Cns%2Cgir%2Cclen%2Cdur%2Clmt&lsparams=mh%2Cmm%2Cmn%2Cms%2Cmv%2Cmvi%2Cpl%2Cinitcwndbps&lsig=AG3C_xAwRQIgANsRyc58L4ikys450H6qq9uebwjvKyRFNnzj7T-ckHsCIQDGDwzQzT5ditGWnjVDFsWwAPCerY2-UZkKVsM-aWKvvw%3D%3D&sig=AOq0QJ8wRAIgLbd3u0RXhTgI8TXXkupHe9B44QDcWMDwhbvpsfOggWECIFoO7CUMCrDhG2m-dkxJgrG2jym4Xk8IsT40uMOo63X7&ratebypass=yes", "player_url": "/s/player/5dd3f3b2/player_ias.vflset/en_US/base.js", "ext": "webm", "height": 480, "format_note": "480p", "vcodec": "vp9", "asr": null, "filesize": 2197773, "fps": 25, "tbr": 298.1, "width": 480, "acodec": "none", "downloader_options": {"http_chunk_size": 10485760}, "format": "244 - 480x480 (480p)", "protocol": "https", "http_headers": {"User-Agent": "Mozilla/5.0 (Windows NT 10.0; Win64; x64) AppleWebKit/537.36 (KHTML, like Gecko) Chrome/72.0.3626.92 Safari/537.36", "Accept-Charset": "ISO-8859-1,utf-8;q=0.7,*;q=0.7", "Accept": "text/html,application/xhtml+xml,application/xml;q=0.9,*/*;q=0.8", "Accept-Encoding": "gzip, deflate", "Accept-Language": "en-us,en;q=0.5"}}, {"format_id": "136", "url": "https://r1---sn-5njj-u2xl.googlevideo.com/videoplayback?expire=1608639824&ei=8JDhX53HH5yMs8IP7Iqq-AU&ip=140.109.134.236&id=o-AHwwDUomXT0TMD3E2GW6d4r5KvaxtnxAEjrztzK5xAaM&itag=136&aitags=133%2C134%2C135%2C136%2C137%2C160%2C242%2C243%2C244%2C247%2C248%2C278&source=youtube&requiressl=yes&mh=9p&mm=31%2C29&mn=sn-5njj-u2xl%2Csn-un57sn7z&ms=au%2Crdu&mv=m&mvi=1&pl=16&gcr=tw&initcwndbps=393750&vprv=1&mime=video%2Fmp4&ns=Wgr_xzuflCr5IX60vt8slNkF&gir=yes&clen=1562300&dur=104.160&lmt=1600235782648074&mt=1608618034&fvip=1&keepalive=yes&c=WEB&txp=2311222&n=i8k7O1Xx64vNqj7b&sparams=expire%2Cei%2Cip%2Cid%2Caitags%2Csource%2Crequiressl%2Cgcr%2Cvprv%2Cmime%2Cns%2Cgir%2Cclen%2Cdur%2Clmt&lsparams=mh%2Cmm%2Cmn%2Cms%2Cmv%2Cmvi%2Cpl%2Cinitcwndbps&lsig=AG3C_xAwRAIgURyHhJkdZCubFRSU_H0awfrqD4rH7adreA6TYY2Ui_0CIFE_fYqtK2b1DmMdh7KA58jNd6BH6qrxDS6Ap198KyGH&sig=AOq0QJ8wRQIhAKJtq_hVmD0qU8DZLBAwP_xyFgIU3pLehFDa1_r4Bsp0AiBOOTp-8oBigYOJOC57zHFH_hBM5cIDOtfyqubvpYQSiw==&ratebypass=yes", "player_url": "/s/player/5dd3f3b2/player_ias.vflset/en_US/base.js", "ext": "mp4", "height": 720, "format_note": "720p", "vcodec": "avc1.4d401f", "asr": null, "filesize": 1562300, "fps": 25, "tbr": 320.018, "width": 720, "acodec": "none", "downloader_options": {"http_chunk_size": 10485760}, "format": "136 - 720x720 (720p)", "protocol": "https", "http_headers": {"User-Agent": "Mozilla/5.0 (Windows NT 10.0; Win64; x64) AppleWebKit/537.36 (KHTML, like Gecko) Chrome/72.0.3626.92 Safari/537.36", "Accept-Charset": "ISO-8859-1,utf-8;q=0.7,*;q=0.7", "Accept": "text/html,application/xhtml+xml,application/xml;q=0.9,*/*;q=0.8", "Accept-Encoding": "gzip, deflate", "Accept-Language": "en-us,en;q=0.5"}}, {"format_id": "247", "url": "https://r1---sn-5njj-u2xl.googlevideo.com/videoplayback?expire=1608639824&ei=8JDhX53HH5yMs8IP7Iqq-AU&ip=140.109.134.236&id=o-AHwwDUomXT0TMD3E2GW6d4r5KvaxtnxAEjrztzK5xAaM&itag=247&aitags=133%2C134%2C135%2C136%2C137%2C160%2C242%2C243%2C244%2C247%2C248%2C278&source=youtube&requiressl=yes&mh=9p&mm=31%2C29&mn=sn-5njj-u2xl%2Csn-un57sn7z&ms=au%2Crdu&mv=m&mvi=1&pl=16&gcr=tw&initcwndbps=393750&vprv=1&mime=video%2Fwebm&ns=Wgr_xzuflCr5IX60vt8slNkF&gir=yes&clen=4459716&dur=104.160&lmt=1600236851928576&mt=1608618034&fvip=1&keepalive=yes&c=WEB&txp=2311224&n=i8k7O1Xx64vNqj7b&sparams=expire%2Cei%2Cip%2Cid%2Caitags%2Csource%2Crequiressl%2Cgcr%2Cvprv%2Cmime%2Cns%2Cgir%2Cclen%2Cdur%2Clmt&lsparams=mh%2Cmm%2Cmn%2Cms%2Cmv%2Cmvi%2Cpl%2Cinitcwndbps&lsig=AG3C_xAwRQIhAOaiZhUkCUVqzYbu06Cs0Iq9afDJOjYTDWzlKM58eqfbAiBI92Xm0sH-6ZQYe9MyGy17pzeNM2-huhKUvKljiLzK-w%3D%3D&sig=AOq0QJ8wRQIhAI2yKqUboPV8ahjkWjb6-cJtBcDCawAjJr6to0JhN7CkAiB3nDFS8uM-c4vwPw9g0s6UEuYRLEVpTJrW0vrzNDe3vw==&ratebypass=yes", "player_url": "/s/player/5dd3f3b2/player_ias.vflset/en_US/base.js", "ext": "webm", "height": 720, "format_note": "720p", "vcodec": "vp9", "asr": null, "filesize": 4459716, "fps": 25, "tbr": 524.94, "width": 720, "acodec": "none", "downloader_options": {"http_chunk_size": 10485760}, "format": "247 - 720x720 (720p)", "protocol": "https", "http_headers": {"User-Agent": "Mozilla/5.0 (Windows NT 10.0; Win64; x64) AppleWebKit/537.36 (KHTML, like Gecko) Chrome/72.0.3626.92 Safari/537.36", "Accept-Charset": "ISO-8859-1,utf-8;q=0.7,*;q=0.7", "Accept": "text/html,application/xhtml+xml,application/xml;q=0.9,*/*;q=0.8", "Accept-Encoding": "gzip, deflate", "Accept-Language": "en-us,en;q=0.5"}}, {"format_id": "137", "url": "https://r1---sn-5njj-u2xl.googlevideo.com/videoplayback?expire=1608639824&ei=8JDhX53HH5yMs8IP7Iqq-AU&ip=140.109.134.236&id=o-AHwwDUomXT0TMD3E2GW6d4r5KvaxtnxAEjrztzK5xAaM&itag=137&aitags=133%2C134%2C135%2C136%2C137%2C160%2C242%2C243%2C244%2C247%2C248%2C278&source=youtube&requiressl=yes&mh=9p&mm=31%2C29&mn=sn-5njj-u2xl%2Csn-un57sn7z&ms=au%2Crdu&mv=m&mvi=1&pl=16&gcr=tw&initcwndbps=393750&vprv=1&mime=video%2Fmp4&ns=Wgr_xzuflCr5IX60vt8slNkF&gir=yes&clen=2810991&dur=104.160&lmt=1600235782645279&mt=1608618034&fvip=1&keepalive=yes&c=WEB&txp=2311222&n=i8k7O1Xx64vNqj7b&sparams=expire%2Cei%2Cip%2Cid%2Caitags%2Csource%2Crequiressl%2Cgcr%2Cvprv%2Cmime%2Cns%2Cgir%2Cclen%2Cdur%2Clmt&lsparams=mh%2Cmm%2Cmn%2Cms%2Cmv%2Cmvi%2Cpl%2Cinitcwndbps&lsig=AG3C_xAwRAIgKxoXf-LAi1jO2T08yQT_ga6FdavsbEVsLAn-8uigQSYCIHgA66P6sjSSY8X4sOBU9vwti7EZgd2peNFgl2sT_VbF&sig=AOq0QJ8wRQIgfwi58VRtAUM72qYJQOvSE8IdfhT7fnxeOEPL_yE5Z3YCIQC1HJjJ4xKG9dDYyw2Q7vbNDspD4P-dWKsIYyzlnwF5SQ==&ratebypass=yes", "player_url": "/s/player/5dd3f3b2/player_ias.vflset/en_US/base.js", "ext": "mp4", "height": 1080, "format_note": "1080p", "vcodec": "avc1.640020", "asr": null, "filesize": 2810991, "fps": 25, "tbr": 566.536, "width": 1080, "acodec": "none", "downloader_options": {"http_chunk_size": 10485760}, "format": "137 - 1080x1080 (1080p)", "protocol": "https", "http_headers": {"User-Agent": "Mozilla/5.0 (Windows NT 10.0; Win64; x64) AppleWebKit/537.36 (KHTML, like Gecko) Chrome/72.0.3626.92 Safari/537.36", "Accept-Charset": "ISO-8859-1,utf-8;q=0.7,*;q=0.7", "Accept": "text/html,application/xhtml+xml,application/xml;q=0.9,*/*;q=0.8", "Accept-Encoding": "gzip, deflate", "Accept-Language": "en-us,en;q=0.5"}}, {"format_id": "248", "url": "https://r1---sn-5njj-u2xl.googlevideo.com/videoplayback?expire=1608639824&ei=8JDhX53HH5yMs8IP7Iqq-AU&ip=140.109.134.236&id=o-AHwwDUomXT0TMD3E2GW6d4r5KvaxtnxAEjrztzK5xAaM&itag=248&aitags=133%2C134%2C135%2C136%2C137%2C160%2C242%2C243%2C244%2C247%2C248%2C278&source=youtube&requiressl=yes&mh=9p&mm=31%2C29&mn=sn-5njj-u2xl%2Csn-un57sn7z&ms=au%2Crdu&mv=m&mvi=1&pl=16&gcr=tw&initcwndbps=393750&vprv=1&mime=video%2Fwebm&ns=Wgr_xzuflCr5IX60vt8slNkF&gir=yes&clen=6797637&dur=104.160&lmt=1600236870054394&mt=1608618034&fvip=1&keepalive=yes&c=WEB&txp=2311224&n=i8k7O1Xx64vNqj7b&sparams=expire%2Cei%2Cip%2Cid%2Caitags%2Csource%2Crequiressl%2Cgcr%2Cvprv%2Cmime%2Cns%2Cgir%2Cclen%2Cdur%2Clmt&lsparams=mh%2Cmm%2Cmn%2Cms%2Cmv%2Cmvi%2Cpl%2Cinitcwndbps&lsig=AG3C_xAwRAIgFbTK37gPzi5DBDVqvs21khUN0w5ognbMnybWa7cPAo0CIB4rPGR7RzS4-7FjHS378WYdlFifPnoKCy-QOsF2GH5G&sig=AOq0QJ8wRAIgQEjvs0-Qng_-_z7asQasVOONyQiiFawsqfQl4NrOU1UCIFp-fShupjaldsxDSc1VL_rg6jlKSehnA-ZLvT6ex8cY&ratebypass=yes", "player_url": "/s/player/5dd3f3b2/player_ias.vflset/en_US/base.js", "ext": "webm", "height": 1080, "format_note": "1080p", "vcodec": "vp9", "asr": null, "filesize": 6797637, "fps": 25, "tbr": 864.381, "width": 1080, "acodec": "none", "downloader_options": {"http_chunk_size": 10485760}, "format": "248 - 1080x1080 (1080p)", "protocol": "https", "http_headers": {"User-Agent": "Mozilla/5.0 (Windows NT 10.0; Win64; x64) AppleWebKit/537.36 (KHTML, like Gecko) Chrome/72.0.3626.92 Safari/537.36", "Accept-Charset": "ISO-8859-1,utf-8;q=0.7,*;q=0.7", "Accept": "text/html,application/xhtml+xml,application/xml;q=0.9,*/*;q=0.8", "Accept-Encoding": "gzip, deflate", "Accept-Language": "en-us,en;q=0.5"}}, {"format_id": "18", "url": "https://r1---sn-5njj-u2xl.googlevideo.com/videoplayback?expire=1608639824&ei=8JDhX53HH5yMs8IP7Iqq-AU&ip=140.109.134.236&id=o-AHwwDUomXT0TMD3E2GW6d4r5KvaxtnxAEjrztzK5xAaM&itag=18&source=youtube&requiressl=yes&mh=9p&mm=31%2C29&mn=sn-5njj-u2xl%2Csn-un57sn7z&ms=au%2Crdu&mv=m&mvi=1&pl=16&gcr=tw&initcwndbps=393750&vprv=1&mime=video%2Fmp4&ns=YxVEXHA_fIf_W33EnPjkYq4F&gir=yes&clen=1962989&ratebypass=yes&dur=104.234&lmt=1600232510063565&mt=1608618034&fvip=1&c=WEB&txp=2310222&n=9yyNPzoFnx3-m39Q&sparams=expire%2Cei%2Cip%2Cid%2Citag%2Csource%2Crequiressl%2Cgcr%2Cvprv%2Cmime%2Cns%2Cgir%2Cclen%2Cratebypass%2Cdur%2Clmt&lsparams=mh%2Cmm%2Cmn%2Cms%2Cmv%2Cmvi%2Cpl%2Cinitcwndbps&lsig=AG3C_xAwRQIgHtyVUufrk_x8PFQxR1tIi0XvKGSZNyokQCiKvGFALQYCIQCh9ZCz77iidB4a6JeXPOhULrxU_JwqmKXoozZzkr4XyA%3D%3D&sig=AOq0QJ8wRgIhAIDhLNBcICt5XUScTYJ8lM9slCLRhUlmiVoZ7q4sMxFfAiEAxge3UdfSGtRQeijOLUWsvId5xp5BXKzEMXxiZg3WAXM=", "player_url": "/s/player/5dd3f3b2/player_ias.vflset/en_US/base.js", "ext": "mp4", "width": 360, "height": 360, "acodec": "mp4a.40.2", "abr": 96, "vcodec": "avc1.42001E", "asr": 44100, "filesize": 1962989, "format_note": "360p", "fps": 25, "tbr": 150.767, "format": "18 - 360x360 (360p)", "protocol": "https", "http_headers": {"User-Agent": "Mozilla/5.0 (Windows NT 10.0; Win64; x64) AppleWebKit/537.36 (KHTML, like Gecko) Chrome/72.0.3626.92 Safari/537.36", "Accept-Charset": "ISO-8859-1,utf-8;q=0.7,*;q=0.7", "Accept": "text/html,application/xhtml+xml,application/xml;q=0.9,*/*;q=0.8", "Accept-Encoding": "gzip, deflate", "Accept-Language": "en-us,en;q=0.5"}}], "is_live": null, "start_time": null, "end_time": null, "series": null, "season_number": null, "episode_number": null, "track": "Fragile Beings", "artist": "Alavilla Mailla", "album": "Fragile Beings", "release_date": "20200619", "release_year": 2020, "extractor": "youtube", "webpage_url_basename": "watch", "extractor_key": "Youtube", "playlist": null, "playlist_index": null, "thumbnail": "https://i.ytimg.com/vi_webp/QBJ6YYYpIyk/maxresdefault.webp", "display_id": "QBJ6YYYpIyk", "requested_subtitles": null, "format_id": "251", "url": "https://r1---sn-5njj-u2xl.googlevideo.com/videoplayback?expire=1608639824&ei=8JDhX53HH5yMs8IP7Iqq-AU&ip=140.109.134.236&id=o-AHwwDUomXT0TMD3E2GW6d4r5KvaxtnxAEjrztzK5xAaM&itag=251&source=youtube&requiressl=yes&mh=9p&mm=31%2C29&mn=sn-5njj-u2xl%2Csn-un57sn7z&ms=au%2Crdu&mv=m&mvi=1&pl=16&gcr=tw&initcwndbps=393750&vprv=1&mime=audio%2Fwebm&ns=Wgr_xzuflCr5IX60vt8slNkF&gir=yes&clen=2020562&dur=104.201&lmt=1600236471622099&mt=1608618034&fvip=1&keepalive=yes&c=WEB&txp=2311224&n=i8k7O1Xx64vNqj7b&sparams=expire%2Cei%2Cip%2Cid%2Citag%2Csource%2Crequiressl%2Cgcr%2Cvprv%2Cmime%2Cns%2Cgir%2Cclen%2Cdur%2Clmt&lsparams=mh%2Cmm%2Cmn%2Cms%2Cmv%2Cmvi%2Cpl%2Cinitcwndbps&lsig=AG3C_xAwRgIhAKKuZR4cmEN44dZ0NOqwnwb-qh-q6a-jX8i6RBMDB5kgAiEAoMAAKohZfai9lk_4y65Zi1pHjdNX-u5MwZJxnvUHJKU%3D&sig=AOq0QJ8wRAIgZ2zJAKSpPDwVxB0AMWalYgLQ8hH10AoJ_n1pszk5LiMCIDY2G4lblrgpsCSDNSBgvuQo69loybrVMg0r0Rq7B2Vd&ratebypass=yes", "player_url": "/s/player/5dd3f3b2/player_ias.vflset/en_US/base.js", "ext": "webm", "format_note": "tiny", "acodec": "opus", "abr": 160, "asr": 48000, "filesize": 2020562, "fps": null, "height": null, "tbr": 164.755, "width": null, "vcodec": "none", "downloader_options": {"http_chunk_size": 10485760}, "format": "251 - audio only (tiny)", "protocol": "https", "http_headers": {"User-Agent": "Mozilla/5.0 (Windows NT 10.0; Win64; x64) AppleWebKit/537.36 (KHTML, like Gecko) Chrome/72.0.3626.92 Safari/537.36", "Accept-Charset": "ISO-8859-1,utf-8;q=0.7,*;q=0.7", "Accept": "text/html,application/xhtml+xml,application/xml;q=0.9,*/*;q=0.8", "Accept-Encoding": "gzip, deflate", "Accept-Language": "en-us,en;q=0.5"}}