{"id": "qRceKZtwRWA", "uploader": "Daniella Babbitt - Topic", "uploader_id": "UCXT3MO9uQnSlMGL7ZiHtS8w", "uploader_url": "http://www.youtube.com/channel/UCXT3MO9uQnSlMGL7ZiHtS8w", "channel_id": "UCXT3MO9uQnSlMGL7ZiHtS8w", "channel_url": "http://www.youtube.com/channel/UCXT3MO9uQnSlMGL7ZiHtS8w", "upload_date": "20201126", "license": null, "creator": "Daniella Babbitt", "title": "Litany", "alt_title": "Litany", "thumbnails": [{"url": "https://i.ytimg.com/vi/qRceKZtwRWA/hqdefault.jpg?sqp=-oaymwEYCKgBEF5IVfKriqkDCwgBFQAAiEIYAXAB&rs=AOn4CLB3Vk2sG2YUjpoA87-EYF-Lw5Vtvg", "width": 168, "height": 94, "resolution": "168x94", "id": "0"}, {"url": "https://i.ytimg.com/vi/qRceKZtwRWA/hqdefault.jpg?sqp=-oaymwEYCMQBEG5IVfKriqkDCwgBFQAAiEIYAXAB&rs=AOn4CLA6kw6WFkz7P1JbcPwUoQICxGdXWQ", "width": 196, "height": 110, "resolution": "196x110", "id": "1"}, {"url": "https://i.ytimg.com/vi/qRceKZtwRWA/hqdefault.jpg?sqp=-oaymwEZCPYBEIoBSFXyq4qpAwsIARUAAIhCGAFwAQ==&rs=AOn4CLAbVysJlfiklZJofnx3IDGOQbBTng", "width": 246, "height": 138, "resolution": "246x138", "id": "2"}, {"url": "https://i.ytimg.com/vi/qRceKZtwRWA/hqdefault.jpg?sqp=-oaymwEZCNACELwBSFXyq4qpAwsIARUAAIhCGAFwAQ==&rs=AOn4CLBjwcmmZ09WuRz0-eDFRJQ7TZs6Yg", "width": 336, "height": 188, "resolution": "336x188", "id": "3"}, {"url": "https://i.ytimg.com/vi_webp/qRceKZtwRWA/maxresdefault.webp", "width": 1920, "height": 1080, "resolution": "1920x1080", "id": "4"}], "description": "Provided to YouTube by Daniella Babbitt\n\nLitany \u00b7 Daniella Babbitt\n\nLitany\n\n\u2117 2020 Daniella Babbitt\n\nReleased on: 2020-11-27\n\nMain  Artist: Daniella Babbitt\n\nAuto-generated by YouTube.", "categories": ["Music"], "tags": ["Daniella Babbitt", "Litany"], "subtitles": {}, "automatic_captions": {}, "duration": 173, "age_limit": 0, "annotations": null, "chapters": null, "webpage_url": "https://www.youtube.com/watch?v=qRceKZtwRWA", "view_count": 22, "like_count": 2, "dislike_count": null, "average_rating": 5.0, "formats": [{"format_id": "249", "url": "https://r3---sn-5njj-u2xe.googlevideo.com/videoplayback?expire=1609837109&ei=1dXzX96JBoWWgAOrjKvYDA&ip=140.109.134.180&id=o-ABzSCJQIcQuPWyBcXiYmEWI5lPxoX6938zPOKCLhpZMX&itag=249&source=youtube&requiressl=yes&mh=0Z&mm=31%2C29&mn=sn-5njj-u2xe%2Csn-un57en7s&ms=au%2Crdu&mv=m&mvi=3&pl=16&gcr=tw&initcwndbps=496250&vprv=1&mime=audio%2Fwebm&ns=QbLV9DjStpM1QjUzlAI8EagF&gir=yes&clen=1240676&dur=172.761&lmt=1606360569759550&mt=1609815163&fvip=3&keepalive=yes&c=WEB&txp=2311222&n=Ofc5PVJPn8zdDE0p&sparams=expire%2Cei%2Cip%2Cid%2Citag%2Csource%2Crequiressl%2Cgcr%2Cvprv%2Cmime%2Cns%2Cgir%2Cclen%2Cdur%2Clmt&lsparams=mh%2Cmm%2Cmn%2Cms%2Cmv%2Cmvi%2Cpl%2Cinitcwndbps&lsig=AG3C_xAwRAIgFMVHFeZhRfJop0rPDmtY63Y5yj7ZwkehF1sWxXsY3lECIAw3SAc0Qqs81jruCnzR9ka8vDlVUw9sdrKaac2I698q&sig=AOq0QJ8wRgIhAILrrLHmY-NyQNznLnwaMlr_sv-58JofIkQYpPP3nyDmAiEAzWgsh4tAoHVYXAoJgO36Pu5OhvTbt8-DDnHdRkj9pH8=&ratebypass=yes", "player_url": "/s/player/5dd3f3b2/player_ias.vflset/en_US/base.js", "ext": "webm", "format_note": "tiny", "acodec": "opus", "abr": 50, "asr": 48000, "filesize": 1240676, "fps": null, "height": null, "tbr": 63.652, "width": null, "vcodec": "none", "downloader_options": {"http_chunk_size": 10485760}, "format": "249 - audio only (tiny)", "protocol": "https", "http_headers": {"User-Agent": "Mozilla/5.0 (Windows NT 10.0; Win64; x64) AppleWebKit/537.36 (KHTML, like Gecko) Chrome/68.0.3440.121 Safari/537.36", "Accept-Charset": "ISO-8859-1,utf-8;q=0.7,*;q=0.7", "Accept": "text/html,application/xhtml+xml,application/xml;q=0.9,*/*;q=0.8", "Accept-Encoding": "gzip, deflate", "Accept-Language": "en-us,en;q=0.5"}}, {"format_id": "250", "url": "https://r3---sn-5njj-u2xe.googlevideo.com/videoplayback?expire=1609837109&ei=1dXzX96JBoWWgAOrjKvYDA&ip=140.109.134.180&id=o-ABzSCJQIcQuPWyBcXiYmEWI5lPxoX6938zPOKCLhpZMX&itag=250&source=youtube&requiressl=yes&mh=0Z&mm=31%2C29&mn=sn-5njj-u2xe%2Csn-un57en7s&ms=au%2Crdu&mv=m&mvi=3&pl=16&gcr=tw&initcwndbps=496250&vprv=1&mime=audio%2Fwebm&ns=QbLV9DjStpM1QjUzlAI8EagF&gir=yes&clen=1641185&dur=172.761&lmt=1606360568390656&mt=1609815163&fvip=3&keepalive=yes&c=WEB&txp=2311222&n=Ofc5PVJPn8zdDE0p&sparams=expire%2Cei%2Cip%2Cid%2Citag%2Csource%2Crequiressl%2Cgcr%2Cvprv%2Cmime%2Cns%2Cgir%2Cclen%2Cdur%2Clmt&lsparams=mh%2Cmm%2Cmn%2Cms%2Cmv%2Cmvi%2Cpl%2Cinitcwndbps&lsig=AG3C_xAwRAIgM-usBopMPvcdK-1OqfOaEWS1iIB7pbKVQ10po-7TZcQCIBjnBds7zYKAW_wCvD11y-z9H5FlGaHui9-7hLClpQV5&sig=AOq0QJ8wRgIhAPtONDNmPcqEV30t3-W3QR3YuUmpt7OSwR5sT6nmhAqLAiEAhxsiQQU1p7whBKLdWtPLbonVoRH8KbCHMRxclLsUbyA=&ratebypass=yes", "player_url": "/s/player/5dd3f3b2/player_ias.vflset/en_US/base.js", "ext": "webm", "format_note": "tiny", "acodec": "opus", "abr": 70, "asr": 48000, "filesize": 1641185, "fps": null, "height": null, "tbr": 82.124, "width": null, "vcodec": "none", "downloader_options": {"http_chunk_size": 10485760}, "format": "250 - audio only (tiny)", "protocol": "https", "http_headers": {"User-Agent": "Mozilla/5.0 (Windows NT 10.0; Win64; x64) AppleWebKit/537.36 (KHTML, like Gecko) Chrome/68.0.3440.121 Safari/537.36", "Accept-Charset": "ISO-8859-1,utf-8;q=0.7,*;q=0.7", "Accept": "text/html,application/xhtml+xml,application/xml;q=0.9,*/*;q=0.8", "Accept-Encoding": "gzip, deflate", "Accept-Language": "en-us,en;q=0.5"}}, {"format_id": "140", "url": "https://r3---sn-5njj-u2xe.googlevideo.com/videoplayback?expire=1609837109&ei=1dXzX96JBoWWgAOrjKvYDA&ip=140.109.134.180&id=o-ABzSCJQIcQuPWyBcXiYmEWI5lPxoX6938zPOKCLhpZMX&itag=140&source=youtube&requiressl=yes&mh=0Z&mm=31%2C29&mn=sn-5njj-u2xe%2Csn-un57en7s&ms=au%2Crdu&mv=m&mvi=3&pl=16&gcr=tw&initcwndbps=496250&vprv=1&mime=audio%2Fmp4&ns=QbLV9DjStpM1QjUzlAI8EagF&gir=yes&clen=2798228&dur=172.749&lmt=1606360581771174&mt=1609815163&fvip=3&keepalive=yes&c=WEB&txp=2311222&n=Ofc5PVJPn8zdDE0p&sparams=expire%2Cei%2Cip%2Cid%2Citag%2Csource%2Crequiressl%2Cgcr%2Cvprv%2Cmime%2Cns%2Cgir%2Cclen%2Cdur%2Clmt&lsparams=mh%2Cmm%2Cmn%2Cms%2Cmv%2Cmvi%2Cpl%2Cinitcwndbps&lsig=AG3C_xAwRAIgSaajjo0EAYI4-jeVB1hp8pj_w6t1DLrwmGpjSFZzuCECIBy5bXLbjfNKffwpUlMb6edBsn-bDEv9gPSs7FHXb9Fn&sig=AOq0QJ8wRQIhAKGza1HLOjdpL3z3WV5yaTVq7Kus-SsSo_qa2NgFIe4_AiB-7EsZmOCR2d52oL2o-EufYT4eQfuLWquib-LKoRcifA==&ratebypass=yes", "player_url": "/s/player/5dd3f3b2/player_ias.vflset/en_US/base.js", "ext": "m4a", "format_note": "tiny", "acodec": "mp4a.40.2", "abr": 128, "container": "m4a_dash", "asr": 44100, "filesize": 2798228, "fps": null, "height": null, "tbr": 131.653, "width": null, "vcodec": "none", "downloader_options": {"http_chunk_size": 10485760}, "format": "140 - audio only (tiny)", "protocol": "https", "http_headers": {"User-Agent": "Mozilla/5.0 (Windows NT 10.0; Win64; x64) AppleWebKit/537.36 (KHTML, like Gecko) Chrome/68.0.3440.121 Safari/537.36", "Accept-Charset": "ISO-8859-1,utf-8;q=0.7,*;q=0.7", "Accept": "text/html,application/xhtml+xml,application/xml;q=0.9,*/*;q=0.8", "Accept-Encoding": "gzip, deflate", "Accept-Language": "en-us,en;q=0.5"}}, {"format_id": "251", "url": "https://r3---sn-5njj-u2xe.googlevideo.com/videoplayback?expire=1609837109&ei=1dXzX96JBoWWgAOrjKvYDA&ip=140.109.134.180&id=o-ABzSCJQIcQuPWyBcXiYmEWI5lPxoX6938zPOKCLhpZMX&itag=251&source=youtube&requiressl=yes&mh=0Z&mm=31%2C29&mn=sn-5njj-u2xe%2Csn-un57en7s&ms=au%2Crdu&mv=m&mvi=3&pl=16&gcr=tw&initcwndbps=496250&vprv=1&mime=audio%2Fwebm&ns=QbLV9DjStpM1QjUzlAI8EagF&gir=yes&clen=3261948&dur=172.761&lmt=1606360569193606&mt=1609815163&fvip=3&keepalive=yes&c=WEB&txp=2311222&n=Ofc5PVJPn8zdDE0p&sparams=expire%2Cei%2Cip%2Cid%2Citag%2Csource%2Crequiressl%2Cgcr%2Cvprv%2Cmime%2Cns%2Cgir%2Cclen%2Cdur%2Clmt&lsparams=mh%2Cmm%2Cmn%2Cms%2Cmv%2Cmvi%2Cpl%2Cinitcwndbps&lsig=AG3C_xAwRQIhAKPoTiE7BhL0dLcJ9SEGxktTUrykMXZd1KUsCwWAhl81AiAikEyGT2Hbh95wVPgVHwz8Fdc7T-3LNcANknx17q5zAg%3D%3D&sig=AOq0QJ8wRQIgO4MmGvfNDiu9yYEIvz8MwpQJM2mi2pGbmO3iZl6x9X8CIQClJjLA3C3aMG0xQUWTwbfGPUx2Gj1f0k_JQRCxsQk7Cg==&ratebypass=yes", "player_url": "/s/player/5dd3f3b2/player_ias.vflset/en_US/base.js", "ext": "webm", "format_note": "tiny", "acodec": "opus", "abr": 160, "asr": 48000, "filesize": 3261948, "fps": null, "height": null, "tbr": 160.829, "width": null, "vcodec": "none", "downloader_options": {"http_chunk_size": 10485760}, "format": "251 - audio only (tiny)", "protocol": "https", "http_headers": {"User-Agent": "Mozilla/5.0 (Windows NT 10.0; Win64; x64) AppleWebKit/537.36 (KHTML, like Gecko) Chrome/68.0.3440.121 Safari/537.36", "Accept-Charset": "ISO-8859-1,utf-8;q=0.7,*;q=0.7", "Accept": "text/html,application/xhtml+xml,application/xml;q=0.9,*/*;q=0.8", "Accept-Encoding": "gzip, deflate", "Accept-Language": "en-us,en;q=0.5"}}, {"format_id": "160", "url": "https://r3---sn-5njj-u2xe.googlevideo.com/videoplayback?expire=1609837109&ei=1dXzX96JBoWWgAOrjKvYDA&ip=140.109.134.180&id=o-ABzSCJQIcQuPWyBcXiYmEWI5lPxoX6938zPOKCLhpZMX&itag=160&aitags=133%2C134%2C135%2C136%2C137%2C160%2C242%2C243%2C244%2C247%2C248%2C278&source=youtube&requiressl=yes&mh=0Z&mm=31%2C29&mn=sn-5njj-u2xe%2Csn-un57en7s&ms=au%2Crdu&mv=m&mvi=3&pl=16&gcr=tw&initcwndbps=496250&vprv=1&mime=video%2Fmp4&ns=QbLV9DjStpM1QjUzlAI8EagF&gir=yes&clen=262039&dur=172.720&lmt=1606360580973009&mt=1609815163&fvip=3&keepalive=yes&c=WEB&txp=2316222&n=Ofc5PVJPn8zdDE0p&sparams=expire%2Cei%2Cip%2Cid%2Caitags%2Csource%2Crequiressl%2Cgcr%2Cvprv%2Cmime%2Cns%2Cgir%2Cclen%2Cdur%2Clmt&lsparams=mh%2Cmm%2Cmn%2Cms%2Cmv%2Cmvi%2Cpl%2Cinitcwndbps&lsig=AG3C_xAwRQIgCwiynXSSv7Cn1zrb3lsm5xD2WH9JUfMANqCQKEOV3e0CIQDpbhQTSjhYZVE4LEIXWcdGRm5Bi1kyZhQclsDOlvOfnw%3D%3D&sig=AOq0QJ8wRQIhAP9V7q1PpjjBDuTuo3beRd6so20R1QpSSe2CTN_--YNkAiBpdmsBk9_5Zfi6I65VjY3BG6bdhUictvO-_HHdqqSpOg==&ratebypass=yes", "player_url": "/s/player/5dd3f3b2/player_ias.vflset/en_US/base.js", "ext": "mp4", "height": 144, "format_note": "144p", "vcodec": "avc1.4d400b", "asr": null, "filesize": 262039, "fps": 25, "tbr": 13.961, "width": 144, "acodec": "none", "downloader_options": {"http_chunk_size": 10485760}, "format": "160 - 144x144 (144p)", "protocol": "https", "http_headers": {"User-Agent": "Mozilla/5.0 (Windows NT 10.0; Win64; x64) AppleWebKit/537.36 (KHTML, like Gecko) Chrome/68.0.3440.121 Safari/537.36", "Accept-Charset": "ISO-8859-1,utf-8;q=0.7,*;q=0.7", "Accept": "text/html,application/xhtml+xml,application/xml;q=0.9,*/*;q=0.8", "Accept-Encoding": "gzip, deflate", "Accept-Language": "en-us,en;q=0.5"}}, {"format_id": "278", "url": "https://r3---sn-5njj-u2xe.googlevideo.com/videoplayback?expire=1609837109&ei=1dXzX96JBoWWgAOrjKvYDA&ip=140.109.134.180&id=o-ABzSCJQIcQuPWyBcXiYmEWI5lPxoX6938zPOKCLhpZMX&itag=278&aitags=133%2C134%2C135%2C136%2C137%2C160%2C242%2C243%2C244%2C247%2C248%2C278&source=youtube&requiressl=yes&mh=0Z&mm=31%2C29&mn=sn-5njj-u2xe%2Csn-un57en7s&ms=au%2Crdu&mv=m&mvi=3&pl=16&gcr=tw&initcwndbps=496250&vprv=1&mime=video%2Fwebm&ns=QbLV9DjStpM1QjUzlAI8EagF&gir=yes&clen=289624&dur=172.720&lmt=1606360583675898&mt=1609815163&fvip=3&keepalive=yes&c=WEB&txp=2316222&n=Ofc5PVJPn8zdDE0p&sparams=expire%2Cei%2Cip%2Cid%2Caitags%2Csource%2Crequiressl%2Cgcr%2Cvprv%2Cmime%2Cns%2Cgir%2Cclen%2Cdur%2Clmt&lsparams=mh%2Cmm%2Cmn%2Cms%2Cmv%2Cmvi%2Cpl%2Cinitcwndbps&lsig=AG3C_xAwRAIgTRqlDXV3tr5eAibrLwTx4UPce-VhOKXpbo0coRd_yuACIBGfEloMLIz5TVcUEdUZfq2yabBn0RnbIAuZc5m31pQG&sig=AOq0QJ8wRAIgPK4iVmoUCFAI9ovQord8tqcao3OQdQb-MPbSggIjKdkCIHgUgHRtChDO3aL7ukzv6g6cCVoZFGjAnk_xE-_uqU3r&ratebypass=yes", "player_url": "/s/player/5dd3f3b2/player_ias.vflset/en_US/base.js", "ext": "webm", "height": 144, "format_note": "144p", "container": "webm", "vcodec": "vp9", "asr": null, "filesize": 289624, "fps": 25, "tbr": 15.538, "width": 144, "acodec": "none", "downloader_options": {"http_chunk_size": 10485760}, "format": "278 - 144x144 (144p)", "protocol": "https", "http_headers": {"User-Agent": "Mozilla/5.0 (Windows NT 10.0; Win64; x64) AppleWebKit/537.36 (KHTML, like Gecko) Chrome/68.0.3440.121 Safari/537.36", "Accept-Charset": "ISO-8859-1,utf-8;q=0.7,*;q=0.7", "Accept": "text/html,application/xhtml+xml,application/xml;q=0.9,*/*;q=0.8", "Accept-Encoding": "gzip, deflate", "Accept-Language": "en-us,en;q=0.5"}}, {"format_id": "242", "url": "https://r3---sn-5njj-u2xe.googlevideo.com/videoplayback?expire=1609837109&ei=1dXzX96JBoWWgAOrjKvYDA&ip=140.109.134.180&id=o-ABzSCJQIcQuPWyBcXiYmEWI5lPxoX6938zPOKCLhpZMX&itag=242&aitags=133%2C134%2C135%2C136%2C137%2C160%2C242%2C243%2C244%2C247%2C248%2C278&source=youtube&requiressl=yes&mh=0Z&mm=31%2C29&mn=sn-5njj-u2xe%2Csn-un57en7s&ms=au%2Crdu&mv=m&mvi=3&pl=16&gcr=tw&initcwndbps=496250&vprv=1&mime=video%2Fwebm&ns=QbLV9DjStpM1QjUzlAI8EagF&gir=yes&clen=340560&dur=172.720&lmt=1606360583677794&mt=1609815163&fvip=3&keepalive=yes&c=WEB&txp=2316222&n=Ofc5PVJPn8zdDE0p&sparams=expire%2Cei%2Cip%2Cid%2Caitags%2Csource%2Crequiressl%2Cgcr%2Cvprv%2Cmime%2Cns%2Cgir%2Cclen%2Cdur%2Clmt&lsparams=mh%2Cmm%2Cmn%2Cms%2Cmv%2Cmvi%2Cpl%2Cinitcwndbps&lsig=AG3C_xAwRQIhAO5tR-rjS5l1RhGVmxOuI-dJQhPeGPLVeP5pVPsOwbqWAiAXKZul2NsaGf1grqPimrkZayDF8GJQSZRV3rZqZW1eAg%3D%3D&sig=AOq0QJ8wRAIgKJY2iSMxTzeqAnoYHDItZYDz8n6ZM63_tvHuCPGG19ICIC2tnmP28wAH1eOHcvC-9KblvBdXU8EYWkbAkNsCu7Jv&ratebypass=yes", "player_url": "/s/player/5dd3f3b2/player_ias.vflset/en_US/base.js", "ext": "webm", "height": 240, "format_note": "240p", "vcodec": "vp9", "asr": null, "filesize": 340560, "fps": 25, "tbr": 18.38, "width": 240, "acodec": "none", "downloader_options": {"http_chunk_size": 10485760}, "format": "242 - 240x240 (240p)", "protocol": "https", "http_headers": {"User-Agent": "Mozilla/5.0 (Windows NT 10.0; Win64; x64) AppleWebKit/537.36 (KHTML, like Gecko) Chrome/68.0.3440.121 Safari/537.36", "Accept-Charset": "ISO-8859-1,utf-8;q=0.7,*;q=0.7", "Accept": "text/html,application/xhtml+xml,application/xml;q=0.9,*/*;q=0.8", "Accept-Encoding": "gzip, deflate", "Accept-Language": "en-us,en;q=0.5"}}, {"format_id": "133", "url": "https://r3---sn-5njj-u2xe.googlevideo.com/videoplayback?expire=1609837109&ei=1dXzX96JBoWWgAOrjKvYDA&ip=140.109.134.180&id=o-ABzSCJQIcQuPWyBcXiYmEWI5lPxoX6938zPOKCLhpZMX&itag=133&aitags=133%2C134%2C135%2C136%2C137%2C160%2C242%2C243%2C244%2C247%2C248%2C278&source=youtube&requiressl=yes&mh=0Z&mm=31%2C29&mn=sn-5njj-u2xe%2Csn-un57en7s&ms=au%2Crdu&mv=m&mvi=3&pl=16&gcr=tw&initcwndbps=496250&vprv=1&mime=video%2Fmp4&ns=QbLV9DjStpM1QjUzlAI8EagF&gir=yes&clen=405269&dur=172.720&lmt=1606360580970204&mt=1609815163&fvip=3&keepalive=yes&c=WEB&txp=2316222&n=Ofc5PVJPn8zdDE0p&sparams=expire%2Cei%2Cip%2Cid%2Caitags%2Csource%2Crequiressl%2Cgcr%2Cvprv%2Cmime%2Cns%2Cgir%2Cclen%2Cdur%2Clmt&lsparams=mh%2Cmm%2Cmn%2Cms%2Cmv%2Cmvi%2Cpl%2Cinitcwndbps&lsig=AG3C_xAwRQIgLqd8MAa9Zad71ORQc1WwRefEvGE3PCxCio695y2TvLMCIQC_kS_-jZ6t4s2sXse6PRQFDcNSzaiFdxcyqigbio28KA%3D%3D&sig=AOq0QJ8wRQIgLZUDFcYwS8Wi4ndo971QpYgMI4EysgvB9uzGmsIgZWUCIQDlrVXVaHg6vYSD7SOriRKi3-wEBhyteWO4qt2GvBuAQg==&ratebypass=yes", "player_url": "/s/player/5dd3f3b2/player_ias.vflset/en_US/base.js", "ext": "mp4", "height": 240, "format_note": "240p", "vcodec": "avc1.4d400c", "asr": null, "filesize": 405269, "fps": 25, "tbr": 22.197, "width": 240, "acodec": "none", "downloader_options": {"http_chunk_size": 10485760}, "format": "133 - 240x240 (240p)", "protocol": "https", "http_headers": {"User-Agent": "Mozilla/5.0 (Windows NT 10.0; Win64; x64) AppleWebKit/537.36 (KHTML, like Gecko) Chrome/68.0.3440.121 Safari/537.36", "Accept-Charset": "ISO-8859-1,utf-8;q=0.7,*;q=0.7", "Accept": "text/html,application/xhtml+xml,application/xml;q=0.9,*/*;q=0.8", "Accept-Encoding": "gzip, deflate", "Accept-Language": "en-us,en;q=0.5"}}, {"format_id": "243", "url": "https://r3---sn-5njj-u2xe.googlevideo.com/videoplayback?expire=1609837109&ei=1dXzX96JBoWWgAOrjKvYDA&ip=140.109.134.180&id=o-ABzSCJQIcQuPWyBcXiYmEWI5lPxoX6938zPOKCLhpZMX&itag=243&aitags=133%2C134%2C135%2C136%2C137%2C160%2C242%2C243%2C244%2C247%2C248%2C278&source=youtube&requiressl=yes&mh=0Z&mm=31%2C29&mn=sn-5njj-u2xe%2Csn-un57en7s&ms=au%2Crdu&mv=m&mvi=3&pl=16&gcr=tw&initcwndbps=496250&vprv=1&mime=video%2Fwebm&ns=QbLV9DjStpM1QjUzlAI8EagF&gir=yes&clen=435730&dur=172.720&lmt=1606360583678438&mt=1609815163&fvip=3&keepalive=yes&c=WEB&txp=2316222&n=Ofc5PVJPn8zdDE0p&sparams=expire%2Cei%2Cip%2Cid%2Caitags%2Csource%2Crequiressl%2Cgcr%2Cvprv%2Cmime%2Cns%2Cgir%2Cclen%2Cdur%2Clmt&lsparams=mh%2Cmm%2Cmn%2Cms%2Cmv%2Cmvi%2Cpl%2Cinitcwndbps&lsig=AG3C_xAwRAIgC5ZcNwAKYFEzFSKty5Nay9ZfHRBxwDeu4QcNSzWR9r8CIAau_4JCzkeg0HcmDyr0ixB7mPuU9NsnYb2Xupv1yRAs&sig=AOq0QJ8wRQIgVieG0knIhVMhl2zy5EUZLfvsaMZvFmC4Dn6FBMaTbmMCIQC_ilq9NWADlJu9uspNwLLDROoNgr8iOXp4gSj1WvK9gg==&ratebypass=yes", "player_url": "/s/player/5dd3f3b2/player_ias.vflset/en_US/base.js", "ext": "webm", "height": 360, "format_note": "360p", "vcodec": "vp9", "asr": null, "filesize": 435730, "fps": 25, "tbr": 24.127, "width": 360, "acodec": "none", "downloader_options": {"http_chunk_size": 10485760}, "format": "243 - 360x360 (360p)", "protocol": "https", "http_headers": {"User-Agent": "Mozilla/5.0 (Windows NT 10.0; Win64; x64) AppleWebKit/537.36 (KHTML, like Gecko) Chrome/68.0.3440.121 Safari/537.36", "Accept-Charset": "ISO-8859-1,utf-8;q=0.7,*;q=0.7", "Accept": "text/html,application/xhtml+xml,application/xml;q=0.9,*/*;q=0.8", "Accept-Encoding": "gzip, deflate", "Accept-Language": "en-us,en;q=0.5"}}, {"format_id": "244", "url": "https://r3---sn-5njj-u2xe.googlevideo.com/videoplayback?expire=1609837109&ei=1dXzX96JBoWWgAOrjKvYDA&ip=140.109.134.180&id=o-ABzSCJQIcQuPWyBcXiYmEWI5lPxoX6938zPOKCLhpZMX&itag=244&aitags=133%2C134%2C135%2C136%2C137%2C160%2C242%2C243%2C244%2C247%2C248%2C278&source=youtube&requiressl=yes&mh=0Z&mm=31%2C29&mn=sn-5njj-u2xe%2Csn-un57en7s&ms=au%2Crdu&mv=m&mvi=3&pl=16&gcr=tw&initcwndbps=496250&vprv=1&mime=video%2Fwebm&ns=QbLV9DjStpM1QjUzlAI8EagF&gir=yes&clen=471532&dur=172.720&lmt=1606360583676911&mt=1609815163&fvip=3&keepalive=yes&c=WEB&txp=2316222&n=Ofc5PVJPn8zdDE0p&sparams=expire%2Cei%2Cip%2Cid%2Caitags%2Csource%2Crequiressl%2Cgcr%2Cvprv%2Cmime%2Cns%2Cgir%2Cclen%2Cdur%2Clmt&lsparams=mh%2Cmm%2Cmn%2Cms%2Cmv%2Cmvi%2Cpl%2Cinitcwndbps&lsig=AG3C_xAwQwIfMjYyqsJzJ1tTM6qc8zUYZHHIJVTFH_YdVZeA7cKY5gIgCN6eT8BjbryUmn8MtDoCppTfBXEsZdt33GVW3-kUuYs%3D&sig=AOq0QJ8wRQIhAN8A_LRhFxbcev2rGpRSoEZCxOEE9NB5YcmDZPVboPdOAiAjAQvkpLsnm-WwQSq3FNf4-PLtGEOPUDAx6QAYx2PfvQ==&ratebypass=yes", "player_url": "/s/player/5dd3f3b2/player_ias.vflset/en_US/base.js", "ext": "webm", "height": 480, "format_note": "480p", "vcodec": "vp9", "asr": null, "filesize": 471532, "fps": 25, "tbr": 27.278, "width": 480, "acodec": "none", "downloader_options": {"http_chunk_size": 10485760}, "format": "244 - 480x480 (480p)", "protocol": "https", "http_headers": {"User-Agent": "Mozilla/5.0 (Windows NT 10.0; Win64; x64) AppleWebKit/537.36 (KHTML, like Gecko) Chrome/68.0.3440.121 Safari/537.36", "Accept-Charset": "ISO-8859-1,utf-8;q=0.7,*;q=0.7", "Accept": "text/html,application/xhtml+xml,application/xml;q=0.9,*/*;q=0.8", "Accept-Encoding": "gzip, deflate", "Accept-Language": "en-us,en;q=0.5"}}, {"format_id": "134", "url": "https://r3---sn-5njj-u2xe.googlevideo.com/videoplayback?expire=1609837109&ei=1dXzX96JBoWWgAOrjKvYDA&ip=140.109.134.180&id=o-ABzSCJQIcQuPWyBcXiYmEWI5lPxoX6938zPOKCLhpZMX&itag=134&aitags=133%2C134%2C135%2C136%2C137%2C160%2C242%2C243%2C244%2C247%2C248%2C278&source=youtube&requiressl=yes&mh=0Z&mm=31%2C29&mn=sn-5njj-u2xe%2Csn-un57en7s&ms=au%2Crdu&mv=m&mvi=3&pl=16&gcr=tw&initcwndbps=496250&vprv=1&mime=video%2Fmp4&ns=QbLV9DjStpM1QjUzlAI8EagF&gir=yes&clen=607351&dur=172.720&lmt=1606360580972927&mt=1609815163&fvip=3&keepalive=yes&c=WEB&txp=2316222&n=Ofc5PVJPn8zdDE0p&sparams=expire%2Cei%2Cip%2Cid%2Caitags%2Csource%2Crequiressl%2Cgcr%2Cvprv%2Cmime%2Cns%2Cgir%2Cclen%2Cdur%2Clmt&lsparams=mh%2Cmm%2Cmn%2Cms%2Cmv%2Cmvi%2Cpl%2Cinitcwndbps&lsig=AG3C_xAwRQIhAK2kYetp8ojIYF0Xqjo5iwvySmmau5v9fTEiTfGd2NU9AiAIdOIn9HtnNd1vn0j5LdBFgM_tmsA1uZgQIqsvZWdiFA%3D%3D&sig=AOq0QJ8wRAIgPHct7JYQq3rDh6dY6Amk0PtpLVkBhePHwljFtD9HRt8CIDWsJZgxmez_ekxoZuesKzKt5-KoAPyWv52iPIpd7yX1&ratebypass=yes", "player_url": "/s/player/5dd3f3b2/player_ias.vflset/en_US/base.js", "ext": "mp4", "height": 360, "format_note": "360p", "vcodec": "avc1.4d4015", "asr": null, "filesize": 607351, "fps": 25, "tbr": 33.125, "width": 360, "acodec": "none", "downloader_options": {"http_chunk_size": 10485760}, "format": "134 - 360x360 (360p)", "protocol": "https", "http_headers": {"User-Agent": "Mozilla/5.0 (Windows NT 10.0; Win64; x64) AppleWebKit/537.36 (KHTML, like Gecko) Chrome/68.0.3440.121 Safari/537.36", "Accept-Charset": "ISO-8859-1,utf-8;q=0.7,*;q=0.7", "Accept": "text/html,application/xhtml+xml,application/xml;q=0.9,*/*;q=0.8", "Accept-Encoding": "gzip, deflate", "Accept-Language": "en-us,en;q=0.5"}}, {"format_id": "247", "url": "https://r3---sn-5njj-u2xe.googlevideo.com/videoplayback?expire=1609837109&ei=1dXzX96JBoWWgAOrjKvYDA&ip=140.109.134.180&id=o-ABzSCJQIcQuPWyBcXiYmEWI5lPxoX6938zPOKCLhpZMX&itag=247&aitags=133%2C134%2C135%2C136%2C137%2C160%2C242%2C243%2C244%2C247%2C248%2C278&source=youtube&requiressl=yes&mh=0Z&mm=31%2C29&mn=sn-5njj-u2xe%2Csn-un57en7s&ms=au%2Crdu&mv=m&mvi=3&pl=16&gcr=tw&initcwndbps=496250&vprv=1&mime=video%2Fwebm&ns=QbLV9DjStpM1QjUzlAI8EagF&gir=yes&clen=776945&dur=172.720&lmt=1606360583678692&mt=1609815163&fvip=3&keepalive=yes&c=WEB&txp=2316222&n=Ofc5PVJPn8zdDE0p&sparams=expire%2Cei%2Cip%2Cid%2Caitags%2Csource%2Crequiressl%2Cgcr%2Cvprv%2Cmime%2Cns%2Cgir%2Cclen%2Cdur%2Clmt&lsparams=mh%2Cmm%2Cmn%2Cms%2Cmv%2Cmvi%2Cpl%2Cinitcwndbps&lsig=AG3C_xAwRAIgBh3psr-nAiZqOHLvyt3rV7Chmt4GEdeJIr_wMP03b-MCIFPdg-jiU6UHkzgm-eNMwm9KxlXaka25rqPkeuZsJBwa&sig=AOq0QJ8wRQIgMVtBVHH_2zoWS4i4qLt9aPZAQYPJUVHhOZkyWT-VWqQCIQCp7b1bXY9Zd_hTwCf7j3jf853R-xX0O87H8QhvFUQmDg==&ratebypass=yes", "player_url": "/s/player/5dd3f3b2/player_ias.vflset/en_US/base.js", "ext": "webm", "height": 720, "format_note": "720p", "vcodec": "vp9", "asr": null, "filesize": 776945, "fps": 25, "tbr": 45.104, "width": 720, "acodec": "none", "downloader_options": {"http_chunk_size": 10485760}, "format": "247 - 720x720 (720p)", "protocol": "https", "http_headers": {"User-Agent": "Mozilla/5.0 (Windows NT 10.0; Win64; x64) AppleWebKit/537.36 (KHTML, like Gecko) Chrome/68.0.3440.121 Safari/537.36", "Accept-Charset": "ISO-8859-1,utf-8;q=0.7,*;q=0.7", "Accept": "text/html,application/xhtml+xml,application/xml;q=0.9,*/*;q=0.8", "Accept-Encoding": "gzip, deflate", "Accept-Language": "en-us,en;q=0.5"}}, {"format_id": "135", "url": "https://r3---sn-5njj-u2xe.googlevideo.com/videoplayback?expire=1609837109&ei=1dXzX96JBoWWgAOrjKvYDA&ip=140.109.134.180&id=o-ABzSCJQIcQuPWyBcXiYmEWI5lPxoX6938zPOKCLhpZMX&itag=135&aitags=133%2C134%2C135%2C136%2C137%2C160%2C242%2C243%2C244%2C247%2C248%2C278&source=youtube&requiressl=yes&mh=0Z&mm=31%2C29&mn=sn-5njj-u2xe%2Csn-un57en7s&ms=au%2Crdu&mv=m&mvi=3&pl=16&gcr=tw&initcwndbps=496250&vprv=1&mime=video%2Fmp4&ns=QbLV9DjStpM1QjUzlAI8EagF&gir=yes&clen=1024293&dur=172.720&lmt=1606360580998337&mt=1609815163&fvip=3&keepalive=yes&c=WEB&txp=2316222&n=Ofc5PVJPn8zdDE0p&sparams=expire%2Cei%2Cip%2Cid%2Caitags%2Csource%2Crequiressl%2Cgcr%2Cvprv%2Cmime%2Cns%2Cgir%2Cclen%2Cdur%2Clmt&lsparams=mh%2Cmm%2Cmn%2Cms%2Cmv%2Cmvi%2Cpl%2Cinitcwndbps&lsig=AG3C_xAwRQIhANCd90n72UcIRQhL-Elcuc0QfhCtBDXnXiIVUrKFL9q1AiAeO2gOIH0nV-V5Zt8F3OdPzb34T0Zx74m-8ISjsm0QNQ%3D%3D&sig=AOq0QJ8wRgIhAPLPkBlm8SSTnXlH81KhDmvU_ijD1ujuP_bbysNnHaaCAiEAwUnE2xTWdy8YuehF53sptbW_FCBBZhFvT07R9hAj1sM=&ratebypass=yes", "player_url": "/s/player/5dd3f3b2/player_ias.vflset/en_US/base.js", "ext": "mp4", "height": 480, "format_note": "480p", "vcodec": "avc1.4d401e", "asr": null, "filesize": 1024293, "fps": 25, "tbr": 56.059, "width": 480, "acodec": "none", "downloader_options": {"http_chunk_size": 10485760}, "format": "135 - 480x480 (480p)", "protocol": "https", "http_headers": {"User-Agent": "Mozilla/5.0 (Windows NT 10.0; Win64; x64) AppleWebKit/537.36 (KHTML, like Gecko) Chrome/68.0.3440.121 Safari/537.36", "Accept-Charset": "ISO-8859-1,utf-8;q=0.7,*;q=0.7", "Accept": "text/html,application/xhtml+xml,application/xml;q=0.9,*/*;q=0.8", "Accept-Encoding": "gzip, deflate", "Accept-Language": "en-us,en;q=0.5"}}, {"format_id": "248", "url": "https://r3---sn-5njj-u2xe.googlevideo.com/videoplayback?expire=1609837109&ei=1dXzX96JBoWWgAOrjKvYDA&ip=140.109.134.180&id=o-ABzSCJQIcQuPWyBcXiYmEWI5lPxoX6938zPOKCLhpZMX&itag=248&aitags=133%2C134%2C135%2C136%2C137%2C160%2C242%2C243%2C244%2C247%2C248%2C278&source=youtube&requiressl=yes&mh=0Z&mm=31%2C29&mn=sn-5njj-u2xe%2Csn-un57en7s&ms=au%2Crdu&mv=m&mvi=3&pl=16&gcr=tw&initcwndbps=496250&vprv=1&mime=video%2Fwebm&ns=QbLV9DjStpM1QjUzlAI8EagF&gir=yes&clen=1655691&dur=172.720&lmt=1606360583675225&mt=1609815163&fvip=3&keepalive=yes&c=WEB&txp=2316222&n=Ofc5PVJPn8zdDE0p&sparams=expire%2Cei%2Cip%2Cid%2Caitags%2Csource%2Crequiressl%2Cgcr%2Cvprv%2Cmime%2Cns%2Cgir%2Cclen%2Cdur%2Clmt&lsparams=mh%2Cmm%2Cmn%2Cms%2Cmv%2Cmvi%2Cpl%2Cinitcwndbps&lsig=AG3C_xAwRQIhAOgvRQJMDI1pDmyotKNYQQJZRdJ-bAmbw_WK_JCN2KOgAiA28eGDD5QgFMCG4hu421_8hHc9SJuPHzSoR_KA7AGs-Q%3D%3D&sig=AOq0QJ8wRgIhANk-Yp9oFqX9vE8UnOIA1or9labSm9-V9vzGW8V5xAAVAiEA7-EMfCwY0652mHWQBQf9ALjIwyEz0wCt_8YcwhR_RjY=&ratebypass=yes", "player_url": "/s/player/5dd3f3b2/player_ias.vflset/en_US/base.js", "ext": "webm", "height": 1080, "format_note": "1080p", "vcodec": "vp9", "asr": null, "filesize": 1655691, "fps": 25, "tbr": 92.331, "width": 1080, "acodec": "none", "downloader_options": {"http_chunk_size": 10485760}, "format": "248 - 1080x1080 (1080p)", "protocol": "https", "http_headers": {"User-Agent": "Mozilla/5.0 (Windows NT 10.0; Win64; x64) AppleWebKit/537.36 (KHTML, like Gecko) Chrome/68.0.3440.121 Safari/537.36", "Accept-Charset": "ISO-8859-1,utf-8;q=0.7,*;q=0.7", "Accept": "text/html,application/xhtml+xml,application/xml;q=0.9,*/*;q=0.8", "Accept-Encoding": "gzip, deflate", "Accept-Language": "en-us,en;q=0.5"}}, {"format_id": "136", "url": "https://r3---sn-5njj-u2xe.googlevideo.com/videoplayback?expire=1609837109&ei=1dXzX96JBoWWgAOrjKvYDA&ip=140.109.134.180&id=o-ABzSCJQIcQuPWyBcXiYmEWI5lPxoX6938zPOKCLhpZMX&itag=136&aitags=133%2C134%2C135%2C136%2C137%2C160%2C242%2C243%2C244%2C247%2C248%2C278&source=youtube&requiressl=yes&mh=0Z&mm=31%2C29&mn=sn-5njj-u2xe%2Csn-un57en7s&ms=au%2Crdu&mv=m&mvi=3&pl=16&gcr=tw&initcwndbps=496250&vprv=1&mime=video%2Fmp4&ns=QbLV9DjStpM1QjUzlAI8EagF&gir=yes&clen=1974022&dur=172.720&lmt=1606360580969762&mt=1609815163&fvip=3&keepalive=yes&c=WEB&txp=2316222&n=Ofc5PVJPn8zdDE0p&sparams=expire%2Cei%2Cip%2Cid%2Caitags%2Csource%2Crequiressl%2Cgcr%2Cvprv%2Cmime%2Cns%2Cgir%2Cclen%2Cdur%2Clmt&lsparams=mh%2Cmm%2Cmn%2Cms%2Cmv%2Cmvi%2Cpl%2Cinitcwndbps&lsig=AG3C_xAwRgIhAKopYA50amuDiQd20IfpM-Em4l_i1oyZk1NCqG9L8nxjAiEA-JB_BwdPjpVVEOz8Vl9eRQbPi9Z-slTNQfF-lF1yqwo%3D&sig=AOq0QJ8wRgIhAORy7vgWbznObLQlsOCal1UEd03_cYj5Rck8rzZWJN0IAiEAq3FdnsFPmC_Q0GJWPAgyBn2rInKb2EnpL5FgZZ8mfFY=&ratebypass=yes", "player_url": "/s/player/5dd3f3b2/player_ias.vflset/en_US/base.js", "ext": "mp4", "height": 720, "format_note": "720p", "vcodec": "avc1.64001f", "asr": null, "filesize": 1974022, "fps": 25, "tbr": 120.84, "width": 720, "acodec": "none", "downloader_options": {"http_chunk_size": 10485760}, "format": "136 - 720x720 (720p)", "protocol": "https", "http_headers": {"User-Agent": "Mozilla/5.0 (Windows NT 10.0; Win64; x64) AppleWebKit/537.36 (KHTML, like Gecko) Chrome/68.0.3440.121 Safari/537.36", "Accept-Charset": "ISO-8859-1,utf-8;q=0.7,*;q=0.7", "Accept": "text/html,application/xhtml+xml,application/xml;q=0.9,*/*;q=0.8", "Accept-Encoding": "gzip, deflate", "Accept-Language": "en-us,en;q=0.5"}}, {"format_id": "137", "url": "https://r3---sn-5njj-u2xe.googlevideo.com/videoplayback?expire=1609837109&ei=1dXzX96JBoWWgAOrjKvYDA&ip=140.109.134.180&id=o-ABzSCJQIcQuPWyBcXiYmEWI5lPxoX6938zPOKCLhpZMX&itag=137&aitags=133%2C134%2C135%2C136%2C137%2C160%2C242%2C243%2C244%2C247%2C248%2C278&source=youtube&requiressl=yes&mh=0Z&mm=31%2C29&mn=sn-5njj-u2xe%2Csn-un57en7s&ms=au%2Crdu&mv=m&mvi=3&pl=16&gcr=tw&initcwndbps=496250&vprv=1&mime=video%2Fmp4&ns=QbLV9DjStpM1QjUzlAI8EagF&gir=yes&clen=4921196&dur=172.720&lmt=1606360580973725&mt=1609815163&fvip=3&keepalive=yes&c=WEB&txp=2316222&n=Ofc5PVJPn8zdDE0p&sparams=expire%2Cei%2Cip%2Cid%2Caitags%2Csource%2Crequiressl%2Cgcr%2Cvprv%2Cmime%2Cns%2Cgir%2Cclen%2Cdur%2Clmt&lsparams=mh%2Cmm%2Cmn%2Cms%2Cmv%2Cmvi%2Cpl%2Cinitcwndbps&lsig=AG3C_xAwRQIgFpTjbn6dcf3C_M1pQl_9IfmO413e7rwDFNMYuDuVdR0CIQCUvb4hnmCh3kvCCjBCBUHyb2IMb1lafxvrL2ObDdj2XA%3D%3D&sig=AOq0QJ8wRAIgIt0WcBPq3HSAbjAkaRy3xp3VQlfPL00EHRFlwV2-b0UCIF3-Vfn5unOI-Z-8dNlZsTMhfozIZR9ZG5D2-T_boi-s&ratebypass=yes", "player_url": "/s/player/5dd3f3b2/player_ias.vflset/en_US/base.js", "ext": "mp4", "height": 1080, "format_note": "1080p", "vcodec": "avc1.640020", "asr": null, "filesize": 4921196, "fps": 25, "tbr": 303.831, "width": 1080, "acodec": "none", "downloader_options": {"http_chunk_size": 10485760}, "format": "137 - 1080x1080 (1080p)", "protocol": "https", "http_headers": {"User-Agent": "Mozilla/5.0 (Windows NT 10.0; Win64; x64) AppleWebKit/537.36 (KHTML, like Gecko) Chrome/68.0.3440.121 Safari/537.36", "Accept-Charset": "ISO-8859-1,utf-8;q=0.7,*;q=0.7", "Accept": "text/html,application/xhtml+xml,application/xml;q=0.9,*/*;q=0.8", "Accept-Encoding": "gzip, deflate", "Accept-Language": "en-us,en;q=0.5"}}, {"format_id": "18", "url": "https://r3---sn-5njj-u2xe.googlevideo.com/videoplayback?expire=1609837109&ei=1dXzX96JBoWWgAOrjKvYDA&ip=140.109.134.180&id=o-ABzSCJQIcQuPWyBcXiYmEWI5lPxoX6938zPOKCLhpZMX&itag=18&source=youtube&requiressl=yes&mh=0Z&mm=31%2C29&mn=sn-5njj-u2xe%2Csn-un57en7s&ms=au%2Crdu&mv=m&mvi=3&pl=16&gcr=tw&initcwndbps=496250&vprv=1&mime=video%2Fmp4&ns=Rj-OZUpXANOSGZFgaLO0uA4F&gir=yes&clen=2469755&ratebypass=yes&dur=172.802&lmt=1606360565171842&mt=1609815163&fvip=3&c=WEB&txp=2310222&n=GZVJqr3E5EM_uJPA&sparams=expire%2Cei%2Cip%2Cid%2Citag%2Csource%2Crequiressl%2Cgcr%2Cvprv%2Cmime%2Cns%2Cgir%2Cclen%2Cratebypass%2Cdur%2Clmt&lsparams=mh%2Cmm%2Cmn%2Cms%2Cmv%2Cmvi%2Cpl%2Cinitcwndbps&lsig=AG3C_xAwRQIgeZBN1bzqjjaM3YvcaQrO-Z0OTAAMy56q8iK0UIDsJdICIQDfvyCTwl74f2_j_AmKIM7Bn44Wmkb6o81ClNvjxaIDnQ%3D%3D&sig=AOq0QJ8wRgIhAJsd8vDytA4eQpCQkWuuWfysuLLJBCcszB2KsWSH-gz7AiEAxrFUER6FHI7Zn-VyNkROKey74bPRUlw4xlJ2J-rVRKw=", "player_url": "/s/player/5dd3f3b2/player_ias.vflset/en_US/base.js", "ext": "mp4", "width": 360, "height": 360, "acodec": "mp4a.40.2", "abr": 96, "vcodec": "avc1.42001E", "asr": 44100, "filesize": 2469755, "format_note": "360p", "fps": 25, "tbr": 114.393, "format": "18 - 360x360 (360p)", "protocol": "https", "http_headers": {"User-Agent": "Mozilla/5.0 (Windows NT 10.0; Win64; x64) AppleWebKit/537.36 (KHTML, like Gecko) Chrome/68.0.3440.121 Safari/537.36", "Accept-Charset": "ISO-8859-1,utf-8;q=0.7,*;q=0.7", "Accept": "text/html,application/xhtml+xml,application/xml;q=0.9,*/*;q=0.8", "Accept-Encoding": "gzip, deflate", "Accept-Language": "en-us,en;q=0.5"}}], "is_live": null, "start_time": null, "end_time": null, "series": null, "season_number": null, "episode_number": null, "track": "Litany", "artist": "Daniella Babbitt", "album": "Litany", "release_date": "20201127", "release_year": 2020, "extractor": "youtube", "webpage_url_basename": "watch", "extractor_key": "Youtube", "playlist": null, "playlist_index": null, "thumbnail": "https://i.ytimg.com/vi_webp/qRceKZtwRWA/maxresdefault.webp", "display_id": "qRceKZtwRWA", "requested_subtitles": null, "format_id": "251", "url": "https://r3---sn-5njj-u2xe.googlevideo.com/videoplayback?expire=1609837109&ei=1dXzX96JBoWWgAOrjKvYDA&ip=140.109.134.180&id=o-ABzSCJQIcQuPWyBcXiYmEWI5lPxoX6938zPOKCLhpZMX&itag=251&source=youtube&requiressl=yes&mh=0Z&mm=31%2C29&mn=sn-5njj-u2xe%2Csn-un57en7s&ms=au%2Crdu&mv=m&mvi=3&pl=16&gcr=tw&initcwndbps=496250&vprv=1&mime=audio%2Fwebm&ns=QbLV9DjStpM1QjUzlAI8EagF&gir=yes&clen=3261948&dur=172.761&lmt=1606360569193606&mt=1609815163&fvip=3&keepalive=yes&c=WEB&txp=2311222&n=Ofc5PVJPn8zdDE0p&sparams=expire%2Cei%2Cip%2Cid%2Citag%2Csource%2Crequiressl%2Cgcr%2Cvprv%2Cmime%2Cns%2Cgir%2Cclen%2Cdur%2Clmt&lsparams=mh%2Cmm%2Cmn%2Cms%2Cmv%2Cmvi%2Cpl%2Cinitcwndbps&lsig=AG3C_xAwRQIhAKPoTiE7BhL0dLcJ9SEGxktTUrykMXZd1KUsCwWAhl81AiAikEyGT2Hbh95wVPgVHwz8Fdc7T-3LNcANknx17q5zAg%3D%3D&sig=AOq0QJ8wRQIgO4MmGvfNDiu9yYEIvz8MwpQJM2mi2pGbmO3iZl6x9X8CIQClJjLA3C3aMG0xQUWTwbfGPUx2Gj1f0k_JQRCxsQk7Cg==&ratebypass=yes", "player_url": "/s/player/5dd3f3b2/player_ias.vflset/en_US/base.js", "ext": "webm", "format_note": "tiny", "acodec": "opus", "abr": 160, "asr": 48000, "filesize": 3261948, "fps": null, "height": null, "tbr": 160.829, "width": null, "vcodec": "none", "downloader_options": {"http_chunk_size": 10485760}, "format": "251 - audio only (tiny)", "protocol": "https", "http_headers": {"User-Agent": "Mozilla/5.0 (Windows NT 10.0; Win64; x64) AppleWebKit/537.36 (KHTML, like Gecko) Chrome/68.0.3440.121 Safari/537.36", "Accept-Charset": "ISO-8859-1,utf-8;q=0.7,*;q=0.7", "Accept": "text/html,application/xhtml+xml,application/xml;q=0.9,*/*;q=0.8", "Accept-Encoding": "gzip, deflate", "Accept-Language": "en-us,en;q=0.5"}}