{"id": "Ury1cdB79s0", "uploader": "Morunas - Topic", "uploader_id": "UCQI7h9Fhqj0GrLcHGJX8xwg", "uploader_url": "http://www.youtube.com/channel/UCQI7h9Fhqj0GrLcHGJX8xwg", "channel_id": "UCQI7h9Fhqj0GrLcHGJX8xwg", "channel_url": "http://www.youtube.com/channel/UCQI7h9Fhqj0GrLcHGJX8xwg", "upload_date": "20200326", "license": null, "creator": "Morunas", "title": "Trust in Him", "alt_title": "Trust in Him", "thumbnails": [{"url": "https://i.ytimg.com/vi/Ury1cdB79s0/hqdefault.jpg?sqp=-oaymwEYCKgBEF5IVfKriqkDCwgBFQAAiEIYAXAB&rs=AOn4CLB5pCf60RkiGsr-jhwU9uCMST8xdw", "width": 168, "height": 94, "resolution": "168x94", "id": "0"}, {"url": "https://i.ytimg.com/vi/Ury1cdB79s0/hqdefault.jpg?sqp=-oaymwEYCMQBEG5IVfKriqkDCwgBFQAAiEIYAXAB&rs=AOn4CLDyUnoQSAj42-vk6AfjAmFFinr6OA", "width": 196, "height": 110, "resolution": "196x110", "id": "1"}, {"url": "https://i.ytimg.com/vi/Ury1cdB79s0/hqdefault.jpg?sqp=-oaymwEZCPYBEIoBSFXyq4qpAwsIARUAAIhCGAFwAQ==&rs=AOn4CLArjcxHZxyQnXr7rboJMe9v5pppng", "width": 246, "height": 138, "resolution": "246x138", "id": "2"}, {"url": "https://i.ytimg.com/vi/Ury1cdB79s0/hqdefault.jpg?sqp=-oaymwEZCNACELwBSFXyq4qpAwsIARUAAIhCGAFwAQ==&rs=AOn4CLDcba_CX5QFYdCgh2s7PPUHEVKAKw", "width": 336, "height": 188, "resolution": "336x188", "id": "3"}, {"url": "https://i.ytimg.com/vi_webp/Ury1cdB79s0/maxresdefault.webp", "width": 1920, "height": 1080, "resolution": "1920x1080", "id": "4"}], "description": "Provided to YouTube by Soundrop\n\nTrust in Him \u00b7 Morunas\n\nTrust in Him\n\n\u2117 2020 Morunas\n\nReleased on: 2020-03-27\n\nComposer: Norman D\u00fcck\n\nAuto-generated by YouTube.", "categories": ["Music"], "tags": ["Morunas", "Trust in Him"], "subtitles": {}, "automatic_captions": {}, "duration": 105, "age_limit": 0, "annotations": null, "chapters": null, "webpage_url": "https://www.youtube.com/watch?v=Ury1cdB79s0", "view_count": 78, "like_count": 4, "dislike_count": null, "average_rating": 5.0, "formats": [{"format_id": "249", "url": "https://r2---sn-5njj-u2xe.googlevideo.com/videoplayback?expire=1608639800&ei=2JDhX9C_AeOMs8IPxdKEgA8&ip=140.109.134.236&id=o-AMfq9TFYaeWYUKuzTi9Sz_Z4jtJe7Q6bItgnnDDQmGSP&itag=249&source=youtube&requiressl=yes&mh=SV&mm=31%2C29&mn=sn-5njj-u2xe%2Csn-un57en7e&ms=au%2Crdu&mv=m&mvi=2&pl=16&gcr=tw&initcwndbps=342500&vprv=1&mime=audio%2Fwebm&ns=rJ3A1xMBOir5mRZ8MFQ56iEF&gir=yes&clen=760785&dur=104.941&lmt=1583882210316525&mt=1608618034&fvip=2&keepalive=yes&c=WEB&txp=2311222&n=otUb9oxyeiJjmtCK&sparams=expire%2Cei%2Cip%2Cid%2Citag%2Csource%2Crequiressl%2Cgcr%2Cvprv%2Cmime%2Cns%2Cgir%2Cclen%2Cdur%2Clmt&lsparams=mh%2Cmm%2Cmn%2Cms%2Cmv%2Cmvi%2Cpl%2Cinitcwndbps&lsig=AG3C_xAwRQIgT01BVid_DldC3peKOcaHiUTgQU3pNr5ksrkghpWk1toCIQCHMaTA0ICuJRNnrRt8RMWbIEzdvlWgKi3DsJZ78JHyaQ%3D%3D&sig=AOq0QJ8wRQIgT0a8dwAyYqWywWjwy8pvxiAdJYBlJi-UpLaRbVtoMr8CIQCr195G9IEZ6ul5OawNCGT2GMmHOtwbsc3fU45wJPMMPA==&ratebypass=yes", "player_url": "/s/player/5dd3f3b2/player_ias.vflset/en_US/base.js", "ext": "webm", "format_note": "tiny", "acodec": "opus", "abr": 50, "asr": 48000, "filesize": 760785, "fps": null, "height": null, "tbr": 63.425, "width": null, "vcodec": "none", "downloader_options": {"http_chunk_size": 10485760}, "format": "249 - audio only (tiny)", "protocol": "https", "http_headers": {"User-Agent": "Mozilla/5.0 (Windows NT 10.0; Win64; x64) AppleWebKit/537.36 (KHTML, like Gecko) Chrome/72.0.3626.92 Safari/537.36", "Accept-Charset": "ISO-8859-1,utf-8;q=0.7,*;q=0.7", "Accept": "text/html,application/xhtml+xml,application/xml;q=0.9,*/*;q=0.8", "Accept-Encoding": "gzip, deflate", "Accept-Language": "en-us,en;q=0.5"}}, {"format_id": "250", "url": "https://r2---sn-5njj-u2xe.googlevideo.com/videoplayback?expire=1608639800&ei=2JDhX9C_AeOMs8IPxdKEgA8&ip=140.109.134.236&id=o-AMfq9TFYaeWYUKuzTi9Sz_Z4jtJe7Q6bItgnnDDQmGSP&itag=250&source=youtube&requiressl=yes&mh=SV&mm=31%2C29&mn=sn-5njj-u2xe%2Csn-un57en7e&ms=au%2Crdu&mv=m&mvi=2&pl=16&gcr=tw&initcwndbps=342500&vprv=1&mime=audio%2Fwebm&ns=rJ3A1xMBOir5mRZ8MFQ56iEF&gir=yes&clen=1011372&dur=104.941&lmt=1583882210221037&mt=1608618034&fvip=2&keepalive=yes&c=WEB&txp=2311222&n=otUb9oxyeiJjmtCK&sparams=expire%2Cei%2Cip%2Cid%2Citag%2Csource%2Crequiressl%2Cgcr%2Cvprv%2Cmime%2Cns%2Cgir%2Cclen%2Cdur%2Clmt&lsparams=mh%2Cmm%2Cmn%2Cms%2Cmv%2Cmvi%2Cpl%2Cinitcwndbps&lsig=AG3C_xAwRQIhAO_ioikhxOaK2a1r_dXctURTWCgrTOtkXTKYFQt9SNw9AiBj7alFN7bqLLr5qsx_jEGXBv-0tXwDd3fK8i06dWQkfw%3D%3D&sig=AOq0QJ8wRgIhAPb0YB4wKHAzuBMaFXEFSyCtz7UPTomLWsmnWMDrBBBjAiEAouK9d7LCM4hcezb5Nrg6lrQukT_s_hTr0ZWNmqNdhoc=&ratebypass=yes", "player_url": "/s/player/5dd3f3b2/player_ias.vflset/en_US/base.js", "ext": "webm", "format_note": "tiny", "acodec": "opus", "abr": 70, "asr": 48000, "filesize": 1011372, "fps": null, "height": null, "tbr": 84.77, "width": null, "vcodec": "none", "downloader_options": {"http_chunk_size": 10485760}, "format": "250 - audio only (tiny)", "protocol": "https", "http_headers": {"User-Agent": "Mozilla/5.0 (Windows NT 10.0; Win64; x64) AppleWebKit/537.36 (KHTML, like Gecko) Chrome/72.0.3626.92 Safari/537.36", "Accept-Charset": "ISO-8859-1,utf-8;q=0.7,*;q=0.7", "Accept": "text/html,application/xhtml+xml,application/xml;q=0.9,*/*;q=0.8", "Accept-Encoding": "gzip, deflate", "Accept-Language": "en-us,en;q=0.5"}}, {"format_id": "140", "url": "https://r2---sn-5njj-u2xe.googlevideo.com/videoplayback?expire=1608639800&ei=2JDhX9C_AeOMs8IPxdKEgA8&ip=140.109.134.236&id=o-AMfq9TFYaeWYUKuzTi9Sz_Z4jtJe7Q6bItgnnDDQmGSP&itag=140&source=youtube&requiressl=yes&mh=SV&mm=31%2C29&mn=sn-5njj-u2xe%2Csn-un57en7e&ms=au%2Crdu&mv=m&mvi=2&pl=16&gcr=tw&initcwndbps=342500&vprv=1&mime=audio%2Fmp4&ns=rJ3A1xMBOir5mRZ8MFQ56iEF&gir=yes&clen=1700578&dur=104.930&lmt=1583882213320557&mt=1608618034&fvip=2&keepalive=yes&c=WEB&txp=2311222&n=otUb9oxyeiJjmtCK&sparams=expire%2Cei%2Cip%2Cid%2Citag%2Csource%2Crequiressl%2Cgcr%2Cvprv%2Cmime%2Cns%2Cgir%2Cclen%2Cdur%2Clmt&lsparams=mh%2Cmm%2Cmn%2Cms%2Cmv%2Cmvi%2Cpl%2Cinitcwndbps&lsig=AG3C_xAwRQIhAKNO0k04rgq-cOSyjmZn3wDaq2-jpg60p09RcS7PkjgEAiBdXXi7OuOc0HGhWOnrbo7p8ySRdmu5iJ2lYY0f1b41Sw%3D%3D&sig=AOq0QJ8wRAIhAK9pk4_lECBHFx5UfJZWYHqPYAvv61x0Ij1F9sJ5LiIxAh9Hyvh8RqiHMPZgGGZPLOhid_CbxyRgBK-_3G-knoD5&ratebypass=yes", "player_url": "/s/player/5dd3f3b2/player_ias.vflset/en_US/base.js", "ext": "m4a", "format_note": "tiny", "acodec": "mp4a.40.2", "abr": 128, "container": "m4a_dash", "asr": 44100, "filesize": 1700578, "fps": null, "height": null, "tbr": 130.892, "width": null, "vcodec": "none", "downloader_options": {"http_chunk_size": 10485760}, "format": "140 - audio only (tiny)", "protocol": "https", "http_headers": {"User-Agent": "Mozilla/5.0 (Windows NT 10.0; Win64; x64) AppleWebKit/537.36 (KHTML, like Gecko) Chrome/72.0.3626.92 Safari/537.36", "Accept-Charset": "ISO-8859-1,utf-8;q=0.7,*;q=0.7", "Accept": "text/html,application/xhtml+xml,application/xml;q=0.9,*/*;q=0.8", "Accept-Encoding": "gzip, deflate", "Accept-Language": "en-us,en;q=0.5"}}, {"format_id": "251", "url": "https://r2---sn-5njj-u2xe.googlevideo.com/videoplayback?expire=1608639800&ei=2JDhX9C_AeOMs8IPxdKEgA8&ip=140.109.134.236&id=o-AMfq9TFYaeWYUKuzTi9Sz_Z4jtJe7Q6bItgnnDDQmGSP&itag=251&source=youtube&requiressl=yes&mh=SV&mm=31%2C29&mn=sn-5njj-u2xe%2Csn-un57en7e&ms=au%2Crdu&mv=m&mvi=2&pl=16&gcr=tw&initcwndbps=342500&vprv=1&mime=audio%2Fwebm&ns=rJ3A1xMBOir5mRZ8MFQ56iEF&gir=yes&clen=1954742&dur=104.941&lmt=1583882210824527&mt=1608618034&fvip=2&keepalive=yes&c=WEB&txp=2311222&n=otUb9oxyeiJjmtCK&sparams=expire%2Cei%2Cip%2Cid%2Citag%2Csource%2Crequiressl%2Cgcr%2Cvprv%2Cmime%2Cns%2Cgir%2Cclen%2Cdur%2Clmt&lsparams=mh%2Cmm%2Cmn%2Cms%2Cmv%2Cmvi%2Cpl%2Cinitcwndbps&lsig=AG3C_xAwRgIhAMZAg070uYxkI0asPPqLS0n5Cy7nQR58SrdzCMBdiri8AiEAprnAnD6ik5jj9APxijwC_Nht8IYIvtuVI6MwYZOCrMw%3D&sig=AOq0QJ8wRQIgMSPZoHEXLsszW4YgA-hWw2hS9pY8GsOjhbkWDwg3UlkCIQCBf64lqDZOKKLsmDM0-oLfO3vuncOduqFiyTPcgwNFCA==&ratebypass=yes", "player_url": "/s/player/5dd3f3b2/player_ias.vflset/en_US/base.js", "ext": "webm", "format_note": "tiny", "acodec": "opus", "abr": 160, "asr": 48000, "filesize": 1954742, "fps": null, "height": null, "tbr": 159.503, "width": null, "vcodec": "none", "downloader_options": {"http_chunk_size": 10485760}, "format": "251 - audio only (tiny)", "protocol": "https", "http_headers": {"User-Agent": "Mozilla/5.0 (Windows NT 10.0; Win64; x64) AppleWebKit/537.36 (KHTML, like Gecko) Chrome/72.0.3626.92 Safari/537.36", "Accept-Charset": "ISO-8859-1,utf-8;q=0.7,*;q=0.7", "Accept": "text/html,application/xhtml+xml,application/xml;q=0.9,*/*;q=0.8", "Accept-Encoding": "gzip, deflate", "Accept-Language": "en-us,en;q=0.5"}}, {"format_id": "278", "url": "https://r2---sn-5njj-u2xe.googlevideo.com/videoplayback?expire=1608639800&ei=2JDhX9C_AeOMs8IPxdKEgA8&ip=140.109.134.236&id=o-AMfq9TFYaeWYUKuzTi9Sz_Z4jtJe7Q6bItgnnDDQmGSP&itag=278&aitags=133%2C134%2C135%2C136%2C137%2C160%2C242%2C243%2C244%2C247%2C248%2C278&source=youtube&requiressl=yes&mh=SV&mm=31%2C29&mn=sn-5njj-u2xe%2Csn-un57en7e&ms=au%2Crdu&mv=m&mvi=2&pl=16&gcr=tw&initcwndbps=342500&vprv=1&mime=video%2Fwebm&ns=rJ3A1xMBOir5mRZ8MFQ56iEF&gir=yes&clen=318341&dur=104.920&lmt=1583882220329350&mt=1608618034&fvip=2&keepalive=yes&c=WEB&txp=2316222&n=otUb9oxyeiJjmtCK&sparams=expire%2Cei%2Cip%2Cid%2Caitags%2Csource%2Crequiressl%2Cgcr%2Cvprv%2Cmime%2Cns%2Cgir%2Cclen%2Cdur%2Clmt&lsparams=mh%2Cmm%2Cmn%2Cms%2Cmv%2Cmvi%2Cpl%2Cinitcwndbps&lsig=AG3C_xAwRgIhANVBoWceBCMdu7n-yiT_nQb4NtA5Hfq4dn7gz_xAJ2zvAiEA9X0WiNcOX600tpg5XaqqkSvJGzl1_FGVqR97k-TZR24%3D&sig=AOq0QJ8wRAIgRkXh2mdHJjjaFiedbZePI7Qg9Rg6EIVovGgiplofQlECIEeYppzcpqL5AL1igZQU4tWgoFkCUKdWNfknT4qwL74d&ratebypass=yes", "player_url": "/s/player/5dd3f3b2/player_ias.vflset/en_US/base.js", "ext": "webm", "height": 144, "format_note": "144p", "container": "webm", "vcodec": "vp9", "asr": null, "filesize": 318341, "fps": 25, "tbr": 39.088, "width": 144, "acodec": "none", "downloader_options": {"http_chunk_size": 10485760}, "format": "278 - 144x144 (144p)", "protocol": "https", "http_headers": {"User-Agent": "Mozilla/5.0 (Windows NT 10.0; Win64; x64) AppleWebKit/537.36 (KHTML, like Gecko) Chrome/72.0.3626.92 Safari/537.36", "Accept-Charset": "ISO-8859-1,utf-8;q=0.7,*;q=0.7", "Accept": "text/html,application/xhtml+xml,application/xml;q=0.9,*/*;q=0.8", "Accept-Encoding": "gzip, deflate", "Accept-Language": "en-us,en;q=0.5"}}, {"format_id": "160", "url": "https://r2---sn-5njj-u2xe.googlevideo.com/videoplayback?expire=1608639800&ei=2JDhX9C_AeOMs8IPxdKEgA8&ip=140.109.134.236&id=o-AMfq9TFYaeWYUKuzTi9Sz_Z4jtJe7Q6bItgnnDDQmGSP&itag=160&aitags=133%2C134%2C135%2C136%2C137%2C160%2C242%2C243%2C244%2C247%2C248%2C278&source=youtube&requiressl=yes&mh=SV&mm=31%2C29&mn=sn-5njj-u2xe%2Csn-un57en7e&ms=au%2Crdu&mv=m&mvi=2&pl=16&gcr=tw&initcwndbps=342500&vprv=1&mime=video%2Fmp4&ns=rJ3A1xMBOir5mRZ8MFQ56iEF&gir=yes&clen=274874&dur=104.920&lmt=1583882219416753&mt=1608618034&fvip=2&keepalive=yes&c=WEB&txp=2316222&n=otUb9oxyeiJjmtCK&sparams=expire%2Cei%2Cip%2Cid%2Caitags%2Csource%2Crequiressl%2Cgcr%2Cvprv%2Cmime%2Cns%2Cgir%2Cclen%2Cdur%2Clmt&lsparams=mh%2Cmm%2Cmn%2Cms%2Cmv%2Cmvi%2Cpl%2Cinitcwndbps&lsig=AG3C_xAwRgIhAIGBWDaSVT1LAZkZOLYHnKphX-PsMWeQVQ_UQ8xvKY27AiEA9dNUMzuxnC5nvlR_3Du0Sy8ILkaJFa1pSuiMm3pgl5E%3D&sig=AOq0QJ8wRAIgXsjoJrjZ8SxkgeRqp05Ua6WjSOlUy0Lr4xYteeg9QKYCIBqiD3IHnBPsw-kbWQU32m0cmgY3YPzY_00Cb90DR4zY&ratebypass=yes", "player_url": "/s/player/5dd3f3b2/player_ias.vflset/en_US/base.js", "ext": "mp4", "height": 144, "format_note": "144p", "vcodec": "avc1.4d400b", "asr": null, "filesize": 274874, "fps": 25, "tbr": 41.444, "width": 144, "acodec": "none", "downloader_options": {"http_chunk_size": 10485760}, "format": "160 - 144x144 (144p)", "protocol": "https", "http_headers": {"User-Agent": "Mozilla/5.0 (Windows NT 10.0; Win64; x64) AppleWebKit/537.36 (KHTML, like Gecko) Chrome/72.0.3626.92 Safari/537.36", "Accept-Charset": "ISO-8859-1,utf-8;q=0.7,*;q=0.7", "Accept": "text/html,application/xhtml+xml,application/xml;q=0.9,*/*;q=0.8", "Accept-Encoding": "gzip, deflate", "Accept-Language": "en-us,en;q=0.5"}}, {"format_id": "242", "url": "https://r2---sn-5njj-u2xe.googlevideo.com/videoplayback?expire=1608639800&ei=2JDhX9C_AeOMs8IPxdKEgA8&ip=140.109.134.236&id=o-AMfq9TFYaeWYUKuzTi9Sz_Z4jtJe7Q6bItgnnDDQmGSP&itag=242&aitags=133%2C134%2C135%2C136%2C137%2C160%2C242%2C243%2C244%2C247%2C248%2C278&source=youtube&requiressl=yes&mh=SV&mm=31%2C29&mn=sn-5njj-u2xe%2Csn-un57en7e&ms=au%2Crdu&mv=m&mvi=2&pl=16&gcr=tw&initcwndbps=342500&vprv=1&mime=video%2Fwebm&ns=rJ3A1xMBOir5mRZ8MFQ56iEF&gir=yes&clen=604995&dur=104.920&lmt=1583882220330593&mt=1608618034&fvip=2&keepalive=yes&c=WEB&txp=2316222&n=otUb9oxyeiJjmtCK&sparams=expire%2Cei%2Cip%2Cid%2Caitags%2Csource%2Crequiressl%2Cgcr%2Cvprv%2Cmime%2Cns%2Cgir%2Cclen%2Cdur%2Clmt&lsparams=mh%2Cmm%2Cmn%2Cms%2Cmv%2Cmvi%2Cpl%2Cinitcwndbps&lsig=AG3C_xAwRAIgfjYpI_MAh8O6clcYee-aNATYQwclsElZgLWMtRHWU-ICIHZPgARmFbWxGdGiP6LGzNtHeEzLF-FOiiVHaqmGmTCx&sig=AOq0QJ8wRQIhAPWVv2m-VHyu0QBUwowMe7mfAO_A8XV4z-aZc6n2IcebAiBJQ2DkxKV2lRbK4GpgMrOoXaddZcgFeHGOFRndY6M6dw==&ratebypass=yes", "player_url": "/s/player/5dd3f3b2/player_ias.vflset/en_US/base.js", "ext": "webm", "height": 240, "format_note": "240p", "vcodec": "vp9", "asr": null, "filesize": 604995, "fps": 25, "tbr": 86.174, "width": 240, "acodec": "none", "downloader_options": {"http_chunk_size": 10485760}, "format": "242 - 240x240 (240p)", "protocol": "https", "http_headers": {"User-Agent": "Mozilla/5.0 (Windows NT 10.0; Win64; x64) AppleWebKit/537.36 (KHTML, like Gecko) Chrome/72.0.3626.92 Safari/537.36", "Accept-Charset": "ISO-8859-1,utf-8;q=0.7,*;q=0.7", "Accept": "text/html,application/xhtml+xml,application/xml;q=0.9,*/*;q=0.8", "Accept-Encoding": "gzip, deflate", "Accept-Language": "en-us,en;q=0.5"}}, {"format_id": "133", "url": "https://r2---sn-5njj-u2xe.googlevideo.com/videoplayback?expire=1608639800&ei=2JDhX9C_AeOMs8IPxdKEgA8&ip=140.109.134.236&id=o-AMfq9TFYaeWYUKuzTi9Sz_Z4jtJe7Q6bItgnnDDQmGSP&itag=133&aitags=133%2C134%2C135%2C136%2C137%2C160%2C242%2C243%2C244%2C247%2C248%2C278&source=youtube&requiressl=yes&mh=SV&mm=31%2C29&mn=sn-5njj-u2xe%2Csn-un57en7e&ms=au%2Crdu&mv=m&mvi=2&pl=16&gcr=tw&initcwndbps=342500&vprv=1&mime=video%2Fmp4&ns=rJ3A1xMBOir5mRZ8MFQ56iEF&gir=yes&clen=598180&dur=104.920&lmt=1583882219438059&mt=1608618034&fvip=2&keepalive=yes&c=WEB&txp=2316222&n=otUb9oxyeiJjmtCK&sparams=expire%2Cei%2Cip%2Cid%2Caitags%2Csource%2Crequiressl%2Cgcr%2Cvprv%2Cmime%2Cns%2Cgir%2Cclen%2Cdur%2Clmt&lsparams=mh%2Cmm%2Cmn%2Cms%2Cmv%2Cmvi%2Cpl%2Cinitcwndbps&lsig=AG3C_xAwRQIhAIBrFguFdrpmxQGD3_-v73lv3WfGNXsNvmljaBg7YEhdAiAhjLizrs9IAd-LInTwOE8TvzQXlUjtCET-V1zjd6eKeQ%3D%3D&sig=AOq0QJ8wRgIhAI3Sl54XQ1gwlEw2Tu3dxxHEBgXTILcXBeess9aaVk1xAiEAg_4KaqqRgBYvXdVjkzYa7uZIIC-LjylMSHzfn24k1mU=&ratebypass=yes", "player_url": "/s/player/5dd3f3b2/player_ias.vflset/en_US/base.js", "ext": "mp4", "height": 240, "format_note": "240p", "vcodec": "avc1.4d400c", "asr": null, "filesize": 598180, "fps": 25, "tbr": 104.193, "width": 240, "acodec": "none", "downloader_options": {"http_chunk_size": 10485760}, "format": "133 - 240x240 (240p)", "protocol": "https", "http_headers": {"User-Agent": "Mozilla/5.0 (Windows NT 10.0; Win64; x64) AppleWebKit/537.36 (KHTML, like Gecko) Chrome/72.0.3626.92 Safari/537.36", "Accept-Charset": "ISO-8859-1,utf-8;q=0.7,*;q=0.7", "Accept": "text/html,application/xhtml+xml,application/xml;q=0.9,*/*;q=0.8", "Accept-Encoding": "gzip, deflate", "Accept-Language": "en-us,en;q=0.5"}}, {"format_id": "243", "url": "https://r2---sn-5njj-u2xe.googlevideo.com/videoplayback?expire=1608639800&ei=2JDhX9C_AeOMs8IPxdKEgA8&ip=140.109.134.236&id=o-AMfq9TFYaeWYUKuzTi9Sz_Z4jtJe7Q6bItgnnDDQmGSP&itag=243&aitags=133%2C134%2C135%2C136%2C137%2C160%2C242%2C243%2C244%2C247%2C248%2C278&source=youtube&requiressl=yes&mh=SV&mm=31%2C29&mn=sn-5njj-u2xe%2Csn-un57en7e&ms=au%2Crdu&mv=m&mvi=2&pl=16&gcr=tw&initcwndbps=342500&vprv=1&mime=video%2Fwebm&ns=rJ3A1xMBOir5mRZ8MFQ56iEF&gir=yes&clen=1041105&dur=104.920&lmt=1583882220327617&mt=1608618034&fvip=2&keepalive=yes&c=WEB&txp=2316222&n=otUb9oxyeiJjmtCK&sparams=expire%2Cei%2Cip%2Cid%2Caitags%2Csource%2Crequiressl%2Cgcr%2Cvprv%2Cmime%2Cns%2Cgir%2Cclen%2Cdur%2Clmt&lsparams=mh%2Cmm%2Cmn%2Cms%2Cmv%2Cmvi%2Cpl%2Cinitcwndbps&lsig=AG3C_xAwRgIhAI7vvXUFwJGnFRKSDlF-GKl2IahmFNvVx44pNzL1yvHSAiEAu0v5rRMSYRP96Qz9-x1X3u7ns0Wmmwi6n49FOuReyY4%3D&sig=AOq0QJ8wRAIgJZU27V5vlKm24YiUiFkOfGBnO3IXudzTTgrlx9PoIEQCIDLjZBTb2zkdLMZTpB6GdqDVnIs3_xunwwlo3jfUmkJp&ratebypass=yes", "player_url": "/s/player/5dd3f3b2/player_ias.vflset/en_US/base.js", "ext": "webm", "height": 360, "format_note": "360p", "vcodec": "vp9", "asr": null, "filesize": 1041105, "fps": 25, "tbr": 151.593, "width": 360, "acodec": "none", "downloader_options": {"http_chunk_size": 10485760}, "format": "243 - 360x360 (360p)", "protocol": "https", "http_headers": {"User-Agent": "Mozilla/5.0 (Windows NT 10.0; Win64; x64) AppleWebKit/537.36 (KHTML, like Gecko) Chrome/72.0.3626.92 Safari/537.36", "Accept-Charset": "ISO-8859-1,utf-8;q=0.7,*;q=0.7", "Accept": "text/html,application/xhtml+xml,application/xml;q=0.9,*/*;q=0.8", "Accept-Encoding": "gzip, deflate", "Accept-Language": "en-us,en;q=0.5"}}, {"format_id": "134", "url": "https://r2---sn-5njj-u2xe.googlevideo.com/videoplayback?expire=1608639800&ei=2JDhX9C_AeOMs8IPxdKEgA8&ip=140.109.134.236&id=o-AMfq9TFYaeWYUKuzTi9Sz_Z4jtJe7Q6bItgnnDDQmGSP&itag=134&aitags=133%2C134%2C135%2C136%2C137%2C160%2C242%2C243%2C244%2C247%2C248%2C278&source=youtube&requiressl=yes&mh=SV&mm=31%2C29&mn=sn-5njj-u2xe%2Csn-un57en7e&ms=au%2Crdu&mv=m&mvi=2&pl=16&gcr=tw&initcwndbps=342500&vprv=1&mime=video%2Fmp4&ns=rJ3A1xMBOir5mRZ8MFQ56iEF&gir=yes&clen=1159142&dur=104.920&lmt=1583882219417028&mt=1608618034&fvip=2&keepalive=yes&c=WEB&txp=2316222&n=otUb9oxyeiJjmtCK&sparams=expire%2Cei%2Cip%2Cid%2Caitags%2Csource%2Crequiressl%2Cgcr%2Cvprv%2Cmime%2Cns%2Cgir%2Cclen%2Cdur%2Clmt&lsparams=mh%2Cmm%2Cmn%2Cms%2Cmv%2Cmvi%2Cpl%2Cinitcwndbps&lsig=AG3C_xAwRQIhAOzIJsKuiAP7vbhPZbTBX5Q0ia5JUe00eBy7iJcC99yBAiAraN_IVb9KtUIMcGi09VVxlCFziZpGscCWdjY8onhhoQ%3D%3D&sig=AOq0QJ8wRAIgVF4NT2xxUGIPfMZ713wup1093OIJJfqm43174LIexSUCIGI32MXeBsUCTQdnWIIRS-JMD0iM081S4kA75OU_GtsV&ratebypass=yes", "player_url": "/s/player/5dd3f3b2/player_ias.vflset/en_US/base.js", "ext": "mp4", "height": 360, "format_note": "360p", "vcodec": "avc1.4d4015", "asr": null, "filesize": 1159142, "fps": 25, "tbr": 221.336, "width": 360, "acodec": "none", "downloader_options": {"http_chunk_size": 10485760}, "format": "134 - 360x360 (360p)", "protocol": "https", "http_headers": {"User-Agent": "Mozilla/5.0 (Windows NT 10.0; Win64; x64) AppleWebKit/537.36 (KHTML, like Gecko) Chrome/72.0.3626.92 Safari/537.36", "Accept-Charset": "ISO-8859-1,utf-8;q=0.7,*;q=0.7", "Accept": "text/html,application/xhtml+xml,application/xml;q=0.9,*/*;q=0.8", "Accept-Encoding": "gzip, deflate", "Accept-Language": "en-us,en;q=0.5"}}, {"format_id": "135", "url": "https://r2---sn-5njj-u2xe.googlevideo.com/videoplayback?expire=1608639800&ei=2JDhX9C_AeOMs8IPxdKEgA8&ip=140.109.134.236&id=o-AMfq9TFYaeWYUKuzTi9Sz_Z4jtJe7Q6bItgnnDDQmGSP&itag=135&aitags=133%2C134%2C135%2C136%2C137%2C160%2C242%2C243%2C244%2C247%2C248%2C278&source=youtube&requiressl=yes&mh=SV&mm=31%2C29&mn=sn-5njj-u2xe%2Csn-un57en7e&ms=au%2Crdu&mv=m&mvi=2&pl=16&gcr=tw&initcwndbps=342500&vprv=1&mime=video%2Fmp4&ns=rJ3A1xMBOir5mRZ8MFQ56iEF&gir=yes&clen=2154994&dur=104.920&lmt=1583882219417168&mt=1608618034&fvip=2&keepalive=yes&c=WEB&txp=2316222&n=otUb9oxyeiJjmtCK&sparams=expire%2Cei%2Cip%2Cid%2Caitags%2Csource%2Crequiressl%2Cgcr%2Cvprv%2Cmime%2Cns%2Cgir%2Cclen%2Cdur%2Clmt&lsparams=mh%2Cmm%2Cmn%2Cms%2Cmv%2Cmvi%2Cpl%2Cinitcwndbps&lsig=AG3C_xAwRAIgW6SiwWpnld3Q82z0OBczsAs2DDrHxRGgSAytmW6egTACIGzAw49SwzG51BJW-8evOX6ORaTlvIZlipDA8HnebkU0&sig=AOq0QJ8wRAIgAdlSemQExh8D8cJM-WkOYRUNFFn-CY6XDNpLq3HKoRYCIC4AE7xNSanLYN4VqjRcfeqOccdQaOF6hO5Rqx_B-Q2f&ratebypass=yes", "player_url": "/s/player/5dd3f3b2/player_ias.vflset/en_US/base.js", "ext": "mp4", "height": 480, "format_note": "480p", "vcodec": "avc1.4d401e", "asr": null, "filesize": 2154994, "fps": 25, "tbr": 258.52, "width": 480, "acodec": "none", "downloader_options": {"http_chunk_size": 10485760}, "format": "135 - 480x480 (480p)", "protocol": "https", "http_headers": {"User-Agent": "Mozilla/5.0 (Windows NT 10.0; Win64; x64) AppleWebKit/537.36 (KHTML, like Gecko) Chrome/72.0.3626.92 Safari/537.36", "Accept-Charset": "ISO-8859-1,utf-8;q=0.7,*;q=0.7", "Accept": "text/html,application/xhtml+xml,application/xml;q=0.9,*/*;q=0.8", "Accept-Encoding": "gzip, deflate", "Accept-Language": "en-us,en;q=0.5"}}, {"format_id": "244", "url": "https://r2---sn-5njj-u2xe.googlevideo.com/videoplayback?expire=1608639800&ei=2JDhX9C_AeOMs8IPxdKEgA8&ip=140.109.134.236&id=o-AMfq9TFYaeWYUKuzTi9Sz_Z4jtJe7Q6bItgnnDDQmGSP&itag=244&aitags=133%2C134%2C135%2C136%2C137%2C160%2C242%2C243%2C244%2C247%2C248%2C278&source=youtube&requiressl=yes&mh=SV&mm=31%2C29&mn=sn-5njj-u2xe%2Csn-un57en7e&ms=au%2Crdu&mv=m&mvi=2&pl=16&gcr=tw&initcwndbps=342500&vprv=1&mime=video%2Fwebm&ns=rJ3A1xMBOir5mRZ8MFQ56iEF&gir=yes&clen=1849433&dur=104.920&lmt=1583882220327529&mt=1608618034&fvip=2&keepalive=yes&c=WEB&txp=2316222&n=otUb9oxyeiJjmtCK&sparams=expire%2Cei%2Cip%2Cid%2Caitags%2Csource%2Crequiressl%2Cgcr%2Cvprv%2Cmime%2Cns%2Cgir%2Cclen%2Cdur%2Clmt&lsparams=mh%2Cmm%2Cmn%2Cms%2Cmv%2Cmvi%2Cpl%2Cinitcwndbps&lsig=AG3C_xAwRgIhANbSfTLVVolmr3QPnKNiW2qPZHoefhD4kSGDYGf5kbezAiEAwrkBMeR8K9CQVsD47L7IBflqJzIXzRlTMfdyqBTQcJ4%3D&sig=AOq0QJ8wRQIhAME8siTRStsYmLlqLqpWWPmsrfFBbxPmtqS_sU8P2Cm5AiARH0EajHKRMDk6KDTNJb4Y5FUbYzfCv1u1ubC14xilmw==&ratebypass=yes", "player_url": "/s/player/5dd3f3b2/player_ias.vflset/en_US/base.js", "ext": "webm", "height": 480, "format_note": "480p", "vcodec": "vp9", "asr": null, "filesize": 1849433, "fps": 25, "tbr": 274.98, "width": 480, "acodec": "none", "downloader_options": {"http_chunk_size": 10485760}, "format": "244 - 480x480 (480p)", "protocol": "https", "http_headers": {"User-Agent": "Mozilla/5.0 (Windows NT 10.0; Win64; x64) AppleWebKit/537.36 (KHTML, like Gecko) Chrome/72.0.3626.92 Safari/537.36", "Accept-Charset": "ISO-8859-1,utf-8;q=0.7,*;q=0.7", "Accept": "text/html,application/xhtml+xml,application/xml;q=0.9,*/*;q=0.8", "Accept-Encoding": "gzip, deflate", "Accept-Language": "en-us,en;q=0.5"}}, {"format_id": "247", "url": "https://r2---sn-5njj-u2xe.googlevideo.com/videoplayback?expire=1608639800&ei=2JDhX9C_AeOMs8IPxdKEgA8&ip=140.109.134.236&id=o-AMfq9TFYaeWYUKuzTi9Sz_Z4jtJe7Q6bItgnnDDQmGSP&itag=247&aitags=133%2C134%2C135%2C136%2C137%2C160%2C242%2C243%2C244%2C247%2C248%2C278&source=youtube&requiressl=yes&mh=SV&mm=31%2C29&mn=sn-5njj-u2xe%2Csn-un57en7e&ms=au%2Crdu&mv=m&mvi=2&pl=16&gcr=tw&initcwndbps=342500&vprv=1&mime=video%2Fwebm&ns=rJ3A1xMBOir5mRZ8MFQ56iEF&gir=yes&clen=3840251&dur=104.920&lmt=1583882220328561&mt=1608618034&fvip=2&keepalive=yes&c=WEB&txp=2316222&n=otUb9oxyeiJjmtCK&sparams=expire%2Cei%2Cip%2Cid%2Caitags%2Csource%2Crequiressl%2Cgcr%2Cvprv%2Cmime%2Cns%2Cgir%2Cclen%2Cdur%2Clmt&lsparams=mh%2Cmm%2Cmn%2Cms%2Cmv%2Cmvi%2Cpl%2Cinitcwndbps&lsig=AG3C_xAwRAIgQoe44tCS-Y9dzC8L1MnA9qWSokAlVr4LwVNIOdIin98CIFj7e20-18V0ZzggBJQOx8B0f5mlU_eY3aZDGrYwe1_G&sig=AOq0QJ8wRAIgNkG9n2qQ4xDm32O1ts6LFTppuXVgucMojyhJ-0dQS4YCID_W04vp5PLYFj1c6ZWHE6ejd6jri6b8BPd7i39Iv-eN&ratebypass=yes", "player_url": "/s/player/5dd3f3b2/player_ias.vflset/en_US/base.js", "ext": "webm", "height": 720, "format_note": "720p", "vcodec": "vp9", "asr": null, "filesize": 3840251, "fps": 25, "tbr": 513.955, "width": 720, "acodec": "none", "downloader_options": {"http_chunk_size": 10485760}, "format": "247 - 720x720 (720p)", "protocol": "https", "http_headers": {"User-Agent": "Mozilla/5.0 (Windows NT 10.0; Win64; x64) AppleWebKit/537.36 (KHTML, like Gecko) Chrome/72.0.3626.92 Safari/537.36", "Accept-Charset": "ISO-8859-1,utf-8;q=0.7,*;q=0.7", "Accept": "text/html,application/xhtml+xml,application/xml;q=0.9,*/*;q=0.8", "Accept-Encoding": "gzip, deflate", "Accept-Language": "en-us,en;q=0.5"}}, {"format_id": "136", "url": "https://r2---sn-5njj-u2xe.googlevideo.com/videoplayback?expire=1608639800&ei=2JDhX9C_AeOMs8IPxdKEgA8&ip=140.109.134.236&id=o-AMfq9TFYaeWYUKuzTi9Sz_Z4jtJe7Q6bItgnnDDQmGSP&itag=136&aitags=133%2C134%2C135%2C136%2C137%2C160%2C242%2C243%2C244%2C247%2C248%2C278&source=youtube&requiressl=yes&mh=SV&mm=31%2C29&mn=sn-5njj-u2xe%2Csn-un57en7e&ms=au%2Crdu&mv=m&mvi=2&pl=16&gcr=tw&initcwndbps=342500&vprv=1&mime=video%2Fmp4&ns=rJ3A1xMBOir5mRZ8MFQ56iEF&gir=yes&clen=4711321&dur=104.920&lmt=1583882219418416&mt=1608618034&fvip=2&keepalive=yes&c=WEB&txp=2316222&n=otUb9oxyeiJjmtCK&sparams=expire%2Cei%2Cip%2Cid%2Caitags%2Csource%2Crequiressl%2Cgcr%2Cvprv%2Cmime%2Cns%2Cgir%2Cclen%2Cdur%2Clmt&lsparams=mh%2Cmm%2Cmn%2Cms%2Cmv%2Cmvi%2Cpl%2Cinitcwndbps&lsig=AG3C_xAwRQIhAL3lget0SIuurting5H-ZbBI-suJEG_u8Yjb4G4WbwTjAiAJCZSiNcgvDNAgbdBVD9S-LUOWHhxaa-I288fB-QNbrg%3D%3D&sig=AOq0QJ8wRQIhALwyU5uVWYsN189WrkwmLhsUlucueylLv-B7abAZLKMkAiAL0lDo9smaMn51ylmAmZ8gSl5IWsULTp0c_P0lwKUnaQ==&ratebypass=yes", "player_url": "/s/player/5dd3f3b2/player_ias.vflset/en_US/base.js", "ext": "mp4", "height": 720, "format_note": "720p", "vcodec": "avc1.4d401f", "asr": null, "filesize": 4711321, "fps": 25, "tbr": 638.542, "width": 720, "acodec": "none", "downloader_options": {"http_chunk_size": 10485760}, "format": "136 - 720x720 (720p)", "protocol": "https", "http_headers": {"User-Agent": "Mozilla/5.0 (Windows NT 10.0; Win64; x64) AppleWebKit/537.36 (KHTML, like Gecko) Chrome/72.0.3626.92 Safari/537.36", "Accept-Charset": "ISO-8859-1,utf-8;q=0.7,*;q=0.7", "Accept": "text/html,application/xhtml+xml,application/xml;q=0.9,*/*;q=0.8", "Accept-Encoding": "gzip, deflate", "Accept-Language": "en-us,en;q=0.5"}}, {"format_id": "137", "url": "https://r2---sn-5njj-u2xe.googlevideo.com/videoplayback?expire=1608639800&ei=2JDhX9C_AeOMs8IPxdKEgA8&ip=140.109.134.236&id=o-AMfq9TFYaeWYUKuzTi9Sz_Z4jtJe7Q6bItgnnDDQmGSP&itag=137&aitags=133%2C134%2C135%2C136%2C137%2C160%2C242%2C243%2C244%2C247%2C248%2C278&source=youtube&requiressl=yes&mh=SV&mm=31%2C29&mn=sn-5njj-u2xe%2Csn-un57en7e&ms=au%2Crdu&mv=m&mvi=2&pl=16&gcr=tw&initcwndbps=342500&vprv=1&mime=video%2Fmp4&ns=rJ3A1xMBOir5mRZ8MFQ56iEF&gir=yes&clen=10050456&dur=104.920&lmt=1583882219427931&mt=1608618034&fvip=2&keepalive=yes&c=WEB&txp=2316222&n=otUb9oxyeiJjmtCK&sparams=expire%2Cei%2Cip%2Cid%2Caitags%2Csource%2Crequiressl%2Cgcr%2Cvprv%2Cmime%2Cns%2Cgir%2Cclen%2Cdur%2Clmt&lsparams=mh%2Cmm%2Cmn%2Cms%2Cmv%2Cmvi%2Cpl%2Cinitcwndbps&lsig=AG3C_xAwRQIhALRUUpsuWkhHW4wI0tfM0ThW6CjePdqg0oI071YgOCCcAiAgZQDUSfXG06oOOuNUKpWS6cvhmlFS4UHJ0G9JrtFy_g%3D%3D&sig=AOq0QJ8wRQIgLgVAedby0b_pAXv92hbatr6tn83SbogDMaK1MeEQOekCIQCjh42RX0Q34XZ_uMi_TMJGQmCrzhdKxwMqxOhip_FyPQ==&ratebypass=yes", "player_url": "/s/player/5dd3f3b2/player_ias.vflset/en_US/base.js", "ext": "mp4", "height": 1080, "format_note": "1080p", "vcodec": "avc1.640020", "asr": null, "filesize": 10050456, "fps": 25, "tbr": 1162.898, "width": 1080, "acodec": "none", "downloader_options": {"http_chunk_size": 10485760}, "format": "137 - 1080x1080 (1080p)", "protocol": "https", "http_headers": {"User-Agent": "Mozilla/5.0 (Windows NT 10.0; Win64; x64) AppleWebKit/537.36 (KHTML, like Gecko) Chrome/72.0.3626.92 Safari/537.36", "Accept-Charset": "ISO-8859-1,utf-8;q=0.7,*;q=0.7", "Accept": "text/html,application/xhtml+xml,application/xml;q=0.9,*/*;q=0.8", "Accept-Encoding": "gzip, deflate", "Accept-Language": "en-us,en;q=0.5"}}, {"format_id": "248", "url": "https://r2---sn-5njj-u2xe.googlevideo.com/videoplayback?expire=1608639800&ei=2JDhX9C_AeOMs8IPxdKEgA8&ip=140.109.134.236&id=o-AMfq9TFYaeWYUKuzTi9Sz_Z4jtJe7Q6bItgnnDDQmGSP&itag=248&aitags=133%2C134%2C135%2C136%2C137%2C160%2C242%2C243%2C244%2C247%2C248%2C278&source=youtube&requiressl=yes&mh=SV&mm=31%2C29&mn=sn-5njj-u2xe%2Csn-un57en7e&ms=au%2Crdu&mv=m&mvi=2&pl=16&gcr=tw&initcwndbps=342500&vprv=1&mime=video%2Fwebm&ns=rJ3A1xMBOir5mRZ8MFQ56iEF&gir=yes&clen=8011671&dur=104.920&lmt=1583882220327992&mt=1608618034&fvip=2&keepalive=yes&c=WEB&txp=2316222&n=otUb9oxyeiJjmtCK&sparams=expire%2Cei%2Cip%2Cid%2Caitags%2Csource%2Crequiressl%2Cgcr%2Cvprv%2Cmime%2Cns%2Cgir%2Cclen%2Cdur%2Clmt&lsparams=mh%2Cmm%2Cmn%2Cms%2Cmv%2Cmvi%2Cpl%2Cinitcwndbps&lsig=AG3C_xAwRAIgDOyCpLgRfarB-X3UirYqp2PmGEqSWhTUwxQ_LqfGFHkCIEQu5DkK7nn2Ilta54AK3t5SH33PM3R_pnJvKFIs5DVy&sig=AOq0QJ8wRgIhAPxZjY8mXitDtr5hVreq_cEJGom1msonmvs-CtZs023sAiEAleLut_GguYmLImO6LJAD1-9F_35gbKl0M_ClhEOI4Ts=&ratebypass=yes", "player_url": "/s/player/5dd3f3b2/player_ias.vflset/en_US/base.js", "ext": "webm", "height": 1080, "format_note": "1080p", "vcodec": "vp9", "asr": null, "filesize": 8011671, "fps": 25, "tbr": 1200.05, "width": 1080, "acodec": "none", "downloader_options": {"http_chunk_size": 10485760}, "format": "248 - 1080x1080 (1080p)", "protocol": "https", "http_headers": {"User-Agent": "Mozilla/5.0 (Windows NT 10.0; Win64; x64) AppleWebKit/537.36 (KHTML, like Gecko) Chrome/72.0.3626.92 Safari/537.36", "Accept-Charset": "ISO-8859-1,utf-8;q=0.7,*;q=0.7", "Accept": "text/html,application/xhtml+xml,application/xml;q=0.9,*/*;q=0.8", "Accept-Encoding": "gzip, deflate", "Accept-Language": "en-us,en;q=0.5"}}, {"format_id": "18", "url": "https://r2---sn-5njj-u2xe.googlevideo.com/videoplayback?expire=1608639800&ei=2JDhX9C_AeOMs8IPxdKEgA8&ip=140.109.134.236&id=o-AMfq9TFYaeWYUKuzTi9Sz_Z4jtJe7Q6bItgnnDDQmGSP&itag=18&source=youtube&requiressl=yes&mh=SV&mm=31%2C29&mn=sn-5njj-u2xe%2Csn-un57en7e&ms=au%2Crdu&mv=m&mvi=2&pl=16&gcr=tw&initcwndbps=342500&vprv=1&mime=video%2Fmp4&ns=tJIVj1ZKHe7EhcQfcnDcJKYF&gir=yes&clen=2702425&ratebypass=yes&dur=104.977&lmt=1583882212305877&mt=1608618034&fvip=2&c=WEB&txp=2316222&n=GxrVVrI9nd_4Chou&sparams=expire%2Cei%2Cip%2Cid%2Citag%2Csource%2Crequiressl%2Cgcr%2Cvprv%2Cmime%2Cns%2Cgir%2Cclen%2Cratebypass%2Cdur%2Clmt&lsparams=mh%2Cmm%2Cmn%2Cms%2Cmv%2Cmvi%2Cpl%2Cinitcwndbps&lsig=AG3C_xAwRQIhAPEUl0QR4iTd4ISnns8Mp6hzVgrkBWkdpUL1GjR59CWzAiAK6NGwTmTYdxuuXBmdlaKFkRmMJWy0DSO8l5uu2iSv-g%3D%3D&sig=AOq0QJ8wRAIgfImDeZsPlIZCCooU-92WPbhEhIaTr_37S698EDfYGbwCIECHPiLsMiKPd8TJJyTNtvItg1Zl_svC2Boh8ibpIbbF", "player_url": "/s/player/5dd3f3b2/player_ias.vflset/en_US/base.js", "ext": "mp4", "width": 360, "height": 360, "acodec": "mp4a.40.2", "abr": 96, "vcodec": "avc1.42001E", "asr": 44100, "filesize": 2702425, "format_note": "360p", "fps": 25, "tbr": 206.056, "format": "18 - 360x360 (360p)", "protocol": "https", "http_headers": {"User-Agent": "Mozilla/5.0 (Windows NT 10.0; Win64; x64) AppleWebKit/537.36 (KHTML, like Gecko) Chrome/72.0.3626.92 Safari/537.36", "Accept-Charset": "ISO-8859-1,utf-8;q=0.7,*;q=0.7", "Accept": "text/html,application/xhtml+xml,application/xml;q=0.9,*/*;q=0.8", "Accept-Encoding": "gzip, deflate", "Accept-Language": "en-us,en;q=0.5"}}], "is_live": null, "start_time": null, "end_time": null, "series": null, "season_number": null, "episode_number": null, "track": "Trust in Him", "artist": "Morunas", "album": "Trust in Him", "release_date": "20200327", "release_year": 2020, "extractor": "youtube", "webpage_url_basename": "watch", "extractor_key": "Youtube", "playlist": null, "playlist_index": null, "thumbnail": "https://i.ytimg.com/vi_webp/Ury1cdB79s0/maxresdefault.webp", "display_id": "Ury1cdB79s0", "requested_subtitles": null, "format_id": "251", "url": "https://r2---sn-5njj-u2xe.googlevideo.com/videoplayback?expire=1608639800&ei=2JDhX9C_AeOMs8IPxdKEgA8&ip=140.109.134.236&id=o-AMfq9TFYaeWYUKuzTi9Sz_Z4jtJe7Q6bItgnnDDQmGSP&itag=251&source=youtube&requiressl=yes&mh=SV&mm=31%2C29&mn=sn-5njj-u2xe%2Csn-un57en7e&ms=au%2Crdu&mv=m&mvi=2&pl=16&gcr=tw&initcwndbps=342500&vprv=1&mime=audio%2Fwebm&ns=rJ3A1xMBOir5mRZ8MFQ56iEF&gir=yes&clen=1954742&dur=104.941&lmt=1583882210824527&mt=1608618034&fvip=2&keepalive=yes&c=WEB&txp=2311222&n=otUb9oxyeiJjmtCK&sparams=expire%2Cei%2Cip%2Cid%2Citag%2Csource%2Crequiressl%2Cgcr%2Cvprv%2Cmime%2Cns%2Cgir%2Cclen%2Cdur%2Clmt&lsparams=mh%2Cmm%2Cmn%2Cms%2Cmv%2Cmvi%2Cpl%2Cinitcwndbps&lsig=AG3C_xAwRgIhAMZAg070uYxkI0asPPqLS0n5Cy7nQR58SrdzCMBdiri8AiEAprnAnD6ik5jj9APxijwC_Nht8IYIvtuVI6MwYZOCrMw%3D&sig=AOq0QJ8wRQIgMSPZoHEXLsszW4YgA-hWw2hS9pY8GsOjhbkWDwg3UlkCIQCBf64lqDZOKKLsmDM0-oLfO3vuncOduqFiyTPcgwNFCA==&ratebypass=yes", "player_url": "/s/player/5dd3f3b2/player_ias.vflset/en_US/base.js", "ext": "webm", "format_note": "tiny", "acodec": "opus", "abr": 160, "asr": 48000, "filesize": 1954742, "fps": null, "height": null, "tbr": 159.503, "width": null, "vcodec": "none", "downloader_options": {"http_chunk_size": 10485760}, "format": "251 - audio only (tiny)", "protocol": "https", "http_headers": {"User-Agent": "Mozilla/5.0 (Windows NT 10.0; Win64; x64) AppleWebKit/537.36 (KHTML, like Gecko) Chrome/72.0.3626.92 Safari/537.36", "Accept-Charset": "ISO-8859-1,utf-8;q=0.7,*;q=0.7", "Accept": "text/html,application/xhtml+xml,application/xml;q=0.9,*/*;q=0.8", "Accept-Encoding": "gzip, deflate", "Accept-Language": "en-us,en;q=0.5"}}