{"id": "v3Nl5rUxLqE", "uploader": "Gjermund - Topic", "uploader_id": "UCdwQgXeSVX8KEBo4mBr-dbw", "uploader_url": "http://www.youtube.com/channel/UCdwQgXeSVX8KEBo4mBr-dbw", "channel_id": "UCdwQgXeSVX8KEBo4mBr-dbw", "channel_url": "http://www.youtube.com/channel/UCdwQgXeSVX8KEBo4mBr-dbw", "upload_date": "20201219", "license": null, "creator": "Gjermund", "title": "Shy Paws", "alt_title": "Shy Paws", "thumbnails": [{"url": "https://i.ytimg.com/vi/v3Nl5rUxLqE/hqdefault.jpg?sqp=-oaymwEYCKgBEF5IVfKriqkDCwgBFQAAiEIYAXAB&rs=AOn4CLB8xw1QCaDO5lh8Slpy1RMatSobUw", "width": 168, "height": 94, "resolution": "168x94", "id": "0"}, {"url": "https://i.ytimg.com/vi/v3Nl5rUxLqE/hqdefault.jpg?sqp=-oaymwEYCMQBEG5IVfKriqkDCwgBFQAAiEIYAXAB&rs=AOn4CLBdDfa0ch3BzRdFqXwwkJ2ToEjIfg", "width": 196, "height": 110, "resolution": "196x110", "id": "1"}, {"url": "https://i.ytimg.com/vi/v3Nl5rUxLqE/hqdefault.jpg?sqp=-oaymwEZCPYBEIoBSFXyq4qpAwsIARUAAIhCGAFwAQ==&rs=AOn4CLDkkgFwrmndp2rlJnJh2_SxIL12MA", "width": 246, "height": 138, "resolution": "246x138", "id": "2"}, {"url": "https://i.ytimg.com/vi/v3Nl5rUxLqE/hqdefault.jpg?sqp=-oaymwEZCNACELwBSFXyq4qpAwsIARUAAIhCGAFwAQ==&rs=AOn4CLALytSLduZeFw3CjHPiFWvD0moJwA", "width": 336, "height": 188, "resolution": "336x188", "id": "3"}, {"url": "https://i.ytimg.com/vi_webp/v3Nl5rUxLqE/maxresdefault.webp", "width": 1920, "height": 1080, "resolution": "1920x1080", "id": "4"}], "description": "Provided to YouTube by IIP-DDS\n\nShy Paws \u00b7 Gjermund\n\nShy Paws\n\n\u2117 Catfish Records / Cat A Stropha\n\nReleased on: 2017-01-01\n\nMusic  Publisher: Copyright Control\nMusic  Publisher: Copyright Control\nComposer: Millie Sievert\nComposer: Fredrik Bostr\u00f6m\n\nAuto-generated by YouTube.", "categories": ["Music"], "tags": ["Gjermund", "Shy Paws"], "subtitles": {}, "automatic_captions": {}, "duration": 151, "age_limit": 0, "annotations": null, "chapters": null, "webpage_url": "https://www.youtube.com/watch?v=v3Nl5rUxLqE", "view_count": 20, "like_count": null, "dislike_count": null, "average_rating": null, "formats": [{"format_id": "249", "url": "https://r5---sn-5njj-u2xe.googlevideo.com/videoplayback?expire=1609941083&ei=-2v1X8DBA5Wi4QK8oKCgDA&ip=140.109.134.180&id=o-AKyURISUlkq64sJSnSfWrcyfYvt5x_ACrFEg1lHphYHO&itag=249&source=youtube&requiressl=yes&mh=X5&mm=31%2C29&mn=sn-5njj-u2xe%2Csn-un57en7s&ms=au%2Crdu&mv=m&mvi=5&pl=16&gcr=tw&initcwndbps=350000&vprv=1&mime=audio%2Fwebm&ns=hmO_fNe7SnhIiMiYipKHss8F&gir=yes&clen=1013018&dur=150.981&lmt=1608366176853060&mt=1609919103&fvip=5&keepalive=yes&c=WEB&txp=2311222&n=Z_s1lfkpoRfCJi49&sparams=expire%2Cei%2Cip%2Cid%2Citag%2Csource%2Crequiressl%2Cgcr%2Cvprv%2Cmime%2Cns%2Cgir%2Cclen%2Cdur%2Clmt&lsparams=mh%2Cmm%2Cmn%2Cms%2Cmv%2Cmvi%2Cpl%2Cinitcwndbps&lsig=AG3C_xAwRQIhAKTLWJdNPwtCPYrzKTYg8OJprmf2FAlnoxGjt65iAd69AiA3QJCafC5CTsy4mYe5MGzbeFPpZQjHsj5pU5QrJgFOBg%3D%3D&sig=AOq0QJ8wRAIgD6Rb3ZZVgEXjjvtIGg5Pr_ZHQrYIUhgzv2MCYRMoypwCIET2ukbF13iWbcZN9Da7rUx0fqPJt8qJBEstFU2s2uFB&ratebypass=yes", "player_url": "/s/player/5dd3f3b2/player_ias.vflset/en_US/base.js", "ext": "webm", "format_note": "tiny", "acodec": "opus", "abr": 50, "asr": 48000, "filesize": 1013018, "fps": null, "height": null, "tbr": 58.688, "width": null, "vcodec": "none", "downloader_options": {"http_chunk_size": 10485760}, "format": "249 - audio only (tiny)", "protocol": "https", "http_headers": {"User-Agent": "Mozilla/5.0 (Windows NT 10.0; Win64; x64) AppleWebKit/537.36 (KHTML, like Gecko) Chrome/72.0.3602.1 Safari/537.36", "Accept-Charset": "ISO-8859-1,utf-8;q=0.7,*;q=0.7", "Accept": "text/html,application/xhtml+xml,application/xml;q=0.9,*/*;q=0.8", "Accept-Encoding": "gzip, deflate", "Accept-Language": "en-us,en;q=0.5"}}, {"format_id": "250", "url": "https://r5---sn-5njj-u2xe.googlevideo.com/videoplayback?expire=1609941083&ei=-2v1X8DBA5Wi4QK8oKCgDA&ip=140.109.134.180&id=o-AKyURISUlkq64sJSnSfWrcyfYvt5x_ACrFEg1lHphYHO&itag=250&source=youtube&requiressl=yes&mh=X5&mm=31%2C29&mn=sn-5njj-u2xe%2Csn-un57en7s&ms=au%2Crdu&mv=m&mvi=5&pl=16&gcr=tw&initcwndbps=350000&vprv=1&mime=audio%2Fwebm&ns=hmO_fNe7SnhIiMiYipKHss8F&gir=yes&clen=1341657&dur=150.981&lmt=1608366176153141&mt=1609919103&fvip=5&keepalive=yes&c=WEB&txp=2311222&n=Z_s1lfkpoRfCJi49&sparams=expire%2Cei%2Cip%2Cid%2Citag%2Csource%2Crequiressl%2Cgcr%2Cvprv%2Cmime%2Cns%2Cgir%2Cclen%2Cdur%2Clmt&lsparams=mh%2Cmm%2Cmn%2Cms%2Cmv%2Cmvi%2Cpl%2Cinitcwndbps&lsig=AG3C_xAwRQIhAO51Rh-37S1Zt0Vc9NyhX0771SmXFmv0QkmHFxqDFhmWAiA4SGou9JCgtcV48m-xD13zS-UN2kcau_K-EoqrAT91QQ%3D%3D&sig=AOq0QJ8wRgIhALNYrI2wZJuxp3gwub8VCi5Gj3QfgA5osaE-gAu4TKkTAiEAlPPYiqQx0hogoQrNfvIml4yKUd1tZyJ0e3bpVIVtK-8=&ratebypass=yes", "player_url": "/s/player/5dd3f3b2/player_ias.vflset/en_US/base.js", "ext": "webm", "format_note": "tiny", "acodec": "opus", "abr": 70, "asr": 48000, "filesize": 1341657, "fps": null, "height": null, "tbr": 77.284, "width": null, "vcodec": "none", "downloader_options": {"http_chunk_size": 10485760}, "format": "250 - audio only (tiny)", "protocol": "https", "http_headers": {"User-Agent": "Mozilla/5.0 (Windows NT 10.0; Win64; x64) AppleWebKit/537.36 (KHTML, like Gecko) Chrome/72.0.3602.1 Safari/537.36", "Accept-Charset": "ISO-8859-1,utf-8;q=0.7,*;q=0.7", "Accept": "text/html,application/xhtml+xml,application/xml;q=0.9,*/*;q=0.8", "Accept-Encoding": "gzip, deflate", "Accept-Language": "en-us,en;q=0.5"}}, {"format_id": "140", "url": "https://r5---sn-5njj-u2xe.googlevideo.com/videoplayback?expire=1609941083&ei=-2v1X8DBA5Wi4QK8oKCgDA&ip=140.109.134.180&id=o-AKyURISUlkq64sJSnSfWrcyfYvt5x_ACrFEg1lHphYHO&itag=140&source=youtube&requiressl=yes&mh=X5&mm=31%2C29&mn=sn-5njj-u2xe%2Csn-un57en7s&ms=au%2Crdu&mv=m&mvi=5&pl=16&gcr=tw&initcwndbps=350000&vprv=1&mime=audio%2Fmp4&ns=hmO_fNe7SnhIiMiYipKHss8F&gir=yes&clen=2445310&dur=150.967&lmt=1608366186861228&mt=1609919103&fvip=5&keepalive=yes&c=WEB&txp=2311222&n=Z_s1lfkpoRfCJi49&sparams=expire%2Cei%2Cip%2Cid%2Citag%2Csource%2Crequiressl%2Cgcr%2Cvprv%2Cmime%2Cns%2Cgir%2Cclen%2Cdur%2Clmt&lsparams=mh%2Cmm%2Cmn%2Cms%2Cmv%2Cmvi%2Cpl%2Cinitcwndbps&lsig=AG3C_xAwRQIgGZYeLlB6gF0uRGCfTvcUdSNepECre_lPg8sF9m9DaH0CIQCJ6QMmMOqiTiwfdq0URTUbxsTMd6y3FjXL7jC_id3Cjg%3D%3D&sig=AOq0QJ8wRQIgY8DqFv3OSjXhaNEydYqV4EsaPu2w_nWWG8PFjA8Xxl0CIQCMm4-a8pMSkcMBx5hc_PMgJdi7wIK-M3T380tPt2XuVQ==&ratebypass=yes", "player_url": "/s/player/5dd3f3b2/player_ias.vflset/en_US/base.js", "ext": "m4a", "format_note": "tiny", "acodec": "mp4a.40.2", "abr": 128, "container": "m4a_dash", "asr": 44100, "filesize": 2445310, "fps": null, "height": null, "tbr": 132.767, "width": null, "vcodec": "none", "downloader_options": {"http_chunk_size": 10485760}, "format": "140 - audio only (tiny)", "protocol": "https", "http_headers": {"User-Agent": "Mozilla/5.0 (Windows NT 10.0; Win64; x64) AppleWebKit/537.36 (KHTML, like Gecko) Chrome/72.0.3602.1 Safari/537.36", "Accept-Charset": "ISO-8859-1,utf-8;q=0.7,*;q=0.7", "Accept": "text/html,application/xhtml+xml,application/xml;q=0.9,*/*;q=0.8", "Accept-Encoding": "gzip, deflate", "Accept-Language": "en-us,en;q=0.5"}}, {"format_id": "251", "url": "https://r5---sn-5njj-u2xe.googlevideo.com/videoplayback?expire=1609941083&ei=-2v1X8DBA5Wi4QK8oKCgDA&ip=140.109.134.180&id=o-AKyURISUlkq64sJSnSfWrcyfYvt5x_ACrFEg1lHphYHO&itag=251&source=youtube&requiressl=yes&mh=X5&mm=31%2C29&mn=sn-5njj-u2xe%2Csn-un57en7s&ms=au%2Crdu&mv=m&mvi=5&pl=16&gcr=tw&initcwndbps=350000&vprv=1&mime=audio%2Fwebm&ns=hmO_fNe7SnhIiMiYipKHss8F&gir=yes&clen=2600827&dur=150.981&lmt=1608366176853336&mt=1609919103&fvip=5&keepalive=yes&c=WEB&txp=2311222&n=Z_s1lfkpoRfCJi49&sparams=expire%2Cei%2Cip%2Cid%2Citag%2Csource%2Crequiressl%2Cgcr%2Cvprv%2Cmime%2Cns%2Cgir%2Cclen%2Cdur%2Clmt&lsparams=mh%2Cmm%2Cmn%2Cms%2Cmv%2Cmvi%2Cpl%2Cinitcwndbps&lsig=AG3C_xAwRQIgFqahYt6yY5u84FmPsIraXq0z69aNLPZ9gw_olNQB_TICIQDVZfFEzniMpHJAn0WfKXY9uL86iYav77Jqu1WQo8T3MQ%3D%3D&sig=AOq0QJ8wRAIgC26tNoet5jDwvaFYz4pMKiKPXQb0iKh3WFNGoOtAr88CIEuz-X02YltAcevP9BAjzkJPLNNxWPUUk-u3KDuMK6mQ&ratebypass=yes", "player_url": "/s/player/5dd3f3b2/player_ias.vflset/en_US/base.js", "ext": "webm", "format_note": "tiny", "acodec": "opus", "abr": 160, "asr": 48000, "filesize": 2600827, "fps": null, "height": null, "tbr": 148.044, "width": null, "vcodec": "none", "downloader_options": {"http_chunk_size": 10485760}, "format": "251 - audio only (tiny)", "protocol": "https", "http_headers": {"User-Agent": "Mozilla/5.0 (Windows NT 10.0; Win64; x64) AppleWebKit/537.36 (KHTML, like Gecko) Chrome/72.0.3602.1 Safari/537.36", "Accept-Charset": "ISO-8859-1,utf-8;q=0.7,*;q=0.7", "Accept": "text/html,application/xhtml+xml,application/xml;q=0.9,*/*;q=0.8", "Accept-Encoding": "gzip, deflate", "Accept-Language": "en-us,en;q=0.5"}}, {"format_id": "160", "url": "https://r5---sn-5njj-u2xe.googlevideo.com/videoplayback?expire=1609941083&ei=-2v1X8DBA5Wi4QK8oKCgDA&ip=140.109.134.180&id=o-AKyURISUlkq64sJSnSfWrcyfYvt5x_ACrFEg1lHphYHO&itag=160&aitags=133%2C134%2C135%2C136%2C137%2C160%2C242%2C243%2C244%2C247%2C248%2C278&source=youtube&requiressl=yes&mh=X5&mm=31%2C29&mn=sn-5njj-u2xe%2Csn-un57en7s&ms=au%2Crdu&mv=m&mvi=5&pl=16&gcr=tw&initcwndbps=350000&vprv=1&mime=video%2Fmp4&ns=hmO_fNe7SnhIiMiYipKHss8F&gir=yes&clen=220532&dur=150.960&lmt=1608366186661589&mt=1609919103&fvip=5&keepalive=yes&c=WEB&txp=2316222&n=Z_s1lfkpoRfCJi49&sparams=expire%2Cei%2Cip%2Cid%2Caitags%2Csource%2Crequiressl%2Cgcr%2Cvprv%2Cmime%2Cns%2Cgir%2Cclen%2Cdur%2Clmt&lsparams=mh%2Cmm%2Cmn%2Cms%2Cmv%2Cmvi%2Cpl%2Cinitcwndbps&lsig=AG3C_xAwRAIga7-j6HpJebL1jpI5trVRKUPt4abRdd1xZojcQNse5y4CIAcV5Ndt9CLXNB13YBHpqSTXLGp1DL75DjIaYifbz2F4&sig=AOq0QJ8wRgIhAOsGdfzSK19GIel0_hC9oKi0C7Q5qNmgiCaZZ18M856zAiEA_C1RQmXB-V_sEeqn8pf4Ygo_JBxUNfM44AnjyYDO3Pc=&ratebypass=yes", "player_url": "/s/player/5dd3f3b2/player_ias.vflset/en_US/base.js", "ext": "mp4", "height": 144, "format_note": "144p", "vcodec": "avc1.4d400b", "asr": null, "filesize": 220532, "fps": 25, "tbr": 17.451, "width": 144, "acodec": "none", "downloader_options": {"http_chunk_size": 10485760}, "format": "160 - 144x144 (144p)", "protocol": "https", "http_headers": {"User-Agent": "Mozilla/5.0 (Windows NT 10.0; Win64; x64) AppleWebKit/537.36 (KHTML, like Gecko) Chrome/72.0.3602.1 Safari/537.36", "Accept-Charset": "ISO-8859-1,utf-8;q=0.7,*;q=0.7", "Accept": "text/html,application/xhtml+xml,application/xml;q=0.9,*/*;q=0.8", "Accept-Encoding": "gzip, deflate", "Accept-Language": "en-us,en;q=0.5"}}, {"format_id": "278", "url": "https://r5---sn-5njj-u2xe.googlevideo.com/videoplayback?expire=1609941083&ei=-2v1X8DBA5Wi4QK8oKCgDA&ip=140.109.134.180&id=o-AKyURISUlkq64sJSnSfWrcyfYvt5x_ACrFEg1lHphYHO&itag=278&aitags=133%2C134%2C135%2C136%2C137%2C160%2C242%2C243%2C244%2C247%2C248%2C278&source=youtube&requiressl=yes&mh=X5&mm=31%2C29&mn=sn-5njj-u2xe%2Csn-un57en7s&ms=au%2Crdu&mv=m&mvi=5&pl=16&gcr=tw&initcwndbps=350000&vprv=1&mime=video%2Fwebm&ns=hmO_fNe7SnhIiMiYipKHss8F&gir=yes&clen=246563&dur=150.960&lmt=1608366183261381&mt=1609919103&fvip=5&keepalive=yes&c=WEB&txp=2316222&n=Z_s1lfkpoRfCJi49&sparams=expire%2Cei%2Cip%2Cid%2Caitags%2Csource%2Crequiressl%2Cgcr%2Cvprv%2Cmime%2Cns%2Cgir%2Cclen%2Cdur%2Clmt&lsparams=mh%2Cmm%2Cmn%2Cms%2Cmv%2Cmvi%2Cpl%2Cinitcwndbps&lsig=AG3C_xAwRQIhAJDKagA6CcbX9TSpXPLNvnH88Ehu2Xo1s8q6QNyEmIfKAiApVsskB4tbUfrUODJhJ6i6UCd5vpz3Jatj9YvjBgL65w%3D%3D&sig=AOq0QJ8wRQIgN0345m8ICza6RmUyVR3cMYdY4HOfoUqRXVsEbMhQ0yUCIQDpreqjubm7zNeWSeVL7OIcNkA0lgc_WmOWmBLtnv4_XA==&ratebypass=yes", "player_url": "/s/player/5dd3f3b2/player_ias.vflset/en_US/base.js", "ext": "webm", "height": 144, "format_note": "144p", "container": "webm", "vcodec": "vp9", "asr": null, "filesize": 246563, "fps": 25, "tbr": 18.254, "width": 144, "acodec": "none", "downloader_options": {"http_chunk_size": 10485760}, "format": "278 - 144x144 (144p)", "protocol": "https", "http_headers": {"User-Agent": "Mozilla/5.0 (Windows NT 10.0; Win64; x64) AppleWebKit/537.36 (KHTML, like Gecko) Chrome/72.0.3602.1 Safari/537.36", "Accept-Charset": "ISO-8859-1,utf-8;q=0.7,*;q=0.7", "Accept": "text/html,application/xhtml+xml,application/xml;q=0.9,*/*;q=0.8", "Accept-Encoding": "gzip, deflate", "Accept-Language": "en-us,en;q=0.5"}}, {"format_id": "242", "url": "https://r5---sn-5njj-u2xe.googlevideo.com/videoplayback?expire=1609941083&ei=-2v1X8DBA5Wi4QK8oKCgDA&ip=140.109.134.180&id=o-AKyURISUlkq64sJSnSfWrcyfYvt5x_ACrFEg1lHphYHO&itag=242&aitags=133%2C134%2C135%2C136%2C137%2C160%2C242%2C243%2C244%2C247%2C248%2C278&source=youtube&requiressl=yes&mh=X5&mm=31%2C29&mn=sn-5njj-u2xe%2Csn-un57en7s&ms=au%2Crdu&mv=m&mvi=5&pl=16&gcr=tw&initcwndbps=350000&vprv=1&mime=video%2Fwebm&ns=hmO_fNe7SnhIiMiYipKHss8F&gir=yes&clen=474123&dur=150.960&lmt=1608366183261302&mt=1609919103&fvip=5&keepalive=yes&c=WEB&txp=2316222&n=Z_s1lfkpoRfCJi49&sparams=expire%2Cei%2Cip%2Cid%2Caitags%2Csource%2Crequiressl%2Cgcr%2Cvprv%2Cmime%2Cns%2Cgir%2Cclen%2Cdur%2Clmt&lsparams=mh%2Cmm%2Cmn%2Cms%2Cmv%2Cmvi%2Cpl%2Cinitcwndbps&lsig=AG3C_xAwRgIhANQ4ZYtFzJPeWvSMVvxPJLsFMz8FqxsaWipOkxZFMZxtAiEAqG25kv3MAZjP_amvBY-qnStczJZMAIpC9Dlu6VE-XOc%3D&sig=AOq0QJ8wRgIhAMtQtsPYyrOJkjsVLmEIS9Y7SZmdnsy3lQ4JzTWGo51XAiEAz2DUtpb_lxzhFX1JYT2dpK116UNrusij6xUXyZ3sbpI=&ratebypass=yes", "player_url": "/s/player/5dd3f3b2/player_ias.vflset/en_US/base.js", "ext": "webm", "height": 240, "format_note": "240p", "vcodec": "vp9", "asr": null, "filesize": 474123, "fps": 25, "tbr": 41.529, "width": 240, "acodec": "none", "downloader_options": {"http_chunk_size": 10485760}, "format": "242 - 240x240 (240p)", "protocol": "https", "http_headers": {"User-Agent": "Mozilla/5.0 (Windows NT 10.0; Win64; x64) AppleWebKit/537.36 (KHTML, like Gecko) Chrome/72.0.3602.1 Safari/537.36", "Accept-Charset": "ISO-8859-1,utf-8;q=0.7,*;q=0.7", "Accept": "text/html,application/xhtml+xml,application/xml;q=0.9,*/*;q=0.8", "Accept-Encoding": "gzip, deflate", "Accept-Language": "en-us,en;q=0.5"}}, {"format_id": "133", "url": "https://r5---sn-5njj-u2xe.googlevideo.com/videoplayback?expire=1609941083&ei=-2v1X8DBA5Wi4QK8oKCgDA&ip=140.109.134.180&id=o-AKyURISUlkq64sJSnSfWrcyfYvt5x_ACrFEg1lHphYHO&itag=133&aitags=133%2C134%2C135%2C136%2C137%2C160%2C242%2C243%2C244%2C247%2C248%2C278&source=youtube&requiressl=yes&mh=X5&mm=31%2C29&mn=sn-5njj-u2xe%2Csn-un57en7s&ms=au%2Crdu&mv=m&mvi=5&pl=16&gcr=tw&initcwndbps=350000&vprv=1&mime=video%2Fmp4&ns=hmO_fNe7SnhIiMiYipKHss8F&gir=yes&clen=524901&dur=150.960&lmt=1608366186662497&mt=1609919103&fvip=5&keepalive=yes&c=WEB&txp=2316222&n=Z_s1lfkpoRfCJi49&sparams=expire%2Cei%2Cip%2Cid%2Caitags%2Csource%2Crequiressl%2Cgcr%2Cvprv%2Cmime%2Cns%2Cgir%2Cclen%2Cdur%2Clmt&lsparams=mh%2Cmm%2Cmn%2Cms%2Cmv%2Cmvi%2Cpl%2Cinitcwndbps&lsig=AG3C_xAwRQIgNPf3KnYALL-a4El3-A6fHtJxctvgUhNlrBvciPuIojUCIQDLZfbdY3b_OJIJYnWE2_7d1zcnWVTWb1Rkc2Vt23G5OA%3D%3D&sig=AOq0QJ8wRgIhAI9fc9qDuhX1u9YyG25eHfEzMMWI6cIWqHDa1sQf_-elAiEA5YQlbmhEFORa_jEK7KYpvro2DE8-l63tbzu_B0-aGLk=&ratebypass=yes", "player_url": "/s/player/5dd3f3b2/player_ias.vflset/en_US/base.js", "ext": "mp4", "height": 240, "format_note": "240p", "vcodec": "avc1.4d400c", "asr": null, "filesize": 524901, "fps": 25, "tbr": 44.812, "width": 240, "acodec": "none", "downloader_options": {"http_chunk_size": 10485760}, "format": "133 - 240x240 (240p)", "protocol": "https", "http_headers": {"User-Agent": "Mozilla/5.0 (Windows NT 10.0; Win64; x64) AppleWebKit/537.36 (KHTML, like Gecko) Chrome/72.0.3602.1 Safari/537.36", "Accept-Charset": "ISO-8859-1,utf-8;q=0.7,*;q=0.7", "Accept": "text/html,application/xhtml+xml,application/xml;q=0.9,*/*;q=0.8", "Accept-Encoding": "gzip, deflate", "Accept-Language": "en-us,en;q=0.5"}}, {"format_id": "243", "url": "https://r5---sn-5njj-u2xe.googlevideo.com/videoplayback?expire=1609941083&ei=-2v1X8DBA5Wi4QK8oKCgDA&ip=140.109.134.180&id=o-AKyURISUlkq64sJSnSfWrcyfYvt5x_ACrFEg1lHphYHO&itag=243&aitags=133%2C134%2C135%2C136%2C137%2C160%2C242%2C243%2C244%2C247%2C248%2C278&source=youtube&requiressl=yes&mh=X5&mm=31%2C29&mn=sn-5njj-u2xe%2Csn-un57en7s&ms=au%2Crdu&mv=m&mvi=5&pl=16&gcr=tw&initcwndbps=350000&vprv=1&mime=video%2Fwebm&ns=hmO_fNe7SnhIiMiYipKHss8F&gir=yes&clen=908429&dur=150.960&lmt=1608366183260985&mt=1609919103&fvip=5&keepalive=yes&c=WEB&txp=2316222&n=Z_s1lfkpoRfCJi49&sparams=expire%2Cei%2Cip%2Cid%2Caitags%2Csource%2Crequiressl%2Cgcr%2Cvprv%2Cmime%2Cns%2Cgir%2Cclen%2Cdur%2Clmt&lsparams=mh%2Cmm%2Cmn%2Cms%2Cmv%2Cmvi%2Cpl%2Cinitcwndbps&lsig=AG3C_xAwRQIgQQUbLMMZyvFiQQh_51DEdnK59f6qnhUdkntwgeTDhxcCIQC1n17RzpCosRWHFEiDkNh9GcXEwFUXZ_RHafkGv-NlOw%3D%3D&sig=AOq0QJ8wRAIgK6k93vOaeHcbd26dKDlgrVXULJCgbKyV8MIUH3UkQ28CIFUjoNNlgNuybtm5eBjvnpXG4hAgaTqaun6qaMgtIVen&ratebypass=yes", "player_url": "/s/player/5dd3f3b2/player_ias.vflset/en_US/base.js", "ext": "webm", "height": 360, "format_note": "360p", "vcodec": "vp9", "asr": null, "filesize": 908429, "fps": 25, "tbr": 81.093, "width": 360, "acodec": "none", "downloader_options": {"http_chunk_size": 10485760}, "format": "243 - 360x360 (360p)", "protocol": "https", "http_headers": {"User-Agent": "Mozilla/5.0 (Windows NT 10.0; Win64; x64) AppleWebKit/537.36 (KHTML, like Gecko) Chrome/72.0.3602.1 Safari/537.36", "Accept-Charset": "ISO-8859-1,utf-8;q=0.7,*;q=0.7", "Accept": "text/html,application/xhtml+xml,application/xml;q=0.9,*/*;q=0.8", "Accept-Encoding": "gzip, deflate", "Accept-Language": "en-us,en;q=0.5"}}, {"format_id": "134", "url": "https://r5---sn-5njj-u2xe.googlevideo.com/videoplayback?expire=1609941083&ei=-2v1X8DBA5Wi4QK8oKCgDA&ip=140.109.134.180&id=o-AKyURISUlkq64sJSnSfWrcyfYvt5x_ACrFEg1lHphYHO&itag=134&aitags=133%2C134%2C135%2C136%2C137%2C160%2C242%2C243%2C244%2C247%2C248%2C278&source=youtube&requiressl=yes&mh=X5&mm=31%2C29&mn=sn-5njj-u2xe%2Csn-un57en7s&ms=au%2Crdu&mv=m&mvi=5&pl=16&gcr=tw&initcwndbps=350000&vprv=1&mime=video%2Fmp4&ns=hmO_fNe7SnhIiMiYipKHss8F&gir=yes&clen=1238340&dur=150.960&lmt=1608366186660770&mt=1609919103&fvip=5&keepalive=yes&c=WEB&txp=2316222&n=Z_s1lfkpoRfCJi49&sparams=expire%2Cei%2Cip%2Cid%2Caitags%2Csource%2Crequiressl%2Cgcr%2Cvprv%2Cmime%2Cns%2Cgir%2Cclen%2Cdur%2Clmt&lsparams=mh%2Cmm%2Cmn%2Cms%2Cmv%2Cmvi%2Cpl%2Cinitcwndbps&lsig=AG3C_xAwRgIhAJp6FK8trdUxQI2kNEXxH19ust8MaVS_jFCmiU6RsiW2AiEAuPIWOwTFTPEnr_5100Bs3VI2tWPiKOgNm22Bl2HCcKI%3D&sig=AOq0QJ8wRAIgOfjsrWKGDyxjFNEN12wofwglKInDuJcKRN03XugD9-4CIB2iQdYiwcmInrJOiwkMGtugqls1xSKeTuv012QG7IID&ratebypass=yes", "player_url": "/s/player/5dd3f3b2/player_ias.vflset/en_US/base.js", "ext": "mp4", "height": 360, "format_note": "360p", "vcodec": "avc1.4d4015", "asr": null, "filesize": 1238340, "fps": 25, "tbr": 104.335, "width": 360, "acodec": "none", "downloader_options": {"http_chunk_size": 10485760}, "format": "134 - 360x360 (360p)", "protocol": "https", "http_headers": {"User-Agent": "Mozilla/5.0 (Windows NT 10.0; Win64; x64) AppleWebKit/537.36 (KHTML, like Gecko) Chrome/72.0.3602.1 Safari/537.36", "Accept-Charset": "ISO-8859-1,utf-8;q=0.7,*;q=0.7", "Accept": "text/html,application/xhtml+xml,application/xml;q=0.9,*/*;q=0.8", "Accept-Encoding": "gzip, deflate", "Accept-Language": "en-us,en;q=0.5"}}, {"format_id": "244", "url": "https://r5---sn-5njj-u2xe.googlevideo.com/videoplayback?expire=1609941083&ei=-2v1X8DBA5Wi4QK8oKCgDA&ip=140.109.134.180&id=o-AKyURISUlkq64sJSnSfWrcyfYvt5x_ACrFEg1lHphYHO&itag=244&aitags=133%2C134%2C135%2C136%2C137%2C160%2C242%2C243%2C244%2C247%2C248%2C278&source=youtube&requiressl=yes&mh=X5&mm=31%2C29&mn=sn-5njj-u2xe%2Csn-un57en7s&ms=au%2Crdu&mv=m&mvi=5&pl=16&gcr=tw&initcwndbps=350000&vprv=1&mime=video%2Fwebm&ns=hmO_fNe7SnhIiMiYipKHss8F&gir=yes&clen=1797238&dur=150.960&lmt=1608366183259744&mt=1609919103&fvip=5&keepalive=yes&c=WEB&txp=2316222&n=Z_s1lfkpoRfCJi49&sparams=expire%2Cei%2Cip%2Cid%2Caitags%2Csource%2Crequiressl%2Cgcr%2Cvprv%2Cmime%2Cns%2Cgir%2Cclen%2Cdur%2Clmt&lsparams=mh%2Cmm%2Cmn%2Cms%2Cmv%2Cmvi%2Cpl%2Cinitcwndbps&lsig=AG3C_xAwRQIgJhxrWNzCkM87plw99AX-_LQAr0fDZ_kdj29lJcNzpoQCIQC5JSL83f7d6ycI7A-BM3tZOton-e6gcUosWfmjJxtR1g%3D%3D&sig=AOq0QJ8wRQIhAPheS7yqvx3TfBpaFG9rT1bijXDj8j3t20lUBQl7Gfw8AiB5nxiFy9lkOyIO3CFbS99EgCu9lGhNRfF1p4h1bCzEaw==&ratebypass=yes", "player_url": "/s/player/5dd3f3b2/player_ias.vflset/en_US/base.js", "ext": "webm", "height": 480, "format_note": "480p", "vcodec": "vp9", "asr": null, "filesize": 1797238, "fps": 25, "tbr": 169.454, "width": 480, "acodec": "none", "downloader_options": {"http_chunk_size": 10485760}, "format": "244 - 480x480 (480p)", "protocol": "https", "http_headers": {"User-Agent": "Mozilla/5.0 (Windows NT 10.0; Win64; x64) AppleWebKit/537.36 (KHTML, like Gecko) Chrome/72.0.3602.1 Safari/537.36", "Accept-Charset": "ISO-8859-1,utf-8;q=0.7,*;q=0.7", "Accept": "text/html,application/xhtml+xml,application/xml;q=0.9,*/*;q=0.8", "Accept-Encoding": "gzip, deflate", "Accept-Language": "en-us,en;q=0.5"}}, {"format_id": "135", "url": "https://r5---sn-5njj-u2xe.googlevideo.com/videoplayback?expire=1609941083&ei=-2v1X8DBA5Wi4QK8oKCgDA&ip=140.109.134.180&id=o-AKyURISUlkq64sJSnSfWrcyfYvt5x_ACrFEg1lHphYHO&itag=135&aitags=133%2C134%2C135%2C136%2C137%2C160%2C242%2C243%2C244%2C247%2C248%2C278&source=youtube&requiressl=yes&mh=X5&mm=31%2C29&mn=sn-5njj-u2xe%2Csn-un57en7s&ms=au%2Crdu&mv=m&mvi=5&pl=16&gcr=tw&initcwndbps=350000&vprv=1&mime=video%2Fmp4&ns=hmO_fNe7SnhIiMiYipKHss8F&gir=yes&clen=2436413&dur=150.960&lmt=1608366186660330&mt=1609919103&fvip=5&keepalive=yes&c=WEB&txp=2316222&n=Z_s1lfkpoRfCJi49&sparams=expire%2Cei%2Cip%2Cid%2Caitags%2Csource%2Crequiressl%2Cgcr%2Cvprv%2Cmime%2Cns%2Cgir%2Cclen%2Cdur%2Clmt&lsparams=mh%2Cmm%2Cmn%2Cms%2Cmv%2Cmvi%2Cpl%2Cinitcwndbps&lsig=AG3C_xAwRgIhALa4h10KDqv8db9FoCfM3663f0LuulYX9QLdT23L8DfGAiEAgGtfkB5zVRPbelNCAniWYSa7jcX9wJVGLQElKLjXsB0%3D&sig=AOq0QJ8wRAIgAp5wbULJD4dh84WOHR2nYWGFF14IK0M1RHgMieZzkVgCIHBVtPjmD3ft3zXnV4v5VTKQ6PxsGlsqmHUj7hjVvCuc&ratebypass=yes", "player_url": "/s/player/5dd3f3b2/player_ias.vflset/en_US/base.js", "ext": "mp4", "height": 480, "format_note": "480p", "vcodec": "avc1.4d401e", "asr": null, "filesize": 2436413, "fps": 25, "tbr": 197.967, "width": 480, "acodec": "none", "downloader_options": {"http_chunk_size": 10485760}, "format": "135 - 480x480 (480p)", "protocol": "https", "http_headers": {"User-Agent": "Mozilla/5.0 (Windows NT 10.0; Win64; x64) AppleWebKit/537.36 (KHTML, like Gecko) Chrome/72.0.3602.1 Safari/537.36", "Accept-Charset": "ISO-8859-1,utf-8;q=0.7,*;q=0.7", "Accept": "text/html,application/xhtml+xml,application/xml;q=0.9,*/*;q=0.8", "Accept-Encoding": "gzip, deflate", "Accept-Language": "en-us,en;q=0.5"}}, {"format_id": "247", "url": "https://r5---sn-5njj-u2xe.googlevideo.com/videoplayback?expire=1609941083&ei=-2v1X8DBA5Wi4QK8oKCgDA&ip=140.109.134.180&id=o-AKyURISUlkq64sJSnSfWrcyfYvt5x_ACrFEg1lHphYHO&itag=247&aitags=133%2C134%2C135%2C136%2C137%2C160%2C242%2C243%2C244%2C247%2C248%2C278&source=youtube&requiressl=yes&mh=X5&mm=31%2C29&mn=sn-5njj-u2xe%2Csn-un57en7s&ms=au%2Crdu&mv=m&mvi=5&pl=16&gcr=tw&initcwndbps=350000&vprv=1&mime=video%2Fwebm&ns=hmO_fNe7SnhIiMiYipKHss8F&gir=yes&clen=4068564&dur=150.960&lmt=1608366183273766&mt=1609919103&fvip=5&keepalive=yes&c=WEB&txp=2316222&n=Z_s1lfkpoRfCJi49&sparams=expire%2Cei%2Cip%2Cid%2Caitags%2Csource%2Crequiressl%2Cgcr%2Cvprv%2Cmime%2Cns%2Cgir%2Cclen%2Cdur%2Clmt&lsparams=mh%2Cmm%2Cmn%2Cms%2Cmv%2Cmvi%2Cpl%2Cinitcwndbps&lsig=AG3C_xAwRQIhAJhyPk2DXqI9ktbgwUFqkpRMoYq2yr5_28w15d8Yz_1cAiAz2fCFiINru0JBhgSwJxcxWkgx4T7nrJ6qK00pm5QgMA%3D%3D&sig=AOq0QJ8wRgIhAJAFjHkb51fwgkJRd7-IAOIxI2ULiofXB00GbLJO457xAiEA6wEgplWBF1XFhqrhS5Q2tTa2zVY2ub3vnTDp_ezLIpU=&ratebypass=yes", "player_url": "/s/player/5dd3f3b2/player_ias.vflset/en_US/base.js", "ext": "webm", "height": 720, "format_note": "720p", "vcodec": "vp9", "asr": null, "filesize": 4068564, "fps": 25, "tbr": 406.741, "width": 720, "acodec": "none", "downloader_options": {"http_chunk_size": 10485760}, "format": "247 - 720x720 (720p)", "protocol": "https", "http_headers": {"User-Agent": "Mozilla/5.0 (Windows NT 10.0; Win64; x64) AppleWebKit/537.36 (KHTML, like Gecko) Chrome/72.0.3602.1 Safari/537.36", "Accept-Charset": "ISO-8859-1,utf-8;q=0.7,*;q=0.7", "Accept": "text/html,application/xhtml+xml,application/xml;q=0.9,*/*;q=0.8", "Accept-Encoding": "gzip, deflate", "Accept-Language": "en-us,en;q=0.5"}}, {"format_id": "136", "url": "https://r5---sn-5njj-u2xe.googlevideo.com/videoplayback?expire=1609941083&ei=-2v1X8DBA5Wi4QK8oKCgDA&ip=140.109.134.180&id=o-AKyURISUlkq64sJSnSfWrcyfYvt5x_ACrFEg1lHphYHO&itag=136&aitags=133%2C134%2C135%2C136%2C137%2C160%2C242%2C243%2C244%2C247%2C248%2C278&source=youtube&requiressl=yes&mh=X5&mm=31%2C29&mn=sn-5njj-u2xe%2Csn-un57en7s&ms=au%2Crdu&mv=m&mvi=5&pl=16&gcr=tw&initcwndbps=350000&vprv=1&mime=video%2Fmp4&ns=hmO_fNe7SnhIiMiYipKHss8F&gir=yes&clen=5320436&dur=150.960&lmt=1608366186660346&mt=1609919103&fvip=5&keepalive=yes&c=WEB&txp=2316222&n=Z_s1lfkpoRfCJi49&sparams=expire%2Cei%2Cip%2Cid%2Caitags%2Csource%2Crequiressl%2Cgcr%2Cvprv%2Cmime%2Cns%2Cgir%2Cclen%2Cdur%2Clmt&lsparams=mh%2Cmm%2Cmn%2Cms%2Cmv%2Cmvi%2Cpl%2Cinitcwndbps&lsig=AG3C_xAwRgIhALqOeQrh2do2dkC67AfPbsdGvi88XP7AGEVOzVeIEzk5AiEAjvNmZENaITFOup8LtydZ-WKMz_U1UGlSg-4YwE749ws%3D&sig=AOq0QJ8wRAIgH9VbxlJzBPktu0yJMb1JWSHzdq2iAMyX4Nl4zWbPcJgCIBlQm8a12N-rOZptsRaQLPWSPNv_tLaR6Cxo_IbrGGB8&ratebypass=yes", "player_url": "/s/player/5dd3f3b2/player_ias.vflset/en_US/base.js", "ext": "mp4", "height": 720, "format_note": "720p", "vcodec": "avc1.64001f", "asr": null, "filesize": 5320436, "fps": 25, "tbr": 498.448, "width": 720, "acodec": "none", "downloader_options": {"http_chunk_size": 10485760}, "format": "136 - 720x720 (720p)", "protocol": "https", "http_headers": {"User-Agent": "Mozilla/5.0 (Windows NT 10.0; Win64; x64) AppleWebKit/537.36 (KHTML, like Gecko) Chrome/72.0.3602.1 Safari/537.36", "Accept-Charset": "ISO-8859-1,utf-8;q=0.7,*;q=0.7", "Accept": "text/html,application/xhtml+xml,application/xml;q=0.9,*/*;q=0.8", "Accept-Encoding": "gzip, deflate", "Accept-Language": "en-us,en;q=0.5"}}, {"format_id": "137", "url": "https://r5---sn-5njj-u2xe.googlevideo.com/videoplayback?expire=1609941083&ei=-2v1X8DBA5Wi4QK8oKCgDA&ip=140.109.134.180&id=o-AKyURISUlkq64sJSnSfWrcyfYvt5x_ACrFEg1lHphYHO&itag=137&aitags=133%2C134%2C135%2C136%2C137%2C160%2C242%2C243%2C244%2C247%2C248%2C278&source=youtube&requiressl=yes&mh=X5&mm=31%2C29&mn=sn-5njj-u2xe%2Csn-un57en7s&ms=au%2Crdu&mv=m&mvi=5&pl=16&gcr=tw&initcwndbps=350000&vprv=1&mime=video%2Fmp4&ns=hmO_fNe7SnhIiMiYipKHss8F&gir=yes&clen=11662795&dur=150.960&lmt=1608366186659534&mt=1609919103&fvip=5&keepalive=yes&c=WEB&txp=2316222&n=Z_s1lfkpoRfCJi49&sparams=expire%2Cei%2Cip%2Cid%2Caitags%2Csource%2Crequiressl%2Cgcr%2Cvprv%2Cmime%2Cns%2Cgir%2Cclen%2Cdur%2Clmt&lsparams=mh%2Cmm%2Cmn%2Cms%2Cmv%2Cmvi%2Cpl%2Cinitcwndbps&lsig=AG3C_xAwRAIgeQzO3o-PA79M7EZ4b54G0UItCo9vdcbqc5Sw-1ch8tACICfbAnOkXLbUtTv1ioDdeRXmoc60yOSO-XD6GSvUpwu0&sig=AOq0QJ8wRQIgL38cx3G2L6Vbr-7hfkvdEvx2oEJTvzQbBFjVq4XPuUMCIQDjVn-cFt6dFnQ1CELKbanGEnrXQ9r1E7YSdEUMggPzgg==&ratebypass=yes", "player_url": "/s/player/5dd3f3b2/player_ias.vflset/en_US/base.js", "ext": "mp4", "height": 1080, "format_note": "1080p", "vcodec": "avc1.640020", "asr": null, "filesize": 11662795, "fps": 25, "tbr": 991.351, "width": 1080, "acodec": "none", "downloader_options": {"http_chunk_size": 10485760}, "format": "137 - 1080x1080 (1080p)", "protocol": "https", "http_headers": {"User-Agent": "Mozilla/5.0 (Windows NT 10.0; Win64; x64) AppleWebKit/537.36 (KHTML, like Gecko) Chrome/72.0.3602.1 Safari/537.36", "Accept-Charset": "ISO-8859-1,utf-8;q=0.7,*;q=0.7", "Accept": "text/html,application/xhtml+xml,application/xml;q=0.9,*/*;q=0.8", "Accept-Encoding": "gzip, deflate", "Accept-Language": "en-us,en;q=0.5"}}, {"format_id": "248", "url": "https://r5---sn-5njj-u2xe.googlevideo.com/videoplayback?expire=1609941083&ei=-2v1X8DBA5Wi4QK8oKCgDA&ip=140.109.134.180&id=o-AKyURISUlkq64sJSnSfWrcyfYvt5x_ACrFEg1lHphYHO&itag=248&aitags=133%2C134%2C135%2C136%2C137%2C160%2C242%2C243%2C244%2C247%2C248%2C278&source=youtube&requiressl=yes&mh=X5&mm=31%2C29&mn=sn-5njj-u2xe%2Csn-un57en7s&ms=au%2Crdu&mv=m&mvi=5&pl=16&gcr=tw&initcwndbps=350000&vprv=1&mime=video%2Fwebm&ns=hmO_fNe7SnhIiMiYipKHss8F&gir=yes&clen=10545061&dur=150.960&lmt=1608366183259904&mt=1609919103&fvip=5&keepalive=yes&c=WEB&txp=2316222&n=Z_s1lfkpoRfCJi49&sparams=expire%2Cei%2Cip%2Cid%2Caitags%2Csource%2Crequiressl%2Cgcr%2Cvprv%2Cmime%2Cns%2Cgir%2Cclen%2Cdur%2Clmt&lsparams=mh%2Cmm%2Cmn%2Cms%2Cmv%2Cmvi%2Cpl%2Cinitcwndbps&lsig=AG3C_xAwRQIhAIHggKFapCn_F7rpmjBySx1c_aJ_hG93YYyRZoytFSEGAiBXcKlJyV3M2_aauwsT-JBISZwbf4RMfC_MrgUxAPCNJg%3D%3D&sig=AOq0QJ8wRQIgHRZjLvdA5IMgqxtvNLrl8kOlq50phQ1qKr-A9BSKjt4CIQDSOUbNb1WpJhVFyRd6vfT6RDgJ1u1s_9QptpFzdWYb5w==&ratebypass=yes", "player_url": "/s/player/5dd3f3b2/player_ias.vflset/en_US/base.js", "ext": "webm", "height": 1080, "format_note": "1080p", "vcodec": "vp9", "asr": null, "filesize": 10545061, "fps": 25, "tbr": 1122.245, "width": 1080, "acodec": "none", "downloader_options": {"http_chunk_size": 10485760}, "format": "248 - 1080x1080 (1080p)", "protocol": "https", "http_headers": {"User-Agent": "Mozilla/5.0 (Windows NT 10.0; Win64; x64) AppleWebKit/537.36 (KHTML, like Gecko) Chrome/72.0.3602.1 Safari/537.36", "Accept-Charset": "ISO-8859-1,utf-8;q=0.7,*;q=0.7", "Accept": "text/html,application/xhtml+xml,application/xml;q=0.9,*/*;q=0.8", "Accept-Encoding": "gzip, deflate", "Accept-Language": "en-us,en;q=0.5"}}, {"format_id": "18", "url": "https://r5---sn-5njj-u2xe.googlevideo.com/videoplayback?expire=1609941083&ei=-2v1X8DBA5Wi4QK8oKCgDA&ip=140.109.134.180&id=o-AKyURISUlkq64sJSnSfWrcyfYvt5x_ACrFEg1lHphYHO&itag=18&source=youtube&requiressl=yes&mh=X5&mm=31%2C29&mn=sn-5njj-u2xe%2Csn-un57en7s&ms=au%2Crdu&mv=m&mvi=5&pl=16&gcr=tw&initcwndbps=350000&vprv=1&mime=video%2Fmp4&ns=HZQ3lwJ1_oGtE0rJWRJGBkkF&gir=yes&clen=2656603&ratebypass=yes&dur=151.022&lmt=1608366176448541&mt=1609919103&fvip=5&c=WEB&txp=2310222&n=8lvxooWsjWoO_rCC&sparams=expire%2Cei%2Cip%2Cid%2Citag%2Csource%2Crequiressl%2Cgcr%2Cvprv%2Cmime%2Cns%2Cgir%2Cclen%2Cratebypass%2Cdur%2Clmt&lsparams=mh%2Cmm%2Cmn%2Cms%2Cmv%2Cmvi%2Cpl%2Cinitcwndbps&lsig=AG3C_xAwRQIhAMLdje1WwBcY1NY951NVvgWtv_51dp_X90uL1G5zb0eqAiAndQB_A4jkPMQ1PRNizp6c3YN3J2M-v4Kr1K2npxTZQg%3D%3D&sig=AOq0QJ8wRQIhAIWP8jC-9ADHFHBHPcRO8OGaOcBf7xGF4xnD_G0pq6ilAiB7mGDro7h0fU7vP10El3R6Hio41XsIdTxPprb3W0j65Q==", "player_url": "/s/player/5dd3f3b2/player_ias.vflset/en_US/base.js", "ext": "mp4", "width": 360, "height": 360, "acodec": "mp4a.40.2", "abr": 96, "vcodec": "avc1.42001E", "asr": 44100, "filesize": 2656603, "format_note": "360p", "fps": 25, "tbr": 140.784, "format": "18 - 360x360 (360p)", "protocol": "https", "http_headers": {"User-Agent": "Mozilla/5.0 (Windows NT 10.0; Win64; x64) AppleWebKit/537.36 (KHTML, like Gecko) Chrome/72.0.3602.1 Safari/537.36", "Accept-Charset": "ISO-8859-1,utf-8;q=0.7,*;q=0.7", "Accept": "text/html,application/xhtml+xml,application/xml;q=0.9,*/*;q=0.8", "Accept-Encoding": "gzip, deflate", "Accept-Language": "en-us,en;q=0.5"}}], "is_live": null, "start_time": null, "end_time": null, "series": null, "season_number": null, "episode_number": null, "track": "Shy Paws", "artist": "Gjermund", "album": "Shy Paws", "release_date": "20170101", "release_year": 2017, "extractor": "youtube", "webpage_url_basename": "watch", "extractor_key": "Youtube", "playlist": null, "playlist_index": null, "thumbnail": "https://i.ytimg.com/vi_webp/v3Nl5rUxLqE/maxresdefault.webp", "display_id": "v3Nl5rUxLqE", "requested_subtitles": null, "format_id": "251", "url": "https://r5---sn-5njj-u2xe.googlevideo.com/videoplayback?expire=1609941083&ei=-2v1X8DBA5Wi4QK8oKCgDA&ip=140.109.134.180&id=o-AKyURISUlkq64sJSnSfWrcyfYvt5x_ACrFEg1lHphYHO&itag=251&source=youtube&requiressl=yes&mh=X5&mm=31%2C29&mn=sn-5njj-u2xe%2Csn-un57en7s&ms=au%2Crdu&mv=m&mvi=5&pl=16&gcr=tw&initcwndbps=350000&vprv=1&mime=audio%2Fwebm&ns=hmO_fNe7SnhIiMiYipKHss8F&gir=yes&clen=2600827&dur=150.981&lmt=1608366176853336&mt=1609919103&fvip=5&keepalive=yes&c=WEB&txp=2311222&n=Z_s1lfkpoRfCJi49&sparams=expire%2Cei%2Cip%2Cid%2Citag%2Csource%2Crequiressl%2Cgcr%2Cvprv%2Cmime%2Cns%2Cgir%2Cclen%2Cdur%2Clmt&lsparams=mh%2Cmm%2Cmn%2Cms%2Cmv%2Cmvi%2Cpl%2Cinitcwndbps&lsig=AG3C_xAwRQIgFqahYt6yY5u84FmPsIraXq0z69aNLPZ9gw_olNQB_TICIQDVZfFEzniMpHJAn0WfKXY9uL86iYav77Jqu1WQo8T3MQ%3D%3D&sig=AOq0QJ8wRAIgC26tNoet5jDwvaFYz4pMKiKPXQb0iKh3WFNGoOtAr88CIEuz-X02YltAcevP9BAjzkJPLNNxWPUUk-u3KDuMK6mQ&ratebypass=yes", "player_url": "/s/player/5dd3f3b2/player_ias.vflset/en_US/base.js", "ext": "webm", "format_note": "tiny", "acodec": "opus", "abr": 160, "asr": 48000, "filesize": 2600827, "fps": null, "height": null, "tbr": 148.044, "width": null, "vcodec": "none", "downloader_options": {"http_chunk_size": 10485760}, "format": "251 - audio only (tiny)", "protocol": "https", "http_headers": {"User-Agent": "Mozilla/5.0 (Windows NT 10.0; Win64; x64) AppleWebKit/537.36 (KHTML, like Gecko) Chrome/72.0.3602.1 Safari/537.36", "Accept-Charset": "ISO-8859-1,utf-8;q=0.7,*;q=0.7", "Accept": "text/html,application/xhtml+xml,application/xml;q=0.9,*/*;q=0.8", "Accept-Encoding": "gzip, deflate", "Accept-Language": "en-us,en;q=0.5"}}