{"id": "Xlv4PPGrRRs", "uploader": "Anthony Bertoli - Topic", "uploader_id": "UC3ABD2_mfM60SkCM97DvIBA", "uploader_url": "http://www.youtube.com/channel/UC3ABD2_mfM60SkCM97DvIBA", "channel_id": "UC3ABD2_mfM60SkCM97DvIBA", "channel_url": "http://www.youtube.com/channel/UC3ABD2_mfM60SkCM97DvIBA", "upload_date": "20201128", "license": null, "creator": "Anthony Bertoli", "title": "Late Spring", "alt_title": "Late Spring", "thumbnails": [{"url": "https://i.ytimg.com/vi/Xlv4PPGrRRs/hqdefault.jpg?sqp=-oaymwEYCKgBEF5IVfKriqkDCwgBFQAAiEIYAXAB&rs=AOn4CLDsRAGHJwTq_Kn0LZF_D3tGJuqiXg", "width": 168, "height": 94, "resolution": "168x94", "id": "0"}, {"url": "https://i.ytimg.com/vi/Xlv4PPGrRRs/hqdefault.jpg?sqp=-oaymwEYCMQBEG5IVfKriqkDCwgBFQAAiEIYAXAB&rs=AOn4CLA7vK8rJVqzJXURn7ctKDpclfkn1A", "width": 196, "height": 110, "resolution": "196x110", "id": "1"}, {"url": "https://i.ytimg.com/vi/Xlv4PPGrRRs/hqdefault.jpg?sqp=-oaymwEZCPYBEIoBSFXyq4qpAwsIARUAAIhCGAFwAQ==&rs=AOn4CLCyPt252r_RDZDm2uaJ6VrzE7Mztw", "width": 246, "height": 138, "resolution": "246x138", "id": "2"}, {"url": "https://i.ytimg.com/vi/Xlv4PPGrRRs/hqdefault.jpg?sqp=-oaymwEZCNACELwBSFXyq4qpAwsIARUAAIhCGAFwAQ==&rs=AOn4CLCptumpCy3ZN4iiaSFCU2feQfAwEA", "width": 336, "height": 188, "resolution": "336x188", "id": "3"}, {"url": "https://i.ytimg.com/vi_webp/Xlv4PPGrRRs/maxresdefault.webp", "width": 1920, "height": 1080, "resolution": "1920x1080", "id": "4"}], "description": "Provided to YouTube by Anthony Bertoli\n\nLate Spring \u00b7 Anthony Bertoli\n\nLate Spring\n\n\u2117 2020 Anthony Bertoli\n\nReleased on: 2020-11-29\n\nMain  Artist: Anthony Bertoli\n\nAuto-generated by YouTube.", "categories": ["Music"], "tags": ["Anthony Bertoli", "Late Spring"], "subtitles": {}, "automatic_captions": {}, "duration": 180, "age_limit": 0, "annotations": null, "chapters": null, "webpage_url": "https://www.youtube.com/watch?v=Xlv4PPGrRRs", "view_count": 36, "like_count": null, "dislike_count": null, "average_rating": null, "formats": [{"format_id": "249", "url": "https://r3---sn-5njj-u2xe.googlevideo.com/videoplayback?expire=1609941087&ei=_2v1X4TwFcGylQTpi6q4DA&ip=140.109.134.180&id=o-AD7-NzpZNqcvSNlQIuB5sGWgvVVD_2g8aRfVMBjVpay4&itag=249&source=youtube&requiressl=yes&mh=4g&mm=31%2C29&mn=sn-5njj-u2xe%2Csn-un57en7s&ms=au%2Crdu&mv=m&mvi=3&pl=16&gcr=tw&initcwndbps=350000&vprv=1&mime=audio%2Fwebm&ns=cqzeWfNC4o4NfwQtSQORYvcF&gir=yes&clen=1242538&dur=180.481&lmt=1606588167566754&mt=1609919103&fvip=3&keepalive=yes&beids=23886212&c=WEB&txp=2311222&n=ygFWDb6RQARVtX7E&sparams=expire%2Cei%2Cip%2Cid%2Citag%2Csource%2Crequiressl%2Cgcr%2Cvprv%2Cmime%2Cns%2Cgir%2Cclen%2Cdur%2Clmt&lsparams=mh%2Cmm%2Cmn%2Cms%2Cmv%2Cmvi%2Cpl%2Cinitcwndbps&lsig=AG3C_xAwRQIgQ1tAPwNmi3NiC6u89R0n_N_S5rl-zEAihpBICgBz-CoCIQDJmE46fzZm4o23f6NvUqeH3ZpswYeoQ9BTGIENTK8g2Q%3D%3D&sig=AOq0QJ8wRQIgce0ScnUeUvtuYiAoJ422b0jpoVpkyGRsO1ehUQQpcYQCIQDM4wY5lpsE_twmr0FJV7POv1mXZpL096kvQOR0peIpzg==&ratebypass=yes", "player_url": "/s/player/5dd3f3b2/player_ias.vflset/en_US/base.js", "ext": "webm", "format_note": "tiny", "acodec": "opus", "abr": 50, "asr": 48000, "filesize": 1242538, "fps": null, "height": null, "tbr": 59.0, "width": null, "vcodec": "none", "downloader_options": {"http_chunk_size": 10485760}, "format": "249 - audio only (tiny)", "protocol": "https", "http_headers": {"User-Agent": "Mozilla/5.0 (Windows NT 10.0; Win64; x64) AppleWebKit/537.36 (KHTML, like Gecko) Chrome/72.0.3602.1 Safari/537.36", "Accept-Charset": "ISO-8859-1,utf-8;q=0.7,*;q=0.7", "Accept": "text/html,application/xhtml+xml,application/xml;q=0.9,*/*;q=0.8", "Accept-Encoding": "gzip, deflate", "Accept-Language": "en-us,en;q=0.5"}}, {"format_id": "250", "url": "https://r3---sn-5njj-u2xe.googlevideo.com/videoplayback?expire=1609941087&ei=_2v1X4TwFcGylQTpi6q4DA&ip=140.109.134.180&id=o-AD7-NzpZNqcvSNlQIuB5sGWgvVVD_2g8aRfVMBjVpay4&itag=250&source=youtube&requiressl=yes&mh=4g&mm=31%2C29&mn=sn-5njj-u2xe%2Csn-un57en7s&ms=au%2Crdu&mv=m&mvi=3&pl=16&gcr=tw&initcwndbps=350000&vprv=1&mime=audio%2Fwebm&ns=cqzeWfNC4o4NfwQtSQORYvcF&gir=yes&clen=1642209&dur=180.481&lmt=1606588168070792&mt=1609919103&fvip=3&keepalive=yes&beids=23886212&c=WEB&txp=2311222&n=ygFWDb6RQARVtX7E&sparams=expire%2Cei%2Cip%2Cid%2Citag%2Csource%2Crequiressl%2Cgcr%2Cvprv%2Cmime%2Cns%2Cgir%2Cclen%2Cdur%2Clmt&lsparams=mh%2Cmm%2Cmn%2Cms%2Cmv%2Cmvi%2Cpl%2Cinitcwndbps&lsig=AG3C_xAwRQIhAOzlEoNlMdgTyQMgwgAEG0_plnN4fENrMY-tyrGussNKAiAbafsU9_P5RCw_-Gs1itEQxByM1wVD-Awy9Oaw2G2HWg%3D%3D&sig=AOq0QJ8wRQIgcexjGTYI12qaIx69tK-fib_d8aTu5_aWmHCTSCIsFFMCIQDNMkZwh_MI_e-kSmUYe5-Uclg8P-BVQzA8RJ2w7diqdQ==&ratebypass=yes", "player_url": "/s/player/5dd3f3b2/player_ias.vflset/en_US/base.js", "ext": "webm", "format_note": "tiny", "acodec": "opus", "abr": 70, "asr": 48000, "filesize": 1642209, "fps": null, "height": null, "tbr": 77.524, "width": null, "vcodec": "none", "downloader_options": {"http_chunk_size": 10485760}, "format": "250 - audio only (tiny)", "protocol": "https", "http_headers": {"User-Agent": "Mozilla/5.0 (Windows NT 10.0; Win64; x64) AppleWebKit/537.36 (KHTML, like Gecko) Chrome/72.0.3602.1 Safari/537.36", "Accept-Charset": "ISO-8859-1,utf-8;q=0.7,*;q=0.7", "Accept": "text/html,application/xhtml+xml,application/xml;q=0.9,*/*;q=0.8", "Accept-Encoding": "gzip, deflate", "Accept-Language": "en-us,en;q=0.5"}}, {"format_id": "140", "url": "https://r3---sn-5njj-u2xe.googlevideo.com/videoplayback?expire=1609941087&ei=_2v1X4TwFcGylQTpi6q4DA&ip=140.109.134.180&id=o-AD7-NzpZNqcvSNlQIuB5sGWgvVVD_2g8aRfVMBjVpay4&itag=140&source=youtube&requiressl=yes&mh=4g&mm=31%2C29&mn=sn-5njj-u2xe%2Csn-un57en7s&ms=au%2Crdu&mv=m&mvi=3&pl=16&gcr=tw&initcwndbps=350000&vprv=1&mime=audio%2Fmp4&ns=cqzeWfNC4o4NfwQtSQORYvcF&gir=yes&clen=2922593&dur=180.460&lmt=1606588176787828&mt=1609919103&fvip=3&keepalive=yes&beids=23886212&c=WEB&txp=2311222&n=ygFWDb6RQARVtX7E&sparams=expire%2Cei%2Cip%2Cid%2Citag%2Csource%2Crequiressl%2Cgcr%2Cvprv%2Cmime%2Cns%2Cgir%2Cclen%2Cdur%2Clmt&lsparams=mh%2Cmm%2Cmn%2Cms%2Cmv%2Cmvi%2Cpl%2Cinitcwndbps&lsig=AG3C_xAwRAIgBMb2ni81Vwsfydq5TTa-pdpi1VCp9s0Jw3Eo4CUB4W8CICVUDeR_KL1ZRMRshrxOROftC4mjFw9pW5cOxbUMoodW&sig=AOq0QJ8wRgIhANBOMIOCvqTXcFyXezEVW-aCGbAu1j3IfYZ8n8oZ3aPqAiEA9HDmTTjC37y7a4bHYvcb8joiJCU1XR0aRgJiMri6bqM=&ratebypass=yes", "player_url": "/s/player/5dd3f3b2/player_ias.vflset/en_US/base.js", "ext": "m4a", "format_note": "tiny", "acodec": "mp4a.40.2", "abr": 128, "container": "m4a_dash", "asr": 44100, "filesize": 2922593, "fps": null, "height": null, "tbr": 133.974, "width": null, "vcodec": "none", "downloader_options": {"http_chunk_size": 10485760}, "format": "140 - audio only (tiny)", "protocol": "https", "http_headers": {"User-Agent": "Mozilla/5.0 (Windows NT 10.0; Win64; x64) AppleWebKit/537.36 (KHTML, like Gecko) Chrome/72.0.3602.1 Safari/537.36", "Accept-Charset": "ISO-8859-1,utf-8;q=0.7,*;q=0.7", "Accept": "text/html,application/xhtml+xml,application/xml;q=0.9,*/*;q=0.8", "Accept-Encoding": "gzip, deflate", "Accept-Language": "en-us,en;q=0.5"}}, {"format_id": "251", "url": "https://r3---sn-5njj-u2xe.googlevideo.com/videoplayback?expire=1609941087&ei=_2v1X4TwFcGylQTpi6q4DA&ip=140.109.134.180&id=o-AD7-NzpZNqcvSNlQIuB5sGWgvVVD_2g8aRfVMBjVpay4&itag=251&source=youtube&requiressl=yes&mh=4g&mm=31%2C29&mn=sn-5njj-u2xe%2Csn-un57en7s&ms=au%2Crdu&mv=m&mvi=3&pl=16&gcr=tw&initcwndbps=350000&vprv=1&mime=audio%2Fwebm&ns=cqzeWfNC4o4NfwQtSQORYvcF&gir=yes&clen=3236071&dur=180.481&lmt=1606588168389935&mt=1609919103&fvip=3&keepalive=yes&beids=23886212&c=WEB&txp=2311222&n=ygFWDb6RQARVtX7E&sparams=expire%2Cei%2Cip%2Cid%2Citag%2Csource%2Crequiressl%2Cgcr%2Cvprv%2Cmime%2Cns%2Cgir%2Cclen%2Cdur%2Clmt&lsparams=mh%2Cmm%2Cmn%2Cms%2Cmv%2Cmvi%2Cpl%2Cinitcwndbps&lsig=AG3C_xAwRgIhAJadgOD8MasmPhkIun9qWvMyEx0BUPuV1zLAEJ7iUHX8AiEApL48p_B0jT-BBmFyfkaddFCdxHKKZA6HTzq5Ntccypo%3D&sig=AOq0QJ8wRgIhANWCZ1uhAYjdm__n3rvwA7QYu3j1TSVL9YshXPNB25xQAiEA8jQrV-43G50dBnOHUmQXSKkg0GkslwVdd88-g0wicmo=&ratebypass=yes", "player_url": "/s/player/5dd3f3b2/player_ias.vflset/en_US/base.js", "ext": "webm", "format_note": "tiny", "acodec": "opus", "abr": 160, "asr": 48000, "filesize": 3236071, "fps": null, "height": null, "tbr": 150.514, "width": null, "vcodec": "none", "downloader_options": {"http_chunk_size": 10485760}, "format": "251 - audio only (tiny)", "protocol": "https", "http_headers": {"User-Agent": "Mozilla/5.0 (Windows NT 10.0; Win64; x64) AppleWebKit/537.36 (KHTML, like Gecko) Chrome/72.0.3602.1 Safari/537.36", "Accept-Charset": "ISO-8859-1,utf-8;q=0.7,*;q=0.7", "Accept": "text/html,application/xhtml+xml,application/xml;q=0.9,*/*;q=0.8", "Accept-Encoding": "gzip, deflate", "Accept-Language": "en-us,en;q=0.5"}}, {"format_id": "242", "url": "https://r3---sn-5njj-u2xe.googlevideo.com/videoplayback?expire=1609941087&ei=_2v1X4TwFcGylQTpi6q4DA&ip=140.109.134.180&id=o-AD7-NzpZNqcvSNlQIuB5sGWgvVVD_2g8aRfVMBjVpay4&itag=242&aitags=133%2C134%2C135%2C136%2C137%2C160%2C242%2C243%2C244%2C247%2C248%2C278&source=youtube&requiressl=yes&mh=4g&mm=31%2C29&mn=sn-5njj-u2xe%2Csn-un57en7s&ms=au%2Crdu&mv=m&mvi=3&pl=16&gcr=tw&initcwndbps=350000&vprv=1&mime=video%2Fwebm&ns=cqzeWfNC4o4NfwQtSQORYvcF&gir=yes&clen=302164&dur=180.440&lmt=1606588177288688&mt=1609919103&fvip=3&keepalive=yes&beids=23886212&c=WEB&txp=2316222&n=ygFWDb6RQARVtX7E&sparams=expire%2Cei%2Cip%2Cid%2Caitags%2Csource%2Crequiressl%2Cgcr%2Cvprv%2Cmime%2Cns%2Cgir%2Cclen%2Cdur%2Clmt&lsparams=mh%2Cmm%2Cmn%2Cms%2Cmv%2Cmvi%2Cpl%2Cinitcwndbps&lsig=AG3C_xAwRQIhAM09X69SdO4rKO-L5-yo_w_SEJ2XR5K3AAb_LqGyTu9EAiBHTsNc1EUUMORSrg3b_gZLfGwzd8TCiH6_tiUFWLT6xA%3D%3D&sig=AOq0QJ8wRgIhANch40LqpzV5mmvhj4lhZWXHBnDnvqofyRV11ZzwawT5AiEAyMdJ52NcOosey6mBJ0S7qB5KxX2iwpzA_LRoScVExsc=&ratebypass=yes", "player_url": "/s/player/5dd3f3b2/player_ias.vflset/en_US/base.js", "ext": "webm", "height": 240, "format_note": "240p", "vcodec": "vp9", "asr": null, "filesize": 302164, "fps": 25, "tbr": 23.806, "width": 240, "acodec": "none", "downloader_options": {"http_chunk_size": 10485760}, "format": "242 - 240x240 (240p)", "protocol": "https", "http_headers": {"User-Agent": "Mozilla/5.0 (Windows NT 10.0; Win64; x64) AppleWebKit/537.36 (KHTML, like Gecko) Chrome/72.0.3602.1 Safari/537.36", "Accept-Charset": "ISO-8859-1,utf-8;q=0.7,*;q=0.7", "Accept": "text/html,application/xhtml+xml,application/xml;q=0.9,*/*;q=0.8", "Accept-Encoding": "gzip, deflate", "Accept-Language": "en-us,en;q=0.5"}}, {"format_id": "278", "url": "https://r3---sn-5njj-u2xe.googlevideo.com/videoplayback?expire=1609941087&ei=_2v1X4TwFcGylQTpi6q4DA&ip=140.109.134.180&id=o-AD7-NzpZNqcvSNlQIuB5sGWgvVVD_2g8aRfVMBjVpay4&itag=278&aitags=133%2C134%2C135%2C136%2C137%2C160%2C242%2C243%2C244%2C247%2C248%2C278&source=youtube&requiressl=yes&mh=4g&mm=31%2C29&mn=sn-5njj-u2xe%2Csn-un57en7s&ms=au%2Crdu&mv=m&mvi=3&pl=16&gcr=tw&initcwndbps=350000&vprv=1&mime=video%2Fwebm&ns=cqzeWfNC4o4NfwQtSQORYvcF&gir=yes&clen=294124&dur=180.440&lmt=1606588177289746&mt=1609919103&fvip=3&keepalive=yes&beids=23886212&c=WEB&txp=2316222&n=ygFWDb6RQARVtX7E&sparams=expire%2Cei%2Cip%2Cid%2Caitags%2Csource%2Crequiressl%2Cgcr%2Cvprv%2Cmime%2Cns%2Cgir%2Cclen%2Cdur%2Clmt&lsparams=mh%2Cmm%2Cmn%2Cms%2Cmv%2Cmvi%2Cpl%2Cinitcwndbps&lsig=AG3C_xAwRAIgNq0Ytd-wIp3rn7pm49F6GdpHaEExRNK868AQy1uYTugCIAj9aZj-PH7MGKrioqVMXSOIJ5R-dQCIz0fHiRPlwjs2&sig=AOq0QJ8wRgIhAKNohFzQWWAmXLe3uW-u3yU5s1pSmPkANkEA5czqt0niAiEAz9vBOBwH-pLlmOE1uQ2OrsI8mjAVc-_8_4Yusu54jfM=&ratebypass=yes", "player_url": "/s/player/5dd3f3b2/player_ias.vflset/en_US/base.js", "ext": "webm", "height": 144, "format_note": "144p", "container": "webm", "vcodec": "vp9", "asr": null, "filesize": 294124, "fps": 25, "tbr": 26.58, "width": 144, "acodec": "none", "downloader_options": {"http_chunk_size": 10485760}, "format": "278 - 144x144 (144p)", "protocol": "https", "http_headers": {"User-Agent": "Mozilla/5.0 (Windows NT 10.0; Win64; x64) AppleWebKit/537.36 (KHTML, like Gecko) Chrome/72.0.3602.1 Safari/537.36", "Accept-Charset": "ISO-8859-1,utf-8;q=0.7,*;q=0.7", "Accept": "text/html,application/xhtml+xml,application/xml;q=0.9,*/*;q=0.8", "Accept-Encoding": "gzip, deflate", "Accept-Language": "en-us,en;q=0.5"}}, {"format_id": "160", "url": "https://r3---sn-5njj-u2xe.googlevideo.com/videoplayback?expire=1609941087&ei=_2v1X4TwFcGylQTpi6q4DA&ip=140.109.134.180&id=o-AD7-NzpZNqcvSNlQIuB5sGWgvVVD_2g8aRfVMBjVpay4&itag=160&aitags=133%2C134%2C135%2C136%2C137%2C160%2C242%2C243%2C244%2C247%2C248%2C278&source=youtube&requiressl=yes&mh=4g&mm=31%2C29&mn=sn-5njj-u2xe%2Csn-un57en7s&ms=au%2Crdu&mv=m&mvi=3&pl=16&gcr=tw&initcwndbps=350000&vprv=1&mime=video%2Fmp4&ns=cqzeWfNC4o4NfwQtSQORYvcF&gir=yes&clen=276787&dur=180.440&lmt=1606588174881914&mt=1609919103&fvip=3&keepalive=yes&beids=23886212&c=WEB&txp=2316222&n=ygFWDb6RQARVtX7E&sparams=expire%2Cei%2Cip%2Cid%2Caitags%2Csource%2Crequiressl%2Cgcr%2Cvprv%2Cmime%2Cns%2Cgir%2Cclen%2Cdur%2Clmt&lsparams=mh%2Cmm%2Cmn%2Cms%2Cmv%2Cmvi%2Cpl%2Cinitcwndbps&lsig=AG3C_xAwRAIgK7cPze3r_1gGgawlFbNGW1UTmsqCgZBPZit9AcemM5sCIGEU16a7IX3wWmaZluGjOwyqTgiIz3p1aEL1fbyolmi6&sig=AOq0QJ8wRAIgFLC3DVhEl6D_Dc7GjRnmChlMpIISUaAJPhcGup798YECIDjwADi4EZzkQR_3JanMsWbZkcZFmv7wMh3tL45CccfI&ratebypass=yes", "player_url": "/s/player/5dd3f3b2/player_ias.vflset/en_US/base.js", "ext": "mp4", "height": 144, "format_note": "144p", "vcodec": "avc1.4d400b", "asr": null, "filesize": 276787, "fps": 25, "tbr": 28.412, "width": 144, "acodec": "none", "downloader_options": {"http_chunk_size": 10485760}, "format": "160 - 144x144 (144p)", "protocol": "https", "http_headers": {"User-Agent": "Mozilla/5.0 (Windows NT 10.0; Win64; x64) AppleWebKit/537.36 (KHTML, like Gecko) Chrome/72.0.3602.1 Safari/537.36", "Accept-Charset": "ISO-8859-1,utf-8;q=0.7,*;q=0.7", "Accept": "text/html,application/xhtml+xml,application/xml;q=0.9,*/*;q=0.8", "Accept-Encoding": "gzip, deflate", "Accept-Language": "en-us,en;q=0.5"}}, {"format_id": "243", "url": "https://r3---sn-5njj-u2xe.googlevideo.com/videoplayback?expire=1609941087&ei=_2v1X4TwFcGylQTpi6q4DA&ip=140.109.134.180&id=o-AD7-NzpZNqcvSNlQIuB5sGWgvVVD_2g8aRfVMBjVpay4&itag=243&aitags=133%2C134%2C135%2C136%2C137%2C160%2C242%2C243%2C244%2C247%2C248%2C278&source=youtube&requiressl=yes&mh=4g&mm=31%2C29&mn=sn-5njj-u2xe%2Csn-un57en7s&ms=au%2Crdu&mv=m&mvi=3&pl=16&gcr=tw&initcwndbps=350000&vprv=1&mime=video%2Fwebm&ns=cqzeWfNC4o4NfwQtSQORYvcF&gir=yes&clen=343397&dur=180.440&lmt=1606588177290629&mt=1609919103&fvip=3&keepalive=yes&beids=23886212&c=WEB&txp=2316222&n=ygFWDb6RQARVtX7E&sparams=expire%2Cei%2Cip%2Cid%2Caitags%2Csource%2Crequiressl%2Cgcr%2Cvprv%2Cmime%2Cns%2Cgir%2Cclen%2Cdur%2Clmt&lsparams=mh%2Cmm%2Cmn%2Cms%2Cmv%2Cmvi%2Cpl%2Cinitcwndbps&lsig=AG3C_xAwRgIhAOKa-9Y7pr6mEt_FK0AO-9wxQ4AtESN0GBCaPs7Z_6wGAiEA5BDmaSoUiYPiE7cSCpc6HzzRwMmzG2GbiMv9AVTBAY8%3D&sig=AOq0QJ8wRgIhAPvAHVzZo19Qfpux317_ZT2BXyAKsJOqodcgnUAt8jdpAiEA6EahkhjR_OlLYP97gKZlehvQxRYcUpZ2J5m0XgCQo_c=&ratebypass=yes", "player_url": "/s/player/5dd3f3b2/player_ias.vflset/en_US/base.js", "ext": "webm", "height": 360, "format_note": "360p", "vcodec": "vp9", "asr": null, "filesize": 343397, "fps": 25, "tbr": 29.225, "width": 360, "acodec": "none", "downloader_options": {"http_chunk_size": 10485760}, "format": "243 - 360x360 (360p)", "protocol": "https", "http_headers": {"User-Agent": "Mozilla/5.0 (Windows NT 10.0; Win64; x64) AppleWebKit/537.36 (KHTML, like Gecko) Chrome/72.0.3602.1 Safari/537.36", "Accept-Charset": "ISO-8859-1,utf-8;q=0.7,*;q=0.7", "Accept": "text/html,application/xhtml+xml,application/xml;q=0.9,*/*;q=0.8", "Accept-Encoding": "gzip, deflate", "Accept-Language": "en-us,en;q=0.5"}}, {"format_id": "244", "url": "https://r3---sn-5njj-u2xe.googlevideo.com/videoplayback?expire=1609941087&ei=_2v1X4TwFcGylQTpi6q4DA&ip=140.109.134.180&id=o-AD7-NzpZNqcvSNlQIuB5sGWgvVVD_2g8aRfVMBjVpay4&itag=244&aitags=133%2C134%2C135%2C136%2C137%2C160%2C242%2C243%2C244%2C247%2C248%2C278&source=youtube&requiressl=yes&mh=4g&mm=31%2C29&mn=sn-5njj-u2xe%2Csn-un57en7s&ms=au%2Crdu&mv=m&mvi=3&pl=16&gcr=tw&initcwndbps=350000&vprv=1&mime=video%2Fwebm&ns=cqzeWfNC4o4NfwQtSQORYvcF&gir=yes&clen=327335&dur=180.440&lmt=1606588177291586&mt=1609919103&fvip=3&keepalive=yes&beids=23886212&c=WEB&txp=2316222&n=ygFWDb6RQARVtX7E&sparams=expire%2Cei%2Cip%2Cid%2Caitags%2Csource%2Crequiressl%2Cgcr%2Cvprv%2Cmime%2Cns%2Cgir%2Cclen%2Cdur%2Clmt&lsparams=mh%2Cmm%2Cmn%2Cms%2Cmv%2Cmvi%2Cpl%2Cinitcwndbps&lsig=AG3C_xAwRgIhAIXJ7O5tYkULAAMdAnuJZQ5BUF9rdt2BIbTtURZNZWQ9AiEAoVYY8DRKb5RfXkRQZ2x7WGSxTkUhZYJqL9q-JKIsO8o%3D&sig=AOq0QJ8wRQIhAPPePoHPyCnp8AYwp3DUYtw6Z96QMQ_1TtE9_oN_JI_sAiAUDGQyRSnT02gvg3FYznThVSrRsBbmg6m3cZO6B314Lg==&ratebypass=yes", "player_url": "/s/player/5dd3f3b2/player_ias.vflset/en_US/base.js", "ext": "webm", "height": 480, "format_note": "480p", "vcodec": "vp9", "asr": null, "filesize": 327335, "fps": 25, "tbr": 31.961, "width": 480, "acodec": "none", "downloader_options": {"http_chunk_size": 10485760}, "format": "244 - 480x480 (480p)", "protocol": "https", "http_headers": {"User-Agent": "Mozilla/5.0 (Windows NT 10.0; Win64; x64) AppleWebKit/537.36 (KHTML, like Gecko) Chrome/72.0.3602.1 Safari/537.36", "Accept-Charset": "ISO-8859-1,utf-8;q=0.7,*;q=0.7", "Accept": "text/html,application/xhtml+xml,application/xml;q=0.9,*/*;q=0.8", "Accept-Encoding": "gzip, deflate", "Accept-Language": "en-us,en;q=0.5"}}, {"format_id": "133", "url": "https://r3---sn-5njj-u2xe.googlevideo.com/videoplayback?expire=1609941087&ei=_2v1X4TwFcGylQTpi6q4DA&ip=140.109.134.180&id=o-AD7-NzpZNqcvSNlQIuB5sGWgvVVD_2g8aRfVMBjVpay4&itag=133&aitags=133%2C134%2C135%2C136%2C137%2C160%2C242%2C243%2C244%2C247%2C248%2C278&source=youtube&requiressl=yes&mh=4g&mm=31%2C29&mn=sn-5njj-u2xe%2Csn-un57en7s&ms=au%2Crdu&mv=m&mvi=3&pl=16&gcr=tw&initcwndbps=350000&vprv=1&mime=video%2Fmp4&ns=cqzeWfNC4o4NfwQtSQORYvcF&gir=yes&clen=420346&dur=180.440&lmt=1606588174944786&mt=1609919103&fvip=3&keepalive=yes&beids=23886212&c=WEB&txp=2316222&n=ygFWDb6RQARVtX7E&sparams=expire%2Cei%2Cip%2Cid%2Caitags%2Csource%2Crequiressl%2Cgcr%2Cvprv%2Cmime%2Cns%2Cgir%2Cclen%2Cdur%2Clmt&lsparams=mh%2Cmm%2Cmn%2Cms%2Cmv%2Cmvi%2Cpl%2Cinitcwndbps&lsig=AG3C_xAwRgIhAJrSueY-iSqYy8nlzWD3joFBmfEUeovLg6EuAGz-Y2GlAiEAtaS7o78Brom1Wc72kXlEsFmGFTj79LbwHOY6oGT9LkM%3D&sig=AOq0QJ8wRAIgQYoQWbWhMlv7zL4sjcpWTt6SYcNUX6dYFW2cBpAA4g8CIGvY10Q4t0wLNStyVerpd7EunLV88hlXe1A1Jhs9QBNu&ratebypass=yes", "player_url": "/s/player/5dd3f3b2/player_ias.vflset/en_US/base.js", "ext": "mp4", "height": 240, "format_note": "240p", "vcodec": "avc1.4d400c", "asr": null, "filesize": 420346, "fps": 25, "tbr": 48.212, "width": 240, "acodec": "none", "downloader_options": {"http_chunk_size": 10485760}, "format": "133 - 240x240 (240p)", "protocol": "https", "http_headers": {"User-Agent": "Mozilla/5.0 (Windows NT 10.0; Win64; x64) AppleWebKit/537.36 (KHTML, like Gecko) Chrome/72.0.3602.1 Safari/537.36", "Accept-Charset": "ISO-8859-1,utf-8;q=0.7,*;q=0.7", "Accept": "text/html,application/xhtml+xml,application/xml;q=0.9,*/*;q=0.8", "Accept-Encoding": "gzip, deflate", "Accept-Language": "en-us,en;q=0.5"}}, {"format_id": "247", "url": "https://r3---sn-5njj-u2xe.googlevideo.com/videoplayback?expire=1609941087&ei=_2v1X4TwFcGylQTpi6q4DA&ip=140.109.134.180&id=o-AD7-NzpZNqcvSNlQIuB5sGWgvVVD_2g8aRfVMBjVpay4&itag=247&aitags=133%2C134%2C135%2C136%2C137%2C160%2C242%2C243%2C244%2C247%2C248%2C278&source=youtube&requiressl=yes&mh=4g&mm=31%2C29&mn=sn-5njj-u2xe%2Csn-un57en7s&ms=au%2Crdu&mv=m&mvi=3&pl=16&gcr=tw&initcwndbps=350000&vprv=1&mime=video%2Fwebm&ns=cqzeWfNC4o4NfwQtSQORYvcF&gir=yes&clen=556194&dur=180.440&lmt=1606588177289820&mt=1609919103&fvip=3&keepalive=yes&beids=23886212&c=WEB&txp=2316222&n=ygFWDb6RQARVtX7E&sparams=expire%2Cei%2Cip%2Cid%2Caitags%2Csource%2Crequiressl%2Cgcr%2Cvprv%2Cmime%2Cns%2Cgir%2Cclen%2Cdur%2Clmt&lsparams=mh%2Cmm%2Cmn%2Cms%2Cmv%2Cmvi%2Cpl%2Cinitcwndbps&lsig=AG3C_xAwRQIhAKDynKGDSCxbJjrrFN9one5Li55GLBn5NUly3QCTkITfAiAZkD56vl3DHvA2iK_g9rabAfiyS1_VusXWP9IUxhpJtQ%3D%3D&sig=AOq0QJ8wRQIhAJPXLHEIRY_PMux4-1uhCfjAACdPo-x4gD2pyJvVVut7AiAV3Ep6qdHsvyuuQKAVmNdKCW56h7EJ_bO3-Z0lRRnFZQ==&ratebypass=yes", "player_url": "/s/player/5dd3f3b2/player_ias.vflset/en_US/base.js", "ext": "webm", "height": 720, "format_note": "720p", "vcodec": "vp9", "asr": null, "filesize": 556194, "fps": 25, "tbr": 59.0, "width": 720, "acodec": "none", "downloader_options": {"http_chunk_size": 10485760}, "format": "247 - 720x720 (720p)", "protocol": "https", "http_headers": {"User-Agent": "Mozilla/5.0 (Windows NT 10.0; Win64; x64) AppleWebKit/537.36 (KHTML, like Gecko) Chrome/72.0.3602.1 Safari/537.36", "Accept-Charset": "ISO-8859-1,utf-8;q=0.7,*;q=0.7", "Accept": "text/html,application/xhtml+xml,application/xml;q=0.9,*/*;q=0.8", "Accept-Encoding": "gzip, deflate", "Accept-Language": "en-us,en;q=0.5"}}, {"format_id": "134", "url": "https://r3---sn-5njj-u2xe.googlevideo.com/videoplayback?expire=1609941087&ei=_2v1X4TwFcGylQTpi6q4DA&ip=140.109.134.180&id=o-AD7-NzpZNqcvSNlQIuB5sGWgvVVD_2g8aRfVMBjVpay4&itag=134&aitags=133%2C134%2C135%2C136%2C137%2C160%2C242%2C243%2C244%2C247%2C248%2C278&source=youtube&requiressl=yes&mh=4g&mm=31%2C29&mn=sn-5njj-u2xe%2Csn-un57en7s&ms=au%2Crdu&mv=m&mvi=3&pl=16&gcr=tw&initcwndbps=350000&vprv=1&mime=video%2Fmp4&ns=cqzeWfNC4o4NfwQtSQORYvcF&gir=yes&clen=616572&dur=180.440&lmt=1606588174880792&mt=1609919103&fvip=3&keepalive=yes&beids=23886212&c=WEB&txp=2316222&n=ygFWDb6RQARVtX7E&sparams=expire%2Cei%2Cip%2Cid%2Caitags%2Csource%2Crequiressl%2Cgcr%2Cvprv%2Cmime%2Cns%2Cgir%2Cclen%2Cdur%2Clmt&lsparams=mh%2Cmm%2Cmn%2Cms%2Cmv%2Cmvi%2Cpl%2Cinitcwndbps&lsig=AG3C_xAwRQIhALN7pW0LXYO4PIotIUlyGmdSN5GZyAW9fGPVK8j9VmLXAiAn3OZYu43XSF-7ifFFX1l-W9iTXMjZ-dtU_omBA9qOXA%3D%3D&sig=AOq0QJ8wRgIhAK9obYUeFp_UkGrGcu1eh6Jk4mrS7AZ7fU_rmKBrxce3AiEAnHulHOXaN5Ccza-rOmnmSZzMwubr8EGIPUeSp6PFylw=&ratebypass=yes", "player_url": "/s/player/5dd3f3b2/player_ias.vflset/en_US/base.js", "ext": "mp4", "height": 360, "format_note": "360p", "vcodec": "avc1.4d4015", "asr": null, "filesize": 616572, "fps": 25, "tbr": 80.367, "width": 360, "acodec": "none", "downloader_options": {"http_chunk_size": 10485760}, "format": "134 - 360x360 (360p)", "protocol": "https", "http_headers": {"User-Agent": "Mozilla/5.0 (Windows NT 10.0; Win64; x64) AppleWebKit/537.36 (KHTML, like Gecko) Chrome/72.0.3602.1 Safari/537.36", "Accept-Charset": "ISO-8859-1,utf-8;q=0.7,*;q=0.7", "Accept": "text/html,application/xhtml+xml,application/xml;q=0.9,*/*;q=0.8", "Accept-Encoding": "gzip, deflate", "Accept-Language": "en-us,en;q=0.5"}}, {"format_id": "248", "url": "https://r3---sn-5njj-u2xe.googlevideo.com/videoplayback?expire=1609941087&ei=_2v1X4TwFcGylQTpi6q4DA&ip=140.109.134.180&id=o-AD7-NzpZNqcvSNlQIuB5sGWgvVVD_2g8aRfVMBjVpay4&itag=248&aitags=133%2C134%2C135%2C136%2C137%2C160%2C242%2C243%2C244%2C247%2C248%2C278&source=youtube&requiressl=yes&mh=4g&mm=31%2C29&mn=sn-5njj-u2xe%2Csn-un57en7s&ms=au%2Crdu&mv=m&mvi=3&pl=16&gcr=tw&initcwndbps=350000&vprv=1&mime=video%2Fwebm&ns=cqzeWfNC4o4NfwQtSQORYvcF&gir=yes&clen=1122955&dur=180.440&lmt=1606588177290145&mt=1609919103&fvip=3&keepalive=yes&beids=23886212&c=WEB&txp=2316222&n=ygFWDb6RQARVtX7E&sparams=expire%2Cei%2Cip%2Cid%2Caitags%2Csource%2Crequiressl%2Cgcr%2Cvprv%2Cmime%2Cns%2Cgir%2Cclen%2Cdur%2Clmt&lsparams=mh%2Cmm%2Cmn%2Cms%2Cmv%2Cmvi%2Cpl%2Cinitcwndbps&lsig=AG3C_xAwRgIhANPlnRdywZb0_0Lazg6tr3Qa0lF_4rKqXrWM8X9sH_nCAiEA0B8GRw-Z7xjBSLNWa9dleU1zXr3xaYOFAdm5GN7PHUQ%3D&sig=AOq0QJ8wRgIhAPjBOCClsPDms_9Jd9CMNC5vWkbHGlH-4_0tRaDoyF2zAiEA-IG5iHgdBr6kuVeyHnIh_DDZiSjPYjBve8LnZxxdNZc=&ratebypass=yes", "player_url": "/s/player/5dd3f3b2/player_ias.vflset/en_US/base.js", "ext": "webm", "height": 1080, "format_note": "1080p", "vcodec": "vp9", "asr": null, "filesize": 1122955, "fps": 25, "tbr": 110.509, "width": 1080, "acodec": "none", "downloader_options": {"http_chunk_size": 10485760}, "format": "248 - 1080x1080 (1080p)", "protocol": "https", "http_headers": {"User-Agent": "Mozilla/5.0 (Windows NT 10.0; Win64; x64) AppleWebKit/537.36 (KHTML, like Gecko) Chrome/72.0.3602.1 Safari/537.36", "Accept-Charset": "ISO-8859-1,utf-8;q=0.7,*;q=0.7", "Accept": "text/html,application/xhtml+xml,application/xml;q=0.9,*/*;q=0.8", "Accept-Encoding": "gzip, deflate", "Accept-Language": "en-us,en;q=0.5"}}, {"format_id": "135", "url": "https://r3---sn-5njj-u2xe.googlevideo.com/videoplayback?expire=1609941087&ei=_2v1X4TwFcGylQTpi6q4DA&ip=140.109.134.180&id=o-AD7-NzpZNqcvSNlQIuB5sGWgvVVD_2g8aRfVMBjVpay4&itag=135&aitags=133%2C134%2C135%2C136%2C137%2C160%2C242%2C243%2C244%2C247%2C248%2C278&source=youtube&requiressl=yes&mh=4g&mm=31%2C29&mn=sn-5njj-u2xe%2Csn-un57en7s&ms=au%2Crdu&mv=m&mvi=3&pl=16&gcr=tw&initcwndbps=350000&vprv=1&mime=video%2Fmp4&ns=cqzeWfNC4o4NfwQtSQORYvcF&gir=yes&clen=1072582&dur=180.440&lmt=1606588174881465&mt=1609919103&fvip=3&keepalive=yes&beids=23886212&c=WEB&txp=2316222&n=ygFWDb6RQARVtX7E&sparams=expire%2Cei%2Cip%2Cid%2Caitags%2Csource%2Crequiressl%2Cgcr%2Cvprv%2Cmime%2Cns%2Cgir%2Cclen%2Cdur%2Clmt&lsparams=mh%2Cmm%2Cmn%2Cms%2Cmv%2Cmvi%2Cpl%2Cinitcwndbps&lsig=AG3C_xAwRAIgZXLNxMWh5ICEsWCIFjHhDSEJsILfJ--91gTxXuDtvoMCIAs2WTxp_-3y8ZhSts4zJ4CDA4gHT4kue2fV5RDokrmr&sig=AOq0QJ8wRQIgd2jxTPLaWKxRazxPbYbw7yGtrHbXFabV-VytypB-SxkCIQDcHF3lOktnBxoXknIFGnfEMJijx7TybzkUSILTzGNpcg==&ratebypass=yes", "player_url": "/s/player/5dd3f3b2/player_ias.vflset/en_US/base.js", "ext": "mp4", "height": 480, "format_note": "480p", "vcodec": "avc1.4d401e", "asr": null, "filesize": 1072582, "fps": 25, "tbr": 135.438, "width": 480, "acodec": "none", "downloader_options": {"http_chunk_size": 10485760}, "format": "135 - 480x480 (480p)", "protocol": "https", "http_headers": {"User-Agent": "Mozilla/5.0 (Windows NT 10.0; Win64; x64) AppleWebKit/537.36 (KHTML, like Gecko) Chrome/72.0.3602.1 Safari/537.36", "Accept-Charset": "ISO-8859-1,utf-8;q=0.7,*;q=0.7", "Accept": "text/html,application/xhtml+xml,application/xml;q=0.9,*/*;q=0.8", "Accept-Encoding": "gzip, deflate", "Accept-Language": "en-us,en;q=0.5"}}, {"format_id": "136", "url": "https://r3---sn-5njj-u2xe.googlevideo.com/videoplayback?expire=1609941087&ei=_2v1X4TwFcGylQTpi6q4DA&ip=140.109.134.180&id=o-AD7-NzpZNqcvSNlQIuB5sGWgvVVD_2g8aRfVMBjVpay4&itag=136&aitags=133%2C134%2C135%2C136%2C137%2C160%2C242%2C243%2C244%2C247%2C248%2C278&source=youtube&requiressl=yes&mh=4g&mm=31%2C29&mn=sn-5njj-u2xe%2Csn-un57en7s&ms=au%2Crdu&mv=m&mvi=3&pl=16&gcr=tw&initcwndbps=350000&vprv=1&mime=video%2Fmp4&ns=cqzeWfNC4o4NfwQtSQORYvcF&gir=yes&clen=2637825&dur=180.440&lmt=1606588174880700&mt=1609919103&fvip=3&keepalive=yes&beids=23886212&c=WEB&txp=2316222&n=ygFWDb6RQARVtX7E&sparams=expire%2Cei%2Cip%2Cid%2Caitags%2Csource%2Crequiressl%2Cgcr%2Cvprv%2Cmime%2Cns%2Cgir%2Cclen%2Cdur%2Clmt&lsparams=mh%2Cmm%2Cmn%2Cms%2Cmv%2Cmvi%2Cpl%2Cinitcwndbps&lsig=AG3C_xAwRQIgHI14a9T-hDUWpZmyCktRPqxJWSBM9OsU3H9iXOyORd0CIQCC9H68J4ytmM8DlOVOEnstYSltVGYMfz8BWfFYEzUGCQ%3D%3D&sig=AOq0QJ8wRAIgCTyGnq2g1kffy-rVyc_rS3KzQi8AYiCA-51j4VDT_f0CIC2Rqu6RqE5J8O9ZXV3wr8TWx2xjdRmT7QGNW1EvbF0w&ratebypass=yes", "player_url": "/s/player/5dd3f3b2/player_ias.vflset/en_US/base.js", "ext": "mp4", "height": 720, "format_note": "720p", "vcodec": "avc1.64001f", "asr": null, "filesize": 2637825, "fps": 25, "tbr": 304.161, "width": 720, "acodec": "none", "downloader_options": {"http_chunk_size": 10485760}, "format": "136 - 720x720 (720p)", "protocol": "https", "http_headers": {"User-Agent": "Mozilla/5.0 (Windows NT 10.0; Win64; x64) AppleWebKit/537.36 (KHTML, like Gecko) Chrome/72.0.3602.1 Safari/537.36", "Accept-Charset": "ISO-8859-1,utf-8;q=0.7,*;q=0.7", "Accept": "text/html,application/xhtml+xml,application/xml;q=0.9,*/*;q=0.8", "Accept-Encoding": "gzip, deflate", "Accept-Language": "en-us,en;q=0.5"}}, {"format_id": "137", "url": "https://r3---sn-5njj-u2xe.googlevideo.com/videoplayback?expire=1609941087&ei=_2v1X4TwFcGylQTpi6q4DA&ip=140.109.134.180&id=o-AD7-NzpZNqcvSNlQIuB5sGWgvVVD_2g8aRfVMBjVpay4&itag=137&aitags=133%2C134%2C135%2C136%2C137%2C160%2C242%2C243%2C244%2C247%2C248%2C278&source=youtube&requiressl=yes&mh=4g&mm=31%2C29&mn=sn-5njj-u2xe%2Csn-un57en7s&ms=au%2Crdu&mv=m&mvi=3&pl=16&gcr=tw&initcwndbps=350000&vprv=1&mime=video%2Fmp4&ns=cqzeWfNC4o4NfwQtSQORYvcF&gir=yes&clen=6387769&dur=180.440&lmt=1606588174879575&mt=1609919103&fvip=3&keepalive=yes&beids=23886212&c=WEB&txp=2316222&n=ygFWDb6RQARVtX7E&sparams=expire%2Cei%2Cip%2Cid%2Caitags%2Csource%2Crequiressl%2Cgcr%2Cvprv%2Cmime%2Cns%2Cgir%2Cclen%2Cdur%2Clmt&lsparams=mh%2Cmm%2Cmn%2Cms%2Cmv%2Cmvi%2Cpl%2Cinitcwndbps&lsig=AG3C_xAwRQIgXMVev3h4v8RlcVbx2N4JIRJvth0IuVzgKamr1mg0qK8CIQDKo_Axkqn9uZLStCYGwGwpl-gn5ZuXrs0XLhvEBLRnEg%3D%3D&sig=AOq0QJ8wRQIhAIXl0WY7GqlG5U2RFn1KQwNrRNLDBFBv7MHu8WKJ6n9mAiAFajnVtY6BGfiJqot6dXHQSSJUsA5_6o2rHj8CVslTYg==&ratebypass=yes", "player_url": "/s/player/5dd3f3b2/player_ias.vflset/en_US/base.js", "ext": "mp4", "height": 1080, "format_note": "1080p", "vcodec": "avc1.640020", "asr": null, "filesize": 6387769, "fps": 25, "tbr": 521.658, "width": 1080, "acodec": "none", "downloader_options": {"http_chunk_size": 10485760}, "format": "137 - 1080x1080 (1080p)", "protocol": "https", "http_headers": {"User-Agent": "Mozilla/5.0 (Windows NT 10.0; Win64; x64) AppleWebKit/537.36 (KHTML, like Gecko) Chrome/72.0.3602.1 Safari/537.36", "Accept-Charset": "ISO-8859-1,utf-8;q=0.7,*;q=0.7", "Accept": "text/html,application/xhtml+xml,application/xml;q=0.9,*/*;q=0.8", "Accept-Encoding": "gzip, deflate", "Accept-Language": "en-us,en;q=0.5"}}, {"format_id": "18", "url": "https://r3---sn-5njj-u2xe.googlevideo.com/videoplayback?expire=1609941087&ei=_2v1X4TwFcGylQTpi6q4DA&ip=140.109.134.180&id=o-AD7-NzpZNqcvSNlQIuB5sGWgvVVD_2g8aRfVMBjVpay4&itag=18&source=youtube&requiressl=yes&mh=4g&mm=31%2C29&mn=sn-5njj-u2xe%2Csn-un57en7s&ms=au%2Crdu&mv=m&mvi=3&pl=16&gcr=tw&initcwndbps=350000&vprv=1&mime=video%2Fmp4&ns=wHkgjrqc94oAHizFc3GKLhEF&gir=yes&clen=2582336&ratebypass=yes&dur=180.511&lmt=1606588157257834&mt=1609919103&fvip=3&beids=23886212&c=WEB&txp=2310222&n=LYVv28zddPjyseKi&sparams=expire%2Cei%2Cip%2Cid%2Citag%2Csource%2Crequiressl%2Cgcr%2Cvprv%2Cmime%2Cns%2Cgir%2Cclen%2Cratebypass%2Cdur%2Clmt&lsparams=mh%2Cmm%2Cmn%2Cms%2Cmv%2Cmvi%2Cpl%2Cinitcwndbps&lsig=AG3C_xAwRgIhAP3TfxRXxewZnEf41o2zwpb8Xp9vI6mUkusNjub2yw5hAiEAjSplCn_cRdx3ak9bG0W29fyi5nbirUvBIh1yIknAZNc%3D&sig=AOq0QJ8wRAIgTMYLlx63cp8U4OZeScwEO3O0J8W96mikiJLaItrkS9oCIEl9fYY1H8h50jq7eE18pZU04GKb1rsktMuyYgNeWA4q", "player_url": "/s/player/5dd3f3b2/player_ias.vflset/en_US/base.js", "ext": "mp4", "width": 360, "height": 360, "acodec": "mp4a.40.2", "abr": 96, "vcodec": "avc1.42001E", "asr": 44100, "filesize": 2582336, "format_note": "360p", "fps": 25, "tbr": 114.49, "format": "18 - 360x360 (360p)", "protocol": "https", "http_headers": {"User-Agent": "Mozilla/5.0 (Windows NT 10.0; Win64; x64) AppleWebKit/537.36 (KHTML, like Gecko) Chrome/72.0.3602.1 Safari/537.36", "Accept-Charset": "ISO-8859-1,utf-8;q=0.7,*;q=0.7", "Accept": "text/html,application/xhtml+xml,application/xml;q=0.9,*/*;q=0.8", "Accept-Encoding": "gzip, deflate", "Accept-Language": "en-us,en;q=0.5"}}], "is_live": null, "start_time": null, "end_time": null, "series": null, "season_number": null, "episode_number": null, "track": "Late Spring", "artist": "Anthony Bertoli", "album": "Late Spring", "release_date": "20201129", "release_year": 2020, "extractor": "youtube", "webpage_url_basename": "watch", "extractor_key": "Youtube", "playlist": null, "playlist_index": null, "thumbnail": "https://i.ytimg.com/vi_webp/Xlv4PPGrRRs/maxresdefault.webp", "display_id": "Xlv4PPGrRRs", "requested_subtitles": null, "format_id": "251", "url": "https://r3---sn-5njj-u2xe.googlevideo.com/videoplayback?expire=1609941087&ei=_2v1X4TwFcGylQTpi6q4DA&ip=140.109.134.180&id=o-AD7-NzpZNqcvSNlQIuB5sGWgvVVD_2g8aRfVMBjVpay4&itag=251&source=youtube&requiressl=yes&mh=4g&mm=31%2C29&mn=sn-5njj-u2xe%2Csn-un57en7s&ms=au%2Crdu&mv=m&mvi=3&pl=16&gcr=tw&initcwndbps=350000&vprv=1&mime=audio%2Fwebm&ns=cqzeWfNC4o4NfwQtSQORYvcF&gir=yes&clen=3236071&dur=180.481&lmt=1606588168389935&mt=1609919103&fvip=3&keepalive=yes&beids=23886212&c=WEB&txp=2311222&n=ygFWDb6RQARVtX7E&sparams=expire%2Cei%2Cip%2Cid%2Citag%2Csource%2Crequiressl%2Cgcr%2Cvprv%2Cmime%2Cns%2Cgir%2Cclen%2Cdur%2Clmt&lsparams=mh%2Cmm%2Cmn%2Cms%2Cmv%2Cmvi%2Cpl%2Cinitcwndbps&lsig=AG3C_xAwRgIhAJadgOD8MasmPhkIun9qWvMyEx0BUPuV1zLAEJ7iUHX8AiEApL48p_B0jT-BBmFyfkaddFCdxHKKZA6HTzq5Ntccypo%3D&sig=AOq0QJ8wRgIhANWCZ1uhAYjdm__n3rvwA7QYu3j1TSVL9YshXPNB25xQAiEA8jQrV-43G50dBnOHUmQXSKkg0GkslwVdd88-g0wicmo=&ratebypass=yes", "player_url": "/s/player/5dd3f3b2/player_ias.vflset/en_US/base.js", "ext": "webm", "format_note": "tiny", "acodec": "opus", "abr": 160, "asr": 48000, "filesize": 3236071, "fps": null, "height": null, "tbr": 150.514, "width": null, "vcodec": "none", "downloader_options": {"http_chunk_size": 10485760}, "format": "251 - audio only (tiny)", "protocol": "https", "http_headers": {"User-Agent": "Mozilla/5.0 (Windows NT 10.0; Win64; x64) AppleWebKit/537.36 (KHTML, like Gecko) Chrome/72.0.3602.1 Safari/537.36", "Accept-Charset": "ISO-8859-1,utf-8;q=0.7,*;q=0.7", "Accept": "text/html,application/xhtml+xml,application/xml;q=0.9,*/*;q=0.8", "Accept-Encoding": "gzip, deflate", "Accept-Language": "en-us,en;q=0.5"}}