{"id": "xgtwQGeB6_0", "uploader": "Dravde - Topic", "uploader_id": "UCHDZUHk_eQUb7AojT1IqVXA", "uploader_url": "http://www.youtube.com/channel/UCHDZUHk_eQUb7AojT1IqVXA", "channel_id": "UCHDZUHk_eQUb7AojT1IqVXA", "channel_url": "http://www.youtube.com/channel/UCHDZUHk_eQUb7AojT1IqVXA", "upload_date": "20200920", "license": null, "creator": "Dravde", "title": "Dream Until the First Rays of Dawn", "alt_title": "Dream Until the First Rays of Dawn", "thumbnails": [{"url": "https://i.ytimg.com/vi/xgtwQGeB6_0/hqdefault.jpg?sqp=-oaymwEYCKgBEF5IVfKriqkDCwgBFQAAiEIYAXAB&rs=AOn4CLALeM3L4DXo6Mxo1SAXo6O57e5Drg", "width": 168, "height": 94, "resolution": "168x94", "id": "0"}, {"url": "https://i.ytimg.com/vi/xgtwQGeB6_0/hqdefault.jpg?sqp=-oaymwEYCMQBEG5IVfKriqkDCwgBFQAAiEIYAXAB&rs=AOn4CLDA5O6bDJ_mfXKZyUD8275W19vyvQ", "width": 196, "height": 110, "resolution": "196x110", "id": "1"}, {"url": "https://i.ytimg.com/vi/xgtwQGeB6_0/hqdefault.jpg?sqp=-oaymwEZCPYBEIoBSFXyq4qpAwsIARUAAIhCGAFwAQ==&rs=AOn4CLBFa-xtHrGcG_sfoHuZB_-4JQ-YXQ", "width": 246, "height": 138, "resolution": "246x138", "id": "2"}, {"url": "https://i.ytimg.com/vi/xgtwQGeB6_0/hqdefault.jpg?sqp=-oaymwEZCNACELwBSFXyq4qpAwsIARUAAIhCGAFwAQ==&rs=AOn4CLCqiM7AU3dQONW9q0hEE6ZM2_9WXg", "width": 336, "height": 188, "resolution": "336x188", "id": "3"}, {"url": "https://i.ytimg.com/vi_webp/xgtwQGeB6_0/maxresdefault.webp", "width": 1920, "height": 1080, "resolution": "1920x1080", "id": "4"}], "description": "Provided to YouTube by DistroKid\n\nDream Until the First Rays of Dawn \u00b7 Dravde\n\nDream Until the First Rays of Dawn\n\n\u2117 Dravde Rec.\n\nReleased on: 2020-09-21\n\nAuto-generated by YouTube.", "categories": ["Music"], "tags": ["Dravde", "Dream Until the First Rays of Dawn"], "subtitles": {}, "automatic_captions": {}, "duration": 156, "age_limit": 0, "annotations": null, "chapters": null, "webpage_url": "https://www.youtube.com/watch?v=xgtwQGeB6_0", "view_count": 93, "like_count": 2, "dislike_count": null, "average_rating": 5.0, "formats": [{"format_id": "249", "url": "https://r4---sn-ipoxu-u2xd.googlevideo.com/videoplayback?expire=1610368155&ei=O_D7X_TdNIPMqQG90I6oCA&ip=220.129.26.102&id=o-AJvstT0NIKqwAnZcwtgJ756-24qIH52OxzAbjTghLRjh&itag=249&source=youtube&requiressl=yes&mh=KC&mm=31%2C29&mn=sn-ipoxu-u2xd%2Csn-un57en7s&ms=au%2Crdu&mv=m&mvi=4&pcm2cms=yes&pl=21&gcr=tw&initcwndbps=703750&vprv=1&mime=audio%2Fwebm&ns=wKEBjgNr34KA7ULTotnxeboF&gir=yes&clen=1053086&dur=155.681&lmt=1599257463840421&mt=1610345794&fvip=4&keepalive=yes&c=WEB&txp=2311222&n=1i1oG8vUgqxSEG&sparams=expire%2Cei%2Cip%2Cid%2Citag%2Csource%2Crequiressl%2Cgcr%2Cvprv%2Cmime%2Cns%2Cgir%2Cclen%2Cdur%2Clmt&lsparams=mh%2Cmm%2Cmn%2Cms%2Cmv%2Cmvi%2Cpcm2cms%2Cpl%2Cinitcwndbps&lsig=AG3C_xAwRQIhALjHOLjGUx2m_Gt55B0jEn2d_jP5PMVaNT287ZZ1KIiwAiASX_PDLJx2BWJfE9jWt5XC4--WFcbgknUMQCrYQjd5bQ%3D%3D&sig=AOq0QJ8wRgIhAOhsFiIF_THVDPUa8ISIs1JfeQhNNsBduU6D7gvV_uENAiEA-6CvuveKRwLnrHgLwwFPReRrkMRP8mMYFqsn7DdI-GU=&ratebypass=yes", "player_url": "/s/player/9f996d3e/player_ias.vflset/en_US/base.js", "ext": "webm", "format_note": "tiny", "acodec": "opus", "abr": 50, "asr": 48000, "filesize": 1053086, "fps": null, "height": null, "tbr": 57.472, "width": null, "vcodec": "none", "downloader_options": {"http_chunk_size": 10485760}, "format": "249 - audio only (tiny)", "protocol": "https", "http_headers": {"User-Agent": "Mozilla/5.0 (Windows NT 10.0; Win64; x64) AppleWebKit/537.36 (KHTML, like Gecko) Chrome/71.0.3557.2 Safari/537.36", "Accept-Charset": "ISO-8859-1,utf-8;q=0.7,*;q=0.7", "Accept": "text/html,application/xhtml+xml,application/xml;q=0.9,*/*;q=0.8", "Accept-Encoding": "gzip, deflate", "Accept-Language": "en-us,en;q=0.5"}}, {"format_id": "250", "url": "https://r4---sn-ipoxu-u2xd.googlevideo.com/videoplayback?expire=1610368155&ei=O_D7X_TdNIPMqQG90I6oCA&ip=220.129.26.102&id=o-AJvstT0NIKqwAnZcwtgJ756-24qIH52OxzAbjTghLRjh&itag=250&source=youtube&requiressl=yes&mh=KC&mm=31%2C29&mn=sn-ipoxu-u2xd%2Csn-un57en7s&ms=au%2Crdu&mv=m&mvi=4&pcm2cms=yes&pl=21&gcr=tw&initcwndbps=703750&vprv=1&mime=audio%2Fwebm&ns=wKEBjgNr34KA7ULTotnxeboF&gir=yes&clen=1396995&dur=155.681&lmt=1599257463903116&mt=1610345794&fvip=4&keepalive=yes&c=WEB&txp=2311222&n=1i1oG8vUgqxSEG&sparams=expire%2Cei%2Cip%2Cid%2Citag%2Csource%2Crequiressl%2Cgcr%2Cvprv%2Cmime%2Cns%2Cgir%2Cclen%2Cdur%2Clmt&lsparams=mh%2Cmm%2Cmn%2Cms%2Cmv%2Cmvi%2Cpcm2cms%2Cpl%2Cinitcwndbps&lsig=AG3C_xAwRAIgTJhtDN_xhuLUhGkfU-dwrpt1l0CvOegn6Bj7jjqqspoCIEpA8HwmA31AkEG2jI7XikfnTMzXdL2xkbZT-6BLd05j&sig=AOq0QJ8wRAIgQjrv72noyukDWQAMLo3xNbqYy5bwjJXxTCHMc_TyCtwCIFudWLTGO3O46BRAgZQocOlhrKRRv4Qt1dfJh6WE1jOy&ratebypass=yes", "player_url": "/s/player/9f996d3e/player_ias.vflset/en_US/base.js", "ext": "webm", "format_note": "tiny", "acodec": "opus", "abr": 70, "asr": 48000, "filesize": 1396995, "fps": null, "height": null, "tbr": 75.76, "width": null, "vcodec": "none", "downloader_options": {"http_chunk_size": 10485760}, "format": "250 - audio only (tiny)", "protocol": "https", "http_headers": {"User-Agent": "Mozilla/5.0 (Windows NT 10.0; Win64; x64) AppleWebKit/537.36 (KHTML, like Gecko) Chrome/71.0.3557.2 Safari/537.36", "Accept-Charset": "ISO-8859-1,utf-8;q=0.7,*;q=0.7", "Accept": "text/html,application/xhtml+xml,application/xml;q=0.9,*/*;q=0.8", "Accept-Encoding": "gzip, deflate", "Accept-Language": "en-us,en;q=0.5"}}, {"format_id": "140", "url": "https://r4---sn-ipoxu-u2xd.googlevideo.com/videoplayback?expire=1610368155&ei=O_D7X_TdNIPMqQG90I6oCA&ip=220.129.26.102&id=o-AJvstT0NIKqwAnZcwtgJ756-24qIH52OxzAbjTghLRjh&itag=140&source=youtube&requiressl=yes&mh=KC&mm=31%2C29&mn=sn-ipoxu-u2xd%2Csn-un57en7s&ms=au%2Crdu&mv=m&mvi=4&pcm2cms=yes&pl=21&gcr=tw&initcwndbps=703750&vprv=1&mime=audio%2Fmp4&ns=wKEBjgNr34KA7ULTotnxeboF&gir=yes&clen=2522088&dur=155.665&lmt=1599257473200869&mt=1610345794&fvip=4&keepalive=yes&c=WEB&txp=2311222&n=1i1oG8vUgqxSEG&sparams=expire%2Cei%2Cip%2Cid%2Citag%2Csource%2Crequiressl%2Cgcr%2Cvprv%2Cmime%2Cns%2Cgir%2Cclen%2Cdur%2Clmt&lsparams=mh%2Cmm%2Cmn%2Cms%2Cmv%2Cmvi%2Cpcm2cms%2Cpl%2Cinitcwndbps&lsig=AG3C_xAwRAIgYE43PaPOs92lvlBonjAu7Otr19U7yTrpsdfPLVf9MvsCIHhzWTMF4oddpZw-YQAVkegbnkQNF-t9GITX44DltggL&sig=AOq0QJ8wRQIgYnNKiSwubVzQe2cLm2XtJtgALhbT4cEVVQwF2RtVJ9kCIQDcbXehAZtd9dThpALAEUeWjJdYyv4pCchqtlM3Vz3i9w==&ratebypass=yes", "player_url": "/s/player/9f996d3e/player_ias.vflset/en_US/base.js", "ext": "m4a", "format_note": "tiny", "acodec": "mp4a.40.2", "abr": 128, "container": "m4a_dash", "asr": 44100, "filesize": 2522088, "fps": null, "height": null, "tbr": 131.056, "width": null, "vcodec": "none", "downloader_options": {"http_chunk_size": 10485760}, "format": "140 - audio only (tiny)", "protocol": "https", "http_headers": {"User-Agent": "Mozilla/5.0 (Windows NT 10.0; Win64; x64) AppleWebKit/537.36 (KHTML, like Gecko) Chrome/71.0.3557.2 Safari/537.36", "Accept-Charset": "ISO-8859-1,utf-8;q=0.7,*;q=0.7", "Accept": "text/html,application/xhtml+xml,application/xml;q=0.9,*/*;q=0.8", "Accept-Encoding": "gzip, deflate", "Accept-Language": "en-us,en;q=0.5"}}, {"format_id": "251", "url": "https://r4---sn-ipoxu-u2xd.googlevideo.com/videoplayback?expire=1610368155&ei=O_D7X_TdNIPMqQG90I6oCA&ip=220.129.26.102&id=o-AJvstT0NIKqwAnZcwtgJ756-24qIH52OxzAbjTghLRjh&itag=251&source=youtube&requiressl=yes&mh=KC&mm=31%2C29&mn=sn-ipoxu-u2xd%2Csn-un57en7s&ms=au%2Crdu&mv=m&mvi=4&pcm2cms=yes&pl=21&gcr=tw&initcwndbps=703750&vprv=1&mime=audio%2Fwebm&ns=wKEBjgNr34KA7ULTotnxeboF&gir=yes&clen=2745376&dur=155.681&lmt=1599257464704854&mt=1610345794&fvip=4&keepalive=yes&c=WEB&txp=2311222&n=1i1oG8vUgqxSEG&sparams=expire%2Cei%2Cip%2Cid%2Citag%2Csource%2Crequiressl%2Cgcr%2Cvprv%2Cmime%2Cns%2Cgir%2Cclen%2Cdur%2Clmt&lsparams=mh%2Cmm%2Cmn%2Cms%2Cmv%2Cmvi%2Cpcm2cms%2Cpl%2Cinitcwndbps&lsig=AG3C_xAwRAIgCZtRMR-TA02We15Wg6YmiUBpl9WkGFthQ7fqoSwLa1gCIH2VF6ZpGNvM7-P_WPxZ8BecAO7SSxHRJF0ThP5DtNsk&sig=AOq0QJ8wRQIgILTHFtR27xZiv_XiH1H_XbITWLt1waOgRWW_BY1CCiYCIQC0MxzLSixLos_GYLdShevU7BOSxQrJYsgCIokYPuJG0A==&ratebypass=yes", "player_url": "/s/player/9f996d3e/player_ias.vflset/en_US/base.js", "ext": "webm", "format_note": "tiny", "acodec": "opus", "abr": 160, "asr": 48000, "filesize": 2745376, "fps": null, "height": null, "tbr": 148.697, "width": null, "vcodec": "none", "downloader_options": {"http_chunk_size": 10485760}, "format": "251 - audio only (tiny)", "protocol": "https", "http_headers": {"User-Agent": "Mozilla/5.0 (Windows NT 10.0; Win64; x64) AppleWebKit/537.36 (KHTML, like Gecko) Chrome/71.0.3557.2 Safari/537.36", "Accept-Charset": "ISO-8859-1,utf-8;q=0.7,*;q=0.7", "Accept": "text/html,application/xhtml+xml,application/xml;q=0.9,*/*;q=0.8", "Accept-Encoding": "gzip, deflate", "Accept-Language": "en-us,en;q=0.5"}}, {"format_id": "160", "url": "https://r4---sn-ipoxu-u2xd.googlevideo.com/videoplayback?expire=1610368155&ei=O_D7X_TdNIPMqQG90I6oCA&ip=220.129.26.102&id=o-AJvstT0NIKqwAnZcwtgJ756-24qIH52OxzAbjTghLRjh&itag=160&aitags=133%2C134%2C135%2C136%2C137%2C160%2C242%2C243%2C244%2C247%2C248%2C278&source=youtube&requiressl=yes&mh=KC&mm=31%2C29&mn=sn-ipoxu-u2xd%2Csn-un57en7s&ms=au%2Crdu&mv=m&mvi=4&pcm2cms=yes&pl=21&gcr=tw&initcwndbps=703750&vprv=1&mime=video%2Fmp4&ns=wKEBjgNr34KA7ULTotnxeboF&gir=yes&clen=193723&dur=155.640&lmt=1599257473033130&mt=1610345794&fvip=4&keepalive=yes&c=WEB&txp=2316222&n=1i1oG8vUgqxSEG&sparams=expire%2Cei%2Cip%2Cid%2Caitags%2Csource%2Crequiressl%2Cgcr%2Cvprv%2Cmime%2Cns%2Cgir%2Cclen%2Cdur%2Clmt&lsparams=mh%2Cmm%2Cmn%2Cms%2Cmv%2Cmvi%2Cpcm2cms%2Cpl%2Cinitcwndbps&lsig=AG3C_xAwRgIhAKfJ4RrCM-UQ2520N0aP5dy5vgWAWKtWOd1UABl6S7vfAiEAibycNPF-SD_aEgmpF6hhNM8PtWNrC28FZCce7xoxl5Y%3D&sig=AOq0QJ8wRQIhANMwndsK28_18sBkRvbEjn7RblA2HcLswDjFU4i7-OFQAiAKXzTMjaRFfqforwbayg2P19Yl58-Mw3-5RYAiaQZK4g==&ratebypass=yes", "player_url": "/s/player/9f996d3e/player_ias.vflset/en_US/base.js", "ext": "mp4", "height": 144, "format_note": "144p", "vcodec": "avc1.4d400b", "asr": null, "filesize": 193723, "fps": 25, "tbr": 16.039, "width": 144, "acodec": "none", "downloader_options": {"http_chunk_size": 10485760}, "format": "160 - 144x144 (144p)", "protocol": "https", "http_headers": {"User-Agent": "Mozilla/5.0 (Windows NT 10.0; Win64; x64) AppleWebKit/537.36 (KHTML, like Gecko) Chrome/71.0.3557.2 Safari/537.36", "Accept-Charset": "ISO-8859-1,utf-8;q=0.7,*;q=0.7", "Accept": "text/html,application/xhtml+xml,application/xml;q=0.9,*/*;q=0.8", "Accept-Encoding": "gzip, deflate", "Accept-Language": "en-us,en;q=0.5"}}, {"format_id": "278", "url": "https://r4---sn-ipoxu-u2xd.googlevideo.com/videoplayback?expire=1610368155&ei=O_D7X_TdNIPMqQG90I6oCA&ip=220.129.26.102&id=o-AJvstT0NIKqwAnZcwtgJ756-24qIH52OxzAbjTghLRjh&itag=278&aitags=133%2C134%2C135%2C136%2C137%2C160%2C242%2C243%2C244%2C247%2C248%2C278&source=youtube&requiressl=yes&mh=KC&mm=31%2C29&mn=sn-ipoxu-u2xd%2Csn-un57en7s&ms=au%2Crdu&mv=m&mvi=4&pcm2cms=yes&pl=21&gcr=tw&initcwndbps=703750&vprv=1&mime=video%2Fwebm&ns=wKEBjgNr34KA7ULTotnxeboF&gir=yes&clen=223080&dur=155.640&lmt=1599257474640590&mt=1610345794&fvip=4&keepalive=yes&c=WEB&txp=2316222&n=1i1oG8vUgqxSEG&sparams=expire%2Cei%2Cip%2Cid%2Caitags%2Csource%2Crequiressl%2Cgcr%2Cvprv%2Cmime%2Cns%2Cgir%2Cclen%2Cdur%2Clmt&lsparams=mh%2Cmm%2Cmn%2Cms%2Cmv%2Cmvi%2Cpcm2cms%2Cpl%2Cinitcwndbps&lsig=AG3C_xAwRgIhAOtNKMk7DTJpJstTsNihZ_J144zk615qFXXvq0HPQ-CWAiEA4LdRjQqao2RsAwginTSDANYsYZ7A2kw6FH1pEyX7G3A%3D&sig=AOq0QJ8wRQIhAK53QkLmNaciOVZqHjKa_JjGE5cuaZJzPt2kkzvC8NsGAiBKzPqKPHkhCCtY5fGn1xNOk6xKQfnaXDK_FBLFL58Vyg==&ratebypass=yes", "player_url": "/s/player/9f996d3e/player_ias.vflset/en_US/base.js", "ext": "webm", "height": 144, "format_note": "144p", "container": "webm", "vcodec": "vp9", "asr": null, "filesize": 223080, "fps": 25, "tbr": 16.145, "width": 144, "acodec": "none", "downloader_options": {"http_chunk_size": 10485760}, "format": "278 - 144x144 (144p)", "protocol": "https", "http_headers": {"User-Agent": "Mozilla/5.0 (Windows NT 10.0; Win64; x64) AppleWebKit/537.36 (KHTML, like Gecko) Chrome/71.0.3557.2 Safari/537.36", "Accept-Charset": "ISO-8859-1,utf-8;q=0.7,*;q=0.7", "Accept": "text/html,application/xhtml+xml,application/xml;q=0.9,*/*;q=0.8", "Accept-Encoding": "gzip, deflate", "Accept-Language": "en-us,en;q=0.5"}}, {"format_id": "242", "url": "https://r4---sn-ipoxu-u2xd.googlevideo.com/videoplayback?expire=1610368155&ei=O_D7X_TdNIPMqQG90I6oCA&ip=220.129.26.102&id=o-AJvstT0NIKqwAnZcwtgJ756-24qIH52OxzAbjTghLRjh&itag=242&aitags=133%2C134%2C135%2C136%2C137%2C160%2C242%2C243%2C244%2C247%2C248%2C278&source=youtube&requiressl=yes&mh=KC&mm=31%2C29&mn=sn-ipoxu-u2xd%2Csn-un57en7s&ms=au%2Crdu&mv=m&mvi=4&pcm2cms=yes&pl=21&gcr=tw&initcwndbps=703750&vprv=1&mime=video%2Fwebm&ns=wKEBjgNr34KA7ULTotnxeboF&gir=yes&clen=257210&dur=155.640&lmt=1599257474645298&mt=1610345794&fvip=4&keepalive=yes&c=WEB&txp=2316222&n=1i1oG8vUgqxSEG&sparams=expire%2Cei%2Cip%2Cid%2Caitags%2Csource%2Crequiressl%2Cgcr%2Cvprv%2Cmime%2Cns%2Cgir%2Cclen%2Cdur%2Clmt&lsparams=mh%2Cmm%2Cmn%2Cms%2Cmv%2Cmvi%2Cpcm2cms%2Cpl%2Cinitcwndbps&lsig=AG3C_xAwRgIhAOXWzWD9IWREIA6J23FHQ2QiIBe015O3ZF6QbduTp3_LAiEA67Ru3p7QunruSmGkXeM8BjkQWsZ56U3RbIudBjjsMIw%3D&sig=AOq0QJ8wRAIgKKPXIpa6n6rBvrSKZHpH1bbk6qpgvnOCNXBLclItmuMCIHM92tno4DdOACgOaT7lmv7GoVx0E8FhzztMBm8ujRY1&ratebypass=yes", "player_url": "/s/player/9f996d3e/player_ias.vflset/en_US/base.js", "ext": "webm", "height": 240, "format_note": "240p", "vcodec": "vp9", "asr": null, "filesize": 257210, "fps": 25, "tbr": 19.866, "width": 240, "acodec": "none", "downloader_options": {"http_chunk_size": 10485760}, "format": "242 - 240x240 (240p)", "protocol": "https", "http_headers": {"User-Agent": "Mozilla/5.0 (Windows NT 10.0; Win64; x64) AppleWebKit/537.36 (KHTML, like Gecko) Chrome/71.0.3557.2 Safari/537.36", "Accept-Charset": "ISO-8859-1,utf-8;q=0.7,*;q=0.7", "Accept": "text/html,application/xhtml+xml,application/xml;q=0.9,*/*;q=0.8", "Accept-Encoding": "gzip, deflate", "Accept-Language": "en-us,en;q=0.5"}}, {"format_id": "133", "url": "https://r4---sn-ipoxu-u2xd.googlevideo.com/videoplayback?expire=1610368155&ei=O_D7X_TdNIPMqQG90I6oCA&ip=220.129.26.102&id=o-AJvstT0NIKqwAnZcwtgJ756-24qIH52OxzAbjTghLRjh&itag=133&aitags=133%2C134%2C135%2C136%2C137%2C160%2C242%2C243%2C244%2C247%2C248%2C278&source=youtube&requiressl=yes&mh=KC&mm=31%2C29&mn=sn-ipoxu-u2xd%2Csn-un57en7s&ms=au%2Crdu&mv=m&mvi=4&pcm2cms=yes&pl=21&gcr=tw&initcwndbps=703750&vprv=1&mime=video%2Fmp4&ns=wKEBjgNr34KA7ULTotnxeboF&gir=yes&clen=365727&dur=155.640&lmt=1599257473039021&mt=1610345794&fvip=4&keepalive=yes&c=WEB&txp=2316222&n=1i1oG8vUgqxSEG&sparams=expire%2Cei%2Cip%2Cid%2Caitags%2Csource%2Crequiressl%2Cgcr%2Cvprv%2Cmime%2Cns%2Cgir%2Cclen%2Cdur%2Clmt&lsparams=mh%2Cmm%2Cmn%2Cms%2Cmv%2Cmvi%2Cpcm2cms%2Cpl%2Cinitcwndbps&lsig=AG3C_xAwRgIhAJiwLjiubTIYMgMDqmxlYmOAOWW_NTP_jQ-vUMDEqShGAiEAoPkakjd7tPhhT2e89Zjw7CWt0C9XlTaylZVA-12dxbk%3D&sig=AOq0QJ8wRQIhAJbGgsND_tWEKM7OWTl5T1lfqHglIiegAyw2q5ZI81KmAiA4rdU--jMb9SU1YCYtuBQIvo0EwLgWUP1sZlK3Ycnnbg==&ratebypass=yes", "player_url": "/s/player/9f996d3e/player_ias.vflset/en_US/base.js", "ext": "mp4", "height": 240, "format_note": "240p", "vcodec": "avc1.4d400c", "asr": null, "filesize": 365727, "fps": 25, "tbr": 31.27, "width": 240, "acodec": "none", "downloader_options": {"http_chunk_size": 10485760}, "format": "133 - 240x240 (240p)", "protocol": "https", "http_headers": {"User-Agent": "Mozilla/5.0 (Windows NT 10.0; Win64; x64) AppleWebKit/537.36 (KHTML, like Gecko) Chrome/71.0.3557.2 Safari/537.36", "Accept-Charset": "ISO-8859-1,utf-8;q=0.7,*;q=0.7", "Accept": "text/html,application/xhtml+xml,application/xml;q=0.9,*/*;q=0.8", "Accept-Encoding": "gzip, deflate", "Accept-Language": "en-us,en;q=0.5"}}, {"format_id": "243", "url": "https://r4---sn-ipoxu-u2xd.googlevideo.com/videoplayback?expire=1610368155&ei=O_D7X_TdNIPMqQG90I6oCA&ip=220.129.26.102&id=o-AJvstT0NIKqwAnZcwtgJ756-24qIH52OxzAbjTghLRjh&itag=243&aitags=133%2C134%2C135%2C136%2C137%2C160%2C242%2C243%2C244%2C247%2C248%2C278&source=youtube&requiressl=yes&mh=KC&mm=31%2C29&mn=sn-ipoxu-u2xd%2Csn-un57en7s&ms=au%2Crdu&mv=m&mvi=4&pcm2cms=yes&pl=21&gcr=tw&initcwndbps=703750&vprv=1&mime=video%2Fwebm&ns=wKEBjgNr34KA7ULTotnxeboF&gir=yes&clen=388988&dur=155.640&lmt=1599257474640355&mt=1610345794&fvip=4&keepalive=yes&c=WEB&txp=2316222&n=1i1oG8vUgqxSEG&sparams=expire%2Cei%2Cip%2Cid%2Caitags%2Csource%2Crequiressl%2Cgcr%2Cvprv%2Cmime%2Cns%2Cgir%2Cclen%2Cdur%2Clmt&lsparams=mh%2Cmm%2Cmn%2Cms%2Cmv%2Cmvi%2Cpcm2cms%2Cpl%2Cinitcwndbps&lsig=AG3C_xAwRQIhAKYxZgfYAENdJeSgXeMzRQt3gknz9JWrjKFWduJT6CzPAiAPaK962x9BZvx69AEBzZFX5GvAZefxR2Dr33xBUkt4Cg%3D%3D&sig=AOq0QJ8wRQIgMVQ6ep8gAuHFNUzRndltsdZ36TKMDbus9xukf5j10iwCIQCBagp74j36MXadH0-Z0JLcNh3qGd6v4_A8DNyVK7riUw==&ratebypass=yes", "player_url": "/s/player/9f996d3e/player_ias.vflset/en_US/base.js", "ext": "webm", "height": 360, "format_note": "360p", "vcodec": "vp9", "asr": null, "filesize": 388988, "fps": 25, "tbr": 34.392, "width": 360, "acodec": "none", "downloader_options": {"http_chunk_size": 10485760}, "format": "243 - 360x360 (360p)", "protocol": "https", "http_headers": {"User-Agent": "Mozilla/5.0 (Windows NT 10.0; Win64; x64) AppleWebKit/537.36 (KHTML, like Gecko) Chrome/71.0.3557.2 Safari/537.36", "Accept-Charset": "ISO-8859-1,utf-8;q=0.7,*;q=0.7", "Accept": "text/html,application/xhtml+xml,application/xml;q=0.9,*/*;q=0.8", "Accept-Encoding": "gzip, deflate", "Accept-Language": "en-us,en;q=0.5"}}, {"format_id": "244", "url": "https://r4---sn-ipoxu-u2xd.googlevideo.com/videoplayback?expire=1610368155&ei=O_D7X_TdNIPMqQG90I6oCA&ip=220.129.26.102&id=o-AJvstT0NIKqwAnZcwtgJ756-24qIH52OxzAbjTghLRjh&itag=244&aitags=133%2C134%2C135%2C136%2C137%2C160%2C242%2C243%2C244%2C247%2C248%2C278&source=youtube&requiressl=yes&mh=KC&mm=31%2C29&mn=sn-ipoxu-u2xd%2Csn-un57en7s&ms=au%2Crdu&mv=m&mvi=4&pcm2cms=yes&pl=21&gcr=tw&initcwndbps=703750&vprv=1&mime=video%2Fwebm&ns=wKEBjgNr34KA7ULTotnxeboF&gir=yes&clen=597502&dur=155.640&lmt=1599257474640273&mt=1610345794&fvip=4&keepalive=yes&c=WEB&txp=2316222&n=1i1oG8vUgqxSEG&sparams=expire%2Cei%2Cip%2Cid%2Caitags%2Csource%2Crequiressl%2Cgcr%2Cvprv%2Cmime%2Cns%2Cgir%2Cclen%2Cdur%2Clmt&lsparams=mh%2Cmm%2Cmn%2Cms%2Cmv%2Cmvi%2Cpcm2cms%2Cpl%2Cinitcwndbps&lsig=AG3C_xAwRgIhAKkUfc6PcqhuVfvvZaM0zHz_i8ssMsKixqVDQ95qXYgNAiEAg1ULleM0RFkNu1kRr_Y2OikCgvqS7RcWLttCa3NJA2I%3D&sig=AOq0QJ8wRAIgRe_4hcxVjYgAKI1aZuB7veDmsBoyHimuxxJ9n-dEJBgCIHwZS73eq20b6w1V6jpsUnm55F6vIi1tBF0VFhzq8iqG&ratebypass=yes", "player_url": "/s/player/9f996d3e/player_ias.vflset/en_US/base.js", "ext": "webm", "height": 480, "format_note": "480p", "vcodec": "vp9", "asr": null, "filesize": 597502, "fps": 25, "tbr": 60.086, "width": 480, "acodec": "none", "downloader_options": {"http_chunk_size": 10485760}, "format": "244 - 480x480 (480p)", "protocol": "https", "http_headers": {"User-Agent": "Mozilla/5.0 (Windows NT 10.0; Win64; x64) AppleWebKit/537.36 (KHTML, like Gecko) Chrome/71.0.3557.2 Safari/537.36", "Accept-Charset": "ISO-8859-1,utf-8;q=0.7,*;q=0.7", "Accept": "text/html,application/xhtml+xml,application/xml;q=0.9,*/*;q=0.8", "Accept-Encoding": "gzip, deflate", "Accept-Language": "en-us,en;q=0.5"}}, {"format_id": "134", "url": "https://r4---sn-ipoxu-u2xd.googlevideo.com/videoplayback?expire=1610368155&ei=O_D7X_TdNIPMqQG90I6oCA&ip=220.129.26.102&id=o-AJvstT0NIKqwAnZcwtgJ756-24qIH52OxzAbjTghLRjh&itag=134&aitags=133%2C134%2C135%2C136%2C137%2C160%2C242%2C243%2C244%2C247%2C248%2C278&source=youtube&requiressl=yes&mh=KC&mm=31%2C29&mn=sn-ipoxu-u2xd%2Csn-un57en7s&ms=au%2Crdu&mv=m&mvi=4&pcm2cms=yes&pl=21&gcr=tw&initcwndbps=703750&vprv=1&mime=video%2Fmp4&ns=wKEBjgNr34KA7ULTotnxeboF&gir=yes&clen=669353&dur=155.640&lmt=1599257473029002&mt=1610345794&fvip=4&keepalive=yes&c=WEB&txp=2316222&n=1i1oG8vUgqxSEG&sparams=expire%2Cei%2Cip%2Cid%2Caitags%2Csource%2Crequiressl%2Cgcr%2Cvprv%2Cmime%2Cns%2Cgir%2Cclen%2Cdur%2Clmt&lsparams=mh%2Cmm%2Cmn%2Cms%2Cmv%2Cmvi%2Cpcm2cms%2Cpl%2Cinitcwndbps&lsig=AG3C_xAwRQIhANoLFqpMHjhBdNmSasv9GpetiyFdMTtFJA8ECz7BTythAiAWb3ctjsPHawJm9MIiC5e2MUxH3zQrSNMrLyns9nQqTg%3D%3D&sig=AOq0QJ8wRgIhAJfSTst6ofieA48yXTjUTWX_oZyMdtJAAz5erCSUgYSMAiEA57RF_-mMt1lv1s2JaSUQXFN8jCkISKMvPMZabj7X_VE=&ratebypass=yes", "player_url": "/s/player/9f996d3e/player_ias.vflset/en_US/base.js", "ext": "mp4", "height": 360, "format_note": "360p", "vcodec": "avc1.4d4015", "asr": null, "filesize": 669353, "fps": 25, "tbr": 68.541, "width": 360, "acodec": "none", "downloader_options": {"http_chunk_size": 10485760}, "format": "134 - 360x360 (360p)", "protocol": "https", "http_headers": {"User-Agent": "Mozilla/5.0 (Windows NT 10.0; Win64; x64) AppleWebKit/537.36 (KHTML, like Gecko) Chrome/71.0.3557.2 Safari/537.36", "Accept-Charset": "ISO-8859-1,utf-8;q=0.7,*;q=0.7", "Accept": "text/html,application/xhtml+xml,application/xml;q=0.9,*/*;q=0.8", "Accept-Encoding": "gzip, deflate", "Accept-Language": "en-us,en;q=0.5"}}, {"format_id": "135", "url": "https://r4---sn-ipoxu-u2xd.googlevideo.com/videoplayback?expire=1610368155&ei=O_D7X_TdNIPMqQG90I6oCA&ip=220.129.26.102&id=o-AJvstT0NIKqwAnZcwtgJ756-24qIH52OxzAbjTghLRjh&itag=135&aitags=133%2C134%2C135%2C136%2C137%2C160%2C242%2C243%2C244%2C247%2C248%2C278&source=youtube&requiressl=yes&mh=KC&mm=31%2C29&mn=sn-ipoxu-u2xd%2Csn-un57en7s&ms=au%2Crdu&mv=m&mvi=4&pcm2cms=yes&pl=21&gcr=tw&initcwndbps=703750&vprv=1&mime=video%2Fmp4&ns=wKEBjgNr34KA7ULTotnxeboF&gir=yes&clen=1404124&dur=155.640&lmt=1599257473027098&mt=1610345794&fvip=4&keepalive=yes&c=WEB&txp=2316222&n=1i1oG8vUgqxSEG&sparams=expire%2Cei%2Cip%2Cid%2Caitags%2Csource%2Crequiressl%2Cgcr%2Cvprv%2Cmime%2Cns%2Cgir%2Cclen%2Cdur%2Clmt&lsparams=mh%2Cmm%2Cmn%2Cms%2Cmv%2Cmvi%2Cpcm2cms%2Cpl%2Cinitcwndbps&lsig=AG3C_xAwRAIgFPjuRvx8kwot5p_eR_4Zc1zt7lUMVCbFAfmoE8XLmYgCIGQ2IgDcwQalI8MsKmKVKHkifr9sYLSTY5aEEI33xtwk&sig=AOq0QJ8wRAIgK3gBTijF423-464KlIwlnz5BJ3_Q1ETo1BYGF1ybKr0CIGVQxcoBgPsXHCusbWLkWOYV0VXg48ECO7-dDIoYOtp9&ratebypass=yes", "player_url": "/s/player/9f996d3e/player_ias.vflset/en_US/base.js", "ext": "mp4", "height": 480, "format_note": "480p", "vcodec": "avc1.4d401e", "asr": null, "filesize": 1404124, "fps": 25, "tbr": 148.117, "width": 480, "acodec": "none", "downloader_options": {"http_chunk_size": 10485760}, "format": "135 - 480x480 (480p)", "protocol": "https", "http_headers": {"User-Agent": "Mozilla/5.0 (Windows NT 10.0; Win64; x64) AppleWebKit/537.36 (KHTML, like Gecko) Chrome/71.0.3557.2 Safari/537.36", "Accept-Charset": "ISO-8859-1,utf-8;q=0.7,*;q=0.7", "Accept": "text/html,application/xhtml+xml,application/xml;q=0.9,*/*;q=0.8", "Accept-Encoding": "gzip, deflate", "Accept-Language": "en-us,en;q=0.5"}}, {"format_id": "247", "url": "https://r4---sn-ipoxu-u2xd.googlevideo.com/videoplayback?expire=1610368155&ei=O_D7X_TdNIPMqQG90I6oCA&ip=220.129.26.102&id=o-AJvstT0NIKqwAnZcwtgJ756-24qIH52OxzAbjTghLRjh&itag=247&aitags=133%2C134%2C135%2C136%2C137%2C160%2C242%2C243%2C244%2C247%2C248%2C278&source=youtube&requiressl=yes&mh=KC&mm=31%2C29&mn=sn-ipoxu-u2xd%2Csn-un57en7s&ms=au%2Crdu&mv=m&mvi=4&pcm2cms=yes&pl=21&gcr=tw&initcwndbps=703750&vprv=1&mime=video%2Fwebm&ns=wKEBjgNr34KA7ULTotnxeboF&gir=yes&clen=1515341&dur=155.640&lmt=1599257474641513&mt=1610345794&fvip=4&keepalive=yes&c=WEB&txp=2316222&n=1i1oG8vUgqxSEG&sparams=expire%2Cei%2Cip%2Cid%2Caitags%2Csource%2Crequiressl%2Cgcr%2Cvprv%2Cmime%2Cns%2Cgir%2Cclen%2Cdur%2Clmt&lsparams=mh%2Cmm%2Cmn%2Cms%2Cmv%2Cmvi%2Cpcm2cms%2Cpl%2Cinitcwndbps&lsig=AG3C_xAwRQIgT1Hia8z2fHBNZ9WCYpLsnqdIwAPrG-D9ZZWVSDNm8f8CIQDMV0d27vLBPMTcXK-gPWnzhLDSVcKjNPpo58ISTFjvOw%3D%3D&sig=AOq0QJ8wRQIhAL8V7R3jnmUkeoWASn1uMSccxToVozCa0YYxczbToaccAiB4D6BKXnJi_-Zqtz3MElJlkVgb8DCpHSWAsEkJWLpnyA==&ratebypass=yes", "player_url": "/s/player/9f996d3e/player_ias.vflset/en_US/base.js", "ext": "webm", "height": 720, "format_note": "720p", "vcodec": "vp9", "asr": null, "filesize": 1515341, "fps": 25, "tbr": 171.917, "width": 720, "acodec": "none", "downloader_options": {"http_chunk_size": 10485760}, "format": "247 - 720x720 (720p)", "protocol": "https", "http_headers": {"User-Agent": "Mozilla/5.0 (Windows NT 10.0; Win64; x64) AppleWebKit/537.36 (KHTML, like Gecko) Chrome/71.0.3557.2 Safari/537.36", "Accept-Charset": "ISO-8859-1,utf-8;q=0.7,*;q=0.7", "Accept": "text/html,application/xhtml+xml,application/xml;q=0.9,*/*;q=0.8", "Accept-Encoding": "gzip, deflate", "Accept-Language": "en-us,en;q=0.5"}}, {"format_id": "136", "url": "https://r4---sn-ipoxu-u2xd.googlevideo.com/videoplayback?expire=1610368155&ei=O_D7X_TdNIPMqQG90I6oCA&ip=220.129.26.102&id=o-AJvstT0NIKqwAnZcwtgJ756-24qIH52OxzAbjTghLRjh&itag=136&aitags=133%2C134%2C135%2C136%2C137%2C160%2C242%2C243%2C244%2C247%2C248%2C278&source=youtube&requiressl=yes&mh=KC&mm=31%2C29&mn=sn-ipoxu-u2xd%2Csn-un57en7s&ms=au%2Crdu&mv=m&mvi=4&pcm2cms=yes&pl=21&gcr=tw&initcwndbps=703750&vprv=1&mime=video%2Fmp4&ns=wKEBjgNr34KA7ULTotnxeboF&gir=yes&clen=3511354&dur=155.640&lmt=1599257473026938&mt=1610345794&fvip=4&keepalive=yes&c=WEB&txp=2316222&n=1i1oG8vUgqxSEG&sparams=expire%2Cei%2Cip%2Cid%2Caitags%2Csource%2Crequiressl%2Cgcr%2Cvprv%2Cmime%2Cns%2Cgir%2Cclen%2Cdur%2Clmt&lsparams=mh%2Cmm%2Cmn%2Cms%2Cmv%2Cmvi%2Cpcm2cms%2Cpl%2Cinitcwndbps&lsig=AG3C_xAwRAIgDSYYA70iFTi9d2uhfZn3xzBkIaryecLxbrnJxbQyOTYCICjlQtXBPnEg83ktHlkc3y10LR2UM075GL1oIHx54bCc&sig=AOq0QJ8wRQIgCuqhtOF7oYT6fG751CWKDa8RJJBFgGqPWQ8iZ6Hq0CkCIQDTcZKwiwSbhJL8nYzzhJmokJLmG8D6L4qt20GP0Pk07A==&ratebypass=yes", "player_url": "/s/player/9f996d3e/player_ias.vflset/en_US/base.js", "ext": "mp4", "height": 720, "format_note": "720p", "vcodec": "avc1.64001f", "asr": null, "filesize": 3511354, "fps": 25, "tbr": 433.172, "width": 720, "acodec": "none", "downloader_options": {"http_chunk_size": 10485760}, "format": "136 - 720x720 (720p)", "protocol": "https", "http_headers": {"User-Agent": "Mozilla/5.0 (Windows NT 10.0; Win64; x64) AppleWebKit/537.36 (KHTML, like Gecko) Chrome/71.0.3557.2 Safari/537.36", "Accept-Charset": "ISO-8859-1,utf-8;q=0.7,*;q=0.7", "Accept": "text/html,application/xhtml+xml,application/xml;q=0.9,*/*;q=0.8", "Accept-Encoding": "gzip, deflate", "Accept-Language": "en-us,en;q=0.5"}}, {"format_id": "248", "url": "https://r4---sn-ipoxu-u2xd.googlevideo.com/videoplayback?expire=1610368155&ei=O_D7X_TdNIPMqQG90I6oCA&ip=220.129.26.102&id=o-AJvstT0NIKqwAnZcwtgJ756-24qIH52OxzAbjTghLRjh&itag=248&aitags=133%2C134%2C135%2C136%2C137%2C160%2C242%2C243%2C244%2C247%2C248%2C278&source=youtube&requiressl=yes&mh=KC&mm=31%2C29&mn=sn-ipoxu-u2xd%2Csn-un57en7s&ms=au%2Crdu&mv=m&mvi=4&pcm2cms=yes&pl=21&gcr=tw&initcwndbps=703750&vprv=1&mime=video%2Fwebm&ns=wKEBjgNr34KA7ULTotnxeboF&gir=yes&clen=7985538&dur=155.640&lmt=1599257474640564&mt=1610345794&fvip=4&keepalive=yes&c=WEB&txp=2316222&n=1i1oG8vUgqxSEG&sparams=expire%2Cei%2Cip%2Cid%2Caitags%2Csource%2Crequiressl%2Cgcr%2Cvprv%2Cmime%2Cns%2Cgir%2Cclen%2Cdur%2Clmt&lsparams=mh%2Cmm%2Cmn%2Cms%2Cmv%2Cmvi%2Cpcm2cms%2Cpl%2Cinitcwndbps&lsig=AG3C_xAwRAIgQQaiT5CCWIs1xQQNZpyilQguJOXEHnivbfxREw19M3ICICTDxVhr8noLBbyufbhZDpzXNzUOHixtKWgfIadP7mc0&sig=AOq0QJ8wRAIgK8UBfPbftKaiCkWbE4Rir9CvLgUMtGk9TFmdvcGZX8sCIDslrIwenbwKHTZ_Dh4LiMehqeTgvFMtSn7O-c6EcJRB&ratebypass=yes", "player_url": "/s/player/9f996d3e/player_ias.vflset/en_US/base.js", "ext": "webm", "height": 1080, "format_note": "1080p", "vcodec": "vp9", "asr": null, "filesize": 7985538, "fps": 25, "tbr": 993.466, "width": 1080, "acodec": "none", "downloader_options": {"http_chunk_size": 10485760}, "format": "248 - 1080x1080 (1080p)", "protocol": "https", "http_headers": {"User-Agent": "Mozilla/5.0 (Windows NT 10.0; Win64; x64) AppleWebKit/537.36 (KHTML, like Gecko) Chrome/71.0.3557.2 Safari/537.36", "Accept-Charset": "ISO-8859-1,utf-8;q=0.7,*;q=0.7", "Accept": "text/html,application/xhtml+xml,application/xml;q=0.9,*/*;q=0.8", "Accept-Encoding": "gzip, deflate", "Accept-Language": "en-us,en;q=0.5"}}, {"format_id": "137", "url": "https://r4---sn-ipoxu-u2xd.googlevideo.com/videoplayback?expire=1610368155&ei=O_D7X_TdNIPMqQG90I6oCA&ip=220.129.26.102&id=o-AJvstT0NIKqwAnZcwtgJ756-24qIH52OxzAbjTghLRjh&itag=137&aitags=133%2C134%2C135%2C136%2C137%2C160%2C242%2C243%2C244%2C247%2C248%2C278&source=youtube&requiressl=yes&mh=KC&mm=31%2C29&mn=sn-ipoxu-u2xd%2Csn-un57en7s&ms=au%2Crdu&mv=m&mvi=4&pcm2cms=yes&pl=21&gcr=tw&initcwndbps=703750&vprv=1&mime=video%2Fmp4&ns=wKEBjgNr34KA7ULTotnxeboF&gir=yes&clen=10815451&dur=155.640&lmt=1599257473026934&mt=1610345794&fvip=4&keepalive=yes&c=WEB&txp=2316222&n=1i1oG8vUgqxSEG&sparams=expire%2Cei%2Cip%2Cid%2Caitags%2Csource%2Crequiressl%2Cgcr%2Cvprv%2Cmime%2Cns%2Cgir%2Cclen%2Cdur%2Clmt&lsparams=mh%2Cmm%2Cmn%2Cms%2Cmv%2Cmvi%2Cpcm2cms%2Cpl%2Cinitcwndbps&lsig=AG3C_xAwRQIgCUDTnLuOOXK88Gc3NQtTF096eJa41WTlLCEetwW6AHcCIQCq1ZreHdX8uUOQzxp3ba6QwRMGzbLvqnYUI4CL8qOoUA%3D%3D&sig=AOq0QJ8wRQIgTqW1VGqkqbh4vxXKQsmBdr354la_5r9VYMRbtsFcbf4CIQDUVYVTINYM1rldV0czSgv6nrBKQoLv13IBgWAEuJv5sg==&ratebypass=yes", "player_url": "/s/player/9f996d3e/player_ias.vflset/en_US/base.js", "ext": "mp4", "height": 1080, "format_note": "1080p", "vcodec": "avc1.640020", "asr": null, "filesize": 10815451, "fps": 25, "tbr": 1070.094, "width": 1080, "acodec": "none", "downloader_options": {"http_chunk_size": 10485760}, "format": "137 - 1080x1080 (1080p)", "protocol": "https", "http_headers": {"User-Agent": "Mozilla/5.0 (Windows NT 10.0; Win64; x64) AppleWebKit/537.36 (KHTML, like Gecko) Chrome/71.0.3557.2 Safari/537.36", "Accept-Charset": "ISO-8859-1,utf-8;q=0.7,*;q=0.7", "Accept": "text/html,application/xhtml+xml,application/xml;q=0.9,*/*;q=0.8", "Accept-Encoding": "gzip, deflate", "Accept-Language": "en-us,en;q=0.5"}}, {"format_id": "18", "url": "https://r4---sn-ipoxu-u2xd.googlevideo.com/videoplayback?expire=1610368155&ei=O_D7X_TdNIPMqQG90I6oCA&ip=220.129.26.102&id=o-AJvstT0NIKqwAnZcwtgJ756-24qIH52OxzAbjTghLRjh&itag=18&source=youtube&requiressl=yes&mh=KC&mm=31%2C29&mn=sn-ipoxu-u2xd%2Csn-un57en7s&ms=au%2Crdu&mv=m&mvi=4&pcm2cms=yes&pl=21&gcr=tw&initcwndbps=703750&vprv=1&mime=video%2Fmp4&ns=14r_Zd83MzNMoPyML5FC_yMF&gir=yes&clen=2610737&ratebypass=yes&dur=155.713&lmt=1599257464106405&mt=1610345794&fvip=4&c=WEB&txp=2316222&n=kixg1XREfEiK-V&sparams=expire%2Cei%2Cip%2Cid%2Citag%2Csource%2Crequiressl%2Cgcr%2Cvprv%2Cmime%2Cns%2Cgir%2Cclen%2Cratebypass%2Cdur%2Clmt&lsparams=mh%2Cmm%2Cmn%2Cms%2Cmv%2Cmvi%2Cpcm2cms%2Cpl%2Cinitcwndbps&lsig=AG3C_xAwRgIhAJwdAO8ZMTPOZIv-WVONBe_30KQd88MUNZ1YBVGkuyxuAiEA1dWBL7OSRZ9_BqRshBjDCuTihY98IP90Jj8Yhrb6yuU%3D&sig=AOq0QJ8wRQIgYsDwomQBH3mFXpQddEYTA6EixtpgPu5PUOJwxFc8snACIQDHmdiDUyhMY0jBnQdfhQxgLp822xgCS0zW4iX1t5LBFA==", "player_url": "/s/player/9f996d3e/player_ias.vflset/en_US/base.js", "ext": "mp4", "width": 360, "height": 360, "acodec": "mp4a.40.2", "abr": 96, "vcodec": "avc1.42001E", "asr": 44100, "filesize": 2610737, "format_note": "360p", "fps": 25, "tbr": 134.193, "format": "18 - 360x360 (360p)", "protocol": "https", "http_headers": {"User-Agent": "Mozilla/5.0 (Windows NT 10.0; Win64; x64) AppleWebKit/537.36 (KHTML, like Gecko) Chrome/71.0.3557.2 Safari/537.36", "Accept-Charset": "ISO-8859-1,utf-8;q=0.7,*;q=0.7", "Accept": "text/html,application/xhtml+xml,application/xml;q=0.9,*/*;q=0.8", "Accept-Encoding": "gzip, deflate", "Accept-Language": "en-us,en;q=0.5"}}], "is_live": null, "start_time": null, "end_time": null, "series": null, "season_number": null, "episode_number": null, "track": "Dream Until the First Rays of Dawn", "artist": "Dravde", "album": "Dream Until the First Rays of Dawn", "release_date": "20200921", "release_year": 2020, "extractor": "youtube", "webpage_url_basename": "watch", "extractor_key": "Youtube", "playlist": null, "playlist_index": null, "thumbnail": "https://i.ytimg.com/vi_webp/xgtwQGeB6_0/maxresdefault.webp", "display_id": "xgtwQGeB6_0", "requested_subtitles": null, "format_id": "251", "url": "https://r4---sn-ipoxu-u2xd.googlevideo.com/videoplayback?expire=1610368155&ei=O_D7X_TdNIPMqQG90I6oCA&ip=220.129.26.102&id=o-AJvstT0NIKqwAnZcwtgJ756-24qIH52OxzAbjTghLRjh&itag=251&source=youtube&requiressl=yes&mh=KC&mm=31%2C29&mn=sn-ipoxu-u2xd%2Csn-un57en7s&ms=au%2Crdu&mv=m&mvi=4&pcm2cms=yes&pl=21&gcr=tw&initcwndbps=703750&vprv=1&mime=audio%2Fwebm&ns=wKEBjgNr34KA7ULTotnxeboF&gir=yes&clen=2745376&dur=155.681&lmt=1599257464704854&mt=1610345794&fvip=4&keepalive=yes&c=WEB&txp=2311222&n=1i1oG8vUgqxSEG&sparams=expire%2Cei%2Cip%2Cid%2Citag%2Csource%2Crequiressl%2Cgcr%2Cvprv%2Cmime%2Cns%2Cgir%2Cclen%2Cdur%2Clmt&lsparams=mh%2Cmm%2Cmn%2Cms%2Cmv%2Cmvi%2Cpcm2cms%2Cpl%2Cinitcwndbps&lsig=AG3C_xAwRAIgCZtRMR-TA02We15Wg6YmiUBpl9WkGFthQ7fqoSwLa1gCIH2VF6ZpGNvM7-P_WPxZ8BecAO7SSxHRJF0ThP5DtNsk&sig=AOq0QJ8wRQIgILTHFtR27xZiv_XiH1H_XbITWLt1waOgRWW_BY1CCiYCIQC0MxzLSixLos_GYLdShevU7BOSxQrJYsgCIokYPuJG0A==&ratebypass=yes", "player_url": "/s/player/9f996d3e/player_ias.vflset/en_US/base.js", "ext": "webm", "format_note": "tiny", "acodec": "opus", "abr": 160, "asr": 48000, "filesize": 2745376, "fps": null, "height": null, "tbr": 148.697, "width": null, "vcodec": "none", "downloader_options": {"http_chunk_size": 10485760}, "format": "251 - audio only (tiny)", "protocol": "https", "http_headers": {"User-Agent": "Mozilla/5.0 (Windows NT 10.0; Win64; x64) AppleWebKit/537.36 (KHTML, like Gecko) Chrome/71.0.3557.2 Safari/537.36", "Accept-Charset": "ISO-8859-1,utf-8;q=0.7,*;q=0.7", "Accept": "text/html,application/xhtml+xml,application/xml;q=0.9,*/*;q=0.8", "Accept-Encoding": "gzip, deflate", "Accept-Language": "en-us,en;q=0.5"}}