{"id": "Y1F0c3zgMJo", "uploader": "Friedrich Hauser - Topic", "uploader_id": "UCn1gmtTuvzzITtNeAbLOT3Q", "uploader_url": "http://www.youtube.com/channel/UCn1gmtTuvzzITtNeAbLOT3Q", "channel_id": "UCn1gmtTuvzzITtNeAbLOT3Q", "channel_url": "http://www.youtube.com/channel/UCn1gmtTuvzzITtNeAbLOT3Q", "upload_date": "20200924", "license": null, "creator": "Friedrich Hauser", "title": "vertra\u0308umt", "alt_title": "vertra\u0308umt", "thumbnails": [{"url": "https://i.ytimg.com/vi/Y1F0c3zgMJo/hqdefault.jpg?sqp=-oaymwEYCKgBEF5IVfKriqkDCwgBFQAAiEIYAXAB&rs=AOn4CLDlxcujplPiRsRw8kHv3ioeSSmfyQ", "width": 168, "height": 94, "resolution": "168x94", "id": "0"}, {"url": "https://i.ytimg.com/vi/Y1F0c3zgMJo/hqdefault.jpg?sqp=-oaymwEYCMQBEG5IVfKriqkDCwgBFQAAiEIYAXAB&rs=AOn4CLAHHD3g1fdx9KwrXEMRx_5-fAPRQg", "width": 196, "height": 110, "resolution": "196x110", "id": "1"}, {"url": "https://i.ytimg.com/vi/Y1F0c3zgMJo/hqdefault.jpg?sqp=-oaymwEZCPYBEIoBSFXyq4qpAwsIARUAAIhCGAFwAQ==&rs=AOn4CLDMBeg0uUakGl5olWSMrvMrKgGjKw", "width": 246, "height": 138, "resolution": "246x138", "id": "2"}, {"url": "https://i.ytimg.com/vi/Y1F0c3zgMJo/hqdefault.jpg?sqp=-oaymwEZCNACELwBSFXyq4qpAwsIARUAAIhCGAFwAQ==&rs=AOn4CLA3DdLIKFIgMofPWmQXq6IveegezQ", "width": 336, "height": 188, "resolution": "336x188", "id": "3"}, {"url": "https://i.ytimg.com/vi_webp/Y1F0c3zgMJo/maxresdefault.webp", "width": 1920, "height": 1080, "resolution": "1920x1080", "id": "4"}], "description": "Provided to YouTube by Friedrich Hauser\n\nvertra\u0308umt \u00b7 Friedrich Hauser\n\nschlaflos\n\n\u2117 2020 Friedrich Hauser\n\nReleased on: 2020-09-25\n\nMain  Artist: Friedrich Hauser\n\nAuto-generated by YouTube.", "categories": ["Music"], "tags": ["Friedrich Hauser", "schlaflos", "vertra\u0308umt"], "subtitles": {}, "automatic_captions": {}, "duration": 175, "age_limit": 0, "annotations": null, "chapters": null, "webpage_url": "https://www.youtube.com/watch?v=Y1F0c3zgMJo", "view_count": 40, "like_count": 4, "dislike_count": null, "average_rating": 5.0, "formats": [{"format_id": "249", "url": "https://r7---sn-5njj-u2xl.googlevideo.com/videoplayback?expire=1609941099&ei=C2z1X6HGEoa1lQTYp5O4Aw&ip=140.109.134.180&id=o-AJe55eXwJ4O1W-tgY7Xs5WZGm6ts0bSFVcGflW4dTFdP&itag=249&source=youtube&requiressl=yes&mh=Ns&mm=31%2C29&mn=sn-5njj-u2xl%2Csn-un57en7e&ms=au%2Crdu&mv=m&mvi=7&pl=16&gcr=tw&initcwndbps=573750&vprv=1&mime=audio%2Fwebm&ns=ovL0Im3IFUr6lE5RV6M6U0YF&gir=yes&clen=1197430&dur=175.081&lmt=1600903171220826&mt=1609919342&fvip=5&keepalive=yes&c=WEB&txp=2311222&n=6-HjhPqXP7_aUaaQ&sparams=expire%2Cei%2Cip%2Cid%2Citag%2Csource%2Crequiressl%2Cgcr%2Cvprv%2Cmime%2Cns%2Cgir%2Cclen%2Cdur%2Clmt&lsparams=mh%2Cmm%2Cmn%2Cms%2Cmv%2Cmvi%2Cpl%2Cinitcwndbps&lsig=AG3C_xAwRAIga6e_0M3PDiGQDKfZzJR4_sTJjSRtajpuGJv1v5tcl90CIGKIJsOdfC9SFsb7wP2rzwiGdXDKp73Hq_sgXbm_-5_P&sig=AOq0QJ8wRQIhAI0VAiMtbhayo9UMPTeEjXW5Iaf3o8kXLj_2etBe0cWyAiBCQqtKlEn6J0bwJK2gTxY2wG3ivB6JZ1Pm7GAlFOmRmw==&ratebypass=yes", "player_url": "/s/player/5dd3f3b2/player_ias.vflset/en_US/base.js", "ext": "webm", "format_note": "tiny", "acodec": "opus", "abr": 50, "asr": 48000, "filesize": 1197430, "fps": null, "height": null, "tbr": 57.864, "width": null, "vcodec": "none", "downloader_options": {"http_chunk_size": 10485760}, "format": "249 - audio only (tiny)", "protocol": "https", "http_headers": {"User-Agent": "Mozilla/5.0 (Windows NT 10.0; Win64; x64) AppleWebKit/537.36 (KHTML, like Gecko) Chrome/72.0.3602.1 Safari/537.36", "Accept-Charset": "ISO-8859-1,utf-8;q=0.7,*;q=0.7", "Accept": "text/html,application/xhtml+xml,application/xml;q=0.9,*/*;q=0.8", "Accept-Encoding": "gzip, deflate", "Accept-Language": "en-us,en;q=0.5"}}, {"format_id": "250", "url": "https://r7---sn-5njj-u2xl.googlevideo.com/videoplayback?expire=1609941099&ei=C2z1X6HGEoa1lQTYp5O4Aw&ip=140.109.134.180&id=o-AJe55eXwJ4O1W-tgY7Xs5WZGm6ts0bSFVcGflW4dTFdP&itag=250&source=youtube&requiressl=yes&mh=Ns&mm=31%2C29&mn=sn-5njj-u2xl%2Csn-un57en7e&ms=au%2Crdu&mv=m&mvi=7&pl=16&gcr=tw&initcwndbps=573750&vprv=1&mime=audio%2Fwebm&ns=ovL0Im3IFUr6lE5RV6M6U0YF&gir=yes&clen=1585938&dur=175.081&lmt=1600903170612296&mt=1609919342&fvip=5&keepalive=yes&c=WEB&txp=2311222&n=6-HjhPqXP7_aUaaQ&sparams=expire%2Cei%2Cip%2Cid%2Citag%2Csource%2Crequiressl%2Cgcr%2Cvprv%2Cmime%2Cns%2Cgir%2Cclen%2Cdur%2Clmt&lsparams=mh%2Cmm%2Cmn%2Cms%2Cmv%2Cmvi%2Cpl%2Cinitcwndbps&lsig=AG3C_xAwRQIhAI8PqFn8zIIjA231IsH8gkCzKsrvsPbE6-FJfFmLFWklAiAY1LOOZ8YhpqrmRY1mwWELSfHzntkPUzjNO7zG1fhnpw%3D%3D&sig=AOq0QJ8wRQIhAJGlHMX0HKt_yPPnCBa4848ZRxwK-gRFHXnMfmn2VqZOAiBWQHxCBgJjNvSleErc4lGCeRCnLUtS7DsgX8pdVb3Agw==&ratebypass=yes", "player_url": "/s/player/5dd3f3b2/player_ias.vflset/en_US/base.js", "ext": "webm", "format_note": "tiny", "acodec": "opus", "abr": 70, "asr": 48000, "filesize": 1585938, "fps": null, "height": null, "tbr": 75.997, "width": null, "vcodec": "none", "downloader_options": {"http_chunk_size": 10485760}, "format": "250 - audio only (tiny)", "protocol": "https", "http_headers": {"User-Agent": "Mozilla/5.0 (Windows NT 10.0; Win64; x64) AppleWebKit/537.36 (KHTML, like Gecko) Chrome/72.0.3602.1 Safari/537.36", "Accept-Charset": "ISO-8859-1,utf-8;q=0.7,*;q=0.7", "Accept": "text/html,application/xhtml+xml,application/xml;q=0.9,*/*;q=0.8", "Accept-Encoding": "gzip, deflate", "Accept-Language": "en-us,en;q=0.5"}}, {"format_id": "140", "url": "https://r7---sn-5njj-u2xl.googlevideo.com/videoplayback?expire=1609941099&ei=C2z1X6HGEoa1lQTYp5O4Aw&ip=140.109.134.180&id=o-AJe55eXwJ4O1W-tgY7Xs5WZGm6ts0bSFVcGflW4dTFdP&itag=140&source=youtube&requiressl=yes&mh=Ns&mm=31%2C29&mn=sn-5njj-u2xl%2Csn-un57en7e&ms=au%2Crdu&mv=m&mvi=7&pl=16&gcr=tw&initcwndbps=573750&vprv=1&mime=audio%2Fmp4&ns=ovL0Im3IFUr6lE5RV6M6U0YF&gir=yes&clen=2835878&dur=175.066&lmt=1600903179550489&mt=1609919342&fvip=5&keepalive=yes&c=WEB&txp=2311222&n=6-HjhPqXP7_aUaaQ&sparams=expire%2Cei%2Cip%2Cid%2Citag%2Csource%2Crequiressl%2Cgcr%2Cvprv%2Cmime%2Cns%2Cgir%2Cclen%2Cdur%2Clmt&lsparams=mh%2Cmm%2Cmn%2Cms%2Cmv%2Cmvi%2Cpl%2Cinitcwndbps&lsig=AG3C_xAwRQIgFL5LbHJqNcUIywmrHiNcg7gZs3GGzam_civM1_bRln4CIQD6OFD-NPC6K-PifED2qYO8WyzTXfJSUgQI_mdxsWwtlQ%3D%3D&sig=AOq0QJ8wRQIgfmxlfyOIZZ4bInDxlwzGKfmwE0nTUjLeilbHcvTGtrgCIQCWlCKIlHy6OpysV-7cpp1todIwQGRgBonMM6orIRki6g==&ratebypass=yes", "player_url": "/s/player/5dd3f3b2/player_ias.vflset/en_US/base.js", "ext": "m4a", "format_note": "tiny", "acodec": "mp4a.40.2", "abr": 128, "container": "m4a_dash", "asr": 44100, "filesize": 2835878, "fps": null, "height": null, "tbr": 130.944, "width": null, "vcodec": "none", "downloader_options": {"http_chunk_size": 10485760}, "format": "140 - audio only (tiny)", "protocol": "https", "http_headers": {"User-Agent": "Mozilla/5.0 (Windows NT 10.0; Win64; x64) AppleWebKit/537.36 (KHTML, like Gecko) Chrome/72.0.3602.1 Safari/537.36", "Accept-Charset": "ISO-8859-1,utf-8;q=0.7,*;q=0.7", "Accept": "text/html,application/xhtml+xml,application/xml;q=0.9,*/*;q=0.8", "Accept-Encoding": "gzip, deflate", "Accept-Language": "en-us,en;q=0.5"}}, {"format_id": "251", "url": "https://r7---sn-5njj-u2xl.googlevideo.com/videoplayback?expire=1609941099&ei=C2z1X6HGEoa1lQTYp5O4Aw&ip=140.109.134.180&id=o-AJe55eXwJ4O1W-tgY7Xs5WZGm6ts0bSFVcGflW4dTFdP&itag=251&source=youtube&requiressl=yes&mh=Ns&mm=31%2C29&mn=sn-5njj-u2xl%2Csn-un57en7e&ms=au%2Crdu&mv=m&mvi=7&pl=16&gcr=tw&initcwndbps=573750&vprv=1&mime=audio%2Fwebm&ns=ovL0Im3IFUr6lE5RV6M6U0YF&gir=yes&clen=3137709&dur=175.081&lmt=1600903172214440&mt=1609919342&fvip=5&keepalive=yes&c=WEB&txp=2311222&n=6-HjhPqXP7_aUaaQ&sparams=expire%2Cei%2Cip%2Cid%2Citag%2Csource%2Crequiressl%2Cgcr%2Cvprv%2Cmime%2Cns%2Cgir%2Cclen%2Cdur%2Clmt&lsparams=mh%2Cmm%2Cmn%2Cms%2Cmv%2Cmvi%2Cpl%2Cinitcwndbps&lsig=AG3C_xAwRQIhAIS8fJtLrBCrFlIdrAazv6zTRbvEC13syPjHag3pQPXFAiA7GRLd3IT6nl0HxZD4ZljJmMnb7hxMOo7VvmNkCyugQQ%3D%3D&sig=AOq0QJ8wRQIhAJm_qN_lvim0dNxH5dzvS6yaWvhYprJVTRH_H8WTOgI7AiBf0jG-cmAYf8nFmLqLBAHIceuUF4_iAcuRwNFghp7YwA==&ratebypass=yes", "player_url": "/s/player/5dd3f3b2/player_ias.vflset/en_US/base.js", "ext": "webm", "format_note": "tiny", "acodec": "opus", "abr": 160, "asr": 48000, "filesize": 3137709, "fps": null, "height": null, "tbr": 148.909, "width": null, "vcodec": "none", "downloader_options": {"http_chunk_size": 10485760}, "format": "251 - audio only (tiny)", "protocol": "https", "http_headers": {"User-Agent": "Mozilla/5.0 (Windows NT 10.0; Win64; x64) AppleWebKit/537.36 (KHTML, like Gecko) Chrome/72.0.3602.1 Safari/537.36", "Accept-Charset": "ISO-8859-1,utf-8;q=0.7,*;q=0.7", "Accept": "text/html,application/xhtml+xml,application/xml;q=0.9,*/*;q=0.8", "Accept-Encoding": "gzip, deflate", "Accept-Language": "en-us,en;q=0.5"}}, {"format_id": "244", "url": "https://r7---sn-5njj-u2xl.googlevideo.com/videoplayback?expire=1609941099&ei=C2z1X6HGEoa1lQTYp5O4Aw&ip=140.109.134.180&id=o-AJe55eXwJ4O1W-tgY7Xs5WZGm6ts0bSFVcGflW4dTFdP&itag=244&aitags=133%2C134%2C135%2C136%2C137%2C160%2C242%2C243%2C244%2C247%2C248%2C278&source=youtube&requiressl=yes&mh=Ns&mm=31%2C29&mn=sn-5njj-u2xl%2Csn-un57en7e&ms=au%2Crdu&mv=m&mvi=7&pl=16&gcr=tw&initcwndbps=573750&vprv=1&mime=video%2Fwebm&ns=ovL0Im3IFUr6lE5RV6M6U0YF&gir=yes&clen=142392&dur=175.040&lmt=1600903187343483&mt=1609919342&fvip=5&keepalive=yes&c=WEB&txp=2316222&n=6-HjhPqXP7_aUaaQ&sparams=expire%2Cei%2Cip%2Cid%2Caitags%2Csource%2Crequiressl%2Cgcr%2Cvprv%2Cmime%2Cns%2Cgir%2Cclen%2Cdur%2Clmt&lsparams=mh%2Cmm%2Cmn%2Cms%2Cmv%2Cmvi%2Cpl%2Cinitcwndbps&lsig=AG3C_xAwRQIgCFO0324XD1ZSQ_-uvKgREtbLbTc2AiZ3sZPE6mOvgTwCIQCn-rNHPatIK5yWz0AT11-S8bRUCubRMKwJQte6OMTc9g%3D%3D&sig=AOq0QJ8wRAIgT58RJvBtFBfRsGAd5Ep-xegwJS8tUSkjVhbk9TIsfn4CIGkrXdg7hy007yiteEjwMfGhknzuVNIUPM4-wSgOyLk1&ratebypass=yes", "player_url": "/s/player/5dd3f3b2/player_ias.vflset/en_US/base.js", "ext": "webm", "height": 480, "format_note": "480p", "vcodec": "vp9", "asr": null, "filesize": 142392, "fps": 25, "tbr": 7.685, "width": 480, "acodec": "none", "downloader_options": {"http_chunk_size": 10485760}, "format": "244 - 480x480 (480p)", "protocol": "https", "http_headers": {"User-Agent": "Mozilla/5.0 (Windows NT 10.0; Win64; x64) AppleWebKit/537.36 (KHTML, like Gecko) Chrome/72.0.3602.1 Safari/537.36", "Accept-Charset": "ISO-8859-1,utf-8;q=0.7,*;q=0.7", "Accept": "text/html,application/xhtml+xml,application/xml;q=0.9,*/*;q=0.8", "Accept-Encoding": "gzip, deflate", "Accept-Language": "en-us,en;q=0.5"}}, {"format_id": "160", "url": "https://r7---sn-5njj-u2xl.googlevideo.com/videoplayback?expire=1609941099&ei=C2z1X6HGEoa1lQTYp5O4Aw&ip=140.109.134.180&id=o-AJe55eXwJ4O1W-tgY7Xs5WZGm6ts0bSFVcGflW4dTFdP&itag=160&aitags=133%2C134%2C135%2C136%2C137%2C160%2C242%2C243%2C244%2C247%2C248%2C278&source=youtube&requiressl=yes&mh=Ns&mm=31%2C29&mn=sn-5njj-u2xl%2Csn-un57en7e&ms=au%2Crdu&mv=m&mvi=7&pl=16&gcr=tw&initcwndbps=573750&vprv=1&mime=video%2Fmp4&ns=ovL0Im3IFUr6lE5RV6M6U0YF&gir=yes&clen=130281&dur=175.040&lmt=1600903176234802&mt=1609919342&fvip=5&keepalive=yes&c=WEB&txp=2316222&n=6-HjhPqXP7_aUaaQ&sparams=expire%2Cei%2Cip%2Cid%2Caitags%2Csource%2Crequiressl%2Cgcr%2Cvprv%2Cmime%2Cns%2Cgir%2Cclen%2Cdur%2Clmt&lsparams=mh%2Cmm%2Cmn%2Cms%2Cmv%2Cmvi%2Cpl%2Cinitcwndbps&lsig=AG3C_xAwRQIgcOnzRsW0R9eh1JeqhMjV3s2GuV8OyKA2huNRdqqNjekCIQDfqGySRqX6n0DlyVbNaGMhbK_FmFjPYSknEQ4R5RUhJQ%3D%3D&sig=AOq0QJ8wRAIgGMnudWrgZ9F5IxT2g6quQvxQKz6EsjVGOVe047IFbcACIHi8WttjKbT3vaR5Rxrh1zDuH02AML5kJnQZnebEh0Qk&ratebypass=yes", "player_url": "/s/player/5dd3f3b2/player_ias.vflset/en_US/base.js", "ext": "mp4", "height": 144, "format_note": "144p", "vcodec": "avc1.4d400b", "asr": null, "filesize": 130281, "fps": 25, "tbr": 7.748, "width": 144, "acodec": "none", "downloader_options": {"http_chunk_size": 10485760}, "format": "160 - 144x144 (144p)", "protocol": "https", "http_headers": {"User-Agent": "Mozilla/5.0 (Windows NT 10.0; Win64; x64) AppleWebKit/537.36 (KHTML, like Gecko) Chrome/72.0.3602.1 Safari/537.36", "Accept-Charset": "ISO-8859-1,utf-8;q=0.7,*;q=0.7", "Accept": "text/html,application/xhtml+xml,application/xml;q=0.9,*/*;q=0.8", "Accept-Encoding": "gzip, deflate", "Accept-Language": "en-us,en;q=0.5"}}, {"format_id": "242", "url": "https://r7---sn-5njj-u2xl.googlevideo.com/videoplayback?expire=1609941099&ei=C2z1X6HGEoa1lQTYp5O4Aw&ip=140.109.134.180&id=o-AJe55eXwJ4O1W-tgY7Xs5WZGm6ts0bSFVcGflW4dTFdP&itag=242&aitags=133%2C134%2C135%2C136%2C137%2C160%2C242%2C243%2C244%2C247%2C248%2C278&source=youtube&requiressl=yes&mh=Ns&mm=31%2C29&mn=sn-5njj-u2xl%2Csn-un57en7e&ms=au%2Crdu&mv=m&mvi=7&pl=16&gcr=tw&initcwndbps=573750&vprv=1&mime=video%2Fwebm&ns=ovL0Im3IFUr6lE5RV6M6U0YF&gir=yes&clen=147982&dur=175.040&lmt=1600903187341259&mt=1609919342&fvip=5&keepalive=yes&c=WEB&txp=2316222&n=6-HjhPqXP7_aUaaQ&sparams=expire%2Cei%2Cip%2Cid%2Caitags%2Csource%2Crequiressl%2Cgcr%2Cvprv%2Cmime%2Cns%2Cgir%2Cclen%2Cdur%2Clmt&lsparams=mh%2Cmm%2Cmn%2Cms%2Cmv%2Cmvi%2Cpl%2Cinitcwndbps&lsig=AG3C_xAwRAIgVRFDd7L1jvDZVAEGIK6TlPJSfepAbPSVsWvn7trDALECIB2GtRtjQ9e6Xwkswjm84JK7XEkWgOUcuHgM6ljZetv_&sig=AOq0QJ8wRAIgL2mIrbeh4I3Z85UXsQQsZ6Gdw5_zQ_jwpdgtQuHhXhUCIEjkV3QhT_9mKztfwkyRdG3Lzsnvi5yLDluHByVDBkKX&ratebypass=yes", "player_url": "/s/player/5dd3f3b2/player_ias.vflset/en_US/base.js", "ext": "webm", "height": 240, "format_note": "240p", "vcodec": "vp9", "asr": null, "filesize": 147982, "fps": 25, "tbr": 7.932, "width": 240, "acodec": "none", "downloader_options": {"http_chunk_size": 10485760}, "format": "242 - 240x240 (240p)", "protocol": "https", "http_headers": {"User-Agent": "Mozilla/5.0 (Windows NT 10.0; Win64; x64) AppleWebKit/537.36 (KHTML, like Gecko) Chrome/72.0.3602.1 Safari/537.36", "Accept-Charset": "ISO-8859-1,utf-8;q=0.7,*;q=0.7", "Accept": "text/html,application/xhtml+xml,application/xml;q=0.9,*/*;q=0.8", "Accept-Encoding": "gzip, deflate", "Accept-Language": "en-us,en;q=0.5"}}, {"format_id": "278", "url": "https://r7---sn-5njj-u2xl.googlevideo.com/videoplayback?expire=1609941099&ei=C2z1X6HGEoa1lQTYp5O4Aw&ip=140.109.134.180&id=o-AJe55eXwJ4O1W-tgY7Xs5WZGm6ts0bSFVcGflW4dTFdP&itag=278&aitags=133%2C134%2C135%2C136%2C137%2C160%2C242%2C243%2C244%2C247%2C248%2C278&source=youtube&requiressl=yes&mh=Ns&mm=31%2C29&mn=sn-5njj-u2xl%2Csn-un57en7e&ms=au%2Crdu&mv=m&mvi=7&pl=16&gcr=tw&initcwndbps=573750&vprv=1&mime=video%2Fwebm&ns=ovL0Im3IFUr6lE5RV6M6U0YF&gir=yes&clen=158054&dur=175.040&lmt=1600903187343492&mt=1609919342&fvip=5&keepalive=yes&c=WEB&txp=2316222&n=6-HjhPqXP7_aUaaQ&sparams=expire%2Cei%2Cip%2Cid%2Caitags%2Csource%2Crequiressl%2Cgcr%2Cvprv%2Cmime%2Cns%2Cgir%2Cclen%2Cdur%2Clmt&lsparams=mh%2Cmm%2Cmn%2Cms%2Cmv%2Cmvi%2Cpl%2Cinitcwndbps&lsig=AG3C_xAwRQIhAIJBjoSDa3umOHw0skAY_69hrcobbdR-ftO8Caq4EKxFAiBqePwobr5Z_7_xiJE0kSK-3gOF6SGffadLwuyQD7ffJg%3D%3D&sig=AOq0QJ8wRQIgUHjUrtygAj0BRmqyzu-i2V1oje2kfo15jN0Piktdb84CIQDReLJs9AfgGdT_7jnHDCjIBFZJsyQqHDhV3T0pxZTBgQ==&ratebypass=yes", "player_url": "/s/player/5dd3f3b2/player_ias.vflset/en_US/base.js", "ext": "webm", "height": 144, "format_note": "144p", "container": "webm", "vcodec": "vp9", "asr": null, "filesize": 158054, "fps": 25, "tbr": 8.406, "width": 144, "acodec": "none", "downloader_options": {"http_chunk_size": 10485760}, "format": "278 - 144x144 (144p)", "protocol": "https", "http_headers": {"User-Agent": "Mozilla/5.0 (Windows NT 10.0; Win64; x64) AppleWebKit/537.36 (KHTML, like Gecko) Chrome/72.0.3602.1 Safari/537.36", "Accept-Charset": "ISO-8859-1,utf-8;q=0.7,*;q=0.7", "Accept": "text/html,application/xhtml+xml,application/xml;q=0.9,*/*;q=0.8", "Accept-Encoding": "gzip, deflate", "Accept-Language": "en-us,en;q=0.5"}}, {"format_id": "133", "url": "https://r7---sn-5njj-u2xl.googlevideo.com/videoplayback?expire=1609941099&ei=C2z1X6HGEoa1lQTYp5O4Aw&ip=140.109.134.180&id=o-AJe55eXwJ4O1W-tgY7Xs5WZGm6ts0bSFVcGflW4dTFdP&itag=133&aitags=133%2C134%2C135%2C136%2C137%2C160%2C242%2C243%2C244%2C247%2C248%2C278&source=youtube&requiressl=yes&mh=Ns&mm=31%2C29&mn=sn-5njj-u2xl%2Csn-un57en7e&ms=au%2Crdu&mv=m&mvi=7&pl=16&gcr=tw&initcwndbps=573750&vprv=1&mime=video%2Fmp4&ns=ovL0Im3IFUr6lE5RV6M6U0YF&gir=yes&clen=152517&dur=175.040&lmt=1600903176296691&mt=1609919342&fvip=5&keepalive=yes&c=WEB&txp=2316222&n=6-HjhPqXP7_aUaaQ&sparams=expire%2Cei%2Cip%2Cid%2Caitags%2Csource%2Crequiressl%2Cgcr%2Cvprv%2Cmime%2Cns%2Cgir%2Cclen%2Cdur%2Clmt&lsparams=mh%2Cmm%2Cmn%2Cms%2Cmv%2Cmvi%2Cpl%2Cinitcwndbps&lsig=AG3C_xAwRQIgXDS3g7pMHP6p4vystEs2JL5hKifSOsmbq-2OCd4uNdwCIQCYNqFA3K6qOpGx-iDJ0P61cnz7F6HADc-es2KkzGNkjQ%3D%3D&sig=AOq0QJ8wRQIhAOR3NivfObdxf8AfGVq8YTXR_oA_kWb23CQCL60j0BS9AiArGCUUrabTNzEubhNOVue1aDo7cewGvQPp5o3PZO4Ppg==&ratebypass=yes", "player_url": "/s/player/5dd3f3b2/player_ias.vflset/en_US/base.js", "ext": "mp4", "height": 240, "format_note": "240p", "vcodec": "avc1.4d400c", "asr": null, "filesize": 152517, "fps": 25, "tbr": 8.77, "width": 240, "acodec": "none", "downloader_options": {"http_chunk_size": 10485760}, "format": "133 - 240x240 (240p)", "protocol": "https", "http_headers": {"User-Agent": "Mozilla/5.0 (Windows NT 10.0; Win64; x64) AppleWebKit/537.36 (KHTML, like Gecko) Chrome/72.0.3602.1 Safari/537.36", "Accept-Charset": "ISO-8859-1,utf-8;q=0.7,*;q=0.7", "Accept": "text/html,application/xhtml+xml,application/xml;q=0.9,*/*;q=0.8", "Accept-Encoding": "gzip, deflate", "Accept-Language": "en-us,en;q=0.5"}}, {"format_id": "243", "url": "https://r7---sn-5njj-u2xl.googlevideo.com/videoplayback?expire=1609941099&ei=C2z1X6HGEoa1lQTYp5O4Aw&ip=140.109.134.180&id=o-AJe55eXwJ4O1W-tgY7Xs5WZGm6ts0bSFVcGflW4dTFdP&itag=243&aitags=133%2C134%2C135%2C136%2C137%2C160%2C242%2C243%2C244%2C247%2C248%2C278&source=youtube&requiressl=yes&mh=Ns&mm=31%2C29&mn=sn-5njj-u2xl%2Csn-un57en7e&ms=au%2Crdu&mv=m&mvi=7&pl=16&gcr=tw&initcwndbps=573750&vprv=1&mime=video%2Fwebm&ns=ovL0Im3IFUr6lE5RV6M6U0YF&gir=yes&clen=196180&dur=175.040&lmt=1600903187346009&mt=1609919342&fvip=5&keepalive=yes&c=WEB&txp=2316222&n=6-HjhPqXP7_aUaaQ&sparams=expire%2Cei%2Cip%2Cid%2Caitags%2Csource%2Crequiressl%2Cgcr%2Cvprv%2Cmime%2Cns%2Cgir%2Cclen%2Cdur%2Clmt&lsparams=mh%2Cmm%2Cmn%2Cms%2Cmv%2Cmvi%2Cpl%2Cinitcwndbps&lsig=AG3C_xAwRAIgPfgAitkSZHE98I_y787YN4hDlnVCwHsXPlikv08FWXQCIHFuNtQWfgJIT7rdOJskyniYccPyO4mrF_6qSDd_kFw-&sig=AOq0QJ8wRQIhAJ2_RyWe-D7Sz-Vc147D3uNR3xkCBjX36BU0XZ2autdWAiBuZTqfjJEE9XRHbATv6ByeJv-6c9r2eZNTjZuA5xWleA==&ratebypass=yes", "player_url": "/s/player/5dd3f3b2/player_ias.vflset/en_US/base.js", "ext": "webm", "height": 360, "format_note": "360p", "vcodec": "vp9", "asr": null, "filesize": 196180, "fps": 25, "tbr": 9.95, "width": 360, "acodec": "none", "downloader_options": {"http_chunk_size": 10485760}, "format": "243 - 360x360 (360p)", "protocol": "https", "http_headers": {"User-Agent": "Mozilla/5.0 (Windows NT 10.0; Win64; x64) AppleWebKit/537.36 (KHTML, like Gecko) Chrome/72.0.3602.1 Safari/537.36", "Accept-Charset": "ISO-8859-1,utf-8;q=0.7,*;q=0.7", "Accept": "text/html,application/xhtml+xml,application/xml;q=0.9,*/*;q=0.8", "Accept-Encoding": "gzip, deflate", "Accept-Language": "en-us,en;q=0.5"}}, {"format_id": "134", "url": "https://r7---sn-5njj-u2xl.googlevideo.com/videoplayback?expire=1609941099&ei=C2z1X6HGEoa1lQTYp5O4Aw&ip=140.109.134.180&id=o-AJe55eXwJ4O1W-tgY7Xs5WZGm6ts0bSFVcGflW4dTFdP&itag=134&aitags=133%2C134%2C135%2C136%2C137%2C160%2C242%2C243%2C244%2C247%2C248%2C278&source=youtube&requiressl=yes&mh=Ns&mm=31%2C29&mn=sn-5njj-u2xl%2Csn-un57en7e&ms=au%2Crdu&mv=m&mvi=7&pl=16&gcr=tw&initcwndbps=573750&vprv=1&mime=video%2Fmp4&ns=ovL0Im3IFUr6lE5RV6M6U0YF&gir=yes&clen=226441&dur=175.040&lmt=1600903176217935&mt=1609919342&fvip=5&keepalive=yes&c=WEB&txp=2316222&n=6-HjhPqXP7_aUaaQ&sparams=expire%2Cei%2Cip%2Cid%2Caitags%2Csource%2Crequiressl%2Cgcr%2Cvprv%2Cmime%2Cns%2Cgir%2Cclen%2Cdur%2Clmt&lsparams=mh%2Cmm%2Cmn%2Cms%2Cmv%2Cmvi%2Cpl%2Cinitcwndbps&lsig=AG3C_xAwRQIgV_RBo8bkiUwsooEe2WvTYahd1Sr471R81ATwgoNzeewCIQD9wfJcSDA2Q81FvVdUHBG9WMQXVjV0NKWEt5pIv1infA%3D%3D&sig=AOq0QJ8wRQIgD9mRoUBEhj2lqx5x4m6TUUYJHmFur9-5UGU0Rn3RwW8CIQD6F2_AtrDgg4_BkaGRsjb0N1R1x7Ss4zFsASw0qcb8Gg==&ratebypass=yes", "player_url": "/s/player/5dd3f3b2/player_ias.vflset/en_US/base.js", "ext": "mp4", "height": 360, "format_note": "360p", "vcodec": "avc1.4d4015", "asr": null, "filesize": 226441, "fps": 25, "tbr": 12.146, "width": 360, "acodec": "none", "downloader_options": {"http_chunk_size": 10485760}, "format": "134 - 360x360 (360p)", "protocol": "https", "http_headers": {"User-Agent": "Mozilla/5.0 (Windows NT 10.0; Win64; x64) AppleWebKit/537.36 (KHTML, like Gecko) Chrome/72.0.3602.1 Safari/537.36", "Accept-Charset": "ISO-8859-1,utf-8;q=0.7,*;q=0.7", "Accept": "text/html,application/xhtml+xml,application/xml;q=0.9,*/*;q=0.8", "Accept-Encoding": "gzip, deflate", "Accept-Language": "en-us,en;q=0.5"}}, {"format_id": "247", "url": "https://r7---sn-5njj-u2xl.googlevideo.com/videoplayback?expire=1609941099&ei=C2z1X6HGEoa1lQTYp5O4Aw&ip=140.109.134.180&id=o-AJe55eXwJ4O1W-tgY7Xs5WZGm6ts0bSFVcGflW4dTFdP&itag=247&aitags=133%2C134%2C135%2C136%2C137%2C160%2C242%2C243%2C244%2C247%2C248%2C278&source=youtube&requiressl=yes&mh=Ns&mm=31%2C29&mn=sn-5njj-u2xl%2Csn-un57en7e&ms=au%2Crdu&mv=m&mvi=7&pl=16&gcr=tw&initcwndbps=573750&vprv=1&mime=video%2Fwebm&ns=ovL0Im3IFUr6lE5RV6M6U0YF&gir=yes&clen=249440&dur=175.040&lmt=1600903187341627&mt=1609919342&fvip=5&keepalive=yes&c=WEB&txp=2316222&n=6-HjhPqXP7_aUaaQ&sparams=expire%2Cei%2Cip%2Cid%2Caitags%2Csource%2Crequiressl%2Cgcr%2Cvprv%2Cmime%2Cns%2Cgir%2Cclen%2Cdur%2Clmt&lsparams=mh%2Cmm%2Cmn%2Cms%2Cmv%2Cmvi%2Cpl%2Cinitcwndbps&lsig=AG3C_xAwRgIhAMzkJUDc6kVQeaFchVt1zOPm_WGJOFo1y14e-ct_3PviAiEAxV_aiutSlJAVE9BW0FGLrfCngxi52yO63gUsGroKgtU%3D&sig=AOq0QJ8wRQIhAIEvBu-89HerrJ8xL8KlLT1iSvbYxI1SNkZjrC_hBEluAiAQbqtf4M4_0qyDqiQ5ppgblAhryJkB-pyOoZakYra6xg==&ratebypass=yes", "player_url": "/s/player/5dd3f3b2/player_ias.vflset/en_US/base.js", "ext": "webm", "height": 720, "format_note": "720p", "vcodec": "vp9", "asr": null, "filesize": 249440, "fps": 25, "tbr": 12.598, "width": 720, "acodec": "none", "downloader_options": {"http_chunk_size": 10485760}, "format": "247 - 720x720 (720p)", "protocol": "https", "http_headers": {"User-Agent": "Mozilla/5.0 (Windows NT 10.0; Win64; x64) AppleWebKit/537.36 (KHTML, like Gecko) Chrome/72.0.3602.1 Safari/537.36", "Accept-Charset": "ISO-8859-1,utf-8;q=0.7,*;q=0.7", "Accept": "text/html,application/xhtml+xml,application/xml;q=0.9,*/*;q=0.8", "Accept-Encoding": "gzip, deflate", "Accept-Language": "en-us,en;q=0.5"}}, {"format_id": "135", "url": "https://r7---sn-5njj-u2xl.googlevideo.com/videoplayback?expire=1609941099&ei=C2z1X6HGEoa1lQTYp5O4Aw&ip=140.109.134.180&id=o-AJe55eXwJ4O1W-tgY7Xs5WZGm6ts0bSFVcGflW4dTFdP&itag=135&aitags=133%2C134%2C135%2C136%2C137%2C160%2C242%2C243%2C244%2C247%2C248%2C278&source=youtube&requiressl=yes&mh=Ns&mm=31%2C29&mn=sn-5njj-u2xl%2Csn-un57en7e&ms=au%2Crdu&mv=m&mvi=7&pl=16&gcr=tw&initcwndbps=573750&vprv=1&mime=video%2Fmp4&ns=ovL0Im3IFUr6lE5RV6M6U0YF&gir=yes&clen=293910&dur=175.040&lmt=1600903176218310&mt=1609919342&fvip=5&keepalive=yes&c=WEB&txp=2316222&n=6-HjhPqXP7_aUaaQ&sparams=expire%2Cei%2Cip%2Cid%2Caitags%2Csource%2Crequiressl%2Cgcr%2Cvprv%2Cmime%2Cns%2Cgir%2Cclen%2Cdur%2Clmt&lsparams=mh%2Cmm%2Cmn%2Cms%2Cmv%2Cmvi%2Cpl%2Cinitcwndbps&lsig=AG3C_xAwRQIhAJjezpvlpR57jLsJQiPMNxGkJDAatoAxZXSBJjYIDl0HAiBlPpxNrk1wQSobXk0IVdiC9mAcT3Hd2dgIGgQMjO08vw%3D%3D&sig=AOq0QJ8wRgIhAMTLLPLEverymVyLZ6JnC28S8RpFKXEYdxefVVuu64UMAiEAvHkcG8Q-akb3DMeFBKnz0ypu7X3tRP127OM4_YXjVE8=&ratebypass=yes", "player_url": "/s/player/5dd3f3b2/player_ias.vflset/en_US/base.js", "ext": "mp4", "height": 480, "format_note": "480p", "vcodec": "avc1.4d401e", "asr": null, "filesize": 293910, "fps": 25, "tbr": 15.243, "width": 480, "acodec": "none", "downloader_options": {"http_chunk_size": 10485760}, "format": "135 - 480x480 (480p)", "protocol": "https", "http_headers": {"User-Agent": "Mozilla/5.0 (Windows NT 10.0; Win64; x64) AppleWebKit/537.36 (KHTML, like Gecko) Chrome/72.0.3602.1 Safari/537.36", "Accept-Charset": "ISO-8859-1,utf-8;q=0.7,*;q=0.7", "Accept": "text/html,application/xhtml+xml,application/xml;q=0.9,*/*;q=0.8", "Accept-Encoding": "gzip, deflate", "Accept-Language": "en-us,en;q=0.5"}}, {"format_id": "136", "url": "https://r7---sn-5njj-u2xl.googlevideo.com/videoplayback?expire=1609941099&ei=C2z1X6HGEoa1lQTYp5O4Aw&ip=140.109.134.180&id=o-AJe55eXwJ4O1W-tgY7Xs5WZGm6ts0bSFVcGflW4dTFdP&itag=136&aitags=133%2C134%2C135%2C136%2C137%2C160%2C242%2C243%2C244%2C247%2C248%2C278&source=youtube&requiressl=yes&mh=Ns&mm=31%2C29&mn=sn-5njj-u2xl%2Csn-un57en7e&ms=au%2Crdu&mv=m&mvi=7&pl=16&gcr=tw&initcwndbps=573750&vprv=1&mime=video%2Fmp4&ns=ovL0Im3IFUr6lE5RV6M6U0YF&gir=yes&clen=568511&dur=175.040&lmt=1600903176302783&mt=1609919342&fvip=5&keepalive=yes&c=WEB&txp=2316222&n=6-HjhPqXP7_aUaaQ&sparams=expire%2Cei%2Cip%2Cid%2Caitags%2Csource%2Crequiressl%2Cgcr%2Cvprv%2Cmime%2Cns%2Cgir%2Cclen%2Cdur%2Clmt&lsparams=mh%2Cmm%2Cmn%2Cms%2Cmv%2Cmvi%2Cpl%2Cinitcwndbps&lsig=AG3C_xAwRAIgNrlzKoMsQ-IK5pCWGPFZNIydnozVke27Gvmtsk00SYkCIEre3LlYGDWpa-a_xwtig6RxK3epw7n8sa49XI4zBc01&sig=AOq0QJ8wRQIhANWMFpsx6qRojWMgM-mA7Yz4wD5Ccd3Wgx_J_IYix43HAiAaZZMVcdRY10-ZpiZNkJ1b5VWy40cj2GdCzGQVPzyFzg==&ratebypass=yes", "player_url": "/s/player/5dd3f3b2/player_ias.vflset/en_US/base.js", "ext": "mp4", "height": 720, "format_note": "720p", "vcodec": "avc1.64001f", "asr": null, "filesize": 568511, "fps": 25, "tbr": 27.715, "width": 720, "acodec": "none", "downloader_options": {"http_chunk_size": 10485760}, "format": "136 - 720x720 (720p)", "protocol": "https", "http_headers": {"User-Agent": "Mozilla/5.0 (Windows NT 10.0; Win64; x64) AppleWebKit/537.36 (KHTML, like Gecko) Chrome/72.0.3602.1 Safari/537.36", "Accept-Charset": "ISO-8859-1,utf-8;q=0.7,*;q=0.7", "Accept": "text/html,application/xhtml+xml,application/xml;q=0.9,*/*;q=0.8", "Accept-Encoding": "gzip, deflate", "Accept-Language": "en-us,en;q=0.5"}}, {"format_id": "248", "url": "https://r7---sn-5njj-u2xl.googlevideo.com/videoplayback?expire=1609941099&ei=C2z1X6HGEoa1lQTYp5O4Aw&ip=140.109.134.180&id=o-AJe55eXwJ4O1W-tgY7Xs5WZGm6ts0bSFVcGflW4dTFdP&itag=248&aitags=133%2C134%2C135%2C136%2C137%2C160%2C242%2C243%2C244%2C247%2C248%2C278&source=youtube&requiressl=yes&mh=Ns&mm=31%2C29&mn=sn-5njj-u2xl%2Csn-un57en7e&ms=au%2Crdu&mv=m&mvi=7&pl=16&gcr=tw&initcwndbps=573750&vprv=1&mime=video%2Fwebm&ns=ovL0Im3IFUr6lE5RV6M6U0YF&gir=yes&clen=774008&dur=175.040&lmt=1600903187340836&mt=1609919342&fvip=5&keepalive=yes&c=WEB&txp=2316222&n=6-HjhPqXP7_aUaaQ&sparams=expire%2Cei%2Cip%2Cid%2Caitags%2Csource%2Crequiressl%2Cgcr%2Cvprv%2Cmime%2Cns%2Cgir%2Cclen%2Cdur%2Clmt&lsparams=mh%2Cmm%2Cmn%2Cms%2Cmv%2Cmvi%2Cpl%2Cinitcwndbps&lsig=AG3C_xAwRgIhAI9Au9eC9OKAV0S7BDfHLvXJVXTS7ICngm_FMYuC8kGFAiEAoPZnJjIb_QFHNInD9nlJ0lze_ucSE15tymDYhqc7mXs%3D&sig=AOq0QJ8wRgIhAKAHwT2U2hVKDCccYL2iNndL_G0iUf-Ux-GH9qFWx4z5AiEArDPJhyVOkznVnkZO5JBUuxd_RuRhSrhfjTsqYY53uXE=&ratebypass=yes", "player_url": "/s/player/5dd3f3b2/player_ias.vflset/en_US/base.js", "ext": "webm", "height": 1080, "format_note": "1080p", "vcodec": "vp9", "asr": null, "filesize": 774008, "fps": 25, "tbr": 35.723, "width": 1080, "acodec": "none", "downloader_options": {"http_chunk_size": 10485760}, "format": "248 - 1080x1080 (1080p)", "protocol": "https", "http_headers": {"User-Agent": "Mozilla/5.0 (Windows NT 10.0; Win64; x64) AppleWebKit/537.36 (KHTML, like Gecko) Chrome/72.0.3602.1 Safari/537.36", "Accept-Charset": "ISO-8859-1,utf-8;q=0.7,*;q=0.7", "Accept": "text/html,application/xhtml+xml,application/xml;q=0.9,*/*;q=0.8", "Accept-Encoding": "gzip, deflate", "Accept-Language": "en-us,en;q=0.5"}}, {"format_id": "137", "url": "https://r7---sn-5njj-u2xl.googlevideo.com/videoplayback?expire=1609941099&ei=C2z1X6HGEoa1lQTYp5O4Aw&ip=140.109.134.180&id=o-AJe55eXwJ4O1W-tgY7Xs5WZGm6ts0bSFVcGflW4dTFdP&itag=137&aitags=133%2C134%2C135%2C136%2C137%2C160%2C242%2C243%2C244%2C247%2C248%2C278&source=youtube&requiressl=yes&mh=Ns&mm=31%2C29&mn=sn-5njj-u2xl%2Csn-un57en7e&ms=au%2Crdu&mv=m&mvi=7&pl=16&gcr=tw&initcwndbps=573750&vprv=1&mime=video%2Fmp4&ns=ovL0Im3IFUr6lE5RV6M6U0YF&gir=yes&clen=1553844&dur=175.040&lmt=1600903176218586&mt=1609919342&fvip=5&keepalive=yes&c=WEB&txp=2316222&n=6-HjhPqXP7_aUaaQ&sparams=expire%2Cei%2Cip%2Cid%2Caitags%2Csource%2Crequiressl%2Cgcr%2Cvprv%2Cmime%2Cns%2Cgir%2Cclen%2Cdur%2Clmt&lsparams=mh%2Cmm%2Cmn%2Cms%2Cmv%2Cmvi%2Cpl%2Cinitcwndbps&lsig=AG3C_xAwRQIhAKgr5cfd-g79LmpRkE5nIGM6iby6NPAUUMxUbqqdrsUdAiBjxKaX-UZ0sFcssmSNMKYpyaE175FjhbzbLGwjag-BPA%3D%3D&sig=AOq0QJ8wRQIhAJhrs-dNfF71AssIwKfnNGfMsGu0B4rX7R-_WzHUWeu1AiAm-X5kZpJWqNHo0c2FWxA7_Vo5x8WxC5QD_9U5DPnBlg==&ratebypass=yes", "player_url": "/s/player/5dd3f3b2/player_ias.vflset/en_US/base.js", "ext": "mp4", "height": 1080, "format_note": "1080p", "vcodec": "avc1.640020", "asr": null, "filesize": 1553844, "fps": 25, "tbr": 72.857, "width": 1080, "acodec": "none", "downloader_options": {"http_chunk_size": 10485760}, "format": "137 - 1080x1080 (1080p)", "protocol": "https", "http_headers": {"User-Agent": "Mozilla/5.0 (Windows NT 10.0; Win64; x64) AppleWebKit/537.36 (KHTML, like Gecko) Chrome/72.0.3602.1 Safari/537.36", "Accept-Charset": "ISO-8859-1,utf-8;q=0.7,*;q=0.7", "Accept": "text/html,application/xhtml+xml,application/xml;q=0.9,*/*;q=0.8", "Accept-Encoding": "gzip, deflate", "Accept-Language": "en-us,en;q=0.5"}}, {"format_id": "18", "url": "https://r7---sn-5njj-u2xl.googlevideo.com/videoplayback?expire=1609941099&ei=C2z1X6HGEoa1lQTYp5O4Aw&ip=140.109.134.180&id=o-AJe55eXwJ4O1W-tgY7Xs5WZGm6ts0bSFVcGflW4dTFdP&itag=18&source=youtube&requiressl=yes&mh=Ns&mm=31%2C29&mn=sn-5njj-u2xl%2Csn-un57en7e&ms=au%2Crdu&mv=m&mvi=7&pl=16&gcr=tw&initcwndbps=573750&vprv=1&mime=video%2Fmp4&ns=cTx5Z-kZOifmLfFMRcpnBKUF&gir=yes&clen=2342658&ratebypass=yes&dur=175.124&lmt=1600903165419564&mt=1609919342&fvip=5&c=WEB&txp=2310222&n=A_by_tPAmm95wB2W&sparams=expire%2Cei%2Cip%2Cid%2Citag%2Csource%2Crequiressl%2Cgcr%2Cvprv%2Cmime%2Cns%2Cgir%2Cclen%2Cratebypass%2Cdur%2Clmt&lsparams=mh%2Cmm%2Cmn%2Cms%2Cmv%2Cmvi%2Cpl%2Cinitcwndbps&lsig=AG3C_xAwRgIhAI3BAySC2Wxd7qHe7nyzc8rp4gQo1Du3rD57ImO2A_rTAiEApbJdsd_spXBbokHCtTSfIXoHg-r5_zQVJty4o0YIy14%3D&sig=AOq0QJ8wRQIgYTnUmQsmZeiubUeju-LbsvkdZaQSYcnRVBWxkf0w578CIQCygwo-5g80C4g1__vebOCXuq_PEiA2Wst964vfaXECJQ==", "player_url": "/s/player/5dd3f3b2/player_ias.vflset/en_US/base.js", "ext": "mp4", "width": 360, "height": 360, "acodec": "mp4a.40.2", "abr": 96, "vcodec": "avc1.42001E", "asr": 44100, "filesize": 2342658, "format_note": "360p", "fps": 25, "tbr": 107.068, "format": "18 - 360x360 (360p)", "protocol": "https", "http_headers": {"User-Agent": "Mozilla/5.0 (Windows NT 10.0; Win64; x64) AppleWebKit/537.36 (KHTML, like Gecko) Chrome/72.0.3602.1 Safari/537.36", "Accept-Charset": "ISO-8859-1,utf-8;q=0.7,*;q=0.7", "Accept": "text/html,application/xhtml+xml,application/xml;q=0.9,*/*;q=0.8", "Accept-Encoding": "gzip, deflate", "Accept-Language": "en-us,en;q=0.5"}}], "is_live": null, "start_time": null, "end_time": null, "series": null, "season_number": null, "episode_number": null, "track": "vertra\u0308umt", "artist": "Friedrich Hauser", "album": "schlaflos", "release_date": "20200925", "release_year": 2020, "extractor": "youtube", "webpage_url_basename": "watch", "extractor_key": "Youtube", "playlist": null, "playlist_index": null, "thumbnail": "https://i.ytimg.com/vi_webp/Y1F0c3zgMJo/maxresdefault.webp", "display_id": "Y1F0c3zgMJo", "requested_subtitles": null, "format_id": "251", "url": "https://r7---sn-5njj-u2xl.googlevideo.com/videoplayback?expire=1609941099&ei=C2z1X6HGEoa1lQTYp5O4Aw&ip=140.109.134.180&id=o-AJe55eXwJ4O1W-tgY7Xs5WZGm6ts0bSFVcGflW4dTFdP&itag=251&source=youtube&requiressl=yes&mh=Ns&mm=31%2C29&mn=sn-5njj-u2xl%2Csn-un57en7e&ms=au%2Crdu&mv=m&mvi=7&pl=16&gcr=tw&initcwndbps=573750&vprv=1&mime=audio%2Fwebm&ns=ovL0Im3IFUr6lE5RV6M6U0YF&gir=yes&clen=3137709&dur=175.081&lmt=1600903172214440&mt=1609919342&fvip=5&keepalive=yes&c=WEB&txp=2311222&n=6-HjhPqXP7_aUaaQ&sparams=expire%2Cei%2Cip%2Cid%2Citag%2Csource%2Crequiressl%2Cgcr%2Cvprv%2Cmime%2Cns%2Cgir%2Cclen%2Cdur%2Clmt&lsparams=mh%2Cmm%2Cmn%2Cms%2Cmv%2Cmvi%2Cpl%2Cinitcwndbps&lsig=AG3C_xAwRQIhAIS8fJtLrBCrFlIdrAazv6zTRbvEC13syPjHag3pQPXFAiA7GRLd3IT6nl0HxZD4ZljJmMnb7hxMOo7VvmNkCyugQQ%3D%3D&sig=AOq0QJ8wRQIhAJm_qN_lvim0dNxH5dzvS6yaWvhYprJVTRH_H8WTOgI7AiBf0jG-cmAYf8nFmLqLBAHIceuUF4_iAcuRwNFghp7YwA==&ratebypass=yes", "player_url": "/s/player/5dd3f3b2/player_ias.vflset/en_US/base.js", "ext": "webm", "format_note": "tiny", "acodec": "opus", "abr": 160, "asr": 48000, "filesize": 3137709, "fps": null, "height": null, "tbr": 148.909, "width": null, "vcodec": "none", "downloader_options": {"http_chunk_size": 10485760}, "format": "251 - audio only (tiny)", "protocol": "https", "http_headers": {"User-Agent": "Mozilla/5.0 (Windows NT 10.0; Win64; x64) AppleWebKit/537.36 (KHTML, like Gecko) Chrome/72.0.3602.1 Safari/537.36", "Accept-Charset": "ISO-8859-1,utf-8;q=0.7,*;q=0.7", "Accept": "text/html,application/xhtml+xml,application/xml;q=0.9,*/*;q=0.8", "Accept-Encoding": "gzip, deflate", "Accept-Language": "en-us,en;q=0.5"}}